year,series,value,unit,source,method
1900,C,2.890339563554062,trillion 2011 intl USD,maddison2023+pwt1001,reconstructed
1901,C,2.996414192382569,trillion 2011 intl USD,maddison2023+pwt1001,reconstructed
1902,C,3.053586625605033,trillion 2011 intl USD,maddison2023+pwt1001,reconstructed
1903,C,3.1528121137068714,trillion 2011 intl USD,maddison2023+pwt1001,reconstructed
1904,C,3.1787180065944765,trillion 2011 intl USD,maddison2023+pwt1001,reconstructed
1905,C,3.285733411095884,trillion 2011 intl USD,maddison2023+pwt1001,reconstructed
1906,C,3.488486936976396,trillion 2011 intl USD,maddison2023+pwt1001,reconstructed
1907,C,3.542333140795969,trillion 2011 intl USD,maddison2023+pwt1001,reconstructed
1908,C,3.4591723655739677,trillion 2011 intl USD,maddison2023+pwt1001,reconstructed
1909,C,3.68335057294997,trillion 2011 intl USD,maddison2023+pwt1001,reconstructed
1910,C,3.723469616270195,trillion 2011 intl USD,maddison2023+pwt1001,reconstructed
1911,C,3.838566968627136,trillion 2011 intl USD,maddison2023+pwt1001,reconstructed
1912,C,3.9579179581194923,trillion 2011 intl USD,maddison2023+pwt1001,reconstructed
1913,C,4.046877007692304,trillion 2011 intl USD,maddison2023+pwt1001,reconstructed
1914,C,3.8297583530013934,trillion 2011 intl USD,maddison2023+pwt1001,reconstructed
1915,C,3.852349183863963,trillion 2011 intl USD,maddison2023+pwt1001,reconstructed
1916,C,4.110373119908673,trillion 2011 intl USD,maddison2023+pwt1001,reconstructed
1917,C,4.006591261084395,trillion 2011 intl USD,maddison2023+pwt1001,reconstructed
1918,C,3.9885603143788977,trillion 2011 intl USD,maddison2023+pwt1001,reconstructed
1919,C,3.973191906956628,trillion 2011 intl USD,maddison2023+pwt1001,reconstructed
1920,C,3.980279870883599,trillion 2011 intl USD,maddison2023+pwt1001,reconstructed
1921,C,3.9796589288548794,trillion 2011 intl USD,maddison2023+pwt1001,reconstructed
1922,C,4.253769705409542,trillion 2011 intl USD,maddison2023+pwt1001,reconstructed
1923,C,4.434463503444196,trillion 2011 intl USD,maddison2023+pwt1001,reconstructed
1924,C,4.659108639809833,trillion 2011 intl USD,maddison2023+pwt1001,reconstructed
1925,C,4.821616002477615,trillion 2011 intl USD,maddison2023+pwt1001,reconstructed
1926,C,4.971647565719506,trillion 2011 intl USD,maddison2023+pwt1001,reconstructed
1927,C,5.100573935616703,trillion 2011 intl USD,maddison2023+pwt1001,reconstructed
1928,C,5.2492114843507265,trillion 2011 intl USD,maddison2023+pwt1001,reconstructed
1929,C,5.454411344888933,trillion 2011 intl USD,maddison2023+pwt1001,reconstructed
1930,C,5.190292161225946,trillion 2011 intl USD,maddison2023+pwt1001,reconstructed
1931,C,4.933218360607368,trillion 2011 intl USD,maddison2023+pwt1001,reconstructed
1932,C,4.643282758751638,trillion 2011 intl USD,maddison2023+pwt1001,reconstructed
1933,C,4.712802168537512,trillion 2011 intl USD,maddison2023+pwt1001,reconstructed
1934,C,4.9469940951349765,trillion 2011 intl USD,maddison2023+pwt1001,reconstructed
1935,C,5.232992919655207,trillion 2011 intl USD,maddison2023+pwt1001,reconstructed
1936,C,5.512987342382128,trillion 2011 intl USD,maddison2023+pwt1001,reconstructed
1937,C,5.799599364574639,trillion 2011 intl USD,maddison2023+pwt1001,reconstructed
1938,C,5.789009570793283,trillion 2011 intl USD,maddison2023+pwt1001,reconstructed
1939,C,6.143932388700037,trillion 2011 intl USD,maddison2023+pwt1001,reconstructed
1940,C,6.308204834848839,trillion 2011 intl USD,maddison2023+pwt1001,reconstructed
1941,C,6.634423888692693,trillion 2011 intl USD,maddison2023+pwt1001,reconstructed
1942,C,6.838734325764199,trillion 2011 intl USD,maddison2023+pwt1001,reconstructed
1943,C,7.058665247833115,trillion 2011 intl USD,maddison2023+pwt1001,reconstructed
1944,C,7.140268793535162,trillion 2011 intl USD,maddison2023+pwt1001,reconstructed
1945,C,6.599167249378829,trillion 2011 intl USD,maddison2023+pwt1001,reconstructed
1946,C,6.129077444971346,trillion 2011 intl USD,maddison2023+pwt1001,reconstructed
1947,C,6.122580472514255,trillion 2011 intl USD,maddison2023+pwt1001,reconstructed
1948,C,6.417152029380139,trillion 2011 intl USD,maddison2023+pwt1001,reconstructed
1949,C,6.552616751427426,trillion 2011 intl USD,maddison2023+pwt1001,reconstructed
1950,C,6.6839155524401175,trillion 2011 intl USD,maddison2023+pwt1001,aggregated
1951,C,6.960109334297566,trillion 2011 intl USD,maddison2023+pwt1001,aggregated
1952,C,7.410504327673966,trillion 2011 intl USD,maddison2023+pwt1001,aggregated
1953,C,7.80911259816432,trillion 2011 intl USD,maddison2023+pwt1001,aggregated
1954,C,7.989456948850917,trillion 2011 intl USD,maddison2023+pwt1001,aggregated
1955,C,8.39592478113553,trillion 2011 intl USD,maddison2023+pwt1001,aggregated
1956,C,8.733311156714272,trillion 2011 intl USD,maddison2023+pwt1001,aggregated
1957,C,9.022699897922116,trillion 2011 intl USD,maddison2023+pwt1001,aggregated
1958,C,9.299675354437255,trillion 2011 intl USD,maddison2023+pwt1001,aggregated
1959,C,9.545584787024913,trillion 2011 intl USD,maddison2023+pwt1001,aggregated
1960,C,10.03152023266076,trillion 2011 intl USD,maddison2023+pwt1001,aggregated
1961,C,10.480139019304444,trillion 2011 intl USD,maddison2023+pwt1001,aggregated
1962,C,11.082520507723729,trillion 2011 intl USD,maddison2023+pwt1001,aggregated
1963,C,11.535546785639731,trillion 2011 intl USD,maddison2023+pwt1001,aggregated
1964,C,12.225207465799167,trillion 2011 intl USD,maddison2023+pwt1001,aggregated
1965,C,12.804514394321842,trillion 2011 intl USD,maddison2023+pwt1001,aggregated
1966,C,13.437945455402703,trillion 2011 intl USD,maddison2023+pwt1001,aggregated
1967,C,14.12291945526832,trillion 2011 intl USD,maddison2023+pwt1001,aggregated
1968,C,14.846155457304032,trillion 2011 intl USD,maddison2023+pwt1001,aggregated
1969,C,15.548199765038907,trillion 2011 intl USD,maddison2023+pwt1001,aggregated
1970,C,16.162539932944004,trillion 2011 intl USD,maddison2023+pwt1001,aggregated
1971,C,16.89642136267984,trillion 2011 intl USD,maddison2023+pwt1001,aggregated
1972,C,17.734203592765137,trillion 2011 intl USD,maddison2023+pwt1001,aggregated
1973,C,18.629668143837808,trillion 2011 intl USD,maddison2023+pwt1001,aggregated
1974,C,19.020835144346663,trillion 2011 intl USD,maddison2023+pwt1001,aggregated
1975,C,19.730855028647383,trillion 2011 intl USD,maddison2023+pwt1001,aggregated
1976,C,20.4098176698453,trillion 2011 intl USD,maddison2023+pwt1001,aggregated
1977,C,21.13457956966266,trillion 2011 intl USD,maddison2023+pwt1001,aggregated
1978,C,21.96455296479222,trillion 2011 intl USD,maddison2023+pwt1001,aggregated
1979,C,22.7454009203409,trillion 2011 intl USD,maddison2023+pwt1001,aggregated
1980,C,23.375653282902995,trillion 2011 intl USD,maddison2023+pwt1001,aggregated
1981,C,23.93299588494029,trillion 2011 intl USD,maddison2023+pwt1001,aggregated
1982,C,24.67469303126451,trillion 2011 intl USD,maddison2023+pwt1001,aggregated
1983,C,25.620966055247823,trillion 2011 intl USD,maddison2023+pwt1001,aggregated
1984,C,26.54599126867681,trillion 2011 intl USD,maddison2023+pwt1001,aggregated
1985,C,27.452095467979586,trillion 2011 intl USD,maddison2023+pwt1001,aggregated
1986,C,28.586072417282526,trillion 2011 intl USD,maddison2023+pwt1001,aggregated
1987,C,29.554420033830954,trillion 2011 intl USD,maddison2023+pwt1001,aggregated
1988,C,30.494132755788243,trillion 2011 intl USD,maddison2023+pwt1001,aggregated
1989,C,31.414669990872568,trillion 2011 intl USD,maddison2023+pwt1001,aggregated
1990,C,31.96803015017423,trillion 2011 intl USD,maddison2023+pwt1001,aggregated
1991,C,32.66005559189396,trillion 2011 intl USD,maddison2023+pwt1001,aggregated
1992,C,33.36019395508171,trillion 2011 intl USD,maddison2023+pwt1001,aggregated
1993,C,34.466492270208995,trillion 2011 intl USD,maddison2023+pwt1001,aggregated
1994,C,35.641889891790015,trillion 2011 intl USD,maddison2023+pwt1001,aggregated
1995,C,36.97297296073872,trillion 2011 intl USD,maddison2023+pwt1001,aggregated
1996,C,38.62841190069177,trillion 2011 intl USD,maddison2023+pwt1001,aggregated
1997,C,40.20422098672955,trillion 2011 intl USD,maddison2023+pwt1001,aggregated
1998,C,41.554852492756254,trillion 2011 intl USD,maddison2023+pwt1001,aggregated
1999,C,43.22840586191419,trillion 2011 intl USD,maddison2023+pwt1001,aggregated
2000,C,45.1537659669736,trillion 2011 intl USD,maddison2023+pwt1001,aggregated
2001,C,46.73347094344171,trillion 2011 intl USD,maddison2023+pwt1001,aggregated
2002,C,48.50275750814786,trillion 2011 intl USD,maddison2023+pwt1001,aggregated
2003,C,50.01431949418731,trillion 2011 intl USD,maddison2023+pwt1001,aggregated
2004,C,51.95484270107308,trillion 2011 intl USD,maddison2023+pwt1001,aggregated
2005,C,54.32091865209707,trillion 2011 intl USD,maddison2023+pwt1001,aggregated
2006,C,56.92376912656065,trillion 2011 intl USD,maddison2023+pwt1001,aggregated
2007,C,59.53825587453766,trillion 2011 intl USD,maddison2023+pwt1001,aggregated
2008,C,61.26414230042821,trillion 2011 intl USD,maddison2023+pwt1001,aggregated
2009,C,62.69056746531388,trillion 2011 intl USD,maddison2023+pwt1001,aggregated
2010,C,65.16188932821281,trillion 2011 intl USD,maddison2023+pwt1001,aggregated
2011,C,67.68549007199277,trillion 2011 intl USD,maddison2023+pwt1001,aggregated
2012,C,70.02354388259498,trillion 2011 intl USD,maddison2023+pwt1001,aggregated
2013,C,72.7062059403464,trillion 2011 intl USD,maddison2023+pwt1001,aggregated
2014,C,75.18770673995569,trillion 2011 intl USD,maddison2023+pwt1001,aggregated
2015,C,78.17409059091389,trillion 2011 intl USD,maddison2023+pwt1001,aggregated
2016,C,81.08912871748308,trillion 2011 intl USD,maddison2023+pwt1001,aggregated
2017,C,83.54624079273816,trillion 2011 intl USD,maddison2023+pwt1001,aggregated
2018,C,86.50669697155158,trillion 2011 intl USD,maddison2023+pwt1001,aggregated
2019,C,89.25638535182527,trillion 2011 intl USD,maddison2023+pwt1001,aggregated
2020,C,86.65660469222537,trillion 2011 intl USD,maddison2023+pwt1001,aggregated
1900,DPO,6.823084893,Gt/yr,haas2020,observed
1901,DPO,6.921413973,Gt/yr,haas2020,observed
1902,DPO,7.015157794,Gt/yr,haas2020,observed
1903,DPO,7.185769642,Gt/yr,haas2020,observed
1904,DPO,7.26631414,Gt/yr,haas2020,observed
1905,DPO,7.413180625,Gt/yr,haas2020,observed
1906,DPO,7.571961295,Gt/yr,haas2020,observed
1907,DPO,7.799146689,Gt/yr,haas2020,observed
1908,DPO,7.795783183,Gt/yr,haas2020,observed
1909,DPO,7.941014071,Gt/yr,haas2020,observed
1910,DPO,8.091204257,Gt/yr,haas2020,observed
1911,DPO,8.205650073,Gt/yr,haas2020,observed
1912,DPO,8.388189039,Gt/yr,haas2020,observed
1913,DPO,8.604735414,Gt/yr,haas2020,observed
1914,DPO,8.470664631,Gt/yr,haas2020,observed
1915,DPO,8.534302399,Gt/yr,haas2020,observed
1916,DPO,8.758883974,Gt/yr,haas2020,observed
1917,DPO,8.927686527,Gt/yr,haas2020,observed
1918,DPO,8.964962657,Gt/yr,haas2020,observed
1919,DPO,8.803607826,Gt/yr,haas2020,observed
1920,DPO,9.122293678,Gt/yr,haas2020,observed
1921,DPO,8.897513527,Gt/yr,haas2020,observed
1922,DPO,9.137286662,Gt/yr,haas2020,observed
1923,DPO,9.476996353,Gt/yr,haas2020,observed
1924,DPO,9.566752647,Gt/yr,haas2020,observed
1925,DPO,9.70212995,Gt/yr,haas2020,observed
1926,DPO,9.791965687,Gt/yr,haas2020,observed
1927,DPO,10.01730517,Gt/yr,haas2020,observed
1928,DPO,10.29701312,Gt/yr,haas2020,observed
1929,DPO,10.41370496,Gt/yr,haas2020,observed
1930,DPO,10.29902207,Gt/yr,haas2020,observed
1931,DPO,10.07474344,Gt/yr,haas2020,observed
1932,DPO,9.878281654,Gt/yr,haas2020,observed
1933,DPO,10.03941641,Gt/yr,haas2020,observed
1934,DPO,10.30704382,Gt/yr,haas2020,observed
1935,DPO,10.50021231,Gt/yr,haas2020,observed
1936,DPO,10.79677224,Gt/yr,haas2020,observed
1937,DPO,11.08174121,Gt/yr,haas2020,observed
1938,DPO,10.90032803,Gt/yr,haas2020,observed
1939,DPO,11.20518695,Gt/yr,haas2020,observed
1940,DPO,11.52434178,Gt/yr,haas2020,observed
1941,DPO,11.69161359,Gt/yr,haas2020,observed
1942,DPO,11.74729895,Gt/yr,haas2020,observed
1943,DPO,11.89406241,Gt/yr,haas2020,observed
1944,DPO,11.87315893,Gt/yr,haas2020,observed
1945,DPO,11.40312652,Gt/yr,haas2020,observed
1946,DPO,11.60728502,Gt/yr,haas2020,observed
1947,DPO,12.01997145,Gt/yr,haas2020,observed
1948,DPO,12.28333355,Gt/yr,haas2020,observed
1949,DPO,12.27430209,Gt/yr,haas2020,observed
1950,DPO,12.64252584,Gt/yr,haas2020,observed
1951,DPO,13.04172422,Gt/yr,haas2020,observed
1952,DPO,13.27296132,Gt/yr,haas2020,observed
1953,DPO,13.52702854,Gt/yr,haas2020,observed
1954,DPO,13.79560851,Gt/yr,haas2020,observed
1955,DPO,14.26428808,Gt/yr,haas2020,observed
1956,DPO,14.69244064,Gt/yr,haas2020,observed
1957,DPO,15.05039996,Gt/yr,haas2020,observed
1958,DPO,15.36191157,Gt/yr,haas2020,observed
1959,DPO,15.83973199,Gt/yr,haas2020,observed
1960,DPO,16.42159081,Gt/yr,haas2020,observed
1961,DPO,16.67709819,Gt/yr,haas2020,observed
1962,DPO,17.20158039,Gt/yr,haas2020,observed
1963,DPO,17.85723788,Gt/yr,haas2020,observed
1964,DPO,18.66890772,Gt/yr,haas2020,observed
1965,DPO,18.88738908,Gt/yr,haas2020,observed
1966,DPO,19.65160279,Gt/yr,haas2020,observed
1967,DPO,20.13395615,Gt/yr,haas2020,observed
1968,DPO,20.84258206,Gt/yr,haas2020,observed
1969,DPO,21.32037336,Gt/yr,haas2020,observed
1970,DPO,22.11222216,Gt/yr,haas2020,observed
1971,DPO,22.80951551,Gt/yr,haas2020,observed
1972,DPO,23.22491845,Gt/yr,haas2020,observed
1973,DPO,24.21887008,Gt/yr,haas2020,observed
1974,DPO,24.65456273,Gt/yr,haas2020,observed
1975,DPO,24.98606531,Gt/yr,haas2020,observed
1976,DPO,25.84894199,Gt/yr,haas2020,observed
1977,DPO,26.35955733,Gt/yr,haas2020,observed
1978,DPO,27.06663009,Gt/yr,haas2020,observed
1979,DPO,27.64955941,Gt/yr,haas2020,observed
1980,DPO,27.8294902,Gt/yr,haas2020,observed
1981,DPO,28.1777997,Gt/yr,haas2020,observed
1982,DPO,28.74148284,Gt/yr,haas2020,observed
1983,DPO,28.8033402,Gt/yr,haas2020,observed
1984,DPO,30.06267869,Gt/yr,haas2020,observed
1985,DPO,30.4800914,Gt/yr,haas2020,observed
1986,DPO,31.03255244,Gt/yr,haas2020,observed
1987,DPO,31.58357044,Gt/yr,haas2020,observed
1988,DPO,32.35595712,Gt/yr,haas2020,observed
1989,DPO,33.26566974,Gt/yr,haas2020,observed
1990,DPO,33.71018367,Gt/yr,haas2020,observed
1991,DPO,33.539305,Gt/yr,haas2020,observed
1992,DPO,33.71961993,Gt/yr,haas2020,observed
1993,DPO,33.68296856,Gt/yr,haas2020,observed
1994,DPO,34.32498635,Gt/yr,haas2020,observed
1995,DPO,35.45953903,Gt/yr,haas2020,observed
1996,DPO,36.37246951,Gt/yr,haas2020,observed
1997,DPO,36.61933711,Gt/yr,haas2020,observed
1998,DPO,37.18245844,Gt/yr,haas2020,observed
1999,DPO,37.70062507,Gt/yr,haas2020,observed
2000,DPO,38.34575298,Gt/yr,haas2020,observed
2001,DPO,38.91997669,Gt/yr,haas2020,observed
2002,DPO,39.43454336,Gt/yr,haas2020,observed
2003,DPO,40.68336829,Gt/yr,haas2020,observed
2004,DPO,42.36137321,Gt/yr,haas2020,observed
2005,DPO,43.91273271,Gt/yr,haas2020,observed
2006,DPO,45.31943652,Gt/yr,haas2020,observed
2007,DPO,47.06892525,Gt/yr,haas2020,observed
2008,DPO,48.61775698,Gt/yr,haas2020,observed
2009,DPO,49.15484808,Gt/yr,haas2020,observed
2010,DPO,50.91058362,Gt/yr,haas2020,observed
2011,DPO,53.3375553,Gt/yr,haas2020,observed
2012,DPO,54.21498634,Gt/yr,haas2020,observed
2013,DPO,55.90681169,Gt/yr,haas2020,observed
2014,DPO,56.94218688,Gt/yr,haas2020,observed
2015,DPO,57.68056003,Gt/yr,haas2020,observed
1900,DPO_biomass,5.258615008,Gt/yr,haas2020,observed
1901,DPO_biomass,5.315734994,Gt/yr,haas2020,observed
1902,DPO_biomass,5.373779915,Gt/yr,haas2020,observed
1903,DPO_biomass,5.433315796,Gt/yr,haas2020,observed
1904,DPO_biomass,5.492134354,Gt/yr,haas2020,observed
1905,DPO_biomass,5.551917331,Gt/yr,haas2020,observed
1906,DPO_biomass,5.611194565,Gt/yr,haas2020,observed
1907,DPO_biomass,5.67089665,Gt/yr,haas2020,observed
1908,DPO_biomass,5.730312849,Gt/yr,haas2020,observed
1909,DPO_biomass,5.789912187,Gt/yr,haas2020,observed
1910,DPO_biomass,5.849408549,Gt/yr,haas2020,observed
1911,DPO_biomass,5.919677371,Gt/yr,haas2020,observed
1912,DPO_biomass,5.989550291,Gt/yr,haas2020,observed
1913,DPO_biomass,6.059104116,Gt/yr,haas2020,observed
1914,DPO_biomass,6.128815245,Gt/yr,haas2020,observed
1915,DPO_biomass,6.198957886,Gt/yr,haas2020,observed
1916,DPO_biomass,6.268808869,Gt/yr,haas2020,observed
1917,DPO_biomass,6.338577008,Gt/yr,haas2020,observed
1918,DPO_biomass,6.408247195,Gt/yr,haas2020,observed
1919,DPO_biomass,6.478099242,Gt/yr,haas2020,observed
1920,DPO_biomass,6.547794146,Gt/yr,haas2020,observed
1921,DPO_biomass,6.616489563,Gt/yr,haas2020,observed
1922,DPO_biomass,6.68632212,Gt/yr,haas2020,observed
1923,DPO_biomass,6.7552691,Gt/yr,haas2020,observed
1924,DPO_biomass,6.824462298,Gt/yr,haas2020,observed
1925,DPO_biomass,6.894085545,Gt/yr,haas2020,observed
1926,DPO_biomass,6.963364112,Gt/yr,haas2020,observed
1927,DPO_biomass,7.032920889,Gt/yr,haas2020,observed
1928,DPO_biomass,7.10299253,Gt/yr,haas2020,observed
1929,DPO_biomass,7.172665921,Gt/yr,haas2020,observed
1930,DPO_biomass,7.243039883,Gt/yr,haas2020,observed
1931,DPO_biomass,7.28610075,Gt/yr,haas2020,observed
1932,DPO_biomass,7.331193727,Gt/yr,haas2020,observed
1933,DPO_biomass,7.374697755,Gt/yr,haas2020,observed
1934,DPO_biomass,7.419027713,Gt/yr,haas2020,observed
1935,DPO_biomass,7.464097725,Gt/yr,haas2020,observed
1936,DPO_biomass,7.507461199,Gt/yr,haas2020,observed
1937,DPO_biomass,7.551848705,Gt/yr,haas2020,observed
1938,DPO_biomass,7.596281045,Gt/yr,haas2020,observed
1939,DPO_biomass,7.640629934,Gt/yr,haas2020,observed
1940,DPO_biomass,7.685842662,Gt/yr,haas2020,observed
1941,DPO_biomass,7.730103341,Gt/yr,haas2020,observed
1942,DPO_biomass,7.775084281,Gt/yr,haas2020,observed
1943,DPO_biomass,7.820339443,Gt/yr,haas2020,observed
1944,DPO_biomass,7.863787582,Gt/yr,haas2020,observed
1945,DPO_biomass,7.909162451,Gt/yr,haas2020,observed
1946,DPO_biomass,7.954755369,Gt/yr,haas2020,observed
1947,DPO_biomass,7.998745293,Gt/yr,haas2020,observed
1948,DPO_biomass,8.043761426,Gt/yr,haas2020,observed
1949,DPO_biomass,8.088780212,Gt/yr,haas2020,observed
1950,DPO_biomass,8.13405478,Gt/yr,haas2020,observed
1951,DPO_biomass,8.24808304,Gt/yr,haas2020,observed
1952,DPO_biomass,8.360958353,Gt/yr,haas2020,observed
1953,DPO_biomass,8.474222598,Gt/yr,haas2020,observed
1954,DPO_biomass,8.587188992,Gt/yr,haas2020,observed
1955,DPO_biomass,8.700599012,Gt/yr,haas2020,observed
1956,DPO_biomass,8.813200329,Gt/yr,haas2020,observed
1957,DPO_biomass,8.925863922,Gt/yr,haas2020,observed
1958,DPO_biomass,9.039417674,Gt/yr,haas2020,observed
1959,DPO_biomass,9.152066543,Gt/yr,haas2020,observed
1960,DPO_biomass,9.265657821,Gt/yr,haas2020,observed
1961,DPO_biomass,9.378548824,Gt/yr,haas2020,observed
1962,DPO_biomass,9.515410046,Gt/yr,haas2020,observed
1963,DPO_biomass,9.626330075,Gt/yr,haas2020,observed
1964,DPO_biomass,9.989556809,Gt/yr,haas2020,observed
1965,DPO_biomass,10.14776345,Gt/yr,haas2020,observed
1966,DPO_biomass,10.5198099,Gt/yr,haas2020,observed
1967,DPO_biomass,10.82682876,Gt/yr,haas2020,observed
1968,DPO_biomass,11.00920284,Gt/yr,haas2020,observed
1969,DPO_biomass,11.10763056,Gt/yr,haas2020,observed
1970,DPO_biomass,11.38950549,Gt/yr,haas2020,observed
1971,DPO_biomass,11.73653571,Gt/yr,haas2020,observed
1972,DPO_biomass,11.71672465,Gt/yr,haas2020,observed
1973,DPO_biomass,12.17302531,Gt/yr,haas2020,observed
1974,DPO_biomass,12.3281546,Gt/yr,haas2020,observed
1975,DPO_biomass,12.45233567,Gt/yr,haas2020,observed
1976,DPO_biomass,12.77511192,Gt/yr,haas2020,observed
1977,DPO_biomass,12.88414323,Gt/yr,haas2020,observed
1978,DPO_biomass,13.251019,Gt/yr,haas2020,observed
1979,DPO_biomass,13.31299966,Gt/yr,haas2020,observed
1980,DPO_biomass,13.32974362,Gt/yr,haas2020,observed
1981,DPO_biomass,13.71870946,Gt/yr,haas2020,observed
1982,DPO_biomass,14.02965645,Gt/yr,haas2020,observed
1983,DPO_biomass,13.96647196,Gt/yr,haas2020,observed
1984,DPO_biomass,14.4914419,Gt/yr,haas2020,observed
1985,DPO_biomass,14.70710058,Gt/yr,haas2020,observed
1986,DPO_biomass,14.8521594,Gt/yr,haas2020,observed
1987,DPO_biomass,14.93372538,Gt/yr,haas2020,observed
1988,DPO_biomass,14.99126503,Gt/yr,haas2020,observed
1989,DPO_biomass,15.52181675,Gt/yr,haas2020,observed
1990,DPO_biomass,15.8542664,Gt/yr,haas2020,observed
1991,DPO_biomass,15.78623072,Gt/yr,haas2020,observed
1992,DPO_biomass,16.03286743,Gt/yr,haas2020,observed
1993,DPO_biomass,15.7681854,Gt/yr,haas2020,observed
1994,DPO_biomass,15.99683499,Gt/yr,haas2020,observed
1995,DPO_biomass,16.11170602,Gt/yr,haas2020,observed
1996,DPO_biomass,16.58899238,Gt/yr,haas2020,observed
1997,DPO_biomass,16.62243834,Gt/yr,haas2020,observed
1998,DPO_biomass,16.72483135,Gt/yr,haas2020,observed
1999,DPO_biomass,16.93595866,Gt/yr,haas2020,observed
2000,DPO_biomass,17.03472961,Gt/yr,haas2020,observed
2001,DPO_biomass,17.14362348,Gt/yr,haas2020,observed
2002,DPO_biomass,17.32630629,Gt/yr,haas2020,observed
2003,DPO_biomass,17.60863963,Gt/yr,haas2020,observed
2004,DPO_biomass,18.24330302,Gt/yr,haas2020,observed
2005,DPO_biomass,18.5448268,Gt/yr,haas2020,observed
2006,DPO_biomass,18.86273441,Gt/yr,haas2020,observed
2007,DPO_biomass,19.57954765,Gt/yr,haas2020,observed
2008,DPO_biomass,20.28820253,Gt/yr,haas2020,observed
2009,DPO_biomass,20.37959331,Gt/yr,haas2020,observed
2010,DPO_biomass,20.7217278,Gt/yr,haas2020,observed
2011,DPO_biomass,21.30888325,Gt/yr,haas2020,observed
2012,DPO_biomass,21.35019321,Gt/yr,haas2020,observed
2013,DPO_biomass,22.04951123,Gt/yr,haas2020,observed
2014,DPO_biomass,22.28601117,Gt/yr,haas2020,observed
2015,DPO_biomass,22.50332045,Gt/yr,haas2020,observed
1900,DPO_fossil,0.967444963,Gt/yr,haas2020,observed
1901,DPO_fossil,0.9945563339,Gt/yr,haas2020,observed
1902,DPO_fossil,1.016628579,Gt/yr,haas2020,observed
1903,DPO_fossil,1.114395693,Gt/yr,haas2020,observed
1904,DPO_fossil,1.125502716,Gt/yr,haas2020,observed
1905,DPO_fossil,1.188792326,Gt/yr,haas2020,observed
1906,DPO_fossil,1.280764473,Gt/yr,haas2020,observed
1907,DPO_fossil,1.417625727,Gt/yr,haas2020,observed
1908,DPO_fossil,1.349321262,Gt/yr,haas2020,observed
1909,DPO_fossil,1.40820668,Gt/yr,haas2020,observed
1910,DPO_fossil,1.473345563,Gt/yr,haas2020,observed
1911,DPO_fossil,1.503989375,Gt/yr,haas2020,observed
1912,DPO_fossil,1.584716221,Gt/yr,haas2020,observed
1913,DPO_fossil,1.699370061,Gt/yr,haas2020,observed
1914,DPO_fossil,1.529214891,Gt/yr,haas2020,observed
1915,DPO_fossil,1.514020971,Gt/yr,haas2020,observed
1916,DPO_fossil,1.629912111,Gt/yr,haas2020,observed
1917,DPO_fossil,1.720420503,Gt/yr,haas2020,observed
1918,DPO_fossil,1.694956301,Gt/yr,haas2020,observed
1919,DPO_fossil,1.496440284,Gt/yr,haas2020,observed
1920,DPO_fossil,1.723399927,Gt/yr,haas2020,observed
1921,DPO_fossil,1.475951533,Gt/yr,haas2020,observed
1922,DPO_fossil,1.5780055,Gt/yr,haas2020,observed
1923,DPO_fossil,1.79360068,Gt/yr,haas2020,observed
1924,DPO_fossil,1.775299402,Gt/yr,haas2020,observed
1925,DPO_fossil,1.785192111,Gt/yr,haas2020,observed
1926,DPO_fossil,1.782028066,Gt/yr,haas2020,observed
1927,DPO_fossil,1.901549216,Gt/yr,haas2020,observed
1928,DPO_fossil,2.064330304,Gt/yr,haas2020,observed
1929,DPO_fossil,2.058974952,Gt/yr,haas2020,observed
1930,DPO_fossil,1.895130438,Gt/yr,haas2020,observed
1931,DPO_fossil,1.690024795,Gt/yr,haas2020,observed
1932,DPO_fossil,1.518830893,Gt/yr,haas2020,observed
1933,DPO_fossil,1.59775197,Gt/yr,haas2020,observed
1934,DPO_fossil,1.744109962,Gt/yr,haas2020,observed
1935,DPO_fossil,1.836081291,Gt/yr,haas2020,observed
1936,DPO_fossil,2.012800105,Gt/yr,haas2020,observed
1937,DPO_fossil,2.146294254,Gt/yr,haas2020,observed
1938,DPO_fossil,1.958714837,Gt/yr,haas2020,observed
1939,DPO_fossil,2.155021217,Gt/yr,haas2020,observed
1940,DPO_fossil,2.366594003,Gt/yr,haas2020,observed
1941,DPO_fossil,2.443567317,Gt/yr,haas2020,observed
1942,DPO_fossil,2.465200518,Gt/yr,haas2020,observed
1943,DPO_fossil,2.538524116,Gt/yr,haas2020,observed
1944,DPO_fossil,2.523855161,Gt/yr,haas2020,observed
1945,DPO_fossil,2.059235694,Gt/yr,haas2020,observed
1946,DPO_fossil,2.199557054,Gt/yr,haas2020,observed
1947,DPO_fossil,2.469767344,Gt/yr,haas2020,observed
1948,DPO_fossil,2.595023737,Gt/yr,haas2020,observed
1949,DPO_fossil,2.507907758,Gt/yr,haas2020,observed
1950,DPO_fossil,2.738952271,Gt/yr,haas2020,observed
1951,DPO_fossil,2.921764108,Gt/yr,haas2020,observed
1952,DPO_fossil,2.968882906,Gt/yr,haas2020,observed
1953,DPO_fossil,3.01404826,Gt/yr,haas2020,observed
1954,DPO_fossil,3.063419252,Gt/yr,haas2020,observed
1955,DPO_fossil,3.338799842,Gt/yr,haas2020,observed
1956,DPO_fossil,3.541430146,Gt/yr,haas2020,observed
1957,DPO_fossil,3.688469153,Gt/yr,haas2020,observed
1958,DPO_fossil,3.875909766,Gt/yr,haas2020,observed
1959,DPO_fossil,4.091012421,Gt/yr,haas2020,observed
1960,DPO_fossil,4.39438464,Gt/yr,haas2020,observed
1961,DPO_fossil,4.44713362,Gt/yr,haas2020,observed
1962,DPO_fossil,4.712766341,Gt/yr,haas2020,observed
1963,DPO_fossil,5.076681844,Gt/yr,haas2020,observed
1964,DPO_fossil,5.345989255,Gt/yr,haas2020,observed
1965,DPO_fossil,5.239605523,Gt/yr,haas2020,observed
1966,DPO_fossil,5.469290889,Gt/yr,haas2020,observed
1967,DPO_fossil,5.502338541,Gt/yr,haas2020,observed
1968,DPO_fossil,5.823393051,Gt/yr,haas2020,observed
1969,DPO_fossil,6.000617893,Gt/yr,haas2020,observed
1970,DPO_fossil,6.239946002,Gt/yr,haas2020,observed
1971,DPO_fossil,6.441205658,Gt/yr,haas2020,observed
1972,DPO_fossil,6.664654617,Gt/yr,haas2020,observed
1973,DPO_fossil,6.973205314,Gt/yr,haas2020,observed
1974,DPO_fossil,7.019446225,Gt/yr,haas2020,observed
1975,DPO_fossil,7.090439523,Gt/yr,haas2020,observed
1976,DPO_fossil,7.425615068,Gt/yr,haas2020,observed
1977,DPO_fossil,7.690094759,Gt/yr,haas2020,observed
1978,DPO_fossil,7.827512722,Gt/yr,haas2020,observed
1979,DPO_fossil,8.172906777,Gt/yr,haas2020,observed
1980,DPO_fossil,8.130892162,Gt/yr,haas2020,observed
1981,DPO_fossil,8.019222914,Gt/yr,haas2020,observed
1982,DPO_fossil,8.213294843,Gt/yr,haas2020,observed
1983,DPO_fossil,8.239308985,Gt/yr,haas2020,observed
1984,DPO_fossil,8.607159771,Gt/yr,haas2020,observed
1985,DPO_fossil,8.608897078,Gt/yr,haas2020,observed
1986,DPO_fossil,8.8485653,Gt/yr,haas2020,observed
1987,DPO_fossil,9.029649359,Gt/yr,haas2020,observed
1988,DPO_fossil,9.270922039,Gt/yr,haas2020,observed
1989,DPO_fossil,9.438536956,Gt/yr,haas2020,observed
1990,DPO_fossil,9.377546213,Gt/yr,haas2020,observed
1991,DPO_fossil,9.217906575,Gt/yr,haas2020,observed
1992,DPO_fossil,9.058748566,Gt/yr,haas2020,observed
1993,DPO_fossil,9.001417987,Gt/yr,haas2020,observed
1994,DPO_fossil,9.121886709,Gt/yr,haas2020,observed
1995,DPO_fossil,9.345754416,Gt/yr,haas2020,observed
1996,DPO_fossil,9.559186712,Gt/yr,haas2020,observed
1997,DPO_fossil,9.626178399,Gt/yr,haas2020,observed
1998,DPO_fossil,9.682211667,Gt/yr,haas2020,observed
1999,DPO_fossil,9.596788317,Gt/yr,haas2020,observed
2000,DPO_fossil,9.910522676,Gt/yr,haas2020,observed
2001,DPO_fossil,10.16740845,Gt/yr,haas2020,observed
2002,DPO_fossil,10.23071636,Gt/yr,haas2020,observed
2003,DPO_fossil,10.78650997,Gt/yr,haas2020,observed
2004,DPO_fossil,11.36670075,Gt/yr,haas2020,observed
2005,DPO_fossil,11.81670028,Gt/yr,haas2020,observed
2006,DPO_fossil,12.21394124,Gt/yr,haas2020,observed
2007,DPO_fossil,12.44839313,Gt/yr,haas2020,observed
2008,DPO_fossil,12.74569297,Gt/yr,haas2020,observed
2009,DPO_fossil,12.69267561,Gt/yr,haas2020,observed
2010,DPO_fossil,13.27812969,Gt/yr,haas2020,observed
2011,DPO_fossil,13.97030389,Gt/yr,haas2020,observed
2012,DPO_fossil,14.19782074,Gt/yr,haas2020,observed
2013,DPO_fossil,14.3593207,Gt/yr,haas2020,observed
2014,DPO_fossil,14.38400768,Gt/yr,haas2020,observed
2015,DPO_fossil,14.34857146,Gt/yr,haas2020,observed
1900,DPO_metals,0.1078963682,Gt/yr,haas2020,observed
1901,DPO_metals,0.1125583074,Gt/yr,haas2020,observed
1902,DPO_metals,0.1163961476,Gt/yr,haas2020,observed
1903,DPO_metals,0.1203043224,Gt/yr,haas2020,observed
1904,DPO_metals,0.1255208595,Gt/yr,haas2020,observed
1905,DPO_metals,0.1413602369,Gt/yr,haas2020,observed
1906,DPO_metals,0.139306465,Gt/yr,haas2020,observed
1907,DPO_metals,0.1578855483,Gt/yr,haas2020,observed
1908,DPO_metals,0.1547399681,Gt/yr,haas2020,observed
1909,DPO_metals,0.1696023422,Gt/yr,haas2020,observed
1910,DPO_metals,0.1843378708,Gt/yr,haas2020,observed
1911,DPO_metals,0.1853903612,Gt/yr,haas2020,observed
1912,DPO_metals,0.2059612666,Gt/yr,haas2020,observed
1913,DPO_metals,0.2248038594,Gt/yr,haas2020,observed
1914,DPO_metals,0.1879199877,Gt/yr,haas2020,observed
1915,DPO_metals,0.1943653041,Gt/yr,haas2020,observed
1916,DPO_metals,0.2258556727,Gt/yr,haas2020,observed
1917,DPO_metals,0.2315030615,Gt/yr,haas2020,observed
1918,DPO_metals,0.221038388,Gt/yr,haas2020,observed
1919,DPO_metals,0.1827773133,Gt/yr,haas2020,observed
1920,DPO_metals,0.1917087539,Gt/yr,haas2020,observed
1921,DPO_metals,0.134290273,Gt/yr,haas2020,observed
1922,DPO_metals,0.1771597853,Gt/yr,haas2020,observed
1923,DPO_metals,0.2199637318,Gt/yr,haas2020,observed
1924,DPO_metals,0.230011189,Gt/yr,haas2020,observed
1925,DPO_metals,0.2564234519,Gt/yr,haas2020,observed
1926,DPO_metals,0.2597764111,Gt/yr,haas2020,observed
1927,DPO_metals,0.2762712086,Gt/yr,haas2020,observed
1928,DPO_metals,0.3004038361,Gt/yr,haas2020,observed
1929,DPO_metals,0.3341796833,Gt/yr,haas2020,observed
1930,DPO_metals,0.298328974,Gt/yr,haas2020,observed
1931,DPO_metals,0.2387991028,Gt/yr,haas2020,observed
1932,DPO_metals,0.166105607,Gt/yr,haas2020,observed
1933,DPO_metals,0.185756111,Gt/yr,haas2020,observed
1934,DPO_metals,0.2350600268,Gt/yr,haas2020,observed
1935,DPO_metals,0.2690882582,Gt/yr,haas2020,observed
1936,DPO_metals,0.3239621618,Gt/yr,haas2020,observed
1937,DPO_metals,0.3997471634,Gt/yr,haas2020,observed
1938,DPO_metals,0.3429895753,Gt/yr,haas2020,observed
1939,DPO_metals,0.3791715191,Gt/yr,haas2020,observed
1940,DPO_metals,0.4244132993,Gt/yr,haas2020,observed
1941,DPO_metals,0.4436874592,Gt/yr,haas2020,observed
1942,DPO_metals,0.4174662084,Gt/yr,haas2020,observed
1943,DPO_metals,0.4318619887,Gt/yr,haas2020,observed
1944,DPO_metals,0.3768126633,Gt/yr,haas2020,observed
1945,DPO_metals,0.3233574405,Gt/yr,haas2020,observed
1946,DPO_metals,0.295099306,Gt/yr,haas2020,observed
1947,DPO_metals,0.3526346137,Gt/yr,haas2020,observed
1948,DPO_metals,0.3963624278,Gt/yr,haas2020,observed
1949,DPO_metals,0.3971053674,Gt/yr,haas2020,observed
1950,DPO_metals,0.4370667607,Gt/yr,haas2020,observed
1951,DPO_metals,0.473113107,Gt/yr,haas2020,observed
1952,DPO_metals,0.4913685189,Gt/yr,haas2020,observed
1953,DPO_metals,0.5332271947,Gt/yr,haas2020,observed
1954,DPO_metals,0.5758402733,Gt/yr,haas2020,observed
1955,DPO_metals,0.5828137566,Gt/yr,haas2020,observed
1956,DPO_metals,0.6212433571,Gt/yr,haas2020,observed
1957,DPO_metals,0.6545039649,Gt/yr,haas2020,observed
1958,DPO_metals,0.6004080116,Gt/yr,haas2020,observed
1959,DPO_metals,0.6470498677,Gt/yr,haas2020,observed
1960,DPO_metals,0.7401380673,Gt/yr,haas2020,observed
1961,DPO_metals,0.746878382,Gt/yr,haas2020,observed
1962,DPO_metals,0.7576965129,Gt/yr,haas2020,observed
1963,DPO_metals,0.774082774,Gt/yr,haas2020,observed
1964,DPO_metals,0.8264129993,Gt/yr,haas2020,observed
1965,DPO_metals,0.8817742535,Gt/yr,haas2020,observed
1966,DPO_metals,0.9040050938,Gt/yr,haas2020,observed
1967,DPO_metals,0.9433939789,Gt/yr,haas2020,observed
1968,DPO_metals,0.9982808342,Gt/yr,haas2020,observed
1969,DPO_metals,1.05340294,Gt/yr,haas2020,observed
1970,DPO_metals,1.17158259,Gt/yr,haas2020,observed
1971,DPO_metals,1.193096339,Gt/yr,haas2020,observed
1972,DPO_metals,1.207067902,Gt/yr,haas2020,observed
1973,DPO_metals,1.289660774,Gt/yr,haas2020,observed
1974,DPO_metals,1.37408801,Gt/yr,haas2020,observed
1975,DPO_metals,1.411255495,Gt/yr,haas2020,observed
1976,DPO_metals,1.4185523,Gt/yr,haas2020,observed
1977,DPO_metals,1.400328071,Gt/yr,haas2020,observed
1978,DPO_metals,1.408641571,Gt/yr,haas2020,observed
1979,DPO_metals,1.483455097,Gt/yr,haas2020,observed
1980,DPO_metals,1.513000749,Gt/yr,haas2020,observed
1981,DPO_metals,1.520426996,Gt/yr,haas2020,observed
1982,DPO_metals,1.456005141,Gt/yr,haas2020,observed
1983,DPO_metals,1.368721278,Gt/yr,haas2020,observed
1984,DPO_metals,1.497639205,Gt/yr,haas2020,observed
1985,DPO_metals,1.561461749,Gt/yr,haas2020,observed
1986,DPO_metals,1.585416279,Gt/yr,haas2020,observed
1987,DPO_metals,1.675316411,Gt/yr,haas2020,observed
1988,DPO_metals,1.835385644,Gt/yr,haas2020,observed
1989,DPO_metals,1.96434558,Gt/yr,haas2020,observed
1990,DPO_metals,1.983296223,Gt/yr,haas2020,observed
1991,DPO_metals,1.948429203,Gt/yr,haas2020,observed
1992,DPO_metals,1.928873598,Gt/yr,haas2020,observed
1993,DPO_metals,1.942153777,Gt/yr,haas2020,observed
1994,DPO_metals,1.976061996,Gt/yr,haas2020,observed
1995,DPO_metals,2.106057949,Gt/yr,haas2020,observed
1996,DPO_metals,2.210586512,Gt/yr,haas2020,observed
1997,DPO_metals,2.325541671,Gt/yr,haas2020,observed
1998,DPO_metals,2.413530993,Gt/yr,haas2020,observed
1999,DPO_metals,2.461784573,Gt/yr,haas2020,observed
2000,DPO_metals,2.592910058,Gt/yr,haas2020,observed
2001,DPO_metals,2.613473839,Gt/yr,haas2020,observed
2002,DPO_metals,2.638518867,Gt/yr,haas2020,observed
2003,DPO_metals,2.721382186,Gt/yr,haas2020,observed
2004,DPO_metals,3.035561084,Gt/yr,haas2020,observed
2005,DPO_metals,3.257209845,Gt/yr,haas2020,observed
2006,DPO_metals,3.504857543,Gt/yr,haas2020,observed
2007,DPO_metals,3.768176175,Gt/yr,haas2020,observed
2008,DPO_metals,4.014335834,Gt/yr,haas2020,observed
2009,DPO_metals,4.079186035,Gt/yr,haas2020,observed
2010,DPO_metals,4.373330355,Gt/yr,haas2020,observed
2011,DPO_metals,4.834134235,Gt/yr,haas2020,observed
2012,DPO_metals,4.874660552,Gt/yr,haas2020,observed
2013,DPO_metals,5.208113161,Gt/yr,haas2020,observed
2014,DPO_metals,5.394252072,Gt/yr,haas2020,observed
2015,DPO_metals,5.461817019,Gt/yr,haas2020,observed
1900,DPO_non_metallic_minerals,0.4891285538,Gt/yr,haas2020,observed
1901,DPO_non_metallic_minerals,0.4985643375,Gt/yr,haas2020,observed
1902,DPO_non_metallic_minerals,0.5083531525,Gt/yr,haas2020,observed
1903,DPO_non_metallic_minerals,0.5177538314,Gt/yr,haas2020,observed
1904,DPO_non_metallic_minerals,0.5231562104,Gt/yr,haas2020,observed
1905,DPO_non_metallic_minerals,0.5311107309,Gt/yr,haas2020,observed
1906,DPO_non_metallic_minerals,0.540695792,Gt/yr,haas2020,observed
1907,DPO_non_metallic_minerals,0.5527387634,Gt/yr,haas2020,observed
1908,DPO_non_metallic_minerals,0.5614091037,Gt/yr,haas2020,observed
1909,DPO_non_metallic_minerals,0.5732928621,Gt/yr,haas2020,observed
1910,DPO_non_metallic_minerals,0.5841122738,Gt/yr,haas2020,observed
1911,DPO_non_metallic_minerals,0.5965929655,Gt/yr,haas2020,observed
1912,DPO_non_metallic_minerals,0.6079612603,Gt/yr,haas2020,observed
1913,DPO_non_metallic_minerals,0.6214573775,Gt/yr,haas2020,observed
1914,DPO_non_metallic_minerals,0.6247145074,Gt/yr,haas2020,observed
1915,DPO_non_metallic_minerals,0.6269582373,Gt/yr,haas2020,observed
1916,DPO_non_metallic_minerals,0.6343073205,Gt/yr,haas2020,observed
1917,DPO_non_metallic_minerals,0.6371859543,Gt/yr,haas2020,observed
1918,DPO_non_metallic_minerals,0.6407207731,Gt/yr,haas2020,observed
1919,DPO_non_metallic_minerals,0.6462909866,Gt/yr,haas2020,observed
1920,DPO_non_metallic_minerals,0.6593908519,Gt/yr,haas2020,observed
1921,DPO_non_metallic_minerals,0.670782158,Gt/yr,haas2020,observed
1922,DPO_non_metallic_minerals,0.6957992573,Gt/yr,haas2020,observed
1923,DPO_non_metallic_minerals,0.7081628415,Gt/yr,haas2020,observed
1924,DPO_non_metallic_minerals,0.7369797578,Gt/yr,haas2020,observed
1925,DPO_non_metallic_minerals,0.7664288426,Gt/yr,haas2020,observed
1926,DPO_non_metallic_minerals,0.7867970976,Gt/yr,haas2020,observed
1927,DPO_non_metallic_minerals,0.8065638551,Gt/yr,haas2020,observed
1928,DPO_non_metallic_minerals,0.829286454,Gt/yr,haas2020,observed
1929,DPO_non_metallic_minerals,0.8478844057,Gt/yr,haas2020,observed
1930,DPO_non_metallic_minerals,0.8625227765,Gt/yr,haas2020,observed
1931,DPO_non_metallic_minerals,0.8598187934,Gt/yr,haas2020,observed
1932,DPO_non_metallic_minerals,0.8621514265,Gt/yr,haas2020,observed
1933,DPO_non_metallic_minerals,0.881210577,Gt/yr,haas2020,observed
1934,DPO_non_metallic_minerals,0.9088461169,Gt/yr,haas2020,observed
1935,DPO_non_metallic_minerals,0.9309450329,Gt/yr,haas2020,observed
1936,DPO_non_metallic_minerals,0.9525487739,Gt/yr,haas2020,observed
1937,DPO_non_metallic_minerals,0.9838510913,Gt/yr,haas2020,observed
1938,DPO_non_metallic_minerals,1.002342578,Gt/yr,haas2020,observed
1939,DPO_non_metallic_minerals,1.030364283,Gt/yr,haas2020,observed
1940,DPO_non_metallic_minerals,1.047491819,Gt/yr,haas2020,observed
1941,DPO_non_metallic_minerals,1.074255471,Gt/yr,haas2020,observed
1942,DPO_non_metallic_minerals,1.089547944,Gt/yr,haas2020,observed
1943,DPO_non_metallic_minerals,1.10333686,Gt/yr,haas2020,observed
1944,DPO_non_metallic_minerals,1.108703528,Gt/yr,haas2020,observed
1945,DPO_non_metallic_minerals,1.111370938,Gt/yr,haas2020,observed
1946,DPO_non_metallic_minerals,1.157873286,Gt/yr,haas2020,observed
1947,DPO_non_metallic_minerals,1.198824197,Gt/yr,haas2020,observed
1948,DPO_non_metallic_minerals,1.248185962,Gt/yr,haas2020,observed
1949,DPO_non_metallic_minerals,1.280508748,Gt/yr,haas2020,observed
1950,DPO_non_metallic_minerals,1.332452032,Gt/yr,haas2020,observed
1951,DPO_non_metallic_minerals,1.398763968,Gt/yr,haas2020,observed
1952,DPO_non_metallic_minerals,1.451751542,Gt/yr,haas2020,observed
1953,DPO_non_metallic_minerals,1.505530492,Gt/yr,haas2020,observed
1954,DPO_non_metallic_minerals,1.569159995,Gt/yr,haas2020,observed
1955,DPO_non_metallic_minerals,1.642075469,Gt/yr,haas2020,observed
1956,DPO_non_metallic_minerals,1.716566809,Gt/yr,haas2020,observed
1957,DPO_non_metallic_minerals,1.78156292,Gt/yr,haas2020,observed
1958,DPO_non_metallic_minerals,1.846176119,Gt/yr,haas2020,observed
1959,DPO_non_metallic_minerals,1.949603159,Gt/yr,haas2020,observed
1960,DPO_non_metallic_minerals,2.021410278,Gt/yr,haas2020,observed
1961,DPO_non_metallic_minerals,2.104537367,Gt/yr,haas2020,observed
1962,DPO_non_metallic_minerals,2.21570749,Gt/yr,haas2020,observed
1963,DPO_non_metallic_minerals,2.380143188,Gt/yr,haas2020,observed
1964,DPO_non_metallic_minerals,2.506948659,Gt/yr,haas2020,observed
1965,DPO_non_metallic_minerals,2.618245853,Gt/yr,haas2020,observed
1966,DPO_non_metallic_minerals,2.758496909,Gt/yr,haas2020,observed
1967,DPO_non_metallic_minerals,2.861394867,Gt/yr,haas2020,observed
1968,DPO_non_metallic_minerals,3.011705338,Gt/yr,haas2020,observed
1969,DPO_non_metallic_minerals,3.158721966,Gt/yr,haas2020,observed
1970,DPO_non_metallic_minerals,3.311188068,Gt/yr,haas2020,observed
1971,DPO_non_metallic_minerals,3.438677801,Gt/yr,haas2020,observed
1972,DPO_non_metallic_minerals,3.636471278,Gt/yr,haas2020,observed
1973,DPO_non_metallic_minerals,3.782978679,Gt/yr,haas2020,observed
1974,DPO_non_metallic_minerals,3.932873887,Gt/yr,haas2020,observed
1975,DPO_non_metallic_minerals,4.032034614,Gt/yr,haas2020,observed
1976,DPO_non_metallic_minerals,4.229662699,Gt/yr,haas2020,observed
1977,DPO_non_metallic_minerals,4.384991269,Gt/yr,haas2020,observed
1978,DPO_non_metallic_minerals,4.579456793,Gt/yr,haas2020,observed
1979,DPO_non_metallic_minerals,4.680197868,Gt/yr,haas2020,observed
1980,DPO_non_metallic_minerals,4.855853675,Gt/yr,haas2020,observed
1981,DPO_non_metallic_minerals,4.919440326,Gt/yr,haas2020,observed
1982,DPO_non_metallic_minerals,5.0425264,Gt/yr,haas2020,observed
1983,DPO_non_metallic_minerals,5.228837983,Gt/yr,haas2020,observed
1984,DPO_non_metallic_minerals,5.466437819,Gt/yr,haas2020,observed
1985,DPO_non_metallic_minerals,5.602631993,Gt/yr,haas2020,observed
1986,DPO_non_metallic_minerals,5.746411466,Gt/yr,haas2020,observed
1987,DPO_non_metallic_minerals,5.944879294,Gt/yr,haas2020,observed
1988,DPO_non_metallic_minerals,6.258384408,Gt/yr,haas2020,observed
1989,DPO_non_metallic_minerals,6.340970461,Gt/yr,haas2020,observed
1990,DPO_non_metallic_minerals,6.495074836,Gt/yr,haas2020,observed
1991,DPO_non_metallic_minerals,6.586738497,Gt/yr,haas2020,observed
1992,DPO_non_metallic_minerals,6.699130333,Gt/yr,haas2020,observed
1993,DPO_non_metallic_minerals,6.971211397,Gt/yr,haas2020,observed
1994,DPO_non_metallic_minerals,7.230202654,Gt/yr,haas2020,observed
1995,DPO_non_metallic_minerals,7.896020646,Gt/yr,haas2020,observed
1996,DPO_non_metallic_minerals,8.01370391,Gt/yr,haas2020,observed
1997,DPO_non_metallic_minerals,8.045178702,Gt/yr,haas2020,observed
1998,DPO_non_metallic_minerals,8.361884431,Gt/yr,haas2020,observed
1999,DPO_non_metallic_minerals,8.706093521,Gt/yr,haas2020,observed
2000,DPO_non_metallic_minerals,8.807590635,Gt/yr,haas2020,observed
2001,DPO_non_metallic_minerals,8.995470927,Gt/yr,haas2020,observed
2002,DPO_non_metallic_minerals,9.239001844,Gt/yr,haas2020,observed
2003,DPO_non_metallic_minerals,9.566836496,Gt/yr,haas2020,observed
2004,DPO_non_metallic_minerals,9.715808357,Gt/yr,haas2020,observed
2005,DPO_non_metallic_minerals,10.29399579,Gt/yr,haas2020,observed
2006,DPO_non_metallic_minerals,10.73790332,Gt/yr,haas2020,observed
2007,DPO_non_metallic_minerals,11.27280831,Gt/yr,haas2020,observed
2008,DPO_non_metallic_minerals,11.56952564,Gt/yr,haas2020,observed
2009,DPO_non_metallic_minerals,12.00339311,Gt/yr,haas2020,observed
2010,DPO_non_metallic_minerals,12.53739578,Gt/yr,haas2020,observed
2011,DPO_non_metallic_minerals,13.22423393,Gt/yr,haas2020,observed
2012,DPO_non_metallic_minerals,13.79231184,Gt/yr,haas2020,observed
2013,DPO_non_metallic_minerals,14.28986659,Gt/yr,haas2020,observed
2014,DPO_non_metallic_minerals,14.87791596,Gt/yr,haas2020,observed
2015,DPO_non_metallic_minerals,15.36685111,Gt/yr,haas2020,observed
1900,G,0.613368668966642,trillion 2011 intl USD,maddison2023+pwt1001,reconstructed
1901,G,0.6358791223113239,trillion 2011 intl USD,maddison2023+pwt1001,reconstructed
1902,G,0.6480118764380143,trillion 2011 intl USD,maddison2023+pwt1001,reconstructed
1903,G,0.6690688506191904,trillion 2011 intl USD,maddison2023+pwt1001,reconstructed
1904,G,0.6745664271805146,trillion 2011 intl USD,maddison2023+pwt1001,reconstructed
1905,G,0.6972765256913076,trillion 2011 intl USD,maddison2023+pwt1001,reconstructed
1906,G,0.7403035325751295,trillion 2011 intl USD,maddison2023+pwt1001,reconstructed
1907,G,0.7517304163856621,trillion 2011 intl USD,maddison2023+pwt1001,reconstructed
1908,G,0.7340825888946142,trillion 2011 intl USD,maddison2023+pwt1001,reconstructed
1909,G,0.7816561994154717,trillion 2011 intl USD,maddison2023+pwt1001,reconstructed
1910,G,0.790169996379619,trillion 2011 intl USD,maddison2023+pwt1001,reconstructed
1911,G,0.8145951921963875,trillion 2011 intl USD,maddison2023+pwt1001,reconstructed
1912,G,0.8399230666398878,trillion 2011 intl USD,maddison2023+pwt1001,reconstructed
1913,G,0.8588013654104025,trillion 2011 intl USD,maddison2023+pwt1001,reconstructed
1914,G,0.8127258862816332,trillion 2011 intl USD,maddison2023+pwt1001,reconstructed
1915,G,0.8175199623935715,trillion 2011 intl USD,maddison2023+pwt1001,reconstructed
1916,G,0.8722760887009839,trillion 2011 intl USD,maddison2023+pwt1001,reconstructed
1917,G,0.8502521917815311,trillion 2011 intl USD,maddison2023+pwt1001,reconstructed
1918,G,0.8464257840056363,trillion 2011 intl USD,maddison2023+pwt1001,reconstructed
1919,G,0.8431644026359182,trillion 2011 intl USD,maddison2023+pwt1001,reconstructed
1920,G,0.8446685632730939,trillion 2011 intl USD,maddison2023+pwt1001,reconstructed
1921,G,0.8445367910791054,trillion 2011 intl USD,maddison2023+pwt1001,reconstructed
1922,G,0.9027067598553714,trillion 2011 intl USD,maddison2023+pwt1001,reconstructed
1923,G,0.9410523977826882,trillion 2011 intl USD,maddison2023+pwt1001,reconstructed
1924,G,0.9887250968730985,trillion 2011 intl USD,maddison2023+pwt1001,reconstructed
1925,G,1.0232113302533214,trillion 2011 intl USD,maddison2023+pwt1001,reconstructed
1926,G,1.0550500323245433,trillion 2011 intl USD,maddison2023+pwt1001,reconstructed
1927,G,1.08240993041254,trillion 2011 intl USD,maddison2023+pwt1001,reconstructed
1928,G,1.1139528039818127,trillion 2011 intl USD,maddison2023+pwt1001,reconstructed
1929,G,1.1574989557618807,trillion 2011 intl USD,maddison2023+pwt1001,reconstructed
1930,G,1.1014493364802214,trillion 2011 intl USD,maddison2023+pwt1001,reconstructed
1931,G,1.0468948416035975,trillion 2011 intl USD,maddison2023+pwt1001,reconstructed
1932,G,0.9853666334862038,trillion 2011 intl USD,maddison2023+pwt1001,reconstructed
1933,G,1.0001195809894636,trillion 2011 intl USD,maddison2023+pwt1001,reconstructed
1934,G,1.049818236507706,trillion 2011 intl USD,maddison2023+pwt1001,reconstructed
1935,G,1.1105110078810088,trillion 2011 intl USD,maddison2023+pwt1001,reconstructed
1936,G,1.1699295649777801,trillion 2011 intl USD,maddison2023+pwt1001,reconstructed
1937,G,1.230752465089174,trillion 2011 intl USD,maddison2023+pwt1001,reconstructed
1938,G,1.2285051693740938,trillion 2011 intl USD,maddison2023+pwt1001,reconstructed
1939,G,1.3038245329362304,trillion 2011 intl USD,maddison2023+pwt1001,reconstructed
1940,G,1.3386853406118129,trillion 2011 intl USD,maddison2023+pwt1001,reconstructed
1941,G,1.4079133819709815,trillion 2011 intl USD,maddison2023+pwt1001,reconstructed
1942,G,1.4512707862091354,trillion 2011 intl USD,maddison2023+pwt1001,reconstructed
1943,G,1.4979430660460904,trillion 2011 intl USD,maddison2023+pwt1001,reconstructed
1944,G,1.515260428629148,trillion 2011 intl USD,maddison2023+pwt1001,reconstructed
1945,G,1.4004314520964203,trillion 2011 intl USD,maddison2023+pwt1001,reconstructed
1946,G,1.3006721154219236,trillion 2011 intl USD,maddison2023+pwt1001,reconstructed
1947,G,1.2992933710700252,trillion 2011 intl USD,maddison2023+pwt1001,reconstructed
1948,G,1.3618053907747576,trillion 2011 intl USD,maddison2023+pwt1001,reconstructed
1949,G,1.3905528145383204,trillion 2011 intl USD,maddison2023+pwt1001,reconstructed
1950,G,1.7776366329458624,trillion 2011 intl USD,maddison2023+pwt1001,aggregated
1951,G,2.0493208252523387,trillion 2011 intl USD,maddison2023+pwt1001,aggregated
1952,G,2.026753273339104,trillion 2011 intl USD,maddison2023+pwt1001,aggregated
1953,G,2.1501433466931,trillion 2011 intl USD,maddison2023+pwt1001,aggregated
1954,G,2.2363877672815597,trillion 2011 intl USD,maddison2023+pwt1001,aggregated
1955,G,2.508779192426134,trillion 2011 intl USD,maddison2023+pwt1001,aggregated
1956,G,2.6866806326813792,trillion 2011 intl USD,maddison2023+pwt1001,aggregated
1957,G,2.8063288557443293,trillion 2011 intl USD,maddison2023+pwt1001,aggregated
1958,G,2.842080643140643,trillion 2011 intl USD,maddison2023+pwt1001,aggregated
1959,G,3.13171112728975,trillion 2011 intl USD,maddison2023+pwt1001,aggregated
1960,G,3.301806030737361,trillion 2011 intl USD,maddison2023+pwt1001,aggregated
1961,G,3.323701125053064,trillion 2011 intl USD,maddison2023+pwt1001,aggregated
1962,G,3.414148574377702,trillion 2011 intl USD,maddison2023+pwt1001,aggregated
1963,G,3.62374354554776,trillion 2011 intl USD,maddison2023+pwt1001,aggregated
1964,G,4.054127122236373,trillion 2011 intl USD,maddison2023+pwt1001,aggregated
1965,G,4.336992574238607,trillion 2011 intl USD,maddison2023+pwt1001,aggregated
1966,G,4.591519129701099,trillion 2011 intl USD,maddison2023+pwt1001,aggregated
1967,G,4.600626164812526,trillion 2011 intl USD,maddison2023+pwt1001,aggregated
1968,G,4.900653134108557,trillion 2011 intl USD,maddison2023+pwt1001,aggregated
1969,G,5.30655308492488,trillion 2011 intl USD,maddison2023+pwt1001,aggregated
1970,G,5.770068006817402,trillion 2011 intl USD,maddison2023+pwt1001,aggregated
1971,G,5.950223796901362,trillion 2011 intl USD,maddison2023+pwt1001,aggregated
1972,G,6.197956823745702,trillion 2011 intl USD,maddison2023+pwt1001,aggregated
1973,G,6.901071737177283,trillion 2011 intl USD,maddison2023+pwt1001,aggregated
1974,G,7.112626163691272,trillion 2011 intl USD,maddison2023+pwt1001,aggregated
1975,G,6.822177087366746,trillion 2011 intl USD,maddison2023+pwt1001,aggregated
1976,G,7.393329843521352,trillion 2011 intl USD,maddison2023+pwt1001,aggregated
1977,G,7.802368378871809,trillion 2011 intl USD,maddison2023+pwt1001,aggregated
1978,G,8.284005417948547,trillion 2011 intl USD,maddison2023+pwt1001,aggregated
1979,G,8.60560022708883,trillion 2011 intl USD,maddison2023+pwt1001,aggregated
1980,G,8.6612458975768,trillion 2011 intl USD,maddison2023+pwt1001,aggregated
1981,G,8.686608453070697,trillion 2011 intl USD,maddison2023+pwt1001,aggregated
1982,G,8.359384743946633,trillion 2011 intl USD,maddison2023+pwt1001,aggregated
1983,G,8.349009123751564,trillion 2011 intl USD,maddison2023+pwt1001,aggregated
1984,G,8.974725545534172,trillion 2011 intl USD,maddison2023+pwt1001,aggregated
1985,G,9.281570719638678,trillion 2011 intl USD,maddison2023+pwt1001,aggregated
1986,G,9.46227384192326,trillion 2011 intl USD,maddison2023+pwt1001,aggregated
1987,G,9.931914697888196,trillion 2011 intl USD,maddison2023+pwt1001,aggregated
1988,G,10.657799897035312,trillion 2011 intl USD,maddison2023+pwt1001,aggregated
1989,G,11.041761008413111,trillion 2011 intl USD,maddison2023+pwt1001,aggregated
1990,G,11.149528415883498,trillion 2011 intl USD,maddison2023+pwt1001,aggregated
1991,G,11.168674177265377,trillion 2011 intl USD,maddison2023+pwt1001,aggregated
1992,G,11.49124550995399,trillion 2011 intl USD,maddison2023+pwt1001,aggregated
1993,G,11.54437551374136,trillion 2011 intl USD,maddison2023+pwt1001,aggregated
1994,G,11.994733875446736,trillion 2011 intl USD,maddison2023+pwt1001,aggregated
1995,G,12.531136367269626,trillion 2011 intl USD,maddison2023+pwt1001,aggregated
1996,G,12.997114718999624,trillion 2011 intl USD,maddison2023+pwt1001,aggregated
1997,G,13.503356415207447,trillion 2011 intl USD,maddison2023+pwt1001,aggregated
1998,G,13.462184720009509,trillion 2011 intl USD,maddison2023+pwt1001,aggregated
1999,G,13.842177376488584,trillion 2011 intl USD,maddison2023+pwt1001,aggregated
2000,G,14.84622603779654,trillion 2011 intl USD,maddison2023+pwt1001,aggregated
2001,G,15.029843252062506,trillion 2011 intl USD,maddison2023+pwt1001,aggregated
2002,G,15.37554018003915,trillion 2011 intl USD,maddison2023+pwt1001,aggregated
2003,G,16.48570354452256,trillion 2011 intl USD,maddison2023+pwt1001,aggregated
2004,G,18.265957403770148,trillion 2011 intl USD,maddison2023+pwt1001,aggregated
2005,G,19.53514469108932,trillion 2011 intl USD,maddison2023+pwt1001,aggregated
2006,G,21.162775600955268,trillion 2011 intl USD,maddison2023+pwt1001,aggregated
2007,G,22.86894364032004,trillion 2011 intl USD,maddison2023+pwt1001,aggregated
2008,G,23.68180758783526,trillion 2011 intl USD,maddison2023+pwt1001,aggregated
2009,G,22.33438775273929,trillion 2011 intl USD,maddison2023+pwt1001,aggregated
2010,G,24.87237387856578,trillion 2011 intl USD,maddison2023+pwt1001,aggregated
2011,G,26.110770674639426,trillion 2011 intl USD,maddison2023+pwt1001,aggregated
2012,G,26.94788831639561,trillion 2011 intl USD,maddison2023+pwt1001,aggregated
2013,G,27.48527328868981,trillion 2011 intl USD,maddison2023+pwt1001,aggregated
2014,G,28.53276002865941,trillion 2011 intl USD,maddison2023+pwt1001,aggregated
2015,G,28.99451912744508,trillion 2011 intl USD,maddison2023+pwt1001,aggregated
2016,G,29.61662121748417,trillion 2011 intl USD,maddison2023+pwt1001,aggregated
2017,G,31.29860405610184,trillion 2011 intl USD,maddison2023+pwt1001,aggregated
2018,G,32.5949287358579,trillion 2011 intl USD,maddison2023+pwt1001,aggregated
2019,G,33.2434967179622,trillion 2011 intl USD,maddison2023+pwt1001,aggregated
2020,G,32.275209693071346,trillion 2011 intl USD,maddison2023+pwt1001,aggregated
1900,H_disposal,0.5719706736,Gt/yr,haas2020,observed
1901,H_disposal,0.5858072202,Gt/yr,haas2020,observed
1902,H_disposal,0.5998802961,Gt/yr,haas2020,observed
1903,H_disposal,0.6215062586,Gt/yr,haas2020,observed
1904,H_disposal,0.6306945495,Gt/yr,haas2020,observed
1905,H_disposal,0.6600494451,Gt/yr,haas2020,observed
1906,H_disposal,0.6745748441999999,Gt/yr,haas2020,observed
1907,H_disposal,0.7195671953,Gt/yr,haas2020,observed
1908,H_disposal,0.7123683021,Gt/yr,haas2020,observed
1909,H_disposal,0.7421179674,Gt/yr,haas2020,observed
1910,H_disposal,0.7725896789,Gt/yr,haas2020,observed
1911,H_disposal,0.7864626525,Gt/yr,haas2020,observed
1912,H_disposal,0.8244145700000001,Gt/yr,haas2020,observed
1913,H_disposal,0.865986782,Gt/yr,haas2020,observed
1914,H_disposal,0.8129574069000001,Gt/yr,haas2020,observed
1915,H_disposal,0.8210226185,Gt/yr,haas2020,observed
1916,H_disposal,0.8725076627,Gt/yr,haas2020,observed
1917,H_disposal,0.8940573053,Gt/yr,haas2020,observed
1918,H_disposal,0.8840728773,Gt/yr,haas2020,observed
1919,H_disposal,0.8296251453,Gt/yr,haas2020,observed
1920,H_disposal,0.8735049212,Gt/yr,haas2020,observed
1921,H_disposal,0.794730114,Gt/yr,haas2020,observed
1922,H_disposal,0.8676932635,Gt/yr,haas2020,observed
1923,H_disposal,0.9432499707,Gt/yr,haas2020,observed
1924,H_disposal,0.9721416941,Gt/yr,haas2020,observed
1925,H_disposal,1.0199133840999999,Gt/yr,haas2020,observed
1926,H_disposal,1.0368159165000002,Gt/yr,haas2020,observed
1927,H_disposal,1.0808226837000001,Gt/yr,haas2020,observed
1928,H_disposal,1.1406436427,Gt/yr,haas2020,observed
1929,H_disposal,1.1853926404,Gt/yr,haas2020,observed
1930,H_disposal,1.1450937949000002,Gt/yr,haas2020,observed
1931,H_disposal,1.0628050868,Gt/yr,haas2020,observed
1932,H_disposal,0.980413094,Gt/yr,haas2020,observed
1933,H_disposal,1.0247401378999998,Gt/yr,haas2020,observed
1934,H_disposal,1.1086998302,Gt/yr,haas2020,observed
1935,H_disposal,1.1692234917,Gt/yr,haas2020,observed
1936,H_disposal,1.2617412591,Gt/yr,haas2020,observed
1937,H_disposal,1.3684273407999998,Gt/yr,haas2020,observed
1938,H_disposal,1.3059131106000001,Gt/yr,haas2020,observed
1939,H_disposal,1.3844283110000002,Gt/yr,haas2020,observed
1940,H_disposal,1.4719412523000002,Gt/yr,haas2020,observed
1941,H_disposal,1.5221973703,Gt/yr,haas2020,observed
1942,H_disposal,1.5135964308,Gt/yr,haas2020,observed
1943,H_disposal,1.5503472862,Gt/yr,haas2020,observed
1944,H_disposal,1.5043446917,Gt/yr,haas2020,observed
1945,H_disposal,1.4050499233,Gt/yr,haas2020,observed
1946,H_disposal,1.4241426659,Gt/yr,haas2020,observed
1947,H_disposal,1.5384719906,Gt/yr,haas2020,observed
1948,H_disposal,1.629125636,Gt/yr,haas2020,observed
1949,H_disposal,1.6406787872000002,Gt/yr,haas2020,observed
1950,H_disposal,1.7401909041999999,Gt/yr,haas2020,observed
1951,H_disposal,1.842870188,Gt/yr,haas2020,observed
1952,H_disposal,1.903959835,Gt/yr,haas2020,observed
1953,H_disposal,1.9898045544,Gt/yr,haas2020,observed
1954,H_disposal,2.0861662854,Gt/yr,haas2020,observed
1955,H_disposal,2.1731029483,Gt/yr,haas2020,observed
1956,H_disposal,2.2875650949999997,Gt/yr,haas2020,observed
1957,H_disposal,2.3846370626,Gt/yr,haas2020,observed
1958,H_disposal,2.3973635237,Gt/yr,haas2020,observed
1959,H_disposal,2.5421522788999997,Gt/yr,haas2020,observed
1960,H_disposal,2.7138848261,Gt/yr,haas2020,observed
1961,H_disposal,2.7860626511,Gt/yr,haas2020,observed
1962,H_disposal,2.9043036828,Gt/yr,haas2020,observed
1963,H_disposal,3.0927894257000004,Gt/yr,haas2020,observed
1964,H_disposal,3.2603891437,Gt/yr,haas2020,observed
1965,H_disposal,3.3907172261,Gt/yr,haas2020,observed
1966,H_disposal,3.5364065955,Gt/yr,haas2020,observed
1967,H_disposal,3.6523711652,Gt/yr,haas2020,observed
1968,H_disposal,3.8508462733,Gt/yr,haas2020,observed
1969,H_disposal,4.0294542326,Gt/yr,haas2020,observed
1970,H_disposal,4.2891571308,Gt/yr,haas2020,observed
1971,H_disposal,4.4268383352,Gt/yr,haas2020,observed
1972,H_disposal,4.5898306647,Gt/yr,haas2020,observed
1973,H_disposal,4.8216912455,Gt/yr,haas2020,observed
1974,H_disposal,5.0452941848999995,Gt/yr,haas2020,observed
1975,H_disposal,5.1769047543,Gt/yr,haas2020,observed
1976,H_disposal,5.351142256499999,Gt/yr,haas2020,observed
1977,H_disposal,5.496389414599999,Gt/yr,haas2020,observed
1978,H_disposal,5.692810108,Gt/yr,haas2020,observed
1979,H_disposal,5.8894813643,Gt/yr,haas2020,observed
1980,H_disposal,6.0542373369,Gt/yr,haas2020,observed
1981,H_disposal,6.1269116646,Gt/yr,haas2020,observed
1982,H_disposal,6.1373901921,Gt/yr,haas2020,observed
1983,H_disposal,6.2047073068000005,Gt/yr,haas2020,observed
1984,H_disposal,6.516845838,Gt/yr,haas2020,observed
1985,H_disposal,6.7069804073,Gt/yr,haas2020,observed
1986,H_disposal,6.8682807138,Gt/yr,haas2020,observed
1987,H_disposal,7.1102062006999995,Gt/yr,haas2020,observed
1988,H_disposal,7.4924883246,Gt/yr,haas2020,observed
1989,H_disposal,7.7536891326,Gt/yr,haas2020,observed
1990,H_disposal,7.8616018508000005,Gt/yr,haas2020,observed
1991,H_disposal,7.9286275845,Gt/yr,haas2020,observed
1992,H_disposal,7.9794317285,Gt/yr,haas2020,observed
1993,H_disposal,8.0781604745,Gt/yr,haas2020,observed
1994,H_disposal,8.3037972229,Gt/yr,haas2020,observed
1995,H_disposal,8.7328940602,Gt/yr,haas2020,observed
1996,H_disposal,8.9908500113,Gt/yr,haas2020,observed
1997,H_disposal,9.1950144669,Gt/yr,haas2020,observed
1998,H_disposal,9.448830065,Gt/yr,haas2020,observed
1999,H_disposal,9.8102571786,Gt/yr,haas2020,observed
2000,H_disposal,10.0515509605,Gt/yr,haas2020,observed
2001,H_disposal,10.3278832967,Gt/yr,haas2020,observed
2002,H_disposal,10.679428418299999,Gt/yr,haas2020,observed
2003,H_disposal,10.9995768741,Gt/yr,haas2020,observed
2004,H_disposal,11.529201588,Gt/yr,haas2020,observed
2005,H_disposal,12.268286855,Gt/yr,haas2020,observed
2006,H_disposal,12.838705452,Gt/yr,haas2020,observed
2007,H_disposal,13.553002031,Gt/yr,haas2020,observed
2008,H_disposal,14.065923552000001,Gt/yr,haas2020,observed
2009,H_disposal,14.462746433,Gt/yr,haas2020,observed
2010,H_disposal,15.20955893,Gt/yr,haas2020,observed
2011,H_disposal,16.247348281999997,Gt/yr,haas2020,observed
2012,H_disposal,16.760797913,Gt/yr,haas2020,observed
2013,H_disposal,17.474721309,Gt/yr,haas2020,observed
2014,H_disposal,18.167040655,Gt/yr,haas2020,observed
2015,H_disposal,18.622790794,Gt/yr,haas2020,observed
1900,K,10.629329276886386,trillion 2011 intl USD,maddison2023+pwt1001,reconstructed
1901,K,10.908117177448531,trillion 2011 intl USD,maddison2023+pwt1001,reconstructed
1902,K,11.20064008865694,trillion 2011 intl USD,maddison2023+pwt1001,reconstructed
1903,K,11.49608797259224,trillion 2011 intl USD,maddison2023+pwt1001,reconstructed
1904,K,11.803292979565192,trillion 2011 intl USD,maddison2023+pwt1001,reconstructed
1905,K,12.106325631477892,trillion 2011 intl USD,maddison2023+pwt1001,reconstructed
1906,K,12.422529784038105,trillion 2011 intl USD,maddison2023+pwt1001,reconstructed
1907,K,12.771807744594383,trillion 2011 intl USD,maddison2023+pwt1001,reconstructed
1908,K,13.12151832155396,trillion 2011 intl USD,maddison2023+pwt1001,reconstructed
1909,K,13.442573186092927,trillion 2011 intl USD,maddison2023+pwt1001,reconstructed
1910,K,13.8010957757785,trillion 2011 intl USD,maddison2023+pwt1001,reconstructed
1911,K,14.156846900637694,trillion 2011 intl USD,maddison2023+pwt1001,reconstructed
1912,K,14.525825197278875,trillion 2011 intl USD,maddison2023+pwt1001,reconstructed
1913,K,14.908516990936825,trillion 2011 intl USD,maddison2023+pwt1001,reconstructed
1914,K,15.298041044424464,trillion 2011 intl USD,maddison2023+pwt1001,reconstructed
1915,K,15.629228519918774,trillion 2011 intl USD,maddison2023+pwt1001,reconstructed
1916,K,15.954785240649024,trillion 2011 intl USD,maddison2023+pwt1001,reconstructed
1917,K,16.324850496804537,trillion 2011 intl USD,maddison2023+pwt1001,reconstructed
1918,K,16.661243264249055,trillion 2011 intl USD,maddison2023+pwt1001,reconstructed
1919,K,16.98322094539569,trillion 2011 intl USD,maddison2023+pwt1001,reconstructed
1920,K,17.291802312180984,trillion 2011 intl USD,maddison2023+pwt1001,reconstructed
1921,K,17.592174584126568,trillion 2011 intl USD,maddison2023+pwt1001,reconstructed
1922,K,17.88296022713819,trillion 2011 intl USD,maddison2023+pwt1001,reconstructed
1923,K,18.222762741741352,trillion 2011 intl USD,maddison2023+pwt1001,reconstructed
1924,K,18.59021488669881,trillion 2011 intl USD,maddison2023+pwt1001,reconstructed
1925,K,18.993773392193305,trillion 2011 intl USD,maddison2023+pwt1001,reconstructed
1926,K,19.41911526794776,trillion 2011 intl USD,maddison2023+pwt1001,reconstructed
1927,K,19.86290730469832,trillion 2011 intl USD,maddison2023+pwt1001,reconstructed
1928,K,20.320089940364756,trillion 2011 intl USD,maddison2023+pwt1001,reconstructed
1929,K,20.79442465281942,trillion 2011 intl USD,maddison2023+pwt1001,reconstructed
1930,K,21.29737482214012,trillion 2011 intl USD,maddison2023+pwt1001,reconstructed
1931,K,21.728443944839107,trillion 2011 intl USD,maddison2023+pwt1001,reconstructed
1932,K,22.091389754295697,trillion 2011 intl USD,maddison2023+pwt1001,reconstructed
1933,K,22.38138286358522,trillion 2011 intl USD,maddison2023+pwt1001,reconstructed
1934,K,22.677000769879445,trillion 2011 intl USD,maddison2023+pwt1001,reconstructed
1935,K,23.01301212873267,trillion 2011 intl USD,maddison2023+pwt1001,reconstructed
1936,K,23.399139586084623,trillion 2011 intl USD,maddison2023+pwt1001,reconstructed
1937,K,23.832531416763377,trillion 2011 intl USD,maddison2023+pwt1001,reconstructed
1938,K,24.313104217009133,trillion 2011 intl USD,maddison2023+pwt1001,reconstructed
1939,K,24.776302669531912,trillion 2011 intl USD,maddison2023+pwt1001,reconstructed
1940,K,25.3002403281928,trillion 2011 intl USD,maddison2023+pwt1001,reconstructed
1941,K,25.84254674128071,trillion 2011 intl USD,maddison2023+pwt1001,reconstructed
1942,K,26.43701094682731,trillion 2011 intl USD,maddison2023+pwt1001,reconstructed
1943,K,27.056120530152103,trillion 2011 intl USD,maddison2023+pwt1001,reconstructed
1944,K,27.7024146011193,trillion 2011 intl USD,maddison2023+pwt1001,reconstructed
1945,K,28.34568255285178,trillion 2011 intl USD,maddison2023+pwt1001,reconstructed
1946,K,28.85387329977916,trillion 2011 intl USD,maddison2023+pwt1001,reconstructed
1947,K,29.24630832435484,trillion 2011 intl USD,maddison2023+pwt1001,reconstructed
1948,K,29.62501187670172,trillion 2011 intl USD,maddison2023+pwt1001,reconstructed
1949,K,30.054306948198587,trillion 2011 intl USD,maddison2023+pwt1001,reconstructed
1950,K,30.4988364671317,trillion 2011 intl USD,maddison2023+pwt1001,aggregated
1951,K,31.681529298050656,trillion 2011 intl USD,maddison2023+pwt1001,aggregated
1952,K,30.981886909448946,trillion 2011 intl USD,maddison2023+pwt1001,aggregated
1953,K,32.31010401899055,trillion 2011 intl USD,maddison2023+pwt1001,aggregated
1954,K,33.8276642156057,trillion 2011 intl USD,maddison2023+pwt1001,aggregated
1955,K,35.493614991615594,trillion 2011 intl USD,maddison2023+pwt1001,aggregated
1956,K,37.502723363202094,trillion 2011 intl USD,maddison2023+pwt1001,aggregated
1957,K,39.19730758095678,trillion 2011 intl USD,maddison2023+pwt1001,aggregated
1958,K,40.95750110547081,trillion 2011 intl USD,maddison2023+pwt1001,aggregated
1959,K,42.46818819772976,trillion 2011 intl USD,maddison2023+pwt1001,aggregated
1960,K,44.60963232204372,trillion 2011 intl USD,maddison2023+pwt1001,aggregated
1961,K,46.98905159076204,trillion 2011 intl USD,maddison2023+pwt1001,aggregated
1962,K,48.99877627907005,trillion 2011 intl USD,maddison2023+pwt1001,aggregated
1963,K,51.03228895078236,trillion 2011 intl USD,maddison2023+pwt1001,aggregated
1964,K,54.26439032610122,trillion 2011 intl USD,maddison2023+pwt1001,aggregated
1965,K,57.15174772972697,trillion 2011 intl USD,maddison2023+pwt1001,aggregated
1966,K,60.2003254181729,trillion 2011 intl USD,maddison2023+pwt1001,aggregated
1967,K,63.11196165783629,trillion 2011 intl USD,maddison2023+pwt1001,aggregated
1968,K,66.3645420947567,trillion 2011 intl USD,maddison2023+pwt1001,aggregated
1969,K,69.66339467570184,trillion 2011 intl USD,maddison2023+pwt1001,aggregated
1970,K,72.33702959448904,trillion 2011 intl USD,maddison2023+pwt1001,aggregated
1971,K,75.2215132591074,trillion 2011 intl USD,maddison2023+pwt1001,aggregated
1972,K,77.66550314769299,trillion 2011 intl USD,maddison2023+pwt1001,aggregated
1973,K,80.48578017739574,trillion 2011 intl USD,maddison2023+pwt1001,aggregated
1974,K,82.92813824585615,trillion 2011 intl USD,maddison2023+pwt1001,aggregated
1975,K,86.18259657008635,trillion 2011 intl USD,maddison2023+pwt1001,aggregated
1976,K,89.87026024108366,trillion 2011 intl USD,maddison2023+pwt1001,aggregated
1977,K,94.128393510213,trillion 2011 intl USD,maddison2023+pwt1001,aggregated
1978,K,98.55974275101954,trillion 2011 intl USD,maddison2023+pwt1001,aggregated
1979,K,102.920465790545,trillion 2011 intl USD,maddison2023+pwt1001,aggregated
1980,K,106.729926085659,trillion 2011 intl USD,maddison2023+pwt1001,aggregated
1981,K,110.58710513338976,trillion 2011 intl USD,maddison2023+pwt1001,aggregated
1982,K,113.84232474028096,trillion 2011 intl USD,maddison2023+pwt1001,aggregated
1983,K,115.92776214580157,trillion 2011 intl USD,maddison2023+pwt1001,aggregated
1984,K,118.97197966780436,trillion 2011 intl USD,maddison2023+pwt1001,aggregated
1985,K,122.41395893206004,trillion 2011 intl USD,maddison2023+pwt1001,aggregated
1986,K,126.79354230216585,trillion 2011 intl USD,maddison2023+pwt1001,aggregated
1987,K,130.44936683810087,trillion 2011 intl USD,maddison2023+pwt1001,aggregated
1988,K,135.14109452578688,trillion 2011 intl USD,maddison2023+pwt1001,aggregated
1989,K,140.9442594153667,trillion 2011 intl USD,maddison2023+pwt1001,aggregated
1990,K,152.2076009199134,trillion 2011 intl USD,maddison2023+pwt1001,aggregated
1991,K,159.78548433644056,trillion 2011 intl USD,maddison2023+pwt1001,aggregated
1992,K,165.9495693751498,trillion 2011 intl USD,maddison2023+pwt1001,aggregated
1993,K,175.6407571774531,trillion 2011 intl USD,maddison2023+pwt1001,aggregated
1994,K,184.5746912192495,trillion 2011 intl USD,maddison2023+pwt1001,aggregated
1995,K,191.2429639765768,trillion 2011 intl USD,maddison2023+pwt1001,aggregated
1996,K,197.0451750431933,trillion 2011 intl USD,maddison2023+pwt1001,aggregated
1997,K,201.17188619784335,trillion 2011 intl USD,maddison2023+pwt1001,aggregated
1998,K,204.81164089705464,trillion 2011 intl USD,maddison2023+pwt1001,aggregated
1999,K,206.8191690257057,trillion 2011 intl USD,maddison2023+pwt1001,aggregated
2000,K,208.8008122607685,trillion 2011 intl USD,maddison2023+pwt1001,aggregated
2001,K,213.1132063835603,trillion 2011 intl USD,maddison2023+pwt1001,aggregated
2002,K,217.3641853731673,trillion 2011 intl USD,maddison2023+pwt1001,aggregated
2003,K,227.6549003976058,trillion 2011 intl USD,maddison2023+pwt1001,aggregated
2004,K,239.4513874062702,trillion 2011 intl USD,maddison2023+pwt1001,aggregated
2005,K,247.6494590341332,trillion 2011 intl USD,maddison2023+pwt1001,aggregated
2006,K,267.16022735630173,trillion 2011 intl USD,maddison2023+pwt1001,aggregated
2007,K,287.5197006785925,trillion 2011 intl USD,maddison2023+pwt1001,aggregated
2008,K,309.3776994927944,trillion 2011 intl USD,maddison2023+pwt1001,aggregated
2009,K,334.9966319692052,trillion 2011 intl USD,maddison2023+pwt1001,aggregated
2010,K,353.047448723287,trillion 2011 intl USD,maddison2023+pwt1001,aggregated
2011,K,366.2333777806229,trillion 2011 intl USD,maddison2023+pwt1001,aggregated
2012,K,382.07342988010254,trillion 2011 intl USD,maddison2023+pwt1001,aggregated
2013,K,404.923551654392,trillion 2011 intl USD,maddison2023+pwt1001,aggregated
2014,K,427.1104700596424,trillion 2011 intl USD,maddison2023+pwt1001,aggregated
2015,K,448.1526107603633,trillion 2011 intl USD,maddison2023+pwt1001,aggregated
2016,K,467.84508847860513,trillion 2011 intl USD,maddison2023+pwt1001,aggregated
2017,K,478.0218593012185,trillion 2011 intl USD,maddison2023+pwt1001,aggregated
2018,K,500.5309453072692,trillion 2011 intl USD,maddison2023+pwt1001,aggregated
2019,K,524.7873584205164,trillion 2011 intl USD,maddison2023+pwt1001,aggregated
2020,K,533.6325306800993,trillion 2011 intl USD,maddison2023+pwt1001,aggregated
1900,MK,35.60524415,Gt,krausmann2018,observed
1901,MK,36.0792218,Gt,krausmann2018,observed
1902,MK,36.55821837,Gt,krausmann2018,observed
1903,MK,37.05718937,Gt,krausmann2018,observed
1904,MK,37.5628579,Gt,krausmann2018,observed
1905,MK,38.11411095,Gt,krausmann2018,observed
1906,MK,38.6714584,Gt,krausmann2018,observed
1907,MK,39.2614521,Gt,krausmann2018,observed
1908,MK,39.86494835,Gt,krausmann2018,observed
1909,MK,40.50403969,Gt,krausmann2018,observed
1910,MK,41.15230489,Gt,krausmann2018,observed
1911,MK,41.79638252,Gt,krausmann2018,observed
1912,MK,42.46025319,Gt,krausmann2018,observed
1913,MK,43.14917067,Gt,krausmann2018,observed
1914,MK,43.78211545,Gt,krausmann2018,observed
1915,MK,44.38289789,Gt,krausmann2018,observed
1916,MK,44.99683881,Gt,krausmann2018,observed
1917,MK,45.57035199,Gt,krausmann2018,observed
1918,MK,46.15189012,Gt,krausmann2018,observed
1919,MK,46.63461682,Gt,krausmann2018,observed
1920,MK,47.18794926,Gt,krausmann2018,observed
1921,MK,47.71371557,Gt,krausmann2018,observed
1922,MK,48.34343901,Gt,krausmann2018,observed
1923,MK,49.00599709,Gt,krausmann2018,observed
1924,MK,49.75464794,Gt,krausmann2018,observed
1925,MK,50.56611264,Gt,krausmann2018,observed
1926,MK,51.44717435,Gt,krausmann2018,observed
1927,MK,52.40801943,Gt,krausmann2018,observed
1928,MK,53.39561082,Gt,krausmann2018,observed
1929,MK,54.42932612,Gt,krausmann2018,observed
1930,MK,55.42650605,Gt,krausmann2018,observed
1931,MK,56.36188329,Gt,krausmann2018,observed
1932,MK,57.18800249,Gt,krausmann2018,observed
1933,MK,58.01938409,Gt,krausmann2018,observed
1934,MK,58.96060416,Gt,krausmann2018,observed
1935,MK,59.95008298,Gt,krausmann2018,observed
1936,MK,60.99613575,Gt,krausmann2018,observed
1937,MK,62.23944494,Gt,krausmann2018,observed
1938,MK,63.49346808,Gt,krausmann2018,observed
1939,MK,64.81690905,Gt,krausmann2018,observed
1940,MK,66.13005207,Gt,krausmann2018,observed
1941,MK,67.51383669,Gt,krausmann2018,observed
1942,MK,68.85560639,Gt,krausmann2018,observed
1943,MK,70.1759406,Gt,krausmann2018,observed
1944,MK,71.44425124,Gt,krausmann2018,observed
1945,MK,72.67535398,Gt,krausmann2018,observed
1946,MK,74.11274361,Gt,krausmann2018,observed
1947,MK,75.77802632,Gt,krausmann2018,observed
1948,MK,77.63957207,Gt,krausmann2018,observed
1949,MK,79.68769091,Gt,krausmann2018,observed
1950,MK,82.02572453,Gt,krausmann2018,observed
1951,MK,84.61641115,Gt,krausmann2018,observed
1952,MK,87.41664091,Gt,krausmann2018,observed
1953,MK,90.39209242,Gt,krausmann2018,observed
1954,MK,93.64238871,Gt,krausmann2018,observed
1955,MK,97.0759443,Gt,krausmann2018,observed
1956,MK,100.8306266,Gt,krausmann2018,observed
1957,MK,104.7888345,Gt,krausmann2018,observed
1958,MK,108.9531186,Gt,krausmann2018,observed
1959,MK,113.4452295,Gt,krausmann2018,observed
1960,MK,118.2876748,Gt,krausmann2018,observed
1961,MK,123.4265201,Gt,krausmann2018,observed
1962,MK,128.8910081,Gt,krausmann2018,observed
1963,MK,134.7133277,Gt,krausmann2018,observed
1964,MK,141.0868563,Gt,krausmann2018,observed
1965,MK,147.8153137,Gt,krausmann2018,observed
1966,MK,155.1356903,Gt,krausmann2018,observed
1967,MK,162.4946492,Gt,krausmann2018,observed
1968,MK,170.4633324,Gt,krausmann2018,observed
1969,MK,178.7468139,Gt,krausmann2018,observed
1970,MK,187.8191861,Gt,krausmann2018,observed
1971,MK,196.9922258,Gt,krausmann2018,observed
1972,MK,207.4040516,Gt,krausmann2018,observed
1973,MK,218.1509481,Gt,krausmann2018,observed
1974,MK,229.0763115,Gt,krausmann2018,observed
1975,MK,239.5264085,Gt,krausmann2018,observed
1976,MK,249.9505266,Gt,krausmann2018,observed
1977,MK,260.6095128,Gt,krausmann2018,observed
1978,MK,271.744894,Gt,krausmann2018,observed
1979,MK,283.1896233,Gt,krausmann2018,observed
1980,MK,294.5070663,Gt,krausmann2018,observed
1981,MK,305.1775736,Gt,krausmann2018,observed
1982,MK,315.4915198,Gt,krausmann2018,observed
1983,MK,325.8412944,Gt,krausmann2018,observed
1984,MK,336.6893783,Gt,krausmann2018,observed
1985,MK,347.614282,Gt,krausmann2018,observed
1986,MK,358.9926333,Gt,krausmann2018,observed
1987,MK,370.9090472,Gt,krausmann2018,observed
1988,MK,383.8058409,Gt,krausmann2018,observed
1989,MK,396.1545388,Gt,krausmann2018,observed
1990,MK,408.3964376,Gt,krausmann2018,observed
1991,MK,421.7931645,Gt,krausmann2018,observed
1992,MK,435.1348274,Gt,krausmann2018,observed
1993,MK,449.8678576,Gt,krausmann2018,observed
1994,MK,465.2940164,Gt,krausmann2018,observed
1995,MK,482.5337584,Gt,krausmann2018,observed
1996,MK,499.614954,Gt,krausmann2018,observed
1997,MK,517.0800316,Gt,krausmann2018,observed
1998,MK,535.262777,Gt,krausmann2018,observed
1999,MK,553.7551827,Gt,krausmann2018,observed
2000,MK,572.573378,Gt,krausmann2018,observed
2001,MK,591.1931117,Gt,krausmann2018,observed
2002,MK,609.8890756,Gt,krausmann2018,observed
2003,MK,630.0843633,Gt,krausmann2018,observed
2004,MK,651.5564318,Gt,krausmann2018,observed
2005,MK,674.0892348,Gt,krausmann2018,observed
2006,MK,698.6737359,Gt,krausmann2018,observed
2007,MK,724.370936,Gt,krausmann2018,observed
2008,MK,749.6552391,Gt,krausmann2018,observed
2009,MK,775.70772,Gt,krausmann2018,observed
2010,MK,803.3874067,Gt,krausmann2018,observed
2011,MK,833.4031519,Gt,krausmann2018,observed
2012,MK,864.0753459,Gt,krausmann2018,observed
2013,MK,896.0151036,Gt,krausmann2018,observed
2014,MK,928.3383179,Gt,krausmann2018,observed
2015,MK,959.6117808,Gt,krausmann2018,observed
1900,N,7.281262027,Gt/yr,krausmann2018,observed
1901,N,7.402502529,Gt/yr,krausmann2018,observed
1902,N,7.501325273,Gt/yr,krausmann2018,observed
1903,N,7.691972084,Gt/yr,krausmann2018,observed
1904,N,7.779274113,Gt/yr,krausmann2018,observed
1905,N,7.971786085,Gt/yr,krausmann2018,observed
1906,N,8.136722568,Gt/yr,krausmann2018,observed
1907,N,8.396613628,Gt/yr,krausmann2018,observed
1908,N,8.406813134,Gt/yr,krausmann2018,observed
1909,N,8.587699931,Gt/yr,krausmann2018,observed
1910,N,8.747124079,Gt/yr,krausmann2018,observed
1911,N,8.857435956,Gt/yr,krausmann2018,observed
1912,N,9.059822328,Gt/yr,krausmann2018,observed
1913,N,9.301464763,Gt/yr,krausmann2018,observed
1914,N,9.111423404,Gt/yr,krausmann2018,observed
1915,N,9.14294769,Gt/yr,krausmann2018,observed
1916,N,9.380735227,Gt/yr,krausmann2018,observed
1917,N,9.509155965,Gt/yr,krausmann2018,observed
1918,N,9.554500509,Gt/yr,krausmann2018,observed
1919,N,9.294377385,Gt/yr,krausmann2018,observed
1920,N,9.683709204,Gt/yr,krausmann2018,observed
1921,N,9.431403358,Gt/yr,krausmann2018,observed
1922,N,9.7751722,Gt/yr,krausmann2018,observed
1923,N,10.14775122,Gt/yr,krausmann2018,observed
1924,N,10.32363582,Gt/yr,krausmann2018,observed
1925,N,10.52186014,Gt/yr,krausmann2018,observed
1926,N,10.6813256,Gt/yr,krausmann2018,observed
1927,N,10.98647892,Gt/yr,krausmann2018,observed
1928,N,11.29296211,Gt/yr,krausmann2018,observed
1929,N,11.4558046,Gt/yr,krausmann2018,observed
1930,N,11.30461227,Gt/yr,krausmann2018,observed
1931,N,11.01882162,Gt/yr,krausmann2018,observed
1932,N,10.71308999,Gt/yr,krausmann2018,observed
1933,N,10.87947286,Gt/yr,krausmann2018,observed
1934,N,11.256925,Gt/yr,krausmann2018,observed
1935,N,11.49833958,Gt/yr,krausmann2018,observed
1936,N,11.85146005,Gt/yr,krausmann2018,observed
1937,N,12.33367145,Gt/yr,krausmann2018,observed
1938,N,12.16295606,Gt/yr,krausmann2018,observed
1939,N,12.53721815,Gt/yr,krausmann2018,observed
1940,N,12.84606239,Gt/yr,krausmann2018,observed
1941,N,13.08400292,Gt/yr,krausmann2018,observed
1942,N,13.09770308,Gt/yr,krausmann2018,observed
1943,N,13.22306292,Gt/yr,krausmann2018,observed
1944,N,13.15016896,Gt/yr,krausmann2018,observed
1945,N,12.64295712,Gt/yr,krausmann2018,observed
1946,N,13.05343476,Gt/yr,krausmann2018,observed
1947,N,13.69404957,Gt/yr,krausmann2018,observed
1948,N,14.15370607,Gt/yr,krausmann2018,observed
1949,N,14.33128488,Gt/yr,krausmann2018,observed
1950,N,14.98945685,Gt/yr,krausmann2018,observed
1951,N,15.63922635,Gt/yr,krausmann2018,observed
1952,N,16.08032553,Gt/yr,krausmann2018,observed
1953,N,16.50993427,Gt/yr,krausmann2018,observed
1954,N,17.05367874,Gt/yr,krausmann2018,observed
1955,N,17.70593459,Gt/yr,krausmann2018,observed
1956,N,18.45553898,Gt/yr,krausmann2018,observed
1957,N,19.01734689,Gt/yr,krausmann2018,observed
1958,N,19.53526918,Gt/yr,krausmann2018,observed
1959,N,20.34125246,Gt/yr,krausmann2018,observed
1960,N,21.27379464,Gt/yr,krausmann2018,observed
1961,N,21.82592137,Gt/yr,krausmann2018,observed
1962,N,22.67795252,Gt/yr,krausmann2018,observed
1963,N,23.68982223,Gt/yr,krausmann2018,observed
1964,N,25.05214418,Gt/yr,krausmann2018,observed
1965,N,25.6279301,Gt/yr,krausmann2018,observed
1966,N,26.98654478,Gt/yr,krausmann2018,observed
1967,N,27.50298139,Gt/yr,krausmann2018,observed
1968,N,28.82397113,Gt/yr,krausmann2018,observed
1969,N,29.61849955,Gt/yr,krausmann2018,observed
1970,N,31.19700793,Gt/yr,krausmann2018,observed
1971,N,31.99215635,Gt/yr,krausmann2018,observed
1972,N,33.64892248,Gt/yr,krausmann2018,observed
1973,N,34.98198897,Gt/yr,krausmann2018,observed
1974,N,35.59786317,Gt/yr,krausmann2018,observed
1975,N,35.45574613,Gt/yr,krausmann2018,observed
1976,N,36.29020995,Gt/yr,krausmann2018,observed
1977,N,37.03497017,Gt/yr,krausmann2018,observed
1978,N,38.21873715,Gt/yr,krausmann2018,observed
1979,N,39.10850908,Gt/yr,krausmann2018,observed
1980,N,39.16208093,Gt/yr,krausmann2018,observed
1981,N,38.86754172,Gt/yr,krausmann2018,observed
1982,N,39.07552347,Gt/yr,krausmann2018,observed
1983,N,39.16888236,Gt/yr,krausmann2018,observed
1984,N,40.92896959,Gt/yr,krausmann2018,observed
1985,N,41.42160956,Gt/yr,krausmann2018,observed
1986,N,42.43057199,Gt/yr,krausmann2018,observed
1987,N,43.51615831,Gt/yr,krausmann2018,observed
1988,N,45.26677682,Gt/yr,krausmann2018,observed
1989,N,45.62795922,Gt/yr,krausmann2018,observed
1990,N,45.9620898,Gt/yr,krausmann2018,observed
1991,N,46.94918438,Gt/yr,krausmann2018,observed
1992,N,47.06854788,Gt/yr,krausmann2018,observed
1993,N,48.42539901,Gt/yr,krausmann2018,observed
1994,N,49.75365363,Gt/yr,krausmann2018,observed
1995,N,52.70309856,Gt/yr,krausmann2018,observed
1996,N,53.46427333,Gt/yr,krausmann2018,observed
1997,N,54.09420464,Gt/yr,krausmann2018,observed
1998,N,55.37204418,Gt/yr,krausmann2018,observed
1999,N,56.20039616,Gt/yr,krausmann2018,observed
2000,N,57.1705816,Gt/yr,krausmann2018,observed
2001,N,57.54975487,Gt/yr,krausmann2018,observed
2002,N,58.13417878,Gt/yr,krausmann2018,observed
2003,N,60.88263583,Gt/yr,krausmann2018,observed
2004,N,63.82462409,Gt/yr,krausmann2018,observed
2005,N,66.43581979,Gt/yr,krausmann2018,observed
2006,N,69.89720846,Gt/yr,krausmann2018,observed
2007,N,72.75333144,Gt/yr,krausmann2018,observed
2008,N,73.87874914,Gt/yr,krausmann2018,observed
2009,N,75.18374798,Gt/yr,krausmann2018,observed
2010,N,78.55962722,Gt/yr,krausmann2018,observed
2011,N,83.2492244,Gt/yr,krausmann2018,observed
2012,N,84.91511564,Gt/yr,krausmann2018,observed
2013,N,87.87265381,Gt/yr,krausmann2018,observed
2014,N,89.29127028,Gt/yr,krausmann2018,observed
2015,N,88.90689205,Gt/yr,krausmann2018,observed
1900,N_biomass,5.271598443,Gt/yr,krausmann2018,observed
1901,N_biomass,5.332061472,Gt/yr,krausmann2018,observed
1902,N_biomass,5.392524501,Gt/yr,krausmann2018,observed
1903,N_biomass,5.452987529,Gt/yr,krausmann2018,observed
1904,N_biomass,5.513450558,Gt/yr,krausmann2018,observed
1905,N_biomass,5.573913587,Gt/yr,krausmann2018,observed
1906,N_biomass,5.634376615,Gt/yr,krausmann2018,observed
1907,N_biomass,5.694839644,Gt/yr,krausmann2018,observed
1908,N_biomass,5.755302673,Gt/yr,krausmann2018,observed
1909,N_biomass,5.815765702,Gt/yr,krausmann2018,observed
1910,N_biomass,5.87622873,Gt/yr,krausmann2018,observed
1911,N_biomass,5.947307715,Gt/yr,krausmann2018,observed
1912,N_biomass,6.0183867,Gt/yr,krausmann2018,observed
1913,N_biomass,6.089465684,Gt/yr,krausmann2018,observed
1914,N_biomass,6.160544669,Gt/yr,krausmann2018,observed
1915,N_biomass,6.231623654,Gt/yr,krausmann2018,observed
1916,N_biomass,6.302702638,Gt/yr,krausmann2018,observed
1917,N_biomass,6.373781623,Gt/yr,krausmann2018,observed
1918,N_biomass,6.444860608,Gt/yr,krausmann2018,observed
1919,N_biomass,6.515939593,Gt/yr,krausmann2018,observed
1920,N_biomass,6.587018577,Gt/yr,krausmann2018,observed
1921,N_biomass,6.658097562,Gt/yr,krausmann2018,observed
1922,N_biomass,6.729176547,Gt/yr,krausmann2018,observed
1923,N_biomass,6.800255531,Gt/yr,krausmann2018,observed
1924,N_biomass,6.871334516,Gt/yr,krausmann2018,observed
1925,N_biomass,6.942413501,Gt/yr,krausmann2018,observed
1926,N_biomass,7.013492485,Gt/yr,krausmann2018,observed
1927,N_biomass,7.08457147,Gt/yr,krausmann2018,observed
1928,N_biomass,7.155650455,Gt/yr,krausmann2018,observed
1929,N_biomass,7.22672944,Gt/yr,krausmann2018,observed
1930,N_biomass,7.297808424,Gt/yr,krausmann2018,observed
1931,N_biomass,7.342558234,Gt/yr,krausmann2018,observed
1932,N_biomass,7.387308043,Gt/yr,krausmann2018,observed
1933,N_biomass,7.432057852,Gt/yr,krausmann2018,observed
1934,N_biomass,7.476807662,Gt/yr,krausmann2018,observed
1935,N_biomass,7.521557471,Gt/yr,krausmann2018,observed
1936,N_biomass,7.566307281,Gt/yr,krausmann2018,observed
1937,N_biomass,7.61105709,Gt/yr,krausmann2018,observed
1938,N_biomass,7.6558069,Gt/yr,krausmann2018,observed
1939,N_biomass,7.700556709,Gt/yr,krausmann2018,observed
1940,N_biomass,7.745306518,Gt/yr,krausmann2018,observed
1941,N_biomass,7.790056328,Gt/yr,krausmann2018,observed
1942,N_biomass,7.834806137,Gt/yr,krausmann2018,observed
1943,N_biomass,7.879555947,Gt/yr,krausmann2018,observed
1944,N_biomass,7.924305756,Gt/yr,krausmann2018,observed
1945,N_biomass,7.969055566,Gt/yr,krausmann2018,observed
1946,N_biomass,8.013805375,Gt/yr,krausmann2018,observed
1947,N_biomass,8.058555184,Gt/yr,krausmann2018,observed
1948,N_biomass,8.103304994,Gt/yr,krausmann2018,observed
1949,N_biomass,8.148054803,Gt/yr,krausmann2018,observed
1950,N_biomass,8.192804613,Gt/yr,krausmann2018,observed
1951,N_biomass,8.309263353,Gt/yr,krausmann2018,observed
1952,N_biomass,8.425722093,Gt/yr,krausmann2018,observed
1953,N_biomass,8.542180833,Gt/yr,krausmann2018,observed
1954,N_biomass,8.658639574,Gt/yr,krausmann2018,observed
1955,N_biomass,8.775098314,Gt/yr,krausmann2018,observed
1956,N_biomass,8.891557054,Gt/yr,krausmann2018,observed
1957,N_biomass,9.008015794,Gt/yr,krausmann2018,observed
1958,N_biomass,9.124474534,Gt/yr,krausmann2018,observed
1959,N_biomass,9.240933275,Gt/yr,krausmann2018,observed
1960,N_biomass,9.357392015,Gt/yr,krausmann2018,observed
1961,N_biomass,9.473850755,Gt/yr,krausmann2018,observed
1962,N_biomass,9.616477254,Gt/yr,krausmann2018,observed
1963,N_biomass,9.737299986,Gt/yr,krausmann2018,observed
1964,N_biomass,10.11986499,Gt/yr,krausmann2018,observed
1965,N_biomass,10.30190887,Gt/yr,krausmann2018,observed
1966,N_biomass,10.68614457,Gt/yr,krausmann2018,observed
1967,N_biomass,10.98178634,Gt/yr,krausmann2018,observed
1968,N_biomass,11.18348722,Gt/yr,krausmann2018,observed
1969,N_biomass,11.28885261,Gt/yr,krausmann2018,observed
1970,N_biomass,11.57350618,Gt/yr,krausmann2018,observed
1971,N_biomass,11.92007202,Gt/yr,krausmann2018,observed
1972,N_biomass,11.91285869,Gt/yr,krausmann2018,observed
1973,N_biomass,12.38955295,Gt/yr,krausmann2018,observed
1974,N_biomass,12.5200675,Gt/yr,krausmann2018,observed
1975,N_biomass,12.59878556,Gt/yr,krausmann2018,observed
1976,N_biomass,12.96998909,Gt/yr,krausmann2018,observed
1977,N_biomass,13.08525345,Gt/yr,krausmann2018,observed
1978,N_biomass,13.4567124,Gt/yr,krausmann2018,observed
1979,N_biomass,13.5171866,Gt/yr,krausmann2018,observed
1980,N_biomass,13.51803751,Gt/yr,krausmann2018,observed
1981,N_biomass,13.89319371,Gt/yr,krausmann2018,observed
1982,N_biomass,14.18902226,Gt/yr,krausmann2018,observed
1983,N_biomass,14.1474248,Gt/yr,krausmann2018,observed
1984,N_biomass,14.6905423,Gt/yr,krausmann2018,observed
1985,N_biomass,14.89941964,Gt/yr,krausmann2018,observed
1986,N_biomass,15.06484129,Gt/yr,krausmann2018,observed
1987,N_biomass,15.15500489,Gt/yr,krausmann2018,observed
1988,N_biomass,15.21320124,Gt/yr,krausmann2018,observed
1989,N_biomass,15.74169017,Gt/yr,krausmann2018,observed
1990,N_biomass,16.04596797,Gt/yr,krausmann2018,observed
1991,N_biomass,15.94001386,Gt/yr,krausmann2018,observed
1992,N_biomass,16.14785439,Gt/yr,krausmann2018,observed
1993,N_biomass,15.87673699,Gt/yr,krausmann2018,observed
1994,N_biomass,16.10603627,Gt/yr,krausmann2018,observed
1995,N_biomass,16.2174489,Gt/yr,krausmann2018,observed
1996,N_biomass,16.68329088,Gt/yr,krausmann2018,observed
1997,N_biomass,16.75297711,Gt/yr,krausmann2018,observed
1998,N_biomass,16.79842385,Gt/yr,krausmann2018,observed
1999,N_biomass,17.04088603,Gt/yr,krausmann2018,observed
2000,N_biomass,17.14054848,Gt/yr,krausmann2018,observed
2001,N_biomass,17.22129193,Gt/yr,krausmann2018,observed
2002,N_biomass,17.41902762,Gt/yr,krausmann2018,observed
2003,N_biomass,17.73274993,Gt/yr,krausmann2018,observed
2004,N_biomass,18.38029679,Gt/yr,krausmann2018,observed
2005,N_biomass,18.68878601,Gt/yr,krausmann2018,observed
2006,N_biomass,19.02984543,Gt/yr,krausmann2018,observed
2007,N_biomass,19.7396055,Gt/yr,krausmann2018,observed
2008,N_biomass,20.38369123,Gt/yr,krausmann2018,observed
2009,N_biomass,20.41650414,Gt/yr,krausmann2018,observed
2010,N_biomass,20.81683143,Gt/yr,krausmann2018,observed
2011,N_biomass,21.34257868,Gt/yr,krausmann2018,observed
2012,N_biomass,21.53982488,Gt/yr,krausmann2018,observed
2013,N_biomass,22.250732,Gt/yr,krausmann2018,observed
2014,N_biomass,22.52203074,Gt/yr,krausmann2018,observed
2015,N_biomass,22.6824349,Gt/yr,krausmann2018,observed
1900,N_fossil,0.9674449631,Gt/yr,krausmann2018,observed
1901,N_fossil,0.9945563339,Gt/yr,krausmann2018,observed
1902,N_fossil,1.016628579,Gt/yr,krausmann2018,observed
1903,N_fossil,1.114395693,Gt/yr,krausmann2018,observed
1904,N_fossil,1.125502716,Gt/yr,krausmann2018,observed
1905,N_fossil,1.188792326,Gt/yr,krausmann2018,observed
1906,N_fossil,1.280764473,Gt/yr,krausmann2018,observed
1907,N_fossil,1.417625727,Gt/yr,krausmann2018,observed
1908,N_fossil,1.349321262,Gt/yr,krausmann2018,observed
1909,N_fossil,1.40820668,Gt/yr,krausmann2018,observed
1910,N_fossil,1.473345563,Gt/yr,krausmann2018,observed
1911,N_fossil,1.503989375,Gt/yr,krausmann2018,observed
1912,N_fossil,1.584716221,Gt/yr,krausmann2018,observed
1913,N_fossil,1.699370061,Gt/yr,krausmann2018,observed
1914,N_fossil,1.529214891,Gt/yr,krausmann2018,observed
1915,N_fossil,1.514020971,Gt/yr,krausmann2018,observed
1916,N_fossil,1.629912112,Gt/yr,krausmann2018,observed
1917,N_fossil,1.720420503,Gt/yr,krausmann2018,observed
1918,N_fossil,1.694956301,Gt/yr,krausmann2018,observed
1919,N_fossil,1.496440284,Gt/yr,krausmann2018,observed
1920,N_fossil,1.723399927,Gt/yr,krausmann2018,observed
1921,N_fossil,1.476020173,Gt/yr,krausmann2018,observed
1922,N_fossil,1.57814278,Gt/yr,krausmann2018,observed
1923,N_fossil,1.79387524,Gt/yr,krausmann2018,observed
1924,N_fossil,1.775711243,Gt/yr,krausmann2018,observed
1925,N_fossil,1.785741231,Gt/yr,krausmann2018,observed
1926,N_fossil,1.782714467,Gt/yr,krausmann2018,observed
1927,N_fossil,1.902372897,Gt/yr,krausmann2018,observed
1928,N_fossil,2.065291264,Gt/yr,krausmann2018,observed
1929,N_fossil,2.060073193,Gt/yr,krausmann2018,observed
1930,N_fossil,1.896365959,Gt/yr,krausmann2018,observed
1931,N_fossil,1.691397595,Gt/yr,krausmann2018,observed
1932,N_fossil,1.520362939,Gt/yr,krausmann2018,observed
1933,N_fossil,1.599461733,Gt/yr,krausmann2018,observed
1934,N_fossil,1.746018057,Gt/yr,krausmann2018,observed
1935,N_fossil,1.838210724,Gt/yr,krausmann2018,observed
1936,N_fossil,2.015176554,Gt/yr,krausmann2018,observed
1937,N_fossil,2.14894637,Gt/yr,krausmann2018,observed
1938,N_fossil,1.961674599,Gt/yr,krausmann2018,observed
1939,N_fossil,2.158324311,Gt/yr,krausmann2018,observed
1940,N_fossil,2.370280257,Gt/yr,krausmann2018,observed
1941,N_fossil,2.447681176,Gt/yr,krausmann2018,observed
1942,N_fossil,2.469791584,Gt/yr,krausmann2018,observed
1943,N_fossil,2.543647746,Gt/yr,krausmann2018,observed
1944,N_fossil,2.529573132,Gt/yr,krausmann2018,observed
1945,N_fossil,2.065616949,Gt/yr,krausmann2018,observed
1946,N_fossil,2.206678535,Gt/yr,krausmann2018,observed
1947,N_fossil,2.477714917,Gt/yr,krausmann2018,observed
1948,N_fossil,2.603893228,Gt/yr,krausmann2018,observed
1949,N_fossil,2.517806111,Gt/yr,krausmann2018,observed
1950,N_fossil,2.751761411,Gt/yr,krausmann2018,observed
1951,N_fossil,2.935821511,Gt/yr,krausmann2018,observed
1952,N_fossil,2.984792357,Gt/yr,krausmann2018,observed
1953,N_fossil,3.030953097,Gt/yr,krausmann2018,observed
1954,N_fossil,3.081555162,Gt/yr,krausmann2018,observed
1955,N_fossil,3.358170969,Gt/yr,krausmann2018,observed
1956,N_fossil,3.562493412,Gt/yr,krausmann2018,observed
1957,N_fossil,3.71122275,Gt/yr,krausmann2018,observed
1958,N_fossil,3.899910043,Gt/yr,krausmann2018,observed
1959,N_fossil,4.117225628,Gt/yr,krausmann2018,observed
1960,N_fossil,4.422777226,Gt/yr,krausmann2018,observed
1961,N_fossil,4.47803806,Gt/yr,krausmann2018,observed
1962,N_fossil,4.746241353,Gt/yr,krausmann2018,observed
1963,N_fossil,5.113097356,Gt/yr,krausmann2018,observed
1964,N_fossil,5.385983445,Gt/yr,krausmann2018,observed
1965,N_fossil,5.28333271,Gt/yr,krausmann2018,observed
1966,N_fossil,5.517977697,Gt/yr,krausmann2018,observed
1967,N_fossil,5.554445515,Gt/yr,krausmann2018,observed
1968,N_fossil,5.881066318,Gt/yr,krausmann2018,observed
1969,N_fossil,6.063904955,Gt/yr,krausmann2018,observed
1970,N_fossil,6.309324811,Gt/yr,krausmann2018,observed
1971,N_fossil,6.5127011,Gt/yr,krausmann2018,observed
1972,N_fossil,6.74671812,Gt/yr,krausmann2018,observed
1973,N_fossil,7.06038594,Gt/yr,krausmann2018,observed
1974,N_fossil,7.10872088,Gt/yr,krausmann2018,observed
1975,N_fossil,7.17154368,Gt/yr,krausmann2018,observed
1976,N_fossil,7.5060362,Gt/yr,krausmann2018,observed
1977,N_fossil,7.77196226,Gt/yr,krausmann2018,observed
1978,N_fossil,7.91417494,Gt/yr,krausmann2018,observed
1979,N_fossil,8.26891386,Gt/yr,krausmann2018,observed
1980,N_fossil,8.22607866,Gt/yr,krausmann2018,observed
1981,N_fossil,8.10932272,Gt/yr,krausmann2018,observed
1982,N_fossil,8.29872746,Gt/yr,krausmann2018,observed
1983,N_fossil,8.32600336,Gt/yr,krausmann2018,observed
1984,N_fossil,8.7003234,Gt/yr,krausmann2018,observed
1985,N_fossil,8.7049467,Gt/yr,krausmann2018,observed
1986,N_fossil,8.9512068,Gt/yr,krausmann2018,observed
1987,N_fossil,9.13932162,Gt/yr,krausmann2018,observed
1988,N_fossil,9.3876675,Gt/yr,krausmann2018,observed
1989,N_fossil,9.55830828,Gt/yr,krausmann2018,observed
1990,N_fossil,9.49776058,Gt/yr,krausmann2018,observed
1991,N_fossil,9.351519,Gt/yr,krausmann2018,observed
1992,N_fossil,9.1966478,Gt/yr,krausmann2018,observed
1993,N_fossil,9.14349198,Gt/yr,krausmann2018,observed
1994,N_fossil,9.27028622,Gt/yr,krausmann2018,observed
1995,N_fossil,9.50074372,Gt/yr,krausmann2018,observed
1996,N_fossil,9.7182689,Gt/yr,krausmann2018,observed
1997,N_fossil,9.79176704,Gt/yr,krausmann2018,observed
1998,N_fossil,9.85659494,Gt/yr,krausmann2018,observed
1999,N_fossil,9.78153448,Gt/yr,krausmann2018,observed
2000,N_fossil,10.10193684,Gt/yr,krausmann2018,observed
2001,N_fossil,10.36266516,Gt/yr,krausmann2018,observed
2002,N_fossil,10.42901334,Gt/yr,krausmann2018,observed
2003,N_fossil,10.98797416,Gt/yr,krausmann2018,observed
2004,N_fossil,11.57643716,Gt/yr,krausmann2018,observed
2005,N_fossil,12.03213362,Gt/yr,krausmann2018,observed
2006,N_fossil,12.43660204,Gt/yr,krausmann2018,observed
2007,N_fossil,12.6862178,Gt/yr,krausmann2018,observed
2008,N_fossil,12.9855631,Gt/yr,krausmann2018,observed
2009,N_fossil,12.90849438,Gt/yr,krausmann2018,observed
2010,N_fossil,13.49564792,Gt/yr,krausmann2018,observed
2011,N_fossil,14.20065708,Gt/yr,krausmann2018,observed
2012,N_fossil,14.42767576,Gt/yr,krausmann2018,observed
2013,N_fossil,14.591768,Gt/yr,krausmann2018,observed
2014,N_fossil,14.62459504,Gt/yr,krausmann2018,observed
2015,N_fossil,14.51123148,Gt/yr,krausmann2018,observed
1900,N_metals,0.1528495985,Gt/yr,krausmann2018,observed
1901,N_metals,0.1575352451,Gt/yr,krausmann2018,observed
1902,N_metals,0.1617502122,Gt/yr,krausmann2018,observed
1903,N_metals,0.1658964368,Gt/yr,krausmann2018,observed
1904,N_metals,0.171545121,Gt/yr,krausmann2018,observed
1905,N_metals,0.1975973477,Gt/yr,krausmann2018,observed
1906,N_metals,0.1878147738,Gt/yr,krausmann2018,observed
1907,N_metals,0.2238182507,Gt/yr,krausmann2018,observed
1908,N_metals,0.2071882511,Gt/yr,krausmann2018,observed
1909,N_metals,0.2303050859,Gt/yr,krausmann2018,observed
1910,N_metals,0.25298784,Gt/yr,krausmann2018,observed
1911,N_metals,0.2491021195,Gt/yr,krausmann2018,observed
1912,N_metals,0.278701475,Gt/yr,krausmann2018,observed
1913,N_metals,0.3114502575,Gt/yr,krausmann2018,observed
1914,N_metals,0.2436711256,Gt/yr,krausmann2018,observed
1915,N_metals,0.2485528041,Gt/yr,krausmann2018,observed
1916,N_metals,0.292379766,Gt/yr,krausmann2018,observed
1917,N_metals,0.2990065405,Gt/yr,krausmann2018,observed
1918,N_metals,0.2804621626,Gt/yr,krausmann2018,observed
1919,N_metals,0.2321566311,Gt/yr,krausmann2018,observed
1920,N_metals,0.2479648324,Gt/yr,krausmann2018,observed
1921,N_metals,0.1637071007,Gt/yr,krausmann2018,observed
1922,N_metals,0.2224898312,Gt/yr,krausmann2018,observed
1923,N_metals,0.2819053746,Gt/yr,krausmann2018,observed
1924,N_metals,0.2889787749,Gt/yr,krausmann2018,observed
1925,N_metals,0.3259848911,Gt/yr,krausmann2018,observed
1926,N_metals,0.3314322752,Gt/yr,krausmann2018,observed
1927,N_metals,0.3558663803,Gt/yr,krausmann2018,observed
1928,N_metals,0.3808933454,Gt/yr,krausmann2018,observed
1929,N_metals,0.4278886559,Gt/yr,krausmann2018,observed
1930,N_metals,0.3797616024,Gt/yr,krausmann2018,observed
1931,N_metals,0.2882490389,Gt/yr,krausmann2018,observed
1932,N_metals,0.1922882163,Gt/yr,krausmann2018,observed
1933,N_metals,0.2191245358,Gt/yr,krausmann2018,observed
1934,N_metals,0.2832197412,Gt/yr,krausmann2018,observed
1935,N_metals,0.3268623823,Gt/yr,krausmann2018,observed
1936,N_metals,0.3980943383,Gt/yr,krausmann2018,observed
1937,N_metals,0.4958571527,Gt/yr,krausmann2018,observed
1938,N_metals,0.4122798428,Gt/yr,krausmann2018,observed
1939,N_metals,0.4673195809,Gt/yr,krausmann2018,observed
1940,N_metals,0.5133880209,Gt/yr,krausmann2018,observed
1941,N_metals,0.5400300982,Gt/yr,krausmann2018,observed
1942,N_metals,0.5203051653,Gt/yr,krausmann2018,observed
1943,N_metals,0.5331612309,Gt/yr,krausmann2018,observed
1944,N_metals,0.4615269668,Gt/yr,krausmann2018,observed
1945,N_metals,0.3851630138,Gt/yr,krausmann2018,observed
1946,N_metals,0.3519248276,Gt/yr,krausmann2018,observed
1947,N_metals,0.426792233,Gt/yr,krausmann2018,observed
1948,N_metals,0.4870549377,Gt/yr,krausmann2018,observed
1949,N_metals,0.4899577242,Gt/yr,krausmann2018,observed
1950,N_metals,0.5424840887,Gt/yr,krausmann2018,observed
1951,N_metals,0.5994543738,Gt/yr,krausmann2018,observed
1952,N_metals,0.6219664688,Gt/yr,krausmann2018,observed
1953,N_metals,0.6845096954,Gt/yr,krausmann2018,observed
1954,N_metals,0.7592830486,Gt/yr,krausmann2018,observed
1955,N_metals,0.7504720596,Gt/yr,krausmann2018,observed
1956,N_metals,0.8038461524,Gt/yr,krausmann2018,observed
1957,N_metals,0.8566004864,Gt/yr,krausmann2018,observed
1958,N_metals,0.786092002,Gt/yr,krausmann2018,observed
1959,N_metals,0.8515419746,Gt/yr,krausmann2018,observed
1960,N_metals,0.9883093056,Gt/yr,krausmann2018,observed
1961,N_metals,0.9854270964,Gt/yr,krausmann2018,observed
1962,N_metals,1.000042102,Gt/yr,krausmann2018,observed
1963,N_metals,1.025004719,Gt/yr,krausmann2018,observed
1964,N_metals,1.108309066,Gt/yr,krausmann2018,observed
1965,N_metals,1.183464967,Gt/yr,krausmann2018,observed
1966,N_metals,1.213622438,Gt/yr,krausmann2018,observed
1967,N_metals,1.224746994,Gt/yr,krausmann2018,observed
1968,N_metals,1.325486454,Gt/yr,krausmann2018,observed
1969,N_metals,1.407338669,Gt/yr,krausmann2018,observed
1970,N_metals,1.54308837,Gt/yr,krausmann2018,observed
1971,N_metals,1.561165909,Gt/yr,krausmann2018,observed
1972,N_metals,1.595636301,Gt/yr,krausmann2018,observed
1973,N_metals,1.717560089,Gt/yr,krausmann2018,observed
1974,N_metals,1.806117468,Gt/yr,krausmann2018,observed
1975,N_metals,1.811983902,Gt/yr,krausmann2018,observed
1976,N_metals,1.837513839,Gt/yr,krausmann2018,observed
1977,N_metals,1.814546279,Gt/yr,krausmann2018,observed
1978,N_metals,1.841645494,Gt/yr,krausmann2018,observed
1979,N_metals,1.93477447,Gt/yr,krausmann2018,observed
1980,N_metals,1.951333151,Gt/yr,krausmann2018,observed
1981,N_metals,1.941325024,Gt/yr,krausmann2018,observed
1982,N_metals,1.835129006,Gt/yr,krausmann2018,observed
1983,N_metals,1.747762526,Gt/yr,krausmann2018,observed
1984,N_metals,1.90953957,Gt/yr,krausmann2018,observed
1985,N_metals,1.978188351,Gt/yr,krausmann2018,observed
1986,N_metals,1.998456441,Gt/yr,krausmann2018,observed
1987,N_metals,2.097932947,Gt/yr,krausmann2018,observed
1988,N_metals,2.284236234,Gt/yr,krausmann2018,observed
1989,N_metals,2.41795825,Gt/yr,krausmann2018,observed
1990,N_metals,2.421878166,Gt/yr,krausmann2018,observed
1991,N_metals,2.362139085,Gt/yr,krausmann2018,observed
1992,N_metals,2.334994354,Gt/yr,krausmann2018,observed
1993,N_metals,2.344241776,Gt/yr,krausmann2018,observed
1994,N_metals,2.384664672,Gt/yr,krausmann2018,observed
1995,N_metals,2.533081979,Gt/yr,krausmann2018,observed
1996,N_metals,2.631250765,Gt/yr,krausmann2018,observed
1997,N_metals,2.768273159,Gt/yr,krausmann2018,observed
1998,N_metals,2.84940539,Gt/yr,krausmann2018,observed
1999,N_metals,2.897275815,Gt/yr,krausmann2018,observed
2000,N_metals,3.060359264,Gt/yr,krausmann2018,observed
2001,N_metals,3.083325036,Gt/yr,krausmann2018,observed
2002,N_metals,3.132815039,Gt/yr,krausmann2018,observed
2003,N_metals,3.269009496,Gt/yr,krausmann2018,observed
2004,N_metals,3.632155218,Gt/yr,krausmann2018,observed
2005,N_metals,3.92441831,Gt/yr,krausmann2018,observed
2006,N_metals,4.238860668,Gt/yr,krausmann2018,observed
2007,N_metals,4.58537758,Gt/yr,krausmann2018,observed
2008,N_metals,4.825261419,Gt/yr,krausmann2018,observed
2009,N_metals,4.854106726,Gt/yr,krausmann2018,observed
2010,N_metals,5.253004725,Gt/yr,krausmann2018,observed
2011,N_metals,5.784444466,Gt/yr,krausmann2018,observed
2012,N_metals,5.835787412,Gt/yr,krausmann2018,observed
2013,N_metals,6.246761714,Gt/yr,krausmann2018,observed
2014,N_metals,6.417903538,Gt/yr,krausmann2018,observed
2015,N_metals,6.462668367,Gt/yr,krausmann2018,observed
1900,N_non_metallic_minerals,0.8893690225,Gt/yr,krausmann2018,observed
1901,N_non_metallic_minerals,0.9183494781,Gt/yr,krausmann2018,observed
1902,N_non_metallic_minerals,0.9304219806,Gt/yr,krausmann2018,observed
1903,N_non_metallic_minerals,0.9586924252,Gt/yr,krausmann2018,observed
1904,N_non_metallic_minerals,0.9687757182,Gt/yr,krausmann2018,observed
1905,N_non_metallic_minerals,1.011482825,Gt/yr,krausmann2018,observed
1906,N_non_metallic_minerals,1.033766706,Gt/yr,krausmann2018,observed
1907,N_non_metallic_minerals,1.060330006,Gt/yr,krausmann2018,observed
1908,N_non_metallic_minerals,1.095000947,Gt/yr,krausmann2018,observed
1909,N_non_metallic_minerals,1.133422464,Gt/yr,krausmann2018,observed
1910,N_non_metallic_minerals,1.144561946,Gt/yr,krausmann2018,observed
1911,N_non_metallic_minerals,1.157036747,Gt/yr,krausmann2018,observed
1912,N_non_metallic_minerals,1.178017932,Gt/yr,krausmann2018,observed
1913,N_non_metallic_minerals,1.20117876,Gt/yr,krausmann2018,observed
1914,N_non_metallic_minerals,1.177992718,Gt/yr,krausmann2018,observed
1915,N_non_metallic_minerals,1.148750261,Gt/yr,krausmann2018,observed
1916,N_non_metallic_minerals,1.155740711,Gt/yr,krausmann2018,observed
1917,N_non_metallic_minerals,1.115947298,Gt/yr,krausmann2018,observed
1918,N_non_metallic_minerals,1.134221437,Gt/yr,krausmann2018,observed
1919,N_non_metallic_minerals,1.049840877,Gt/yr,krausmann2018,observed
1920,N_non_metallic_minerals,1.125325868,Gt/yr,krausmann2018,observed
1921,N_non_metallic_minerals,1.133578522,Gt/yr,krausmann2018,observed
1922,N_non_metallic_minerals,1.245363042,Gt/yr,krausmann2018,observed
1923,N_non_metallic_minerals,1.271715079,Gt/yr,krausmann2018,observed
1924,N_non_metallic_minerals,1.387611289,Gt/yr,krausmann2018,observed
1925,N_non_metallic_minerals,1.467720515,Gt/yr,krausmann2018,observed
1926,N_non_metallic_minerals,1.553686373,Gt/yr,krausmann2018,observed
1927,N_non_metallic_minerals,1.643668171,Gt/yr,krausmann2018,observed
1928,N_non_metallic_minerals,1.691127048,Gt/yr,krausmann2018,observed
1929,N_non_metallic_minerals,1.741113314,Gt/yr,krausmann2018,observed
1930,N_non_metallic_minerals,1.730676287,Gt/yr,krausmann2018,observed
1931,N_non_metallic_minerals,1.696616751,Gt/yr,krausmann2018,observed
1932,N_non_metallic_minerals,1.613130795,Gt/yr,krausmann2018,observed
1933,N_non_metallic_minerals,1.628828736,Gt/yr,krausmann2018,observed
1934,N_non_metallic_minerals,1.750879537,Gt/yr,krausmann2018,observed
1935,N_non_metallic_minerals,1.811709005,Gt/yr,krausmann2018,observed
1936,N_non_metallic_minerals,1.87188188,Gt/yr,krausmann2018,observed
1937,N_non_metallic_minerals,2.077810834,Gt/yr,krausmann2018,observed
1938,N_non_metallic_minerals,2.133194722,Gt/yr,krausmann2018,observed
1939,N_non_metallic_minerals,2.211017548,Gt/yr,krausmann2018,observed
1940,N_non_metallic_minerals,2.217087597,Gt/yr,krausmann2018,observed
1941,N_non_metallic_minerals,2.306235315,Gt/yr,krausmann2018,observed
1942,N_non_metallic_minerals,2.27280019,Gt/yr,krausmann2018,observed
1943,N_non_metallic_minerals,2.266697995,Gt/yr,krausmann2018,observed
1944,N_non_metallic_minerals,2.234763103,Gt/yr,krausmann2018,observed
1945,N_non_metallic_minerals,2.223121588,Gt/yr,krausmann2018,observed
1946,N_non_metallic_minerals,2.481026023,Gt/yr,krausmann2018,observed
1947,N_non_metallic_minerals,2.730987233,Gt/yr,krausmann2018,observed
1948,N_non_metallic_minerals,2.959452908,Gt/yr,krausmann2018,observed
1949,N_non_metallic_minerals,3.175466239,Gt/yr,krausmann2018,observed
1950,N_non_metallic_minerals,3.502406742,Gt/yr,krausmann2018,observed
1951,N_non_metallic_minerals,3.794687109,Gt/yr,krausmann2018,observed
1952,N_non_metallic_minerals,4.04784461,Gt/yr,krausmann2018,observed
1953,N_non_metallic_minerals,4.252290649,Gt/yr,krausmann2018,observed
1954,N_non_metallic_minerals,4.554200955,Gt/yr,krausmann2018,observed
1955,N_non_metallic_minerals,4.822193251,Gt/yr,krausmann2018,observed
1956,N_non_metallic_minerals,5.197642361,Gt/yr,krausmann2018,observed
1957,N_non_metallic_minerals,5.441507864,Gt/yr,krausmann2018,observed
1958,N_non_metallic_minerals,5.724792606,Gt/yr,krausmann2018,observed
1959,N_non_metallic_minerals,6.131551587,Gt/yr,krausmann2018,observed
1960,N_non_metallic_minerals,6.505316091,Gt/yr,krausmann2018,observed
1961,N_non_metallic_minerals,6.888605458,Gt/yr,krausmann2018,observed
1962,N_non_metallic_minerals,7.315191812,Gt/yr,krausmann2018,observed
1963,N_non_metallic_minerals,7.814420173,Gt/yr,krausmann2018,observed
1964,N_non_metallic_minerals,8.437986687,Gt/yr,krausmann2018,observed
1965,N_non_metallic_minerals,8.859223556,Gt/yr,krausmann2018,observed
1966,N_non_metallic_minerals,9.568800078,Gt/yr,krausmann2018,observed
1967,N_non_metallic_minerals,9.742002538,Gt/yr,krausmann2018,observed
1968,N_non_metallic_minerals,10.43393114,Gt/yr,krausmann2018,observed
1969,N_non_metallic_minerals,10.85840331,Gt/yr,krausmann2018,observed
1970,N_non_metallic_minerals,11.77108857,Gt/yr,krausmann2018,observed
1971,N_non_metallic_minerals,11.99821731,Gt/yr,krausmann2018,observed
1972,N_non_metallic_minerals,13.39370937,Gt/yr,krausmann2018,observed
1973,N_non_metallic_minerals,13.81448999,Gt/yr,krausmann2018,observed
1974,N_non_metallic_minerals,14.16295732,Gt/yr,krausmann2018,observed
1975,N_non_metallic_minerals,13.87343299,Gt/yr,krausmann2018,observed
1976,N_non_metallic_minerals,13.97667082,Gt/yr,krausmann2018,observed
1977,N_non_metallic_minerals,14.36320818,Gt/yr,krausmann2018,observed
1978,N_non_metallic_minerals,15.00620432,Gt/yr,krausmann2018,observed
1979,N_non_metallic_minerals,15.38763415,Gt/yr,krausmann2018,observed
1980,N_non_metallic_minerals,15.46663161,Gt/yr,krausmann2018,observed
1981,N_non_metallic_minerals,14.92370026,Gt/yr,krausmann2018,observed
1982,N_non_metallic_minerals,14.75264474,Gt/yr,krausmann2018,observed
1983,N_non_metallic_minerals,14.94769167,Gt/yr,krausmann2018,observed
1984,N_non_metallic_minerals,15.62856432,Gt/yr,krausmann2018,observed
1985,N_non_metallic_minerals,15.83905487,Gt/yr,krausmann2018,observed
1986,N_non_metallic_minerals,16.41606747,Gt/yr,krausmann2018,observed
1987,N_non_metallic_minerals,17.12389886,Gt/yr,krausmann2018,observed
1988,N_non_metallic_minerals,18.38167184,Gt/yr,krausmann2018,observed
1989,N_non_metallic_minerals,17.91000252,Gt/yr,krausmann2018,observed
1990,N_non_metallic_minerals,17.99648309,Gt/yr,krausmann2018,observed
1991,N_non_metallic_minerals,19.29551243,Gt/yr,krausmann2018,observed
1992,N_non_metallic_minerals,19.38905133,Gt/yr,krausmann2018,observed
1993,N_non_metallic_minerals,21.06092827,Gt/yr,krausmann2018,observed
1994,N_non_metallic_minerals,21.99266647,Gt/yr,krausmann2018,observed
1995,N_non_metallic_minerals,24.45182396,Gt/yr,krausmann2018,observed
1996,N_non_metallic_minerals,24.43146278,Gt/yr,krausmann2018,observed
1997,N_non_metallic_minerals,24.78118733,Gt/yr,krausmann2018,observed
1998,N_non_metallic_minerals,25.86761999,Gt/yr,krausmann2018,observed
1999,N_non_metallic_minerals,26.48069983,Gt/yr,krausmann2018,observed
2000,N_non_metallic_minerals,26.86773701,Gt/yr,krausmann2018,observed
2001,N_non_metallic_minerals,26.88247274,Gt/yr,krausmann2018,observed
2002,N_non_metallic_minerals,27.15332278,Gt/yr,krausmann2018,observed
2003,N_non_metallic_minerals,28.89290225,Gt/yr,krausmann2018,observed
2004,N_non_metallic_minerals,30.23573492,Gt/yr,krausmann2018,observed
2005,N_non_metallic_minerals,31.79048185,Gt/yr,krausmann2018,observed
2006,N_non_metallic_minerals,34.19190032,Gt/yr,krausmann2018,observed
2007,N_non_metallic_minerals,35.74213056,Gt/yr,krausmann2018,observed
2008,N_non_metallic_minerals,35.68423339,Gt/yr,krausmann2018,observed
2009,N_non_metallic_minerals,37.00464274,Gt/yr,krausmann2018,observed
2010,N_non_metallic_minerals,38.99414315,Gt/yr,krausmann2018,observed
2011,N_non_metallic_minerals,41.92154418,Gt/yr,krausmann2018,observed
2012,N_non_metallic_minerals,43.11182759,Gt/yr,krausmann2018,observed
2013,N_non_metallic_minerals,44.78339209,Gt/yr,krausmann2018,observed
2014,N_non_metallic_minerals,45.72674096,Gt/yr,krausmann2018,observed
2015,N_non_metallic_minerals,45.25055731,Gt/yr,krausmann2018,observed
1900,Omega_model,0.8199778406638148,Gt per trillion 2011 intl USD,haas2020+maddison2023+pwt1001+C1,reconstructed
1901,Omega_model,0.8039382495915505,Gt per trillion 2011 intl USD,haas2020+maddison2023+pwt1001+C1,reconstructed
1902,Omega_model,0.7995416235557153,Gt per trillion 2011 intl USD,haas2020+maddison2023+pwt1001+C1,reconstructed
1903,Omega_model,0.793645844712642,Gt per trillion 2011 intl USD,haas2020+maddison2023+pwt1001+C1,reconstructed
1904,Omega_model,0.7963117188457488,Gt per trillion 2011 intl USD,haas2020+maddison2023+pwt1001+C1,reconstructed
1905,Omega_model,0.7891645609584536,Gt per trillion 2011 intl USD,haas2020+maddison2023+pwt1001+C1,reconstructed
1906,Omega_model,0.758524100844219,Gt per trillion 2011 intl USD,haas2020+maddison2023+pwt1001+C1,reconstructed
1907,Omega_model,0.7701261979102584,Gt per trillion 2011 intl USD,haas2020+maddison2023+pwt1001+C1,reconstructed
1908,Omega_model,0.7903388687027544,Gt per trillion 2011 intl USD,haas2020+maddison2023+pwt1001+C1,reconstructed
1909,Omega_model,0.7578893973454517,Gt per trillion 2011 intl USD,haas2020+maddison2023+pwt1001+C1,reconstructed
1910,Omega_model,0.7634954408719513,Gt per trillion 2011 intl USD,haas2020+maddison2023+pwt1001+C1,reconstructed
1911,Omega_model,0.7498511642230148,Gt per trillion 2011 intl USD,haas2020+maddison2023+pwt1001+C1,reconstructed
1912,Omega_model,0.7437428927652329,Gt per trillion 2011 intl USD,haas2020+maddison2023+pwt1001+C1,reconstructed
1913,Omega_model,0.7464843012348599,Gt per trillion 2011 intl USD,haas2020+maddison2023+pwt1001+C1,reconstructed
1914,Omega_model,0.7734946120857538,Gt per trillion 2011 intl USD,haas2020+maddison2023+pwt1001+C1,reconstructed
1915,Omega_model,0.7717999320603002,Gt per trillion 2011 intl USD,haas2020+maddison2023+pwt1001+C1,reconstructed
1916,Omega_model,0.741946627507509,Gt per trillion 2011 intl USD,haas2020+maddison2023+pwt1001+C1,reconstructed
1917,Omega_model,0.7716295695140362,Gt per trillion 2011 intl USD,haas2020+maddison2023+pwt1001+C1,reconstructed
1918,Omega_model,0.7790900504065231,Gt per trillion 2011 intl USD,haas2020+maddison2023+pwt1001+C1,reconstructed
1919,Omega_model,0.7618585092926835,Gt per trillion 2011 intl USD,haas2020+maddison2023+pwt1001+C1,reconstructed
1920,Omega_model,0.7916908119238218,Gt per trillion 2011 intl USD,haas2020+maddison2023+pwt1001+C1,reconstructed
1921,Omega_model,0.7719668064931873,Gt per trillion 2011 intl USD,haas2020+maddison2023+pwt1001+C1,reconstructed
1922,Omega_model,0.7476136014179404,Gt per trillion 2011 intl USD,haas2020+maddison2023+pwt1001+C1,reconstructed
1923,Omega_model,0.7437740655187103,Gt per trillion 2011 intl USD,haas2020+maddison2023+pwt1001+C1,reconstructed
1924,Omega_model,0.7200391485252692,Gt per trillion 2011 intl USD,haas2020+maddison2023+pwt1001+C1,reconstructed
1925,Omega_model,0.7087158904662371,Gt per trillion 2011 intl USD,haas2020+maddison2023+pwt1001+C1,reconstructed
1926,Omega_model,0.6976974016335787,Gt per trillion 2011 intl USD,haas2020+maddison2023+pwt1001+C1,reconstructed
1927,Omega_model,0.6990271091071357,Gt per trillion 2011 intl USD,haas2020+maddison2023+pwt1001+C1,reconstructed
1928,Omega_model,0.6975790285385325,Gt per trillion 2011 intl USD,haas2020+maddison2023+pwt1001+C1,reconstructed
1929,Omega_model,0.6809776821787842,Gt per trillion 2011 intl USD,haas2020+maddison2023+pwt1001+C1,reconstructed
1930,Omega_model,0.7067780086163725,Gt per trillion 2011 intl USD,haas2020+maddison2023+pwt1001+C1,reconstructed
1931,Omega_model,0.7254427362516364,Gt per trillion 2011 intl USD,haas2020+maddison2023+pwt1001+C1,reconstructed
1932,Omega_model,0.7503487610756432,Gt per trillion 2011 intl USD,haas2020+maddison2023+pwt1001+C1,reconstructed
1933,Omega_model,0.7506218043332445,Gt per trillion 2011 intl USD,haas2020+maddison2023+pwt1001+C1,reconstructed
1934,Omega_model,0.738988418334499,Gt per trillion 2011 intl USD,haas2020+maddison2023+pwt1001+C1,reconstructed
1935,Omega_model,0.7132682285512076,Gt per trillion 2011 intl USD,haas2020+maddison2023+pwt1001+C1,reconstructed
1936,Omega_model,0.6971757431267459,Gt per trillion 2011 intl USD,haas2020+maddison2023+pwt1001+C1,reconstructed
1937,Omega_model,0.68887714194347,Gt per trillion 2011 intl USD,haas2020+maddison2023+pwt1001+C1,reconstructed
1938,Omega_model,0.6810462186030659,Gt per trillion 2011 intl USD,haas2020+maddison2023+pwt1001+C1,reconstructed
1939,Omega_model,0.6609951777772077,Gt per trillion 2011 intl USD,haas2020+maddison2023+pwt1001+C1,reconstructed
1940,Omega_model,0.6591510979589716,Gt per trillion 2011 intl USD,haas2020+maddison2023+pwt1001+C1,reconstructed
1941,Omega_model,0.6381587925575238,Gt per trillion 2011 intl USD,haas2020+maddison2023+pwt1001+C1,reconstructed
1942,Omega_model,0.6197829433069512,Gt per trillion 2011 intl USD,haas2020+maddison2023+pwt1001+C1,reconstructed
1943,Omega_model,0.6061311924598229,Gt per trillion 2011 intl USD,haas2020+maddison2023+pwt1001+C1,reconstructed
1944,Omega_model,0.5960324645169072,Gt per trillion 2011 intl USD,haas2020+maddison2023+pwt1001+C1,reconstructed
1945,Omega_model,0.620971571576483,Gt per trillion 2011 intl USD,haas2020+maddison2023+pwt1001+C1,reconstructed
1946,Omega_model,0.6896406440168733,Gt per trillion 2011 intl USD,haas2020+maddison2023+pwt1001+C1,reconstructed
1947,Omega_model,0.7231892389084709,Gt per trillion 2011 intl USD,haas2020+maddison2023+pwt1001+C1,reconstructed
1948,Omega_model,0.7126255225153809,Gt per trillion 2011 intl USD,haas2020+maddison2023+pwt1001+C1,reconstructed
1949,Omega_model,0.706449424558348,Gt per trillion 2011 intl USD,haas2020+maddison2023+pwt1001+C1,reconstructed
1950,Omega_model,0.661040090192684,Gt per trillion 2011 intl USD,haas2020+maddison2023+pwt1001+C1,reconstructed
1951,Omega_model,0.6325313203174342,Gt per trillion 2011 intl USD,haas2020+maddison2023+pwt1001+C1,reconstructed
1952,Omega_model,0.630649106093094,Gt per trillion 2011 intl USD,haas2020+maddison2023+pwt1001+C1,reconstructed
1953,Omega_model,0.6123904900212951,Gt per trillion 2011 intl USD,haas2020+maddison2023+pwt1001+C1,reconstructed
1954,Omega_model,0.6133006594612231,Gt per trillion 2011 intl USD,haas2020+maddison2023+pwt1001+C1,reconstructed
1955,Omega_model,0.5880729115657688,Gt per trillion 2011 intl USD,haas2020+maddison2023+pwt1001+C1,reconstructed
1956,Omega_model,0.5808697789546392,Gt per trillion 2011 intl USD,haas2020+maddison2023+pwt1001+C1,reconstructed
1957,Omega_model,0.5760794457834866,Gt per trillion 2011 intl USD,haas2020+maddison2023+pwt1001+C1,reconstructed
1958,Omega_model,0.5785511596755379,Gt per trillion 2011 intl USD,haas2020+maddison2023+pwt1001+C1,reconstructed
1959,Omega_model,0.5671377152909841,Gt per trillion 2011 intl USD,haas2020+maddison2023+pwt1001+C1,reconstructed
1960,Omega_model,0.5631864004137174,Gt per trillion 2011 intl USD,haas2020+maddison2023+pwt1001+C1,reconstructed
1961,Omega_model,0.5627965243113652,Gt per trillion 2011 intl USD,haas2020+maddison2023+pwt1001+C1,reconstructed
1962,Omega_model,0.5602068732805557,Gt per trillion 2011 intl USD,haas2020+maddison2023+pwt1001+C1,reconstructed
1963,Omega_model,0.5567433712966718,Gt per trillion 2011 intl USD,haas2020+maddison2023+pwt1001+C1,reconstructed
1964,Omega_model,0.5411057988686405,Gt per trillion 2011 intl USD,haas2020+maddison2023+pwt1001+C1,reconstructed
1965,Omega_model,0.5230417025747334,Gt per trillion 2011 intl USD,haas2020+maddison2023+pwt1001+C1,reconstructed
1966,Omega_model,0.5222537558596942,Gt per trillion 2011 intl USD,haas2020+maddison2023+pwt1001+C1,reconstructed
1967,Omega_model,0.518372898568242,Gt per trillion 2011 intl USD,haas2020+maddison2023+pwt1001+C1,reconstructed
1968,Omega_model,0.5133203611507434,Gt per trillion 2011 intl USD,haas2020+maddison2023+pwt1001+C1,reconstructed
1969,Omega_model,0.4954585422176852,Gt per trillion 2011 intl USD,haas2020+maddison2023+pwt1001+C1,reconstructed
1970,Omega_model,0.49084552895837563,Gt per trillion 2011 intl USD,haas2020+maddison2023+pwt1001+C1,reconstructed
1971,Omega_model,0.4850083569245167,Gt per trillion 2011 intl USD,haas2020+maddison2023+pwt1001+C1,reconstructed
1972,Omega_model,0.4878699430961767,Gt per trillion 2011 intl USD,haas2020+maddison2023+pwt1001+C1,reconstructed
1973,Omega_model,0.4689945205211847,Gt per trillion 2011 intl USD,haas2020+maddison2023+pwt1001+C1,reconstructed
1974,Omega_model,0.46552848393690793,Gt per trillion 2011 intl USD,haas2020+maddison2023+pwt1001+C1,reconstructed
1975,Omega_model,0.46531462896999515,Gt per trillion 2011 intl USD,haas2020+maddison2023+pwt1001+C1,reconstructed
1976,Omega_model,0.45009579342092093,Gt per trillion 2011 intl USD,haas2020+maddison2023+pwt1001+C1,reconstructed
1977,Omega_model,0.4396977773584853,Gt per trillion 2011 intl USD,haas2020+maddison2023+pwt1001+C1,reconstructed
1978,Omega_model,0.4320651076620472,Gt per trillion 2011 intl USD,haas2020+maddison2023+pwt1001+C1,reconstructed
1979,Omega_model,0.4265306257159926,Gt per trillion 2011 intl USD,haas2020+maddison2023+pwt1001+C1,reconstructed
1980,Omega_model,0.42071175183652243,Gt per trillion 2011 intl USD,haas2020+maddison2023+pwt1001+C1,reconstructed
1981,Omega_model,0.41283798308754804,Gt per trillion 2011 intl USD,haas2020+maddison2023+pwt1001+C1,reconstructed
1982,Omega_model,0.4171292883563024,Gt per trillion 2011 intl USD,haas2020+maddison2023+pwt1001+C1,reconstructed
1983,Omega_model,0.41107905550975693,Gt per trillion 2011 intl USD,haas2020+maddison2023+pwt1001+C1,reconstructed
1984,Omega_model,0.40753797512294604,Gt per trillion 2011 intl USD,haas2020+maddison2023+pwt1001+C1,reconstructed
1985,Omega_model,0.39944513805975695,Gt per trillion 2011 intl USD,haas2020+maddison2023+pwt1001+C1,reconstructed
1986,Omega_model,0.39750572690417363,Gt per trillion 2011 intl USD,haas2020+maddison2023+pwt1001+C1,reconstructed
1987,Omega_model,0.3919471848529766,Gt per trillion 2011 intl USD,haas2020+maddison2023+pwt1001+C1,reconstructed
1988,Omega_model,0.38799561115758824,Gt per trillion 2011 intl USD,haas2020+maddison2023+pwt1001+C1,reconstructed
1989,Omega_model,0.37931456292556504,Gt per trillion 2011 intl USD,haas2020+maddison2023+pwt1001+C1,reconstructed
1990,Omega_model,0.37760919875366766,Gt per trillion 2011 intl USD,haas2020+maddison2023+pwt1001+C1,reconstructed
1991,Omega_model,0.3818076284714678,Gt per trillion 2011 intl USD,haas2020+maddison2023+pwt1001+C1,reconstructed
1992,Omega_model,0.3744540152257992,Gt per trillion 2011 intl USD,haas2020+maddison2023+pwt1001+C1,reconstructed
1993,Omega_model,0.3785073257320862,Gt per trillion 2011 intl USD,haas2020+maddison2023+pwt1001+C1,reconstructed
1994,Omega_model,0.37578818066386976,Gt per trillion 2011 intl USD,haas2020+maddison2023+pwt1001+C1,reconstructed
1995,Omega_model,0.3823301479419871,Gt per trillion 2011 intl USD,haas2020+maddison2023+pwt1001+C1,reconstructed
1996,Omega_model,0.373280532798488,Gt per trillion 2011 intl USD,haas2020+maddison2023+pwt1001+C1,reconstructed
1997,Omega_model,0.3638735906526317,Gt per trillion 2011 intl USD,haas2020+maddison2023+pwt1001+C1,reconstructed
1998,Omega_model,0.3670913504391021,Gt per trillion 2011 intl USD,haas2020+maddison2023+pwt1001+C1,reconstructed
1999,Omega_model,0.3606563894157626,Gt per trillion 2011 intl USD,haas2020+maddison2023+pwt1001+C1,reconstructed
2000,Omega_model,0.3473480396290338,Gt per trillion 2011 intl USD,haas2020+maddison2023+pwt1001+C1,reconstructed
2001,Omega_model,0.3421319517304242,Gt per trillion 2011 intl USD,haas2020+maddison2023+pwt1001+C1,reconstructed
2002,Omega_model,0.3357827959425194,Gt per trillion 2011 intl USD,haas2020+maddison2023+pwt1001+C1,reconstructed
2003,Omega_model,0.33470423941937605,Gt per trillion 2011 intl USD,haas2020+maddison2023+pwt1001+C1,reconstructed
2004,Omega_model,0.32719509427167387,Gt per trillion 2011 intl USD,haas2020+maddison2023+pwt1001+C1,reconstructed
2005,Omega_model,0.32223292150612765,Gt per trillion 2011 intl USD,haas2020+maddison2023+pwt1001+C1,reconstructed
2006,Omega_model,0.31796391708606353,Gt per trillion 2011 intl USD,haas2020+maddison2023+pwt1001+C1,reconstructed
2007,Omega_model,0.3111926855825747,Gt per trillion 2011 intl USD,haas2020+maddison2023+pwt1001+C1,reconstructed
2008,Omega_model,0.3066484326819805,Gt per trillion 2011 intl USD,haas2020+maddison2023+pwt1001+C1,reconstructed
2009,Omega_model,0.3183625735040239,Gt per trillion 2011 intl USD,haas2020+maddison2023+pwt1001+C1,reconstructed
2010,Omega_model,0.3090911264361051,Gt per trillion 2011 intl USD,haas2020+maddison2023+pwt1001+C1,reconstructed
2011,Omega_model,0.31328661333145835,Gt per trillion 2011 intl USD,haas2020+maddison2023+pwt1001+C1,reconstructed
2012,Omega_model,0.30982288164697236,Gt per trillion 2011 intl USD,haas2020+maddison2023+pwt1001+C1,reconstructed
2013,Omega_model,0.31187969499370544,Gt per trillion 2011 intl USD,haas2020+maddison2023+pwt1001+C1,reconstructed
2014,Omega_model,0.3063900659678715,Gt per trillion 2011 intl USD,haas2020+maddison2023+pwt1001+C1,reconstructed
2015,Omega_model,0.297840158368437,Gt per trillion 2011 intl USD,haas2020+maddison2023+pwt1001+C1,reconstructed
1900,Omega_observed,2.158330115450135,Gt per trillion 2011 intl USD,haas2020+maddison2023,aggregated
1901,Omega_observed,2.1161110081352987,Gt per trillion 2011 intl USD,haas2020+maddison2023,aggregated
1902,Omega_observed,2.1045382924972356,Gt per trillion 2011 intl USD,haas2020+maddison2023,aggregated
1903,Omega_observed,2.0890195352821173,Gt per trillion 2011 intl USD,haas2020+maddison2023,aggregated
1904,Omega_observed,2.096036598597909,Gt per trillion 2011 intl USD,haas2020+maddison2023,aggregated
1905,Omega_observed,2.077223985203944,Gt per trillion 2011 intl USD,haas2020+maddison2023,aggregated
1906,Omega_observed,1.996572747406757,Gt per trillion 2011 intl USD,haas2020+maddison2023,aggregated
1907,Omega_observed,2.0271115671872235,Gt per trillion 2011 intl USD,haas2020+maddison2023,aggregated
1908,Omega_observed,2.080314975769346,Gt per trillion 2011 intl USD,haas2020+maddison2023,aggregated
1909,Omega_observed,1.9949020928989936,Gt per trillion 2011 intl USD,haas2020+maddison2023,aggregated
1910,Omega_observed,2.00965821431073,Gt per trillion 2011 intl USD,haas2020+maddison2023,aggregated
1911,Omega_observed,1.9737440081767053,Gt per trillion 2011 intl USD,haas2020+maddison2023,aggregated
1912,Omega_observed,1.957665931932593,Gt per trillion 2011 intl USD,haas2020+maddison2023,aggregated
1913,Omega_observed,1.964881815295924,Gt per trillion 2011 intl USD,haas2020+maddison2023,aggregated
1914,Omega_observed,2.0359778430738933,Gt per trillion 2011 intl USD,haas2020+maddison2023,aggregated
1915,Omega_observed,2.031517138462623,Gt per trillion 2011 intl USD,haas2020+maddison2023,aggregated
1916,Omega_observed,1.9529378366002317,Gt per trillion 2011 intl USD,haas2020+maddison2023,aggregated
1917,Omega_observed,2.031068713400492,Gt per trillion 2011 intl USD,haas2020+maddison2023,aggregated
1918,Omega_observed,2.0507060496643095,Gt per trillion 2011 intl USD,haas2020+maddison2023,aggregated
1919,Omega_observed,2.005349514063898,Gt per trillion 2011 intl USD,haas2020+maddison2023,aggregated
1920,Omega_observed,2.0838735350665663,Gt per trillion 2011 intl USD,haas2020+maddison2023,aggregated
1921,Omega_observed,2.0319563821789015,Gt per trillion 2011 intl USD,haas2020+maddison2023,aggregated
1922,Omega_observed,1.9678543378125726,Gt per trillion 2011 intl USD,haas2020+maddison2023,aggregated
1923,Omega_observed,1.9577479842628815,Gt per trillion 2011 intl USD,haas2020+maddison2023,aggregated
1924,Omega_observed,1.8952733860552262,Gt per trillion 2011 intl USD,haas2020+maddison2023,aggregated
1925,Omega_observed,1.8654685210188278,Gt per trillion 2011 intl USD,haas2020+maddison2023,aggregated
1926,Omega_observed,1.836465863757962,Gt per trillion 2011 intl USD,haas2020+maddison2023,aggregated
1927,Omega_observed,1.8399658945424449,Gt per trillion 2011 intl USD,haas2020+maddison2023,aggregated
1928,Omega_observed,1.8361542843429735,Gt per trillion 2011 intl USD,haas2020+maddison2023,aggregated
1929,Omega_observed,1.7924565354181294,Gt per trillion 2011 intl USD,haas2020+maddison2023,aggregated
1930,Omega_observed,1.8603676651794059,Gt per trillion 2011 intl USD,haas2020+maddison2023,aggregated
1931,Omega_observed,1.909496607150876,Gt per trillion 2011 intl USD,haas2020+maddison2023,aggregated
1932,Omega_observed,1.97505377317171,Gt per trillion 2011 intl USD,haas2020+maddison2023,aggregated
1933,Omega_observed,1.9757724724541499,Gt per trillion 2011 intl USD,haas2020+maddison2023,aggregated
1934,Omega_observed,1.9451512945386324,Gt per trillion 2011 intl USD,haas2020+maddison2023,aggregated
1935,Omega_observed,1.877451098958432,Gt per trillion 2011 intl USD,haas2020+maddison2023,aggregated
1936,Omega_observed,1.8350927641332615,Gt per trillion 2011 intl USD,haas2020+maddison2023,aggregated
1937,Omega_observed,1.813249343540975,Gt per trillion 2011 intl USD,haas2020+maddison2023,aggregated
1938,Omega_observed,1.79263693569384,Gt per trillion 2011 intl USD,haas2020+maddison2023,aggregated
1939,Omega_observed,1.7398589664434332,Gt per trillion 2011 intl USD,haas2020+maddison2023,aggregated
1940,Omega_observed,1.7350050145320373,Gt per trillion 2011 intl USD,haas2020+maddison2023,aggregated
1941,Omega_observed,1.6797494665235786,Gt per trillion 2011 intl USD,haas2020+maddison2023,aggregated
1942,Omega_observed,1.6313809047556473,Gt per trillion 2011 intl USD,haas2020+maddison2023,aggregated
1943,Omega_observed,1.595447025178944,Gt per trillion 2011 intl USD,haas2020+maddison2023,aggregated
1944,Omega_observed,1.5688653450822143,Gt per trillion 2011 intl USD,haas2020+maddison2023,aggregated
1945,Omega_observed,1.6345095895358717,Gt per trillion 2011 intl USD,haas2020+maddison2023,aggregated
1946,Omega_observed,1.815259019213309,Gt per trillion 2011 intl USD,haas2020+maddison2023,aggregated
1947,Omega_observed,1.9035649941978925,Gt per trillion 2011 intl USD,haas2020+maddison2023,aggregated
1948,Omega_observed,1.8757593803244461,Gt per trillion 2011 intl USD,haas2020+maddison2023,aggregated
1949,Omega_observed,1.8595027724558204,Gt per trillion 2011 intl USD,haas2020+maddison2023,aggregated
1950,Omega_observed,1.823577431413801,Gt per trillion 2011 intl USD,haas2020+maddison2023,aggregated
1951,Omega_observed,1.7846307286101717,Gt per trillion 2011 intl USD,haas2020+maddison2023,aggregated
1952,Omega_observed,1.7503903271885608,Gt per trillion 2011 intl USD,haas2020+maddison2023,aggregated
1953,Omega_observed,1.7022187384142686,Gt per trillion 2011 intl USD,haas2020+maddison2023,aggregated
1954,Omega_observed,1.7109622995152607,Gt per trillion 2011 intl USD,haas2020+maddison2023,aggregated
1955,Omega_observed,1.6647166565926352,Gt per trillion 2011 intl USD,haas2020+maddison2023,aggregated
1956,Omega_observed,1.6552278327864134,Gt per trillion 2011 intl USD,haas2020+maddison2023,aggregated
1957,Omega_observed,1.6456958246860414,Gt per trillion 2011 intl USD,haas2020+maddison2023,aggregated
1958,Omega_observed,1.6461424149840536,Gt per trillion 2011 intl USD,haas2020+maddison2023,aggregated
1959,Omega_observed,1.6402065582866923,Gt per trillion 2011 intl USD,haas2020+maddison2023,aggregated
1960,Omega_observed,1.6300044483019382,Gt per trillion 2011 intl USD,haas2020+maddison2023,aggregated
1961,Omega_observed,1.6149449194478185,Gt per trillion 2011 intl USD,haas2020+maddison2023,aggregated
1962,Omega_observed,1.5968561728832897,Gt per trillion 2011 intl USD,haas2020+maddison2023,aggregated
1963,Omega_observed,1.5940841709644227,Gt per trillion 2011 intl USD,haas2020+maddison2023,aggregated
1964,Omega_observed,1.5688324385672514,Gt per trillion 2011 intl USD,haas2020+maddison2023,aggregated
1965,Omega_observed,1.5239688457912655,Gt per trillion 2011 intl USD,haas2020+maddison2023,aggregated
1966,Omega_observed,1.5247968474179576,Gt per trillion 2011 intl USD,haas2020+maddison2023,aggregated
1967,Omega_observed,1.4967046086583569,Gt per trillion 2011 intl USD,haas2020+maddison2023,aggregated
1968,Omega_observed,1.4866783366081096,Gt per trillion 2011 intl USD,haas2020+maddison2023,aggregated
1969,Omega_observed,1.4461803295862299,Gt per trillion 2011 intl USD,haas2020+maddison2023,aggregated
1970,Omega_observed,1.4480102602128346,Gt per trillion 2011 intl USD,haas2020+maddison2023,aggregated
1971,Omega_observed,1.4261669344628312,Gt per trillion 2011 intl USD,haas2020+maddison2023,aggregated
1972,Omega_observed,1.4320063067250868,Gt per trillion 2011 intl USD,haas2020+maddison2023,aggregated
1973,Omega_observed,1.3957815831455314,Gt per trillion 2011 intl USD,haas2020+maddison2023,aggregated
1974,Omega_observed,1.388594906057797,Gt per trillion 2011 intl USD,haas2020+maddison2023,aggregated
1975,Omega_observed,1.3623504600886294,Gt per trillion 2011 intl USD,haas2020+maddison2023,aggregated
1976,Omega_observed,1.3324056322108928,Gt per trillion 2011 intl USD,haas2020+maddison2023,aggregated
1977,Omega_observed,1.3075256937010948,Gt per trillion 2011 intl USD,haas2020+maddison2023,aggregated
1978,Omega_observed,1.291430017448008,Gt per trillion 2011 intl USD,haas2020+maddison2023,aggregated
1979,Omega_observed,1.2758542399300472,Gt per trillion 2011 intl USD,haas2020+maddison2023,aggregated
1980,Omega_observed,1.2521590986072213,Gt per trillion 2011 intl USD,haas2020+maddison2023,aggregated
1981,Omega_observed,1.222683737874913,Gt per trillion 2011 intl USD,haas2020+maddison2023,aggregated
1982,Omega_observed,1.215439024004761,Gt per trillion 2011 intl USD,haas2020+maddison2023,aggregated
1983,Omega_observed,1.1870068584838962,Gt per trillion 2011 intl USD,haas2020+maddison2023,aggregated
1984,Omega_observed,1.1869152956714193,Gt per trillion 2011 intl USD,haas2020+maddison2023,aggregated
1985,Omega_observed,1.163360577507628,Gt per trillion 2011 intl USD,haas2020+maddison2023,aggregated
1986,Omega_observed,1.1519972369205127,Gt per trillion 2011 intl USD,haas2020+maddison2023,aggregated
1987,Omega_observed,1.1399038073757506,Gt per trillion 2011 intl USD,haas2020+maddison2023,aggregated
1988,Omega_observed,1.138861955655547,Gt per trillion 2011 intl USD,haas2020+maddison2023,aggregated
1989,Omega_observed,1.114868713783228,Gt per trillion 2011 intl USD,haas2020+maddison2023,aggregated
1990,Omega_observed,1.1078268394259725,Gt per trillion 2011 intl USD,haas2020+maddison2023,aggregated
1991,Omega_observed,1.1149613609013638,Gt per trillion 2011 intl USD,haas2020+maddison2023,aggregated
1992,Omega_observed,1.0953551963097712,Gt per trillion 2011 intl USD,haas2020+maddison2023,aggregated
1993,Omega_observed,1.099965683056603,Gt per trillion 2011 intl USD,haas2020+maddison2023,aggregated
1994,Omega_observed,1.0932728873581334,Gt per trillion 2011 intl USD,haas2020+maddison2023,aggregated
1995,Omega_observed,1.1141509393603912,Gt per trillion 2011 intl USD,haas2020+maddison2023,aggregated
1996,Omega_observed,1.0859249344415718,Gt per trillion 2011 intl USD,haas2020+maddison2023,aggregated
1997,Omega_observed,1.0581201513652787,Gt per trillion 2011 intl USD,haas2020+maddison2023,aggregated
1998,Omega_observed,1.0585524175861434,Gt per trillion 2011 intl USD,haas2020+maddison2023,aggregated
1999,Omega_observed,1.0372010734975037,Gt per trillion 2011 intl USD,haas2020+maddison2023,aggregated
2000,Omega_observed,1.0050645037620287,Gt per trillion 2011 intl USD,haas2020+maddison2023,aggregated
2001,Omega_observed,0.9849167345107911,Gt per trillion 2011 intl USD,haas2020+maddison2023,aggregated
2002,Omega_observed,0.9634314486652483,Gt per trillion 2011 intl USD,haas2020+maddison2023,aggregated
2003,Omega_observed,0.9690449728489324,Gt per trillion 2011 intl USD,haas2020+maddison2023,aggregated
2004,Omega_observed,0.9617387990334515,Gt per trillion 2011 intl USD,haas2020+maddison2023,aggregated
2005,Omega_observed,0.9522513665966772,Gt per trillion 2011 intl USD,haas2020+maddison2023,aggregated
2006,Omega_observed,0.9471152763651385,Gt per trillion 2011 intl USD,haas2020+maddison2023,aggregated
2007,Omega_observed,0.9342442640114141,Gt per trillion 2011 intl USD,haas2020+maddison2023,aggregated
2008,Omega_observed,0.9220139923448103,Gt per trillion 2011 intl USD,haas2020+maddison2023,aggregated
2009,Omega_observed,0.9387185459293621,Gt per trillion 2011 intl USD,haas2020+maddison2023,aggregated
2010,Omega_observed,0.9265321183160348,Gt per trillion 2011 intl USD,haas2020+maddison2023,aggregated
2011,Omega_observed,0.94151031402572,Gt per trillion 2011 intl USD,haas2020+maddison2023,aggregated
2012,Omega_observed,0.9305611544936977,Gt per trillion 2011 intl USD,haas2020+maddison2023,aggregated
2013,Omega_observed,0.9327207550890946,Gt per trillion 2011 intl USD,haas2020+maddison2023,aggregated
2014,Omega_observed,0.9171501043493633,Gt per trillion 2011 intl USD,haas2020+maddison2023,aggregated
2015,Omega_observed,0.8866711923362912,Gt per trillion 2011 intl USD,haas2020+maddison2023,aggregated
1900,P,39.00016842663759,Gt,gcb2025v15+joos2013+C5,reconstructed
1901,P,40.79896571232412,Gt,gcb2025v15+joos2013+C5,reconstructed
1902,P,42.64031720547408,Gt,gcb2025v15+joos2013+C5,reconstructed
1903,P,44.51011638640884,Gt,gcb2025v15+joos2013+C5,reconstructed
1904,P,46.59034366064547,Gt,gcb2025v15+joos2013+C5,reconstructed
1905,P,48.65756274544114,Gt,gcb2025v15+joos2013+C5,reconstructed
1906,P,50.88146297192147,Gt,gcb2025v15+joos2013+C5,reconstructed
1907,P,53.200926992146236,Gt,gcb2025v15+joos2013+C5,reconstructed
1908,P,55.94202506488443,Gt,gcb2025v15+joos2013+C5,reconstructed
1909,P,58.46198009364583,Gt,gcb2025v15+joos2013+C5,reconstructed
1910,P,61.08585208862854,Gt,gcb2025v15+joos2013+C5,reconstructed
1911,P,63.84654734096105,Gt,gcb2025v15+joos2013+C5,reconstructed
1912,P,66.61291423129636,Gt,gcb2025v15+joos2013+C5,reconstructed
1913,P,69.53430117336168,Gt,gcb2025v15+joos2013+C5,reconstructed
1914,P,72.7567512526122,Gt,gcb2025v15+joos2013+C5,reconstructed
1915,P,75.4759768915105,Gt,gcb2025v15+joos2013+C5,reconstructed
1916,P,78.09360032773377,Gt,gcb2025v15+joos2013+C5,reconstructed
1917,P,81.01637986644138,Gt,gcb2025v15+joos2013+C5,reconstructed
1918,P,84.10043467132706,Gt,gcb2025v15+joos2013+C5,reconstructed
1919,P,87.06565852783017,Gt,gcb2025v15+joos2013+C5,reconstructed
1920,P,89.37361472076823,Gt,gcb2025v15+joos2013+C5,reconstructed
1921,P,92.348427866902,Gt,gcb2025v15+joos2013+C5,reconstructed
1922,P,94.70862795870549,Gt,gcb2025v15+joos2013+C5,reconstructed
1923,P,97.26121965239984,Gt,gcb2025v15+joos2013+C5,reconstructed
1924,P,100.37480036663166,Gt,gcb2025v15+joos2013+C5,reconstructed
1925,P,103.45418415257843,Gt,gcb2025v15+joos2013+C5,reconstructed
1926,P,106.51988256816671,Gt,gcb2025v15+joos2013+C5,reconstructed
1927,P,109.45938841889401,Gt,gcb2025v15+joos2013+C5,reconstructed
1928,P,112.80993558123224,Gt,gcb2025v15+joos2013+C5,reconstructed
1929,P,116.08307694295753,Gt,gcb2025v15+joos2013+C5,reconstructed
1930,P,119.69540904993744,Gt,gcb2025v15+joos2013+C5,reconstructed
1931,P,122.80714571358196,Gt,gcb2025v15+joos2013+C5,reconstructed
1932,P,125.33431083569712,Gt,gcb2025v15+joos2013+C5,reconstructed
1933,P,127.40618677839205,Gt,gcb2025v15+joos2013+C5,reconstructed
1934,P,129.7291358304824,Gt,gcb2025v15+joos2013+C5,reconstructed
1935,P,132.44595055237494,Gt,gcb2025v15+joos2013+C5,reconstructed
1936,P,135.37992991575615,Gt,gcb2025v15+joos2013+C5,reconstructed
1937,P,138.77353740111604,Gt,gcb2025v15+joos2013+C5,reconstructed
1938,P,142.491655306724,Gt,gcb2025v15+joos2013+C5,reconstructed
1939,P,145.78464648099154,Gt,gcb2025v15+joos2013+C5,reconstructed
1940,P,149.35471114156155,Gt,gcb2025v15+joos2013+C5,reconstructed
1941,P,153.418542933743,Gt,gcb2025v15+joos2013+C5,reconstructed
1942,P,157.55465550466627,Gt,gcb2025v15+joos2013+C5,reconstructed
1943,P,161.59234035317994,Gt,gcb2025v15+joos2013+C5,reconstructed
1944,P,165.68815060516994,Gt,gcb2025v15+joos2013+C5,reconstructed
1945,P,169.8360748992915,Gt,gcb2025v15+joos2013+C5,reconstructed
1946,P,172.76653637719505,Gt,gcb2025v15+joos2013+C5,reconstructed
1947,P,176.13120648601796,Gt,gcb2025v15+joos2013+C5,reconstructed
1948,P,180.21443465425105,Gt,gcb2025v15+joos2013+C5,reconstructed
1949,P,184.6114431397448,Gt,gcb2025v15+joos2013+C5,reconstructed
1950,P,188.61163805180587,Gt,gcb2025v15+joos2013+C5,reconstructed
1951,P,193.5274064878448,Gt,gcb2025v15+joos2013+C5,reconstructed
1952,P,198.94443890990237,Gt,gcb2025v15+joos2013+C5,reconstructed
1953,P,204.35905687469432,Gt,gcb2025v15+joos2013+C5,reconstructed
1954,P,209.91068289840393,Gt,gcb2025v15+joos2013+C5,reconstructed
1955,P,215.54132327522387,Gt,gcb2025v15+joos2013+C5,reconstructed
1956,P,221.93743581981457,Gt,gcb2025v15+joos2013+C5,reconstructed
1957,P,228.8352272688866,Gt,gcb2025v15+joos2013+C5,reconstructed
1958,P,235.92365321804584,Gt,gcb2025v15+joos2013+C5,reconstructed
1959,P,243.16829950865852,Gt,gcb2025v15+joos2013+C5,reconstructed
1960,P,250.84592950025805,Gt,gcb2025v15+joos2013+C5,reconstructed
1961,P,259.06866605672997,Gt,gcb2025v15+joos2013+C5,reconstructed
1962,P,267.15200841909797,Gt,gcb2025v15+joos2013+C5,reconstructed
1963,P,275.5216969165519,Gt,gcb2025v15+joos2013+C5,reconstructed
1964,P,284.4211513245913,Gt,gcb2025v15+joos2013+C5,reconstructed
1965,P,293.8827692697993,Gt,gcb2025v15+joos2013+C5,reconstructed
1966,P,303.79383029241603,Gt,gcb2025v15+joos2013+C5,reconstructed
1967,P,314.2318023600184,Gt,gcb2025v15+joos2013+C5,reconstructed
1968,P,324.9486987618097,Gt,gcb2025v15+joos2013+C5,reconstructed
1969,P,336.3344762958087,Gt,gcb2025v15+joos2013+C5,reconstructed
1970,P,348.61774795442426,Gt,gcb2025v15+joos2013+C5,reconstructed
1971,P,362.1382186702618,Gt,gcb2025v15+joos2013+C5,reconstructed
1972,P,376.1431201442487,Gt,gcb2025v15+joos2013+C5,reconstructed
1973,P,390.7863234013554,Gt,gcb2025v15+joos2013+C5,reconstructed
1974,P,406.23324496220437,Gt,gcb2025v15+joos2013+C5,reconstructed
1975,P,421.23207157662233,Gt,gcb2025v15+joos2013+C5,reconstructed
1976,P,435.9300723928803,Gt,gcb2025v15+joos2013+C5,reconstructed
1977,P,451.5351755991785,Gt,gcb2025v15+joos2013+C5,reconstructed
1978,P,467.51101482433603,Gt,gcb2025v15+joos2013+C5,reconstructed
1979,P,484.0832688933396,Gt,gcb2025v15+joos2013+C5,reconstructed
1980,P,500.99587788667003,Gt,gcb2025v15+joos2013+C5,reconstructed
1981,P,517.4796240415609,Gt,gcb2025v15+joos2013+C5,reconstructed
1982,P,533.008903376989,Gt,gcb2025v15+joos2013+C5,reconstructed
1983,P,548.1557595875087,Gt,gcb2025v15+joos2013+C5,reconstructed
1984,P,563.3741021424441,Gt,gcb2025v15+joos2013+C5,reconstructed
1985,P,579.169820023374,Gt,gcb2025v15+joos2013+C5,reconstructed
1986,P,595.6876985322089,Gt,gcb2025v15+joos2013+C5,reconstructed
1987,P,612.3712697019402,Gt,gcb2025v15+joos2013+C5,reconstructed
1988,P,629.7183294799685,Gt,gcb2025v15+joos2013+C5,reconstructed
1989,P,647.8928244709974,Gt,gcb2025v15+joos2013+C5,reconstructed
1990,P,666.1585901949811,Gt,gcb2025v15+joos2013+C5,reconstructed
1991,P,684.8597300034498,Gt,gcb2025v15+joos2013+C5,reconstructed
1992,P,703.9099252790257,Gt,gcb2025v15+joos2013+C5,reconstructed
1993,P,721.7727074645875,Gt,gcb2025v15+joos2013+C5,reconstructed
1994,P,739.7431659475749,Gt,gcb2025v15+joos2013+C5,reconstructed
1995,P,757.8150472128643,Gt,gcb2025v15+joos2013+C5,reconstructed
1996,P,776.4087033140473,Gt,gcb2025v15+joos2013+C5,reconstructed
1997,P,795.7318922803934,Gt,gcb2025v15+joos2013+C5,reconstructed
1998,P,814.997812586164,Gt,gcb2025v15+joos2013+C5,reconstructed
1999,P,833.9165976618082,Gt,gcb2025v15+joos2013+C5,reconstructed
2000,P,853.3483635677035,Gt,gcb2025v15+joos2013+C5,reconstructed
2001,P,873.4451163198944,Gt,gcb2025v15+joos2013+C5,reconstructed
2002,P,893.527344093684,Gt,gcb2025v15+joos2013+C5,reconstructed
2003,P,914.1263478563592,Gt,gcb2025v15+joos2013+C5,reconstructed
2004,P,936.3025402457595,Gt,gcb2025v15+joos2013+C5,reconstructed
2005,P,959.410197677868,Gt,gcb2025v15+joos2013+C5,reconstructed
2006,P,983.4606348233903,Gt,gcb2025v15+joos2013+C5,reconstructed
2007,P,1008.4342712127589,Gt,gcb2025v15+joos2013+C5,reconstructed
2008,P,1034.1879344864824,Gt,gcb2025v15+joos2013+C5,reconstructed
2009,P,1060.2387232786975,Gt,gcb2025v15+joos2013+C5,reconstructed
2010,P,1085.1630466795834,Gt,gcb2025v15+joos2013+C5,reconstructed
2011,P,1112.15307067698,Gt,gcb2025v15+joos2013+C5,reconstructed
2012,P,1140.2578743757606,Gt,gcb2025v15+joos2013+C5,reconstructed
2013,P,1168.5331769923055,Gt,gcb2025v15+joos2013+C5,reconstructed
2014,P,1196.7987849610843,Gt,gcb2025v15+joos2013+C5,reconstructed
2015,P,1224.9108957563406,Gt,gcb2025v15+joos2013+C5,reconstructed
2016,P,1252.5697215841228,Gt,gcb2025v15+joos2013+C5,reconstructed
2017,P,1279.8896383297295,Gt,gcb2025v15+joos2013+C5,reconstructed
2018,P,1307.688453115282,Gt,gcb2025v15+joos2013+C5,reconstructed
2019,P,1336.1839825565364,Gt,gcb2025v15+joos2013+C5,reconstructed
2020,P,1364.8103274340556,Gt,gcb2025v15+joos2013+C5,reconstructed
1900,POP,1546.5710000000008,million persons,maddison2023,aggregated
1901,POP,1564.0014223067883,million persons,maddison2023,aggregated
1902,POP,1581.6282918648162,million persons,maddison2023,aggregated
1903,POP,1599.4538227066382,million persons,maddison2023,aggregated
1904,POP,1617.4802538177755,million persons,maddison2023,aggregated
1905,POP,1635.7098494179377,million persons,maddison2023,aggregated
1906,POP,1654.144899245412,million persons,maddison2023,aggregated
1907,POP,1672.7877188446846,million persons,maddison2023,aggregated
1908,POP,1691.640649857277,million persons,maddison2023,aggregated
1909,POP,1710.7060603158598,million persons,maddison2023,aggregated
1910,POP,1729.9863449417105,million persons,maddison2023,aggregated
1911,POP,1749.4839254454926,million persons,maddison2023,aggregated
1912,POP,1769.2012508314283,million persons,maddison2023,aggregated
1913,POP,1789.1407977049269,million persons,maddison2023,aggregated
1914,POP,1809.3050705836367,million persons,maddison2023,aggregated
1915,POP,1829.6966022120496,million persons,maddison2023,aggregated
1916,POP,1850.3179538796128,million persons,maddison2023,aggregated
1917,POP,1871.17171574244,million persons,maddison2023,aggregated
1918,POP,1892.2605071486587,million persons,maddison2023,aggregated
1919,POP,1913.586976967414,million persons,maddison2023,aggregated
1920,POP,1935.1538039215675,million persons,maddison2023,aggregated
1921,POP,1949.377169662928,million persons,maddison2023,aggregated
1922,POP,1963.7050770343133,million persons,maddison2023,aggregated
1923,POP,1978.1382944159109,million persons,maddison2023,aggregated
1924,POP,1992.677595835493,million persons,maddison2023,aggregated
1925,POP,2007.3237610099309,million persons,maddison2023,aggregated
1926,POP,2022.077575387015,million persons,maddison2023,aggregated
1927,POP,2036.9398301875635,million persons,maddison2023,aggregated
1928,POP,2051.911322447864,million persons,maddison2023,aggregated
1929,POP,2066.9928550624136,million persons,maddison2023,aggregated
1930,POP,2082.185236826981,million persons,maddison2023,aggregated
1931,POP,2097.489282481975,million persons,maddison2023,aggregated
1932,POP,2112.905812756141,million persons,maddison2023,aggregated
1933,POP,2128.4356544105744,million persons,maddison2023,aggregated
1934,POP,2144.079640283059,million persons,maddison2023,aggregated
1935,POP,2159.838609332728,million persons,maddison2023,aggregated
1936,POP,2175.7134066850567,million persons,maddison2023,aggregated
1937,POP,2191.7048836771964,million persons,maddison2023,aggregated
1938,POP,2207.813897903607,million persons,maddison2023,aggregated
1939,POP,2224.0413132620683,million persons,maddison2023,aggregated
1940,POP,2240.3879999999995,million persons,maddison2023,aggregated
1941,POP,2266.730398982528,million persons,maddison2023,aggregated
1942,POP,2293.3825309149543,million persons,maddison2023,aggregated
1943,POP,2320.348037625812,million persons,maddison2023,aggregated
1944,POP,2347.630603764117,million persons,maddison2023,aggregated
1945,POP,2375.233957302857,million persons,maddison2023,aggregated
1946,POP,2403.1618700483828,million persons,maddison2023,aggregated
1947,POP,2431.4181581558064,million persons,maddison2023,aggregated
1948,POP,2460.0066826504503,million persons,maddison2023,aggregated
1949,POP,2488.931349955428,million persons,maddison2023,aggregated
1950,POP,2518.1961124254326,million persons,maddison2023,aggregated
1951,POP,2562.011594780284,million persons,maddison2023,aggregated
1952,POP,2608.084936672466,million persons,maddison2023,aggregated
1953,POP,2655.8727218042045,million persons,maddison2023,aggregated
1954,POP,2706.610158873554,million persons,maddison2023,aggregated
1955,POP,2758.5183415433344,million persons,maddison2023,aggregated
1956,POP,2811.7041745186275,million persons,maddison2023,aggregated
1957,POP,2868.8865350141004,million persons,maddison2023,aggregated
1958,POP,2927.938699683108,million persons,maddison2023,aggregated
1959,POP,2984.3434116117733,million persons,maddison2023,aggregated
1960,POP,3029.6780665648275,million persons,maddison2023,aggregated
1961,POP,3070.038692694146,million persons,maddison2023,aggregated
1962,POP,3123.325183748615,million persons,maddison2023,aggregated
1963,POP,3188.534023991422,million persons,maddison2023,aggregated
1964,POP,3253.346279790213,million persons,maddison2023,aggregated
1965,POP,3319.6808095861384,million persons,maddison2023,aggregated
1966,POP,3388.5244835833173,million persons,maddison2023,aggregated
1967,POP,3457.340815866532,million persons,maddison2023,aggregated
1968,POP,3528.479330445444,million persons,maddison2023,aggregated
1969,POP,3600.820961351016,million persons,maddison2023,aggregated
1970,POP,3675.8797576369175,million persons,maddison2023,aggregated
1971,POP,3754.135222627912,million persons,maddison2023,aggregated
1972,POP,3830.495294307201,million persons,maddison2023,aggregated
1973,POP,3906.405754766527,million persons,maddison2023,aggregated
1974,POP,3980.9558371249655,million persons,maddison2023,aggregated
1975,POP,4053.6566282363497,million persons,maddison2023,aggregated
1976,POP,4124.075518469497,million persons,maddison2023,aggregated
1977,POP,4195.856291009392,million persons,maddison2023,aggregated
1978,POP,4268.081528700655,million persons,maddison2023,aggregated
1979,POP,4343.853251309466,million persons,maddison2023,aggregated
1980,POP,4419.347389382276,million persons,maddison2023,aggregated
1981,POP,4494.124073343323,million persons,maddison2023,aggregated
1982,POP,4566.006880138909,million persons,maddison2023,aggregated
1983,POP,4654.155201505904,million persons,maddison2023,aggregated
1984,POP,4733.597406330628,million persons,maddison2023,aggregated
1985,POP,4814.107219324128,million persons,maddison2023,aggregated
1986,POP,4896.669768896511,million persons,maddison2023,aggregated
1987,POP,4981.711051188429,million persons,maddison2023,aggregated
1988,POP,5067.9021559476105,million persons,maddison2023,aggregated
1989,POP,5154.775560991748,million persons,maddison2023,aggregated
1990,POP,5242.851657113872,million persons,maddison2023,aggregated
1991,POP,5327.230366999999,million persons,maddison2023,aggregated
1992,POP,5412.40562,million persons,maddison2023,aggregated
1993,POP,5489.404863,million persons,maddison2023,aggregated
1994,POP,5569.289082,million persons,maddison2023,aggregated
1995,POP,5650.381909,million persons,maddison2023,aggregated
1996,POP,5731.638937,million persons,maddison2023,aggregated
1997,POP,5811.891467,million persons,maddison2023,aggregated
1998,POP,5890.772446000001,million persons,maddison2023,aggregated
1999,POP,5969.266742,million persons,maddison2023,aggregated
2000,POP,6047.911423,million persons,maddison2023,aggregated
2001,POP,6125.941323,million persons,maddison2023,aggregated
2002,POP,6204.528365,million persons,maddison2023,aggregated
2003,POP,6282.869831999999,million persons,maddison2023,aggregated
2004,POP,6361.1714950000005,million persons,maddison2023,aggregated
2005,POP,6439.565129,million persons,maddison2023,aggregated
2006,POP,6518.903362,million persons,maddison2023,aggregated
2007,POP,6599.686222,million persons,maddison2023,aggregated
2008,POP,6681.6102710000005,million persons,maddison2023,aggregated
2009,POP,6763.349997,million persons,maddison2023,aggregated
2010,POP,6844.269805,million persons,maddison2023,aggregated
2011,POP,6926.42291,million persons,maddison2023,aggregated
2012,POP,7010.582465,million persons,maddison2023,aggregated
2013,POP,7093.642838,million persons,maddison2023,aggregated
2014,POP,7181.310031999999,million persons,maddison2023,aggregated
2015,POP,7263.546154,million persons,maddison2023,aggregated
2016,POP,7346.251061,million persons,maddison2023,aggregated
2017,POP,7429.107909337766,million persons,maddison2023,aggregated
2018,POP,7509.766222767666,million persons,maddison2023,aggregated
2019,POP,7590.949040990843,million persons,maddison2023,aggregated
2020,POP,7670.176162959213,million persons,maddison2023,aggregated
1900,P_GtCO2,27.5404697,GtCO2,gcb2025v15+joos2013,reconstructed
1901,P_GtCO2,28.8107135,GtCO2,gcb2025v15+joos2013,reconstructed
1902,P_GtCO2,30.1110075,GtCO2,gcb2025v15+joos2013,reconstructed
1903,P_GtCO2,31.4313902,GtCO2,gcb2025v15+joos2013,reconstructed
1904,P_GtCO2,32.9003694,GtCO2,gcb2025v15+joos2013,reconstructed
1905,P_GtCO2,34.3601627,GtCO2,gcb2025v15+joos2013,reconstructed
1906,P_GtCO2,35.9305984,GtCO2,gcb2025v15+joos2013,reconstructed
1907,P_GtCO2,37.5685177,GtCO2,gcb2025v15+joos2013,reconstructed
1908,P_GtCO2,39.5041793,GtCO2,gcb2025v15+joos2013,reconstructed
1909,P_GtCO2,41.2836779,GtCO2,gcb2025v15+joos2013,reconstructed
1910,P_GtCO2,43.1365588,GtCO2,gcb2025v15+joos2013,reconstructed
1911,P_GtCO2,45.0860592,GtCO2,gcb2025v15+joos2013,reconstructed
1912,P_GtCO2,47.0395647,GtCO2,gcb2025v15+joos2013,reconstructed
1913,P_GtCO2,49.1025396,GtCO2,gcb2025v15+joos2013,reconstructed
1914,P_GtCO2,51.3781141,GtCO2,gcb2025v15+joos2013,reconstructed
1915,P_GtCO2,53.2983302,GtCO2,gcb2025v15+joos2013,reconstructed
1916,P_GtCO2,55.1467986,GtCO2,gcb2025v15+joos2013,reconstructed
1917,P_GtCO2,57.2107569,GtCO2,gcb2025v15+joos2013,reconstructed
1918,P_GtCO2,59.3886018,GtCO2,gcb2025v15+joos2013,reconstructed
1919,P_GtCO2,61.4825327,GtCO2,gcb2025v15+joos2013,reconstructed
1920,P_GtCO2,63.1123256,GtCO2,gcb2025v15+joos2013,reconstructed
1921,P_GtCO2,65.2130281,GtCO2,gcb2025v15+joos2013,reconstructed
1922,P_GtCO2,66.8797137,GtCO2,gcb2025v15+joos2013,reconstructed
1923,P_GtCO2,68.6822591,GtCO2,gcb2025v15+joos2013,reconstructed
1924,P_GtCO2,70.8809541,GtCO2,gcb2025v15+joos2013,reconstructed
1925,P_GtCO2,73.0555005,GtCO2,gcb2025v15+joos2013,reconstructed
1926,P_GtCO2,75.2203828,GtCO2,gcb2025v15+joos2013,reconstructed
1927,P_GtCO2,77.2961526,GtCO2,gcb2025v15+joos2013,reconstructed
1928,P_GtCO2,79.6621845,GtCO2,gcb2025v15+joos2013,reconstructed
1929,P_GtCO2,81.9735553,GtCO2,gcb2025v15+joos2013,reconstructed
1930,P_GtCO2,84.52445,GtCO2,gcb2025v15+joos2013,reconstructed
1931,P_GtCO2,86.7218428,GtCO2,gcb2025v15+joos2013,reconstructed
1932,P_GtCO2,88.5064329,GtCO2,gcb2025v15+joos2013,reconstructed
1933,P_GtCO2,89.9695147,GtCO2,gcb2025v15+joos2013,reconstructed
1934,P_GtCO2,91.609895,GtCO2,gcb2025v15+joos2013,reconstructed
1935,P_GtCO2,93.5284086,GtCO2,gcb2025v15+joos2013,reconstructed
1936,P_GtCO2,95.6002758,GtCO2,gcb2025v15+joos2013,reconstructed
1937,P_GtCO2,97.9967153,GtCO2,gcb2025v15+joos2013,reconstructed
1938,P_GtCO2,100.622312,GtCO2,gcb2025v15+joos2013,reconstructed
1939,P_GtCO2,102.9477,GtCO2,gcb2025v15+joos2013,reconstructed
1940,P_GtCO2,105.468747,GtCO2,gcb2025v15+joos2013,reconstructed
1941,P_GtCO2,108.338474,GtCO2,gcb2025v15+joos2013,reconstructed
1942,P_GtCO2,111.259243,GtCO2,gcb2025v15+joos2013,reconstructed
1943,P_GtCO2,114.110506,GtCO2,gcb2025v15+joos2013,reconstructed
1944,P_GtCO2,117.002815,GtCO2,gcb2025v15+joos2013,reconstructed
1945,P_GtCO2,119.931925,GtCO2,gcb2025v15+joos2013,reconstructed
1946,P_GtCO2,122.001308,GtCO2,gcb2025v15+joos2013,reconstructed
1947,P_GtCO2,124.377313,GtCO2,gcb2025v15+joos2013,reconstructed
1948,P_GtCO2,127.260737,GtCO2,gcb2025v15+joos2013,reconstructed
1949,P_GtCO2,130.365741,GtCO2,gcb2025v15+joos2013,reconstructed
1950,P_GtCO2,133.19053,GtCO2,gcb2025v15+joos2013,reconstructed
1951,P_GtCO2,136.661863,GtCO2,gcb2025v15+joos2013,reconstructed
1952,P_GtCO2,140.48717,GtCO2,gcb2025v15+joos2013,reconstructed
1953,P_GtCO2,144.310772,GtCO2,gcb2025v15+joos2013,reconstructed
1954,P_GtCO2,148.231124,GtCO2,gcb2025v15+joos2013,reconstructed
1955,P_GtCO2,152.207273,GtCO2,gcb2025v15+joos2013,reconstructed
1956,P_GtCO2,156.72397,GtCO2,gcb2025v15+joos2013,reconstructed
1957,P_GtCO2,161.594934,GtCO2,gcb2025v15+joos2013,reconstructed
1958,P_GtCO2,166.600517,GtCO2,gcb2025v15+joos2013,reconstructed
1959,P_GtCO2,171.716417,GtCO2,gcb2025v15+joos2013,reconstructed
1960,P_GtCO2,177.138074,GtCO2,gcb2025v15+joos2013,reconstructed
1961,P_GtCO2,182.944665,GtCO2,gcb2025v15+joos2013,reconstructed
1962,P_GtCO2,188.652821,GtCO2,gcb2025v15+joos2013,reconstructed
1963,P_GtCO2,194.563184,GtCO2,gcb2025v15+joos2013,reconstructed
1964,P_GtCO2,200.847648,GtCO2,gcb2025v15+joos2013,reconstructed
1965,P_GtCO2,207.529091,GtCO2,gcb2025v15+joos2013,reconstructed
1966,P_GtCO2,214.527914,GtCO2,gcb2025v15+joos2013,reconstructed
1967,P_GtCO2,221.898822,GtCO2,gcb2025v15+joos2013,reconstructed
1968,P_GtCO2,229.466696,GtCO2,gcb2025v15+joos2013,reconstructed
1969,P_GtCO2,237.506909,GtCO2,gcb2025v15+joos2013,reconstructed
1970,P_GtCO2,246.180899,GtCO2,gcb2025v15+joos2013,reconstructed
1971,P_GtCO2,255.728553,GtCO2,gcb2025v15+joos2013,reconstructed
1972,P_GtCO2,265.618294,GtCO2,gcb2025v15+joos2013,reconstructed
1973,P_GtCO2,275.95878,GtCO2,gcb2025v15+joos2013,reconstructed
1974,P_GtCO2,286.866822,GtCO2,gcb2025v15+joos2013,reconstructed
1975,P_GtCO2,297.458436,GtCO2,gcb2025v15+joos2013,reconstructed
1976,P_GtCO2,307.837618,GtCO2,gcb2025v15+joos2013,reconstructed
1977,P_GtCO2,318.857362,GtCO2,gcb2025v15+joos2013,reconstructed
1978,P_GtCO2,330.138906,GtCO2,gcb2025v15+joos2013,reconstructed
1979,P_GtCO2,341.841616,GtCO2,gcb2025v15+joos2013,reconstructed
1980,P_GtCO2,353.784672,GtCO2,gcb2025v15+joos2013,reconstructed
1981,P_GtCO2,365.424881,GtCO2,gcb2025v15+joos2013,reconstructed
1982,P_GtCO2,376.391081,GtCO2,gcb2025v15+joos2013,reconstructed
1983,P_GtCO2,387.087228,GtCO2,gcb2025v15+joos2013,reconstructed
1984,P_GtCO2,397.833856,GtCO2,gcb2025v15+joos2013,reconstructed
1985,P_GtCO2,408.988205,GtCO2,gcb2025v15+joos2013,reconstructed
1986,P_GtCO2,420.652517,GtCO2,gcb2025v15+joos2013,reconstructed
1987,P_GtCO2,432.433835,GtCO2,gcb2025v15+joos2013,reconstructed
1988,P_GtCO2,444.683684,GtCO2,gcb2025v15+joos2013,reconstructed
1989,P_GtCO2,457.517837,GtCO2,gcb2025v15+joos2013,reconstructed
1990,P_GtCO2,470.416442,GtCO2,gcb2025v15+joos2013,reconstructed
1991,P_GtCO2,483.622492,GtCO2,gcb2025v15+joos2013,reconstructed
1992,P_GtCO2,497.075032,GtCO2,gcb2025v15+joos2013,reconstructed
1993,P_GtCO2,509.689065,GtCO2,gcb2025v15+joos2013,reconstructed
1994,P_GtCO2,522.379135,GtCO2,gcb2025v15+joos2013,reconstructed
1995,P_GtCO2,535.140826,GtCO2,gcb2025v15+joos2013,reconstructed
1996,P_GtCO2,548.270975,GtCO2,gcb2025v15+joos2013,reconstructed
1997,P_GtCO2,561.916293,GtCO2,gcb2025v15+joos2013,reconstructed
1998,P_GtCO2,575.52117,GtCO2,gcb2025v15+joos2013,reconstructed
1999,P_GtCO2,588.880913,GtCO2,gcb2025v15+joos2013,reconstructed
2000,P_GtCO2,602.602904,GtCO2,gcb2025v15+joos2013,reconstructed
2001,P_GtCO2,616.794484,GtCO2,gcb2025v15+joos2013,reconstructed
2002,P_GtCO2,630.975807,GtCO2,gcb2025v15+joos2013,reconstructed
2003,P_GtCO2,645.522058,GtCO2,gcb2025v15+joos2013,reconstructed
2004,P_GtCO2,661.182061,GtCO2,gcb2025v15+joos2013,reconstructed
2005,P_GtCO2,677.49983,GtCO2,gcb2025v15+joos2013,reconstructed
2006,P_GtCO2,694.483355,GtCO2,gcb2025v15+joos2013,reconstructed
2007,P_GtCO2,712.118809,GtCO2,gcb2025v15+joos2013,reconstructed
2008,P_GtCO2,730.305089,GtCO2,gcb2025v15+joos2013,reconstructed
2009,P_GtCO2,748.701188,GtCO2,gcb2025v15+joos2013,reconstructed
2010,P_GtCO2,766.301819,GtCO2,gcb2025v15+joos2013,reconstructed
2011,P_GtCO2,785.361171,GtCO2,gcb2025v15+joos2013,reconstructed
2012,P_GtCO2,805.207739,GtCO2,gcb2025v15+joos2013,reconstructed
2013,P_GtCO2,825.174707,GtCO2,gcb2025v15+joos2013,reconstructed
2014,P_GtCO2,845.134829,GtCO2,gcb2025v15+joos2013,reconstructed
2015,P_GtCO2,864.986557,GtCO2,gcb2025v15+joos2013,reconstructed
2016,P_GtCO2,884.518192,GtCO2,gcb2025v15+joos2013,reconstructed
2017,P_GtCO2,903.810502,GtCO2,gcb2025v15+joos2013,reconstructed
2018,P_GtCO2,923.440992,GtCO2,gcb2025v15+joos2013,reconstructed
2019,P_GtCO2,943.563476,GtCO2,gcb2025v15+joos2013,reconstructed
2020,P_GtCO2,963.778337,GtCO2,gcb2025v15+joos2013,reconstructed
1900,R,7.562158994,Gt/yr,haas2020,observed
1901,R,7.686335868,Gt/yr,haas2020,observed
1902,R,7.790155791,Gt/yr,haas2020,observed
1903,R,7.983983996,Gt/yr,haas2020,observed
1904,R,8.076625198,Gt/yr,haas2020,observed
1905,R,8.273603774,Gt/yr,haas2020,observed
1906,R,8.443087806,Gt/yr,haas2020,observed
1907,R,8.704545907,Gt/yr,haas2020,observed
1908,R,8.723291079,Gt/yr,haas2020,observed
1909,R,8.907251355,Gt/yr,haas2020,observed
1910,R,9.070872924,Gt/yr,haas2020,observed
1911,R,9.184150934,Gt/yr,haas2020,observed
1912,R,9.392569921,Gt/yr,haas2020,observed
1913,R,9.639078227,Gt/yr,haas2020,observed
1914,R,9.451995048,Gt/yr,haas2020,observed
1915,R,9.486919205,Gt/yr,haas2020,observed
1916,R,9.730804166,Gt/yr,haas2020,observed
1917,R,9.864582783,Gt/yr,haas2020,observed
1918,R,9.915135242,Gt/yr,haas2020,observed
1919,R,9.658477785,Gt/yr,haas2020,observed
1920,R,10.05458235,Gt/yr,haas2020,observed
1921,R,9.802555282,Gt/yr,haas2020,observed
1922,R,10.14719458,Gt/yr,haas2020,observed
1923,R,10.52390542,Gt/yr,haas2020,observed
1924,R,10.70418897,Gt/yr,haas2020,observed
1925,R,10.9033414,Gt/yr,haas2020,observed
1926,R,11.06782441,Gt/yr,haas2020,observed
1927,R,11.37647944,Gt/yr,haas2020,observed
1928,R,11.68375137,Gt/yr,haas2020,observed
1929,R,11.85156183,Gt/yr,haas2020,observed
1930,R,11.70495244,Gt/yr,haas2020,observed
1931,R,11.41900587,Gt/yr,haas2020,observed
1932,R,11.11688522,Gt/yr,haas2020,observed
1933,R,11.28743353,Gt/yr,haas2020,observed
1934,R,11.66470727,Gt/yr,haas2020,observed
1935,R,11.90961842,Gt/yr,haas2020,observed
1936,R,12.26377246,Gt/yr,haas2020,observed
1937,R,12.74778084,Gt/yr,haas2020,observed
1938,R,12.57985612,Gt/yr,haas2020,observed
1939,R,12.95804666,Gt/yr,haas2020,observed
1940,R,13.2673928,Gt/yr,haas2020,observed
1941,R,13.50911174,Gt/yr,haas2020,observed
1942,R,13.52415604,Gt/yr,haas2020,observed
1943,R,13.65161528,Gt/yr,haas2020,observed
1944,R,13.57935984,Gt/yr,haas2020,observed
1945,R,13.07542079,Gt/yr,haas2020,observed
1946,R,13.4869199,Gt/yr,haas2020,observed
1947,R,14.12801924,Gt/yr,haas2020,observed
1948,R,14.59145235,Gt/yr,haas2020,observed
1949,R,14.77034583,Gt/yr,haas2020,observed
1950,R,15.4302956,Gt/yr,haas2020,observed
1951,R,16.07850591,Gt/yr,haas2020,observed
1952,R,16.51888442,Gt/yr,haas2020,observed
1953,R,16.95283209,Gt/yr,haas2020,observed
1954,R,17.49603479,Gt/yr,haas2020,observed
1955,R,18.15324234,Gt/yr,haas2020,observed
1956,R,18.90268826,Gt/yr,haas2020,observed
1957,R,19.46698323,Gt/yr,haas2020,observed
1958,R,19.98705954,Gt/yr,haas2020,observed
1959,R,20.7933839,Gt/yr,haas2020,observed
1960,R,21.73338112,Gt/yr,haas2020,observed
1961,R,22.29244151,Gt/yr,haas2020,observed
1962,R,23.14909551,Gt/yr,haas2020,observed
1963,R,24.16518476,Gt/yr,haas2020,observed
1964,R,25.53954818,Gt/yr,haas2020,observed
1965,R,26.12312259,Gt/yr,haas2020,observed
1966,R,27.49127076,Gt/yr,haas2020,observed
1967,R,28.02361702,Gt/yr,haas2020,observed
1968,R,29.35715255,Gt/yr,haas2020,observed
1969,R,30.15973335,Gt/yr,haas2020,observed
1970,R,31.75864133,Gt/yr,haas2020,observed
1971,R,32.58312989,Gt/yr,haas2020,observed
1972,R,34.27100465,Gt/yr,haas2020,observed
1973,R,35.63533653,Gt/yr,haas2020,observed
1974,R,36.28879125,Gt/yr,haas2020,observed
1975,R,36.17453552,Gt/yr,haas2020,observed
1976,R,37.04507034,Gt/yr,haas2020,observed
1977,R,37.83580294,Gt/yr,haas2020,observed
1978,R,39.06389628,Gt/yr,haas2020,observed
1979,R,39.99930774,Gt/yr,haas2020,observed
1980,R,40.1152948,Gt/yr,haas2020,observed
1981,R,39.88345976,Gt/yr,haas2020,observed
1982,R,40.15090725,Gt/yr,haas2020,observed
1983,R,40.32259352,Gt/yr,haas2020,observed
1984,R,42.1600821,Gt/yr,haas2020,observed
1985,R,42.73449911,Gt/yr,haas2020,observed
1986,R,43.83158976,Gt/yr,haas2020,observed
1987,R,45.0106233,Gt/yr,haas2020,observed
1988,R,46.8663705,Gt/yr,haas2020,observed
1989,R,47.33334662,Gt/yr,haas2020,observed
1990,R,47.76678863,Gt/yr,haas2020,observed
1991,R,48.86734019,Gt/yr,haas2020,observed
1992,R,49.12825728,Gt/yr,haas2020,observed
1993,R,50.61037561,Gt/yr,haas2020,observed
1994,R,52.07982921,Gt/yr,haas2020,observed
1995,R,55.15504991,Gt/yr,haas2020,observed
1996,R,56.06144661,Gt/yr,haas2020,observed
1997,R,56.82906993,Gt/yr,haas2020,observed
1998,R,58.23841775,Gt/yr,haas2020,observed
1999,R,59.1936702,Gt/yr,haas2020,observed
2000,R,60.30386219,Gt/yr,haas2020,observed
2001,R,60.83172173,Gt/yr,haas2020,observed
2002,R,61.54236088,Gt/yr,haas2020,observed
2003,R,64.44151302,Gt/yr,haas2020,observed
2004,R,67.53406796,Gt/yr,haas2020,observed
2005,R,70.32953725,Gt/yr,haas2020,observed
2006,R,73.95695939,Gt/yr,haas2020,observed
2007,R,76.98845346,Gt/yr,haas2020,observed
2008,R,78.32135439,Gt/yr,haas2020,observed
2009,R,79.81450233,Gt/yr,haas2020,observed
2010,R,83.41963661,Gt/yr,haas2020,observed
2011,R,88.31014691,Gt/yr,haas2020,observed
2012,R,90.2378479,Gt/yr,haas2020,observed
2013,R,93.45067216,Gt/yr,haas2020,observed
2014,R,95.12723692,Gt/yr,haas2020,observed
2015,R,95.02331896,Gt/yr,haas2020,observed
1900,RR,0.2808969668,Gt/yr,haas2020,observed
1901,RR,0.2838333377,Gt/yr,haas2020,observed
1902,RR,0.2888305192,Gt/yr,haas2020,observed
1903,RR,0.2920119119,Gt/yr,haas2020,observed
1904,RR,0.2973510842,Gt/yr,haas2020,observed
1905,RR,0.3018176881,Gt/yr,haas2020,observed
1906,RR,0.3063652387,Gt/yr,haas2020,observed
1907,RR,0.3079322785,Gt/yr,haas2020,observed
1908,RR,0.3164779452,Gt/yr,haas2020,observed
1909,RR,0.3195514248,Gt/yr,haas2020,observed
1910,RR,0.3237488446,Gt/yr,haas2020,observed
1911,RR,0.3267149783,Gt/yr,haas2020,observed
1912,RR,0.332747593,Gt/yr,haas2020,observed
1913,RR,0.3376134638,Gt/yr,haas2020,observed
1914,RR,0.3405716448,Gt/yr,haas2020,observed
1915,RR,0.3439715151,Gt/yr,haas2020,observed
1916,RR,0.3500689384,Gt/yr,haas2020,observed
1917,RR,0.3554268183,Gt/yr,haas2020,observed
1918,RR,0.3606347337,Gt/yr,haas2020,observed
1919,RR,0.3641004006,Gt/yr,haas2020,observed
1920,RR,0.3708731449,Gt/yr,haas2020,observed
1921,RR,0.3711519236,Gt/yr,haas2020,observed
1922,RR,0.3720223773,Gt/yr,haas2020,observed
1923,RR,0.3761541961,Gt/yr,haas2020,observed
1924,RR,0.3805531433,Gt/yr,haas2020,observed
1925,RR,0.3814812632,Gt/yr,haas2020,observed
1926,RR,0.3864988123,Gt/yr,haas2020,observed
1927,RR,0.3900005219,Gt/yr,haas2020,observed
1928,RR,0.3907892557,Gt/yr,haas2020,observed
1929,RR,0.3957572302,Gt/yr,haas2020,observed
1930,RR,0.4003401705,Gt/yr,haas2020,observed
1931,RR,0.4001842562,Gt/yr,haas2020,observed
1932,RR,0.4037952296,Gt/yr,haas2020,observed
1933,RR,0.4079606758,Gt/yr,haas2020,observed
1934,RR,0.4077822714,Gt/yr,haas2020,observed
1935,RR,0.4112788374,Gt/yr,haas2020,observed
1936,RR,0.4123124066,Gt/yr,haas2020,observed
1937,RR,0.4141093968,Gt/yr,haas2020,observed
1938,RR,0.416900056,Gt/yr,haas2020,observed
1939,RR,0.420828513,Gt/yr,haas2020,observed
1940,RR,0.4213304026,Gt/yr,haas2020,observed
1941,RR,0.4251088268,Gt/yr,haas2020,observed
1942,RR,0.4264529674,Gt/yr,haas2020,observed
1943,RR,0.4285523629,Gt/yr,haas2020,observed
1944,RR,0.4291908841,Gt/yr,haas2020,observed
1945,RR,0.4324636726,Gt/yr,haas2020,observed
1946,RR,0.4334851349,Gt/yr,haas2020,observed
1947,RR,0.4339696767,Gt/yr,haas2020,observed
1948,RR,0.4377462786,Gt/yr,haas2020,observed
1949,RR,0.4390609521,Gt/yr,haas2020,observed
1950,RR,0.4408387462,Gt/yr,haas2020,observed
1951,RR,0.4392795593,Gt/yr,haas2020,observed
1952,RR,0.4385588877,Gt/yr,haas2020,observed
1953,RR,0.442897816,Gt/yr,haas2020,observed
1954,RR,0.4423560524,Gt/yr,haas2020,observed
1955,RR,0.4473077452,Gt/yr,haas2020,observed
1956,RR,0.4471492854,Gt/yr,haas2020,observed
1957,RR,0.4496363392,Gt/yr,haas2020,observed
1958,RR,0.4517903574,Gt/yr,haas2020,observed
1959,RR,0.452131436,Gt/yr,haas2020,observed
1960,RR,0.4595864807,Gt/yr,haas2020,observed
1961,RR,0.466520145,Gt/yr,haas2020,observed
1962,RR,0.4711429883,Gt/yr,haas2020,observed
1963,RR,0.4753625304,Gt/yr,haas2020,observed
1964,RR,0.4874039997,Gt/yr,haas2020,observed
1965,RR,0.495192492,Gt/yr,haas2020,observed
1966,RR,0.5047259775,Gt/yr,haas2020,observed
1967,RR,0.520635628,Gt/yr,haas2020,observed
1968,RR,0.533181415,Gt/yr,haas2020,observed
1969,RR,0.5412338113,Gt/yr,haas2020,observed
1970,RR,0.5616333972,Gt/yr,haas2020,observed
1971,RR,0.590973543,Gt/yr,haas2020,observed
1972,RR,0.6220821728,Gt/yr,haas2020,observed
1973,RR,0.6533475579,Gt/yr,haas2020,observed
1974,RR,0.6909280734,Gt/yr,haas2020,observed
1975,RR,0.7187893803,Gt/yr,haas2020,observed
1976,RR,0.7548603869,Gt/yr,haas2020,observed
1977,RR,0.8008327657,Gt/yr,haas2020,observed
1978,RR,0.8451591379,Gt/yr,haas2020,observed
1979,RR,0.8907986678,Gt/yr,haas2020,observed
1980,RR,0.9532138669,Gt/yr,haas2020,observed
1981,RR,1.015918052,Gt/yr,haas2020,observed
1982,RR,1.075383783,Gt/yr,haas2020,observed
1983,RR,1.153711158,Gt/yr,haas2020,observed
1984,RR,1.231112505,Gt/yr,haas2020,observed
1985,RR,1.312889543,Gt/yr,haas2020,observed
1986,RR,1.401017764,Gt/yr,haas2020,observed
1987,RR,1.494464991,Gt/yr,haas2020,observed
1988,RR,1.599593684,Gt/yr,haas2020,observed
1989,RR,1.705387393,Gt/yr,haas2020,observed
1990,RR,1.804698835,Gt/yr,haas2020,observed
1991,RR,1.918155814,Gt/yr,haas2020,observed
1992,RR,2.059709402,Gt/yr,haas2020,observed
1993,RR,2.184976596,Gt/yr,haas2020,observed
1994,RR,2.326175579,Gt/yr,haas2020,observed
1995,RR,2.45195136,Gt/yr,haas2020,observed
1996,RR,2.597173279,Gt/yr,haas2020,observed
1997,RR,2.734865293,Gt/yr,haas2020,observed
1998,RR,2.866373575,Gt/yr,haas2020,observed
1999,RR,2.993274041,Gt/yr,haas2020,observed
2000,RR,3.133280592,Gt/yr,haas2020,observed
2001,RR,3.28196686,Gt/yr,haas2020,observed
2002,RR,3.408182106,Gt/yr,haas2020,observed
2003,RR,3.558877184,Gt/yr,haas2020,observed
2004,RR,3.709443868,Gt/yr,haas2020,observed
2005,RR,3.893717448,Gt/yr,haas2020,observed
2006,RR,4.059750932,Gt/yr,haas2020,observed
2007,RR,4.235122021,Gt/yr,haas2020,observed
2008,RR,4.442605251,Gt/yr,haas2020,observed
2009,RR,4.630754347,Gt/yr,haas2020,observed
2010,RR,4.860009378,Gt/yr,haas2020,observed
2011,RR,5.060922503,Gt/yr,haas2020,observed
2012,RR,5.32273226,Gt/yr,haas2020,observed
2013,RR,5.57801835,Gt/yr,haas2020,observed
2014,RR,5.835966644,Gt/yr,haas2020,observed
2015,RR,6.112440574,Gt/yr,haas2020,observed
1900,RR_biomass,0.008486100586,Gt/yr,haas2020,observed
1901,RR_biomass,0.008597633789,Gt/yr,haas2020,observed
1902,RR_biomass,0.008686807617,Gt/yr,haas2020,observed
1903,RR_biomass,0.008754185547,Gt/yr,haas2020,observed
1904,RR_biomass,0.008850425781,Gt/yr,haas2020,observed
1905,RR_biomass,0.00896428125,Gt/yr,haas2020,observed
1906,RR_biomass,0.009044004883,Gt/yr,haas2020,observed
1907,RR_biomass,0.009154639648,Gt/yr,haas2020,observed
1908,RR_biomass,0.009274422852,Gt/yr,haas2020,observed
1909,RR_biomass,0.009398928711,Gt/yr,haas2020,observed
1910,RR_biomass,0.009471982422,Gt/yr,haas2020,observed
1911,RR_biomass,0.009570904297,Gt/yr,haas2020,observed
1912,RR_biomass,0.009633475586,Gt/yr,haas2020,observed
1913,RR_biomass,0.009757008789,Gt/yr,haas2020,observed
1914,RR_biomass,0.009857924805,Gt/yr,haas2020,observed
1915,RR_biomass,0.009947755859,Gt/yr,haas2020,observed
1916,RR_biomass,0.01012537695,Gt/yr,haas2020,observed
1917,RR_biomass,0.01017329492,Gt/yr,haas2020,observed
1918,RR_biomass,0.01024642578,Gt/yr,haas2020,observed
1919,RR_biomass,0.01041508984,Gt/yr,haas2020,observed
1920,RR_biomass,0.01047459668,Gt/yr,haas2020,observed
1921,RR_biomass,0.01061357422,Gt/yr,haas2020,observed
1922,RR_biomass,0.0106604209,Gt/yr,haas2020,observed
1923,RR_biomass,0.01082998828,Gt/yr,haas2020,observed
1924,RR_biomass,0.01094169922,Gt/yr,haas2020,observed
1925,RR_biomass,0.01103960059,Gt/yr,haas2020,observed
1926,RR_biomass,0.01112755664,Gt/yr,haas2020,observed
1927,RR_biomass,0.0112381123,Gt/yr,haas2020,observed
1928,RR_biomass,0.01133954297,Gt/yr,haas2020,observed
1929,RR_biomass,0.01145230469,Gt/yr,haas2020,observed
1930,RR_biomass,0.0115561709,Gt/yr,haas2020,observed
1931,RR_biomass,0.01163840039,Gt/yr,haas2020,observed
1932,RR_biomass,0.0116843584,Gt/yr,haas2020,observed
1933,RR_biomass,0.01183708691,Gt/yr,haas2020,observed
1934,RR_biomass,0.01194648438,Gt/yr,haas2020,observed
1935,RR_biomass,0.01197616504,Gt/yr,haas2020,observed
1936,RR_biomass,0.01211592676,Gt/yr,haas2020,observed
1937,RR_biomass,0.0121722002,Gt/yr,haas2020,observed
1938,RR_biomass,0.01219639746,Gt/yr,haas2020,observed
1939,RR_biomass,0.01236522559,Gt/yr,haas2020,observed
1940,RR_biomass,0.01254195898,Gt/yr,haas2020,observed
1941,RR_biomass,0.01258820605,Gt/yr,haas2020,observed
1942,RR_biomass,0.0126647168,Gt/yr,haas2020,observed
1943,RR_biomass,0.01280129883,Gt/yr,haas2020,observed
1944,RR_biomass,0.01288087988,Gt/yr,haas2020,observed
1945,RR_biomass,0.0130100332,Gt/yr,haas2020,observed
1946,RR_biomass,0.01302534473,Gt/yr,haas2020,observed
1947,RR_biomass,0.01310179102,Gt/yr,haas2020,observed
1948,RR_biomass,0.01326099414,Gt/yr,haas2020,observed
1949,RR_biomass,0.01331944629,Gt/yr,haas2020,observed
1950,RR_biomass,0.01349247852,Gt/yr,haas2020,observed
1951,RR_biomass,0.0135465127,Gt/yr,haas2020,observed
1952,RR_biomass,0.01377207715,Gt/yr,haas2020,observed
1953,RR_biomass,0.01393859668,Gt/yr,haas2020,observed
1954,RR_biomass,0.0141616377,Gt/yr,haas2020,observed
1955,RR_biomass,0.01429794824,Gt/yr,haas2020,observed
1956,RR_biomass,0.01454359375,Gt/yr,haas2020,observed
1957,RR_biomass,0.01468244141,Gt/yr,haas2020,observed
1958,RR_biomass,0.01486472559,Gt/yr,haas2020,observed
1959,RR_biomass,0.01499825488,Gt/yr,haas2020,observed
1960,RR_biomass,0.01522286133,Gt/yr,haas2020,observed
1961,RR_biomass,0.01540966016,Gt/yr,haas2020,observed
1962,RR_biomass,0.01565587305,Gt/yr,haas2020,observed
1963,RR_biomass,0.01582246191,Gt/yr,haas2020,observed
1964,RR_biomass,0.01735534375,Gt/yr,haas2020,observed
1965,RR_biomass,0.01765600977,Gt/yr,haas2020,observed
1966,RR_biomass,0.01944442578,Gt/yr,haas2020,observed
1967,RR_biomass,0.01972389844,Gt/yr,haas2020,observed
1968,RR_biomass,0.02106587695,Gt/yr,haas2020,observed
1969,RR_biomass,0.02235607031,Gt/yr,haas2020,observed
1970,RR_biomass,0.03075083203,Gt/yr,haas2020,observed
1971,RR_biomass,0.03154207617,Gt/yr,haas2020,observed
1972,RR_biomass,0.03422855859,Gt/yr,haas2020,observed
1973,RR_biomass,0.03876248438,Gt/yr,haas2020,observed
1974,RR_biomass,0.03949414453,Gt/yr,haas2020,observed
1975,RR_biomass,0.03495294922,Gt/yr,haas2020,observed
1976,RR_biomass,0.04053348437,Gt/yr,haas2020,observed
1977,RR_biomass,0.04325578906,Gt/yr,haas2020,observed
1978,RR_biomass,0.04500509766,Gt/yr,haas2020,observed
1979,RR_biomass,0.04704455078,Gt/yr,haas2020,observed
1980,RR_biomass,0.05032016016,Gt/yr,haas2020,observed
1981,RR_biomass,0.05160372656,Gt/yr,haas2020,observed
1982,RR_biomass,0.05199858984,Gt/yr,haas2020,observed
1983,RR_biomass,0.05532155859,Gt/yr,haas2020,observed
1984,RR_biomass,0.06020615234,Gt/yr,haas2020,observed
1985,RR_biomass,0.061064875,Gt/yr,haas2020,observed
1986,RR_biomass,0.06587889063,Gt/yr,haas2020,observed
1987,RR_biomass,0.0700876875,Gt/yr,haas2020,observed
1988,RR_biomass,0.07610897656,Gt/yr,haas2020,observed
1989,RR_biomass,0.08189175,Gt/yr,haas2020,observed
1990,RR_biomass,0.08422259375,Gt/yr,haas2020,observed
1991,RR_biomass,0.08907139062,Gt/yr,haas2020,observed
1992,RR_biomass,0.09247284375,Gt/yr,haas2020,observed
1993,RR_biomass,0.09648530469,Gt/yr,haas2020,observed
1994,RR_biomass,0.1079386328,Gt/yr,haas2020,observed
1995,RR_biomass,0.1144021562,Gt/yr,haas2020,observed
1996,RR_biomass,0.1172390391,Gt/yr,haas2020,observed
1997,RR_biomass,0.1210807578,Gt/yr,haas2020,observed
1998,RR_biomass,0.1217224062,Gt/yr,haas2020,observed
1999,RR_biomass,0.1310661797,Gt/yr,haas2020,observed
2000,RR_biomass,0.1422950469,Gt/yr,haas2020,observed
2001,RR_biomass,0.1427745938,Gt/yr,haas2020,observed
2002,RR_biomass,0.1514786563,Gt/yr,haas2020,observed
2003,RR_biomass,0.1561968594,Gt/yr,haas2020,observed
2004,RR_biomass,0.1642972656,Gt/yr,haas2020,observed
2005,RR_biomass,0.1731406562,Gt/yr,haas2020,observed
2006,RR_biomass,0.1856331406,Gt/yr,haas2020,observed
2007,RR_biomass,0.1938542344,Gt/yr,haas2020,observed
2008,RR_biomass,0.1990396094,Gt/yr,haas2020,observed
2009,RR_biomass,0.1997308125,Gt/yr,haas2020,observed
2010,RR_biomass,0.2075845313,Gt/yr,haas2020,observed
2011,RR_biomass,0.206936,Gt/yr,haas2020,observed
2012,RR_biomass,0.2083928125,Gt/yr,haas2020,observed
2013,RR_biomass,0.20818575,Gt/yr,haas2020,observed
2014,RR_biomass,0.2076430938,Gt/yr,haas2020,observed
2015,RR_biomass,0.2074350469,Gt/yr,haas2020,observed
1900,RR_fossil,0.0,Gt/yr,haas2020,observed
1901,RR_fossil,0.0,Gt/yr,haas2020,observed
1902,RR_fossil,0.0,Gt/yr,haas2020,observed
1903,RR_fossil,0.0,Gt/yr,haas2020,observed
1904,RR_fossil,0.0,Gt/yr,haas2020,observed
1905,RR_fossil,0.0,Gt/yr,haas2020,observed
1906,RR_fossil,0.0,Gt/yr,haas2020,observed
1907,RR_fossil,0.0,Gt/yr,haas2020,observed
1908,RR_fossil,0.0,Gt/yr,haas2020,observed
1909,RR_fossil,0.0,Gt/yr,haas2020,observed
1910,RR_fossil,0.0,Gt/yr,haas2020,observed
1911,RR_fossil,0.0,Gt/yr,haas2020,observed
1912,RR_fossil,0.0,Gt/yr,haas2020,observed
1913,RR_fossil,0.0,Gt/yr,haas2020,observed
1914,RR_fossil,0.0,Gt/yr,haas2020,observed
1915,RR_fossil,0.0,Gt/yr,haas2020,observed
1916,RR_fossil,0.0,Gt/yr,haas2020,observed
1917,RR_fossil,0.0,Gt/yr,haas2020,observed
1918,RR_fossil,0.0,Gt/yr,haas2020,observed
1919,RR_fossil,0.0,Gt/yr,haas2020,observed
1920,RR_fossil,0.0,Gt/yr,haas2020,observed
1921,RR_fossil,0.0,Gt/yr,haas2020,observed
1922,RR_fossil,0.0,Gt/yr,haas2020,observed
1923,RR_fossil,0.0,Gt/yr,haas2020,observed
1924,RR_fossil,0.0,Gt/yr,haas2020,observed
1925,RR_fossil,0.0,Gt/yr,haas2020,observed
1926,RR_fossil,0.0,Gt/yr,haas2020,observed
1927,RR_fossil,0.0,Gt/yr,haas2020,observed
1928,RR_fossil,0.0,Gt/yr,haas2020,observed
1929,RR_fossil,0.0,Gt/yr,haas2020,observed
1930,RR_fossil,0.0,Gt/yr,haas2020,observed
1931,RR_fossil,0.0,Gt/yr,haas2020,observed
1932,RR_fossil,0.0,Gt/yr,haas2020,observed
1933,RR_fossil,0.0,Gt/yr,haas2020,observed
1934,RR_fossil,0.0,Gt/yr,haas2020,observed
1935,RR_fossil,0.0,Gt/yr,haas2020,observed
1936,RR_fossil,0.0,Gt/yr,haas2020,observed
1937,RR_fossil,0.0,Gt/yr,haas2020,observed
1938,RR_fossil,0.0,Gt/yr,haas2020,observed
1939,RR_fossil,0.0,Gt/yr,haas2020,observed
1940,RR_fossil,0.0,Gt/yr,haas2020,observed
1941,RR_fossil,0.0,Gt/yr,haas2020,observed
1942,RR_fossil,0.0,Gt/yr,haas2020,observed
1943,RR_fossil,0.0,Gt/yr,haas2020,observed
1944,RR_fossil,0.0,Gt/yr,haas2020,observed
1945,RR_fossil,0.0,Gt/yr,haas2020,observed
1946,RR_fossil,0.0,Gt/yr,haas2020,observed
1947,RR_fossil,0.0,Gt/yr,haas2020,observed
1948,RR_fossil,0.0,Gt/yr,haas2020,observed
1949,RR_fossil,0.0,Gt/yr,haas2020,observed
1950,RR_fossil,0.0,Gt/yr,haas2020,observed
1951,RR_fossil,0.0,Gt/yr,haas2020,observed
1952,RR_fossil,0.0,Gt/yr,haas2020,observed
1953,RR_fossil,0.0,Gt/yr,haas2020,observed
1954,RR_fossil,0.0,Gt/yr,haas2020,observed
1955,RR_fossil,0.0,Gt/yr,haas2020,observed
1956,RR_fossil,0.0,Gt/yr,haas2020,observed
1957,RR_fossil,0.0,Gt/yr,haas2020,observed
1958,RR_fossil,0.0,Gt/yr,haas2020,observed
1959,RR_fossil,0.0,Gt/yr,haas2020,observed
1960,RR_fossil,0.0,Gt/yr,haas2020,observed
1961,RR_fossil,0.0,Gt/yr,haas2020,observed
1962,RR_fossil,0.0,Gt/yr,haas2020,observed
1963,RR_fossil,0.0,Gt/yr,haas2020,observed
1964,RR_fossil,0.0,Gt/yr,haas2020,observed
1965,RR_fossil,0.0,Gt/yr,haas2020,observed
1966,RR_fossil,0.0,Gt/yr,haas2020,observed
1967,RR_fossil,0.0,Gt/yr,haas2020,observed
1968,RR_fossil,0.0,Gt/yr,haas2020,observed
1969,RR_fossil,0.0,Gt/yr,haas2020,observed
1970,RR_fossil,4.056729889e-05,Gt/yr,haas2020,observed
1971,RR_fossil,9.550614929e-05,Gt/yr,haas2020,observed
1972,RR_fossil,0.0001678535614,Gt/yr,haas2020,observed
1973,RR_fossil,0.0002627589111,Gt/yr,haas2020,observed
1974,RR_fossil,0.000382446167,Gt/yr,haas2020,observed
1975,RR_fossil,0.0005093566895,Gt/yr,haas2020,observed
1976,RR_fossil,0.000662326416,Gt/yr,haas2020,observed
1977,RR_fossil,0.0008486448364,Gt/yr,haas2020,observed
1978,RR_fossil,0.001070776978,Gt/yr,haas2020,observed
1979,RR_fossil,0.001254311646,Gt/yr,haas2020,observed
1980,RR_fossil,0.001407566284,Gt/yr,haas2020,observed
1981,RR_fossil,0.001582681885,Gt/yr,haas2020,observed
1982,RR_fossil,0.001861931274,Gt/yr,haas2020,observed
1983,RR_fossil,0.002170400391,Gt/yr,haas2020,observed
1984,RR_fossil,0.002510216064,Gt/yr,haas2020,observed
1985,RR_fossil,0.002844339355,Gt/yr,haas2020,observed
1986,RR_fossil,0.003132339355,Gt/yr,haas2020,observed
1987,RR_fossil,0.00333327832,Gt/yr,haas2020,observed
1988,RR_fossil,0.003713761963,Gt/yr,haas2020,observed
1989,RR_fossil,0.004207097168,Gt/yr,haas2020,observed
1990,RR_fossil,0.004712217285,Gt/yr,haas2020,observed
1991,RR_fossil,0.005173226563,Gt/yr,haas2020,observed
1992,RR_fossil,0.005922328125,Gt/yr,haas2020,observed
1993,RR_fossil,0.006516230957,Gt/yr,haas2020,observed
1994,RR_fossil,0.007167015137,Gt/yr,haas2020,observed
1995,RR_fossil,0.007846312012,Gt/yr,haas2020,observed
1996,RR_fossil,0.008572526367,Gt/yr,haas2020,observed
1997,RR_fossil,0.009375807617,Gt/yr,haas2020,observed
1998,RR_fossil,0.01033020117,Gt/yr,haas2020,observed
1999,RR_fossil,0.01137650293,Gt/yr,haas2020,observed
2000,RR_fossil,0.01247865527,Gt/yr,haas2020,observed
2001,RR_fossil,0.01391551953,Gt/yr,haas2020,observed
2002,RR_fossil,0.01531442383,Gt/yr,haas2020,observed
2003,RR_fossil,0.01630632812,Gt/yr,haas2020,observed
2004,RR_fossil,0.01802719531,Gt/yr,haas2020,observed
2005,RR_fossil,0.02013127734,Gt/yr,haas2020,observed
2006,RR_fossil,0.02092656445,Gt/yr,haas2020,observed
2007,RR_fossil,0.02300073633,Gt/yr,haas2020,observed
2008,RR_fossil,0.02471081445,Gt/yr,haas2020,observed
2009,RR_fossil,0.02712921875,Gt/yr,haas2020,observed
2010,RR_fossil,0.02903898633,Gt/yr,haas2020,observed
2011,RR_fossil,0.03062126758,Gt/yr,haas2020,observed
2012,RR_fossil,0.03319161719,Gt/yr,haas2020,observed
2013,RR_fossil,0.03288590625,Gt/yr,haas2020,observed
2014,RR_fossil,0.03394390234,Gt/yr,haas2020,observed
2015,RR_fossil,0.03519032031,Gt/yr,haas2020,observed
1900,RR_metals,0.00634197953,Gt/yr,haas2020,observed
1901,RR_metals,0.006583387476,Gt/yr,haas2020,observed
1902,RR_metals,0.006922774111,Gt/yr,haas2020,observed
1903,RR_metals,0.007209558323,Gt/yr,haas2020,observed
1904,RR_metals,0.007523978687,Gt/yr,haas2020,observed
1905,RR_metals,0.007763484926,Gt/yr,haas2020,observed
1906,RR_metals,0.008195124439,Gt/yr,haas2020,observed
1907,RR_metals,0.008474095829,Gt/yr,haas2020,observed
1908,RR_metals,0.008853006781,Gt/yr,haas2020,observed
1909,RR_metals,0.009174773403,Gt/yr,haas2020,observed
1910,RR_metals,0.009547623911,Gt/yr,haas2020,observed
1911,RR_metals,0.009864429462,Gt/yr,haas2020,observed
1912,RR_metals,0.01023393383,Gt/yr,haas2020,observed
1913,RR_metals,0.01061862306,Gt/yr,haas2020,observed
1914,RR_metals,0.01096255592,Gt/yr,haas2020,observed
1915,RR_metals,0.01138036086,Gt/yr,haas2020,observed
1916,RR_metals,0.01186153804,Gt/yr,haas2020,observed
1917,RR_metals,0.01229322646,Gt/yr,haas2020,observed
1918,RR_metals,0.01279489771,Gt/yr,haas2020,observed
1919,RR_metals,0.01319534985,Gt/yr,haas2020,observed
1920,RR_metals,0.01364887633,Gt/yr,haas2020,observed
1921,RR_metals,0.01426407991,Gt/yr,haas2020,observed
1922,RR_metals,0.01477414388,Gt/yr,haas2020,observed
1923,RR_metals,0.01535483674,Gt/yr,haas2020,observed
1924,RR_metals,0.0160757097,Gt/yr,haas2020,observed
1925,RR_metals,0.01673917038,Gt/yr,haas2020,observed
1926,RR_metals,0.017521408,Gt/yr,haas2020,observed
1927,RR_metals,0.01827038232,Gt/yr,haas2020,observed
1928,RR_metals,0.01912490804,Gt/yr,haas2020,observed
1929,RR_metals,0.02006989825,Gt/yr,haas2020,observed
1930,RR_metals,0.0211045816,Gt/yr,haas2020,observed
1931,RR_metals,0.02216189877,Gt/yr,haas2020,observed
1932,RR_metals,0.02328830873,Gt/yr,haas2020,observed
1933,RR_metals,0.02458974117,Gt/yr,haas2020,observed
1934,RR_metals,0.02607735732,Gt/yr,haas2020,observed
1935,RR_metals,0.02732531296,Gt/yr,haas2020,observed
1936,RR_metals,0.02909459706,Gt/yr,haas2020,observed
1937,RR_metals,0.03073304044,Gt/yr,haas2020,observed
1938,RR_metals,0.03225159218,Gt/yr,haas2020,observed
1939,RR_metals,0.03397761166,Gt/yr,haas2020,observed
1940,RR_metals,0.03565472093,Gt/yr,haas2020,observed
1941,RR_metals,0.03763776132,Gt/yr,haas2020,observed
1942,RR_metals,0.0391126412,Gt/yr,haas2020,observed
1943,RR_metals,0.04095818515,Gt/yr,haas2020,observed
1944,RR_metals,0.04251095343,Gt/yr,haas2020,observed
1945,RR_metals,0.04407933081,Gt/yr,haas2020,observed
1946,RR_metals,0.04591080579,Gt/yr,haas2020,observed
1947,RR_metals,0.04715716104,Gt/yr,haas2020,observed
1948,RR_metals,0.04845558911,Gt/yr,haas2020,observed
1949,RR_metals,0.04957654291,Gt/yr,haas2020,observed
1950,RR_metals,0.05022932623,Gt/yr,haas2020,observed
1951,RR_metals,0.05127032197,Gt/yr,haas2020,observed
1952,RR_metals,0.05229916996,Gt/yr,haas2020,observed
1953,RR_metals,0.05282684044,Gt/yr,haas2020,observed
1954,RR_metals,0.05337778774,Gt/yr,haas2020,observed
1955,RR_metals,0.05419911236,Gt/yr,haas2020,observed
1956,RR_metals,0.05515559592,Gt/yr,haas2020,observed
1957,RR_metals,0.05587807752,Gt/yr,haas2020,observed
1958,RR_metals,0.05688174506,Gt/yr,haas2020,observed
1959,RR_metals,0.05794784395,Gt/yr,haas2020,observed
1960,RR_metals,0.05883984731,Gt/yr,haas2020,observed
1961,RR_metals,0.05968926926,Gt/yr,haas2020,observed
1962,RR_metals,0.06118599638,Gt/yr,haas2020,observed
1963,RR_metals,0.06233924516,Gt/yr,haas2020,observed
1964,RR_metals,0.06360157285,Gt/yr,haas2020,observed
1965,RR_metals,0.06502566846,Gt/yr,haas2020,observed
1966,RR_metals,0.06664947755,Gt/yr,haas2020,observed
1967,RR_metals,0.06811266025,Gt/yr,haas2020,observed
1968,RR_metals,0.06948300034,Gt/yr,haas2020,observed
1969,RR_metals,0.0711205177,Gt/yr,haas2020,observed
1970,RR_metals,0.07306946964,Gt/yr,haas2020,observed
1971,RR_metals,0.07549788901,Gt/yr,haas2020,observed
1972,RR_metals,0.07766454034,Gt/yr,haas2020,observed
1973,RR_metals,0.0799861601,Gt/yr,haas2020,observed
1974,RR_metals,0.08298993549,Gt/yr,haas2020,observed
1975,RR_metals,0.08599327557,Gt/yr,haas2020,observed
1976,RR_metals,0.08907368384,Gt/yr,haas2020,observed
1977,RR_metals,0.0923440415,Gt/yr,haas2020,observed
1978,RR_metals,0.09610481458,Gt/yr,haas2020,observed
1979,RR_metals,0.09977407349,Gt/yr,haas2020,observed
1980,RR_metals,0.104112163,Gt/yr,haas2020,observed
1981,RR_metals,0.1080216068,Gt/yr,haas2020,observed
1982,RR_metals,0.1125706819,Gt/yr,haas2020,observed
1983,RR_metals,0.1171446716,Gt/yr,haas2020,observed
1984,RR_metals,0.12205975,Gt/yr,haas2020,observed
1985,RR_metals,0.1276548416,Gt/yr,haas2020,observed
1986,RR_metals,0.1343110979,Gt/yr,haas2020,observed
1987,RR_metals,0.1403778477,Gt/yr,haas2020,observed
1988,RR_metals,0.1482169663,Gt/yr,haas2020,observed
1989,RR_metals,0.1550659695,Gt/yr,haas2020,observed
1990,RR_metals,0.1628549717,Gt/yr,haas2020,observed
1991,RR_metals,0.1711171101,Gt/yr,haas2020,observed
1992,RR_metals,0.1797108613,Gt/yr,haas2020,observed
1993,RR_metals,0.1882792808,Gt/yr,haas2020,observed
1994,RR_metals,0.1976330757,Gt/yr,haas2020,observed
1995,RR_metals,0.2068280327,Gt/yr,haas2020,observed
1996,RR_metals,0.2155899529,Gt/yr,haas2020,observed
1997,RR_metals,0.2255595503,Gt/yr,haas2020,observed
1998,RR_metals,0.234628853,Gt/yr,haas2020,observed
1999,RR_metals,0.2449535078,Gt/yr,haas2020,observed
2000,RR_metals,0.2535771609,Gt/yr,haas2020,observed
2001,RR_metals,0.2642524326,Gt/yr,haas2020,observed
2002,RR_metals,0.2752853728,Gt/yr,haas2020,observed
2003,RR_metals,0.2853100811,Gt/yr,haas2020,observed
2004,RR_metals,0.2966472517,Gt/yr,haas2020,observed
2005,RR_metals,0.3063162639,Gt/yr,haas2020,observed
2006,RR_metals,0.3189243657,Gt/yr,haas2020,observed
2007,RR_metals,0.3293598008,Gt/yr,haas2020,observed
2008,RR_metals,0.3392427271,Gt/yr,haas2020,observed
2009,RR_metals,0.3480875566,Gt/yr,haas2020,observed
2010,RR_metals,0.3582785708,Gt/yr,haas2020,observed
2011,RR_metals,0.3675066914,Gt/yr,haas2020,observed
2012,RR_metals,0.3758006953,Gt/yr,haas2020,observed
2013,RR_metals,0.3832911118,Gt/yr,haas2020,observed
2014,RR_metals,0.3907606353,Gt/yr,haas2020,observed
2015,RR_metals,0.398146561,Gt/yr,haas2020,observed
1900,RR_non_metallic_minerals,0.2660688867,Gt/yr,haas2020,observed
1901,RR_non_metallic_minerals,0.2686523164,Gt/yr,haas2020,observed
1902,RR_non_metallic_minerals,0.2732209375,Gt/yr,haas2020,observed
1903,RR_non_metallic_minerals,0.276048168,Gt/yr,haas2020,observed
1904,RR_non_metallic_minerals,0.2809766797,Gt/yr,haas2020,observed
1905,RR_non_metallic_minerals,0.2850899219,Gt/yr,haas2020,observed
1906,RR_non_metallic_minerals,0.2891261094,Gt/yr,haas2020,observed
1907,RR_non_metallic_minerals,0.290303543,Gt/yr,haas2020,observed
1908,RR_non_metallic_minerals,0.2983505156,Gt/yr,haas2020,observed
1909,RR_non_metallic_minerals,0.3009777227,Gt/yr,haas2020,observed
1910,RR_non_metallic_minerals,0.3047292383,Gt/yr,haas2020,observed
1911,RR_non_metallic_minerals,0.3072796445,Gt/yr,haas2020,observed
1912,RR_non_metallic_minerals,0.3128801836,Gt/yr,haas2020,observed
1913,RR_non_metallic_minerals,0.317237832,Gt/yr,haas2020,observed
1914,RR_non_metallic_minerals,0.3197511641,Gt/yr,haas2020,observed
1915,RR_non_metallic_minerals,0.3226433984,Gt/yr,haas2020,observed
1916,RR_non_metallic_minerals,0.3280820234,Gt/yr,haas2020,observed
1917,RR_non_metallic_minerals,0.3329602969,Gt/yr,haas2020,observed
1918,RR_non_metallic_minerals,0.3375934102,Gt/yr,haas2020,observed
1919,RR_non_metallic_minerals,0.3404899609,Gt/yr,haas2020,observed
1920,RR_non_metallic_minerals,0.3467496719,Gt/yr,haas2020,observed
1921,RR_non_metallic_minerals,0.3462742695,Gt/yr,haas2020,observed
1922,RR_non_metallic_minerals,0.3465878125,Gt/yr,haas2020,observed
1923,RR_non_metallic_minerals,0.3499693711,Gt/yr,haas2020,observed
1924,RR_non_metallic_minerals,0.3535357344,Gt/yr,haas2020,observed
1925,RR_non_metallic_minerals,0.3537024922,Gt/yr,haas2020,observed
1926,RR_non_metallic_minerals,0.3578498477,Gt/yr,haas2020,observed
1927,RR_non_metallic_minerals,0.3604920273,Gt/yr,haas2020,observed
1928,RR_non_metallic_minerals,0.3603248047,Gt/yr,haas2020,observed
1929,RR_non_metallic_minerals,0.3642350273,Gt/yr,haas2020,observed
1930,RR_non_metallic_minerals,0.367679418,Gt/yr,haas2020,observed
1931,RR_non_metallic_minerals,0.366383957,Gt/yr,haas2020,observed
1932,RR_non_metallic_minerals,0.3688225625,Gt/yr,haas2020,observed
1933,RR_non_metallic_minerals,0.3715338477,Gt/yr,haas2020,observed
1934,RR_non_metallic_minerals,0.3697584297,Gt/yr,haas2020,observed
1935,RR_non_metallic_minerals,0.3719773594,Gt/yr,haas2020,observed
1936,RR_non_metallic_minerals,0.3711018828,Gt/yr,haas2020,observed
1937,RR_non_metallic_minerals,0.3712041562,Gt/yr,haas2020,observed
1938,RR_non_metallic_minerals,0.3724520664,Gt/yr,haas2020,observed
1939,RR_non_metallic_minerals,0.3744856758,Gt/yr,haas2020,observed
1940,RR_non_metallic_minerals,0.3731337227,Gt/yr,haas2020,observed
1941,RR_non_metallic_minerals,0.3748828594,Gt/yr,haas2020,observed
1942,RR_non_metallic_minerals,0.3746756094,Gt/yr,haas2020,observed
1943,RR_non_metallic_minerals,0.3747928789,Gt/yr,haas2020,observed
1944,RR_non_metallic_minerals,0.3737990508,Gt/yr,haas2020,observed
1945,RR_non_metallic_minerals,0.3753743086,Gt/yr,haas2020,observed
1946,RR_non_metallic_minerals,0.3745489844,Gt/yr,haas2020,observed
1947,RR_non_metallic_minerals,0.3737107246,Gt/yr,haas2020,observed
1948,RR_non_metallic_minerals,0.3760296953,Gt/yr,haas2020,observed
1949,RR_non_metallic_minerals,0.3761649629,Gt/yr,haas2020,observed
1950,RR_non_metallic_minerals,0.3771169414,Gt/yr,haas2020,observed
1951,RR_non_metallic_minerals,0.3744627246,Gt/yr,haas2020,observed
1952,RR_non_metallic_minerals,0.3724876406,Gt/yr,haas2020,observed
1953,RR_non_metallic_minerals,0.3761323789,Gt/yr,haas2020,observed
1954,RR_non_metallic_minerals,0.374816627,Gt/yr,haas2020,observed
1955,RR_non_metallic_minerals,0.3788106846,Gt/yr,haas2020,observed
1956,RR_non_metallic_minerals,0.3774500957,Gt/yr,haas2020,observed
1957,RR_non_metallic_minerals,0.3790758203,Gt/yr,haas2020,observed
1958,RR_non_metallic_minerals,0.3800438867,Gt/yr,haas2020,observed
1959,RR_non_metallic_minerals,0.3791853372,Gt/yr,haas2020,observed
1960,RR_non_metallic_minerals,0.3855237721,Gt/yr,haas2020,observed
1961,RR_non_metallic_minerals,0.3914212156,Gt/yr,haas2020,observed
1962,RR_non_metallic_minerals,0.3943011189,Gt/yr,haas2020,observed
1963,RR_non_metallic_minerals,0.3972008233,Gt/yr,haas2020,observed
1964,RR_non_metallic_minerals,0.4064470831,Gt/yr,haas2020,observed
1965,RR_non_metallic_minerals,0.4125108138,Gt/yr,haas2020,observed
1966,RR_non_metallic_minerals,0.4186320742,Gt/yr,haas2020,observed
1967,RR_non_metallic_minerals,0.4327990693,Gt/yr,haas2020,observed
1968,RR_non_metallic_minerals,0.4426325377,Gt/yr,haas2020,observed
1969,RR_non_metallic_minerals,0.4477572233,Gt/yr,haas2020,observed
1970,RR_non_metallic_minerals,0.4577725282,Gt/yr,haas2020,observed
1971,RR_non_metallic_minerals,0.4838380717,Gt/yr,haas2020,observed
1972,RR_non_metallic_minerals,0.5100212203,Gt/yr,haas2020,observed
1973,RR_non_metallic_minerals,0.5343361545,Gt/yr,haas2020,observed
1974,RR_non_metallic_minerals,0.5680615472,Gt/yr,haas2020,observed
1975,RR_non_metallic_minerals,0.5973337988,Gt/yr,haas2020,observed
1976,RR_non_metallic_minerals,0.6245908923,Gt/yr,haas2020,observed
1977,RR_non_metallic_minerals,0.6643842903,Gt/yr,haas2020,observed
1978,RR_non_metallic_minerals,0.7029784487,Gt/yr,haas2020,observed
1979,RR_non_metallic_minerals,0.7427257319,Gt/yr,haas2020,observed
1980,RR_non_metallic_minerals,0.7973739775,Gt/yr,haas2020,observed
1981,RR_non_metallic_minerals,0.8547100366,Gt/yr,haas2020,observed
1982,RR_non_metallic_minerals,0.9089525801,Gt/yr,haas2020,observed
1983,RR_non_metallic_minerals,0.9790745278,Gt/yr,haas2020,observed
1984,RR_non_metallic_minerals,1.046336387,Gt/yr,haas2020,observed
1985,RR_non_metallic_minerals,1.121325487,Gt/yr,haas2020,observed
1986,RR_non_metallic_minerals,1.197695436,Gt/yr,haas2020,observed
1987,RR_non_metallic_minerals,1.280666177,Gt/yr,haas2020,observed
1988,RR_non_metallic_minerals,1.371553979,Gt/yr,haas2020,observed
1989,RR_non_metallic_minerals,1.464222576,Gt/yr,haas2020,observed
1990,RR_non_metallic_minerals,1.552909052,Gt/yr,haas2020,observed
1991,RR_non_metallic_minerals,1.652794087,Gt/yr,haas2020,observed
1992,RR_non_metallic_minerals,1.781603369,Gt/yr,haas2020,observed
1993,RR_non_metallic_minerals,1.89369578,Gt/yr,haas2020,observed
1994,RR_non_metallic_minerals,2.013436855,Gt/yr,haas2020,observed
1995,RR_non_metallic_minerals,2.122874859,Gt/yr,haas2020,observed
1996,RR_non_metallic_minerals,2.255771761,Gt/yr,haas2020,observed
1997,RR_non_metallic_minerals,2.378849177,Gt/yr,haas2020,observed
1998,RR_non_metallic_minerals,2.499692115,Gt/yr,haas2020,observed
1999,RR_non_metallic_minerals,2.605877851,Gt/yr,haas2020,observed
2000,RR_non_metallic_minerals,2.724929729,Gt/yr,haas2020,observed
2001,RR_non_metallic_minerals,2.861024314,Gt/yr,haas2020,observed
2002,RR_non_metallic_minerals,2.966103653,Gt/yr,haas2020,observed
2003,RR_non_metallic_minerals,3.101063915,Gt/yr,haas2020,observed
2004,RR_non_metallic_minerals,3.230472155,Gt/yr,haas2020,observed
2005,RR_non_metallic_minerals,3.394129251,Gt/yr,haas2020,observed
2006,RR_non_metallic_minerals,3.534266861,Gt/yr,haas2020,observed
2007,RR_non_metallic_minerals,3.688907249,Gt/yr,haas2020,observed
2008,RR_non_metallic_minerals,3.8796121,Gt/yr,haas2020,observed
2009,RR_non_metallic_minerals,4.055806759,Gt/yr,haas2020,observed
2010,RR_non_metallic_minerals,4.26510729,Gt/yr,haas2020,observed
2011,RR_non_metallic_minerals,4.455858544,Gt/yr,haas2020,observed
2012,RR_non_metallic_minerals,4.705347135,Gt/yr,haas2020,observed
2013,RR_non_metallic_minerals,4.953655582,Gt/yr,haas2020,observed
2014,RR_non_metallic_minerals,5.203619013,Gt/yr,haas2020,observed
2015,RR_non_metallic_minerals,5.471668646,Gt/yr,haas2020,observed
1900,R_biomass,5.280084544,Gt/yr,haas2020,observed
1901,R_biomass,5.340659106,Gt/yr,haas2020,observed
1902,R_biomass,5.401211308,Gt/yr,haas2020,observed
1903,R_biomass,5.461741715,Gt/yr,haas2020,observed
1904,R_biomass,5.522300984,Gt/yr,haas2020,observed
1905,R_biomass,5.582877868,Gt/yr,haas2020,observed
1906,R_biomass,5.64342062,Gt/yr,haas2020,observed
1907,R_biomass,5.703994284,Gt/yr,haas2020,observed
1908,R_biomass,5.764577096,Gt/yr,haas2020,observed
1909,R_biomass,5.82516463,Gt/yr,haas2020,observed
1910,R_biomass,5.885700713,Gt/yr,haas2020,observed
1911,R_biomass,5.956878619,Gt/yr,haas2020,observed
1912,R_biomass,6.028020175,Gt/yr,haas2020,observed
1913,R_biomass,6.099222693,Gt/yr,haas2020,observed
1914,R_biomass,6.170402594,Gt/yr,haas2020,observed
1915,R_biomass,6.24157141,Gt/yr,haas2020,observed
1916,R_biomass,6.312828015,Gt/yr,haas2020,observed
1917,R_biomass,6.383954918,Gt/yr,haas2020,observed
1918,R_biomass,6.455107034,Gt/yr,haas2020,observed
1919,R_biomass,6.526354682,Gt/yr,haas2020,observed
1920,R_biomass,6.597493174,Gt/yr,haas2020,observed
1921,R_biomass,6.668711136,Gt/yr,haas2020,observed
1922,R_biomass,6.739836968,Gt/yr,haas2020,observed
1923,R_biomass,6.81108552,Gt/yr,haas2020,observed
1924,R_biomass,6.882276215,Gt/yr,haas2020,observed
1925,R_biomass,6.953453101,Gt/yr,haas2020,observed
1926,R_biomass,7.024620042,Gt/yr,haas2020,observed
1927,R_biomass,7.095809582,Gt/yr,haas2020,observed
1928,R_biomass,7.166989998,Gt/yr,haas2020,observed
1929,R_biomass,7.238181744,Gt/yr,haas2020,observed
1930,R_biomass,7.309364595,Gt/yr,haas2020,observed
1931,R_biomass,7.354196634,Gt/yr,haas2020,observed
1932,R_biomass,7.398992401,Gt/yr,haas2020,observed
1933,R_biomass,7.443894939,Gt/yr,haas2020,observed
1934,R_biomass,7.488754146,Gt/yr,haas2020,observed
1935,R_biomass,7.533533636,Gt/yr,haas2020,observed
1936,R_biomass,7.578423208,Gt/yr,haas2020,observed
1937,R_biomass,7.62322929,Gt/yr,haas2020,observed
1938,R_biomass,7.668003297,Gt/yr,haas2020,observed
1939,R_biomass,7.712921935,Gt/yr,haas2020,observed
1940,R_biomass,7.757848477,Gt/yr,haas2020,observed
1941,R_biomass,7.802644534,Gt/yr,haas2020,observed
1942,R_biomass,7.847470854,Gt/yr,haas2020,observed
1943,R_biomass,7.892357246,Gt/yr,haas2020,observed
1944,R_biomass,7.937186636,Gt/yr,haas2020,observed
1945,R_biomass,7.982065599,Gt/yr,haas2020,observed
1946,R_biomass,8.02683072,Gt/yr,haas2020,observed
1947,R_biomass,8.071656975,Gt/yr,haas2020,observed
1948,R_biomass,8.116565988,Gt/yr,haas2020,observed
1949,R_biomass,8.16137425,Gt/yr,haas2020,observed
1950,R_biomass,8.206297091,Gt/yr,haas2020,observed
1951,R_biomass,8.322809866,Gt/yr,haas2020,observed
1952,R_biomass,8.43949417,Gt/yr,haas2020,observed
1953,R_biomass,8.55611943,Gt/yr,haas2020,observed
1954,R_biomass,8.672801211,Gt/yr,haas2020,observed
1955,R_biomass,8.789396262,Gt/yr,haas2020,observed
1956,R_biomass,8.906100648,Gt/yr,haas2020,observed
1957,R_biomass,9.022698236,Gt/yr,haas2020,observed
1958,R_biomass,9.13933926,Gt/yr,haas2020,observed
1959,R_biomass,9.255931529,Gt/yr,haas2020,observed
1960,R_biomass,9.372614876,Gt/yr,haas2020,observed
1961,R_biomass,9.489260415,Gt/yr,haas2020,observed
1962,R_biomass,9.632133127,Gt/yr,haas2020,observed
1963,R_biomass,9.753122448,Gt/yr,haas2020,observed
1964,R_biomass,10.13722033,Gt/yr,haas2020,observed
1965,R_biomass,10.31956487,Gt/yr,haas2020,observed
1966,R_biomass,10.70558899,Gt/yr,haas2020,observed
1967,R_biomass,11.00151024,Gt/yr,haas2020,observed
1968,R_biomass,11.2045531,Gt/yr,haas2020,observed
1969,R_biomass,11.31120868,Gt/yr,haas2020,observed
1970,R_biomass,11.60425701,Gt/yr,haas2020,observed
1971,R_biomass,11.9516141,Gt/yr,haas2020,observed
1972,R_biomass,11.94708724,Gt/yr,haas2020,observed
1973,R_biomass,12.42831543,Gt/yr,haas2020,observed
1974,R_biomass,12.55956165,Gt/yr,haas2020,observed
1975,R_biomass,12.63373851,Gt/yr,haas2020,observed
1976,R_biomass,13.01052257,Gt/yr,haas2020,observed
1977,R_biomass,13.12850924,Gt/yr,haas2020,observed
1978,R_biomass,13.50171749,Gt/yr,haas2020,observed
1979,R_biomass,13.56423115,Gt/yr,haas2020,observed
1980,R_biomass,13.56835767,Gt/yr,haas2020,observed
1981,R_biomass,13.94479743,Gt/yr,haas2020,observed
1982,R_biomass,14.24102085,Gt/yr,haas2020,observed
1983,R_biomass,14.20274636,Gt/yr,haas2020,observed
1984,R_biomass,14.75074845,Gt/yr,haas2020,observed
1985,R_biomass,14.96048452,Gt/yr,haas2020,observed
1986,R_biomass,15.13072018,Gt/yr,haas2020,observed
1987,R_biomass,15.22509258,Gt/yr,haas2020,observed
1988,R_biomass,15.28931022,Gt/yr,haas2020,observed
1989,R_biomass,15.82358192,Gt/yr,haas2020,observed
1990,R_biomass,16.13019056,Gt/yr,haas2020,observed
1991,R_biomass,16.02908525,Gt/yr,haas2020,observed
1992,R_biomass,16.24032724,Gt/yr,haas2020,observed
1993,R_biomass,15.97322229,Gt/yr,haas2020,observed
1994,R_biomass,16.21397491,Gt/yr,haas2020,observed
1995,R_biomass,16.33185105,Gt/yr,haas2020,observed
1996,R_biomass,16.80052992,Gt/yr,haas2020,observed
1997,R_biomass,16.87405787,Gt/yr,haas2020,observed
1998,R_biomass,16.92014626,Gt/yr,haas2020,observed
1999,R_biomass,17.17195221,Gt/yr,haas2020,observed
2000,R_biomass,17.28284353,Gt/yr,haas2020,observed
2001,R_biomass,17.36406653,Gt/yr,haas2020,observed
2002,R_biomass,17.57050628,Gt/yr,haas2020,observed
2003,R_biomass,17.88894679,Gt/yr,haas2020,observed
2004,R_biomass,18.54459406,Gt/yr,haas2020,observed
2005,R_biomass,18.86192667,Gt/yr,haas2020,observed
2006,R_biomass,19.21547857,Gt/yr,haas2020,observed
2007,R_biomass,19.93345974,Gt/yr,haas2020,observed
2008,R_biomass,20.58273084,Gt/yr,haas2020,observed
2009,R_biomass,20.61623495,Gt/yr,haas2020,observed
2010,R_biomass,21.02441596,Gt/yr,haas2020,observed
2011,R_biomass,21.54951468,Gt/yr,haas2020,observed
2012,R_biomass,21.74821769,Gt/yr,haas2020,observed
2013,R_biomass,22.45891775,Gt/yr,haas2020,observed
2014,R_biomass,22.72967384,Gt/yr,haas2020,observed
2015,R_biomass,22.88986994,Gt/yr,haas2020,observed
1900,R_fossil,0.9674449631,Gt/yr,haas2020,observed
1901,R_fossil,0.9945563339,Gt/yr,haas2020,observed
1902,R_fossil,1.016628579,Gt/yr,haas2020,observed
1903,R_fossil,1.114395693,Gt/yr,haas2020,observed
1904,R_fossil,1.125502716,Gt/yr,haas2020,observed
1905,R_fossil,1.188792326,Gt/yr,haas2020,observed
1906,R_fossil,1.280764473,Gt/yr,haas2020,observed
1907,R_fossil,1.417625727,Gt/yr,haas2020,observed
1908,R_fossil,1.349321262,Gt/yr,haas2020,observed
1909,R_fossil,1.40820668,Gt/yr,haas2020,observed
1910,R_fossil,1.473345563,Gt/yr,haas2020,observed
1911,R_fossil,1.503989375,Gt/yr,haas2020,observed
1912,R_fossil,1.584716221,Gt/yr,haas2020,observed
1913,R_fossil,1.699370061,Gt/yr,haas2020,observed
1914,R_fossil,1.529214891,Gt/yr,haas2020,observed
1915,R_fossil,1.514020971,Gt/yr,haas2020,observed
1916,R_fossil,1.629912112,Gt/yr,haas2020,observed
1917,R_fossil,1.720420503,Gt/yr,haas2020,observed
1918,R_fossil,1.694956301,Gt/yr,haas2020,observed
1919,R_fossil,1.496440284,Gt/yr,haas2020,observed
1920,R_fossil,1.723399927,Gt/yr,haas2020,observed
1921,R_fossil,1.476020173,Gt/yr,haas2020,observed
1922,R_fossil,1.57814278,Gt/yr,haas2020,observed
1923,R_fossil,1.79387524,Gt/yr,haas2020,observed
1924,R_fossil,1.775711243,Gt/yr,haas2020,observed
1925,R_fossil,1.785741231,Gt/yr,haas2020,observed
1926,R_fossil,1.782714467,Gt/yr,haas2020,observed
1927,R_fossil,1.902372897,Gt/yr,haas2020,observed
1928,R_fossil,2.065291264,Gt/yr,haas2020,observed
1929,R_fossil,2.060073193,Gt/yr,haas2020,observed
1930,R_fossil,1.896365959,Gt/yr,haas2020,observed
1931,R_fossil,1.691397595,Gt/yr,haas2020,observed
1932,R_fossil,1.520362939,Gt/yr,haas2020,observed
1933,R_fossil,1.599461733,Gt/yr,haas2020,observed
1934,R_fossil,1.746018057,Gt/yr,haas2020,observed
1935,R_fossil,1.838210724,Gt/yr,haas2020,observed
1936,R_fossil,2.015176554,Gt/yr,haas2020,observed
1937,R_fossil,2.14894637,Gt/yr,haas2020,observed
1938,R_fossil,1.961674599,Gt/yr,haas2020,observed
1939,R_fossil,2.158324311,Gt/yr,haas2020,observed
1940,R_fossil,2.370280257,Gt/yr,haas2020,observed
1941,R_fossil,2.447681176,Gt/yr,haas2020,observed
1942,R_fossil,2.469791584,Gt/yr,haas2020,observed
1943,R_fossil,2.543647746,Gt/yr,haas2020,observed
1944,R_fossil,2.529573132,Gt/yr,haas2020,observed
1945,R_fossil,2.065616949,Gt/yr,haas2020,observed
1946,R_fossil,2.206678535,Gt/yr,haas2020,observed
1947,R_fossil,2.477714917,Gt/yr,haas2020,observed
1948,R_fossil,2.603893228,Gt/yr,haas2020,observed
1949,R_fossil,2.517806111,Gt/yr,haas2020,observed
1950,R_fossil,2.751761411,Gt/yr,haas2020,observed
1951,R_fossil,2.935821511,Gt/yr,haas2020,observed
1952,R_fossil,2.984792357,Gt/yr,haas2020,observed
1953,R_fossil,3.030953097,Gt/yr,haas2020,observed
1954,R_fossil,3.081555162,Gt/yr,haas2020,observed
1955,R_fossil,3.358170969,Gt/yr,haas2020,observed
1956,R_fossil,3.562493412,Gt/yr,haas2020,observed
1957,R_fossil,3.71122275,Gt/yr,haas2020,observed
1958,R_fossil,3.899910043,Gt/yr,haas2020,observed
1959,R_fossil,4.117225628,Gt/yr,haas2020,observed
1960,R_fossil,4.422777226,Gt/yr,haas2020,observed
1961,R_fossil,4.47803806,Gt/yr,haas2020,observed
1962,R_fossil,4.746241353,Gt/yr,haas2020,observed
1963,R_fossil,5.113097356,Gt/yr,haas2020,observed
1964,R_fossil,5.385983445,Gt/yr,haas2020,observed
1965,R_fossil,5.28333271,Gt/yr,haas2020,observed
1966,R_fossil,5.517977697,Gt/yr,haas2020,observed
1967,R_fossil,5.554445515,Gt/yr,haas2020,observed
1968,R_fossil,5.881066318,Gt/yr,haas2020,observed
1969,R_fossil,6.063904955,Gt/yr,haas2020,observed
1970,R_fossil,6.309365378,Gt/yr,haas2020,observed
1971,R_fossil,6.512796606,Gt/yr,haas2020,observed
1972,R_fossil,6.746885974,Gt/yr,haas2020,observed
1973,R_fossil,7.060648699,Gt/yr,haas2020,observed
1974,R_fossil,7.109103326,Gt/yr,haas2020,observed
1975,R_fossil,7.172053037,Gt/yr,haas2020,observed
1976,R_fossil,7.506698526,Gt/yr,haas2020,observed
1977,R_fossil,7.772810905,Gt/yr,haas2020,observed
1978,R_fossil,7.915245717,Gt/yr,haas2020,observed
1979,R_fossil,8.270168172,Gt/yr,haas2020,observed
1980,R_fossil,8.227486226,Gt/yr,haas2020,observed
1981,R_fossil,8.110905402,Gt/yr,haas2020,observed
1982,R_fossil,8.300589391,Gt/yr,haas2020,observed
1983,R_fossil,8.32817376,Gt/yr,haas2020,observed
1984,R_fossil,8.702833616,Gt/yr,haas2020,observed
1985,R_fossil,8.707791039,Gt/yr,haas2020,observed
1986,R_fossil,8.954339139,Gt/yr,haas2020,observed
1987,R_fossil,9.142654898,Gt/yr,haas2020,observed
1988,R_fossil,9.391381262,Gt/yr,haas2020,observed
1989,R_fossil,9.562515377,Gt/yr,haas2020,observed
1990,R_fossil,9.502472797,Gt/yr,haas2020,observed
1991,R_fossil,9.356692227,Gt/yr,haas2020,observed
1992,R_fossil,9.202570128,Gt/yr,haas2020,observed
1993,R_fossil,9.150008211,Gt/yr,haas2020,observed
1994,R_fossil,9.277453235,Gt/yr,haas2020,observed
1995,R_fossil,9.508590032,Gt/yr,haas2020,observed
1996,R_fossil,9.726841426,Gt/yr,haas2020,observed
1997,R_fossil,9.801142848,Gt/yr,haas2020,observed
1998,R_fossil,9.866925141,Gt/yr,haas2020,observed
1999,R_fossil,9.792910983,Gt/yr,haas2020,observed
2000,R_fossil,10.1144155,Gt/yr,haas2020,observed
2001,R_fossil,10.37658068,Gt/yr,haas2020,observed
2002,R_fossil,10.44432776,Gt/yr,haas2020,observed
2003,R_fossil,11.00428049,Gt/yr,haas2020,observed
2004,R_fossil,11.59446436,Gt/yr,haas2020,observed
2005,R_fossil,12.0522649,Gt/yr,haas2020,observed
2006,R_fossil,12.4575286,Gt/yr,haas2020,observed
2007,R_fossil,12.70921854,Gt/yr,haas2020,observed
2008,R_fossil,13.01027391,Gt/yr,haas2020,observed
2009,R_fossil,12.9356236,Gt/yr,haas2020,observed
2010,R_fossil,13.52468691,Gt/yr,haas2020,observed
2011,R_fossil,14.23127835,Gt/yr,haas2020,observed
2012,R_fossil,14.46086738,Gt/yr,haas2020,observed
2013,R_fossil,14.62465391,Gt/yr,haas2020,observed
2014,R_fossil,14.65853894,Gt/yr,haas2020,observed
2015,R_fossil,14.63308814,Gt/yr,haas2020,observed
1900,R_metals,0.159191578,Gt/yr,haas2020,observed
1901,R_metals,0.1641186326,Gt/yr,haas2020,observed
1902,R_metals,0.1686729863,Gt/yr,haas2020,observed
1903,R_metals,0.1731059951,Gt/yr,haas2020,observed
1904,R_metals,0.1790690997,Gt/yr,haas2020,observed
1905,R_metals,0.2053608327,Gt/yr,haas2020,observed
1906,R_metals,0.1960098982,Gt/yr,haas2020,observed
1907,R_metals,0.2322923466,Gt/yr,haas2020,observed
1908,R_metals,0.2160412579,Gt/yr,haas2020,observed
1909,R_metals,0.2394798593,Gt/yr,haas2020,observed
1910,R_metals,0.2625354639,Gt/yr,haas2020,observed
1911,R_metals,0.258966549,Gt/yr,haas2020,observed
1912,R_metals,0.2889354088,Gt/yr,haas2020,observed
1913,R_metals,0.3220688805,Gt/yr,haas2020,observed
1914,R_metals,0.2546336815,Gt/yr,haas2020,observed
1915,R_metals,0.2599331649,Gt/yr,haas2020,observed
1916,R_metals,0.304241304,Gt/yr,haas2020,observed
1917,R_metals,0.311299767,Gt/yr,haas2020,observed
1918,R_metals,0.2932570603,Gt/yr,haas2020,observed
1919,R_metals,0.245351981,Gt/yr,haas2020,observed
1920,R_metals,0.2616137087,Gt/yr,haas2020,observed
1921,R_metals,0.1779711806,Gt/yr,haas2020,observed
1922,R_metals,0.2372639751,Gt/yr,haas2020,observed
1923,R_metals,0.2972602114,Gt/yr,haas2020,observed
1924,R_metals,0.3050544846,Gt/yr,haas2020,observed
1925,R_metals,0.3427240615,Gt/yr,haas2020,observed
1926,R_metals,0.3489536833,Gt/yr,haas2020,observed
1927,R_metals,0.3741367627,Gt/yr,haas2020,observed
1928,R_metals,0.4000182534,Gt/yr,haas2020,observed
1929,R_metals,0.4479585541,Gt/yr,haas2020,observed
1930,R_metals,0.400866184,Gt/yr,haas2020,observed
1931,R_metals,0.3104109377,Gt/yr,haas2020,observed
1932,R_metals,0.215576525,Gt/yr,haas2020,observed
1933,R_metals,0.243714277,Gt/yr,haas2020,observed
1934,R_metals,0.3092970985,Gt/yr,haas2020,observed
1935,R_metals,0.3541876952,Gt/yr,haas2020,observed
1936,R_metals,0.4271889353,Gt/yr,haas2020,observed
1937,R_metals,0.5265901931,Gt/yr,haas2020,observed
1938,R_metals,0.444531435,Gt/yr,haas2020,observed
1939,R_metals,0.5012971925,Gt/yr,haas2020,observed
1940,R_metals,0.5490427419,Gt/yr,haas2020,observed
1941,R_metals,0.5776678595,Gt/yr,haas2020,observed
1942,R_metals,0.5594178065,Gt/yr,haas2020,observed
1943,R_metals,0.574119416,Gt/yr,haas2020,observed
1944,R_metals,0.5040379202,Gt/yr,haas2020,observed
1945,R_metals,0.4292423446,Gt/yr,haas2020,observed
1946,R_metals,0.3978356334,Gt/yr,haas2020,observed
1947,R_metals,0.4739493941,Gt/yr,haas2020,observed
1948,R_metals,0.5355105268,Gt/yr,haas2020,observed
1949,R_metals,0.5395342671,Gt/yr,haas2020,observed
1950,R_metals,0.5927134149,Gt/yr,haas2020,observed
1951,R_metals,0.6507246958,Gt/yr,haas2020,observed
1952,R_metals,0.6742656388,Gt/yr,haas2020,observed
1953,R_metals,0.7373365359,Gt/yr,haas2020,observed
1954,R_metals,0.8126608363,Gt/yr,haas2020,observed
1955,R_metals,0.8046711719,Gt/yr,haas2020,observed
1956,R_metals,0.8590017483,Gt/yr,haas2020,observed
1957,R_metals,0.9124785639,Gt/yr,haas2020,observed
1958,R_metals,0.842973747,Gt/yr,haas2020,observed
1959,R_metals,0.9094898185,Gt/yr,haas2020,observed
1960,R_metals,1.047149153,Gt/yr,haas2020,observed
1961,R_metals,1.045116366,Gt/yr,haas2020,observed
1962,R_metals,1.061228098,Gt/yr,haas2020,observed
1963,R_metals,1.087343964,Gt/yr,haas2020,observed
1964,R_metals,1.171910639,Gt/yr,haas2020,observed
1965,R_metals,1.248490635,Gt/yr,haas2020,observed
1966,R_metals,1.280271916,Gt/yr,haas2020,observed
1967,R_metals,1.292859655,Gt/yr,haas2020,observed
1968,R_metals,1.394969455,Gt/yr,haas2020,observed
1969,R_metals,1.478459187,Gt/yr,haas2020,observed
1970,R_metals,1.61615784,Gt/yr,haas2020,observed
1971,R_metals,1.636663798,Gt/yr,haas2020,observed
1972,R_metals,1.673300842,Gt/yr,haas2020,observed
1973,R_metals,1.797546249,Gt/yr,haas2020,observed
1974,R_metals,1.889107403,Gt/yr,haas2020,observed
1975,R_metals,1.897977178,Gt/yr,haas2020,observed
1976,R_metals,1.926587523,Gt/yr,haas2020,observed
1977,R_metals,1.90689032,Gt/yr,haas2020,observed
1978,R_metals,1.937750308,Gt/yr,haas2020,observed
1979,R_metals,2.034548543,Gt/yr,haas2020,observed
1980,R_metals,2.055445314,Gt/yr,haas2020,observed
1981,R_metals,2.049346631,Gt/yr,haas2020,observed
1982,R_metals,1.947699687,Gt/yr,haas2020,observed
1983,R_metals,1.864907197,Gt/yr,haas2020,observed
1984,R_metals,2.03159932,Gt/yr,haas2020,observed
1985,R_metals,2.105843193,Gt/yr,haas2020,observed
1986,R_metals,2.132767539,Gt/yr,haas2020,observed
1987,R_metals,2.238310794,Gt/yr,haas2020,observed
1988,R_metals,2.4324532,Gt/yr,haas2020,observed
1989,R_metals,2.573024219,Gt/yr,haas2020,observed
1990,R_metals,2.584733137,Gt/yr,haas2020,observed
1991,R_metals,2.533256195,Gt/yr,haas2020,observed
1992,R_metals,2.514705215,Gt/yr,haas2020,observed
1993,R_metals,2.532521057,Gt/yr,haas2020,observed
1994,R_metals,2.582297748,Gt/yr,haas2020,observed
1995,R_metals,2.739910012,Gt/yr,haas2020,observed
1996,R_metals,2.846840718,Gt/yr,haas2020,observed
1997,R_metals,2.993832709,Gt/yr,haas2020,observed
1998,R_metals,3.084034243,Gt/yr,haas2020,observed
1999,R_metals,3.142229323,Gt/yr,haas2020,observed
2000,R_metals,3.313936424,Gt/yr,haas2020,observed
2001,R_metals,3.347577469,Gt/yr,haas2020,observed
2002,R_metals,3.408100412,Gt/yr,haas2020,observed
2003,R_metals,3.554319577,Gt/yr,haas2020,observed
2004,R_metals,3.92880247,Gt/yr,haas2020,observed
2005,R_metals,4.230734574,Gt/yr,haas2020,observed
2006,R_metals,4.557785034,Gt/yr,haas2020,observed
2007,R_metals,4.914737381,Gt/yr,haas2020,observed
2008,R_metals,5.164504146,Gt/yr,haas2020,observed
2009,R_metals,5.202194283,Gt/yr,haas2020,observed
2010,R_metals,5.611283296,Gt/yr,haas2020,observed
2011,R_metals,6.151951157,Gt/yr,haas2020,observed
2012,R_metals,6.211588107,Gt/yr,haas2020,observed
2013,R_metals,6.630052826,Gt/yr,haas2020,observed
2014,R_metals,6.808664173,Gt/yr,haas2020,observed
2015,R_metals,6.860814928,Gt/yr,haas2020,observed
1900,R_non_metallic_minerals,1.155437909,Gt/yr,haas2020,observed
1901,R_non_metallic_minerals,1.187001795,Gt/yr,haas2020,observed
1902,R_non_metallic_minerals,1.203642918,Gt/yr,haas2020,observed
1903,R_non_metallic_minerals,1.234740593,Gt/yr,haas2020,observed
1904,R_non_metallic_minerals,1.249752398,Gt/yr,haas2020,observed
1905,R_non_metallic_minerals,1.296572747,Gt/yr,haas2020,observed
1906,R_non_metallic_minerals,1.322892815,Gt/yr,haas2020,observed
1907,R_non_metallic_minerals,1.350633549,Gt/yr,haas2020,observed
1908,R_non_metallic_minerals,1.393351463,Gt/yr,haas2020,observed
1909,R_non_metallic_minerals,1.434400186,Gt/yr,haas2020,observed
1910,R_non_metallic_minerals,1.449291184,Gt/yr,haas2020,observed
1911,R_non_metallic_minerals,1.464316391,Gt/yr,haas2020,observed
1912,R_non_metallic_minerals,1.490898116,Gt/yr,haas2020,observed
1913,R_non_metallic_minerals,1.518416592,Gt/yr,haas2020,observed
1914,R_non_metallic_minerals,1.497743882,Gt/yr,haas2020,observed
1915,R_non_metallic_minerals,1.471393659,Gt/yr,haas2020,observed
1916,R_non_metallic_minerals,1.483822735,Gt/yr,haas2020,observed
1917,R_non_metallic_minerals,1.448907595,Gt/yr,haas2020,observed
1918,R_non_metallic_minerals,1.471814847,Gt/yr,haas2020,observed
1919,R_non_metallic_minerals,1.390330838,Gt/yr,haas2020,observed
1920,R_non_metallic_minerals,1.472075539,Gt/yr,haas2020,observed
1921,R_non_metallic_minerals,1.479852792,Gt/yr,haas2020,observed
1922,R_non_metallic_minerals,1.591950855,Gt/yr,haas2020,observed
1923,R_non_metallic_minerals,1.62168445,Gt/yr,haas2020,observed
1924,R_non_metallic_minerals,1.741147023,Gt/yr,haas2020,observed
1925,R_non_metallic_minerals,1.821423008,Gt/yr,haas2020,observed
1926,R_non_metallic_minerals,1.911536221,Gt/yr,haas2020,observed
1927,R_non_metallic_minerals,2.004160198,Gt/yr,haas2020,observed
1928,R_non_metallic_minerals,2.051451853,Gt/yr,haas2020,observed
1929,R_non_metallic_minerals,2.105348341,Gt/yr,haas2020,observed
1930,R_non_metallic_minerals,2.098355705,Gt/yr,haas2020,observed
1931,R_non_metallic_minerals,2.063000708,Gt/yr,haas2020,observed
1932,R_non_metallic_minerals,1.981953358,Gt/yr,haas2020,observed
1933,R_non_metallic_minerals,2.000362584,Gt/yr,haas2020,observed
1934,R_non_metallic_minerals,2.120637967,Gt/yr,haas2020,observed
1935,R_non_metallic_minerals,2.183686364,Gt/yr,haas2020,observed
1936,R_non_metallic_minerals,2.242983763,Gt/yr,haas2020,observed
1937,R_non_metallic_minerals,2.44901499,Gt/yr,haas2020,observed
1938,R_non_metallic_minerals,2.505646788,Gt/yr,haas2020,observed
1939,R_non_metallic_minerals,2.585503224,Gt/yr,haas2020,observed
1940,R_non_metallic_minerals,2.59022132,Gt/yr,haas2020,observed
1941,R_non_metallic_minerals,2.681118175,Gt/yr,haas2020,observed
1942,R_non_metallic_minerals,2.647475799,Gt/yr,haas2020,observed
1943,R_non_metallic_minerals,2.641490874,Gt/yr,haas2020,observed
1944,R_non_metallic_minerals,2.608562154,Gt/yr,haas2020,observed
1945,R_non_metallic_minerals,2.598495897,Gt/yr,haas2020,observed
1946,R_non_metallic_minerals,2.855575008,Gt/yr,haas2020,observed
1947,R_non_metallic_minerals,3.104697958,Gt/yr,haas2020,observed
1948,R_non_metallic_minerals,3.335482603,Gt/yr,haas2020,observed
1949,R_non_metallic_minerals,3.551631202,Gt/yr,haas2020,observed
1950,R_non_metallic_minerals,3.879523683,Gt/yr,haas2020,observed
1951,R_non_metallic_minerals,4.169149834,Gt/yr,haas2020,observed
1952,R_non_metallic_minerals,4.420332251,Gt/yr,haas2020,observed
1953,R_non_metallic_minerals,4.628423028,Gt/yr,haas2020,observed
1954,R_non_metallic_minerals,4.929017582,Gt/yr,haas2020,observed
1955,R_non_metallic_minerals,5.201003935,Gt/yr,haas2020,observed
1956,R_non_metallic_minerals,5.575092456,Gt/yr,haas2020,observed
1957,R_non_metallic_minerals,5.820583684,Gt/yr,haas2020,observed
1958,R_non_metallic_minerals,6.104836493,Gt/yr,haas2020,observed
1959,R_non_metallic_minerals,6.510736924,Gt/yr,haas2020,observed
1960,R_non_metallic_minerals,6.890839863,Gt/yr,haas2020,observed
1961,R_non_metallic_minerals,7.280026673,Gt/yr,haas2020,observed
1962,R_non_metallic_minerals,7.709492931,Gt/yr,haas2020,observed
1963,R_non_metallic_minerals,8.211620997,Gt/yr,haas2020,observed
1964,R_non_metallic_minerals,8.84443377,Gt/yr,haas2020,observed
1965,R_non_metallic_minerals,9.27173437,Gt/yr,haas2020,observed
1966,R_non_metallic_minerals,9.987432152,Gt/yr,haas2020,observed
1967,R_non_metallic_minerals,10.17480161,Gt/yr,haas2020,observed
1968,R_non_metallic_minerals,10.87656368,Gt/yr,haas2020,observed
1969,R_non_metallic_minerals,11.30616053,Gt/yr,haas2020,observed
1970,R_non_metallic_minerals,12.2288611,Gt/yr,haas2020,observed
1971,R_non_metallic_minerals,12.48205539,Gt/yr,haas2020,observed
1972,R_non_metallic_minerals,13.90373059,Gt/yr,haas2020,observed
1973,R_non_metallic_minerals,14.34882615,Gt/yr,haas2020,observed
1974,R_non_metallic_minerals,14.73101887,Gt/yr,haas2020,observed
1975,R_non_metallic_minerals,14.47076679,Gt/yr,haas2020,observed
1976,R_non_metallic_minerals,14.60126172,Gt/yr,haas2020,observed
1977,R_non_metallic_minerals,15.02759247,Gt/yr,haas2020,observed
1978,R_non_metallic_minerals,15.70918277,Gt/yr,haas2020,observed
1979,R_non_metallic_minerals,16.13035988,Gt/yr,haas2020,observed
1980,R_non_metallic_minerals,16.26400559,Gt/yr,haas2020,observed
1981,R_non_metallic_minerals,15.7784103,Gt/yr,haas2020,observed
1982,R_non_metallic_minerals,15.66159732,Gt/yr,haas2020,observed
1983,R_non_metallic_minerals,15.9267662,Gt/yr,haas2020,observed
1984,R_non_metallic_minerals,16.67490071,Gt/yr,haas2020,observed
1985,R_non_metallic_minerals,16.96038036,Gt/yr,haas2020,observed
1986,R_non_metallic_minerals,17.6137629,Gt/yr,haas2020,observed
1987,R_non_metallic_minerals,18.40456503,Gt/yr,haas2020,observed
1988,R_non_metallic_minerals,19.75322582,Gt/yr,haas2020,observed
1989,R_non_metallic_minerals,19.3742251,Gt/yr,haas2020,observed
1990,R_non_metallic_minerals,19.54939214,Gt/yr,haas2020,observed
1991,R_non_metallic_minerals,20.94830652,Gt/yr,haas2020,observed
1992,R_non_metallic_minerals,21.1706547,Gt/yr,haas2020,observed
1993,R_non_metallic_minerals,22.95462405,Gt/yr,haas2020,observed
1994,R_non_metallic_minerals,24.00610332,Gt/yr,haas2020,observed
1995,R_non_metallic_minerals,26.57469882,Gt/yr,haas2020,observed
1996,R_non_metallic_minerals,26.68723455,Gt/yr,haas2020,observed
1997,R_non_metallic_minerals,27.1600365,Gt/yr,haas2020,observed
1998,R_non_metallic_minerals,28.36731211,Gt/yr,haas2020,observed
1999,R_non_metallic_minerals,29.08657768,Gt/yr,haas2020,observed
2000,R_non_metallic_minerals,29.59266674,Gt/yr,haas2020,observed
2001,R_non_metallic_minerals,29.74349705,Gt/yr,haas2020,observed
2002,R_non_metallic_minerals,30.11942643,Gt/yr,haas2020,observed
2003,R_non_metallic_minerals,31.99396616,Gt/yr,haas2020,observed
2004,R_non_metallic_minerals,33.46620707,Gt/yr,haas2020,observed
2005,R_non_metallic_minerals,35.18461111,Gt/yr,haas2020,observed
2006,R_non_metallic_minerals,37.72616719,Gt/yr,haas2020,observed
2007,R_non_metallic_minerals,39.4310378,Gt/yr,haas2020,observed
2008,R_non_metallic_minerals,39.56384549,Gt/yr,haas2020,observed
2009,R_non_metallic_minerals,41.0604495,Gt/yr,haas2020,observed
2010,R_non_metallic_minerals,43.25925044,Gt/yr,haas2020,observed
2011,R_non_metallic_minerals,46.37740272,Gt/yr,haas2020,observed
2012,R_non_metallic_minerals,47.81717472,Gt/yr,haas2020,observed
2013,R_non_metallic_minerals,49.73704767,Gt/yr,haas2020,observed
2014,R_non_metallic_minerals,50.93035997,Gt/yr,haas2020,observed
2015,R_non_metallic_minerals,50.63954595,Gt/yr,haas2020,observed
1900,S,13428.572376856611,Gt,C3 composition,reconstructed
1901,S,13421.291114829612,Gt,C3 composition,reconstructed
1902,S,13413.88861230061,Gt,C3 composition,reconstructed
1903,S,13406.387287027612,Gt,C3 composition,reconstructed
1904,S,13398.695314943612,Gt,C3 composition,reconstructed
1905,S,13390.91604083061,Gt,C3 composition,reconstructed
1906,S,13382.944254745611,Gt,C3 composition,reconstructed
1907,S,13374.80753217761,Gt,C3 composition,reconstructed
1908,S,13366.41091854961,Gt,C3 composition,reconstructed
1909,S,13358.004105415612,Gt,C3 composition,reconstructed
1910,S,13349.416405484611,Gt,C3 composition,reconstructed
1911,S,13340.669281405611,Gt,C3 composition,reconstructed
1912,S,13331.81184544961,Gt,C3 composition,reconstructed
1913,S,13322.752023121611,Gt,C3 composition,reconstructed
1914,S,13313.45055835861,Gt,C3 composition,reconstructed
1915,S,13304.339134954611,Gt,C3 composition,reconstructed
1916,S,13295.196187264612,Gt,C3 composition,reconstructed
1917,S,13285.815452037612,Gt,C3 composition,reconstructed
1918,S,13276.306296072611,Gt,C3 composition,reconstructed
1919,S,13266.751795563612,Gt,C3 composition,reconstructed
1920,S,13257.457418178612,Gt,C3 composition,reconstructed
1921,S,13247.773708974612,Gt,C3 composition,reconstructed
1922,S,13238.342305616612,Gt,C3 composition,reconstructed
1923,S,13228.56713341661,Gt,C3 composition,reconstructed
1924,S,13218.419382196611,Gt,C3 composition,reconstructed
1925,S,13208.095746376612,Gt,C3 composition,reconstructed
1926,S,13197.57388623661,Gt,C3 composition,reconstructed
1927,S,13186.892560636612,Gt,C3 composition,reconstructed
1928,S,13175.906081716612,Gt,C3 composition,reconstructed
1929,S,13164.61311960661,Gt,C3 composition,reconstructed
1930,S,13153.15731500661,Gt,C3 composition,reconstructed
1931,S,13141.85270273661,Gt,C3 composition,reconstructed
1932,S,13130.83388111661,Gt,C3 composition,reconstructed
1933,S,13120.120791126612,Gt,C3 composition,reconstructed
1934,S,13109.241318266611,Gt,C3 composition,reconstructed
1935,S,13097.984393266612,Gt,C3 composition,reconstructed
1936,S,13086.48605368661,Gt,C3 composition,reconstructed
1937,S,13074.63459363661,Gt,C3 composition,reconstructed
1938,S,13062.30092218661,Gt,C3 composition,reconstructed
1939,S,13050.137966126611,Gt,C3 composition,reconstructed
1940,S,13037.60074797661,Gt,C3 composition,reconstructed
1941,S,13024.754685586611,Gt,C3 composition,reconstructed
1942,S,13011.67068266661,Gt,C3 composition,reconstructed
1943,S,12998.572979586612,Gt,C3 composition,reconstructed
1944,S,12985.349916666612,Gt,C3 composition,reconstructed
1945,S,12972.19974770661,Gt,C3 composition,reconstructed
1946,S,12959.556790586612,Gt,C3 composition,reconstructed
1947,S,12946.503355826611,Gt,C3 composition,reconstructed
1948,S,12932.809306256611,Gt,C3 composition,reconstructed
1949,S,12918.655600186612,Gt,C3 composition,reconstructed
1950,S,12904.32431530661,Gt,C3 composition,reconstructed
1951,S,12889.334858456612,Gt,C3 composition,reconstructed
1952,S,12873.695632106612,Gt,C3 composition,reconstructed
1953,S,12857.615306576612,Gt,C3 composition,reconstructed
1954,S,12841.10537230661,Gt,C3 composition,reconstructed
1955,S,12824.051693566611,Gt,C3 composition,reconstructed
1956,S,12806.345758976611,Gt,C3 composition,reconstructed
1957,S,12787.89021999661,Gt,C3 composition,reconstructed
1958,S,12768.872873106611,Gt,C3 composition,reconstructed
1959,S,12749.337603926611,Gt,C3 composition,reconstructed
1960,S,12728.99635146661,Gt,C3 composition,reconstructed
1961,S,12707.722556826611,Gt,C3 composition,reconstructed
1962,S,12685.896635456611,Gt,C3 composition,reconstructed
1963,S,12663.218682936611,Gt,C3 composition,reconstructed
1964,S,12639.52886070661,Gt,C3 composition,reconstructed
1965,S,12614.476716526611,Gt,C3 composition,reconstructed
1966,S,12588.848786426612,Gt,C3 composition,reconstructed
1967,S,12561.862241646611,Gt,C3 composition,reconstructed
1968,S,12534.359260256611,Gt,C3 composition,reconstructed
1969,S,12505.535289126612,Gt,C3 composition,reconstructed
1970,S,12475.916789576611,Gt,C3 composition,reconstructed
1971,S,12444.71978164661,Gt,C3 composition,reconstructed
1972,S,12412.727625296611,Gt,C3 composition,reconstructed
1973,S,12379.078702816612,Gt,C3 composition,reconstructed
1974,S,12344.096713846611,Gt,C3 composition,reconstructed
1975,S,12308.498850676611,Gt,C3 composition,reconstructed
1976,S,12273.043104546612,Gt,C3 composition,reconstructed
1977,S,12236.752894596611,Gt,C3 composition,reconstructed
1978,S,12199.717924426612,Gt,C3 composition,reconstructed
1979,S,12161.499187276611,Gt,C3 composition,reconstructed
1980,S,12122.39067819661,Gt,C3 composition,reconstructed
1981,S,12083.228597266612,Gt,C3 composition,reconstructed
1982,S,12044.361055546611,Gt,C3 composition,reconstructed
1983,S,12005.285532076612,Gt,C3 composition,reconstructed
1984,S,11966.116649716612,Gt,C3 composition,reconstructed
1985,S,11925.187680126612,Gt,C3 composition,reconstructed
1986,S,11883.766070566611,Gt,C3 composition,reconstructed
1987,S,11841.335498576611,Gt,C3 composition,reconstructed
1988,S,11797.819340266611,Gt,C3 composition,reconstructed
1989,S,11752.552563446612,Gt,C3 composition,reconstructed
1990,S,11706.924604226611,Gt,C3 composition,reconstructed
1991,S,11660.962514426612,Gt,C3 composition,reconstructed
1992,S,11614.013330046611,Gt,C3 composition,reconstructed
1993,S,11566.94478216661,Gt,C3 composition,reconstructed
1994,S,11518.519383156612,Gt,C3 composition,reconstructed
1995,S,11468.76572952661,Gt,C3 composition,reconstructed
1996,S,11416.062630966611,Gt,C3 composition,reconstructed
1997,S,11362.598357636612,Gt,C3 composition,reconstructed
1998,S,11308.504152996611,Gt,C3 composition,reconstructed
1999,S,11253.132108816611,Gt,C3 composition,reconstructed
2000,S,11196.931712656611,Gt,C3 composition,reconstructed
2001,S,11139.761131056612,Gt,C3 composition,reconstructed
2002,S,11082.211376186611,Gt,C3 composition,reconstructed
2003,S,11024.077197406612,Gt,C3 composition,reconstructed
2004,S,10963.194561576613,Gt,C3 composition,reconstructed
2005,S,10899.369937486612,Gt,C3 composition,reconstructed
2006,S,10832.934117696612,Gt,C3 composition,reconstructed
2007,S,10763.036909236613,Gt,C3 composition,reconstructed
2008,S,10690.283577796612,Gt,C3 composition,reconstructed
2009,S,10616.404828656612,Gt,C3 composition,reconstructed
2010,S,10541.221080676612,Gt,C3 composition,reconstructed
2011,S,10462.661453456612,Gt,C3 composition,reconstructed
2012,S,10379.412229056612,Gt,C3 composition,reconstructed
2013,S,10294.497113416612,Gt,C3 composition,reconstructed
2014,S,10206.624459606612,Gt,C3 composition,reconstructed
2015,S,10117.333189326611,Gt,C3 composition,reconstructed
1900,W,7.111033029,Gt/yr,haas2020,observed
1901,W,7.212361549,Gt/yr,haas2020,observed
1902,W,7.311154521,Gt/yr,haas2020,observed
1903,W,7.485010372,Gt/yr,haas2020,observed
1904,W,7.570961994,Gt/yr,haas2020,observed
1905,W,7.722349496,Gt/yr,haas2020,observed
1906,W,7.885732534,Gt/yr,haas2020,observed
1907,W,8.114553099,Gt/yr,haas2020,observed
1908,W,8.119797583,Gt/yr,haas2020,observed
1909,W,8.268162471,Gt/yr,haas2020,observed
1910,W,8.422605737,Gt/yr,haas2020,observed
1911,W,8.540075702,Gt/yr,haas2020,observed
1912,W,8.728694345,Gt/yr,haas2020,observed
1913,W,8.950165339,Gt/yr,haas2020,observed
1914,W,8.819051957,Gt/yr,haas2020,observed
1915,W,8.88613059,Gt/yr,haas2020,observed
1916,W,9.116867184,Gt/yr,haas2020,observed
1917,W,9.291069651,Gt/yr,haas2020,observed
1918,W,9.333595497,Gt/yr,haas2020,observed
1919,W,9.175750628,Gt/yr,haas2020,observed
1920,W,9.50125041,Gt/yr,haas2020,observed
1921,W,9.276788911,Gt/yr,haas2020,observed
1922,W,9.517472793,Gt/yr,haas2020,observed
1923,W,9.861346362,Gt/yr,haas2020,observed
1924,W,9.955538892,Gt/yr,haas2020,observed
1925,W,10.09187493,Gt/yr,haas2020,observed
1926,W,10.18676814,Gt/yr,haas2020,observed
1927,W,10.41562979,Gt/yr,haas2020,observed
1928,W,10.6961616,Gt/yr,haas2020,observed
1929,W,10.81784983,Gt/yr,haas2020,observed
1930,W,10.70776906,Gt/yr,haas2020,observed
1931,W,10.48363256,Gt/yr,haas2020,observed
1932,W,10.29075867,Gt/yr,haas2020,observed
1933,W,10.45604944,Gt/yr,haas2020,observed
1934,W,10.72349527,Gt/yr,haas2020,observed
1935,W,10.92013533,Gt/yr,haas2020,observed
1936,W,11.21772539,Gt/yr,haas2020,observed
1937,W,11.50446708,Gt/yr,haas2020,observed
1938,W,11.32583751,Gt/yr,haas2020,observed
1939,W,11.63459557,Gt/yr,haas2020,observed
1940,W,11.95425101,Gt/yr,haas2020,observed
1941,W,12.12533486,Gt/yr,haas2020,observed
1942,W,12.18238285,Gt/yr,haas2020,observed
1943,W,12.33127174,Gt/yr,haas2020,observed
1944,W,12.31105351,Gt/yr,haas2020,observed
1945,W,11.84431611,Gt/yr,haas2020,observed
1946,W,12.04953945,Gt/yr,haas2020,observed
1947,W,12.4627352,Gt/yr,haas2020,observed
1948,W,12.72990248,Gt/yr,haas2020,observed
1949,W,12.72223315,Gt/yr,haas2020,observed
1950,W,13.09225743,Gt/yr,haas2020,observed
1951,W,13.48781203,Gt/yr,haas2020,observed
1952,W,13.71865816,Gt/yr,haas2020,observed
1953,W,13.97738191,Gt/yr,haas2020,observed
1954,W,14.24573603,Gt/yr,haas2020,observed
1955,W,14.71969359,Gt/yr,haas2020,observed
1956,W,15.14799702,Gt/yr,haas2020,observed
1957,W,15.50877663,Gt/yr,haas2020,observed
1958,W,15.82278028,Gt/yr,haas2020,observed
1959,W,16.30127573,Gt/yr,haas2020,observed
1960,W,16.89094808,Gt/yr,haas2020,observed
1961,W,17.15357602,Gt/yr,haas2020,observed
1962,W,17.68461086,Gt/yr,haas2020,observed
1963,W,18.34286991,Gt/yr,haas2020,observed
1964,W,19.16602394,Gt/yr,haas2020,observed
1965,W,19.39466663,Gt/yr,haas2020,observed
1966,W,20.17088991,Gt/yr,haas2020,observed
1967,W,20.66464666,Gt/yr,haas2020,observed
1968,W,21.38847683,Gt/yr,haas2020,observed
1969,W,21.87626034,Gt/yr,haas2020,observed
1970,W,22.6862609,Gt/yr,haas2020,observed
1971,W,23.41010835,Gt/yr,haas2020,observed
1972,W,23.85918663,Gt/yr,haas2020,observed
1973,W,24.88838599,Gt/yr,haas2020,observed
1974,W,25.36346242,Gt/yr,haas2020,observed
1975,W,25.72444429,Gt/yr,haas2020,observed
1976,W,26.62097022,Gt/yr,haas2020,observed
1977,W,27.17678507,Gt/yr,haas2020,observed
1978,W,27.92851936,Gt/yr,haas2020,observed
1979,W,28.55458869,Gt/yr,haas2020,observed
1980,W,28.79786719,Gt/yr,haas2020,observed
1981,W,29.21293547,Gt/yr,haas2020,observed
1982,W,29.83694628,Gt/yr,haas2020,observed
1983,W,29.97281147,Gt/yr,haas2020,observed
1984,W,31.31200938,Gt/yr,haas2020,observed
1985,W,31.80959877,Gt/yr,haas2020,observed
1986,W,32.45317677,Gt/yr,haas2020,observed
1987,W,33.09429147,Gt/yr,haas2020,observed
1988,W,33.96953122,Gt/yr,haas2020,observed
1989,W,34.98463532,Gt/yr,haas2020,observed
1990,W,35.52489007,Gt/yr,haas2020,observed
1991,W,35.47063494,Gt/yr,haas2020,observed
1992,W,35.7865625,Gt/yr,haas2020,observed
1993,W,35.87735764,Gt/yr,haas2020,observed
1994,W,36.65371311,Gt/yr,haas2020,observed
1995,W,37.91528102,Gt/yr,haas2020,observed
1996,W,38.98026726,Gt/yr,haas2020,observed
1997,W,39.36396598,Gt/yr,haas2020,observed
1998,W,40.05569521,Gt/yr,haas2020,observed
1999,W,40.7012142,Gt/yr,haas2020,observed
2000,W,41.48562489,Gt/yr,haas2020,observed
2001,W,42.21205783,Gt/yr,haas2020,observed
2002,W,42.84635673,Gt/yr,haas2020,observed
2003,W,44.2462835,Gt/yr,haas2020,observed
2004,W,46.06198362,Gt/yr,haas2020,observed
2005,W,47.79670175,Gt/yr,haas2020,observed
2006,W,49.37251048,Gt/yr,haas2020,observed
2007,W,51.29126952,Gt/yr,haas2020,observed
2008,W,53.03705807,Gt/yr,haas2020,observed
2009,W,53.76199662,Gt/yr,haas2020,observed
2010,W,55.73990187,Gt/yr,haas2020,observed
2011,W,58.29440439,Gt/yr,haas2020,observed
2012,W,59.56565889,Gt/yr,haas2020,observed
2013,W,61.51096647,Gt/yr,haas2020,observed
2014,W,62.80383502,Gt/yr,haas2020,observed
2015,W,63.74997983,Gt/yr,haas2020,observed
1900,W_biomass,5.274151528,Gt/yr,haas2020,observed
1901,W_biomass,5.331443426,Gt/yr,haas2020,observed
1902,W_biomass,5.389637914,Gt/yr,haas2020,observed
1903,W_biomass,5.449301574,Gt/yr,haas2020,observed
1904,W_biomass,5.508276788,Gt/yr,haas2020,observed
1905,W_biomass,5.568234048,Gt/yr,haas2020,observed
1906,W_biomass,5.627651444,Gt/yr,haas2020,observed
1907,W_biomass,5.687524616,Gt/yr,haas2020,observed
1908,W_biomass,5.747121061,Gt/yr,haas2020,observed
1909,W_biomass,5.80690538,Gt/yr,haas2020,observed
1910,W_biomass,5.866535283,Gt/yr,haas2020,observed
1911,W_biomass,5.936956971,Gt/yr,haas2020,observed
1912,W_biomass,6.006945015,Gt/yr,haas2020,observed
1913,W_biomass,6.076673533,Gt/yr,haas2020,observed
1914,W_biomass,6.146487914,Gt/yr,haas2020,observed
1915,W_biomass,6.216768765,Gt/yr,haas2020,observed
1916,W_biomass,6.286844355,Gt/yr,haas2020,observed
1917,W_biomass,6.356706008,Gt/yr,haas2020,observed
1918,W_biomass,6.42649353,Gt/yr,haas2020,observed
1919,W_biomass,6.496557053,Gt/yr,haas2020,observed
1920,W_biomass,6.566352885,Gt/yr,haas2020,observed
1921,W_biomass,6.635226531,Gt/yr,haas2020,observed
1922,W_biomass,6.705143729,Gt/yr,haas2020,observed
1923,W_biomass,6.774296613,Gt/yr,haas2020,observed
1924,W_biomass,6.843636403,Gt/yr,haas2020,observed
1925,W_biomass,6.913390972,Gt/yr,haas2020,observed
1926,W_biomass,6.98278946,Gt/yr,haas2020,observed
1927,W_biomass,7.052487301,Gt/yr,haas2020,observed
1928,W_biomass,7.122689424,Gt/yr,haas2020,observed
1929,W_biomass,7.19250317,Gt/yr,haas2020,observed
1930,W_biomass,7.263007134,Gt/yr,haas2020,observed
1931,W_biomass,7.306440493,Gt/yr,haas2020,observed
1932,W_biomass,7.351566437,Gt/yr,haas2020,observed
1933,W_biomass,7.395209982,Gt/yr,haas2020,observed
1934,W_biomass,7.439635908,Gt/yr,haas2020,observed
1935,W_biomass,7.484721953,Gt/yr,haas2020,observed
1936,W_biomass,7.528211321,Gt/yr,haas2020,observed
1937,W_biomass,7.572641013,Gt/yr,haas2020,observed
1938,W_biomass,7.617083246,Gt/yr,haas2020,observed
1939,W_biomass,7.661586439,Gt/yr,haas2020,observed
1940,W_biomass,7.706961157,Gt/yr,haas2020,observed
1941,W_biomass,7.751297186,Gt/yr,haas2020,observed
1942,W_biomass,7.796384413,Gt/yr,haas2020,observed
1943,W_biomass,7.841806605,Gt/yr,haas2020,observed
1944,W_biomass,7.885365449,Gt/yr,haas2020,observed
1945,W_biomass,7.930901267,Gt/yr,haas2020,observed
1946,W_biomass,7.976541966,Gt/yr,haas2020,observed
1947,W_biomass,8.020641479,Gt/yr,haas2020,observed
1948,W_biomass,8.065850633,Gt/yr,haas2020,observed
1949,W_biomass,8.110962359,Gt/yr,haas2020,observed
1950,W_biomass,8.156445123,Gt/yr,haas2020,observed
1951,W_biomass,8.268443561,Gt/yr,haas2020,observed
1952,W_biomass,8.381865612,Gt/yr,haas2020,observed
1953,W_biomass,8.495615661,Gt/yr,haas2020,observed
1954,W_biomass,8.609124047,Gt/yr,haas2020,observed
1955,W_biomass,8.722990532,Gt/yr,haas2020,observed
1956,W_biomass,8.836156011,Gt/yr,haas2020,observed
1957,W_biomass,8.949285642,Gt/yr,haas2020,observed
1958,W_biomass,9.063354479,Gt/yr,haas2020,observed
1959,W_biomass,9.176476334,Gt/yr,haas2020,observed
1960,W_biomass,9.290638571,Gt/yr,haas2020,observed
1961,W_biomass,9.403937657,Gt/yr,haas2020,observed
1962,W_biomass,9.542949901,Gt/yr,haas2020,observed
1963,W_biomass,9.652416831,Gt/yr,haas2020,observed
1964,W_biomass,10.01661931,Gt/yr,haas2020,observed
1965,W_biomass,10.17750236,Gt/yr,haas2020,observed
1966,W_biomass,10.55382213,Gt/yr,haas2020,observed
1967,W_biomass,10.8566185,Gt/yr,haas2020,observed
1968,W_biomass,11.04297654,Gt/yr,haas2020,observed
1969,W_biomass,11.14463136,Gt/yr,haas2020,observed
1970,W_biomass,11.43266932,Gt/yr,haas2020,observed
1971,W_biomass,11.77767911,Gt/yr,haas2020,observed
1972,W_biomass,11.76313025,Gt/yr,haas2020,observed
1973,W_biomass,12.22801052,Gt/yr,haas2020,observed
1974,W_biomass,12.38558377,Gt/yr,haas2020,observed
1975,W_biomass,12.50687671,Gt/yr,haas2020,observed
1976,W_biomass,12.83279302,Gt/yr,haas2020,observed
1977,W_biomass,12.94382699,Gt/yr,haas2020,observed
1978,W_biomass,13.3127472,Gt/yr,haas2020,observed
1979,W_biomass,13.37426573,Gt/yr,haas2020,observed
1980,W_biomass,13.39521162,Gt/yr,haas2020,observed
1981,W_biomass,13.78954908,Gt/yr,haas2020,observed
1982,W_biomass,14.10174789,Gt/yr,haas2020,observed
1983,W_biomass,14.03755877,Gt/yr,haas2020,observed
1984,W_biomass,14.56985992,Gt/yr,haas2020,observed
1985,W_biomass,14.78477983,Gt/yr,haas2020,observed
1986,W_biomass,14.93770613,Gt/yr,haas2020,observed
1987,W_biomass,15.01998861,Gt/yr,haas2020,observed
1988,W_biomass,15.08139955,Gt/yr,haas2020,observed
1989,W_biomass,15.61730009,Gt/yr,haas2020,observed
1990,W_biomass,15.94849388,Gt/yr,haas2020,observed
1991,W_biomass,15.88845825,Gt/yr,haas2020,observed
1992,W_biomass,16.13260235,Gt/yr,haas2020,observed
1993,W_biomass,15.87407476,Gt/yr,haas2020,observed
1994,W_biomass,16.10728225,Gt/yr,haas2020,observed
1995,W_biomass,16.22992451,Gt/yr,haas2020,observed
1996,W_biomass,16.71684284,Gt/yr,haas2020,observed
1997,W_biomass,16.75330568,Gt/yr,haas2020,observed
1998,W_biomass,16.8533937,Gt/yr,haas2020,observed
1999,W_biomass,17.07439187,Gt/yr,haas2020,observed
2000,W_biomass,17.18365591,Gt/yr,haas2020,observed
2001,W_biomass,17.29644318,Gt/yr,haas2020,observed
2002,W_biomass,17.48146015,Gt/yr,haas2020,observed
2003,W_biomass,17.76881154,Gt/yr,haas2020,observed
2004,W_biomass,18.3987805,Gt/yr,haas2020,observed
2005,W_biomass,18.70825038,Gt/yr,haas2020,observed
2006,W_biomass,19.04164307,Gt/yr,haas2020,observed
2007,W_biomass,19.76060945,Gt/yr,haas2020,observed
2008,W_biomass,20.46393209,Gt/yr,haas2020,observed
2009,W_biomass,20.55574439,Gt/yr,haas2020,observed
2010,W_biomass,20.89866768,Gt/yr,haas2020,observed
2011,W_biomass,21.41174603,Gt/yr,haas2020,observed
2012,W_biomass,21.58651597,Gt/yr,haas2020,observed
2013,W_biomass,22.28378269,Gt/yr,haas2020,observed
2014,W_biomass,22.51952662,Gt/yr,haas2020,observed
2015,W_biomass,22.67558769,Gt/yr,haas2020,observed
1900,W_fossil,0.9674449631,Gt/yr,haas2020,observed
1901,W_fossil,0.9945563339,Gt/yr,haas2020,observed
1902,W_fossil,1.016628579,Gt/yr,haas2020,observed
1903,W_fossil,1.114395693,Gt/yr,haas2020,observed
1904,W_fossil,1.125502716,Gt/yr,haas2020,observed
1905,W_fossil,1.188792326,Gt/yr,haas2020,observed
1906,W_fossil,1.280764473,Gt/yr,haas2020,observed
1907,W_fossil,1.417625727,Gt/yr,haas2020,observed
1908,W_fossil,1.349321262,Gt/yr,haas2020,observed
1909,W_fossil,1.40820668,Gt/yr,haas2020,observed
1910,W_fossil,1.473345563,Gt/yr,haas2020,observed
1911,W_fossil,1.503989375,Gt/yr,haas2020,observed
1912,W_fossil,1.584716221,Gt/yr,haas2020,observed
1913,W_fossil,1.699370061,Gt/yr,haas2020,observed
1914,W_fossil,1.529214891,Gt/yr,haas2020,observed
1915,W_fossil,1.514020971,Gt/yr,haas2020,observed
1916,W_fossil,1.629912112,Gt/yr,haas2020,observed
1917,W_fossil,1.720420503,Gt/yr,haas2020,observed
1918,W_fossil,1.694956301,Gt/yr,haas2020,observed
1919,W_fossil,1.496440284,Gt/yr,haas2020,observed
1920,W_fossil,1.723399927,Gt/yr,haas2020,observed
1921,W_fossil,1.475951533,Gt/yr,haas2020,observed
1922,W_fossil,1.5780055,Gt/yr,haas2020,observed
1923,W_fossil,1.79360068,Gt/yr,haas2020,observed
1924,W_fossil,1.775299402,Gt/yr,haas2020,observed
1925,W_fossil,1.785192111,Gt/yr,haas2020,observed
1926,W_fossil,1.782028066,Gt/yr,haas2020,observed
1927,W_fossil,1.901549216,Gt/yr,haas2020,observed
1928,W_fossil,2.064330304,Gt/yr,haas2020,observed
1929,W_fossil,2.058974953,Gt/yr,haas2020,observed
1930,W_fossil,1.895130438,Gt/yr,haas2020,observed
1931,W_fossil,1.690024795,Gt/yr,haas2020,observed
1932,W_fossil,1.518830893,Gt/yr,haas2020,observed
1933,W_fossil,1.59775197,Gt/yr,haas2020,observed
1934,W_fossil,1.744109962,Gt/yr,haas2020,observed
1935,W_fossil,1.83608129,Gt/yr,haas2020,observed
1936,W_fossil,2.012800106,Gt/yr,haas2020,observed
1937,W_fossil,2.146294254,Gt/yr,haas2020,observed
1938,W_fossil,1.958714837,Gt/yr,haas2020,observed
1939,W_fossil,2.155021216,Gt/yr,haas2020,observed
1940,W_fossil,2.366594003,Gt/yr,haas2020,observed
1941,W_fossil,2.443567317,Gt/yr,haas2020,observed
1942,W_fossil,2.465200518,Gt/yr,haas2020,observed
1943,W_fossil,2.538524116,Gt/yr,haas2020,observed
1944,W_fossil,2.523855161,Gt/yr,haas2020,observed
1945,W_fossil,2.059235694,Gt/yr,haas2020,observed
1946,W_fossil,2.199557054,Gt/yr,haas2020,observed
1947,W_fossil,2.469767343,Gt/yr,haas2020,observed
1948,W_fossil,2.595023736,Gt/yr,haas2020,observed
1949,W_fossil,2.507907758,Gt/yr,haas2020,observed
1950,W_fossil,2.738952271,Gt/yr,haas2020,observed
1951,W_fossil,2.921764109,Gt/yr,haas2020,observed
1952,W_fossil,2.968882907,Gt/yr,haas2020,observed
1953,W_fossil,3.01404826,Gt/yr,haas2020,observed
1954,W_fossil,3.063419251,Gt/yr,haas2020,observed
1955,W_fossil,3.338799842,Gt/yr,haas2020,observed
1956,W_fossil,3.541430146,Gt/yr,haas2020,observed
1957,W_fossil,3.688469153,Gt/yr,haas2020,observed
1958,W_fossil,3.875909766,Gt/yr,haas2020,observed
1959,W_fossil,4.091012421,Gt/yr,haas2020,observed
1960,W_fossil,4.39438464,Gt/yr,haas2020,observed
1961,W_fossil,4.44713362,Gt/yr,haas2020,observed
1962,W_fossil,4.712766341,Gt/yr,haas2020,observed
1963,W_fossil,5.076681844,Gt/yr,haas2020,observed
1964,W_fossil,5.345989255,Gt/yr,haas2020,observed
1965,W_fossil,5.239605523,Gt/yr,haas2020,observed
1966,W_fossil,5.469290888,Gt/yr,haas2020,observed
1967,W_fossil,5.502338541,Gt/yr,haas2020,observed
1968,W_fossil,5.823393051,Gt/yr,haas2020,observed
1969,W_fossil,6.000617892,Gt/yr,haas2020,observed
1970,W_fossil,6.239986569,Gt/yr,haas2020,observed
1971,W_fossil,6.441301165,Gt/yr,haas2020,observed
1972,W_fossil,6.664822471,Gt/yr,haas2020,observed
1973,W_fossil,6.973468074,Gt/yr,haas2020,observed
1974,W_fossil,7.019828672,Gt/yr,haas2020,observed
1975,W_fossil,7.09094888,Gt/yr,haas2020,observed
1976,W_fossil,7.426277394,Gt/yr,haas2020,observed
1977,W_fossil,7.690943403,Gt/yr,haas2020,observed
1978,W_fossil,7.828583498,Gt/yr,haas2020,observed
1979,W_fossil,8.17416109,Gt/yr,haas2020,observed
1980,W_fossil,8.132299728,Gt/yr,haas2020,observed
1981,W_fossil,8.020805595,Gt/yr,haas2020,observed
1982,W_fossil,8.215156774,Gt/yr,haas2020,observed
1983,W_fossil,8.241479385,Gt/yr,haas2020,observed
1984,W_fossil,8.609669987,Gt/yr,haas2020,observed
1985,W_fossil,8.611741418,Gt/yr,haas2020,observed
1986,W_fossil,8.851697639,Gt/yr,haas2020,observed
1987,W_fossil,9.032982637,Gt/yr,haas2020,observed
1988,W_fossil,9.274635801,Gt/yr,haas2020,observed
1989,W_fossil,9.442744053,Gt/yr,haas2020,observed
1990,W_fossil,9.38225843,Gt/yr,haas2020,observed
1991,W_fossil,9.223079801,Gt/yr,haas2020,observed
1992,W_fossil,9.064670894,Gt/yr,haas2020,observed
1993,W_fossil,9.007934219,Gt/yr,haas2020,observed
1994,W_fossil,9.129053723,Gt/yr,haas2020,observed
1995,W_fossil,9.353600727,Gt/yr,haas2020,observed
1996,W_fossil,9.567759239,Gt/yr,haas2020,observed
1997,W_fossil,9.635554207,Gt/yr,haas2020,observed
1998,W_fossil,9.692541868,Gt/yr,haas2020,observed
1999,W_fossil,9.608164819,Gt/yr,haas2020,observed
2000,W_fossil,9.923001331,Gt/yr,haas2020,observed
2001,W_fossil,10.18132397,Gt/yr,haas2020,observed
2002,W_fossil,10.24603079,Gt/yr,haas2020,observed
2003,W_fossil,10.8028163,Gt/yr,haas2020,observed
2004,W_fossil,11.38472794,Gt/yr,haas2020,observed
2005,W_fossil,11.83683155,Gt/yr,haas2020,observed
2006,W_fossil,12.23486781,Gt/yr,haas2020,observed
2007,W_fossil,12.47139386,Gt/yr,haas2020,observed
2008,W_fossil,12.77040379,Gt/yr,haas2020,observed
2009,W_fossil,12.71980483,Gt/yr,haas2020,observed
2010,W_fossil,13.30716867,Gt/yr,haas2020,observed
2011,W_fossil,14.00092516,Gt/yr,haas2020,observed
2012,W_fossil,14.23101236,Gt/yr,haas2020,observed
2013,W_fossil,14.39220661,Gt/yr,haas2020,observed
2014,W_fossil,14.41795158,Gt/yr,haas2020,observed
2015,W_fossil,14.38376178,Gt/yr,haas2020,observed
1900,W_metals,0.1142383477,Gt/yr,haas2020,observed
1901,W_metals,0.1191416949,Gt/yr,haas2020,observed
1902,W_metals,0.1233189217,Gt/yr,haas2020,observed
1903,W_metals,0.1275138808,Gt/yr,haas2020,observed
1904,W_metals,0.1330448381,Gt/yr,haas2020,observed
1905,W_metals,0.1491237218,Gt/yr,haas2020,observed
1906,W_metals,0.1475015894,Gt/yr,haas2020,observed
1907,W_metals,0.1663596441,Gt/yr,haas2020,observed
1908,W_metals,0.1635929749,Gt/yr,haas2020,observed
1909,W_metals,0.1787771156,Gt/yr,haas2020,observed
1910,W_metals,0.1938854947,Gt/yr,haas2020,observed
1911,W_metals,0.1952547907,Gt/yr,haas2020,observed
1912,W_metals,0.2161952004,Gt/yr,haas2020,observed
1913,W_metals,0.2354224825,Gt/yr,haas2020,observed
1914,W_metals,0.1988825436,Gt/yr,haas2020,observed
1915,W_metals,0.205745665,Gt/yr,haas2020,observed
1916,W_metals,0.2377172108,Gt/yr,haas2020,observed
1917,W_metals,0.243796288,Gt/yr,haas2020,observed
1918,W_metals,0.2338332857,Gt/yr,haas2020,observed
1919,W_metals,0.1959726632,Gt/yr,haas2020,observed
1920,W_metals,0.2053576302,Gt/yr,haas2020,observed
1921,W_metals,0.1485543529,Gt/yr,haas2020,observed
1922,W_metals,0.1919339292,Gt/yr,haas2020,observed
1923,W_metals,0.2353185685,Gt/yr,haas2020,observed
1924,W_metals,0.2460868987,Gt/yr,haas2020,observed
1925,W_metals,0.2731626222,Gt/yr,haas2020,observed
1926,W_metals,0.2772978191,Gt/yr,haas2020,observed
1927,W_metals,0.2945415909,Gt/yr,haas2020,observed
1928,W_metals,0.3195287442,Gt/yr,haas2020,observed
1929,W_metals,0.3542495815,Gt/yr,haas2020,observed
1930,W_metals,0.3194335556,Gt/yr,haas2020,observed
1931,W_metals,0.2609610015,Gt/yr,haas2020,observed
1932,W_metals,0.1893939157,Gt/yr,haas2020,observed
1933,W_metals,0.2103458522,Gt/yr,haas2020,observed
1934,W_metals,0.2611373841,Gt/yr,haas2020,observed
1935,W_metals,0.2964135712,Gt/yr,haas2020,observed
1936,W_metals,0.3530567589,Gt/yr,haas2020,observed
1937,W_metals,0.4304802039,Gt/yr,haas2020,observed
1938,W_metals,0.3752411674,Gt/yr,haas2020,observed
1939,W_metals,0.4131491308,Gt/yr,haas2020,observed
1940,W_metals,0.4600680202,Gt/yr,haas2020,observed
1941,W_metals,0.4813252205,Gt/yr,haas2020,observed
1942,W_metals,0.4565788496,Gt/yr,haas2020,observed
1943,W_metals,0.4728201739,Gt/yr,haas2020,observed
1944,W_metals,0.4193236167,Gt/yr,haas2020,observed
1945,W_metals,0.3674367713,Gt/yr,haas2020,observed
1946,W_metals,0.3410101118,Gt/yr,haas2020,observed
1947,W_metals,0.3997917747,Gt/yr,haas2020,observed
1948,W_metals,0.4448180169,Gt/yr,haas2020,observed
1949,W_metals,0.4466819103,Gt/yr,haas2020,observed
1950,W_metals,0.4872960869,Gt/yr,haas2020,observed
1951,W_metals,0.5243834289,Gt/yr,haas2020,observed
1952,W_metals,0.5436676888,Gt/yr,haas2020,observed
1953,W_metals,0.5860540351,Gt/yr,haas2020,observed
1954,W_metals,0.629218061,Gt/yr,haas2020,observed
1955,W_metals,0.6370128689,Gt/yr,haas2020,observed
1956,W_metals,0.676398953,Gt/yr,haas2020,observed
1957,W_metals,0.7103820424,Gt/yr,haas2020,observed
1958,W_metals,0.6572897567,Gt/yr,haas2020,observed
1959,W_metals,0.7049977116,Gt/yr,haas2020,observed
1960,W_metals,0.7989779146,Gt/yr,haas2020,observed
1961,W_metals,0.8065676513,Gt/yr,haas2020,observed
1962,W_metals,0.8188825093,Gt/yr,haas2020,observed
1963,W_metals,0.8364220192,Gt/yr,haas2020,observed
1964,W_metals,0.8900145722,Gt/yr,haas2020,observed
1965,W_metals,0.946799922,Gt/yr,haas2020,observed
1966,W_metals,0.9706545713,Gt/yr,haas2020,observed
1967,W_metals,1.011506639,Gt/yr,haas2020,observed
1968,W_metals,1.067763835,Gt/yr,haas2020,observed
1969,W_metals,1.124523457,Gt/yr,haas2020,observed
1970,W_metals,1.24465206,Gt/yr,haas2020,observed
1971,W_metals,1.268594228,Gt/yr,haas2020,observed
1972,W_metals,1.284732442,Gt/yr,haas2020,observed
1973,W_metals,1.369646934,Gt/yr,haas2020,observed
1974,W_metals,1.457077945,Gt/yr,haas2020,observed
1975,W_metals,1.49724877,Gt/yr,haas2020,observed
1976,W_metals,1.507625984,Gt/yr,haas2020,observed
1977,W_metals,1.492672113,Gt/yr,haas2020,observed
1978,W_metals,1.504746385,Gt/yr,haas2020,observed
1979,W_metals,1.58322917,Gt/yr,haas2020,observed
1980,W_metals,1.617112912,Gt/yr,haas2020,observed
1981,W_metals,1.628448603,Gt/yr,haas2020,observed
1982,W_metals,1.568575822,Gt/yr,haas2020,observed
1983,W_metals,1.485865949,Gt/yr,haas2020,observed
1984,W_metals,1.619698955,Gt/yr,haas2020,observed
1985,W_metals,1.689116591,Gt/yr,haas2020,observed
1986,W_metals,1.719727377,Gt/yr,haas2020,observed
1987,W_metals,1.815694259,Gt/yr,haas2020,observed
1988,W_metals,1.98360261,Gt/yr,haas2020,observed
1989,W_metals,2.11941155,Gt/yr,haas2020,observed
1990,W_metals,2.146151195,Gt/yr,haas2020,observed
1991,W_metals,2.119546313,Gt/yr,haas2020,observed
1992,W_metals,2.108584459,Gt/yr,haas2020,observed
1993,W_metals,2.130433058,Gt/yr,haas2020,observed
1994,W_metals,2.173695072,Gt/yr,haas2020,observed
1995,W_metals,2.312885982,Gt/yr,haas2020,observed
1996,W_metals,2.426176465,Gt/yr,haas2020,observed
1997,W_metals,2.551101222,Gt/yr,haas2020,observed
1998,W_metals,2.648159846,Gt/yr,haas2020,observed
1999,W_metals,2.706738081,Gt/yr,haas2020,observed
2000,W_metals,2.846487219,Gt/yr,haas2020,observed
2001,W_metals,2.877726272,Gt/yr,haas2020,observed
2002,W_metals,2.913804239,Gt/yr,haas2020,observed
2003,W_metals,3.006692267,Gt/yr,haas2020,observed
2004,W_metals,3.332208336,Gt/yr,haas2020,observed
2005,W_metals,3.563526109,Gt/yr,haas2020,observed
2006,W_metals,3.823781909,Gt/yr,haas2020,observed
2007,W_metals,4.097535976,Gt/yr,haas2020,observed
2008,W_metals,4.353578561,Gt/yr,haas2020,observed
2009,W_metals,4.427273591,Gt/yr,haas2020,observed
2010,W_metals,4.731608926,Gt/yr,haas2020,observed
2011,W_metals,5.201640926,Gt/yr,haas2020,observed
2012,W_metals,5.250461247,Gt/yr,haas2020,observed
2013,W_metals,5.591404273,Gt/yr,haas2020,observed
2014,W_metals,5.785012707,Gt/yr,haas2020,observed
2015,W_metals,5.85996358,Gt/yr,haas2020,observed
1900,W_non_metallic_minerals,0.75519819,Gt/yr,haas2020,observed
1901,W_non_metallic_minerals,0.7672200947,Gt/yr,haas2020,observed
1902,W_non_metallic_minerals,0.781569106,Gt/yr,haas2020,observed
1903,W_non_metallic_minerals,0.7937992239,Gt/yr,haas2020,observed
1904,W_non_metallic_minerals,0.8041376523,Gt/yr,haas2020,observed
1905,W_non_metallic_minerals,0.8161993999,Gt/yr,haas2020,observed
1906,W_non_metallic_minerals,0.8298150278,Gt/yr,haas2020,observed
1907,W_non_metallic_minerals,0.8430431114,Gt/yr,haas2020,observed
1908,W_non_metallic_minerals,0.8597622851,Gt/yr,haas2020,observed
1909,W_non_metallic_minerals,0.8742732958,Gt/yr,haas2020,observed
1910,W_non_metallic_minerals,0.8888393959,Gt/yr,haas2020,observed
1911,W_non_metallic_minerals,0.9038745653,Gt/yr,haas2020,observed
1912,W_non_metallic_minerals,0.9208379088,Gt/yr,haas2020,observed
1913,W_non_metallic_minerals,0.938699263,Gt/yr,haas2020,observed
1914,W_non_metallic_minerals,0.9444666088,Gt/yr,haas2020,observed
1915,W_non_metallic_minerals,0.9495951889,Gt/yr,haas2020,observed
1916,W_non_metallic_minerals,0.9623935066,Gt/yr,haas2020,observed
1917,W_non_metallic_minerals,0.970146852,Gt/yr,haas2020,observed
1918,W_non_metallic_minerals,0.9783123803,Gt/yr,haas2020,observed
1919,W_non_metallic_minerals,0.9867806279,Gt/yr,haas2020,observed
1920,W_non_metallic_minerals,1.006139968,Gt/yr,haas2020,observed
1921,W_non_metallic_minerals,1.017056494,Gt/yr,haas2020,observed
1922,W_non_metallic_minerals,1.042389635,Gt/yr,haas2020,observed
1923,W_non_metallic_minerals,1.058130501,Gt/yr,haas2020,observed
1924,W_non_metallic_minerals,1.090516188,Gt/yr,haas2020,observed
1925,W_non_metallic_minerals,1.120129227,Gt/yr,haas2020,observed
1926,W_non_metallic_minerals,1.144652796,Gt/yr,haas2020,observed
1927,W_non_metallic_minerals,1.16705168,Gt/yr,haas2020,observed
1928,W_non_metallic_minerals,1.18961313,Gt/yr,haas2020,observed
1929,W_non_metallic_minerals,1.212122127,Gt/yr,haas2020,observed
1930,W_non_metallic_minerals,1.230197929,Gt/yr,haas2020,observed
1931,W_non_metallic_minerals,1.226206274,Gt/yr,haas2020,observed
1932,W_non_metallic_minerals,1.23096742,Gt/yr,haas2020,observed
1933,W_non_metallic_minerals,1.252741639,Gt/yr,haas2020,observed
1934,W_non_metallic_minerals,1.278612016,Gt/yr,haas2020,observed
1935,W_non_metallic_minerals,1.302918515,Gt/yr,haas2020,observed
1936,W_non_metallic_minerals,1.323657203,Gt/yr,haas2020,observed
1937,W_non_metallic_minerals,1.355051607,Gt/yr,haas2020,observed
1938,W_non_metallic_minerals,1.37479826,Gt/yr,haas2020,observed
1939,W_non_metallic_minerals,1.404838788,Gt/yr,haas2020,observed
1940,W_non_metallic_minerals,1.42062783,Gt/yr,haas2020,observed
1941,W_non_metallic_minerals,1.449145134,Gt/yr,haas2020,observed
1942,W_non_metallic_minerals,1.464219074,Gt/yr,haas2020,observed
1943,W_non_metallic_minerals,1.478120843,Gt/yr,haas2020,observed
1944,W_non_metallic_minerals,1.482509285,Gt/yr,haas2020,observed
1945,W_non_metallic_minerals,1.486742377,Gt/yr,haas2020,observed
1946,W_non_metallic_minerals,1.532430318,Gt/yr,haas2020,observed
1947,W_non_metallic_minerals,1.572534604,Gt/yr,haas2020,observed
1948,W_non_metallic_minerals,1.624210097,Gt/yr,haas2020,observed
1949,W_non_metallic_minerals,1.656681119,Gt/yr,haas2020,observed
1950,W_non_metallic_minerals,1.709563946,Gt/yr,haas2020,observed
1951,W_non_metallic_minerals,1.773220928,Gt/yr,haas2020,observed
1952,W_non_metallic_minerals,1.824241949,Gt/yr,haas2020,observed
1953,W_non_metallic_minerals,1.881663958,Gt/yr,haas2020,observed
1954,W_non_metallic_minerals,1.94397467,Gt/yr,haas2020,observed
1955,W_non_metallic_minerals,2.020890348,Gt/yr,haas2020,observed
1956,W_non_metallic_minerals,2.094011907,Gt/yr,haas2020,observed
1957,W_non_metallic_minerals,2.16063979,Gt/yr,haas2020,observed
1958,W_non_metallic_minerals,2.226226276,Gt/yr,haas2020,observed
1959,W_non_metallic_minerals,2.328789262,Gt/yr,haas2020,observed
1960,W_non_metallic_minerals,2.40694695,Gt/yr,haas2020,observed
1961,W_non_metallic_minerals,2.495937088,Gt/yr,haas2020,observed
1962,W_non_metallic_minerals,2.610012104,Gt/yr,haas2020,observed
1963,W_non_metallic_minerals,2.777349215,Gt/yr,haas2020,observed
1964,W_non_metallic_minerals,2.913400802,Gt/yr,haas2020,observed
1965,W_non_metallic_minerals,3.030758827,Gt/yr,haas2020,observed
1966,W_non_metallic_minerals,3.177122319,Gt/yr,haas2020,observed
1967,W_non_metallic_minerals,3.294182976,Gt/yr,haas2020,observed
1968,W_non_metallic_minerals,3.454343404,Gt/yr,haas2020,observed
1969,W_non_metallic_minerals,3.606487628,Gt/yr,haas2020,observed
1970,W_non_metallic_minerals,3.768952951,Gt/yr,haas2020,observed
1971,W_non_metallic_minerals,3.92253385,Gt/yr,haas2020,observed
1972,W_non_metallic_minerals,4.146501464,Gt/yr,haas2020,observed
1973,W_non_metallic_minerals,4.317260465,Gt/yr,haas2020,observed
1974,W_non_metallic_minerals,4.500972034,Gt/yr,haas2020,observed
1975,W_non_metallic_minerals,4.629369934,Gt/yr,haas2020,observed
1976,W_non_metallic_minerals,4.854273822,Gt/yr,haas2020,observed
1977,W_non_metallic_minerals,5.04934256,Gt/yr,haas2020,observed
1978,W_non_metallic_minerals,5.282442282,Gt/yr,haas2020,observed
1979,W_non_metallic_minerals,5.4229327,Gt/yr,haas2020,observed
1980,W_non_metallic_minerals,5.653242928,Gt/yr,haas2020,observed
1981,W_non_metallic_minerals,5.774132196,Gt/yr,haas2020,observed
1982,W_non_metallic_minerals,5.951465792,Gt/yr,haas2020,observed
1983,W_non_metallic_minerals,6.207907367,Gt/yr,haas2020,observed
1984,W_non_metallic_minerals,6.512780515,Gt/yr,haas2020,observed
1985,W_non_metallic_minerals,6.72396093,Gt/yr,haas2020,observed
1986,W_non_metallic_minerals,6.944045619,Gt/yr,haas2020,observed
1987,W_non_metallic_minerals,7.225625962,Gt/yr,haas2020,observed
1988,W_non_metallic_minerals,7.629893263,Gt/yr,haas2020,observed
1989,W_non_metallic_minerals,7.805179624,Gt/yr,haas2020,observed
1990,W_non_metallic_minerals,8.047986564,Gt/yr,haas2020,observed
1991,W_non_metallic_minerals,8.239550574,Gt/yr,haas2020,observed
1992,W_non_metallic_minerals,8.480704801,Gt/yr,haas2020,observed
1993,W_non_metallic_minerals,8.864915603,Gt/yr,haas2020,observed
1994,W_non_metallic_minerals,9.243682063,Gt/yr,haas2020,observed
1995,W_non_metallic_minerals,10.0188698,Gt/yr,haas2020,observed
1996,W_non_metallic_minerals,10.26948872,Gt/yr,haas2020,observed
1997,W_non_metallic_minerals,10.42400487,Gt/yr,haas2020,observed
1998,W_non_metallic_minerals,10.8615998,Gt/yr,haas2020,observed
1999,W_non_metallic_minerals,11.31191943,Gt/yr,haas2020,observed
2000,W_non_metallic_minerals,11.53248043,Gt/yr,haas2020,observed
2001,W_non_metallic_minerals,11.85656441,Gt/yr,haas2020,observed
2002,W_non_metallic_minerals,12.20506155,Gt/yr,haas2020,observed
2003,W_non_metallic_minerals,12.66796339,Gt/yr,haas2020,observed
2004,W_non_metallic_minerals,12.94626684,Gt/yr,haas2020,observed
2005,W_non_metallic_minerals,13.68809371,Gt/yr,haas2020,observed
2006,W_non_metallic_minerals,14.27221769,Gt/yr,haas2020,observed
2007,W_non_metallic_minerals,14.96173023,Gt/yr,haas2020,observed
2008,W_non_metallic_minerals,15.44914363,Gt/yr,haas2020,observed
2009,W_non_metallic_minerals,16.05917381,Gt/yr,haas2020,observed
2010,W_non_metallic_minerals,16.80245659,Gt/yr,haas2020,observed
2011,W_non_metallic_minerals,17.68009227,Gt/yr,haas2020,observed
2012,W_non_metallic_minerals,18.49766931,Gt/yr,haas2020,observed
2013,W_non_metallic_minerals,19.2435729,Gt/yr,haas2020,observed
2014,W_non_metallic_minerals,20.08134411,Gt/yr,haas2020,observed
2015,W_non_metallic_minerals,20.83066678,Gt/yr,haas2020,observed
1900,Wstock,0.5719706736,Gt,haas2020,reconstructed
1901,Wstock,1.1577778938,Gt,haas2020,reconstructed
1902,Wstock,1.7576581894,Gt,haas2020,reconstructed
1903,Wstock,2.379164448,Gt,haas2020,reconstructed
1904,Wstock,3.0098589977000003,Gt,haas2020,reconstructed
1905,Wstock,3.6699084428,Gt,haas2020,reconstructed
1906,Wstock,4.3444832876,Gt,haas2020,reconstructed
1907,Wstock,5.064050482,Gt,haas2020,reconstructed
1908,Wstock,5.776418784,Gt,haas2020,reconstructed
1909,Wstock,6.518536751999999,Gt,haas2020,reconstructed
1910,Wstock,7.291126431,Gt,haas2020,reconstructed
1911,Wstock,8.077589084,Gt,haas2020,reconstructed
1912,Wstock,8.902003653000001,Gt,haas2020,reconstructed
1913,Wstock,9.767990436000002,Gt,haas2020,reconstructed
1914,Wstock,10.580947842,Gt,haas2020,reconstructed
1915,Wstock,11.401970460000001,Gt,haas2020,reconstructed
1916,Wstock,12.274478124,Gt,haas2020,reconstructed
1917,Wstock,13.168535428999999,Gt,haas2020,reconstructed
1918,Wstock,14.052608307,Gt,haas2020,reconstructed
1919,Wstock,14.882233451,Gt,haas2020,reconstructed
1920,Wstock,15.755738372,Gt,haas2020,reconstructed
1921,Wstock,16.550468487,Gt,haas2020,reconstructed
1922,Wstock,17.41816175,Gt,haas2020,reconstructed
1923,Wstock,18.361411719000003,Gt,haas2020,reconstructed
1924,Wstock,19.33355342,Gt,haas2020,reconstructed
1925,Wstock,20.353466803,Gt,haas2020,reconstructed
1926,Wstock,21.390282716999998,Gt,haas2020,reconstructed
1927,Wstock,22.471105395,Gt,haas2020,reconstructed
1928,Wstock,23.611749044,Gt,haas2020,reconstructed
1929,Wstock,24.797141682,Gt,haas2020,reconstructed
1930,Wstock,25.942235480999997,Gt,haas2020,reconstructed
1931,Wstock,27.005040561,Gt,haas2020,reconstructed
1932,Wstock,27.985453661,Gt,haas2020,reconstructed
1933,Wstock,29.010193795,Gt,haas2020,reconstructed
1934,Wstock,30.118893625000002,Gt,haas2020,reconstructed
1935,Wstock,31.288117117,Gt,haas2020,reconstructed
1936,Wstock,32.549858377,Gt,haas2020,reconstructed
1937,Wstock,33.91828572,Gt,haas2020,reconstructed
1938,Wstock,35.224198829,Gt,haas2020,reconstructed
1939,Wstock,36.608627142,Gt,haas2020,reconstructed
1940,Wstock,38.080568395,Gt,haas2020,reconstructed
1941,Wstock,39.602765762000004,Gt,haas2020,reconstructed
1942,Wstock,41.116362193,Gt,haas2020,reconstructed
1943,Wstock,42.666709477,Gt,haas2020,reconstructed
1944,Wstock,44.171054172,Gt,haas2020,reconstructed
1945,Wstock,45.576104086,Gt,haas2020,reconstructed
1946,Wstock,47.000246765,Gt,haas2020,reconstructed
1947,Wstock,48.53871875,Gt,haas2020,reconstructed
1948,Wstock,50.167844388999995,Gt,haas2020,reconstructed
1949,Wstock,51.808523179000005,Gt,haas2020,reconstructed
1950,Wstock,53.548714081,Gt,haas2020,reconstructed
1951,Wstock,55.391584269999996,Gt,haas2020,reconstructed
1952,Wstock,57.2955441,Gt,haas2020,reconstructed
1953,Wstock,59.28534866,Gt,haas2020,reconstructed
1954,Wstock,61.37151494,Gt,haas2020,reconstructed
1955,Wstock,63.54461789,Gt,haas2020,reconstructed
1956,Wstock,65.83218299,Gt,haas2020,reconstructed
1957,Wstock,68.21682004,Gt,haas2020,reconstructed
1958,Wstock,70.61418357,Gt,haas2020,reconstructed
1959,Wstock,73.15633585,Gt,haas2020,reconstructed
1960,Wstock,75.87022067,Gt,haas2020,reconstructed
1961,Wstock,78.65628332,Gt,haas2020,reconstructed
1962,Wstock,81.560587,Gt,haas2020,reconstructed
1963,Wstock,84.65337643,Gt,haas2020,reconstructed
1964,Wstock,87.91376559,Gt,haas2020,reconstructed
1965,Wstock,91.30448281,Gt,haas2020,reconstructed
1966,Wstock,94.84088939,Gt,haas2020,reconstructed
1967,Wstock,98.49326056,Gt,haas2020,reconstructed
1968,Wstock,102.34410684,Gt,haas2020,reconstructed
1969,Wstock,106.37356107,Gt,haas2020,reconstructed
1970,Wstock,110.66271821,Gt,haas2020,reconstructed
1971,Wstock,115.08955654,Gt,haas2020,reconstructed
1972,Wstock,119.6793872,Gt,haas2020,reconstructed
1973,Wstock,124.50107843999999,Gt,haas2020,reconstructed
1974,Wstock,129.54637263,Gt,haas2020,reconstructed
1975,Wstock,134.72327739,Gt,haas2020,reconstructed
1976,Wstock,140.07441964999998,Gt,haas2020,reconstructed
1977,Wstock,145.57080906,Gt,haas2020,reconstructed
1978,Wstock,151.26361916000002,Gt,haas2020,reconstructed
1979,Wstock,157.15310054000003,Gt,haas2020,reconstructed
1980,Wstock,163.20733786,Gt,haas2020,reconstructed
1981,Wstock,169.33424951,Gt,haas2020,reconstructed
1982,Wstock,175.47163975,Gt,haas2020,reconstructed
1983,Wstock,181.67634706,Gt,haas2020,reconstructed
1984,Wstock,188.19319282,Gt,haas2020,reconstructed
1985,Wstock,194.90017324000002,Gt,haas2020,reconstructed
1986,Wstock,201.76845396,Gt,haas2020,reconstructed
1987,Wstock,208.87866022999998,Gt,haas2020,reconstructed
1988,Wstock,216.37114852000002,Gt,haas2020,reconstructed
1989,Wstock,224.12483768,Gt,haas2020,reconstructed
1990,Wstock,231.98643945999999,Gt,haas2020,reconstructed
1991,Wstock,239.91506712,Gt,haas2020,reconstructed
1992,Wstock,247.89449876999998,Gt,haas2020,reconstructed
1993,Wstock,255.97265926,Gt,haas2020,reconstructed
1994,Wstock,264.27645649,Gt,haas2020,reconstructed
1995,Wstock,273.00935057,Gt,haas2020,reconstructed
1996,Wstock,282.00020056,Gt,haas2020,reconstructed
1997,Wstock,291.19521504,Gt,haas2020,reconstructed
1998,Wstock,300.64404509999997,Gt,haas2020,reconstructed
1999,Wstock,310.45430233,Gt,haas2020,reconstructed
2000,Wstock,320.50585328,Gt,haas2020,reconstructed
2001,Wstock,330.83373651,Gt,haas2020,reconstructed
2002,Wstock,341.51316495,Gt,haas2020,reconstructed
2003,Wstock,352.51274189000003,Gt,haas2020,reconstructed
2004,Wstock,364.04194342,Gt,haas2020,reconstructed
2005,Wstock,376.31023026,Gt,haas2020,reconstructed
2006,Wstock,389.14893571000005,Gt,haas2020,reconstructed
2007,Wstock,402.70193775,Gt,haas2020,reconstructed
2008,Wstock,416.76786131,Gt,haas2020,reconstructed
2009,Wstock,431.23060768000005,Gt,haas2020,reconstructed
2010,Wstock,446.44016673,Gt,haas2020,reconstructed
2011,Wstock,462.68751493,Gt,haas2020,reconstructed
2012,Wstock,479.44831289,Gt,haas2020,reconstructed
2013,Wstock,496.92303418,Gt,haas2020,reconstructed
2014,Wstock,515.0900748500001,Gt,haas2020,reconstructed
2015,Wstock,533.7128656,Gt,haas2020,reconstructed
1900,X,13503.021414121506,Gt,C3 composition,reconstructed
1901,X,13503.021414121506,Gt,C3 composition,reconstructed
1902,X,13503.021414121506,Gt,C3 composition,reconstructed
1903,X,13503.021414121506,Gt,C3 composition,reconstructed
1904,X,13503.021414121506,Gt,C3 composition,reconstructed
1905,X,13503.021414121506,Gt,C3 composition,reconstructed
1906,X,13503.021414121506,Gt,C3 composition,reconstructed
1907,X,13503.021414121506,Gt,C3 composition,reconstructed
1908,X,13503.021414121506,Gt,C3 composition,reconstructed
1909,X,13503.021414121506,Gt,C3 composition,reconstructed
1910,X,13503.021414121506,Gt,C3 composition,reconstructed
1911,X,13503.021414121506,Gt,C3 composition,reconstructed
1912,X,13503.021414121506,Gt,C3 composition,reconstructed
1913,X,13503.021414121506,Gt,C3 composition,reconstructed
1914,X,13503.021414121506,Gt,C3 composition,reconstructed
1915,X,13503.021414121506,Gt,C3 composition,reconstructed
1916,X,13503.021414121506,Gt,C3 composition,reconstructed
1917,X,13503.021414121506,Gt,C3 composition,reconstructed
1918,X,13503.021414121506,Gt,C3 composition,reconstructed
1919,X,13503.021414121506,Gt,C3 composition,reconstructed
1920,X,13503.021414121506,Gt,C3 composition,reconstructed
1921,X,13503.021414121506,Gt,C3 composition,reconstructed
1922,X,13503.021414121506,Gt,C3 composition,reconstructed
1923,X,13503.021414121506,Gt,C3 composition,reconstructed
1924,X,13503.021414121506,Gt,C3 composition,reconstructed
1925,X,13503.021414121506,Gt,C3 composition,reconstructed
1926,X,13503.021414121506,Gt,C3 composition,reconstructed
1927,X,13503.021414121506,Gt,C3 composition,reconstructed
1928,X,13503.021414121506,Gt,C3 composition,reconstructed
1929,X,13503.021414121506,Gt,C3 composition,reconstructed
1930,X,13503.021414121506,Gt,C3 composition,reconstructed
1931,X,13503.021414121506,Gt,C3 composition,reconstructed
1932,X,13503.021414121506,Gt,C3 composition,reconstructed
1933,X,13503.021414121506,Gt,C3 composition,reconstructed
1934,X,13503.021414121506,Gt,C3 composition,reconstructed
1935,X,13503.021414121506,Gt,C3 composition,reconstructed
1936,X,13503.021414121506,Gt,C3 composition,reconstructed
1937,X,13503.021414121506,Gt,C3 composition,reconstructed
1938,X,13503.021414121506,Gt,C3 composition,reconstructed
1939,X,13503.021414121506,Gt,C3 composition,reconstructed
1940,X,13503.021414121506,Gt,C3 composition,reconstructed
1941,X,13503.021414121506,Gt,C3 composition,reconstructed
1942,X,13503.021414121506,Gt,C3 composition,reconstructed
1943,X,13503.021414121506,Gt,C3 composition,reconstructed
1944,X,13503.021414121506,Gt,C3 composition,reconstructed
1945,X,13503.021414121506,Gt,C3 composition,reconstructed
1946,X,13503.021414121506,Gt,C3 composition,reconstructed
1947,X,13503.021414121506,Gt,C3 composition,reconstructed
1948,X,13503.021414121506,Gt,C3 composition,reconstructed
1949,X,13503.021414121506,Gt,C3 composition,reconstructed
1950,X,13503.021414121506,Gt,C3 composition,reconstructed
1951,X,13503.021414121506,Gt,C3 composition,reconstructed
1952,X,13503.021414121506,Gt,C3 composition,reconstructed
1953,X,13503.021414121506,Gt,C3 composition,reconstructed
1954,X,13503.021414121506,Gt,C3 composition,reconstructed
1955,X,13503.021414121506,Gt,C3 composition,reconstructed
1956,X,13503.021414121506,Gt,C3 composition,reconstructed
1957,X,13503.021414121506,Gt,C3 composition,reconstructed
1958,X,13503.021414121506,Gt,C3 composition,reconstructed
1959,X,13503.021414121506,Gt,C3 composition,reconstructed
1960,X,13503.021414121506,Gt,C3 composition,reconstructed
1961,X,13503.021414121506,Gt,C3 composition,reconstructed
1962,X,13503.021414121506,Gt,C3 composition,reconstructed
1963,X,13503.021414121506,Gt,C3 composition,reconstructed
1964,X,13503.021414121506,Gt,C3 composition,reconstructed
1965,X,13503.021414121506,Gt,C3 composition,reconstructed
1966,X,13503.021414121506,Gt,C3 composition,reconstructed
1967,X,13503.021414121506,Gt,C3 composition,reconstructed
1968,X,13503.021414121506,Gt,C3 composition,reconstructed
1969,X,13503.021414121506,Gt,C3 composition,reconstructed
1970,X,13503.021414121506,Gt,C3 composition,reconstructed
1971,X,13503.021414121506,Gt,C3 composition,reconstructed
1972,X,13503.021414121506,Gt,C3 composition,reconstructed
1973,X,13503.021414121506,Gt,C3 composition,reconstructed
1974,X,13503.021414121506,Gt,C3 composition,reconstructed
1975,X,13503.021414121506,Gt,C3 composition,reconstructed
1976,X,13503.021414121506,Gt,C3 composition,reconstructed
1977,X,13503.021414121506,Gt,C3 composition,reconstructed
1978,X,13503.021414121506,Gt,C3 composition,reconstructed
1979,X,13503.021414121506,Gt,C3 composition,reconstructed
1980,X,13503.021414121506,Gt,C3 composition,reconstructed
1981,X,13503.021414121506,Gt,C3 composition,reconstructed
1982,X,13503.021414121506,Gt,C3 composition,reconstructed
1983,X,13503.021414121506,Gt,C3 composition,reconstructed
1984,X,13503.021414121506,Gt,C3 composition,reconstructed
1985,X,13503.021414121506,Gt,C3 composition,reconstructed
1986,X,13503.021414121506,Gt,C3 composition,reconstructed
1987,X,13503.021414121506,Gt,C3 composition,reconstructed
1988,X,13503.021414121506,Gt,C3 composition,reconstructed
1989,X,13503.021414121506,Gt,C3 composition,reconstructed
1990,X,13503.021414121506,Gt,C3 composition,reconstructed
1991,X,13503.021414121506,Gt,C3 composition,reconstructed
1992,X,13503.021414121506,Gt,C3 composition,reconstructed
1993,X,13503.021414121506,Gt,C3 composition,reconstructed
1994,X,13503.021414121506,Gt,C3 composition,reconstructed
1995,X,13503.021414121506,Gt,C3 composition,reconstructed
1996,X,13503.021414121506,Gt,C3 composition,reconstructed
1997,X,13503.021414121506,Gt,C3 composition,reconstructed
1998,X,13503.021414121506,Gt,C3 composition,reconstructed
1999,X,13503.021414121506,Gt,C3 composition,reconstructed
2000,X,13503.021414121506,Gt,C3 composition,reconstructed
2001,X,13503.021414121506,Gt,C3 composition,reconstructed
2002,X,13503.021414121506,Gt,C3 composition,reconstructed
2003,X,13503.021414121506,Gt,C3 composition,reconstructed
2004,X,13503.021414121506,Gt,C3 composition,reconstructed
2005,X,13503.021414121506,Gt,C3 composition,reconstructed
2006,X,13503.021414121506,Gt,C3 composition,reconstructed
2007,X,13503.021414121506,Gt,C3 composition,reconstructed
2008,X,13503.021414121506,Gt,C3 composition,reconstructed
2009,X,13503.021414121506,Gt,C3 composition,reconstructed
2010,X,13503.021414121506,Gt,C3 composition,reconstructed
2011,X,13503.021414121506,Gt,C3 composition,reconstructed
2012,X,13503.021414121506,Gt,C3 composition,reconstructed
2013,X,13503.021414121506,Gt,C3 composition,reconstructed
2014,X,13503.021414121506,Gt,C3 composition,reconstructed
2015,X,13503.021414121506,Gt,C3 composition,reconstructed
1900,Y,3.503708232520704,trillion 2011 intl USD,maddison2023+pwt1001,aggregated
1901,Y,3.632293314693893,trillion 2011 intl USD,maddison2023+pwt1001,aggregated
1902,Y,3.7015985020430473,trillion 2011 intl USD,maddison2023+pwt1001,aggregated
1903,Y,3.821880964326062,trillion 2011 intl USD,maddison2023+pwt1001,aggregated
1904,Y,3.853284433774991,trillion 2011 intl USD,maddison2023+pwt1001,aggregated
1905,Y,3.983009936787192,trillion 2011 intl USD,maddison2023+pwt1001,aggregated
1906,Y,4.228790469551526,trillion 2011 intl USD,maddison2023+pwt1001,aggregated
1907,Y,4.294063557181631,trillion 2011 intl USD,maddison2023+pwt1001,aggregated
1908,Y,4.193254954468582,trillion 2011 intl USD,maddison2023+pwt1001,aggregated
1909,Y,4.465006772365442,trillion 2011 intl USD,maddison2023+pwt1001,aggregated
1910,Y,4.513639612649814,trillion 2011 intl USD,maddison2023+pwt1001,aggregated
1911,Y,4.653162160823523,trillion 2011 intl USD,maddison2023+pwt1001,aggregated
1912,Y,4.79784102475938,trillion 2011 intl USD,maddison2023+pwt1001,aggregated
1913,Y,4.905678373102706,trillion 2011 intl USD,maddison2023+pwt1001,aggregated
1914,Y,4.642484239283027,trillion 2011 intl USD,maddison2023+pwt1001,aggregated
1915,Y,4.669869146257534,trillion 2011 intl USD,maddison2023+pwt1001,aggregated
1916,Y,4.982649208609657,trillion 2011 intl USD,maddison2023+pwt1001,aggregated
1917,Y,4.856843452865927,trillion 2011 intl USD,maddison2023+pwt1001,aggregated
1918,Y,4.834986098384534,trillion 2011 intl USD,maddison2023+pwt1001,aggregated
1919,Y,4.816356309592546,trillion 2011 intl USD,maddison2023+pwt1001,aggregated
1920,Y,4.824948434156693,trillion 2011 intl USD,maddison2023+pwt1001,aggregated
1921,Y,4.824195719933985,trillion 2011 intl USD,maddison2023+pwt1001,aggregated
1922,Y,5.156476465264913,trillion 2011 intl USD,maddison2023+pwt1001,aggregated
1923,Y,5.375515901226884,trillion 2011 intl USD,maddison2023+pwt1001,aggregated
1924,Y,5.647833736682932,trillion 2011 intl USD,maddison2023+pwt1001,aggregated
1925,Y,5.844827332730937,trillion 2011 intl USD,maddison2023+pwt1001,aggregated
1926,Y,6.026697598044049,trillion 2011 intl USD,maddison2023+pwt1001,aggregated
1927,Y,6.182983866029243,trillion 2011 intl USD,maddison2023+pwt1001,aggregated
1928,Y,6.363164288332539,trillion 2011 intl USD,maddison2023+pwt1001,aggregated
1929,Y,6.6119103006508135,trillion 2011 intl USD,maddison2023+pwt1001,aggregated
1930,Y,6.291741497706167,trillion 2011 intl USD,maddison2023+pwt1001,aggregated
1931,Y,5.9801132022109655,trillion 2011 intl USD,maddison2023+pwt1001,aggregated
1932,Y,5.6286493922378416,trillion 2011 intl USD,maddison2023+pwt1001,aggregated
1933,Y,5.712921749526975,trillion 2011 intl USD,maddison2023+pwt1001,aggregated
1934,Y,5.9968123316426825,trillion 2011 intl USD,maddison2023+pwt1001,aggregated
1935,Y,6.343503927536216,trillion 2011 intl USD,maddison2023+pwt1001,aggregated
1936,Y,6.682916907359908,trillion 2011 intl USD,maddison2023+pwt1001,aggregated
1937,Y,7.030351829663813,trillion 2011 intl USD,maddison2023+pwt1001,aggregated
1938,Y,7.0175147401673765,trillion 2011 intl USD,maddison2023+pwt1001,aggregated
1939,Y,7.447756921636267,trillion 2011 intl USD,maddison2023+pwt1001,aggregated
1940,Y,7.646890175460651,trillion 2011 intl USD,maddison2023+pwt1001,aggregated
1941,Y,8.042337270663674,trillion 2011 intl USD,maddison2023+pwt1001,aggregated
1942,Y,8.290005111973334,trillion 2011 intl USD,maddison2023+pwt1001,aggregated
1943,Y,8.556608313879206,trillion 2011 intl USD,maddison2023+pwt1001,aggregated
1944,Y,8.65552922216431,trillion 2011 intl USD,maddison2023+pwt1001,aggregated
1945,Y,7.999598701475249,trillion 2011 intl USD,maddison2023+pwt1001,aggregated
1946,Y,7.42974956039327,trillion 2011 intl USD,maddison2023+pwt1001,aggregated
1947,Y,7.42187384358428,trillion 2011 intl USD,maddison2023+pwt1001,aggregated
1948,Y,7.778957420154897,trillion 2011 intl USD,maddison2023+pwt1001,aggregated
1949,Y,7.9431695659657455,trillion 2011 intl USD,maddison2023+pwt1001,aggregated
1950,Y,8.46155218538598,trillion 2011 intl USD,maddison2023+pwt1001,aggregated
1951,Y,9.009430159549904,trillion 2011 intl USD,maddison2023+pwt1001,aggregated
1952,Y,9.43725760101307,trillion 2011 intl USD,maddison2023+pwt1001,aggregated
1953,Y,9.95925594485742,trillion 2011 intl USD,maddison2023+pwt1001,aggregated
1954,Y,10.225844716132476,trillion 2011 intl USD,maddison2023+pwt1001,aggregated
1955,Y,10.904703973561665,trillion 2011 intl USD,maddison2023+pwt1001,aggregated
1956,Y,11.419991789395652,trillion 2011 intl USD,maddison2023+pwt1001,aggregated
1957,Y,11.829028753666448,trillion 2011 intl USD,maddison2023+pwt1001,aggregated
1958,Y,12.1417559975779,trillion 2011 intl USD,maddison2023+pwt1001,aggregated
1959,Y,12.677295914314662,trillion 2011 intl USD,maddison2023+pwt1001,aggregated
1960,Y,13.333326263398122,trillion 2011 intl USD,maddison2023+pwt1001,aggregated
1961,Y,13.803840144357508,trillion 2011 intl USD,maddison2023+pwt1001,aggregated
1962,Y,14.496669082101429,trillion 2011 intl USD,maddison2023+pwt1001,aggregated
1963,Y,15.15929033118749,trillion 2011 intl USD,maddison2023+pwt1001,aggregated
1964,Y,16.279334588035542,trillion 2011 intl USD,maddison2023+pwt1001,aggregated
1965,Y,17.14150696856045,trillion 2011 intl USD,maddison2023+pwt1001,aggregated
1966,Y,18.029464585103806,trillion 2011 intl USD,maddison2023+pwt1001,aggregated
1967,Y,18.72354562008085,trillion 2011 intl USD,maddison2023+pwt1001,aggregated
1968,Y,19.74680859141259,trillion 2011 intl USD,maddison2023+pwt1001,aggregated
1969,Y,20.854752849963788,trillion 2011 intl USD,maddison2023+pwt1001,aggregated
1970,Y,21.932607939761407,trillion 2011 intl USD,maddison2023+pwt1001,aggregated
1971,Y,22.8466451595812,trillion 2011 intl USD,maddison2023+pwt1001,aggregated
1972,Y,23.93216041651084,trillion 2011 intl USD,maddison2023+pwt1001,aggregated
1973,Y,25.53073988101509,trillion 2011 intl USD,maddison2023+pwt1001,aggregated
1974,Y,26.133461308037933,trillion 2011 intl USD,maddison2023+pwt1001,aggregated
1975,Y,26.55303211601413,trillion 2011 intl USD,maddison2023+pwt1001,aggregated
1976,Y,27.80314751336665,trillion 2011 intl USD,maddison2023+pwt1001,aggregated
1977,Y,28.936947948534467,trillion 2011 intl USD,maddison2023+pwt1001,aggregated
1978,Y,30.248558382740768,trillion 2011 intl USD,maddison2023+pwt1001,aggregated
1979,Y,31.35100114742973,trillion 2011 intl USD,maddison2023+pwt1001,aggregated
1980,Y,32.03689918047979,trillion 2011 intl USD,maddison2023+pwt1001,aggregated
1981,Y,32.61960433801099,trillion 2011 intl USD,maddison2023+pwt1001,aggregated
1982,Y,33.034077775211145,trillion 2011 intl USD,maddison2023+pwt1001,aggregated
1983,Y,33.96997517899939,trillion 2011 intl USD,maddison2023+pwt1001,aggregated
1984,Y,35.52071681421099,trillion 2011 intl USD,maddison2023+pwt1001,aggregated
1985,Y,36.73366618761826,trillion 2011 intl USD,maddison2023+pwt1001,aggregated
1986,Y,38.04834625920579,trillion 2011 intl USD,maddison2023+pwt1001,aggregated
1987,Y,39.486334731719154,trillion 2011 intl USD,maddison2023+pwt1001,aggregated
1988,Y,41.15193265282356,trillion 2011 intl USD,maddison2023+pwt1001,aggregated
1989,Y,42.45643099928568,trillion 2011 intl USD,maddison2023+pwt1001,aggregated
1990,Y,43.11755856605773,trillion 2011 intl USD,maddison2023+pwt1001,aggregated
1991,Y,43.82872976915933,trillion 2011 intl USD,maddison2023+pwt1001,aggregated
1992,Y,44.8514394650357,trillion 2011 intl USD,maddison2023+pwt1001,aggregated
1993,Y,46.01086778395036,trillion 2011 intl USD,maddison2023+pwt1001,aggregated
1994,Y,47.63662376723675,trillion 2011 intl USD,maddison2023+pwt1001,aggregated
1995,Y,49.50410932800835,trillion 2011 intl USD,maddison2023+pwt1001,aggregated
1996,Y,51.6255266196914,trillion 2011 intl USD,maddison2023+pwt1001,aggregated
1997,Y,53.707577401937,trillion 2011 intl USD,maddison2023+pwt1001,aggregated
1998,Y,55.01703721276576,trillion 2011 intl USD,maddison2023+pwt1001,aggregated
1999,Y,57.070583238402776,trillion 2011 intl USD,maddison2023+pwt1001,aggregated
2000,Y,59.99999200477015,trillion 2011 intl USD,maddison2023+pwt1001,aggregated
2001,Y,61.763314195504215,trillion 2011 intl USD,maddison2023+pwt1001,aggregated
2002,Y,63.87829768818701,trillion 2011 intl USD,maddison2023+pwt1001,aggregated
2003,Y,66.50002303870988,trillion 2011 intl USD,maddison2023+pwt1001,aggregated
2004,Y,70.22080010484324,trillion 2011 intl USD,maddison2023+pwt1001,aggregated
2005,Y,73.85606334318639,trillion 2011 intl USD,maddison2023+pwt1001,aggregated
2006,Y,78.08654472751593,trillion 2011 intl USD,maddison2023+pwt1001,aggregated
2007,Y,82.40719951485771,trillion 2011 intl USD,maddison2023+pwt1001,aggregated
2008,Y,84.94594988826347,trillion 2011 intl USD,maddison2023+pwt1001,aggregated
2009,Y,85.02495521805317,trillion 2011 intl USD,maddison2023+pwt1001,aggregated
2010,Y,90.03426320677859,trillion 2011 intl USD,maddison2023+pwt1001,aggregated
2011,Y,93.7962607466322,trillion 2011 intl USD,maddison2023+pwt1001,aggregated
2012,Y,96.97143219899058,trillion 2011 intl USD,maddison2023+pwt1001,aggregated
2013,Y,100.19147922903622,trillion 2011 intl USD,maddison2023+pwt1001,aggregated
2014,Y,103.7204667686151,trillion 2011 intl USD,maddison2023+pwt1001,aggregated
2015,Y,107.16860971835898,trillion 2011 intl USD,maddison2023+pwt1001,aggregated
2016,Y,110.70574993496724,trillion 2011 intl USD,maddison2023+pwt1001,aggregated
2017,Y,114.84484484884,trillion 2011 intl USD,maddison2023+pwt1001,aggregated
2018,Y,119.10162570740948,trillion 2011 intl USD,maddison2023+pwt1001,aggregated
2019,Y,122.49988206978747,trillion 2011 intl USD,maddison2023+pwt1001,aggregated
2020,Y,118.9318143852967,trillion 2011 intl USD,maddison2023+pwt1001,aggregated
