year,series,category,value,unit,source,method
1900,N,biomass,5.271598443,Gt/yr,haas2020,observed
1901,N,biomass,5.332061472,Gt/yr,haas2020,observed
1902,N,biomass,5.392524501,Gt/yr,haas2020,observed
1903,N,biomass,5.452987529,Gt/yr,haas2020,observed
1904,N,biomass,5.513450558,Gt/yr,haas2020,observed
1905,N,biomass,5.573913587,Gt/yr,haas2020,observed
1906,N,biomass,5.634376615,Gt/yr,haas2020,observed
1907,N,biomass,5.694839644,Gt/yr,haas2020,observed
1908,N,biomass,5.755302673,Gt/yr,haas2020,observed
1909,N,biomass,5.815765702,Gt/yr,haas2020,observed
1910,N,biomass,5.87622873,Gt/yr,haas2020,observed
1911,N,biomass,5.947307715,Gt/yr,haas2020,observed
1912,N,biomass,6.0183867,Gt/yr,haas2020,observed
1913,N,biomass,6.089465684,Gt/yr,haas2020,observed
1914,N,biomass,6.160544669,Gt/yr,haas2020,observed
1915,N,biomass,6.231623654,Gt/yr,haas2020,observed
1916,N,biomass,6.302702638,Gt/yr,haas2020,observed
1917,N,biomass,6.373781623,Gt/yr,haas2020,observed
1918,N,biomass,6.444860608,Gt/yr,haas2020,observed
1919,N,biomass,6.515939593,Gt/yr,haas2020,observed
1920,N,biomass,6.587018577,Gt/yr,haas2020,observed
1921,N,biomass,6.658097562,Gt/yr,haas2020,observed
1922,N,biomass,6.729176547,Gt/yr,haas2020,observed
1923,N,biomass,6.800255531,Gt/yr,haas2020,observed
1924,N,biomass,6.871334516,Gt/yr,haas2020,observed
1925,N,biomass,6.942413501,Gt/yr,haas2020,observed
1926,N,biomass,7.013492485,Gt/yr,haas2020,observed
1927,N,biomass,7.08457147,Gt/yr,haas2020,observed
1928,N,biomass,7.155650455,Gt/yr,haas2020,observed
1929,N,biomass,7.22672944,Gt/yr,haas2020,observed
1930,N,biomass,7.297808424,Gt/yr,haas2020,observed
1931,N,biomass,7.342558234,Gt/yr,haas2020,observed
1932,N,biomass,7.387308043,Gt/yr,haas2020,observed
1933,N,biomass,7.432057852,Gt/yr,haas2020,observed
1934,N,biomass,7.476807662,Gt/yr,haas2020,observed
1935,N,biomass,7.521557471,Gt/yr,haas2020,observed
1936,N,biomass,7.566307281,Gt/yr,haas2020,observed
1937,N,biomass,7.61105709,Gt/yr,haas2020,observed
1938,N,biomass,7.6558069,Gt/yr,haas2020,observed
1939,N,biomass,7.700556709,Gt/yr,haas2020,observed
1940,N,biomass,7.745306518,Gt/yr,haas2020,observed
1941,N,biomass,7.790056328,Gt/yr,haas2020,observed
1942,N,biomass,7.834806137,Gt/yr,haas2020,observed
1943,N,biomass,7.879555947,Gt/yr,haas2020,observed
1944,N,biomass,7.924305756,Gt/yr,haas2020,observed
1945,N,biomass,7.969055566,Gt/yr,haas2020,observed
1946,N,biomass,8.013805375,Gt/yr,haas2020,observed
1947,N,biomass,8.058555184,Gt/yr,haas2020,observed
1948,N,biomass,8.103304994,Gt/yr,haas2020,observed
1949,N,biomass,8.148054803,Gt/yr,haas2020,observed
1950,N,biomass,8.192804613,Gt/yr,haas2020,observed
1951,N,biomass,8.309263353,Gt/yr,haas2020,observed
1952,N,biomass,8.425722093,Gt/yr,haas2020,observed
1953,N,biomass,8.542180833,Gt/yr,haas2020,observed
1954,N,biomass,8.658639574,Gt/yr,haas2020,observed
1955,N,biomass,8.775098314,Gt/yr,haas2020,observed
1956,N,biomass,8.891557054,Gt/yr,haas2020,observed
1957,N,biomass,9.008015794,Gt/yr,haas2020,observed
1958,N,biomass,9.124474534,Gt/yr,haas2020,observed
1959,N,biomass,9.240933275,Gt/yr,haas2020,observed
1960,N,biomass,9.357392015,Gt/yr,haas2020,observed
1961,N,biomass,9.473850755,Gt/yr,haas2020,observed
1962,N,biomass,9.616477254,Gt/yr,haas2020,observed
1963,N,biomass,9.737299986,Gt/yr,haas2020,observed
1964,N,biomass,10.11986499,Gt/yr,haas2020,observed
1965,N,biomass,10.30190887,Gt/yr,haas2020,observed
1966,N,biomass,10.68614457,Gt/yr,haas2020,observed
1967,N,biomass,10.98178634,Gt/yr,haas2020,observed
1968,N,biomass,11.18348722,Gt/yr,haas2020,observed
1969,N,biomass,11.28885261,Gt/yr,haas2020,observed
1970,N,biomass,11.57350618,Gt/yr,haas2020,observed
1971,N,biomass,11.92007202,Gt/yr,haas2020,observed
1972,N,biomass,11.91285869,Gt/yr,haas2020,observed
1973,N,biomass,12.38955295,Gt/yr,haas2020,observed
1974,N,biomass,12.5200675,Gt/yr,haas2020,observed
1975,N,biomass,12.59878556,Gt/yr,haas2020,observed
1976,N,biomass,12.96998909,Gt/yr,haas2020,observed
1977,N,biomass,13.08525345,Gt/yr,haas2020,observed
1978,N,biomass,13.4567124,Gt/yr,haas2020,observed
1979,N,biomass,13.5171866,Gt/yr,haas2020,observed
1980,N,biomass,13.51803751,Gt/yr,haas2020,observed
1981,N,biomass,13.89319371,Gt/yr,haas2020,observed
1982,N,biomass,14.18902226,Gt/yr,haas2020,observed
1983,N,biomass,14.1474248,Gt/yr,haas2020,observed
1984,N,biomass,14.6905423,Gt/yr,haas2020,observed
1985,N,biomass,14.89941964,Gt/yr,haas2020,observed
1986,N,biomass,15.06484129,Gt/yr,haas2020,observed
1987,N,biomass,15.15500489,Gt/yr,haas2020,observed
1988,N,biomass,15.21320124,Gt/yr,haas2020,observed
1989,N,biomass,15.74169017,Gt/yr,haas2020,observed
1990,N,biomass,16.04596797,Gt/yr,haas2020,observed
1991,N,biomass,15.94001386,Gt/yr,haas2020,observed
1992,N,biomass,16.14785439,Gt/yr,haas2020,observed
1993,N,biomass,15.87673699,Gt/yr,haas2020,observed
1994,N,biomass,16.10603627,Gt/yr,haas2020,observed
1995,N,biomass,16.2174489,Gt/yr,haas2020,observed
1996,N,biomass,16.68329088,Gt/yr,haas2020,observed
1997,N,biomass,16.75297711,Gt/yr,haas2020,observed
1998,N,biomass,16.79842385,Gt/yr,haas2020,observed
1999,N,biomass,17.04088603,Gt/yr,haas2020,observed
2000,N,biomass,17.14054848,Gt/yr,haas2020,observed
2001,N,biomass,17.22129193,Gt/yr,haas2020,observed
2002,N,biomass,17.41902762,Gt/yr,haas2020,observed
2003,N,biomass,17.73274993,Gt/yr,haas2020,observed
2004,N,biomass,18.38029679,Gt/yr,haas2020,observed
2005,N,biomass,18.68878601,Gt/yr,haas2020,observed
2006,N,biomass,19.02984543,Gt/yr,haas2020,observed
2007,N,biomass,19.7396055,Gt/yr,haas2020,observed
2008,N,biomass,20.38369123,Gt/yr,haas2020,observed
2009,N,biomass,20.41650414,Gt/yr,haas2020,observed
2010,N,biomass,20.81683143,Gt/yr,haas2020,observed
2011,N,biomass,21.34257868,Gt/yr,haas2020,observed
2012,N,biomass,21.53982488,Gt/yr,haas2020,observed
2013,N,biomass,22.250732,Gt/yr,haas2020,observed
2014,N,biomass,22.52203074,Gt/yr,haas2020,observed
2015,N,biomass,22.6824349,Gt/yr,haas2020,observed
1900,N,fossil,0.9674449631,Gt/yr,haas2020,observed
1901,N,fossil,0.9945563339,Gt/yr,haas2020,observed
1902,N,fossil,1.016628579,Gt/yr,haas2020,observed
1903,N,fossil,1.114395693,Gt/yr,haas2020,observed
1904,N,fossil,1.125502716,Gt/yr,haas2020,observed
1905,N,fossil,1.188792326,Gt/yr,haas2020,observed
1906,N,fossil,1.280764473,Gt/yr,haas2020,observed
1907,N,fossil,1.417625727,Gt/yr,haas2020,observed
1908,N,fossil,1.349321262,Gt/yr,haas2020,observed
1909,N,fossil,1.40820668,Gt/yr,haas2020,observed
1910,N,fossil,1.473345563,Gt/yr,haas2020,observed
1911,N,fossil,1.503989375,Gt/yr,haas2020,observed
1912,N,fossil,1.584716221,Gt/yr,haas2020,observed
1913,N,fossil,1.699370061,Gt/yr,haas2020,observed
1914,N,fossil,1.529214891,Gt/yr,haas2020,observed
1915,N,fossil,1.514020971,Gt/yr,haas2020,observed
1916,N,fossil,1.629912112,Gt/yr,haas2020,observed
1917,N,fossil,1.720420503,Gt/yr,haas2020,observed
1918,N,fossil,1.694956301,Gt/yr,haas2020,observed
1919,N,fossil,1.496440284,Gt/yr,haas2020,observed
1920,N,fossil,1.723399927,Gt/yr,haas2020,observed
1921,N,fossil,1.476020173,Gt/yr,haas2020,observed
1922,N,fossil,1.57814278,Gt/yr,haas2020,observed
1923,N,fossil,1.79387524,Gt/yr,haas2020,observed
1924,N,fossil,1.775711243,Gt/yr,haas2020,observed
1925,N,fossil,1.785741231,Gt/yr,haas2020,observed
1926,N,fossil,1.782714467,Gt/yr,haas2020,observed
1927,N,fossil,1.902372897,Gt/yr,haas2020,observed
1928,N,fossil,2.065291264,Gt/yr,haas2020,observed
1929,N,fossil,2.060073193,Gt/yr,haas2020,observed
1930,N,fossil,1.896365959,Gt/yr,haas2020,observed
1931,N,fossil,1.691397595,Gt/yr,haas2020,observed
1932,N,fossil,1.520362939,Gt/yr,haas2020,observed
1933,N,fossil,1.599461733,Gt/yr,haas2020,observed
1934,N,fossil,1.746018057,Gt/yr,haas2020,observed
1935,N,fossil,1.838210724,Gt/yr,haas2020,observed
1936,N,fossil,2.015176554,Gt/yr,haas2020,observed
1937,N,fossil,2.14894637,Gt/yr,haas2020,observed
1938,N,fossil,1.961674599,Gt/yr,haas2020,observed
1939,N,fossil,2.158324311,Gt/yr,haas2020,observed
1940,N,fossil,2.370280257,Gt/yr,haas2020,observed
1941,N,fossil,2.447681176,Gt/yr,haas2020,observed
1942,N,fossil,2.469791584,Gt/yr,haas2020,observed
1943,N,fossil,2.543647746,Gt/yr,haas2020,observed
1944,N,fossil,2.529573132,Gt/yr,haas2020,observed
1945,N,fossil,2.065616949,Gt/yr,haas2020,observed
1946,N,fossil,2.206678535,Gt/yr,haas2020,observed
1947,N,fossil,2.477714917,Gt/yr,haas2020,observed
1948,N,fossil,2.603893228,Gt/yr,haas2020,observed
1949,N,fossil,2.517806111,Gt/yr,haas2020,observed
1950,N,fossil,2.751761411,Gt/yr,haas2020,observed
1951,N,fossil,2.935821511,Gt/yr,haas2020,observed
1952,N,fossil,2.984792357,Gt/yr,haas2020,observed
1953,N,fossil,3.030953097,Gt/yr,haas2020,observed
1954,N,fossil,3.081555162,Gt/yr,haas2020,observed
1955,N,fossil,3.358170969,Gt/yr,haas2020,observed
1956,N,fossil,3.562493412,Gt/yr,haas2020,observed
1957,N,fossil,3.71122275,Gt/yr,haas2020,observed
1958,N,fossil,3.899910043,Gt/yr,haas2020,observed
1959,N,fossil,4.117225628,Gt/yr,haas2020,observed
1960,N,fossil,4.422777226,Gt/yr,haas2020,observed
1961,N,fossil,4.47803806,Gt/yr,haas2020,observed
1962,N,fossil,4.746241353,Gt/yr,haas2020,observed
1963,N,fossil,5.113097356,Gt/yr,haas2020,observed
1964,N,fossil,5.385983445,Gt/yr,haas2020,observed
1965,N,fossil,5.28333271,Gt/yr,haas2020,observed
1966,N,fossil,5.517977697,Gt/yr,haas2020,observed
1967,N,fossil,5.554445515,Gt/yr,haas2020,observed
1968,N,fossil,5.881066318,Gt/yr,haas2020,observed
1969,N,fossil,6.063904955,Gt/yr,haas2020,observed
1970,N,fossil,6.309324811,Gt/yr,haas2020,observed
1971,N,fossil,6.5127011,Gt/yr,haas2020,observed
1972,N,fossil,6.74671812,Gt/yr,haas2020,observed
1973,N,fossil,7.06038594,Gt/yr,haas2020,observed
1974,N,fossil,7.10872088,Gt/yr,haas2020,observed
1975,N,fossil,7.17154368,Gt/yr,haas2020,observed
1976,N,fossil,7.5060362,Gt/yr,haas2020,observed
1977,N,fossil,7.77196226,Gt/yr,haas2020,observed
1978,N,fossil,7.91417494,Gt/yr,haas2020,observed
1979,N,fossil,8.26891386,Gt/yr,haas2020,observed
1980,N,fossil,8.22607866,Gt/yr,haas2020,observed
1981,N,fossil,8.10932272,Gt/yr,haas2020,observed
1982,N,fossil,8.29872746,Gt/yr,haas2020,observed
1983,N,fossil,8.32600336,Gt/yr,haas2020,observed
1984,N,fossil,8.7003234,Gt/yr,haas2020,observed
1985,N,fossil,8.7049467,Gt/yr,haas2020,observed
1986,N,fossil,8.9512068,Gt/yr,haas2020,observed
1987,N,fossil,9.13932162,Gt/yr,haas2020,observed
1988,N,fossil,9.3876675,Gt/yr,haas2020,observed
1989,N,fossil,9.55830828,Gt/yr,haas2020,observed
1990,N,fossil,9.49776058,Gt/yr,haas2020,observed
1991,N,fossil,9.351519,Gt/yr,haas2020,observed
1992,N,fossil,9.1966478,Gt/yr,haas2020,observed
1993,N,fossil,9.14349198,Gt/yr,haas2020,observed
1994,N,fossil,9.27028622,Gt/yr,haas2020,observed
1995,N,fossil,9.50074372,Gt/yr,haas2020,observed
1996,N,fossil,9.7182689,Gt/yr,haas2020,observed
1997,N,fossil,9.79176704,Gt/yr,haas2020,observed
1998,N,fossil,9.85659494,Gt/yr,haas2020,observed
1999,N,fossil,9.78153448,Gt/yr,haas2020,observed
2000,N,fossil,10.10193684,Gt/yr,haas2020,observed
2001,N,fossil,10.36266516,Gt/yr,haas2020,observed
2002,N,fossil,10.42901334,Gt/yr,haas2020,observed
2003,N,fossil,10.98797416,Gt/yr,haas2020,observed
2004,N,fossil,11.57643716,Gt/yr,haas2020,observed
2005,N,fossil,12.03213362,Gt/yr,haas2020,observed
2006,N,fossil,12.43660204,Gt/yr,haas2020,observed
2007,N,fossil,12.6862178,Gt/yr,haas2020,observed
2008,N,fossil,12.9855631,Gt/yr,haas2020,observed
2009,N,fossil,12.90849438,Gt/yr,haas2020,observed
2010,N,fossil,13.49564792,Gt/yr,haas2020,observed
2011,N,fossil,14.20065708,Gt/yr,haas2020,observed
2012,N,fossil,14.42767576,Gt/yr,haas2020,observed
2013,N,fossil,14.591768,Gt/yr,haas2020,observed
2014,N,fossil,14.62459504,Gt/yr,haas2020,observed
2015,N,fossil,14.59789782,Gt/yr,haas2020,observed
1900,N,metals,0.1528495985,Gt/yr,haas2020,observed
1901,N,metals,0.1575352451,Gt/yr,haas2020,observed
1902,N,metals,0.1617502122,Gt/yr,haas2020,observed
1903,N,metals,0.1658964368,Gt/yr,haas2020,observed
1904,N,metals,0.171545121,Gt/yr,haas2020,observed
1905,N,metals,0.1975973477,Gt/yr,haas2020,observed
1906,N,metals,0.1878147738,Gt/yr,haas2020,observed
1907,N,metals,0.2238182507,Gt/yr,haas2020,observed
1908,N,metals,0.2071882511,Gt/yr,haas2020,observed
1909,N,metals,0.2303050859,Gt/yr,haas2020,observed
1910,N,metals,0.25298784,Gt/yr,haas2020,observed
1911,N,metals,0.2491021195,Gt/yr,haas2020,observed
1912,N,metals,0.278701475,Gt/yr,haas2020,observed
1913,N,metals,0.3114502575,Gt/yr,haas2020,observed
1914,N,metals,0.2436711256,Gt/yr,haas2020,observed
1915,N,metals,0.2485528041,Gt/yr,haas2020,observed
1916,N,metals,0.292379766,Gt/yr,haas2020,observed
1917,N,metals,0.2990065405,Gt/yr,haas2020,observed
1918,N,metals,0.2804621626,Gt/yr,haas2020,observed
1919,N,metals,0.2321566311,Gt/yr,haas2020,observed
1920,N,metals,0.2479648324,Gt/yr,haas2020,observed
1921,N,metals,0.1637071007,Gt/yr,haas2020,observed
1922,N,metals,0.2224898312,Gt/yr,haas2020,observed
1923,N,metals,0.2819053746,Gt/yr,haas2020,observed
1924,N,metals,0.2889787749,Gt/yr,haas2020,observed
1925,N,metals,0.3259848911,Gt/yr,haas2020,observed
1926,N,metals,0.3314322752,Gt/yr,haas2020,observed
1927,N,metals,0.3558663803,Gt/yr,haas2020,observed
1928,N,metals,0.3808933454,Gt/yr,haas2020,observed
1929,N,metals,0.4278886559,Gt/yr,haas2020,observed
1930,N,metals,0.3797616024,Gt/yr,haas2020,observed
1931,N,metals,0.2882490389,Gt/yr,haas2020,observed
1932,N,metals,0.1922882163,Gt/yr,haas2020,observed
1933,N,metals,0.2191245358,Gt/yr,haas2020,observed
1934,N,metals,0.2832197412,Gt/yr,haas2020,observed
1935,N,metals,0.3268623823,Gt/yr,haas2020,observed
1936,N,metals,0.3980943383,Gt/yr,haas2020,observed
1937,N,metals,0.4958571527,Gt/yr,haas2020,observed
1938,N,metals,0.4122798428,Gt/yr,haas2020,observed
1939,N,metals,0.4673195809,Gt/yr,haas2020,observed
1940,N,metals,0.5133880209,Gt/yr,haas2020,observed
1941,N,metals,0.5400300982,Gt/yr,haas2020,observed
1942,N,metals,0.5203051653,Gt/yr,haas2020,observed
1943,N,metals,0.5331612309,Gt/yr,haas2020,observed
1944,N,metals,0.4615269668,Gt/yr,haas2020,observed
1945,N,metals,0.3851630138,Gt/yr,haas2020,observed
1946,N,metals,0.3519248276,Gt/yr,haas2020,observed
1947,N,metals,0.426792233,Gt/yr,haas2020,observed
1948,N,metals,0.4870549377,Gt/yr,haas2020,observed
1949,N,metals,0.4899577242,Gt/yr,haas2020,observed
1950,N,metals,0.5424840887,Gt/yr,haas2020,observed
1951,N,metals,0.5994543738,Gt/yr,haas2020,observed
1952,N,metals,0.6219664688,Gt/yr,haas2020,observed
1953,N,metals,0.6845096954,Gt/yr,haas2020,observed
1954,N,metals,0.7592830486,Gt/yr,haas2020,observed
1955,N,metals,0.7504720596,Gt/yr,haas2020,observed
1956,N,metals,0.8038461524,Gt/yr,haas2020,observed
1957,N,metals,0.8566004864,Gt/yr,haas2020,observed
1958,N,metals,0.786092002,Gt/yr,haas2020,observed
1959,N,metals,0.8515419746,Gt/yr,haas2020,observed
1960,N,metals,0.9883093056,Gt/yr,haas2020,observed
1961,N,metals,0.9854270964,Gt/yr,haas2020,observed
1962,N,metals,1.000042102,Gt/yr,haas2020,observed
1963,N,metals,1.025004719,Gt/yr,haas2020,observed
1964,N,metals,1.108309066,Gt/yr,haas2020,observed
1965,N,metals,1.183464967,Gt/yr,haas2020,observed
1966,N,metals,1.213622438,Gt/yr,haas2020,observed
1967,N,metals,1.224746994,Gt/yr,haas2020,observed
1968,N,metals,1.325486454,Gt/yr,haas2020,observed
1969,N,metals,1.407338669,Gt/yr,haas2020,observed
1970,N,metals,1.54308837,Gt/yr,haas2020,observed
1971,N,metals,1.561165909,Gt/yr,haas2020,observed
1972,N,metals,1.595636301,Gt/yr,haas2020,observed
1973,N,metals,1.717560089,Gt/yr,haas2020,observed
1974,N,metals,1.806117468,Gt/yr,haas2020,observed
1975,N,metals,1.811983902,Gt/yr,haas2020,observed
1976,N,metals,1.837513839,Gt/yr,haas2020,observed
1977,N,metals,1.814546279,Gt/yr,haas2020,observed
1978,N,metals,1.841645494,Gt/yr,haas2020,observed
1979,N,metals,1.93477447,Gt/yr,haas2020,observed
1980,N,metals,1.951333151,Gt/yr,haas2020,observed
1981,N,metals,1.941325024,Gt/yr,haas2020,observed
1982,N,metals,1.835129006,Gt/yr,haas2020,observed
1983,N,metals,1.747762526,Gt/yr,haas2020,observed
1984,N,metals,1.90953957,Gt/yr,haas2020,observed
1985,N,metals,1.978188351,Gt/yr,haas2020,observed
1986,N,metals,1.998456441,Gt/yr,haas2020,observed
1987,N,metals,2.097932947,Gt/yr,haas2020,observed
1988,N,metals,2.284236234,Gt/yr,haas2020,observed
1989,N,metals,2.41795825,Gt/yr,haas2020,observed
1990,N,metals,2.421878166,Gt/yr,haas2020,observed
1991,N,metals,2.362139085,Gt/yr,haas2020,observed
1992,N,metals,2.334994354,Gt/yr,haas2020,observed
1993,N,metals,2.344241776,Gt/yr,haas2020,observed
1994,N,metals,2.384664672,Gt/yr,haas2020,observed
1995,N,metals,2.533081979,Gt/yr,haas2020,observed
1996,N,metals,2.631250765,Gt/yr,haas2020,observed
1997,N,metals,2.768273159,Gt/yr,haas2020,observed
1998,N,metals,2.84940539,Gt/yr,haas2020,observed
1999,N,metals,2.897275815,Gt/yr,haas2020,observed
2000,N,metals,3.060359264,Gt/yr,haas2020,observed
2001,N,metals,3.083325036,Gt/yr,haas2020,observed
2002,N,metals,3.132815039,Gt/yr,haas2020,observed
2003,N,metals,3.269009496,Gt/yr,haas2020,observed
2004,N,metals,3.632155218,Gt/yr,haas2020,observed
2005,N,metals,3.92441831,Gt/yr,haas2020,observed
2006,N,metals,4.238860668,Gt/yr,haas2020,observed
2007,N,metals,4.58537758,Gt/yr,haas2020,observed
2008,N,metals,4.825261419,Gt/yr,haas2020,observed
2009,N,metals,4.854106726,Gt/yr,haas2020,observed
2010,N,metals,5.253004725,Gt/yr,haas2020,observed
2011,N,metals,5.784444466,Gt/yr,haas2020,observed
2012,N,metals,5.835787412,Gt/yr,haas2020,observed
2013,N,metals,6.246761714,Gt/yr,haas2020,observed
2014,N,metals,6.417903538,Gt/yr,haas2020,observed
2015,N,metals,6.462668367,Gt/yr,haas2020,observed
1900,N,non_metallic_minerals,0.8893690225,Gt/yr,haas2020,observed
1901,N,non_metallic_minerals,0.9183494781,Gt/yr,haas2020,observed
1902,N,non_metallic_minerals,0.9304219806,Gt/yr,haas2020,observed
1903,N,non_metallic_minerals,0.9586924252,Gt/yr,haas2020,observed
1904,N,non_metallic_minerals,0.9687757182,Gt/yr,haas2020,observed
1905,N,non_metallic_minerals,1.011482825,Gt/yr,haas2020,observed
1906,N,non_metallic_minerals,1.033766706,Gt/yr,haas2020,observed
1907,N,non_metallic_minerals,1.060330006,Gt/yr,haas2020,observed
1908,N,non_metallic_minerals,1.095000947,Gt/yr,haas2020,observed
1909,N,non_metallic_minerals,1.133422464,Gt/yr,haas2020,observed
1910,N,non_metallic_minerals,1.144561946,Gt/yr,haas2020,observed
1911,N,non_metallic_minerals,1.157036747,Gt/yr,haas2020,observed
1912,N,non_metallic_minerals,1.178017932,Gt/yr,haas2020,observed
1913,N,non_metallic_minerals,1.20117876,Gt/yr,haas2020,observed
1914,N,non_metallic_minerals,1.177992718,Gt/yr,haas2020,observed
1915,N,non_metallic_minerals,1.148750261,Gt/yr,haas2020,observed
1916,N,non_metallic_minerals,1.155740711,Gt/yr,haas2020,observed
1917,N,non_metallic_minerals,1.115947298,Gt/yr,haas2020,observed
1918,N,non_metallic_minerals,1.134221437,Gt/yr,haas2020,observed
1919,N,non_metallic_minerals,1.049840877,Gt/yr,haas2020,observed
1920,N,non_metallic_minerals,1.125325868,Gt/yr,haas2020,observed
1921,N,non_metallic_minerals,1.133578522,Gt/yr,haas2020,observed
1922,N,non_metallic_minerals,1.245363042,Gt/yr,haas2020,observed
1923,N,non_metallic_minerals,1.271715079,Gt/yr,haas2020,observed
1924,N,non_metallic_minerals,1.387611289,Gt/yr,haas2020,observed
1925,N,non_metallic_minerals,1.467720515,Gt/yr,haas2020,observed
1926,N,non_metallic_minerals,1.553686373,Gt/yr,haas2020,observed
1927,N,non_metallic_minerals,1.643668171,Gt/yr,haas2020,observed
1928,N,non_metallic_minerals,1.691127048,Gt/yr,haas2020,observed
1929,N,non_metallic_minerals,1.741113314,Gt/yr,haas2020,observed
1930,N,non_metallic_minerals,1.730676287,Gt/yr,haas2020,observed
1931,N,non_metallic_minerals,1.696616751,Gt/yr,haas2020,observed
1932,N,non_metallic_minerals,1.613130795,Gt/yr,haas2020,observed
1933,N,non_metallic_minerals,1.628828736,Gt/yr,haas2020,observed
1934,N,non_metallic_minerals,1.750879537,Gt/yr,haas2020,observed
1935,N,non_metallic_minerals,1.811709005,Gt/yr,haas2020,observed
1936,N,non_metallic_minerals,1.87188188,Gt/yr,haas2020,observed
1937,N,non_metallic_minerals,2.077810834,Gt/yr,haas2020,observed
1938,N,non_metallic_minerals,2.133194722,Gt/yr,haas2020,observed
1939,N,non_metallic_minerals,2.211017548,Gt/yr,haas2020,observed
1940,N,non_metallic_minerals,2.217087597,Gt/yr,haas2020,observed
1941,N,non_metallic_minerals,2.306235315,Gt/yr,haas2020,observed
1942,N,non_metallic_minerals,2.27280019,Gt/yr,haas2020,observed
1943,N,non_metallic_minerals,2.266697995,Gt/yr,haas2020,observed
1944,N,non_metallic_minerals,2.234763103,Gt/yr,haas2020,observed
1945,N,non_metallic_minerals,2.223121588,Gt/yr,haas2020,observed
1946,N,non_metallic_minerals,2.481026023,Gt/yr,haas2020,observed
1947,N,non_metallic_minerals,2.730987233,Gt/yr,haas2020,observed
1948,N,non_metallic_minerals,2.959452908,Gt/yr,haas2020,observed
1949,N,non_metallic_minerals,3.175466239,Gt/yr,haas2020,observed
1950,N,non_metallic_minerals,3.502406742,Gt/yr,haas2020,observed
1951,N,non_metallic_minerals,3.794687109,Gt/yr,haas2020,observed
1952,N,non_metallic_minerals,4.04784461,Gt/yr,haas2020,observed
1953,N,non_metallic_minerals,4.252290649,Gt/yr,haas2020,observed
1954,N,non_metallic_minerals,4.554200955,Gt/yr,haas2020,observed
1955,N,non_metallic_minerals,4.822193251,Gt/yr,haas2020,observed
1956,N,non_metallic_minerals,5.197642361,Gt/yr,haas2020,observed
1957,N,non_metallic_minerals,5.441507864,Gt/yr,haas2020,observed
1958,N,non_metallic_minerals,5.724792606,Gt/yr,haas2020,observed
1959,N,non_metallic_minerals,6.131551587,Gt/yr,haas2020,observed
1960,N,non_metallic_minerals,6.505316091,Gt/yr,haas2020,observed
1961,N,non_metallic_minerals,6.888605458,Gt/yr,haas2020,observed
1962,N,non_metallic_minerals,7.315191812,Gt/yr,haas2020,observed
1963,N,non_metallic_minerals,7.814420173,Gt/yr,haas2020,observed
1964,N,non_metallic_minerals,8.437986687,Gt/yr,haas2020,observed
1965,N,non_metallic_minerals,8.859223556,Gt/yr,haas2020,observed
1966,N,non_metallic_minerals,9.568800078,Gt/yr,haas2020,observed
1967,N,non_metallic_minerals,9.742002538,Gt/yr,haas2020,observed
1968,N,non_metallic_minerals,10.43393114,Gt/yr,haas2020,observed
1969,N,non_metallic_minerals,10.85840331,Gt/yr,haas2020,observed
1970,N,non_metallic_minerals,11.77108857,Gt/yr,haas2020,observed
1971,N,non_metallic_minerals,11.99821731,Gt/yr,haas2020,observed
1972,N,non_metallic_minerals,13.39370937,Gt/yr,haas2020,observed
1973,N,non_metallic_minerals,13.81448999,Gt/yr,haas2020,observed
1974,N,non_metallic_minerals,14.16295732,Gt/yr,haas2020,observed
1975,N,non_metallic_minerals,13.87343299,Gt/yr,haas2020,observed
1976,N,non_metallic_minerals,13.97667082,Gt/yr,haas2020,observed
1977,N,non_metallic_minerals,14.36320818,Gt/yr,haas2020,observed
1978,N,non_metallic_minerals,15.00620432,Gt/yr,haas2020,observed
1979,N,non_metallic_minerals,15.38763415,Gt/yr,haas2020,observed
1980,N,non_metallic_minerals,15.46663161,Gt/yr,haas2020,observed
1981,N,non_metallic_minerals,14.92370026,Gt/yr,haas2020,observed
1982,N,non_metallic_minerals,14.75264474,Gt/yr,haas2020,observed
1983,N,non_metallic_minerals,14.94769167,Gt/yr,haas2020,observed
1984,N,non_metallic_minerals,15.62856432,Gt/yr,haas2020,observed
1985,N,non_metallic_minerals,15.83905487,Gt/yr,haas2020,observed
1986,N,non_metallic_minerals,16.41606747,Gt/yr,haas2020,observed
1987,N,non_metallic_minerals,17.12389886,Gt/yr,haas2020,observed
1988,N,non_metallic_minerals,18.38167184,Gt/yr,haas2020,observed
1989,N,non_metallic_minerals,17.91000252,Gt/yr,haas2020,observed
1990,N,non_metallic_minerals,17.99648309,Gt/yr,haas2020,observed
1991,N,non_metallic_minerals,19.29551243,Gt/yr,haas2020,observed
1992,N,non_metallic_minerals,19.38905133,Gt/yr,haas2020,observed
1993,N,non_metallic_minerals,21.06092827,Gt/yr,haas2020,observed
1994,N,non_metallic_minerals,21.99266647,Gt/yr,haas2020,observed
1995,N,non_metallic_minerals,24.45182396,Gt/yr,haas2020,observed
1996,N,non_metallic_minerals,24.43146278,Gt/yr,haas2020,observed
1997,N,non_metallic_minerals,24.78118733,Gt/yr,haas2020,observed
1998,N,non_metallic_minerals,25.86761999,Gt/yr,haas2020,observed
1999,N,non_metallic_minerals,26.48069983,Gt/yr,haas2020,observed
2000,N,non_metallic_minerals,26.86773701,Gt/yr,haas2020,observed
2001,N,non_metallic_minerals,26.88247274,Gt/yr,haas2020,observed
2002,N,non_metallic_minerals,27.15332278,Gt/yr,haas2020,observed
2003,N,non_metallic_minerals,28.89290225,Gt/yr,haas2020,observed
2004,N,non_metallic_minerals,30.23573492,Gt/yr,haas2020,observed
2005,N,non_metallic_minerals,31.79048185,Gt/yr,haas2020,observed
2006,N,non_metallic_minerals,34.19190032,Gt/yr,haas2020,observed
2007,N,non_metallic_minerals,35.74213056,Gt/yr,haas2020,observed
2008,N,non_metallic_minerals,35.68423339,Gt/yr,haas2020,observed
2009,N,non_metallic_minerals,37.00464274,Gt/yr,haas2020,observed
2010,N,non_metallic_minerals,38.99414315,Gt/yr,haas2020,observed
2011,N,non_metallic_minerals,41.92154418,Gt/yr,haas2020,observed
2012,N,non_metallic_minerals,43.11182759,Gt/yr,haas2020,observed
2013,N,non_metallic_minerals,44.78339209,Gt/yr,haas2020,observed
2014,N,non_metallic_minerals,45.72674096,Gt/yr,haas2020,observed
2015,N,non_metallic_minerals,45.16787731,Gt/yr,haas2020,observed
1900,R,biomass,5.280084544,Gt/yr,haas2020,observed
1901,R,biomass,5.340659106,Gt/yr,haas2020,observed
1902,R,biomass,5.401211308,Gt/yr,haas2020,observed
1903,R,biomass,5.461741715,Gt/yr,haas2020,observed
1904,R,biomass,5.522300984,Gt/yr,haas2020,observed
1905,R,biomass,5.582877868,Gt/yr,haas2020,observed
1906,R,biomass,5.64342062,Gt/yr,haas2020,observed
1907,R,biomass,5.703994284,Gt/yr,haas2020,observed
1908,R,biomass,5.764577096,Gt/yr,haas2020,observed
1909,R,biomass,5.82516463,Gt/yr,haas2020,observed
1910,R,biomass,5.885700713,Gt/yr,haas2020,observed
1911,R,biomass,5.956878619,Gt/yr,haas2020,observed
1912,R,biomass,6.028020175,Gt/yr,haas2020,observed
1913,R,biomass,6.099222693,Gt/yr,haas2020,observed
1914,R,biomass,6.170402594,Gt/yr,haas2020,observed
1915,R,biomass,6.24157141,Gt/yr,haas2020,observed
1916,R,biomass,6.312828015,Gt/yr,haas2020,observed
1917,R,biomass,6.383954918,Gt/yr,haas2020,observed
1918,R,biomass,6.455107034,Gt/yr,haas2020,observed
1919,R,biomass,6.526354682,Gt/yr,haas2020,observed
1920,R,biomass,6.597493174,Gt/yr,haas2020,observed
1921,R,biomass,6.668711136,Gt/yr,haas2020,observed
1922,R,biomass,6.739836968,Gt/yr,haas2020,observed
1923,R,biomass,6.81108552,Gt/yr,haas2020,observed
1924,R,biomass,6.882276215,Gt/yr,haas2020,observed
1925,R,biomass,6.953453101,Gt/yr,haas2020,observed
1926,R,biomass,7.024620042,Gt/yr,haas2020,observed
1927,R,biomass,7.095809582,Gt/yr,haas2020,observed
1928,R,biomass,7.166989998,Gt/yr,haas2020,observed
1929,R,biomass,7.238181744,Gt/yr,haas2020,observed
1930,R,biomass,7.309364595,Gt/yr,haas2020,observed
1931,R,biomass,7.354196634,Gt/yr,haas2020,observed
1932,R,biomass,7.398992401,Gt/yr,haas2020,observed
1933,R,biomass,7.443894939,Gt/yr,haas2020,observed
1934,R,biomass,7.488754146,Gt/yr,haas2020,observed
1935,R,biomass,7.533533636,Gt/yr,haas2020,observed
1936,R,biomass,7.578423208,Gt/yr,haas2020,observed
1937,R,biomass,7.62322929,Gt/yr,haas2020,observed
1938,R,biomass,7.668003297,Gt/yr,haas2020,observed
1939,R,biomass,7.712921935,Gt/yr,haas2020,observed
1940,R,biomass,7.757848477,Gt/yr,haas2020,observed
1941,R,biomass,7.802644534,Gt/yr,haas2020,observed
1942,R,biomass,7.847470854,Gt/yr,haas2020,observed
1943,R,biomass,7.892357246,Gt/yr,haas2020,observed
1944,R,biomass,7.937186636,Gt/yr,haas2020,observed
1945,R,biomass,7.982065599,Gt/yr,haas2020,observed
1946,R,biomass,8.02683072,Gt/yr,haas2020,observed
1947,R,biomass,8.071656975,Gt/yr,haas2020,observed
1948,R,biomass,8.116565988,Gt/yr,haas2020,observed
1949,R,biomass,8.16137425,Gt/yr,haas2020,observed
1950,R,biomass,8.206297091,Gt/yr,haas2020,observed
1951,R,biomass,8.322809866,Gt/yr,haas2020,observed
1952,R,biomass,8.43949417,Gt/yr,haas2020,observed
1953,R,biomass,8.55611943,Gt/yr,haas2020,observed
1954,R,biomass,8.672801211,Gt/yr,haas2020,observed
1955,R,biomass,8.789396262,Gt/yr,haas2020,observed
1956,R,biomass,8.906100648,Gt/yr,haas2020,observed
1957,R,biomass,9.022698236,Gt/yr,haas2020,observed
1958,R,biomass,9.13933926,Gt/yr,haas2020,observed
1959,R,biomass,9.255931529,Gt/yr,haas2020,observed
1960,R,biomass,9.372614876,Gt/yr,haas2020,observed
1961,R,biomass,9.489260415,Gt/yr,haas2020,observed
1962,R,biomass,9.632133127,Gt/yr,haas2020,observed
1963,R,biomass,9.753122448,Gt/yr,haas2020,observed
1964,R,biomass,10.13722033,Gt/yr,haas2020,observed
1965,R,biomass,10.31956487,Gt/yr,haas2020,observed
1966,R,biomass,10.70558899,Gt/yr,haas2020,observed
1967,R,biomass,11.00151024,Gt/yr,haas2020,observed
1968,R,biomass,11.2045531,Gt/yr,haas2020,observed
1969,R,biomass,11.31120868,Gt/yr,haas2020,observed
1970,R,biomass,11.60425701,Gt/yr,haas2020,observed
1971,R,biomass,11.9516141,Gt/yr,haas2020,observed
1972,R,biomass,11.94708724,Gt/yr,haas2020,observed
1973,R,biomass,12.42831543,Gt/yr,haas2020,observed
1974,R,biomass,12.55956165,Gt/yr,haas2020,observed
1975,R,biomass,12.63373851,Gt/yr,haas2020,observed
1976,R,biomass,13.01052257,Gt/yr,haas2020,observed
1977,R,biomass,13.12850924,Gt/yr,haas2020,observed
1978,R,biomass,13.50171749,Gt/yr,haas2020,observed
1979,R,biomass,13.56423115,Gt/yr,haas2020,observed
1980,R,biomass,13.56835767,Gt/yr,haas2020,observed
1981,R,biomass,13.94479743,Gt/yr,haas2020,observed
1982,R,biomass,14.24102085,Gt/yr,haas2020,observed
1983,R,biomass,14.20274636,Gt/yr,haas2020,observed
1984,R,biomass,14.75074845,Gt/yr,haas2020,observed
1985,R,biomass,14.96048452,Gt/yr,haas2020,observed
1986,R,biomass,15.13072018,Gt/yr,haas2020,observed
1987,R,biomass,15.22509258,Gt/yr,haas2020,observed
1988,R,biomass,15.28931022,Gt/yr,haas2020,observed
1989,R,biomass,15.82358192,Gt/yr,haas2020,observed
1990,R,biomass,16.13019056,Gt/yr,haas2020,observed
1991,R,biomass,16.02908525,Gt/yr,haas2020,observed
1992,R,biomass,16.24032724,Gt/yr,haas2020,observed
1993,R,biomass,15.97322229,Gt/yr,haas2020,observed
1994,R,biomass,16.21397491,Gt/yr,haas2020,observed
1995,R,biomass,16.33185105,Gt/yr,haas2020,observed
1996,R,biomass,16.80052992,Gt/yr,haas2020,observed
1997,R,biomass,16.87405787,Gt/yr,haas2020,observed
1998,R,biomass,16.92014626,Gt/yr,haas2020,observed
1999,R,biomass,17.17195221,Gt/yr,haas2020,observed
2000,R,biomass,17.28284353,Gt/yr,haas2020,observed
2001,R,biomass,17.36406653,Gt/yr,haas2020,observed
2002,R,biomass,17.57050628,Gt/yr,haas2020,observed
2003,R,biomass,17.88894679,Gt/yr,haas2020,observed
2004,R,biomass,18.54459406,Gt/yr,haas2020,observed
2005,R,biomass,18.86192667,Gt/yr,haas2020,observed
2006,R,biomass,19.21547857,Gt/yr,haas2020,observed
2007,R,biomass,19.93345974,Gt/yr,haas2020,observed
2008,R,biomass,20.58273084,Gt/yr,haas2020,observed
2009,R,biomass,20.61623495,Gt/yr,haas2020,observed
2010,R,biomass,21.02441596,Gt/yr,haas2020,observed
2011,R,biomass,21.54951468,Gt/yr,haas2020,observed
2012,R,biomass,21.74821769,Gt/yr,haas2020,observed
2013,R,biomass,22.45891775,Gt/yr,haas2020,observed
2014,R,biomass,22.72967384,Gt/yr,haas2020,observed
2015,R,biomass,22.88986994,Gt/yr,haas2020,observed
1900,R,fossil,0.9674449631,Gt/yr,haas2020,observed
1901,R,fossil,0.9945563339,Gt/yr,haas2020,observed
1902,R,fossil,1.016628579,Gt/yr,haas2020,observed
1903,R,fossil,1.114395693,Gt/yr,haas2020,observed
1904,R,fossil,1.125502716,Gt/yr,haas2020,observed
1905,R,fossil,1.188792326,Gt/yr,haas2020,observed
1906,R,fossil,1.280764473,Gt/yr,haas2020,observed
1907,R,fossil,1.417625727,Gt/yr,haas2020,observed
1908,R,fossil,1.349321262,Gt/yr,haas2020,observed
1909,R,fossil,1.40820668,Gt/yr,haas2020,observed
1910,R,fossil,1.473345563,Gt/yr,haas2020,observed
1911,R,fossil,1.503989375,Gt/yr,haas2020,observed
1912,R,fossil,1.584716221,Gt/yr,haas2020,observed
1913,R,fossil,1.699370061,Gt/yr,haas2020,observed
1914,R,fossil,1.529214891,Gt/yr,haas2020,observed
1915,R,fossil,1.514020971,Gt/yr,haas2020,observed
1916,R,fossil,1.629912112,Gt/yr,haas2020,observed
1917,R,fossil,1.720420503,Gt/yr,haas2020,observed
1918,R,fossil,1.694956301,Gt/yr,haas2020,observed
1919,R,fossil,1.496440284,Gt/yr,haas2020,observed
1920,R,fossil,1.723399927,Gt/yr,haas2020,observed
1921,R,fossil,1.476020173,Gt/yr,haas2020,observed
1922,R,fossil,1.57814278,Gt/yr,haas2020,observed
1923,R,fossil,1.79387524,Gt/yr,haas2020,observed
1924,R,fossil,1.775711243,Gt/yr,haas2020,observed
1925,R,fossil,1.785741231,Gt/yr,haas2020,observed
1926,R,fossil,1.782714467,Gt/yr,haas2020,observed
1927,R,fossil,1.902372897,Gt/yr,haas2020,observed
1928,R,fossil,2.065291264,Gt/yr,haas2020,observed
1929,R,fossil,2.060073193,Gt/yr,haas2020,observed
1930,R,fossil,1.896365959,Gt/yr,haas2020,observed
1931,R,fossil,1.691397595,Gt/yr,haas2020,observed
1932,R,fossil,1.520362939,Gt/yr,haas2020,observed
1933,R,fossil,1.599461733,Gt/yr,haas2020,observed
1934,R,fossil,1.746018057,Gt/yr,haas2020,observed
1935,R,fossil,1.838210724,Gt/yr,haas2020,observed
1936,R,fossil,2.015176554,Gt/yr,haas2020,observed
1937,R,fossil,2.14894637,Gt/yr,haas2020,observed
1938,R,fossil,1.961674599,Gt/yr,haas2020,observed
1939,R,fossil,2.158324311,Gt/yr,haas2020,observed
1940,R,fossil,2.370280257,Gt/yr,haas2020,observed
1941,R,fossil,2.447681176,Gt/yr,haas2020,observed
1942,R,fossil,2.469791584,Gt/yr,haas2020,observed
1943,R,fossil,2.543647746,Gt/yr,haas2020,observed
1944,R,fossil,2.529573132,Gt/yr,haas2020,observed
1945,R,fossil,2.065616949,Gt/yr,haas2020,observed
1946,R,fossil,2.206678535,Gt/yr,haas2020,observed
1947,R,fossil,2.477714917,Gt/yr,haas2020,observed
1948,R,fossil,2.603893228,Gt/yr,haas2020,observed
1949,R,fossil,2.517806111,Gt/yr,haas2020,observed
1950,R,fossil,2.751761411,Gt/yr,haas2020,observed
1951,R,fossil,2.935821511,Gt/yr,haas2020,observed
1952,R,fossil,2.984792357,Gt/yr,haas2020,observed
1953,R,fossil,3.030953097,Gt/yr,haas2020,observed
1954,R,fossil,3.081555162,Gt/yr,haas2020,observed
1955,R,fossil,3.358170969,Gt/yr,haas2020,observed
1956,R,fossil,3.562493412,Gt/yr,haas2020,observed
1957,R,fossil,3.71122275,Gt/yr,haas2020,observed
1958,R,fossil,3.899910043,Gt/yr,haas2020,observed
1959,R,fossil,4.117225628,Gt/yr,haas2020,observed
1960,R,fossil,4.422777226,Gt/yr,haas2020,observed
1961,R,fossil,4.47803806,Gt/yr,haas2020,observed
1962,R,fossil,4.746241353,Gt/yr,haas2020,observed
1963,R,fossil,5.113097356,Gt/yr,haas2020,observed
1964,R,fossil,5.385983445,Gt/yr,haas2020,observed
1965,R,fossil,5.28333271,Gt/yr,haas2020,observed
1966,R,fossil,5.517977697,Gt/yr,haas2020,observed
1967,R,fossil,5.554445515,Gt/yr,haas2020,observed
1968,R,fossil,5.881066318,Gt/yr,haas2020,observed
1969,R,fossil,6.063904955,Gt/yr,haas2020,observed
1970,R,fossil,6.309365378,Gt/yr,haas2020,observed
1971,R,fossil,6.512796606,Gt/yr,haas2020,observed
1972,R,fossil,6.746885974,Gt/yr,haas2020,observed
1973,R,fossil,7.060648699,Gt/yr,haas2020,observed
1974,R,fossil,7.109103326,Gt/yr,haas2020,observed
1975,R,fossil,7.172053037,Gt/yr,haas2020,observed
1976,R,fossil,7.506698526,Gt/yr,haas2020,observed
1977,R,fossil,7.772810905,Gt/yr,haas2020,observed
1978,R,fossil,7.915245717,Gt/yr,haas2020,observed
1979,R,fossil,8.270168172,Gt/yr,haas2020,observed
1980,R,fossil,8.227486226,Gt/yr,haas2020,observed
1981,R,fossil,8.110905402,Gt/yr,haas2020,observed
1982,R,fossil,8.300589391,Gt/yr,haas2020,observed
1983,R,fossil,8.32817376,Gt/yr,haas2020,observed
1984,R,fossil,8.702833616,Gt/yr,haas2020,observed
1985,R,fossil,8.707791039,Gt/yr,haas2020,observed
1986,R,fossil,8.954339139,Gt/yr,haas2020,observed
1987,R,fossil,9.142654898,Gt/yr,haas2020,observed
1988,R,fossil,9.391381262,Gt/yr,haas2020,observed
1989,R,fossil,9.562515377,Gt/yr,haas2020,observed
1990,R,fossil,9.502472797,Gt/yr,haas2020,observed
1991,R,fossil,9.356692227,Gt/yr,haas2020,observed
1992,R,fossil,9.202570128,Gt/yr,haas2020,observed
1993,R,fossil,9.150008211,Gt/yr,haas2020,observed
1994,R,fossil,9.277453235,Gt/yr,haas2020,observed
1995,R,fossil,9.508590032,Gt/yr,haas2020,observed
1996,R,fossil,9.726841426,Gt/yr,haas2020,observed
1997,R,fossil,9.801142848,Gt/yr,haas2020,observed
1998,R,fossil,9.866925141,Gt/yr,haas2020,observed
1999,R,fossil,9.792910983,Gt/yr,haas2020,observed
2000,R,fossil,10.1144155,Gt/yr,haas2020,observed
2001,R,fossil,10.37658068,Gt/yr,haas2020,observed
2002,R,fossil,10.44432776,Gt/yr,haas2020,observed
2003,R,fossil,11.00428049,Gt/yr,haas2020,observed
2004,R,fossil,11.59446436,Gt/yr,haas2020,observed
2005,R,fossil,12.0522649,Gt/yr,haas2020,observed
2006,R,fossil,12.4575286,Gt/yr,haas2020,observed
2007,R,fossil,12.70921854,Gt/yr,haas2020,observed
2008,R,fossil,13.01027391,Gt/yr,haas2020,observed
2009,R,fossil,12.9356236,Gt/yr,haas2020,observed
2010,R,fossil,13.52468691,Gt/yr,haas2020,observed
2011,R,fossil,14.23127835,Gt/yr,haas2020,observed
2012,R,fossil,14.46086738,Gt/yr,haas2020,observed
2013,R,fossil,14.62465391,Gt/yr,haas2020,observed
2014,R,fossil,14.65853894,Gt/yr,haas2020,observed
2015,R,fossil,14.63308814,Gt/yr,haas2020,observed
1900,R,metals,0.159191578,Gt/yr,haas2020,observed
1901,R,metals,0.1641186326,Gt/yr,haas2020,observed
1902,R,metals,0.1686729863,Gt/yr,haas2020,observed
1903,R,metals,0.1731059951,Gt/yr,haas2020,observed
1904,R,metals,0.1790690997,Gt/yr,haas2020,observed
1905,R,metals,0.2053608327,Gt/yr,haas2020,observed
1906,R,metals,0.1960098982,Gt/yr,haas2020,observed
1907,R,metals,0.2322923466,Gt/yr,haas2020,observed
1908,R,metals,0.2160412579,Gt/yr,haas2020,observed
1909,R,metals,0.2394798593,Gt/yr,haas2020,observed
1910,R,metals,0.2625354639,Gt/yr,haas2020,observed
1911,R,metals,0.258966549,Gt/yr,haas2020,observed
1912,R,metals,0.2889354088,Gt/yr,haas2020,observed
1913,R,metals,0.3220688805,Gt/yr,haas2020,observed
1914,R,metals,0.2546336815,Gt/yr,haas2020,observed
1915,R,metals,0.2599331649,Gt/yr,haas2020,observed
1916,R,metals,0.304241304,Gt/yr,haas2020,observed
1917,R,metals,0.311299767,Gt/yr,haas2020,observed
1918,R,metals,0.2932570603,Gt/yr,haas2020,observed
1919,R,metals,0.245351981,Gt/yr,haas2020,observed
1920,R,metals,0.2616137087,Gt/yr,haas2020,observed
1921,R,metals,0.1779711806,Gt/yr,haas2020,observed
1922,R,metals,0.2372639751,Gt/yr,haas2020,observed
1923,R,metals,0.2972602114,Gt/yr,haas2020,observed
1924,R,metals,0.3050544846,Gt/yr,haas2020,observed
1925,R,metals,0.3427240615,Gt/yr,haas2020,observed
1926,R,metals,0.3489536833,Gt/yr,haas2020,observed
1927,R,metals,0.3741367627,Gt/yr,haas2020,observed
1928,R,metals,0.4000182534,Gt/yr,haas2020,observed
1929,R,metals,0.4479585541,Gt/yr,haas2020,observed
1930,R,metals,0.400866184,Gt/yr,haas2020,observed
1931,R,metals,0.3104109377,Gt/yr,haas2020,observed
1932,R,metals,0.215576525,Gt/yr,haas2020,observed
1933,R,metals,0.243714277,Gt/yr,haas2020,observed
1934,R,metals,0.3092970985,Gt/yr,haas2020,observed
1935,R,metals,0.3541876952,Gt/yr,haas2020,observed
1936,R,metals,0.4271889353,Gt/yr,haas2020,observed
1937,R,metals,0.5265901931,Gt/yr,haas2020,observed
1938,R,metals,0.444531435,Gt/yr,haas2020,observed
1939,R,metals,0.5012971925,Gt/yr,haas2020,observed
1940,R,metals,0.5490427419,Gt/yr,haas2020,observed
1941,R,metals,0.5776678595,Gt/yr,haas2020,observed
1942,R,metals,0.5594178065,Gt/yr,haas2020,observed
1943,R,metals,0.574119416,Gt/yr,haas2020,observed
1944,R,metals,0.5040379202,Gt/yr,haas2020,observed
1945,R,metals,0.4292423446,Gt/yr,haas2020,observed
1946,R,metals,0.3978356334,Gt/yr,haas2020,observed
1947,R,metals,0.4739493941,Gt/yr,haas2020,observed
1948,R,metals,0.5355105268,Gt/yr,haas2020,observed
1949,R,metals,0.5395342671,Gt/yr,haas2020,observed
1950,R,metals,0.5927134149,Gt/yr,haas2020,observed
1951,R,metals,0.6507246958,Gt/yr,haas2020,observed
1952,R,metals,0.6742656388,Gt/yr,haas2020,observed
1953,R,metals,0.7373365359,Gt/yr,haas2020,observed
1954,R,metals,0.8126608363,Gt/yr,haas2020,observed
1955,R,metals,0.8046711719,Gt/yr,haas2020,observed
1956,R,metals,0.8590017483,Gt/yr,haas2020,observed
1957,R,metals,0.9124785639,Gt/yr,haas2020,observed
1958,R,metals,0.842973747,Gt/yr,haas2020,observed
1959,R,metals,0.9094898185,Gt/yr,haas2020,observed
1960,R,metals,1.047149153,Gt/yr,haas2020,observed
1961,R,metals,1.045116366,Gt/yr,haas2020,observed
1962,R,metals,1.061228098,Gt/yr,haas2020,observed
1963,R,metals,1.087343964,Gt/yr,haas2020,observed
1964,R,metals,1.171910639,Gt/yr,haas2020,observed
1965,R,metals,1.248490635,Gt/yr,haas2020,observed
1966,R,metals,1.280271916,Gt/yr,haas2020,observed
1967,R,metals,1.292859655,Gt/yr,haas2020,observed
1968,R,metals,1.394969455,Gt/yr,haas2020,observed
1969,R,metals,1.478459187,Gt/yr,haas2020,observed
1970,R,metals,1.61615784,Gt/yr,haas2020,observed
1971,R,metals,1.636663798,Gt/yr,haas2020,observed
1972,R,metals,1.673300842,Gt/yr,haas2020,observed
1973,R,metals,1.797546249,Gt/yr,haas2020,observed
1974,R,metals,1.889107403,Gt/yr,haas2020,observed
1975,R,metals,1.897977178,Gt/yr,haas2020,observed
1976,R,metals,1.926587523,Gt/yr,haas2020,observed
1977,R,metals,1.90689032,Gt/yr,haas2020,observed
1978,R,metals,1.937750308,Gt/yr,haas2020,observed
1979,R,metals,2.034548543,Gt/yr,haas2020,observed
1980,R,metals,2.055445314,Gt/yr,haas2020,observed
1981,R,metals,2.049346631,Gt/yr,haas2020,observed
1982,R,metals,1.947699687,Gt/yr,haas2020,observed
1983,R,metals,1.864907197,Gt/yr,haas2020,observed
1984,R,metals,2.03159932,Gt/yr,haas2020,observed
1985,R,metals,2.105843193,Gt/yr,haas2020,observed
1986,R,metals,2.132767539,Gt/yr,haas2020,observed
1987,R,metals,2.238310794,Gt/yr,haas2020,observed
1988,R,metals,2.4324532,Gt/yr,haas2020,observed
1989,R,metals,2.573024219,Gt/yr,haas2020,observed
1990,R,metals,2.584733137,Gt/yr,haas2020,observed
1991,R,metals,2.533256195,Gt/yr,haas2020,observed
1992,R,metals,2.514705215,Gt/yr,haas2020,observed
1993,R,metals,2.532521057,Gt/yr,haas2020,observed
1994,R,metals,2.582297748,Gt/yr,haas2020,observed
1995,R,metals,2.739910012,Gt/yr,haas2020,observed
1996,R,metals,2.846840718,Gt/yr,haas2020,observed
1997,R,metals,2.993832709,Gt/yr,haas2020,observed
1998,R,metals,3.084034243,Gt/yr,haas2020,observed
1999,R,metals,3.142229323,Gt/yr,haas2020,observed
2000,R,metals,3.313936424,Gt/yr,haas2020,observed
2001,R,metals,3.347577469,Gt/yr,haas2020,observed
2002,R,metals,3.408100412,Gt/yr,haas2020,observed
2003,R,metals,3.554319577,Gt/yr,haas2020,observed
2004,R,metals,3.92880247,Gt/yr,haas2020,observed
2005,R,metals,4.230734574,Gt/yr,haas2020,observed
2006,R,metals,4.557785034,Gt/yr,haas2020,observed
2007,R,metals,4.914737381,Gt/yr,haas2020,observed
2008,R,metals,5.164504146,Gt/yr,haas2020,observed
2009,R,metals,5.202194283,Gt/yr,haas2020,observed
2010,R,metals,5.611283296,Gt/yr,haas2020,observed
2011,R,metals,6.151951157,Gt/yr,haas2020,observed
2012,R,metals,6.211588107,Gt/yr,haas2020,observed
2013,R,metals,6.630052826,Gt/yr,haas2020,observed
2014,R,metals,6.808664173,Gt/yr,haas2020,observed
2015,R,metals,6.860814928,Gt/yr,haas2020,observed
1900,R,non_metallic_minerals,1.155437909,Gt/yr,haas2020,observed
1901,R,non_metallic_minerals,1.187001795,Gt/yr,haas2020,observed
1902,R,non_metallic_minerals,1.203642918,Gt/yr,haas2020,observed
1903,R,non_metallic_minerals,1.234740593,Gt/yr,haas2020,observed
1904,R,non_metallic_minerals,1.249752398,Gt/yr,haas2020,observed
1905,R,non_metallic_minerals,1.296572747,Gt/yr,haas2020,observed
1906,R,non_metallic_minerals,1.322892815,Gt/yr,haas2020,observed
1907,R,non_metallic_minerals,1.350633549,Gt/yr,haas2020,observed
1908,R,non_metallic_minerals,1.393351463,Gt/yr,haas2020,observed
1909,R,non_metallic_minerals,1.434400186,Gt/yr,haas2020,observed
1910,R,non_metallic_minerals,1.449291184,Gt/yr,haas2020,observed
1911,R,non_metallic_minerals,1.464316391,Gt/yr,haas2020,observed
1912,R,non_metallic_minerals,1.490898116,Gt/yr,haas2020,observed
1913,R,non_metallic_minerals,1.518416592,Gt/yr,haas2020,observed
1914,R,non_metallic_minerals,1.497743882,Gt/yr,haas2020,observed
1915,R,non_metallic_minerals,1.471393659,Gt/yr,haas2020,observed
1916,R,non_metallic_minerals,1.483822735,Gt/yr,haas2020,observed
1917,R,non_metallic_minerals,1.448907595,Gt/yr,haas2020,observed
1918,R,non_metallic_minerals,1.471814847,Gt/yr,haas2020,observed
1919,R,non_metallic_minerals,1.390330838,Gt/yr,haas2020,observed
1920,R,non_metallic_minerals,1.472075539,Gt/yr,haas2020,observed
1921,R,non_metallic_minerals,1.479852792,Gt/yr,haas2020,observed
1922,R,non_metallic_minerals,1.591950855,Gt/yr,haas2020,observed
1923,R,non_metallic_minerals,1.62168445,Gt/yr,haas2020,observed
1924,R,non_metallic_minerals,1.741147023,Gt/yr,haas2020,observed
1925,R,non_metallic_minerals,1.821423008,Gt/yr,haas2020,observed
1926,R,non_metallic_minerals,1.911536221,Gt/yr,haas2020,observed
1927,R,non_metallic_minerals,2.004160198,Gt/yr,haas2020,observed
1928,R,non_metallic_minerals,2.051451853,Gt/yr,haas2020,observed
1929,R,non_metallic_minerals,2.105348341,Gt/yr,haas2020,observed
1930,R,non_metallic_minerals,2.098355705,Gt/yr,haas2020,observed
1931,R,non_metallic_minerals,2.063000708,Gt/yr,haas2020,observed
1932,R,non_metallic_minerals,1.981953358,Gt/yr,haas2020,observed
1933,R,non_metallic_minerals,2.000362584,Gt/yr,haas2020,observed
1934,R,non_metallic_minerals,2.120637967,Gt/yr,haas2020,observed
1935,R,non_metallic_minerals,2.183686364,Gt/yr,haas2020,observed
1936,R,non_metallic_minerals,2.242983763,Gt/yr,haas2020,observed
1937,R,non_metallic_minerals,2.44901499,Gt/yr,haas2020,observed
1938,R,non_metallic_minerals,2.505646788,Gt/yr,haas2020,observed
1939,R,non_metallic_minerals,2.585503224,Gt/yr,haas2020,observed
1940,R,non_metallic_minerals,2.59022132,Gt/yr,haas2020,observed
1941,R,non_metallic_minerals,2.681118175,Gt/yr,haas2020,observed
1942,R,non_metallic_minerals,2.647475799,Gt/yr,haas2020,observed
1943,R,non_metallic_minerals,2.641490874,Gt/yr,haas2020,observed
1944,R,non_metallic_minerals,2.608562154,Gt/yr,haas2020,observed
1945,R,non_metallic_minerals,2.598495897,Gt/yr,haas2020,observed
1946,R,non_metallic_minerals,2.855575008,Gt/yr,haas2020,observed
1947,R,non_metallic_minerals,3.104697958,Gt/yr,haas2020,observed
1948,R,non_metallic_minerals,3.335482603,Gt/yr,haas2020,observed
1949,R,non_metallic_minerals,3.551631202,Gt/yr,haas2020,observed
1950,R,non_metallic_minerals,3.879523683,Gt/yr,haas2020,observed
1951,R,non_metallic_minerals,4.169149834,Gt/yr,haas2020,observed
1952,R,non_metallic_minerals,4.420332251,Gt/yr,haas2020,observed
1953,R,non_metallic_minerals,4.628423028,Gt/yr,haas2020,observed
1954,R,non_metallic_minerals,4.929017582,Gt/yr,haas2020,observed
1955,R,non_metallic_minerals,5.201003935,Gt/yr,haas2020,observed
1956,R,non_metallic_minerals,5.575092456,Gt/yr,haas2020,observed
1957,R,non_metallic_minerals,5.820583684,Gt/yr,haas2020,observed
1958,R,non_metallic_minerals,6.104836493,Gt/yr,haas2020,observed
1959,R,non_metallic_minerals,6.510736924,Gt/yr,haas2020,observed
1960,R,non_metallic_minerals,6.890839863,Gt/yr,haas2020,observed
1961,R,non_metallic_minerals,7.280026673,Gt/yr,haas2020,observed
1962,R,non_metallic_minerals,7.709492931,Gt/yr,haas2020,observed
1963,R,non_metallic_minerals,8.211620997,Gt/yr,haas2020,observed
1964,R,non_metallic_minerals,8.84443377,Gt/yr,haas2020,observed
1965,R,non_metallic_minerals,9.27173437,Gt/yr,haas2020,observed
1966,R,non_metallic_minerals,9.987432152,Gt/yr,haas2020,observed
1967,R,non_metallic_minerals,10.17480161,Gt/yr,haas2020,observed
1968,R,non_metallic_minerals,10.87656368,Gt/yr,haas2020,observed
1969,R,non_metallic_minerals,11.30616053,Gt/yr,haas2020,observed
1970,R,non_metallic_minerals,12.2288611,Gt/yr,haas2020,observed
1971,R,non_metallic_minerals,12.48205539,Gt/yr,haas2020,observed
1972,R,non_metallic_minerals,13.90373059,Gt/yr,haas2020,observed
1973,R,non_metallic_minerals,14.34882615,Gt/yr,haas2020,observed
1974,R,non_metallic_minerals,14.73101887,Gt/yr,haas2020,observed
1975,R,non_metallic_minerals,14.47076679,Gt/yr,haas2020,observed
1976,R,non_metallic_minerals,14.60126172,Gt/yr,haas2020,observed
1977,R,non_metallic_minerals,15.02759247,Gt/yr,haas2020,observed
1978,R,non_metallic_minerals,15.70918277,Gt/yr,haas2020,observed
1979,R,non_metallic_minerals,16.13035988,Gt/yr,haas2020,observed
1980,R,non_metallic_minerals,16.26400559,Gt/yr,haas2020,observed
1981,R,non_metallic_minerals,15.7784103,Gt/yr,haas2020,observed
1982,R,non_metallic_minerals,15.66159732,Gt/yr,haas2020,observed
1983,R,non_metallic_minerals,15.9267662,Gt/yr,haas2020,observed
1984,R,non_metallic_minerals,16.67490071,Gt/yr,haas2020,observed
1985,R,non_metallic_minerals,16.96038036,Gt/yr,haas2020,observed
1986,R,non_metallic_minerals,17.6137629,Gt/yr,haas2020,observed
1987,R,non_metallic_minerals,18.40456503,Gt/yr,haas2020,observed
1988,R,non_metallic_minerals,19.75322582,Gt/yr,haas2020,observed
1989,R,non_metallic_minerals,19.3742251,Gt/yr,haas2020,observed
1990,R,non_metallic_minerals,19.54939214,Gt/yr,haas2020,observed
1991,R,non_metallic_minerals,20.94830652,Gt/yr,haas2020,observed
1992,R,non_metallic_minerals,21.1706547,Gt/yr,haas2020,observed
1993,R,non_metallic_minerals,22.95462405,Gt/yr,haas2020,observed
1994,R,non_metallic_minerals,24.00610332,Gt/yr,haas2020,observed
1995,R,non_metallic_minerals,26.57469882,Gt/yr,haas2020,observed
1996,R,non_metallic_minerals,26.68723455,Gt/yr,haas2020,observed
1997,R,non_metallic_minerals,27.1600365,Gt/yr,haas2020,observed
1998,R,non_metallic_minerals,28.36731211,Gt/yr,haas2020,observed
1999,R,non_metallic_minerals,29.08657768,Gt/yr,haas2020,observed
2000,R,non_metallic_minerals,29.59266674,Gt/yr,haas2020,observed
2001,R,non_metallic_minerals,29.74349705,Gt/yr,haas2020,observed
2002,R,non_metallic_minerals,30.11942643,Gt/yr,haas2020,observed
2003,R,non_metallic_minerals,31.99396616,Gt/yr,haas2020,observed
2004,R,non_metallic_minerals,33.46620707,Gt/yr,haas2020,observed
2005,R,non_metallic_minerals,35.18461111,Gt/yr,haas2020,observed
2006,R,non_metallic_minerals,37.72616719,Gt/yr,haas2020,observed
2007,R,non_metallic_minerals,39.4310378,Gt/yr,haas2020,observed
2008,R,non_metallic_minerals,39.56384549,Gt/yr,haas2020,observed
2009,R,non_metallic_minerals,41.0604495,Gt/yr,haas2020,observed
2010,R,non_metallic_minerals,43.25925044,Gt/yr,haas2020,observed
2011,R,non_metallic_minerals,46.37740272,Gt/yr,haas2020,observed
2012,R,non_metallic_minerals,47.81717472,Gt/yr,haas2020,observed
2013,R,non_metallic_minerals,49.73704767,Gt/yr,haas2020,observed
2014,R,non_metallic_minerals,50.93035997,Gt/yr,haas2020,observed
2015,R,non_metallic_minerals,50.63954595,Gt/yr,haas2020,observed
1900,RR,biomass,0.008486100586,Gt/yr,haas2020,observed
1901,RR,biomass,0.008597633789,Gt/yr,haas2020,observed
1902,RR,biomass,0.008686807617,Gt/yr,haas2020,observed
1903,RR,biomass,0.008754185547,Gt/yr,haas2020,observed
1904,RR,biomass,0.008850425781,Gt/yr,haas2020,observed
1905,RR,biomass,0.00896428125,Gt/yr,haas2020,observed
1906,RR,biomass,0.009044004883,Gt/yr,haas2020,observed
1907,RR,biomass,0.009154639648,Gt/yr,haas2020,observed
1908,RR,biomass,0.009274422852,Gt/yr,haas2020,observed
1909,RR,biomass,0.009398928711,Gt/yr,haas2020,observed
1910,RR,biomass,0.009471982422,Gt/yr,haas2020,observed
1911,RR,biomass,0.009570904297,Gt/yr,haas2020,observed
1912,RR,biomass,0.009633475586,Gt/yr,haas2020,observed
1913,RR,biomass,0.009757008789,Gt/yr,haas2020,observed
1914,RR,biomass,0.009857924805,Gt/yr,haas2020,observed
1915,RR,biomass,0.009947755859,Gt/yr,haas2020,observed
1916,RR,biomass,0.01012537695,Gt/yr,haas2020,observed
1917,RR,biomass,0.01017329492,Gt/yr,haas2020,observed
1918,RR,biomass,0.01024642578,Gt/yr,haas2020,observed
1919,RR,biomass,0.01041508984,Gt/yr,haas2020,observed
1920,RR,biomass,0.01047459668,Gt/yr,haas2020,observed
1921,RR,biomass,0.01061357422,Gt/yr,haas2020,observed
1922,RR,biomass,0.0106604209,Gt/yr,haas2020,observed
1923,RR,biomass,0.01082998828,Gt/yr,haas2020,observed
1924,RR,biomass,0.01094169922,Gt/yr,haas2020,observed
1925,RR,biomass,0.01103960059,Gt/yr,haas2020,observed
1926,RR,biomass,0.01112755664,Gt/yr,haas2020,observed
1927,RR,biomass,0.0112381123,Gt/yr,haas2020,observed
1928,RR,biomass,0.01133954297,Gt/yr,haas2020,observed
1929,RR,biomass,0.01145230469,Gt/yr,haas2020,observed
1930,RR,biomass,0.0115561709,Gt/yr,haas2020,observed
1931,RR,biomass,0.01163840039,Gt/yr,haas2020,observed
1932,RR,biomass,0.0116843584,Gt/yr,haas2020,observed
1933,RR,biomass,0.01183708691,Gt/yr,haas2020,observed
1934,RR,biomass,0.01194648438,Gt/yr,haas2020,observed
1935,RR,biomass,0.01197616504,Gt/yr,haas2020,observed
1936,RR,biomass,0.01211592676,Gt/yr,haas2020,observed
1937,RR,biomass,0.0121722002,Gt/yr,haas2020,observed
1938,RR,biomass,0.01219639746,Gt/yr,haas2020,observed
1939,RR,biomass,0.01236522559,Gt/yr,haas2020,observed
1940,RR,biomass,0.01254195898,Gt/yr,haas2020,observed
1941,RR,biomass,0.01258820605,Gt/yr,haas2020,observed
1942,RR,biomass,0.0126647168,Gt/yr,haas2020,observed
1943,RR,biomass,0.01280129883,Gt/yr,haas2020,observed
1944,RR,biomass,0.01288087988,Gt/yr,haas2020,observed
1945,RR,biomass,0.0130100332,Gt/yr,haas2020,observed
1946,RR,biomass,0.01302534473,Gt/yr,haas2020,observed
1947,RR,biomass,0.01310179102,Gt/yr,haas2020,observed
1948,RR,biomass,0.01326099414,Gt/yr,haas2020,observed
1949,RR,biomass,0.01331944629,Gt/yr,haas2020,observed
1950,RR,biomass,0.01349247852,Gt/yr,haas2020,observed
1951,RR,biomass,0.0135465127,Gt/yr,haas2020,observed
1952,RR,biomass,0.01377207715,Gt/yr,haas2020,observed
1953,RR,biomass,0.01393859668,Gt/yr,haas2020,observed
1954,RR,biomass,0.0141616377,Gt/yr,haas2020,observed
1955,RR,biomass,0.01429794824,Gt/yr,haas2020,observed
1956,RR,biomass,0.01454359375,Gt/yr,haas2020,observed
1957,RR,biomass,0.01468244141,Gt/yr,haas2020,observed
1958,RR,biomass,0.01486472559,Gt/yr,haas2020,observed
1959,RR,biomass,0.01499825488,Gt/yr,haas2020,observed
1960,RR,biomass,0.01522286133,Gt/yr,haas2020,observed
1961,RR,biomass,0.01540966016,Gt/yr,haas2020,observed
1962,RR,biomass,0.01565587305,Gt/yr,haas2020,observed
1963,RR,biomass,0.01582246191,Gt/yr,haas2020,observed
1964,RR,biomass,0.01735534375,Gt/yr,haas2020,observed
1965,RR,biomass,0.01765600977,Gt/yr,haas2020,observed
1966,RR,biomass,0.01944442578,Gt/yr,haas2020,observed
1967,RR,biomass,0.01972389844,Gt/yr,haas2020,observed
1968,RR,biomass,0.02106587695,Gt/yr,haas2020,observed
1969,RR,biomass,0.02235607031,Gt/yr,haas2020,observed
1970,RR,biomass,0.03075083203,Gt/yr,haas2020,observed
1971,RR,biomass,0.03154207617,Gt/yr,haas2020,observed
1972,RR,biomass,0.03422855859,Gt/yr,haas2020,observed
1973,RR,biomass,0.03876248438,Gt/yr,haas2020,observed
1974,RR,biomass,0.03949414453,Gt/yr,haas2020,observed
1975,RR,biomass,0.03495294922,Gt/yr,haas2020,observed
1976,RR,biomass,0.04053348437,Gt/yr,haas2020,observed
1977,RR,biomass,0.04325578906,Gt/yr,haas2020,observed
1978,RR,biomass,0.04500509766,Gt/yr,haas2020,observed
1979,RR,biomass,0.04704455078,Gt/yr,haas2020,observed
1980,RR,biomass,0.05032016016,Gt/yr,haas2020,observed
1981,RR,biomass,0.05160372656,Gt/yr,haas2020,observed
1982,RR,biomass,0.05199858984,Gt/yr,haas2020,observed
1983,RR,biomass,0.05532155859,Gt/yr,haas2020,observed
1984,RR,biomass,0.06020615234,Gt/yr,haas2020,observed
1985,RR,biomass,0.061064875,Gt/yr,haas2020,observed
1986,RR,biomass,0.06587889063,Gt/yr,haas2020,observed
1987,RR,biomass,0.0700876875,Gt/yr,haas2020,observed
1988,RR,biomass,0.07610897656,Gt/yr,haas2020,observed
1989,RR,biomass,0.08189175,Gt/yr,haas2020,observed
1990,RR,biomass,0.08422259375,Gt/yr,haas2020,observed
1991,RR,biomass,0.08907139062,Gt/yr,haas2020,observed
1992,RR,biomass,0.09247284375,Gt/yr,haas2020,observed
1993,RR,biomass,0.09648530469,Gt/yr,haas2020,observed
1994,RR,biomass,0.1079386328,Gt/yr,haas2020,observed
1995,RR,biomass,0.1144021562,Gt/yr,haas2020,observed
1996,RR,biomass,0.1172390391,Gt/yr,haas2020,observed
1997,RR,biomass,0.1210807578,Gt/yr,haas2020,observed
1998,RR,biomass,0.1217224062,Gt/yr,haas2020,observed
1999,RR,biomass,0.1310661797,Gt/yr,haas2020,observed
2000,RR,biomass,0.1422950469,Gt/yr,haas2020,observed
2001,RR,biomass,0.1427745938,Gt/yr,haas2020,observed
2002,RR,biomass,0.1514786563,Gt/yr,haas2020,observed
2003,RR,biomass,0.1561968594,Gt/yr,haas2020,observed
2004,RR,biomass,0.1642972656,Gt/yr,haas2020,observed
2005,RR,biomass,0.1731406562,Gt/yr,haas2020,observed
2006,RR,biomass,0.1856331406,Gt/yr,haas2020,observed
2007,RR,biomass,0.1938542344,Gt/yr,haas2020,observed
2008,RR,biomass,0.1990396094,Gt/yr,haas2020,observed
2009,RR,biomass,0.1997308125,Gt/yr,haas2020,observed
2010,RR,biomass,0.2075845313,Gt/yr,haas2020,observed
2011,RR,biomass,0.206936,Gt/yr,haas2020,observed
2012,RR,biomass,0.2083928125,Gt/yr,haas2020,observed
2013,RR,biomass,0.20818575,Gt/yr,haas2020,observed
2014,RR,biomass,0.2076430938,Gt/yr,haas2020,observed
2015,RR,biomass,0.2074350469,Gt/yr,haas2020,observed
1900,RR,fossil,0,Gt/yr,haas2020,observed
1901,RR,fossil,0,Gt/yr,haas2020,observed
1902,RR,fossil,0,Gt/yr,haas2020,observed
1903,RR,fossil,0,Gt/yr,haas2020,observed
1904,RR,fossil,0,Gt/yr,haas2020,observed
1905,RR,fossil,0,Gt/yr,haas2020,observed
1906,RR,fossil,0,Gt/yr,haas2020,observed
1907,RR,fossil,0,Gt/yr,haas2020,observed
1908,RR,fossil,0,Gt/yr,haas2020,observed
1909,RR,fossil,0,Gt/yr,haas2020,observed
1910,RR,fossil,0,Gt/yr,haas2020,observed
1911,RR,fossil,0,Gt/yr,haas2020,observed
1912,RR,fossil,0,Gt/yr,haas2020,observed
1913,RR,fossil,0,Gt/yr,haas2020,observed
1914,RR,fossil,0,Gt/yr,haas2020,observed
1915,RR,fossil,0,Gt/yr,haas2020,observed
1916,RR,fossil,0,Gt/yr,haas2020,observed
1917,RR,fossil,0,Gt/yr,haas2020,observed
1918,RR,fossil,0,Gt/yr,haas2020,observed
1919,RR,fossil,0,Gt/yr,haas2020,observed
1920,RR,fossil,0,Gt/yr,haas2020,observed
1921,RR,fossil,0,Gt/yr,haas2020,observed
1922,RR,fossil,0,Gt/yr,haas2020,observed
1923,RR,fossil,0,Gt/yr,haas2020,observed
1924,RR,fossil,0,Gt/yr,haas2020,observed
1925,RR,fossil,0,Gt/yr,haas2020,observed
1926,RR,fossil,0,Gt/yr,haas2020,observed
1927,RR,fossil,0,Gt/yr,haas2020,observed
1928,RR,fossil,0,Gt/yr,haas2020,observed
1929,RR,fossil,0,Gt/yr,haas2020,observed
1930,RR,fossil,0,Gt/yr,haas2020,observed
1931,RR,fossil,0,Gt/yr,haas2020,observed
1932,RR,fossil,0,Gt/yr,haas2020,observed
1933,RR,fossil,0,Gt/yr,haas2020,observed
1934,RR,fossil,0,Gt/yr,haas2020,observed
1935,RR,fossil,0,Gt/yr,haas2020,observed
1936,RR,fossil,0,Gt/yr,haas2020,observed
1937,RR,fossil,0,Gt/yr,haas2020,observed
1938,RR,fossil,0,Gt/yr,haas2020,observed
1939,RR,fossil,0,Gt/yr,haas2020,observed
1940,RR,fossil,0,Gt/yr,haas2020,observed
1941,RR,fossil,0,Gt/yr,haas2020,observed
1942,RR,fossil,0,Gt/yr,haas2020,observed
1943,RR,fossil,0,Gt/yr,haas2020,observed
1944,RR,fossil,0,Gt/yr,haas2020,observed
1945,RR,fossil,0,Gt/yr,haas2020,observed
1946,RR,fossil,0,Gt/yr,haas2020,observed
1947,RR,fossil,0,Gt/yr,haas2020,observed
1948,RR,fossil,0,Gt/yr,haas2020,observed
1949,RR,fossil,0,Gt/yr,haas2020,observed
1950,RR,fossil,0,Gt/yr,haas2020,observed
1951,RR,fossil,0,Gt/yr,haas2020,observed
1952,RR,fossil,0,Gt/yr,haas2020,observed
1953,RR,fossil,0,Gt/yr,haas2020,observed
1954,RR,fossil,0,Gt/yr,haas2020,observed
1955,RR,fossil,0,Gt/yr,haas2020,observed
1956,RR,fossil,0,Gt/yr,haas2020,observed
1957,RR,fossil,0,Gt/yr,haas2020,observed
1958,RR,fossil,0,Gt/yr,haas2020,observed
1959,RR,fossil,0,Gt/yr,haas2020,observed
1960,RR,fossil,0,Gt/yr,haas2020,observed
1961,RR,fossil,0,Gt/yr,haas2020,observed
1962,RR,fossil,0,Gt/yr,haas2020,observed
1963,RR,fossil,0,Gt/yr,haas2020,observed
1964,RR,fossil,0,Gt/yr,haas2020,observed
1965,RR,fossil,0,Gt/yr,haas2020,observed
1966,RR,fossil,0,Gt/yr,haas2020,observed
1967,RR,fossil,0,Gt/yr,haas2020,observed
1968,RR,fossil,0,Gt/yr,haas2020,observed
1969,RR,fossil,0,Gt/yr,haas2020,observed
1970,RR,fossil,4.056729889e-05,Gt/yr,haas2020,observed
1971,RR,fossil,9.550614929e-05,Gt/yr,haas2020,observed
1972,RR,fossil,0.0001678535614,Gt/yr,haas2020,observed
1973,RR,fossil,0.0002627589111,Gt/yr,haas2020,observed
1974,RR,fossil,0.000382446167,Gt/yr,haas2020,observed
1975,RR,fossil,0.0005093566895,Gt/yr,haas2020,observed
1976,RR,fossil,0.000662326416,Gt/yr,haas2020,observed
1977,RR,fossil,0.0008486448364,Gt/yr,haas2020,observed
1978,RR,fossil,0.001070776978,Gt/yr,haas2020,observed
1979,RR,fossil,0.001254311646,Gt/yr,haas2020,observed
1980,RR,fossil,0.001407566284,Gt/yr,haas2020,observed
1981,RR,fossil,0.001582681885,Gt/yr,haas2020,observed
1982,RR,fossil,0.001861931274,Gt/yr,haas2020,observed
1983,RR,fossil,0.002170400391,Gt/yr,haas2020,observed
1984,RR,fossil,0.002510216064,Gt/yr,haas2020,observed
1985,RR,fossil,0.002844339355,Gt/yr,haas2020,observed
1986,RR,fossil,0.003132339355,Gt/yr,haas2020,observed
1987,RR,fossil,0.00333327832,Gt/yr,haas2020,observed
1988,RR,fossil,0.003713761963,Gt/yr,haas2020,observed
1989,RR,fossil,0.004207097168,Gt/yr,haas2020,observed
1990,RR,fossil,0.004712217285,Gt/yr,haas2020,observed
1991,RR,fossil,0.005173226563,Gt/yr,haas2020,observed
1992,RR,fossil,0.005922328125,Gt/yr,haas2020,observed
1993,RR,fossil,0.006516230957,Gt/yr,haas2020,observed
1994,RR,fossil,0.007167015137,Gt/yr,haas2020,observed
1995,RR,fossil,0.007846312012,Gt/yr,haas2020,observed
1996,RR,fossil,0.008572526367,Gt/yr,haas2020,observed
1997,RR,fossil,0.009375807617,Gt/yr,haas2020,observed
1998,RR,fossil,0.01033020117,Gt/yr,haas2020,observed
1999,RR,fossil,0.01137650293,Gt/yr,haas2020,observed
2000,RR,fossil,0.01247865527,Gt/yr,haas2020,observed
2001,RR,fossil,0.01391551953,Gt/yr,haas2020,observed
2002,RR,fossil,0.01531442383,Gt/yr,haas2020,observed
2003,RR,fossil,0.01630632812,Gt/yr,haas2020,observed
2004,RR,fossil,0.01802719531,Gt/yr,haas2020,observed
2005,RR,fossil,0.02013127734,Gt/yr,haas2020,observed
2006,RR,fossil,0.02092656445,Gt/yr,haas2020,observed
2007,RR,fossil,0.02300073633,Gt/yr,haas2020,observed
2008,RR,fossil,0.02471081445,Gt/yr,haas2020,observed
2009,RR,fossil,0.02712921875,Gt/yr,haas2020,observed
2010,RR,fossil,0.02903898633,Gt/yr,haas2020,observed
2011,RR,fossil,0.03062126758,Gt/yr,haas2020,observed
2012,RR,fossil,0.03319161719,Gt/yr,haas2020,observed
2013,RR,fossil,0.03288590625,Gt/yr,haas2020,observed
2014,RR,fossil,0.03394390234,Gt/yr,haas2020,observed
2015,RR,fossil,0.03519032031,Gt/yr,haas2020,observed
1900,RR,metals,0.00634197953,Gt/yr,haas2020,observed
1901,RR,metals,0.006583387476,Gt/yr,haas2020,observed
1902,RR,metals,0.006922774111,Gt/yr,haas2020,observed
1903,RR,metals,0.007209558323,Gt/yr,haas2020,observed
1904,RR,metals,0.007523978687,Gt/yr,haas2020,observed
1905,RR,metals,0.007763484926,Gt/yr,haas2020,observed
1906,RR,metals,0.008195124439,Gt/yr,haas2020,observed
1907,RR,metals,0.008474095829,Gt/yr,haas2020,observed
1908,RR,metals,0.008853006781,Gt/yr,haas2020,observed
1909,RR,metals,0.009174773403,Gt/yr,haas2020,observed
1910,RR,metals,0.009547623911,Gt/yr,haas2020,observed
1911,RR,metals,0.009864429462,Gt/yr,haas2020,observed
1912,RR,metals,0.01023393383,Gt/yr,haas2020,observed
1913,RR,metals,0.01061862306,Gt/yr,haas2020,observed
1914,RR,metals,0.01096255592,Gt/yr,haas2020,observed
1915,RR,metals,0.01138036086,Gt/yr,haas2020,observed
1916,RR,metals,0.01186153804,Gt/yr,haas2020,observed
1917,RR,metals,0.01229322646,Gt/yr,haas2020,observed
1918,RR,metals,0.01279489771,Gt/yr,haas2020,observed
1919,RR,metals,0.01319534985,Gt/yr,haas2020,observed
1920,RR,metals,0.01364887633,Gt/yr,haas2020,observed
1921,RR,metals,0.01426407991,Gt/yr,haas2020,observed
1922,RR,metals,0.01477414388,Gt/yr,haas2020,observed
1923,RR,metals,0.01535483674,Gt/yr,haas2020,observed
1924,RR,metals,0.0160757097,Gt/yr,haas2020,observed
1925,RR,metals,0.01673917038,Gt/yr,haas2020,observed
1926,RR,metals,0.017521408,Gt/yr,haas2020,observed
1927,RR,metals,0.01827038232,Gt/yr,haas2020,observed
1928,RR,metals,0.01912490804,Gt/yr,haas2020,observed
1929,RR,metals,0.02006989825,Gt/yr,haas2020,observed
1930,RR,metals,0.0211045816,Gt/yr,haas2020,observed
1931,RR,metals,0.02216189877,Gt/yr,haas2020,observed
1932,RR,metals,0.02328830873,Gt/yr,haas2020,observed
1933,RR,metals,0.02458974117,Gt/yr,haas2020,observed
1934,RR,metals,0.02607735732,Gt/yr,haas2020,observed
1935,RR,metals,0.02732531296,Gt/yr,haas2020,observed
1936,RR,metals,0.02909459706,Gt/yr,haas2020,observed
1937,RR,metals,0.03073304044,Gt/yr,haas2020,observed
1938,RR,metals,0.03225159218,Gt/yr,haas2020,observed
1939,RR,metals,0.03397761166,Gt/yr,haas2020,observed
1940,RR,metals,0.03565472093,Gt/yr,haas2020,observed
1941,RR,metals,0.03763776132,Gt/yr,haas2020,observed
1942,RR,metals,0.0391126412,Gt/yr,haas2020,observed
1943,RR,metals,0.04095818515,Gt/yr,haas2020,observed
1944,RR,metals,0.04251095343,Gt/yr,haas2020,observed
1945,RR,metals,0.04407933081,Gt/yr,haas2020,observed
1946,RR,metals,0.04591080579,Gt/yr,haas2020,observed
1947,RR,metals,0.04715716104,Gt/yr,haas2020,observed
1948,RR,metals,0.04845558911,Gt/yr,haas2020,observed
1949,RR,metals,0.04957654291,Gt/yr,haas2020,observed
1950,RR,metals,0.05022932623,Gt/yr,haas2020,observed
1951,RR,metals,0.05127032197,Gt/yr,haas2020,observed
1952,RR,metals,0.05229916996,Gt/yr,haas2020,observed
1953,RR,metals,0.05282684044,Gt/yr,haas2020,observed
1954,RR,metals,0.05337778774,Gt/yr,haas2020,observed
1955,RR,metals,0.05419911236,Gt/yr,haas2020,observed
1956,RR,metals,0.05515559592,Gt/yr,haas2020,observed
1957,RR,metals,0.05587807752,Gt/yr,haas2020,observed
1958,RR,metals,0.05688174506,Gt/yr,haas2020,observed
1959,RR,metals,0.05794784395,Gt/yr,haas2020,observed
1960,RR,metals,0.05883984731,Gt/yr,haas2020,observed
1961,RR,metals,0.05968926926,Gt/yr,haas2020,observed
1962,RR,metals,0.06118599638,Gt/yr,haas2020,observed
1963,RR,metals,0.06233924516,Gt/yr,haas2020,observed
1964,RR,metals,0.06360157285,Gt/yr,haas2020,observed
1965,RR,metals,0.06502566846,Gt/yr,haas2020,observed
1966,RR,metals,0.06664947755,Gt/yr,haas2020,observed
1967,RR,metals,0.06811266025,Gt/yr,haas2020,observed
1968,RR,metals,0.06948300034,Gt/yr,haas2020,observed
1969,RR,metals,0.0711205177,Gt/yr,haas2020,observed
1970,RR,metals,0.07306946964,Gt/yr,haas2020,observed
1971,RR,metals,0.07549788901,Gt/yr,haas2020,observed
1972,RR,metals,0.07766454034,Gt/yr,haas2020,observed
1973,RR,metals,0.0799861601,Gt/yr,haas2020,observed
1974,RR,metals,0.08298993549,Gt/yr,haas2020,observed
1975,RR,metals,0.08599327557,Gt/yr,haas2020,observed
1976,RR,metals,0.08907368384,Gt/yr,haas2020,observed
1977,RR,metals,0.0923440415,Gt/yr,haas2020,observed
1978,RR,metals,0.09610481458,Gt/yr,haas2020,observed
1979,RR,metals,0.09977407349,Gt/yr,haas2020,observed
1980,RR,metals,0.104112163,Gt/yr,haas2020,observed
1981,RR,metals,0.1080216068,Gt/yr,haas2020,observed
1982,RR,metals,0.1125706819,Gt/yr,haas2020,observed
1983,RR,metals,0.1171446716,Gt/yr,haas2020,observed
1984,RR,metals,0.12205975,Gt/yr,haas2020,observed
1985,RR,metals,0.1276548416,Gt/yr,haas2020,observed
1986,RR,metals,0.1343110979,Gt/yr,haas2020,observed
1987,RR,metals,0.1403778477,Gt/yr,haas2020,observed
1988,RR,metals,0.1482169663,Gt/yr,haas2020,observed
1989,RR,metals,0.1550659695,Gt/yr,haas2020,observed
1990,RR,metals,0.1628549717,Gt/yr,haas2020,observed
1991,RR,metals,0.1711171101,Gt/yr,haas2020,observed
1992,RR,metals,0.1797108613,Gt/yr,haas2020,observed
1993,RR,metals,0.1882792808,Gt/yr,haas2020,observed
1994,RR,metals,0.1976330757,Gt/yr,haas2020,observed
1995,RR,metals,0.2068280327,Gt/yr,haas2020,observed
1996,RR,metals,0.2155899529,Gt/yr,haas2020,observed
1997,RR,metals,0.2255595503,Gt/yr,haas2020,observed
1998,RR,metals,0.234628853,Gt/yr,haas2020,observed
1999,RR,metals,0.2449535078,Gt/yr,haas2020,observed
2000,RR,metals,0.2535771609,Gt/yr,haas2020,observed
2001,RR,metals,0.2642524326,Gt/yr,haas2020,observed
2002,RR,metals,0.2752853728,Gt/yr,haas2020,observed
2003,RR,metals,0.2853100811,Gt/yr,haas2020,observed
2004,RR,metals,0.2966472517,Gt/yr,haas2020,observed
2005,RR,metals,0.3063162639,Gt/yr,haas2020,observed
2006,RR,metals,0.3189243657,Gt/yr,haas2020,observed
2007,RR,metals,0.3293598008,Gt/yr,haas2020,observed
2008,RR,metals,0.3392427271,Gt/yr,haas2020,observed
2009,RR,metals,0.3480875566,Gt/yr,haas2020,observed
2010,RR,metals,0.3582785708,Gt/yr,haas2020,observed
2011,RR,metals,0.3675066914,Gt/yr,haas2020,observed
2012,RR,metals,0.3758006953,Gt/yr,haas2020,observed
2013,RR,metals,0.3832911118,Gt/yr,haas2020,observed
2014,RR,metals,0.3907606353,Gt/yr,haas2020,observed
2015,RR,metals,0.398146561,Gt/yr,haas2020,observed
1900,RR,non_metallic_minerals,0.2660688867,Gt/yr,haas2020,observed
1901,RR,non_metallic_minerals,0.2686523164,Gt/yr,haas2020,observed
1902,RR,non_metallic_minerals,0.2732209375,Gt/yr,haas2020,observed
1903,RR,non_metallic_minerals,0.276048168,Gt/yr,haas2020,observed
1904,RR,non_metallic_minerals,0.2809766797,Gt/yr,haas2020,observed
1905,RR,non_metallic_minerals,0.2850899219,Gt/yr,haas2020,observed
1906,RR,non_metallic_minerals,0.2891261094,Gt/yr,haas2020,observed
1907,RR,non_metallic_minerals,0.290303543,Gt/yr,haas2020,observed
1908,RR,non_metallic_minerals,0.2983505156,Gt/yr,haas2020,observed
1909,RR,non_metallic_minerals,0.3009777227,Gt/yr,haas2020,observed
1910,RR,non_metallic_minerals,0.3047292383,Gt/yr,haas2020,observed
1911,RR,non_metallic_minerals,0.3072796445,Gt/yr,haas2020,observed
1912,RR,non_metallic_minerals,0.3128801836,Gt/yr,haas2020,observed
1913,RR,non_metallic_minerals,0.317237832,Gt/yr,haas2020,observed
1914,RR,non_metallic_minerals,0.3197511641,Gt/yr,haas2020,observed
1915,RR,non_metallic_minerals,0.3226433984,Gt/yr,haas2020,observed
1916,RR,non_metallic_minerals,0.3280820234,Gt/yr,haas2020,observed
1917,RR,non_metallic_minerals,0.3329602969,Gt/yr,haas2020,observed
1918,RR,non_metallic_minerals,0.3375934102,Gt/yr,haas2020,observed
1919,RR,non_metallic_minerals,0.3404899609,Gt/yr,haas2020,observed
1920,RR,non_metallic_minerals,0.3467496719,Gt/yr,haas2020,observed
1921,RR,non_metallic_minerals,0.3462742695,Gt/yr,haas2020,observed
1922,RR,non_metallic_minerals,0.3465878125,Gt/yr,haas2020,observed
1923,RR,non_metallic_minerals,0.3499693711,Gt/yr,haas2020,observed
1924,RR,non_metallic_minerals,0.3535357344,Gt/yr,haas2020,observed
1925,RR,non_metallic_minerals,0.3537024922,Gt/yr,haas2020,observed
1926,RR,non_metallic_minerals,0.3578498477,Gt/yr,haas2020,observed
1927,RR,non_metallic_minerals,0.3604920273,Gt/yr,haas2020,observed
1928,RR,non_metallic_minerals,0.3603248047,Gt/yr,haas2020,observed
1929,RR,non_metallic_minerals,0.3642350273,Gt/yr,haas2020,observed
1930,RR,non_metallic_minerals,0.367679418,Gt/yr,haas2020,observed
1931,RR,non_metallic_minerals,0.366383957,Gt/yr,haas2020,observed
1932,RR,non_metallic_minerals,0.3688225625,Gt/yr,haas2020,observed
1933,RR,non_metallic_minerals,0.3715338477,Gt/yr,haas2020,observed
1934,RR,non_metallic_minerals,0.3697584297,Gt/yr,haas2020,observed
1935,RR,non_metallic_minerals,0.3719773594,Gt/yr,haas2020,observed
1936,RR,non_metallic_minerals,0.3711018828,Gt/yr,haas2020,observed
1937,RR,non_metallic_minerals,0.3712041562,Gt/yr,haas2020,observed
1938,RR,non_metallic_minerals,0.3724520664,Gt/yr,haas2020,observed
1939,RR,non_metallic_minerals,0.3744856758,Gt/yr,haas2020,observed
1940,RR,non_metallic_minerals,0.3731337227,Gt/yr,haas2020,observed
1941,RR,non_metallic_minerals,0.3748828594,Gt/yr,haas2020,observed
1942,RR,non_metallic_minerals,0.3746756094,Gt/yr,haas2020,observed
1943,RR,non_metallic_minerals,0.3747928789,Gt/yr,haas2020,observed
1944,RR,non_metallic_minerals,0.3737990508,Gt/yr,haas2020,observed
1945,RR,non_metallic_minerals,0.3753743086,Gt/yr,haas2020,observed
1946,RR,non_metallic_minerals,0.3745489844,Gt/yr,haas2020,observed
1947,RR,non_metallic_minerals,0.3737107246,Gt/yr,haas2020,observed
1948,RR,non_metallic_minerals,0.3760296953,Gt/yr,haas2020,observed
1949,RR,non_metallic_minerals,0.3761649629,Gt/yr,haas2020,observed
1950,RR,non_metallic_minerals,0.3771169414,Gt/yr,haas2020,observed
1951,RR,non_metallic_minerals,0.3744627246,Gt/yr,haas2020,observed
1952,RR,non_metallic_minerals,0.3724876406,Gt/yr,haas2020,observed
1953,RR,non_metallic_minerals,0.3761323789,Gt/yr,haas2020,observed
1954,RR,non_metallic_minerals,0.374816627,Gt/yr,haas2020,observed
1955,RR,non_metallic_minerals,0.3788106846,Gt/yr,haas2020,observed
1956,RR,non_metallic_minerals,0.3774500957,Gt/yr,haas2020,observed
1957,RR,non_metallic_minerals,0.3790758203,Gt/yr,haas2020,observed
1958,RR,non_metallic_minerals,0.3800438867,Gt/yr,haas2020,observed
1959,RR,non_metallic_minerals,0.3791853372,Gt/yr,haas2020,observed
1960,RR,non_metallic_minerals,0.3855237721,Gt/yr,haas2020,observed
1961,RR,non_metallic_minerals,0.3914212156,Gt/yr,haas2020,observed
1962,RR,non_metallic_minerals,0.3943011189,Gt/yr,haas2020,observed
1963,RR,non_metallic_minerals,0.3972008233,Gt/yr,haas2020,observed
1964,RR,non_metallic_minerals,0.4064470831,Gt/yr,haas2020,observed
1965,RR,non_metallic_minerals,0.4125108138,Gt/yr,haas2020,observed
1966,RR,non_metallic_minerals,0.4186320742,Gt/yr,haas2020,observed
1967,RR,non_metallic_minerals,0.4327990693,Gt/yr,haas2020,observed
1968,RR,non_metallic_minerals,0.4426325377,Gt/yr,haas2020,observed
1969,RR,non_metallic_minerals,0.4477572233,Gt/yr,haas2020,observed
1970,RR,non_metallic_minerals,0.4577725282,Gt/yr,haas2020,observed
1971,RR,non_metallic_minerals,0.4838380717,Gt/yr,haas2020,observed
1972,RR,non_metallic_minerals,0.5100212203,Gt/yr,haas2020,observed
1973,RR,non_metallic_minerals,0.5343361545,Gt/yr,haas2020,observed
1974,RR,non_metallic_minerals,0.5680615472,Gt/yr,haas2020,observed
1975,RR,non_metallic_minerals,0.5973337988,Gt/yr,haas2020,observed
1976,RR,non_metallic_minerals,0.6245908923,Gt/yr,haas2020,observed
1977,RR,non_metallic_minerals,0.6643842903,Gt/yr,haas2020,observed
1978,RR,non_metallic_minerals,0.7029784487,Gt/yr,haas2020,observed
1979,RR,non_metallic_minerals,0.7427257319,Gt/yr,haas2020,observed
1980,RR,non_metallic_minerals,0.7973739775,Gt/yr,haas2020,observed
1981,RR,non_metallic_minerals,0.8547100366,Gt/yr,haas2020,observed
1982,RR,non_metallic_minerals,0.9089525801,Gt/yr,haas2020,observed
1983,RR,non_metallic_minerals,0.9790745278,Gt/yr,haas2020,observed
1984,RR,non_metallic_minerals,1.046336387,Gt/yr,haas2020,observed
1985,RR,non_metallic_minerals,1.121325487,Gt/yr,haas2020,observed
1986,RR,non_metallic_minerals,1.197695436,Gt/yr,haas2020,observed
1987,RR,non_metallic_minerals,1.280666177,Gt/yr,haas2020,observed
1988,RR,non_metallic_minerals,1.371553979,Gt/yr,haas2020,observed
1989,RR,non_metallic_minerals,1.464222576,Gt/yr,haas2020,observed
1990,RR,non_metallic_minerals,1.552909052,Gt/yr,haas2020,observed
1991,RR,non_metallic_minerals,1.652794087,Gt/yr,haas2020,observed
1992,RR,non_metallic_minerals,1.781603369,Gt/yr,haas2020,observed
1993,RR,non_metallic_minerals,1.89369578,Gt/yr,haas2020,observed
1994,RR,non_metallic_minerals,2.013436855,Gt/yr,haas2020,observed
1995,RR,non_metallic_minerals,2.122874859,Gt/yr,haas2020,observed
1996,RR,non_metallic_minerals,2.255771761,Gt/yr,haas2020,observed
1997,RR,non_metallic_minerals,2.378849177,Gt/yr,haas2020,observed
1998,RR,non_metallic_minerals,2.499692115,Gt/yr,haas2020,observed
1999,RR,non_metallic_minerals,2.605877851,Gt/yr,haas2020,observed
2000,RR,non_metallic_minerals,2.724929729,Gt/yr,haas2020,observed
2001,RR,non_metallic_minerals,2.861024314,Gt/yr,haas2020,observed
2002,RR,non_metallic_minerals,2.966103653,Gt/yr,haas2020,observed
2003,RR,non_metallic_minerals,3.101063915,Gt/yr,haas2020,observed
2004,RR,non_metallic_minerals,3.230472155,Gt/yr,haas2020,observed
2005,RR,non_metallic_minerals,3.394129251,Gt/yr,haas2020,observed
2006,RR,non_metallic_minerals,3.534266861,Gt/yr,haas2020,observed
2007,RR,non_metallic_minerals,3.688907249,Gt/yr,haas2020,observed
2008,RR,non_metallic_minerals,3.8796121,Gt/yr,haas2020,observed
2009,RR,non_metallic_minerals,4.055806759,Gt/yr,haas2020,observed
2010,RR,non_metallic_minerals,4.26510729,Gt/yr,haas2020,observed
2011,RR,non_metallic_minerals,4.455858544,Gt/yr,haas2020,observed
2012,RR,non_metallic_minerals,4.705347135,Gt/yr,haas2020,observed
2013,RR,non_metallic_minerals,4.953655582,Gt/yr,haas2020,observed
2014,RR,non_metallic_minerals,5.203619013,Gt/yr,haas2020,observed
2015,RR,non_metallic_minerals,5.471668646,Gt/yr,haas2020,observed
1900,W,biomass,5.274151528,Gt/yr,haas2020,observed
1901,W,biomass,5.331443426,Gt/yr,haas2020,observed
1902,W,biomass,5.389637914,Gt/yr,haas2020,observed
1903,W,biomass,5.449301574,Gt/yr,haas2020,observed
1904,W,biomass,5.508276788,Gt/yr,haas2020,observed
1905,W,biomass,5.568234048,Gt/yr,haas2020,observed
1906,W,biomass,5.627651444,Gt/yr,haas2020,observed
1907,W,biomass,5.687524616,Gt/yr,haas2020,observed
1908,W,biomass,5.747121061,Gt/yr,haas2020,observed
1909,W,biomass,5.80690538,Gt/yr,haas2020,observed
1910,W,biomass,5.866535283,Gt/yr,haas2020,observed
1911,W,biomass,5.936956971,Gt/yr,haas2020,observed
1912,W,biomass,6.006945015,Gt/yr,haas2020,observed
1913,W,biomass,6.076673533,Gt/yr,haas2020,observed
1914,W,biomass,6.146487914,Gt/yr,haas2020,observed
1915,W,biomass,6.216768765,Gt/yr,haas2020,observed
1916,W,biomass,6.286844355,Gt/yr,haas2020,observed
1917,W,biomass,6.356706008,Gt/yr,haas2020,observed
1918,W,biomass,6.42649353,Gt/yr,haas2020,observed
1919,W,biomass,6.496557053,Gt/yr,haas2020,observed
1920,W,biomass,6.566352885,Gt/yr,haas2020,observed
1921,W,biomass,6.635226531,Gt/yr,haas2020,observed
1922,W,biomass,6.705143729,Gt/yr,haas2020,observed
1923,W,biomass,6.774296613,Gt/yr,haas2020,observed
1924,W,biomass,6.843636403,Gt/yr,haas2020,observed
1925,W,biomass,6.913390972,Gt/yr,haas2020,observed
1926,W,biomass,6.98278946,Gt/yr,haas2020,observed
1927,W,biomass,7.052487301,Gt/yr,haas2020,observed
1928,W,biomass,7.122689424,Gt/yr,haas2020,observed
1929,W,biomass,7.19250317,Gt/yr,haas2020,observed
1930,W,biomass,7.263007134,Gt/yr,haas2020,observed
1931,W,biomass,7.306440493,Gt/yr,haas2020,observed
1932,W,biomass,7.351566437,Gt/yr,haas2020,observed
1933,W,biomass,7.395209982,Gt/yr,haas2020,observed
1934,W,biomass,7.439635908,Gt/yr,haas2020,observed
1935,W,biomass,7.484721953,Gt/yr,haas2020,observed
1936,W,biomass,7.528211321,Gt/yr,haas2020,observed
1937,W,biomass,7.572641013,Gt/yr,haas2020,observed
1938,W,biomass,7.617083246,Gt/yr,haas2020,observed
1939,W,biomass,7.661586439,Gt/yr,haas2020,observed
1940,W,biomass,7.706961157,Gt/yr,haas2020,observed
1941,W,biomass,7.751297186,Gt/yr,haas2020,observed
1942,W,biomass,7.796384413,Gt/yr,haas2020,observed
1943,W,biomass,7.841806605,Gt/yr,haas2020,observed
1944,W,biomass,7.885365449,Gt/yr,haas2020,observed
1945,W,biomass,7.930901267,Gt/yr,haas2020,observed
1946,W,biomass,7.976541966,Gt/yr,haas2020,observed
1947,W,biomass,8.020641479,Gt/yr,haas2020,observed
1948,W,biomass,8.065850633,Gt/yr,haas2020,observed
1949,W,biomass,8.110962359,Gt/yr,haas2020,observed
1950,W,biomass,8.156445123,Gt/yr,haas2020,observed
1951,W,biomass,8.268443561,Gt/yr,haas2020,observed
1952,W,biomass,8.381865612,Gt/yr,haas2020,observed
1953,W,biomass,8.495615661,Gt/yr,haas2020,observed
1954,W,biomass,8.609124047,Gt/yr,haas2020,observed
1955,W,biomass,8.722990532,Gt/yr,haas2020,observed
1956,W,biomass,8.836156011,Gt/yr,haas2020,observed
1957,W,biomass,8.949285642,Gt/yr,haas2020,observed
1958,W,biomass,9.063354479,Gt/yr,haas2020,observed
1959,W,biomass,9.176476334,Gt/yr,haas2020,observed
1960,W,biomass,9.290638571,Gt/yr,haas2020,observed
1961,W,biomass,9.403937657,Gt/yr,haas2020,observed
1962,W,biomass,9.542949901,Gt/yr,haas2020,observed
1963,W,biomass,9.652416831,Gt/yr,haas2020,observed
1964,W,biomass,10.01661931,Gt/yr,haas2020,observed
1965,W,biomass,10.17750236,Gt/yr,haas2020,observed
1966,W,biomass,10.55382213,Gt/yr,haas2020,observed
1967,W,biomass,10.8566185,Gt/yr,haas2020,observed
1968,W,biomass,11.04297654,Gt/yr,haas2020,observed
1969,W,biomass,11.14463136,Gt/yr,haas2020,observed
1970,W,biomass,11.43266932,Gt/yr,haas2020,observed
1971,W,biomass,11.77767911,Gt/yr,haas2020,observed
1972,W,biomass,11.76313025,Gt/yr,haas2020,observed
1973,W,biomass,12.22801052,Gt/yr,haas2020,observed
1974,W,biomass,12.38558377,Gt/yr,haas2020,observed
1975,W,biomass,12.50687671,Gt/yr,haas2020,observed
1976,W,biomass,12.83279302,Gt/yr,haas2020,observed
1977,W,biomass,12.94382699,Gt/yr,haas2020,observed
1978,W,biomass,13.3127472,Gt/yr,haas2020,observed
1979,W,biomass,13.37426573,Gt/yr,haas2020,observed
1980,W,biomass,13.39521162,Gt/yr,haas2020,observed
1981,W,biomass,13.78954908,Gt/yr,haas2020,observed
1982,W,biomass,14.10174789,Gt/yr,haas2020,observed
1983,W,biomass,14.03755877,Gt/yr,haas2020,observed
1984,W,biomass,14.56985992,Gt/yr,haas2020,observed
1985,W,biomass,14.78477983,Gt/yr,haas2020,observed
1986,W,biomass,14.93770613,Gt/yr,haas2020,observed
1987,W,biomass,15.01998861,Gt/yr,haas2020,observed
1988,W,biomass,15.08139955,Gt/yr,haas2020,observed
1989,W,biomass,15.61730009,Gt/yr,haas2020,observed
1990,W,biomass,15.94849388,Gt/yr,haas2020,observed
1991,W,biomass,15.88845825,Gt/yr,haas2020,observed
1992,W,biomass,16.13260235,Gt/yr,haas2020,observed
1993,W,biomass,15.87407476,Gt/yr,haas2020,observed
1994,W,biomass,16.10728225,Gt/yr,haas2020,observed
1995,W,biomass,16.22992451,Gt/yr,haas2020,observed
1996,W,biomass,16.71684284,Gt/yr,haas2020,observed
1997,W,biomass,16.75330568,Gt/yr,haas2020,observed
1998,W,biomass,16.8533937,Gt/yr,haas2020,observed
1999,W,biomass,17.07439187,Gt/yr,haas2020,observed
2000,W,biomass,17.18365591,Gt/yr,haas2020,observed
2001,W,biomass,17.29644318,Gt/yr,haas2020,observed
2002,W,biomass,17.48146015,Gt/yr,haas2020,observed
2003,W,biomass,17.76881154,Gt/yr,haas2020,observed
2004,W,biomass,18.3987805,Gt/yr,haas2020,observed
2005,W,biomass,18.70825038,Gt/yr,haas2020,observed
2006,W,biomass,19.04164307,Gt/yr,haas2020,observed
2007,W,biomass,19.76060945,Gt/yr,haas2020,observed
2008,W,biomass,20.46393209,Gt/yr,haas2020,observed
2009,W,biomass,20.55574439,Gt/yr,haas2020,observed
2010,W,biomass,20.89866768,Gt/yr,haas2020,observed
2011,W,biomass,21.41174603,Gt/yr,haas2020,observed
2012,W,biomass,21.58651597,Gt/yr,haas2020,observed
2013,W,biomass,22.28378269,Gt/yr,haas2020,observed
2014,W,biomass,22.51952662,Gt/yr,haas2020,observed
2015,W,biomass,22.67558769,Gt/yr,haas2020,observed
1900,W,fossil,0.9674449631,Gt/yr,haas2020,observed
1901,W,fossil,0.9945563339,Gt/yr,haas2020,observed
1902,W,fossil,1.016628579,Gt/yr,haas2020,observed
1903,W,fossil,1.114395693,Gt/yr,haas2020,observed
1904,W,fossil,1.125502716,Gt/yr,haas2020,observed
1905,W,fossil,1.188792326,Gt/yr,haas2020,observed
1906,W,fossil,1.280764473,Gt/yr,haas2020,observed
1907,W,fossil,1.417625727,Gt/yr,haas2020,observed
1908,W,fossil,1.349321262,Gt/yr,haas2020,observed
1909,W,fossil,1.40820668,Gt/yr,haas2020,observed
1910,W,fossil,1.473345563,Gt/yr,haas2020,observed
1911,W,fossil,1.503989375,Gt/yr,haas2020,observed
1912,W,fossil,1.584716221,Gt/yr,haas2020,observed
1913,W,fossil,1.699370061,Gt/yr,haas2020,observed
1914,W,fossil,1.529214891,Gt/yr,haas2020,observed
1915,W,fossil,1.514020971,Gt/yr,haas2020,observed
1916,W,fossil,1.629912112,Gt/yr,haas2020,observed
1917,W,fossil,1.720420503,Gt/yr,haas2020,observed
1918,W,fossil,1.694956301,Gt/yr,haas2020,observed
1919,W,fossil,1.496440284,Gt/yr,haas2020,observed
1920,W,fossil,1.723399927,Gt/yr,haas2020,observed
1921,W,fossil,1.475951533,Gt/yr,haas2020,observed
1922,W,fossil,1.5780055,Gt/yr,haas2020,observed
1923,W,fossil,1.79360068,Gt/yr,haas2020,observed
1924,W,fossil,1.775299402,Gt/yr,haas2020,observed
1925,W,fossil,1.785192111,Gt/yr,haas2020,observed
1926,W,fossil,1.782028066,Gt/yr,haas2020,observed
1927,W,fossil,1.901549216,Gt/yr,haas2020,observed
1928,W,fossil,2.064330304,Gt/yr,haas2020,observed
1929,W,fossil,2.058974953,Gt/yr,haas2020,observed
1930,W,fossil,1.895130438,Gt/yr,haas2020,observed
1931,W,fossil,1.690024795,Gt/yr,haas2020,observed
1932,W,fossil,1.518830893,Gt/yr,haas2020,observed
1933,W,fossil,1.59775197,Gt/yr,haas2020,observed
1934,W,fossil,1.744109962,Gt/yr,haas2020,observed
1935,W,fossil,1.83608129,Gt/yr,haas2020,observed
1936,W,fossil,2.012800106,Gt/yr,haas2020,observed
1937,W,fossil,2.146294254,Gt/yr,haas2020,observed
1938,W,fossil,1.958714837,Gt/yr,haas2020,observed
1939,W,fossil,2.155021216,Gt/yr,haas2020,observed
1940,W,fossil,2.366594003,Gt/yr,haas2020,observed
1941,W,fossil,2.443567317,Gt/yr,haas2020,observed
1942,W,fossil,2.465200518,Gt/yr,haas2020,observed
1943,W,fossil,2.538524116,Gt/yr,haas2020,observed
1944,W,fossil,2.523855161,Gt/yr,haas2020,observed
1945,W,fossil,2.059235694,Gt/yr,haas2020,observed
1946,W,fossil,2.199557054,Gt/yr,haas2020,observed
1947,W,fossil,2.469767343,Gt/yr,haas2020,observed
1948,W,fossil,2.595023736,Gt/yr,haas2020,observed
1949,W,fossil,2.507907758,Gt/yr,haas2020,observed
1950,W,fossil,2.738952271,Gt/yr,haas2020,observed
1951,W,fossil,2.921764109,Gt/yr,haas2020,observed
1952,W,fossil,2.968882907,Gt/yr,haas2020,observed
1953,W,fossil,3.01404826,Gt/yr,haas2020,observed
1954,W,fossil,3.063419251,Gt/yr,haas2020,observed
1955,W,fossil,3.338799842,Gt/yr,haas2020,observed
1956,W,fossil,3.541430146,Gt/yr,haas2020,observed
1957,W,fossil,3.688469153,Gt/yr,haas2020,observed
1958,W,fossil,3.875909766,Gt/yr,haas2020,observed
1959,W,fossil,4.091012421,Gt/yr,haas2020,observed
1960,W,fossil,4.39438464,Gt/yr,haas2020,observed
1961,W,fossil,4.44713362,Gt/yr,haas2020,observed
1962,W,fossil,4.712766341,Gt/yr,haas2020,observed
1963,W,fossil,5.076681844,Gt/yr,haas2020,observed
1964,W,fossil,5.345989255,Gt/yr,haas2020,observed
1965,W,fossil,5.239605523,Gt/yr,haas2020,observed
1966,W,fossil,5.469290888,Gt/yr,haas2020,observed
1967,W,fossil,5.502338541,Gt/yr,haas2020,observed
1968,W,fossil,5.823393051,Gt/yr,haas2020,observed
1969,W,fossil,6.000617892,Gt/yr,haas2020,observed
1970,W,fossil,6.239986569,Gt/yr,haas2020,observed
1971,W,fossil,6.441301165,Gt/yr,haas2020,observed
1972,W,fossil,6.664822471,Gt/yr,haas2020,observed
1973,W,fossil,6.973468074,Gt/yr,haas2020,observed
1974,W,fossil,7.019828672,Gt/yr,haas2020,observed
1975,W,fossil,7.09094888,Gt/yr,haas2020,observed
1976,W,fossil,7.426277394,Gt/yr,haas2020,observed
1977,W,fossil,7.690943403,Gt/yr,haas2020,observed
1978,W,fossil,7.828583498,Gt/yr,haas2020,observed
1979,W,fossil,8.17416109,Gt/yr,haas2020,observed
1980,W,fossil,8.132299728,Gt/yr,haas2020,observed
1981,W,fossil,8.020805595,Gt/yr,haas2020,observed
1982,W,fossil,8.215156774,Gt/yr,haas2020,observed
1983,W,fossil,8.241479385,Gt/yr,haas2020,observed
1984,W,fossil,8.609669987,Gt/yr,haas2020,observed
1985,W,fossil,8.611741418,Gt/yr,haas2020,observed
1986,W,fossil,8.851697639,Gt/yr,haas2020,observed
1987,W,fossil,9.032982637,Gt/yr,haas2020,observed
1988,W,fossil,9.274635801,Gt/yr,haas2020,observed
1989,W,fossil,9.442744053,Gt/yr,haas2020,observed
1990,W,fossil,9.38225843,Gt/yr,haas2020,observed
1991,W,fossil,9.223079801,Gt/yr,haas2020,observed
1992,W,fossil,9.064670894,Gt/yr,haas2020,observed
1993,W,fossil,9.007934219,Gt/yr,haas2020,observed
1994,W,fossil,9.129053723,Gt/yr,haas2020,observed
1995,W,fossil,9.353600727,Gt/yr,haas2020,observed
1996,W,fossil,9.567759239,Gt/yr,haas2020,observed
1997,W,fossil,9.635554207,Gt/yr,haas2020,observed
1998,W,fossil,9.692541868,Gt/yr,haas2020,observed
1999,W,fossil,9.608164819,Gt/yr,haas2020,observed
2000,W,fossil,9.923001331,Gt/yr,haas2020,observed
2001,W,fossil,10.18132397,Gt/yr,haas2020,observed
2002,W,fossil,10.24603079,Gt/yr,haas2020,observed
2003,W,fossil,10.8028163,Gt/yr,haas2020,observed
2004,W,fossil,11.38472794,Gt/yr,haas2020,observed
2005,W,fossil,11.83683155,Gt/yr,haas2020,observed
2006,W,fossil,12.23486781,Gt/yr,haas2020,observed
2007,W,fossil,12.47139386,Gt/yr,haas2020,observed
2008,W,fossil,12.77040379,Gt/yr,haas2020,observed
2009,W,fossil,12.71980483,Gt/yr,haas2020,observed
2010,W,fossil,13.30716867,Gt/yr,haas2020,observed
2011,W,fossil,14.00092516,Gt/yr,haas2020,observed
2012,W,fossil,14.23101236,Gt/yr,haas2020,observed
2013,W,fossil,14.39220661,Gt/yr,haas2020,observed
2014,W,fossil,14.41795158,Gt/yr,haas2020,observed
2015,W,fossil,14.38376178,Gt/yr,haas2020,observed
1900,W,metals,0.1142383477,Gt/yr,haas2020,observed
1901,W,metals,0.1191416949,Gt/yr,haas2020,observed
1902,W,metals,0.1233189217,Gt/yr,haas2020,observed
1903,W,metals,0.1275138808,Gt/yr,haas2020,observed
1904,W,metals,0.1330448381,Gt/yr,haas2020,observed
1905,W,metals,0.1491237218,Gt/yr,haas2020,observed
1906,W,metals,0.1475015894,Gt/yr,haas2020,observed
1907,W,metals,0.1663596441,Gt/yr,haas2020,observed
1908,W,metals,0.1635929749,Gt/yr,haas2020,observed
1909,W,metals,0.1787771156,Gt/yr,haas2020,observed
1910,W,metals,0.1938854947,Gt/yr,haas2020,observed
1911,W,metals,0.1952547907,Gt/yr,haas2020,observed
1912,W,metals,0.2161952004,Gt/yr,haas2020,observed
1913,W,metals,0.2354224825,Gt/yr,haas2020,observed
1914,W,metals,0.1988825436,Gt/yr,haas2020,observed
1915,W,metals,0.205745665,Gt/yr,haas2020,observed
1916,W,metals,0.2377172108,Gt/yr,haas2020,observed
1917,W,metals,0.243796288,Gt/yr,haas2020,observed
1918,W,metals,0.2338332857,Gt/yr,haas2020,observed
1919,W,metals,0.1959726632,Gt/yr,haas2020,observed
1920,W,metals,0.2053576302,Gt/yr,haas2020,observed
1921,W,metals,0.1485543529,Gt/yr,haas2020,observed
1922,W,metals,0.1919339292,Gt/yr,haas2020,observed
1923,W,metals,0.2353185685,Gt/yr,haas2020,observed
1924,W,metals,0.2460868987,Gt/yr,haas2020,observed
1925,W,metals,0.2731626222,Gt/yr,haas2020,observed
1926,W,metals,0.2772978191,Gt/yr,haas2020,observed
1927,W,metals,0.2945415909,Gt/yr,haas2020,observed
1928,W,metals,0.3195287442,Gt/yr,haas2020,observed
1929,W,metals,0.3542495815,Gt/yr,haas2020,observed
1930,W,metals,0.3194335556,Gt/yr,haas2020,observed
1931,W,metals,0.2609610015,Gt/yr,haas2020,observed
1932,W,metals,0.1893939157,Gt/yr,haas2020,observed
1933,W,metals,0.2103458522,Gt/yr,haas2020,observed
1934,W,metals,0.2611373841,Gt/yr,haas2020,observed
1935,W,metals,0.2964135712,Gt/yr,haas2020,observed
1936,W,metals,0.3530567589,Gt/yr,haas2020,observed
1937,W,metals,0.4304802039,Gt/yr,haas2020,observed
1938,W,metals,0.3752411674,Gt/yr,haas2020,observed
1939,W,metals,0.4131491308,Gt/yr,haas2020,observed
1940,W,metals,0.4600680202,Gt/yr,haas2020,observed
1941,W,metals,0.4813252205,Gt/yr,haas2020,observed
1942,W,metals,0.4565788496,Gt/yr,haas2020,observed
1943,W,metals,0.4728201739,Gt/yr,haas2020,observed
1944,W,metals,0.4193236167,Gt/yr,haas2020,observed
1945,W,metals,0.3674367713,Gt/yr,haas2020,observed
1946,W,metals,0.3410101118,Gt/yr,haas2020,observed
1947,W,metals,0.3997917747,Gt/yr,haas2020,observed
1948,W,metals,0.4448180169,Gt/yr,haas2020,observed
1949,W,metals,0.4466819103,Gt/yr,haas2020,observed
1950,W,metals,0.4872960869,Gt/yr,haas2020,observed
1951,W,metals,0.5243834289,Gt/yr,haas2020,observed
1952,W,metals,0.5436676888,Gt/yr,haas2020,observed
1953,W,metals,0.5860540351,Gt/yr,haas2020,observed
1954,W,metals,0.629218061,Gt/yr,haas2020,observed
1955,W,metals,0.6370128689,Gt/yr,haas2020,observed
1956,W,metals,0.676398953,Gt/yr,haas2020,observed
1957,W,metals,0.7103820424,Gt/yr,haas2020,observed
1958,W,metals,0.6572897567,Gt/yr,haas2020,observed
1959,W,metals,0.7049977116,Gt/yr,haas2020,observed
1960,W,metals,0.7989779146,Gt/yr,haas2020,observed
1961,W,metals,0.8065676513,Gt/yr,haas2020,observed
1962,W,metals,0.8188825093,Gt/yr,haas2020,observed
1963,W,metals,0.8364220192,Gt/yr,haas2020,observed
1964,W,metals,0.8900145722,Gt/yr,haas2020,observed
1965,W,metals,0.946799922,Gt/yr,haas2020,observed
1966,W,metals,0.9706545713,Gt/yr,haas2020,observed
1967,W,metals,1.011506639,Gt/yr,haas2020,observed
1968,W,metals,1.067763835,Gt/yr,haas2020,observed
1969,W,metals,1.124523457,Gt/yr,haas2020,observed
1970,W,metals,1.24465206,Gt/yr,haas2020,observed
1971,W,metals,1.268594228,Gt/yr,haas2020,observed
1972,W,metals,1.284732442,Gt/yr,haas2020,observed
1973,W,metals,1.369646934,Gt/yr,haas2020,observed
1974,W,metals,1.457077945,Gt/yr,haas2020,observed
1975,W,metals,1.49724877,Gt/yr,haas2020,observed
1976,W,metals,1.507625984,Gt/yr,haas2020,observed
1977,W,metals,1.492672113,Gt/yr,haas2020,observed
1978,W,metals,1.504746385,Gt/yr,haas2020,observed
1979,W,metals,1.58322917,Gt/yr,haas2020,observed
1980,W,metals,1.617112912,Gt/yr,haas2020,observed
1981,W,metals,1.628448603,Gt/yr,haas2020,observed
1982,W,metals,1.568575822,Gt/yr,haas2020,observed
1983,W,metals,1.485865949,Gt/yr,haas2020,observed
1984,W,metals,1.619698955,Gt/yr,haas2020,observed
1985,W,metals,1.689116591,Gt/yr,haas2020,observed
1986,W,metals,1.719727377,Gt/yr,haas2020,observed
1987,W,metals,1.815694259,Gt/yr,haas2020,observed
1988,W,metals,1.98360261,Gt/yr,haas2020,observed
1989,W,metals,2.11941155,Gt/yr,haas2020,observed
1990,W,metals,2.146151195,Gt/yr,haas2020,observed
1991,W,metals,2.119546313,Gt/yr,haas2020,observed
1992,W,metals,2.108584459,Gt/yr,haas2020,observed
1993,W,metals,2.130433058,Gt/yr,haas2020,observed
1994,W,metals,2.173695072,Gt/yr,haas2020,observed
1995,W,metals,2.312885982,Gt/yr,haas2020,observed
1996,W,metals,2.426176465,Gt/yr,haas2020,observed
1997,W,metals,2.551101222,Gt/yr,haas2020,observed
1998,W,metals,2.648159846,Gt/yr,haas2020,observed
1999,W,metals,2.706738081,Gt/yr,haas2020,observed
2000,W,metals,2.846487219,Gt/yr,haas2020,observed
2001,W,metals,2.877726272,Gt/yr,haas2020,observed
2002,W,metals,2.913804239,Gt/yr,haas2020,observed
2003,W,metals,3.006692267,Gt/yr,haas2020,observed
2004,W,metals,3.332208336,Gt/yr,haas2020,observed
2005,W,metals,3.563526109,Gt/yr,haas2020,observed
2006,W,metals,3.823781909,Gt/yr,haas2020,observed
2007,W,metals,4.097535976,Gt/yr,haas2020,observed
2008,W,metals,4.353578561,Gt/yr,haas2020,observed
2009,W,metals,4.427273591,Gt/yr,haas2020,observed
2010,W,metals,4.731608926,Gt/yr,haas2020,observed
2011,W,metals,5.201640926,Gt/yr,haas2020,observed
2012,W,metals,5.250461247,Gt/yr,haas2020,observed
2013,W,metals,5.591404273,Gt/yr,haas2020,observed
2014,W,metals,5.785012707,Gt/yr,haas2020,observed
2015,W,metals,5.85996358,Gt/yr,haas2020,observed
1900,W,non_metallic_minerals,0.75519819,Gt/yr,haas2020,observed
1901,W,non_metallic_minerals,0.7672200947,Gt/yr,haas2020,observed
1902,W,non_metallic_minerals,0.781569106,Gt/yr,haas2020,observed
1903,W,non_metallic_minerals,0.7937992239,Gt/yr,haas2020,observed
1904,W,non_metallic_minerals,0.8041376523,Gt/yr,haas2020,observed
1905,W,non_metallic_minerals,0.8161993999,Gt/yr,haas2020,observed
1906,W,non_metallic_minerals,0.8298150278,Gt/yr,haas2020,observed
1907,W,non_metallic_minerals,0.8430431114,Gt/yr,haas2020,observed
1908,W,non_metallic_minerals,0.8597622851,Gt/yr,haas2020,observed
1909,W,non_metallic_minerals,0.8742732958,Gt/yr,haas2020,observed
1910,W,non_metallic_minerals,0.8888393959,Gt/yr,haas2020,observed
1911,W,non_metallic_minerals,0.9038745653,Gt/yr,haas2020,observed
1912,W,non_metallic_minerals,0.9208379088,Gt/yr,haas2020,observed
1913,W,non_metallic_minerals,0.938699263,Gt/yr,haas2020,observed
1914,W,non_metallic_minerals,0.9444666088,Gt/yr,haas2020,observed
1915,W,non_metallic_minerals,0.9495951889,Gt/yr,haas2020,observed
1916,W,non_metallic_minerals,0.9623935066,Gt/yr,haas2020,observed
1917,W,non_metallic_minerals,0.970146852,Gt/yr,haas2020,observed
1918,W,non_metallic_minerals,0.9783123803,Gt/yr,haas2020,observed
1919,W,non_metallic_minerals,0.9867806279,Gt/yr,haas2020,observed
1920,W,non_metallic_minerals,1.006139968,Gt/yr,haas2020,observed
1921,W,non_metallic_minerals,1.017056494,Gt/yr,haas2020,observed
1922,W,non_metallic_minerals,1.042389635,Gt/yr,haas2020,observed
1923,W,non_metallic_minerals,1.058130501,Gt/yr,haas2020,observed
1924,W,non_metallic_minerals,1.090516188,Gt/yr,haas2020,observed
1925,W,non_metallic_minerals,1.120129227,Gt/yr,haas2020,observed
1926,W,non_metallic_minerals,1.144652796,Gt/yr,haas2020,observed
1927,W,non_metallic_minerals,1.16705168,Gt/yr,haas2020,observed
1928,W,non_metallic_minerals,1.18961313,Gt/yr,haas2020,observed
1929,W,non_metallic_minerals,1.212122127,Gt/yr,haas2020,observed
1930,W,non_metallic_minerals,1.230197929,Gt/yr,haas2020,observed
1931,W,non_metallic_minerals,1.226206274,Gt/yr,haas2020,observed
1932,W,non_metallic_minerals,1.23096742,Gt/yr,haas2020,observed
1933,W,non_metallic_minerals,1.252741639,Gt/yr,haas2020,observed
1934,W,non_metallic_minerals,1.278612016,Gt/yr,haas2020,observed
1935,W,non_metallic_minerals,1.302918515,Gt/yr,haas2020,observed
1936,W,non_metallic_minerals,1.323657203,Gt/yr,haas2020,observed
1937,W,non_metallic_minerals,1.355051607,Gt/yr,haas2020,observed
1938,W,non_metallic_minerals,1.37479826,Gt/yr,haas2020,observed
1939,W,non_metallic_minerals,1.404838788,Gt/yr,haas2020,observed
1940,W,non_metallic_minerals,1.42062783,Gt/yr,haas2020,observed
1941,W,non_metallic_minerals,1.449145134,Gt/yr,haas2020,observed
1942,W,non_metallic_minerals,1.464219074,Gt/yr,haas2020,observed
1943,W,non_metallic_minerals,1.478120843,Gt/yr,haas2020,observed
1944,W,non_metallic_minerals,1.482509285,Gt/yr,haas2020,observed
1945,W,non_metallic_minerals,1.486742377,Gt/yr,haas2020,observed
1946,W,non_metallic_minerals,1.532430318,Gt/yr,haas2020,observed
1947,W,non_metallic_minerals,1.572534604,Gt/yr,haas2020,observed
1948,W,non_metallic_minerals,1.624210097,Gt/yr,haas2020,observed
1949,W,non_metallic_minerals,1.656681119,Gt/yr,haas2020,observed
1950,W,non_metallic_minerals,1.709563946,Gt/yr,haas2020,observed
1951,W,non_metallic_minerals,1.773220928,Gt/yr,haas2020,observed
1952,W,non_metallic_minerals,1.824241949,Gt/yr,haas2020,observed
1953,W,non_metallic_minerals,1.881663958,Gt/yr,haas2020,observed
1954,W,non_metallic_minerals,1.94397467,Gt/yr,haas2020,observed
1955,W,non_metallic_minerals,2.020890348,Gt/yr,haas2020,observed
1956,W,non_metallic_minerals,2.094011907,Gt/yr,haas2020,observed
1957,W,non_metallic_minerals,2.16063979,Gt/yr,haas2020,observed
1958,W,non_metallic_minerals,2.226226276,Gt/yr,haas2020,observed
1959,W,non_metallic_minerals,2.328789262,Gt/yr,haas2020,observed
1960,W,non_metallic_minerals,2.40694695,Gt/yr,haas2020,observed
1961,W,non_metallic_minerals,2.495937088,Gt/yr,haas2020,observed
1962,W,non_metallic_minerals,2.610012104,Gt/yr,haas2020,observed
1963,W,non_metallic_minerals,2.777349215,Gt/yr,haas2020,observed
1964,W,non_metallic_minerals,2.913400802,Gt/yr,haas2020,observed
1965,W,non_metallic_minerals,3.030758827,Gt/yr,haas2020,observed
1966,W,non_metallic_minerals,3.177122319,Gt/yr,haas2020,observed
1967,W,non_metallic_minerals,3.294182976,Gt/yr,haas2020,observed
1968,W,non_metallic_minerals,3.454343404,Gt/yr,haas2020,observed
1969,W,non_metallic_minerals,3.606487628,Gt/yr,haas2020,observed
1970,W,non_metallic_minerals,3.768952951,Gt/yr,haas2020,observed
1971,W,non_metallic_minerals,3.92253385,Gt/yr,haas2020,observed
1972,W,non_metallic_minerals,4.146501464,Gt/yr,haas2020,observed
1973,W,non_metallic_minerals,4.317260465,Gt/yr,haas2020,observed
1974,W,non_metallic_minerals,4.500972034,Gt/yr,haas2020,observed
1975,W,non_metallic_minerals,4.629369934,Gt/yr,haas2020,observed
1976,W,non_metallic_minerals,4.854273822,Gt/yr,haas2020,observed
1977,W,non_metallic_minerals,5.04934256,Gt/yr,haas2020,observed
1978,W,non_metallic_minerals,5.282442282,Gt/yr,haas2020,observed
1979,W,non_metallic_minerals,5.4229327,Gt/yr,haas2020,observed
1980,W,non_metallic_minerals,5.653242928,Gt/yr,haas2020,observed
1981,W,non_metallic_minerals,5.774132196,Gt/yr,haas2020,observed
1982,W,non_metallic_minerals,5.951465792,Gt/yr,haas2020,observed
1983,W,non_metallic_minerals,6.207907367,Gt/yr,haas2020,observed
1984,W,non_metallic_minerals,6.512780515,Gt/yr,haas2020,observed
1985,W,non_metallic_minerals,6.72396093,Gt/yr,haas2020,observed
1986,W,non_metallic_minerals,6.944045619,Gt/yr,haas2020,observed
1987,W,non_metallic_minerals,7.225625962,Gt/yr,haas2020,observed
1988,W,non_metallic_minerals,7.629893263,Gt/yr,haas2020,observed
1989,W,non_metallic_minerals,7.805179624,Gt/yr,haas2020,observed
1990,W,non_metallic_minerals,8.047986564,Gt/yr,haas2020,observed
1991,W,non_metallic_minerals,8.239550574,Gt/yr,haas2020,observed
1992,W,non_metallic_minerals,8.480704801,Gt/yr,haas2020,observed
1993,W,non_metallic_minerals,8.864915603,Gt/yr,haas2020,observed
1994,W,non_metallic_minerals,9.243682063,Gt/yr,haas2020,observed
1995,W,non_metallic_minerals,10.0188698,Gt/yr,haas2020,observed
1996,W,non_metallic_minerals,10.26948872,Gt/yr,haas2020,observed
1997,W,non_metallic_minerals,10.42400487,Gt/yr,haas2020,observed
1998,W,non_metallic_minerals,10.8615998,Gt/yr,haas2020,observed
1999,W,non_metallic_minerals,11.31191943,Gt/yr,haas2020,observed
2000,W,non_metallic_minerals,11.53248043,Gt/yr,haas2020,observed
2001,W,non_metallic_minerals,11.85656441,Gt/yr,haas2020,observed
2002,W,non_metallic_minerals,12.20506155,Gt/yr,haas2020,observed
2003,W,non_metallic_minerals,12.66796339,Gt/yr,haas2020,observed
2004,W,non_metallic_minerals,12.94626684,Gt/yr,haas2020,observed
2005,W,non_metallic_minerals,13.68809371,Gt/yr,haas2020,observed
2006,W,non_metallic_minerals,14.27221769,Gt/yr,haas2020,observed
2007,W,non_metallic_minerals,14.96173023,Gt/yr,haas2020,observed
2008,W,non_metallic_minerals,15.44914363,Gt/yr,haas2020,observed
2009,W,non_metallic_minerals,16.05917381,Gt/yr,haas2020,observed
2010,W,non_metallic_minerals,16.80245659,Gt/yr,haas2020,observed
2011,W,non_metallic_minerals,17.68009227,Gt/yr,haas2020,observed
2012,W,non_metallic_minerals,18.49766931,Gt/yr,haas2020,observed
2013,W,non_metallic_minerals,19.2435729,Gt/yr,haas2020,observed
2014,W,non_metallic_minerals,20.08134411,Gt/yr,haas2020,observed
2015,W,non_metallic_minerals,20.83066678,Gt/yr,haas2020,observed
1900,in_combusted_fossil,total,0.9641128141,Gt/yr,haas2020,observed
1901,in_combusted_fossil,total,0.9909973375,Gt/yr,haas2020,observed
1902,in_combusted_fossil,total,1.01288551,Gt/yr,haas2020,observed
1903,in_combusted_fossil,total,1.110356499,Gt/yr,haas2020,observed
1904,in_combusted_fossil,total,1.121214035,Gt/yr,haas2020,observed
1905,in_combusted_fossil,total,1.184363863,Gt/yr,haas2020,observed
1906,in_combusted_fossil,total,1.276182033,Gt/yr,haas2020,observed
1907,in_combusted_fossil,total,1.412286301,Gt/yr,haas2020,observed
1908,in_combusted_fossil,total,1.343901003,Gt/yr,haas2020,observed
1909,in_combusted_fossil,total,1.402564983,Gt/yr,haas2020,observed
1910,in_combusted_fossil,total,1.467301769,Gt/yr,haas2020,observed
1911,in_combusted_fossil,total,1.497659661,Gt/yr,haas2020,observed
1912,in_combusted_fossil,total,1.5781727,Gt/yr,haas2020,observed
1913,in_combusted_fossil,total,1.692223343,Gt/yr,haas2020,observed
1914,in_combusted_fossil,total,1.522174878,Gt/yr,haas2020,observed
1915,in_combusted_fossil,total,1.506694229,Gt/yr,haas2020,observed
1916,in_combusted_fossil,total,1.622151772,Gt/yr,haas2020,observed
1917,in_combusted_fossil,total,1.711987279,Gt/yr,haas2020,observed
1918,in_combusted_fossil,total,1.686653201,Gt/yr,haas2020,observed
1919,in_combusted_fossil,total,1.487951771,Gt/yr,haas2020,observed
1920,in_combusted_fossil,total,1.713088074,Gt/yr,haas2020,observed
1921,in_combusted_fossil,total,1.465377829,Gt/yr,haas2020,observed
1922,in_combusted_fossil,total,1.566256167,Gt/yr,haas2020,observed
1923,in_combusted_fossil,total,1.779902165,Gt/yr,haas2020,observed
1924,in_combusted_fossil,total,1.761653528,Gt/yr,haas2020,observed
1925,in_combusted_fossil,total,1.771138231,Gt/yr,haas2020,observed
1926,in_combusted_fossil,total,1.767718093,Gt/yr,haas2020,observed
1927,in_combusted_fossil,total,1.885342748,Gt/yr,haas2020,observed
1928,in_combusted_fossil,total,2.047300502,Gt/yr,haas2020,observed
1929,in_combusted_fossil,total,2.040256954,Gt/yr,haas2020,observed
1930,in_combusted_fossil,total,1.877505502,Gt/yr,haas2020,observed
1931,in_combusted_fossil,total,1.673291507,Gt/yr,haas2020,observed
1932,in_combusted_fossil,total,1.503150392,Gt/yr,haas2020,observed
1933,in_combusted_fossil,total,1.580674455,Gt/yr,haas2020,observed
1934,in_combusted_fossil,total,1.725992523,Gt/yr,haas2020,observed
1935,in_combusted_fossil,total,1.816604936,Gt/yr,haas2020,observed
1936,in_combusted_fossil,total,1.991650546,Gt/yr,haas2020,observed
1937,in_combusted_fossil,total,2.12240938,Gt/yr,haas2020,observed
1938,in_combusted_fossil,total,1.941633595,Gt/yr,haas2020,observed
1939,in_combusted_fossil,total,2.130995503,Gt/yr,haas2020,observed
1940,in_combusted_fossil,total,2.341711052,Gt/yr,haas2020,observed
1941,in_combusted_fossil,total,2.417998458,Gt/yr,haas2020,observed
1942,in_combusted_fossil,total,2.441068882,Gt/yr,haas2020,observed
1943,in_combusted_fossil,total,2.512694654,Gt/yr,haas2020,observed
1944,in_combusted_fossil,total,2.494977897,Gt/yr,haas2020,observed
1945,in_combusted_fossil,total,2.031340048,Gt/yr,haas2020,observed
1946,in_combusted_fossil,total,2.170305141,Gt/yr,haas2020,observed
1947,in_combusted_fossil,total,2.43747736,Gt/yr,haas2020,observed
1948,in_combusted_fossil,total,2.558598634,Gt/yr,haas2020,observed
1949,in_combusted_fossil,total,2.472302495,Gt/yr,haas2020,observed
1950,in_combusted_fossil,total,2.702843674,Gt/yr,haas2020,observed
1951,in_combusted_fossil,total,2.88180034,Gt/yr,haas2020,observed
1952,in_combusted_fossil,total,2.927573701,Gt/yr,haas2020,observed
1953,in_combusted_fossil,total,2.970369918,Gt/yr,haas2020,observed
1954,in_combusted_fossil,total,3.017661127,Gt/yr,haas2020,observed
1955,in_combusted_fossil,total,3.286683119,Gt/yr,haas2020,observed
1956,in_combusted_fossil,total,3.485337816,Gt/yr,haas2020,observed
1957,in_combusted_fossil,total,3.630634469,Gt/yr,haas2020,observed
1958,in_combusted_fossil,total,3.814182236,Gt/yr,haas2020,observed
1959,in_combusted_fossil,total,4.025031733,Gt/yr,haas2020,observed
1960,in_combusted_fossil,total,4.32328619,Gt/yr,haas2020,observed
1961,in_combusted_fossil,total,4.372652846,Gt/yr,haas2020,observed
1962,in_combusted_fossil,total,4.632399198,Gt/yr,haas2020,observed
1963,in_combusted_fossil,total,4.989188885,Gt/yr,haas2020,observed
1964,in_combusted_fossil,total,5.252451907,Gt/yr,haas2020,observed
1965,in_combusted_fossil,total,5.141041821,Gt/yr,haas2020,observed
1966,in_combusted_fossil,total,5.365251691,Gt/yr,haas2020,observed
1967,in_combusted_fossil,total,5.391244732,Gt/yr,haas2020,observed
1968,in_combusted_fossil,total,5.704308905,Gt/yr,haas2020,observed
1969,in_combusted_fossil,total,5.872208192,Gt/yr,haas2020,observed
1970,in_combusted_fossil,total,6.102210398,Gt/yr,haas2020,observed
1971,in_combusted_fossil,total,6.27833488,Gt/yr,haas2020,observed
1972,in_combusted_fossil,total,6.489510201,Gt/yr,haas2020,observed
1973,in_combusted_fossil,total,6.776218089,Gt/yr,haas2020,observed
1974,in_combusted_fossil,total,6.825070564,Gt/yr,haas2020,observed
1975,in_combusted_fossil,total,6.895076583,Gt/yr,haas2020,observed
1976,in_combusted_fossil,total,7.206222173,Gt/yr,haas2020,observed
1977,in_combusted_fossil,total,7.451191366,Gt/yr,haas2020,observed
1978,in_combusted_fossil,total,7.561827442,Gt/yr,haas2020,observed
1979,in_combusted_fossil,total,7.899844074,Gt/yr,haas2020,observed
1980,in_combusted_fossil,total,7.868942667,Gt/yr,haas2020,observed
1981,in_combusted_fossil,total,7.752073156,Gt/yr,haas2020,observed
1982,in_combusted_fossil,total,7.954179602,Gt/yr,haas2020,observed
1983,in_combusted_fossil,total,7.970827255,Gt/yr,haas2020,observed
1984,in_combusted_fossil,total,8.327764795,Gt/yr,haas2020,observed
1985,in_combusted_fossil,total,8.309479166,Gt/yr,haas2020,observed
1986,in_combusted_fossil,total,8.532170524,Gt/yr,haas2020,observed
1987,in_combusted_fossil,total,8.695979853,Gt/yr,haas2020,observed
1988,in_combusted_fossil,total,8.918468764,Gt/yr,haas2020,observed
1989,in_combusted_fossil,total,9.078659469,Gt/yr,haas2020,observed
1990,in_combusted_fossil,total,9.0176572,Gt/yr,haas2020,observed
1991,in_combusted_fossil,total,8.855669027,Gt/yr,haas2020,observed
1992,in_combusted_fossil,total,8.69261607,Gt/yr,haas2020,observed
1993,in_combusted_fossil,total,8.64994442,Gt/yr,haas2020,observed
1994,in_combusted_fossil,total,8.761864628,Gt/yr,haas2020,observed
1995,in_combusted_fossil,total,8.972816416,Gt/yr,haas2020,observed
1996,in_combusted_fossil,total,9.172545522,Gt/yr,haas2020,observed
1997,in_combusted_fossil,total,9.219959698,Gt/yr,haas2020,observed
1998,in_combusted_fossil,total,9.287837197,Gt/yr,haas2020,observed
1999,in_combusted_fossil,total,9.199174858,Gt/yr,haas2020,observed
2000,in_combusted_fossil,total,9.493250777,Gt/yr,haas2020,observed
2001,in_combusted_fossil,total,9.748270849,Gt/yr,haas2020,observed
2002,in_combusted_fossil,total,9.796243646,Gt/yr,haas2020,observed
2003,in_combusted_fossil,total,10.33315235,Gt/yr,haas2020,observed
2004,in_combusted_fossil,total,10.87980136,Gt/yr,haas2020,observed
2005,in_combusted_fossil,total,11.32334522,Gt/yr,haas2020,observed
2006,in_combusted_fossil,total,11.70914164,Gt/yr,haas2020,observed
2007,in_combusted_fossil,total,11.93613088,Gt/yr,haas2020,observed
2008,in_combusted_fossil,total,12.25966643,Gt/yr,haas2020,observed
2009,in_combusted_fossil,total,12.1764721,Gt/yr,haas2020,observed
2010,in_combusted_fossil,total,12.72680164,Gt/yr,haas2020,observed
2011,in_combusted_fossil,total,13.39164647,Gt/yr,haas2020,observed
2012,in_combusted_fossil,total,13.60573191,Gt/yr,haas2020,observed
2013,in_combusted_fossil,total,13.76047582,Gt/yr,haas2020,observed
2014,in_combusted_fossil,total,13.79143271,Gt/yr,haas2020,observed
2015,in_combusted_fossil,total,13.76286113,Gt/yr,haas2020,observed
1900,in_cycling_total,total,3.285708079,Gt/yr,haas2020,observed
1901,in_cycling_total,total,3.333717114,Gt/yr,haas2020,observed
1902,in_cycling_total,total,3.387735909,Gt/yr,haas2020,observed
1903,in_cycling_total,total,3.443344502,Gt/yr,haas2020,observed
1904,in_cycling_total,total,3.490955063,Gt/yr,haas2020,observed
1905,in_cycling_total,total,3.551274218,Gt/yr,haas2020,observed
1906,in_cycling_total,total,3.608300607,Gt/yr,haas2020,observed
1907,in_cycling_total,total,3.665760639,Gt/yr,haas2020,observed
1908,in_cycling_total,total,3.726820965,Gt/yr,haas2020,observed
1909,in_cycling_total,total,3.785825515,Gt/yr,haas2020,observed
1910,in_cycling_total,total,3.845973022,Gt/yr,haas2020,observed
1911,in_cycling_total,total,3.932974221,Gt/yr,haas2020,observed
1912,in_cycling_total,total,4.029871628,Gt/yr,haas2020,observed
1913,in_cycling_total,total,4.12562764,Gt/yr,haas2020,observed
1914,in_cycling_total,total,4.243338229,Gt/yr,haas2020,observed
1915,in_cycling_total,total,4.337682442,Gt/yr,haas2020,observed
1916,in_cycling_total,total,4.424525651,Gt/yr,haas2020,observed
1917,in_cycling_total,total,4.486790865,Gt/yr,haas2020,observed
1918,in_cycling_total,total,4.538685097,Gt/yr,haas2020,observed
1919,in_cycling_total,total,4.568380199,Gt/yr,haas2020,observed
1920,in_cycling_total,total,4.601373369,Gt/yr,haas2020,observed
1921,in_cycling_total,total,4.627863846,Gt/yr,haas2020,observed
1922,in_cycling_total,total,4.658349343,Gt/yr,haas2020,observed
1923,in_cycling_total,total,4.709152102,Gt/yr,haas2020,observed
1924,in_cycling_total,total,4.763635811,Gt/yr,haas2020,observed
1925,in_cycling_total,total,4.828306403,Gt/yr,haas2020,observed
1926,in_cycling_total,total,4.893659175,Gt/yr,haas2020,observed
1927,in_cycling_total,total,4.967747798,Gt/yr,haas2020,observed
1928,in_cycling_total,total,5.045964931,Gt/yr,haas2020,observed
1929,in_cycling_total,total,5.1249566,Gt/yr,haas2020,observed
1930,in_cycling_total,total,5.172818484,Gt/yr,haas2020,observed
1931,in_cycling_total,total,5.165777759,Gt/yr,haas2020,observed
1932,in_cycling_total,total,5.169329927,Gt/yr,haas2020,observed
1933,in_cycling_total,total,5.149497332,Gt/yr,haas2020,observed
1934,in_cycling_total,total,5.118467619,Gt/yr,haas2020,observed
1935,in_cycling_total,total,5.115033979,Gt/yr,haas2020,observed
1936,in_cycling_total,total,5.112547811,Gt/yr,haas2020,observed
1937,in_cycling_total,total,5.12449889,Gt/yr,haas2020,observed
1938,in_cycling_total,total,5.151123127,Gt/yr,haas2020,observed
1939,in_cycling_total,total,5.195991701,Gt/yr,haas2020,observed
1940,in_cycling_total,total,5.254547005,Gt/yr,haas2020,observed
1941,in_cycling_total,total,5.343765966,Gt/yr,haas2020,observed
1942,in_cycling_total,total,5.461371028,Gt/yr,haas2020,observed
1943,in_cycling_total,total,5.572907127,Gt/yr,haas2020,observed
1944,in_cycling_total,total,5.665884055,Gt/yr,haas2020,observed
1945,in_cycling_total,total,5.771730902,Gt/yr,haas2020,observed
1946,in_cycling_total,total,5.81380721,Gt/yr,haas2020,observed
1947,in_cycling_total,total,5.899821476,Gt/yr,haas2020,observed
1948,in_cycling_total,total,6.009693424,Gt/yr,haas2020,observed
1949,in_cycling_total,total,6.127398807,Gt/yr,haas2020,observed
1950,in_cycling_total,total,6.175801975,Gt/yr,haas2020,observed
1951,in_cycling_total,total,6.45005084,Gt/yr,haas2020,observed
1952,in_cycling_total,total,6.617877575,Gt/yr,haas2020,observed
1953,in_cycling_total,total,6.735944195,Gt/yr,haas2020,observed
1954,in_cycling_total,total,6.831981622,Gt/yr,haas2020,observed
1955,in_cycling_total,total,6.885278123,Gt/yr,haas2020,observed
1956,in_cycling_total,total,6.902321118,Gt/yr,haas2020,observed
1957,in_cycling_total,total,6.89767654,Gt/yr,haas2020,observed
1958,in_cycling_total,total,6.90633645,Gt/yr,haas2020,observed
1959,in_cycling_total,total,6.917500734,Gt/yr,haas2020,observed
1960,in_cycling_total,total,6.966728312,Gt/yr,haas2020,observed
1961,in_cycling_total,total,6.99501388,Gt/yr,haas2020,observed
1962,in_cycling_total,total,7.129936158,Gt/yr,haas2020,observed
1963,in_cycling_total,total,7.37258837,Gt/yr,haas2020,observed
1964,in_cycling_total,total,7.904266972,Gt/yr,haas2020,observed
1965,in_cycling_total,total,8.25292571,Gt/yr,haas2020,observed
1966,in_cycling_total,total,8.813739446,Gt/yr,haas2020,observed
1967,in_cycling_total,total,9.174706697,Gt/yr,haas2020,observed
1968,in_cycling_total,total,9.3482524,Gt/yr,haas2020,observed
1969,in_cycling_total,total,9.35854233,Gt/yr,haas2020,observed
1970,in_cycling_total,total,9.580489642,Gt/yr,haas2020,observed
1971,in_cycling_total,total,10.0080966,Gt/yr,haas2020,observed
1972,in_cycling_total,total,10.1351118,Gt/yr,haas2020,observed
1973,in_cycling_total,total,10.6810724,Gt/yr,haas2020,observed
1974,in_cycling_total,total,10.96661543,Gt/yr,haas2020,observed
1975,in_cycling_total,total,11.12695458,Gt/yr,haas2020,observed
1976,in_cycling_total,total,11.57197885,Gt/yr,haas2020,observed
1977,in_cycling_total,total,11.79445129,Gt/yr,haas2020,observed
1978,in_cycling_total,total,12.35779367,Gt/yr,haas2020,observed
1979,in_cycling_total,total,12.55856161,Gt/yr,haas2020,observed
1980,in_cycling_total,total,12.72126038,Gt/yr,haas2020,observed
1981,in_cycling_total,total,13.20780198,Gt/yr,haas2020,observed
1982,in_cycling_total,total,13.58095412,Gt/yr,haas2020,observed
1983,in_cycling_total,total,13.46031845,Gt/yr,haas2020,observed
1984,in_cycling_total,total,13.95661672,Gt/yr,haas2020,observed
1985,in_cycling_total,total,14.19204759,Gt/yr,haas2020,observed
1986,in_cycling_total,total,14.3179591,Gt/yr,haas2020,observed
1987,in_cycling_total,total,14.36821057,Gt/yr,haas2020,observed
1988,in_cycling_total,total,14.51979334,Gt/yr,haas2020,observed
1989,in_cycling_total,total,15.05818251,Gt/yr,haas2020,observed
1990,in_cycling_total,total,14.88170441,Gt/yr,haas2020,observed
1991,in_cycling_total,total,14.56047691,Gt/yr,haas2020,observed
1992,in_cycling_total,total,14.59324443,Gt/yr,haas2020,observed
1993,in_cycling_total,total,14.26751588,Gt/yr,haas2020,observed
1994,in_cycling_total,total,14.52117555,Gt/yr,haas2020,observed
1995,in_cycling_total,total,14.68676398,Gt/yr,haas2020,observed
1996,in_cycling_total,total,15.29709004,Gt/yr,haas2020,observed
1997,in_cycling_total,total,14.06126569,Gt/yr,haas2020,observed
1998,in_cycling_total,total,15.79901699,Gt/yr,haas2020,observed
1999,in_cycling_total,total,16.23145759,Gt/yr,haas2020,observed
2000,in_cycling_total,total,16.65333598,Gt/yr,haas2020,observed
2001,in_cycling_total,total,16.9094416,Gt/yr,haas2020,observed
2002,in_cycling_total,total,16.98959623,Gt/yr,haas2020,observed
2003,in_cycling_total,total,17.6972485,Gt/yr,haas2020,observed
2004,in_cycling_total,total,18.41272444,Gt/yr,haas2020,observed
2005,in_cycling_total,total,18.9677215,Gt/yr,haas2020,observed
2006,in_cycling_total,total,19.18623691,Gt/yr,haas2020,observed
2007,in_cycling_total,total,20.78675978,Gt/yr,haas2020,observed
2008,in_cycling_total,total,21.59865533,Gt/yr,haas2020,observed
2009,in_cycling_total,total,21.55888504,Gt/yr,haas2020,observed
2010,in_cycling_total,total,22.38534553,Gt/yr,haas2020,observed
2011,in_cycling_total,total,23.21998758,Gt/yr,haas2020,observed
2012,in_cycling_total,total,23.70739466,Gt/yr,haas2020,observed
2013,in_cycling_total,total,24.86072647,Gt/yr,haas2020,observed
2014,in_cycling_total,total,25.21906102,Gt/yr,haas2020,observed
2015,in_cycling_total,total,25.39709908,Gt/yr,haas2020,observed
1900,in_ecological_cycling,total,3.004811113,Gt/yr,haas2020,observed
1901,in_ecological_cycling,total,3.049883777,Gt/yr,haas2020,observed
1902,in_ecological_cycling,total,3.09890539,Gt/yr,haas2020,observed
1903,in_ecological_cycling,total,3.15133259,Gt/yr,haas2020,observed
1904,in_ecological_cycling,total,3.193603978,Gt/yr,haas2020,observed
1905,in_ecological_cycling,total,3.24945653,Gt/yr,haas2020,observed
1906,in_ecological_cycling,total,3.301935369,Gt/yr,haas2020,observed
1907,in_ecological_cycling,total,3.35782836,Gt/yr,haas2020,observed
1908,in_ecological_cycling,total,3.410343019,Gt/yr,haas2020,observed
1909,in_ecological_cycling,total,3.46627409,Gt/yr,haas2020,observed
1910,in_ecological_cycling,total,3.522224177,Gt/yr,haas2020,observed
1911,in_ecological_cycling,total,3.606259242,Gt/yr,haas2020,observed
1912,in_ecological_cycling,total,3.697124035,Gt/yr,haas2020,observed
1913,in_ecological_cycling,total,3.788014176,Gt/yr,haas2020,observed
1914,in_ecological_cycling,total,3.902766585,Gt/yr,haas2020,observed
1915,in_ecological_cycling,total,3.993710927,Gt/yr,haas2020,observed
1916,in_ecological_cycling,total,4.074456712,Gt/yr,haas2020,observed
1917,in_ecological_cycling,total,4.131364046,Gt/yr,haas2020,observed
1918,in_ecological_cycling,total,4.178050363,Gt/yr,haas2020,observed
1919,in_ecological_cycling,total,4.204279799,Gt/yr,haas2020,observed
1920,in_ecological_cycling,total,4.230500224,Gt/yr,haas2020,observed
1921,in_ecological_cycling,total,4.256711923,Gt/yr,haas2020,observed
1922,in_ecological_cycling,total,4.286326966,Gt/yr,haas2020,observed
1923,in_ecological_cycling,total,4.332997906,Gt/yr,haas2020,observed
1924,in_ecological_cycling,total,4.383082667,Gt/yr,haas2020,observed
1925,in_ecological_cycling,total,4.44682514,Gt/yr,haas2020,observed
1926,in_ecological_cycling,total,4.507160363,Gt/yr,haas2020,observed
1927,in_ecological_cycling,total,4.577747276,Gt/yr,haas2020,observed
1928,in_ecological_cycling,total,4.655175675,Gt/yr,haas2020,observed
1929,in_ecological_cycling,total,4.72919937,Gt/yr,haas2020,observed
1930,in_ecological_cycling,total,4.772478313,Gt/yr,haas2020,observed
1931,in_ecological_cycling,total,4.765593503,Gt/yr,haas2020,observed
1932,in_ecological_cycling,total,4.765534697,Gt/yr,haas2020,observed
1933,in_ecological_cycling,total,4.741536657,Gt/yr,haas2020,observed
1934,in_ecological_cycling,total,4.710685348,Gt/yr,haas2020,observed
1935,in_ecological_cycling,total,4.703755142,Gt/yr,haas2020,observed
1936,in_ecological_cycling,total,4.700235404,Gt/yr,haas2020,observed
1937,in_ecological_cycling,total,4.710389493,Gt/yr,haas2020,observed
1938,in_ecological_cycling,total,4.734223071,Gt/yr,haas2020,observed
1939,in_ecological_cycling,total,4.775163188,Gt/yr,haas2020,observed
1940,in_ecological_cycling,total,4.833216602,Gt/yr,haas2020,observed
1941,in_ecological_cycling,total,4.91865714,Gt/yr,haas2020,observed
1942,in_ecological_cycling,total,5.03491806,Gt/yr,haas2020,observed
1943,in_ecological_cycling,total,5.144354764,Gt/yr,haas2020,observed
1944,in_ecological_cycling,total,5.236693171,Gt/yr,haas2020,observed
1945,in_ecological_cycling,total,5.339267229,Gt/yr,haas2020,observed
1946,in_ecological_cycling,total,5.380322075,Gt/yr,haas2020,observed
1947,in_ecological_cycling,total,5.465851799,Gt/yr,haas2020,observed
1948,in_ecological_cycling,total,5.571947146,Gt/yr,haas2020,observed
1949,in_ecological_cycling,total,5.688337855,Gt/yr,haas2020,observed
1950,in_ecological_cycling,total,5.734963229,Gt/yr,haas2020,observed
1951,in_ecological_cycling,total,6.01077128,Gt/yr,haas2020,observed
1952,in_ecological_cycling,total,6.179318687,Gt/yr,haas2020,observed
1953,in_ecological_cycling,total,6.293046379,Gt/yr,haas2020,observed
1954,in_ecological_cycling,total,6.38962557,Gt/yr,haas2020,observed
1955,in_ecological_cycling,total,6.437970378,Gt/yr,haas2020,observed
1956,in_ecological_cycling,total,6.455171833,Gt/yr,haas2020,observed
1957,in_ecological_cycling,total,6.448040201,Gt/yr,haas2020,observed
1958,in_ecological_cycling,total,6.454546092,Gt/yr,haas2020,observed
1959,in_ecological_cycling,total,6.465369298,Gt/yr,haas2020,observed
1960,in_ecological_cycling,total,6.507141831,Gt/yr,haas2020,observed
1961,in_ecological_cycling,total,6.528493735,Gt/yr,haas2020,observed
1962,in_ecological_cycling,total,6.65879317,Gt/yr,haas2020,observed
1963,in_ecological_cycling,total,6.89722584,Gt/yr,haas2020,observed
1964,in_ecological_cycling,total,7.416862972,Gt/yr,haas2020,observed
1965,in_ecological_cycling,total,7.757733218,Gt/yr,haas2020,observed
1966,in_ecological_cycling,total,8.309013468,Gt/yr,haas2020,observed
1967,in_ecological_cycling,total,8.654071069,Gt/yr,haas2020,observed
1968,in_ecological_cycling,total,8.815070985,Gt/yr,haas2020,observed
1969,in_ecological_cycling,total,8.817308518,Gt/yr,haas2020,observed
1970,in_ecological_cycling,total,9.018856245,Gt/yr,haas2020,observed
1971,in_ecological_cycling,total,9.417123062,Gt/yr,haas2020,observed
1972,in_ecological_cycling,total,9.513029628,Gt/yr,haas2020,observed
1973,in_ecological_cycling,total,10.02772484,Gt/yr,haas2020,observed
1974,in_ecological_cycling,total,10.27568736,Gt/yr,haas2020,observed
1975,in_ecological_cycling,total,10.4081652,Gt/yr,haas2020,observed
1976,in_ecological_cycling,total,10.81711846,Gt/yr,haas2020,observed
1977,in_ecological_cycling,total,10.99361852,Gt/yr,haas2020,observed
1978,in_ecological_cycling,total,11.51263453,Gt/yr,haas2020,observed
1979,in_ecological_cycling,total,11.66776294,Gt/yr,haas2020,observed
1980,in_ecological_cycling,total,11.76804651,Gt/yr,haas2020,observed
1981,in_ecological_cycling,total,12.19188392,Gt/yr,haas2020,observed
1982,in_ecological_cycling,total,12.50557034,Gt/yr,haas2020,observed
1983,in_ecological_cycling,total,12.30660729,Gt/yr,haas2020,observed
1984,in_ecological_cycling,total,12.72550421,Gt/yr,haas2020,observed
1985,in_ecological_cycling,total,12.87915805,Gt/yr,haas2020,observed
1986,in_ecological_cycling,total,12.91694134,Gt/yr,haas2020,observed
1987,in_ecological_cycling,total,12.87374558,Gt/yr,haas2020,observed
1988,in_ecological_cycling,total,12.92019966,Gt/yr,haas2020,observed
1989,in_ecological_cycling,total,13.35279511,Gt/yr,haas2020,observed
1990,in_ecological_cycling,total,13.07700558,Gt/yr,haas2020,observed
1991,in_ecological_cycling,total,12.64232109,Gt/yr,haas2020,observed
1992,in_ecological_cycling,total,12.53353503,Gt/yr,haas2020,observed
1993,in_ecological_cycling,total,12.08253928,Gt/yr,haas2020,observed
1994,in_ecological_cycling,total,12.19499997,Gt/yr,haas2020,observed
1995,in_ecological_cycling,total,12.23481262,Gt/yr,haas2020,observed
1996,in_ecological_cycling,total,12.69991676,Gt/yr,haas2020,observed
1997,in_ecological_cycling,total,11.3264004,Gt/yr,haas2020,observed
1998,in_ecological_cycling,total,12.93264341,Gt/yr,haas2020,observed
1999,in_ecological_cycling,total,13.23818355,Gt/yr,haas2020,observed
2000,in_ecological_cycling,total,13.52005539,Gt/yr,haas2020,observed
2001,in_ecological_cycling,total,13.62747474,Gt/yr,haas2020,observed
2002,in_ecological_cycling,total,13.58141412,Gt/yr,haas2020,observed
2003,in_ecological_cycling,total,14.13837132,Gt/yr,haas2020,observed
2004,in_ecological_cycling,total,14.70328057,Gt/yr,haas2020,observed
2005,in_ecological_cycling,total,15.07400405,Gt/yr,haas2020,observed
2006,in_ecological_cycling,total,15.12648598,Gt/yr,haas2020,observed
2007,in_ecological_cycling,total,16.55163776,Gt/yr,haas2020,observed
2008,in_ecological_cycling,total,17.15605008,Gt/yr,haas2020,observed
2009,in_ecological_cycling,total,16.92813069,Gt/yr,haas2020,observed
2010,in_ecological_cycling,total,17.52533615,Gt/yr,haas2020,observed
2011,in_ecological_cycling,total,18.15906507,Gt/yr,haas2020,observed
2012,in_ecological_cycling,total,18.3846624,Gt/yr,haas2020,observed
2013,in_ecological_cycling,total,19.28270812,Gt/yr,haas2020,observed
2014,in_ecological_cycling,total,19.38309437,Gt/yr,haas2020,observed
2015,in_ecological_cycling,total,19.28465851,Gt/yr,haas2020,observed
1900,in_net_additions_to_stock,total,0.4511259652,Gt/yr,haas2020,observed
1901,in_net_additions_to_stock,total,0.4739743172,Gt/yr,haas2020,observed
1902,in_net_additions_to_stock,total,0.4790012713,Gt/yr,haas2020,observed
1903,in_net_additions_to_stock,total,0.4989736242,Gt/yr,haas2020,observed
1904,in_net_additions_to_stock,total,0.5056632024,Gt/yr,haas2020,observed
1905,in_net_additions_to_stock,total,0.5512542778,Gt/yr,haas2020,observed
1906,in_net_additions_to_stock,total,0.5573552722,Gt/yr,haas2020,observed
1907,in_net_additions_to_stock,total,0.5899928075,Gt/yr,haas2020,observed
1908,in_net_additions_to_stock,total,0.6034934961,Gt/yr,haas2020,observed
1909,in_net_additions_to_stock,total,0.6390888842,Gt/yr,haas2020,observed
1910,in_net_additions_to_stock,total,0.648267187,Gt/yr,haas2020,observed
1911,in_net_additions_to_stock,total,0.6440752328,Gt/yr,haas2020,observed
1912,in_net_additions_to_stock,total,0.6638755755,Gt/yr,haas2020,observed
1913,in_net_additions_to_stock,total,0.6889128876,Gt/yr,haas2020,observed
1914,in_net_additions_to_stock,total,0.6329430913,Gt/yr,haas2020,observed
1915,in_net_additions_to_stock,total,0.6007886147,Gt/yr,haas2020,observed
1916,in_net_additions_to_stock,total,0.6139369814,Gt/yr,haas2020,observed
1917,in_net_additions_to_stock,total,0.5735131321,Gt/yr,haas2020,observed
1918,in_net_additions_to_stock,total,0.5815397455,Gt/yr,haas2020,observed
1919,in_net_additions_to_stock,total,0.482727157,Gt/yr,haas2020,observed
1920,in_net_additions_to_stock,total,0.5533319394,Gt/yr,haas2020,observed
1921,in_net_additions_to_stock,total,0.5257663715,Gt/yr,haas2020,observed
1922,in_net_additions_to_stock,total,0.6297217836,Gt/yr,haas2020,observed
1923,in_net_additions_to_stock,total,0.6625590581,Gt/yr,haas2020,observed
1924,in_net_additions_to_stock,total,0.7486500738,Gt/yr,haas2020,observed
1925,in_net_additions_to_stock,total,0.811466469,Gt/yr,haas2020,observed
1926,in_net_additions_to_stock,total,0.8810562714,Gt/yr,haas2020,observed
1927,in_net_additions_to_stock,total,0.9608496514,Gt/yr,haas2020,observed
1928,in_net_additions_to_stock,total,0.9875897667,Gt/yr,haas2020,observed
1929,in_net_additions_to_stock,total,1.033712001,Gt/yr,haas2020,observed
1930,in_net_additions_to_stock,total,0.9971833866,Gt/yr,haas2020,observed
1931,in_net_additions_to_stock,total,0.9353733105,Gt/yr,haas2020,observed
1932,in_net_additions_to_stock,total,0.8261265569,Gt/yr,haas2020,observed
1933,in_net_additions_to_stock,total,0.8313840897,Gt/yr,haas2020,observed
1934,in_net_additions_to_stock,total,0.941211999,Gt/yr,haas2020,observed
1935,in_net_additions_to_stock,total,0.9894830914,Gt/yr,haas2020,observed
1936,in_net_additions_to_stock,total,1.046047071,Gt/yr,haas2020,observed
1937,in_net_additions_to_stock,total,1.243313767,Gt/yr,haas2020,observed
1938,in_net_additions_to_stock,total,1.254018609,Gt/yr,haas2020,observed
1939,in_net_additions_to_stock,total,1.323451088,Gt/yr,haas2020,observed
1940,in_net_additions_to_stock,total,1.313141785,Gt/yr,haas2020,observed
1941,in_net_additions_to_stock,total,1.383776886,Gt/yr,haas2020,observed
1942,in_net_additions_to_stock,total,1.34177319,Gt/yr,haas2020,observed
1943,in_net_additions_to_stock,total,1.320343544,Gt/yr,haas2020,observed
1944,in_net_additions_to_stock,total,1.268306331,Gt/yr,haas2020,observed
1945,in_net_additions_to_stock,total,1.231104681,Gt/yr,haas2020,observed
1946,in_net_additions_to_stock,total,1.437380447,Gt/yr,haas2020,observed
1947,in_net_additions_to_stock,total,1.665284042,Gt/yr,haas2020,observed
1948,in_net_additions_to_stock,total,1.861549864,Gt/yr,haas2020,observed
1949,in_net_additions_to_stock,total,2.048112683,Gt/yr,haas2020,observed
1950,in_net_additions_to_stock,total,2.338038173,Gt/yr,haas2020,observed
1951,in_net_additions_to_stock,total,2.59069388,Gt/yr,haas2020,observed
1952,in_net_additions_to_stock,total,2.800226261,Gt/yr,haas2020,observed
1953,in_net_additions_to_stock,total,2.975450177,Gt/yr,haas2020,observed
1954,in_net_additions_to_stock,total,3.250298761,Gt/yr,haas2020,observed
1955,in_net_additions_to_stock,total,3.433548748,Gt/yr,haas2020,observed
1956,in_net_additions_to_stock,total,3.754691247,Gt/yr,haas2020,observed
1957,in_net_additions_to_stock,total,3.958206606,Gt/yr,haas2020,observed
1958,in_net_additions_to_stock,total,4.164279264,Gt/yr,haas2020,observed
1959,in_net_additions_to_stock,total,4.492108172,Gt/yr,haas2020,observed
1960,in_net_additions_to_stock,total,4.842433042,Gt/yr,haas2020,observed
1961,in_net_additions_to_stock,total,5.138865497,Gt/yr,haas2020,observed
1962,in_net_additions_to_stock,total,5.464484655,Gt/yr,haas2020,observed
1963,in_net_additions_to_stock,total,5.822314855,Gt/yr,haas2020,observed
1964,in_net_additions_to_stock,total,6.37352424,Gt/yr,haas2020,observed
1965,in_net_additions_to_stock,total,6.728455959,Gt/yr,haas2020,observed
1966,in_net_additions_to_stock,total,7.320380847,Gt/yr,haas2020,observed
1967,in_net_additions_to_stock,total,7.358970364,Gt/yr,haas2020,observed
1968,in_net_additions_to_stock,total,7.968675722,Gt/yr,haas2020,observed
1969,in_net_additions_to_stock,total,8.283473019,Gt/yr,haas2020,observed
1970,in_net_additions_to_stock,total,9.072380424,Gt/yr,haas2020,observed
1971,in_net_additions_to_stock,total,9.173021533,Gt/yr,haas2020,observed
1972,in_net_additions_to_stock,total,10.41181802,Gt/yr,haas2020,observed
1973,in_net_additions_to_stock,total,10.74695054,Gt/yr,haas2020,observed
1974,in_net_additions_to_stock,total,10.92532883,Gt/yr,haas2020,observed
1975,in_net_additions_to_stock,total,10.45009121,Gt/yr,haas2020,observed
1976,in_net_additions_to_stock,total,10.42410011,Gt/yr,haas2020,observed
1977,in_net_additions_to_stock,total,10.65901787,Gt/yr,haas2020,observed
1978,in_net_additions_to_stock,total,11.13537693,Gt/yr,haas2020,observed
1979,in_net_additions_to_stock,total,11.44471906,Gt/yr,haas2020,observed
1980,in_net_additions_to_stock,total,11.31742761,Gt/yr,haas2020,observed
1981,in_net_additions_to_stock,total,10.6705243,Gt/yr,haas2020,observed
1982,in_net_additions_to_stock,total,10.31396097,Gt/yr,haas2020,observed
1983,in_net_additions_to_stock,total,10.34978205,Gt/yr,haas2020,observed
1984,in_net_additions_to_stock,total,10.84807272,Gt/yr,haas2020,observed
1985,in_net_additions_to_stock,total,10.92490034,Gt/yr,haas2020,observed
1986,in_net_additions_to_stock,total,11.37841299,Gt/yr,haas2020,observed
1987,in_net_additions_to_stock,total,11.91633184,Gt/yr,haas2020,observed
1988,in_net_additions_to_stock,total,12.89683928,Gt/yr,haas2020,observed
1989,in_net_additions_to_stock,total,12.3487113,Gt/yr,haas2020,observed
1990,in_net_additions_to_stock,total,12.24189857,Gt/yr,haas2020,observed
1991,in_net_additions_to_stock,total,13.39670526,Gt/yr,haas2020,observed
1992,in_net_additions_to_stock,total,13.34169478,Gt/yr,haas2020,observed
1993,in_net_additions_to_stock,total,14.73301797,Gt/yr,haas2020,observed
1994,in_net_additions_to_stock,total,15.4261161,Gt/yr,haas2020,observed
1995,in_net_additions_to_stock,total,17.2397689,Gt/yr,haas2020,observed
1996,in_net_additions_to_stock,total,17.08117934,Gt/yr,haas2020,observed
1997,in_net_additions_to_stock,total,17.46510395,Gt/yr,haas2020,observed
1998,in_net_additions_to_stock,total,18.18272254,Gt/yr,haas2020,observed
1999,in_net_additions_to_stock,total,18.49245601,Gt/yr,haas2020,observed
2000,in_net_additions_to_stock,total,18.81823731,Gt/yr,haas2020,observed
2001,in_net_additions_to_stock,total,18.6196639,Gt/yr,haas2020,observed
2002,in_net_additions_to_stock,total,18.69600416,Gt/yr,haas2020,observed
2003,in_net_additions_to_stock,total,20.19522952,Gt/yr,haas2020,observed
2004,in_net_additions_to_stock,total,21.47208435,Gt/yr,haas2020,observed
2005,in_net_additions_to_stock,total,22.53283548,Gt/yr,haas2020,observed
2006,in_net_additions_to_stock,total,24.58444892,Gt/yr,haas2020,observed
2007,in_net_additions_to_stock,total,25.69718394,Gt/yr,haas2020,observed
2008,in_net_additions_to_stock,total,25.28429632,Gt/yr,haas2020,observed
2009,in_net_additions_to_stock,total,26.05250571,Gt/yr,haas2020,observed
2010,in_net_additions_to_stock,total,27.67973474,Gt/yr,haas2020,observed
2011,in_net_additions_to_stock,total,30.01574253,Gt/yr,haas2020,observed
2012,in_net_additions_to_stock,total,30.67218901,Gt/yr,haas2020,observed
2013,in_net_additions_to_stock,total,31.93970568,Gt/yr,haas2020,observed
2014,in_net_additions_to_stock,total,32.3234019,Gt/yr,haas2020,observed
2015,in_net_additions_to_stock,total,31.27333913,Gt/yr,haas2020,observed
1900,in_non_renewable_biomass,total,2.266787331,Gt/yr,haas2020,observed
1901,in_non_renewable_biomass,total,2.282177695,Gt/yr,haas2020,observed
1902,in_non_renewable_biomass,total,2.293619111,Gt/yr,haas2020,observed
1903,in_non_renewable_biomass,total,2.30165494,Gt/yr,haas2020,observed
1904,in_non_renewable_biomass,total,2.31984658,Gt/yr,haas2020,observed
1905,in_non_renewable_biomass,total,2.324457057,Gt/yr,haas2020,observed
1906,in_non_renewable_biomass,total,2.332441247,Gt/yr,haas2020,observed
1907,in_non_renewable_biomass,total,2.337011284,Gt/yr,haas2020,observed
1908,in_non_renewable_biomass,total,2.344959654,Gt/yr,haas2020,observed
1909,in_non_renewable_biomass,total,2.349491611,Gt/yr,haas2020,observed
1910,in_non_renewable_biomass,total,2.354004553,Gt/yr,haas2020,observed
1911,in_non_renewable_biomass,total,2.341048473,Gt/yr,haas2020,observed
1912,in_non_renewable_biomass,total,2.321262665,Gt/yr,haas2020,observed
1913,in_non_renewable_biomass,total,2.301451508,Gt/yr,haas2020,observed
1914,in_non_renewable_biomass,total,2.257778085,Gt/yr,haas2020,observed
1915,in_non_renewable_biomass,total,2.237912726,Gt/yr,haas2020,observed
1916,in_non_renewable_biomass,total,2.228245926,Gt/yr,haas2020,observed
1917,in_non_renewable_biomass,total,2.242417577,Gt/yr,haas2020,observed
1918,in_non_renewable_biomass,total,2.266810245,Gt/yr,haas2020,observed
1919,in_non_renewable_biomass,total,2.311659794,Gt/yr,haas2020,observed
1920,in_non_renewable_biomass,total,2.356518353,Gt/yr,haas2020,observed
1921,in_non_renewable_biomass,total,2.401385639,Gt/yr,haas2020,observed
1922,in_non_renewable_biomass,total,2.44284958,Gt/yr,haas2020,observed
1923,in_non_renewable_biomass,total,2.467257626,Gt/yr,haas2020,observed
1924,in_non_renewable_biomass,total,2.488251849,Gt/yr,haas2020,observed
1925,in_non_renewable_biomass,total,2.495588361,Gt/yr,haas2020,observed
1926,in_non_renewable_biomass,total,2.506332123,Gt/yr,haas2020,observed
1927,in_non_renewable_biomass,total,2.506824194,Gt/yr,haas2020,observed
1928,in_non_renewable_biomass,total,2.50047478,Gt/yr,haas2020,observed
1929,in_non_renewable_biomass,total,2.49753007,Gt/yr,haas2020,observed
1930,in_non_renewable_biomass,total,2.525330111,Gt/yr,haas2020,observed
1931,in_non_renewable_biomass,total,2.576964731,Gt/yr,haas2020,observed
1932,in_non_renewable_biomass,total,2.621773346,Gt/yr,haas2020,observed
1933,in_non_renewable_biomass,total,2.690521196,Gt/yr,haas2020,observed
1934,in_non_renewable_biomass,total,2.766122314,Gt/yr,haas2020,observed
1935,in_non_renewable_biomass,total,2.81780233,Gt/yr,haas2020,observed
1936,in_non_renewable_biomass,total,2.866071877,Gt/yr,haas2020,observed
1937,in_non_renewable_biomass,total,2.900667597,Gt/yr,haas2020,observed
1938,in_non_renewable_biomass,total,2.921583828,Gt/yr,haas2020,observed
1939,in_non_renewable_biomass,total,2.925393521,Gt/yr,haas2020,observed
1940,in_non_renewable_biomass,total,2.912089916,Gt/yr,haas2020,observed
1941,in_non_renewable_biomass,total,2.871399188,Gt/yr,haas2020,observed
1942,in_non_renewable_biomass,total,2.799888077,Gt/yr,haas2020,observed
1943,in_non_renewable_biomass,total,2.735201183,Gt/yr,haas2020,observed
1944,in_non_renewable_biomass,total,2.687612585,Gt/yr,haas2020,observed
1945,in_non_renewable_biomass,total,2.629788337,Gt/yr,haas2020,observed
1946,in_non_renewable_biomass,total,2.6334833,Gt/yr,haas2020,observed
1947,in_non_renewable_biomass,total,2.592703386,Gt/yr,haas2020,observed
1948,in_non_renewable_biomass,total,2.531357848,Gt/yr,haas2020,observed
1949,in_non_renewable_biomass,total,2.459716948,Gt/yr,haas2020,observed
1950,in_non_renewable_biomass,total,2.457841384,Gt/yr,haas2020,observed
1951,in_non_renewable_biomass,total,2.298492072,Gt/yr,haas2020,observed
1952,in_non_renewable_biomass,total,2.246403406,Gt/yr,haas2020,observed
1953,in_non_renewable_biomass,total,2.249134454,Gt/yr,haas2020,observed
1954,in_non_renewable_biomass,total,2.269014004,Gt/yr,haas2020,observed
1955,in_non_renewable_biomass,total,2.337127936,Gt/yr,haas2020,observed
1956,in_non_renewable_biomass,total,2.436385221,Gt/yr,haas2020,observed
1957,in_non_renewable_biomass,total,2.559975593,Gt/yr,haas2020,observed
1958,in_non_renewable_biomass,total,2.669928442,Gt/yr,haas2020,observed
1959,in_non_renewable_biomass,total,2.775563977,Gt/yr,haas2020,observed
1960,in_non_renewable_biomass,total,2.850250184,Gt/yr,haas2020,observed
1961,in_non_renewable_biomass,total,2.94535702,Gt/yr,haas2020,observed
1962,in_non_renewable_biomass,total,2.957684085,Gt/yr,haas2020,observed
1963,in_non_renewable_biomass,total,2.840074146,Gt/yr,haas2020,observed
1964,in_non_renewable_biomass,total,2.703002014,Gt/yr,haas2020,observed
1965,in_non_renewable_biomass,total,2.544175647,Gt/yr,haas2020,observed
1966,in_non_renewable_biomass,total,2.377131097,Gt/yr,haas2020,observed
1967,in_non_renewable_biomass,total,2.327715274,Gt/yr,haas2020,observed
1968,in_non_renewable_biomass,total,2.368416239,Gt/yr,haas2020,observed
1969,in_non_renewable_biomass,total,2.471544096,Gt/yr,haas2020,observed
1970,in_non_renewable_biomass,total,2.554649935,Gt/yr,haas2020,observed
1971,in_non_renewable_biomass,total,2.50294896,Gt/yr,haas2020,observed
1972,in_non_renewable_biomass,total,2.399829058,Gt/yr,haas2020,observed
1973,in_non_renewable_biomass,total,2.361828103,Gt/yr,haas2020,observed
1974,in_non_renewable_biomass,total,2.244380141,Gt/yr,haas2020,observed
1975,in_non_renewable_biomass,total,2.190620359,Gt/yr,haas2020,observed
1976,in_non_renewable_biomass,total,2.152870625,Gt/yr,haas2020,observed
1977,in_non_renewable_biomass,total,2.09163493,Gt/yr,haas2020,observed
1978,in_non_renewable_biomass,total,1.944077866,Gt/yr,haas2020,observed
1979,in_non_renewable_biomass,total,1.849423664,Gt/yr,haas2020,observed
1980,in_non_renewable_biomass,total,1.749990996,Gt/yr,haas2020,observed
1981,in_non_renewable_biomass,total,1.701309784,Gt/yr,haas2020,observed
1982,in_non_renewable_biomass,total,1.683451918,Gt/yr,haas2020,observed
1983,in_non_renewable_biomass,total,1.840817511,Gt/yr,haas2020,observed
1984,in_non_renewable_biomass,total,1.965038084,Gt/yr,haas2020,observed
1985,in_non_renewable_biomass,total,2.02026159,Gt/yr,haas2020,observed
1986,in_non_renewable_biomass,total,2.147899951,Gt/yr,haas2020,observed
1987,in_non_renewable_biomass,total,2.281259304,Gt/yr,haas2020,observed
1988,in_non_renewable_biomass,total,2.293001584,Gt/yr,haas2020,observed
1989,in_non_renewable_biomass,total,2.388895054,Gt/yr,haas2020,observed
1990,in_non_renewable_biomass,total,2.96896239,Gt/yr,haas2020,observed
1991,in_non_renewable_biomass,total,3.297692763,Gt/yr,haas2020,observed
1992,in_non_renewable_biomass,total,3.614319368,Gt/yr,haas2020,observed
1993,in_non_renewable_biomass,total,3.794197706,Gt/yr,haas2020,observed
1994,in_non_renewable_biomass,total,3.911036303,Gt/yr,haas2020,observed
1995,in_non_renewable_biomass,total,3.982636278,Gt/yr,haas2020,observed
1996,in_non_renewable_biomass,total,3.983374117,Gt/yr,haas2020,observed
1997,in_non_renewable_biomass,total,5.426576709,Gt/yr,haas2020,observed
1998,in_non_renewable_biomass,total,3.865780443,Gt/yr,haas2020,observed
1999,in_non_renewable_biomass,total,3.802702484,Gt/yr,haas2020,observed
2000,in_non_renewable_biomass,total,3.620493099,Gt/yr,haas2020,observed
2001,in_non_renewable_biomass,total,3.593817192,Gt/yr,haas2020,observed
2002,in_non_renewable_biomass,total,3.837613503,Gt/yr,haas2020,observed
2003,in_non_renewable_biomass,total,3.594378617,Gt/yr,haas2020,observed
2004,in_non_renewable_biomass,total,3.677016222,Gt/yr,haas2020,observed
2005,in_non_renewable_biomass,total,3.614781962,Gt/yr,haas2020,observed
2006,in_non_renewable_biomass,total,3.903359449,Gt/yr,haas2020,observed
2007,in_non_renewable_biomass,total,3.187967743,Gt/yr,haas2020,observed
2008,in_non_renewable_biomass,total,3.227641151,Gt/yr,haas2020,observed
2009,in_non_renewable_biomass,total,3.488373449,Gt/yr,haas2020,observed
2010,in_non_renewable_biomass,total,3.291495281,Gt/yr,haas2020,observed
2011,in_non_renewable_biomass,total,3.183513607,Gt/yr,haas2020,observed
2012,in_non_renewable_biomass,total,3.155162476,Gt/yr,haas2020,observed
2013,in_non_renewable_biomass,total,2.968023886,Gt/yr,haas2020,observed
2014,in_non_renewable_biomass,total,3.138936369,Gt/yr,haas2020,observed
2015,in_non_renewable_biomass,total,3.397776387,Gt/yr,haas2020,observed
1900,in_not_recycled,total,0.5944248048,Gt/yr,haas2020,observed
1901,in_not_recycled,total,0.6054694025,Gt/yr,haas2020,observed
1902,in_not_recycled,total,0.6169139907,Gt/yr,haas2020,observed
1903,in_not_recycled,total,0.6296544311,Gt/yr,haas2020,observed
1904,in_not_recycled,total,0.6389463176,Gt/yr,haas2020,observed
1905,in_not_recycled,total,0.6622543575,Gt/yr,haas2020,observed
1906,in_not_recycled,total,0.6688086479,Gt/yr,haas2020,observed
1907,in_not_recycled,total,0.6994948744,Gt/yr,haas2020,observed
1908,in_not_recycled,total,0.7041159615,Gt/yr,haas2020,observed
1909,in_not_recycled,total,0.7302803616,Gt/yr,haas2020,observed
1910,in_not_recycled,total,0.7553263932,Gt/yr,haas2020,observed
1911,in_not_recycled,total,0.7683933476,Gt/yr,haas2020,observed
1912,in_not_recycled,total,0.7993873519,Gt/yr,haas2020,observed
1913,in_not_recycled,total,0.8308628485,Gt/yr,haas2020,observed
1914,in_not_recycled,total,0.7957607657,Gt/yr,haas2020,observed
1915,in_not_recycled,total,0.8038411925,Gt/yr,haas2020,observed
1916,in_not_recycled,total,0.8419438349,Gt/yr,haas2020,observed
1917,in_not_recycled,total,0.8498739308,Gt/yr,haas2020,observed
1918,in_not_recycled,total,0.8414469539,Gt/yr,haas2020,observed
1919,in_not_recycled,total,0.8077588647,Gt/yr,haas2020,observed
1920,in_not_recycled,total,0.830270613,Gt/yr,haas2020,observed
1921,in_not_recycled,total,0.7821615957,Gt/yr,haas2020,observed
1922,in_not_recycled,total,0.850017703,Gt/yr,haas2020,observed
1923,in_not_recycled,total,0.9050344702,Gt/yr,haas2020,observed
1924,in_not_recycled,total,0.9419977044,Gt/yr,haas2020,observed
1925,in_not_recycled,total,0.9968419381,Gt/yr,haas2020,observed
1926,in_not_recycled,total,1.01905875,Gt/yr,haas2020,observed
1927,in_not_recycled,total,1.055715049,Gt/yr,haas2020,observed
1928,in_not_recycled,total,1.102421389,Gt/yr,haas2020,observed
1929,in_not_recycled,total,1.155106207,Gt/yr,haas2020,observed
1930,in_not_recycled,total,1.13211496,Gt/yr,haas2020,observed
1931,in_not_recycled,total,1.067598567,Gt/yr,haas2020,observed
1932,in_not_recycled,total,0.9965050014,Gt/yr,haas2020,observed
1933,in_not_recycled,total,1.03535646,Gt/yr,haas2020,observed
1934,in_not_recycled,total,1.112912814,Gt/yr,haas2020,observed
1935,in_not_recycled,total,1.170694084,Gt/yr,haas2020,observed
1936,in_not_recycled,total,1.247455155,Gt/yr,haas2020,observed
1937,in_not_recycled,total,1.35689121,Gt/yr,haas2020,observed
1938,in_not_recycled,total,1.31149696,Gt/yr,haas2020,observed
1939,in_not_recycled,total,1.382214849,Gt/yr,haas2020,observed
1940,in_not_recycled,total,1.445903038,Gt/yr,haas2020,observed
1941,in_not_recycled,total,1.492171245,Gt/yr,haas2020,observed
1942,in_not_recycled,total,1.480054868,Gt/yr,haas2020,observed
1943,in_not_recycled,total,1.510468774,Gt/yr,haas2020,observed
1944,in_not_recycled,total,1.462578974,Gt/yr,haas2020,observed
1945,in_not_recycled,total,1.411456822,Gt/yr,haas2020,observed
1946,in_not_recycled,total,1.431943799,Gt/yr,haas2020,observed
1947,in_not_recycled,total,1.532732981,Gt/yr,haas2020,observed
1948,in_not_recycled,total,1.630252576,Gt/yr,haas2020,observed
1949,in_not_recycled,total,1.662814897,Gt/yr,haas2020,observed
1950,in_not_recycled,total,1.755770394,Gt/yr,haas2020,observed
1951,in_not_recycled,total,1.857468774,Gt/yr,haas2020,observed
1952,in_not_recycled,total,1.926803475,Gt/yr,haas2020,observed
1953,in_not_recycled,total,2.021933346,Gt/yr,haas2020,observed
1954,in_not_recycled,total,2.127079277,Gt/yr,haas2020,observed
1955,in_not_recycled,total,2.210604412,Gt/yr,haas2020,observed
1956,in_not_recycled,total,2.323952862,Gt/yr,haas2020,observed
1957,in_not_recycled,total,2.420490025,Gt/yr,haas2020,observed
1958,in_not_recycled,total,2.43233315,Gt/yr,haas2020,observed
1959,in_not_recycled,total,2.583179285,Gt/yr,haas2020,observed
1960,in_not_recycled,total,2.750683391,Gt/yr,haas2020,observed
1961,in_not_recycled,total,2.840552271,Gt/yr,haas2020,observed
1962,in_not_recycled,total,2.964591414,Gt/yr,haas2020,observed
1963,in_not_recycled,total,3.141018507,Gt/yr,haas2020,observed
1964,in_not_recycled,total,3.306303051,Gt/yr,haas2020,observed
1965,in_not_recycled,total,3.456523453,Gt/yr,haas2020,observed
1966,in_not_recycled,total,3.614767676,Gt/yr,haas2020,observed
1967,in_not_recycled,total,3.770979952,Gt/yr,haas2020,observed
1968,in_not_recycled,total,3.967499283,Gt/yr,haas2020,observed
1969,in_not_recycled,total,4.173965724,Gt/yr,haas2020,observed
1970,in_not_recycled,total,4.448910929,Gt/yr,haas2020,observed
1971,in_not_recycled,total,4.620727911,Gt/yr,haas2020,observed
1972,in_not_recycled,total,4.834735569,Gt/yr,haas2020,observed
1973,in_not_recycled,total,5.069267396,Gt/yr,haas2020,observed
1974,in_not_recycled,total,5.327396283,Gt/yr,haas2020,observed
1975,in_not_recycled,total,5.511792774,Gt/yr,haas2020,observed
1976,in_not_recycled,total,5.689898577,Gt/yr,haas2020,observed
1977,in_not_recycled,total,5.839507482,Gt/yr,haas2020,observed
1978,in_not_recycled,total,6.064820386,Gt/yr,haas2020,observed
1979,in_not_recycled,total,6.246759347,Gt/yr,haas2020,observed
1980,in_not_recycled,total,6.457673147,Gt/yr,haas2020,observed
1981,in_not_recycled,total,6.551750553,Gt/yr,haas2020,observed
1982,in_not_recycled,total,6.61836064,Gt/yr,haas2020,observed
1983,in_not_recycled,total,6.700848253,Gt/yr,haas2020,observed
1984,in_not_recycled,total,7.062589778,Gt/yr,haas2020,observed
1985,in_not_recycled,total,7.287810418,Gt/yr,haas2020,observed
1986,in_not_recycled,total,7.455147191,Gt/yr,haas2020,observed
1987,in_not_recycled,total,7.748841733,Gt/yr,haas2020,observed
1988,in_not_recycled,total,8.238267531,Gt/yr,haas2020,observed
1989,in_not_recycled,total,8.458898286,Gt/yr,haas2020,observed
1990,in_not_recycled,total,8.65656606,Gt/yr,haas2020,observed
1991,in_not_recycled,total,8.756796237,Gt/yr,haas2020,observed
1992,in_not_recycled,total,8.886382635,Gt/yr,haas2020,observed
1993,in_not_recycled,total,9.165699637,Gt/yr,haas2020,observed
1994,in_not_recycled,total,9.459636628,Gt/yr,haas2020,observed
1995,in_not_recycled,total,10.27306434,Gt/yr,haas2020,observed
1996,in_not_recycled,total,10.52725758,Gt/yr,haas2020,observed
1997,in_not_recycled,total,10.65616388,Gt/yr,haas2020,observed
1998,in_not_recycled,total,11.10306059,Gt/yr,haas2020,observed
1999,in_not_recycled,total,11.46787926,Gt/yr,haas2020,observed
2000,in_not_recycled,total,11.71854503,Gt/yr,haas2020,observed
2001,in_not_recycled,total,11.96052819,Gt/yr,haas2020,observed
2002,in_not_recycled,total,12.22290335,Gt/yr,haas2020,observed
2003,in_not_recycled,total,12.62150404,Gt/yr,haas2020,observed
2004,in_not_recycled,total,13.09244159,Gt/yr,haas2020,observed
2005,in_not_recycled,total,13.89085308,Gt/yr,haas2020,observed
2006,in_not_recycled,total,14.57377247,Gt/yr,haas2020,observed
2007,in_not_recycled,total,15.38041112,Gt/yr,haas2020,observed
2008,in_not_recycled,total,15.95109516,Gt/yr,haas2020,observed
2009,in_not_recycled,total,16.53826604,Gt/yr,haas2020,observed
2010,in_not_recycled,total,17.33625942,Gt/yr,haas2020,observed
2011,in_not_recycled,total,18.49925673,Gt/yr,haas2020,observed
2012,in_not_recycled,total,19.09736984,Gt/yr,haas2020,observed
2013,in_not_recycled,total,19.9217403,Gt/yr,haas2020,observed
2014,in_not_recycled,total,20.65440493,Gt/yr,haas2020,observed
2015,in_not_recycled,total,21.19224324,Gt/yr,haas2020,observed
1900,in_processed_materials,total,7.562158994,Gt/yr,haas2020,observed
1901,in_processed_materials,total,7.686335867,Gt/yr,haas2020,observed
1902,in_processed_materials,total,7.790155792,Gt/yr,haas2020,observed
1903,in_processed_materials,total,7.983983996,Gt/yr,haas2020,observed
1904,in_processed_materials,total,8.076625198,Gt/yr,haas2020,observed
1905,in_processed_materials,total,8.273603773,Gt/yr,haas2020,observed
1906,in_processed_materials,total,8.443087807,Gt/yr,haas2020,observed
1907,in_processed_materials,total,8.704545906,Gt/yr,haas2020,observed
1908,in_processed_materials,total,8.723291079,Gt/yr,haas2020,observed
1909,in_processed_materials,total,8.907251356,Gt/yr,haas2020,observed
1910,in_processed_materials,total,9.070872924,Gt/yr,haas2020,observed
1911,in_processed_materials,total,9.184150935,Gt/yr,haas2020,observed
1912,in_processed_materials,total,9.392569921,Gt/yr,haas2020,observed
1913,in_processed_materials,total,9.639078227,Gt/yr,haas2020,observed
1914,in_processed_materials,total,9.451995048,Gt/yr,haas2020,observed
1915,in_processed_materials,total,9.486919205,Gt/yr,haas2020,observed
1916,in_processed_materials,total,9.730804166,Gt/yr,haas2020,observed
1917,in_processed_materials,total,9.864582783,Gt/yr,haas2020,observed
1918,in_processed_materials,total,9.915135242,Gt/yr,haas2020,observed
1919,in_processed_materials,total,9.658477785,Gt/yr,haas2020,observed
1920,in_processed_materials,total,10.05458235,Gt/yr,haas2020,observed
1921,in_processed_materials,total,9.802555282,Gt/yr,haas2020,observed
1922,in_processed_materials,total,10.14719458,Gt/yr,haas2020,observed
1923,in_processed_materials,total,10.52390542,Gt/yr,haas2020,observed
1924,in_processed_materials,total,10.70418897,Gt/yr,haas2020,observed
1925,in_processed_materials,total,10.9033414,Gt/yr,haas2020,observed
1926,in_processed_materials,total,11.06782441,Gt/yr,haas2020,observed
1927,in_processed_materials,total,11.37647944,Gt/yr,haas2020,observed
1928,in_processed_materials,total,11.68375137,Gt/yr,haas2020,observed
1929,in_processed_materials,total,11.85156183,Gt/yr,haas2020,observed
1930,in_processed_materials,total,11.70495244,Gt/yr,haas2020,observed
1931,in_processed_materials,total,11.41900587,Gt/yr,haas2020,observed
1932,in_processed_materials,total,11.11688522,Gt/yr,haas2020,observed
1933,in_processed_materials,total,11.28743353,Gt/yr,haas2020,observed
1934,in_processed_materials,total,11.66470727,Gt/yr,haas2020,observed
1935,in_processed_materials,total,11.90961842,Gt/yr,haas2020,observed
1936,in_processed_materials,total,12.26377246,Gt/yr,haas2020,observed
1937,in_processed_materials,total,12.74778084,Gt/yr,haas2020,observed
1938,in_processed_materials,total,12.57985612,Gt/yr,haas2020,observed
1939,in_processed_materials,total,12.95804666,Gt/yr,haas2020,observed
1940,in_processed_materials,total,13.2673928,Gt/yr,haas2020,observed
1941,in_processed_materials,total,13.50911174,Gt/yr,haas2020,observed
1942,in_processed_materials,total,13.52415604,Gt/yr,haas2020,observed
1943,in_processed_materials,total,13.65161528,Gt/yr,haas2020,observed
1944,in_processed_materials,total,13.57935984,Gt/yr,haas2020,observed
1945,in_processed_materials,total,13.07542079,Gt/yr,haas2020,observed
1946,in_processed_materials,total,13.4869199,Gt/yr,haas2020,observed
1947,in_processed_materials,total,14.12801924,Gt/yr,haas2020,observed
1948,in_processed_materials,total,14.59145235,Gt/yr,haas2020,observed
1949,in_processed_materials,total,14.77034583,Gt/yr,haas2020,observed
1950,in_processed_materials,total,15.4302956,Gt/yr,haas2020,observed
1951,in_processed_materials,total,16.07850591,Gt/yr,haas2020,observed
1952,in_processed_materials,total,16.51888442,Gt/yr,haas2020,observed
1953,in_processed_materials,total,16.95283209,Gt/yr,haas2020,observed
1954,in_processed_materials,total,17.49603479,Gt/yr,haas2020,observed
1955,in_processed_materials,total,18.15324234,Gt/yr,haas2020,observed
1956,in_processed_materials,total,18.90268826,Gt/yr,haas2020,observed
1957,in_processed_materials,total,19.46698323,Gt/yr,haas2020,observed
1958,in_processed_materials,total,19.98705954,Gt/yr,haas2020,observed
1959,in_processed_materials,total,20.7933839,Gt/yr,haas2020,observed
1960,in_processed_materials,total,21.73338112,Gt/yr,haas2020,observed
1961,in_processed_materials,total,22.29244151,Gt/yr,haas2020,observed
1962,in_processed_materials,total,23.14909551,Gt/yr,haas2020,observed
1963,in_processed_materials,total,24.16518476,Gt/yr,haas2020,observed
1964,in_processed_materials,total,25.53954818,Gt/yr,haas2020,observed
1965,in_processed_materials,total,26.12312259,Gt/yr,haas2020,observed
1966,in_processed_materials,total,27.49127076,Gt/yr,haas2020,observed
1967,in_processed_materials,total,28.02361702,Gt/yr,haas2020,observed
1968,in_processed_materials,total,29.35715255,Gt/yr,haas2020,observed
1969,in_processed_materials,total,30.15973336,Gt/yr,haas2020,observed
1970,in_processed_materials,total,31.75864133,Gt/yr,haas2020,observed
1971,in_processed_materials,total,32.58312989,Gt/yr,haas2020,observed
1972,in_processed_materials,total,34.27100465,Gt/yr,haas2020,observed
1973,in_processed_materials,total,35.63533653,Gt/yr,haas2020,observed
1974,in_processed_materials,total,36.28879125,Gt/yr,haas2020,observed
1975,in_processed_materials,total,36.17453551,Gt/yr,haas2020,observed
1976,in_processed_materials,total,37.04507034,Gt/yr,haas2020,observed
1977,in_processed_materials,total,37.83580293,Gt/yr,haas2020,observed
1978,in_processed_materials,total,39.06389629,Gt/yr,haas2020,observed
1979,in_processed_materials,total,39.99930775,Gt/yr,haas2020,observed
1980,in_processed_materials,total,40.1152948,Gt/yr,haas2020,observed
1981,in_processed_materials,total,39.88345977,Gt/yr,haas2020,observed
1982,in_processed_materials,total,40.15090725,Gt/yr,haas2020,observed
1983,in_processed_materials,total,40.32259352,Gt/yr,haas2020,observed
1984,in_processed_materials,total,42.16008209,Gt/yr,haas2020,observed
1985,in_processed_materials,total,42.7344991,Gt/yr,haas2020,observed
1986,in_processed_materials,total,43.83158976,Gt/yr,haas2020,observed
1987,in_processed_materials,total,45.0106233,Gt/yr,haas2020,observed
1988,in_processed_materials,total,46.8663705,Gt/yr,haas2020,observed
1989,in_processed_materials,total,47.33334661,Gt/yr,haas2020,observed
1990,in_processed_materials,total,47.76678864,Gt/yr,haas2020,observed
1991,in_processed_materials,total,48.86734019,Gt/yr,haas2020,observed
1992,in_processed_materials,total,49.12825728,Gt/yr,haas2020,observed
1993,in_processed_materials,total,50.61037561,Gt/yr,haas2020,observed
1994,in_processed_materials,total,52.07982921,Gt/yr,haas2020,observed
1995,in_processed_materials,total,55.15504992,Gt/yr,haas2020,observed
1996,in_processed_materials,total,56.06144661,Gt/yr,haas2020,observed
1997,in_processed_materials,total,56.82906993,Gt/yr,haas2020,observed
1998,in_processed_materials,total,58.23841775,Gt/yr,haas2020,observed
1999,in_processed_materials,total,59.1936702,Gt/yr,haas2020,observed
2000,in_processed_materials,total,60.30386219,Gt/yr,haas2020,observed
2001,in_processed_materials,total,60.83172173,Gt/yr,haas2020,observed
2002,in_processed_materials,total,61.54236089,Gt/yr,haas2020,observed
2003,in_processed_materials,total,64.44151302,Gt/yr,haas2020,observed
2004,in_processed_materials,total,67.53406796,Gt/yr,haas2020,observed
2005,in_processed_materials,total,70.32953724,Gt/yr,haas2020,observed
2006,in_processed_materials,total,73.95695939,Gt/yr,haas2020,observed
2007,in_processed_materials,total,76.98845346,Gt/yr,haas2020,observed
2008,in_processed_materials,total,78.32135439,Gt/yr,haas2020,observed
2009,in_processed_materials,total,79.81450233,Gt/yr,haas2020,observed
2010,in_processed_materials,total,83.4196366,Gt/yr,haas2020,observed
2011,in_processed_materials,total,88.31014691,Gt/yr,haas2020,observed
2012,in_processed_materials,total,90.2378479,Gt/yr,haas2020,observed
2013,in_processed_materials,total,93.45067216,Gt/yr,haas2020,observed
2014,in_processed_materials,total,95.12723692,Gt/yr,haas2020,observed
2015,in_processed_materials,total,95.02331896,Gt/yr,haas2020,observed
1900,in_socioeconomic_cycling,total,0.2808969668,Gt/yr,haas2020,observed
1901,in_socioeconomic_cycling,total,0.2838333377,Gt/yr,haas2020,observed
1902,in_socioeconomic_cycling,total,0.2888305192,Gt/yr,haas2020,observed
1903,in_socioeconomic_cycling,total,0.2920119118,Gt/yr,haas2020,observed
1904,in_socioeconomic_cycling,total,0.2973510842,Gt/yr,haas2020,observed
1905,in_socioeconomic_cycling,total,0.3018176881,Gt/yr,haas2020,observed
1906,in_socioeconomic_cycling,total,0.3063652387,Gt/yr,haas2020,observed
1907,in_socioeconomic_cycling,total,0.3079322784,Gt/yr,haas2020,observed
1908,in_socioeconomic_cycling,total,0.3164779453,Gt/yr,haas2020,observed
1909,in_socioeconomic_cycling,total,0.3195514248,Gt/yr,haas2020,observed
1910,in_socioeconomic_cycling,total,0.3237488446,Gt/yr,haas2020,observed
1911,in_socioeconomic_cycling,total,0.3267149783,Gt/yr,haas2020,observed
1912,in_socioeconomic_cycling,total,0.332747593,Gt/yr,haas2020,observed
1913,in_socioeconomic_cycling,total,0.3376134639,Gt/yr,haas2020,observed
1914,in_socioeconomic_cycling,total,0.3405716448,Gt/yr,haas2020,observed
1915,in_socioeconomic_cycling,total,0.3439715152,Gt/yr,haas2020,observed
1916,in_socioeconomic_cycling,total,0.3500689384,Gt/yr,haas2020,observed
1917,in_socioeconomic_cycling,total,0.3554268183,Gt/yr,haas2020,observed
1918,in_socioeconomic_cycling,total,0.3606347337,Gt/yr,haas2020,observed
1919,in_socioeconomic_cycling,total,0.3641004006,Gt/yr,haas2020,observed
1920,in_socioeconomic_cycling,total,0.3708731449,Gt/yr,haas2020,observed
1921,in_socioeconomic_cycling,total,0.3711519237,Gt/yr,haas2020,observed
1922,in_socioeconomic_cycling,total,0.3720223773,Gt/yr,haas2020,observed
1923,in_socioeconomic_cycling,total,0.3761541961,Gt/yr,haas2020,observed
1924,in_socioeconomic_cycling,total,0.3805531433,Gt/yr,haas2020,observed
1925,in_socioeconomic_cycling,total,0.3814812632,Gt/yr,haas2020,observed
1926,in_socioeconomic_cycling,total,0.3864988123,Gt/yr,haas2020,observed
1927,in_socioeconomic_cycling,total,0.390000522,Gt/yr,haas2020,observed
1928,in_socioeconomic_cycling,total,0.3907892557,Gt/yr,haas2020,observed
1929,in_socioeconomic_cycling,total,0.3957572303,Gt/yr,haas2020,observed
1930,in_socioeconomic_cycling,total,0.4003401705,Gt/yr,haas2020,observed
1931,in_socioeconomic_cycling,total,0.4001842562,Gt/yr,haas2020,observed
1932,in_socioeconomic_cycling,total,0.4037952296,Gt/yr,haas2020,observed
1933,in_socioeconomic_cycling,total,0.4079606757,Gt/yr,haas2020,observed
1934,in_socioeconomic_cycling,total,0.4077822714,Gt/yr,haas2020,observed
1935,in_socioeconomic_cycling,total,0.4112788374,Gt/yr,haas2020,observed
1936,in_socioeconomic_cycling,total,0.4123124066,Gt/yr,haas2020,observed
1937,in_socioeconomic_cycling,total,0.4141093969,Gt/yr,haas2020,observed
1938,in_socioeconomic_cycling,total,0.416900056,Gt/yr,haas2020,observed
1939,in_socioeconomic_cycling,total,0.420828513,Gt/yr,haas2020,observed
1940,in_socioeconomic_cycling,total,0.4213304026,Gt/yr,haas2020,observed
1941,in_socioeconomic_cycling,total,0.4251088268,Gt/yr,haas2020,observed
1942,in_socioeconomic_cycling,total,0.4264529674,Gt/yr,haas2020,observed
1943,in_socioeconomic_cycling,total,0.4285523629,Gt/yr,haas2020,observed
1944,in_socioeconomic_cycling,total,0.4291908841,Gt/yr,haas2020,observed
1945,in_socioeconomic_cycling,total,0.4324636726,Gt/yr,haas2020,observed
1946,in_socioeconomic_cycling,total,0.4334851349,Gt/yr,haas2020,observed
1947,in_socioeconomic_cycling,total,0.4339696767,Gt/yr,haas2020,observed
1948,in_socioeconomic_cycling,total,0.4377462786,Gt/yr,haas2020,observed
1949,in_socioeconomic_cycling,total,0.4390609521,Gt/yr,haas2020,observed
1950,in_socioeconomic_cycling,total,0.4408387462,Gt/yr,haas2020,observed
1951,in_socioeconomic_cycling,total,0.4392795593,Gt/yr,haas2020,observed
1952,in_socioeconomic_cycling,total,0.4385588877,Gt/yr,haas2020,observed
1953,in_socioeconomic_cycling,total,0.442897816,Gt/yr,haas2020,observed
1954,in_socioeconomic_cycling,total,0.4423560524,Gt/yr,haas2020,observed
1955,in_socioeconomic_cycling,total,0.4473077452,Gt/yr,haas2020,observed
1956,in_socioeconomic_cycling,total,0.4471492854,Gt/yr,haas2020,observed
1957,in_socioeconomic_cycling,total,0.4496363392,Gt/yr,haas2020,observed
1958,in_socioeconomic_cycling,total,0.4517903574,Gt/yr,haas2020,observed
1959,in_socioeconomic_cycling,total,0.452131436,Gt/yr,haas2020,observed
1960,in_socioeconomic_cycling,total,0.4595864807,Gt/yr,haas2020,observed
1961,in_socioeconomic_cycling,total,0.466520145,Gt/yr,haas2020,observed
1962,in_socioeconomic_cycling,total,0.4711429884,Gt/yr,haas2020,observed
1963,in_socioeconomic_cycling,total,0.4753625303,Gt/yr,haas2020,observed
1964,in_socioeconomic_cycling,total,0.4874039997,Gt/yr,haas2020,observed
1965,in_socioeconomic_cycling,total,0.495192492,Gt/yr,haas2020,observed
1966,in_socioeconomic_cycling,total,0.5047259776,Gt/yr,haas2020,observed
1967,in_socioeconomic_cycling,total,0.520635628,Gt/yr,haas2020,observed
1968,in_socioeconomic_cycling,total,0.533181415,Gt/yr,haas2020,observed
1969,in_socioeconomic_cycling,total,0.5412338113,Gt/yr,haas2020,observed
1970,in_socioeconomic_cycling,total,0.5616333972,Gt/yr,haas2020,observed
1971,in_socioeconomic_cycling,total,0.590973543,Gt/yr,haas2020,observed
1972,in_socioeconomic_cycling,total,0.6220821728,Gt/yr,haas2020,observed
1973,in_socioeconomic_cycling,total,0.6533475579,Gt/yr,haas2020,observed
1974,in_socioeconomic_cycling,total,0.6909280734,Gt/yr,haas2020,observed
1975,in_socioeconomic_cycling,total,0.7187893803,Gt/yr,haas2020,observed
1976,in_socioeconomic_cycling,total,0.754860387,Gt/yr,haas2020,observed
1977,in_socioeconomic_cycling,total,0.8008327657,Gt/yr,haas2020,observed
1978,in_socioeconomic_cycling,total,0.8451591379,Gt/yr,haas2020,observed
1979,in_socioeconomic_cycling,total,0.8907986678,Gt/yr,haas2020,observed
1980,in_socioeconomic_cycling,total,0.9532138669,Gt/yr,haas2020,observed
1981,in_socioeconomic_cycling,total,1.015918052,Gt/yr,haas2020,observed
1982,in_socioeconomic_cycling,total,1.075383783,Gt/yr,haas2020,observed
1983,in_socioeconomic_cycling,total,1.153711158,Gt/yr,haas2020,observed
1984,in_socioeconomic_cycling,total,1.231112506,Gt/yr,haas2020,observed
1985,in_socioeconomic_cycling,total,1.312889543,Gt/yr,haas2020,observed
1986,in_socioeconomic_cycling,total,1.401017764,Gt/yr,haas2020,observed
1987,in_socioeconomic_cycling,total,1.49446499,Gt/yr,haas2020,observed
1988,in_socioeconomic_cycling,total,1.599593683,Gt/yr,haas2020,observed
1989,in_socioeconomic_cycling,total,1.705387393,Gt/yr,haas2020,observed
1990,in_socioeconomic_cycling,total,1.804698834,Gt/yr,haas2020,observed
1991,in_socioeconomic_cycling,total,1.918155814,Gt/yr,haas2020,observed
1992,in_socioeconomic_cycling,total,2.059709402,Gt/yr,haas2020,observed
1993,in_socioeconomic_cycling,total,2.184976597,Gt/yr,haas2020,observed
1994,in_socioeconomic_cycling,total,2.326175579,Gt/yr,haas2020,observed
1995,in_socioeconomic_cycling,total,2.45195136,Gt/yr,haas2020,observed
1996,in_socioeconomic_cycling,total,2.597173279,Gt/yr,haas2020,observed
1997,in_socioeconomic_cycling,total,2.734865292,Gt/yr,haas2020,observed
1998,in_socioeconomic_cycling,total,2.866373576,Gt/yr,haas2020,observed
1999,in_socioeconomic_cycling,total,2.993274041,Gt/yr,haas2020,observed
2000,in_socioeconomic_cycling,total,3.133280592,Gt/yr,haas2020,observed
2001,in_socioeconomic_cycling,total,3.28196686,Gt/yr,haas2020,observed
2002,in_socioeconomic_cycling,total,3.408182106,Gt/yr,haas2020,observed
2003,in_socioeconomic_cycling,total,3.558877184,Gt/yr,haas2020,observed
2004,in_socioeconomic_cycling,total,3.709443868,Gt/yr,haas2020,observed
2005,in_socioeconomic_cycling,total,3.893717448,Gt/yr,haas2020,observed
2006,in_socioeconomic_cycling,total,4.059750932,Gt/yr,haas2020,observed
2007,in_socioeconomic_cycling,total,4.235122021,Gt/yr,haas2020,observed
2008,in_socioeconomic_cycling,total,4.44260525,Gt/yr,haas2020,observed
2009,in_socioeconomic_cycling,total,4.630754347,Gt/yr,haas2020,observed
2010,in_socioeconomic_cycling,total,4.860009378,Gt/yr,haas2020,observed
2011,in_socioeconomic_cycling,total,5.060922503,Gt/yr,haas2020,observed
2012,in_socioeconomic_cycling,total,5.32273226,Gt/yr,haas2020,observed
2013,in_socioeconomic_cycling,total,5.57801835,Gt/yr,haas2020,observed
2014,in_socioeconomic_cycling,total,5.835966644,Gt/yr,haas2020,observed
2015,in_socioeconomic_cycling,total,6.112440575,Gt/yr,haas2020,observed
1900,out_combusted_fossil,total,0.9924992114,Gt/yr,haas2020,observed
1901,out_combusted_fossil,total,1.019871759,Gt/yr,haas2020,observed
1902,out_combusted_fossil,total,1.041497583,Gt/yr,haas2020,observed
1903,out_combusted_fossil,total,1.130947588,Gt/yr,haas2020,observed
1904,out_combusted_fossil,total,1.143485237,Gt/yr,haas2020,observed
1905,out_combusted_fossil,total,1.201213849,Gt/yr,haas2020,observed
1906,out_combusted_fossil,total,1.286191886,Gt/yr,haas2020,observed
1907,out_combusted_fossil,total,1.408682844,Gt/yr,haas2020,observed
1908,out_combusted_fossil,total,1.353102032,Gt/yr,haas2020,observed
1909,out_combusted_fossil,total,1.408983917,Gt/yr,haas2020,observed
1910,out_combusted_fossil,total,1.469206029,Gt/yr,haas2020,observed
1911,out_combusted_fossil,total,1.499510049,Gt/yr,haas2020,observed
1912,out_combusted_fossil,total,1.574224178,Gt/yr,haas2020,observed
1913,out_combusted_fossil,total,1.679644516,Gt/yr,haas2020,observed
1914,out_combusted_fossil,total,1.528891979,Gt/yr,haas2020,observed
1915,out_combusted_fossil,total,1.514321894,Gt/yr,haas2020,observed
1916,out_combusted_fossil,total,1.617567442,Gt/yr,haas2020,observed
1917,out_combusted_fossil,total,1.695052214,Gt/yr,haas2020,observed
1918,out_combusted_fossil,total,1.672642585,Gt/yr,haas2020,observed
1919,out_combusted_fossil,total,1.495883438,Gt/yr,haas2020,observed
1920,out_combusted_fossil,total,1.700994611,Gt/yr,haas2020,observed
1921,out_combusted_fossil,total,1.48629385,Gt/yr,haas2020,observed
1922,out_combusted_fossil,total,1.583271279,Gt/yr,haas2020,observed
1923,out_combusted_fossil,total,1.778477282,Gt/yr,haas2020,observed
1924,out_combusted_fossil,total,1.770148655,Gt/yr,haas2020,observed
1925,out_combusted_fossil,total,1.788131021,Gt/yr,haas2020,observed
1926,out_combusted_fossil,total,1.791785659,Gt/yr,haas2020,observed
1927,out_combusted_fossil,total,1.903561596,Gt/yr,haas2020,observed
1928,out_combusted_fossil,total,2.053376951,Gt/yr,haas2020,observed
1929,out_combusted_fossil,total,2.055646401,Gt/yr,haas2020,observed
1930,out_combusted_fossil,total,1.910888394,Gt/yr,haas2020,observed
1931,out_combusted_fossil,total,1.725837604,Gt/yr,haas2020,observed
1932,out_combusted_fossil,total,1.566674833,Gt/yr,haas2020,observed
1933,out_combusted_fossil,total,1.63997852,Gt/yr,haas2020,observed
1934,out_combusted_fossil,total,1.779316276,Gt/yr,haas2020,observed
1935,out_combusted_fossil,total,1.86689109,Gt/yr,haas2020,observed
1936,out_combusted_fossil,total,2.027569782,Gt/yr,haas2020,observed
1937,out_combusted_fossil,total,2.161465168,Gt/yr,haas2020,observed
1938,out_combusted_fossil,total,1.998133879,Gt/yr,haas2020,observed
1939,out_combusted_fossil,total,2.180128708,Gt/yr,haas2020,observed
1940,out_combusted_fossil,total,2.36655787,Gt/yr,haas2020,observed
1941,out_combusted_fossil,total,2.439312877,Gt/yr,haas2020,observed
1942,out_combusted_fossil,total,2.458618239,Gt/yr,haas2020,observed
1943,out_combusted_fossil,total,2.523375678,Gt/yr,haas2020,observed
1944,out_combusted_fossil,total,2.50502666,Gt/yr,haas2020,observed
1945,out_combusted_fossil,total,2.088914148,Gt/yr,haas2020,observed
1946,out_combusted_fossil,total,2.22838698,Gt/yr,haas2020,observed
1947,out_combusted_fossil,total,2.482754164,Gt/yr,haas2020,observed
1948,out_combusted_fossil,total,2.61044649,Gt/yr,haas2020,observed
1949,out_combusted_fossil,total,2.544843086,Gt/yr,haas2020,observed
1950,out_combusted_fossil,total,2.76828016,Gt/yr,haas2020,observed
1951,out_combusted_fossil,total,2.950770996,Gt/yr,haas2020,observed
1952,out_combusted_fossil,total,3.008043133,Gt/yr,haas2020,observed
1953,out_combusted_fossil,total,3.063001392,Gt/yr,haas2020,observed
1954,out_combusted_fossil,total,3.122253234,Gt/yr,haas2020,observed
1955,out_combusted_fossil,total,3.390586119,Gt/yr,haas2020,observed
1956,out_combusted_fossil,total,3.591675217,Gt/yr,haas2020,observed
1957,out_combusted_fossil,total,3.739898975,Gt/yr,haas2020,observed
1958,out_combusted_fossil,total,3.925130373,Gt/yr,haas2020,observed
1959,out_combusted_fossil,total,4.145513169,Gt/yr,haas2020,observed
1960,out_combusted_fossil,total,4.442048159,Gt/yr,haas2020,observed
1961,out_combusted_fossil,total,4.512486718,Gt/yr,haas2020,observed
1962,out_combusted_fossil,total,4.781866661,Gt/yr,haas2020,observed
1963,out_combusted_fossil,total,5.138118381,Gt/yr,haas2020,observed
1964,out_combusted_fossil,total,5.418961769,Gt/yr,haas2020,observed
1965,out_combusted_fossil,total,5.348908403,Gt/yr,haas2020,observed
1966,out_combusted_fossil,total,5.595386296,Gt/yr,haas2020,observed
1967,out_combusted_fossil,total,5.654756221,Gt/yr,haas2020,observed
1968,out_combusted_fossil,total,5.982532949,Gt/yr,haas2020,observed
1969,out_combusted_fossil,total,6.183288566,Gt/yr,haas2020,observed
1970,out_combusted_fossil,total,6.433559529,Gt/yr,haas2020,observed
1971,out_combusted_fossil,total,6.646141464,Gt/yr,haas2020,observed
1972,out_combusted_fossil,total,6.918363132,Gt/yr,haas2020,observed
1973,out_combusted_fossil,total,7.224153523,Gt/yr,haas2020,observed
1974,out_combusted_fossil,total,7.281113938,Gt/yr,haas2020,observed
1975,out_combusted_fossil,total,7.356824878,Gt/yr,haas2020,observed
1976,out_combusted_fossil,total,7.72268781,Gt/yr,haas2020,observed
1977,out_combusted_fossil,total,7.979024684,Gt/yr,haas2020,observed
1978,out_combusted_fossil,total,8.122800977,Gt/yr,haas2020,observed
1979,out_combusted_fossil,total,8.447078378,Gt/yr,haas2020,observed
1980,out_combusted_fossil,total,8.445509249,Gt/yr,haas2020,observed
1981,out_combusted_fossil,total,8.332178571,Gt/yr,haas2020,observed
1982,out_combusted_fossil,total,8.574436192,Gt/yr,haas2020,observed
1983,out_combusted_fossil,total,8.632160939,Gt/yr,haas2020,observed
1984,out_combusted_fossil,total,9.054390957,Gt/yr,haas2020,observed
1985,out_combusted_fossil,total,9.066010414,Gt/yr,haas2020,observed
1986,out_combusted_fossil,total,9.312112331,Gt/yr,haas2020,observed
1987,out_combusted_fossil,total,9.539638862,Gt/yr,haas2020,observed
1988,out_combusted_fossil,total,9.872203766,Gt/yr,haas2020,observed
1989,out_combusted_fossil,total,9.990163865,Gt/yr,haas2020,observed
1990,out_combusted_fossil,total,9.994315421,Gt/yr,haas2020,observed
1991,out_combusted_fossil,total,9.82444669,Gt/yr,haas2020,observed
1992,out_combusted_fossil,total,9.707320768,Gt/yr,haas2020,observed
1993,out_combusted_fossil,total,9.836622687,Gt/yr,haas2020,observed
1994,out_combusted_fossil,total,10.02435413,Gt/yr,haas2020,observed
1995,out_combusted_fossil,total,10.61493895,Gt/yr,haas2020,observed
1996,out_combusted_fossil,total,10.79262712,Gt/yr,haas2020,observed
1997,out_combusted_fossil,total,10.8018843,Gt/yr,haas2020,observed
1998,out_combusted_fossil,total,11.00879703,Gt/yr,haas2020,observed
1999,out_combusted_fossil,total,10.95440923,Gt/yr,haas2020,observed
2000,out_combusted_fossil,total,11.25947241,Gt/yr,haas2020,observed
2001,out_combusted_fossil,total,11.44846992,Gt/yr,haas2020,observed
2002,out_combusted_fossil,total,11.42880866,Gt/yr,haas2020,observed
2003,out_combusted_fossil,total,12.07515178,Gt/yr,haas2020,observed
2004,out_combusted_fossil,total,12.5888686,Gt/yr,haas2020,observed
2005,out_combusted_fossil,total,13.09961906,Gt/yr,haas2020,observed
2006,out_combusted_fossil,total,13.61799666,Gt/yr,haas2020,observed
2007,out_combusted_fossil,total,13.93637558,Gt/yr,haas2020,observed
2008,out_combusted_fossil,total,14.2636309,Gt/yr,haas2020,observed
2009,out_combusted_fossil,total,14.31250833,Gt/yr,haas2020,observed
2010,out_combusted_fossil,total,14.97929689,Gt/yr,haas2020,observed
2011,out_combusted_fossil,total,15.78132377,Gt/yr,haas2020,observed
2012,out_combusted_fossil,total,16.10399522,Gt/yr,haas2020,observed
2013,out_combusted_fossil,total,16.38257914,Gt/yr,haas2020,observed
2014,out_combusted_fossil,total,16.48913505,Gt/yr,haas2020,observed
2015,out_combusted_fossil,total,16.55444879,Gt/yr,haas2020,observed
1900,out_cycling_total,total,3.279775064,Gt/yr,haas2020,observed
1901,out_cycling_total,total,3.324501435,Gt/yr,haas2020,observed
1902,out_cycling_total,total,3.376162514,Gt/yr,haas2020,observed
1903,out_cycling_total,total,3.430904361,Gt/yr,haas2020,observed
1904,out_cycling_total,total,3.476930867,Gt/yr,haas2020,observed
1905,out_cycling_total,total,3.536630397,Gt/yr,haas2020,observed
1906,out_cycling_total,total,3.592531432,Gt/yr,haas2020,observed
1907,out_cycling_total,total,3.649290971,Gt/yr,haas2020,observed
1908,out_cycling_total,total,3.709364929,Gt/yr,haas2020,observed
1909,out_cycling_total,total,3.767566265,Gt/yr,haas2020,observed
1910,out_cycling_total,total,3.826807592,Gt/yr,haas2020,observed
1911,out_cycling_total,total,3.913052572,Gt/yr,haas2020,observed
1912,out_cycling_total,total,4.008796468,Gt/yr,haas2020,observed
1913,out_cycling_total,total,4.10307848,Gt/yr,haas2020,observed
1914,out_cycling_total,total,4.21942355,Gt/yr,haas2020,observed
1915,out_cycling_total,total,4.312879798,Gt/yr,haas2020,observed
1916,out_cycling_total,total,4.39854199,Gt/yr,haas2020,observed
1917,out_cycling_total,total,4.459541954,Gt/yr,haas2020,observed
1918,out_cycling_total,total,4.510071593,Gt/yr,haas2020,observed
1919,out_cycling_total,total,4.53858257,Gt/yr,haas2020,observed
1920,out_cycling_total,total,4.57023308,Gt/yr,haas2020,observed
1921,out_cycling_total,total,4.594379241,Gt/yr,haas2020,observed
1922,out_cycling_total,total,4.623656105,Gt/yr,haas2020,observed
1923,out_cycling_total,total,4.672363196,Gt/yr,haas2020,observed
1924,out_cycling_total,total,4.724995998,Gt/yr,haas2020,observed
1925,out_cycling_total,total,4.788244274,Gt/yr,haas2020,observed
1926,out_cycling_total,total,4.851828593,Gt/yr,haas2020,observed
1927,out_cycling_total,total,4.924425516,Gt/yr,haas2020,observed
1928,out_cycling_total,total,5.001664357,Gt/yr,haas2020,observed
1929,out_cycling_total,total,5.079278026,Gt/yr,haas2020,observed
1930,out_cycling_total,total,5.126461023,Gt/yr,haas2020,observed
1931,out_cycling_total,total,5.118021618,Gt/yr,haas2020,observed
1932,out_cycling_total,total,5.121903962,Gt/yr,haas2020,observed
1933,out_cycling_total,total,5.100812375,Gt/yr,haas2020,observed
1934,out_cycling_total,total,5.069349381,Gt/yr,haas2020,observed
1935,out_cycling_total,total,5.066222295,Gt/yr,haas2020,observed
1936,out_cycling_total,total,5.062335924,Gt/yr,haas2020,observed
1937,out_cycling_total,total,5.073910612,Gt/yr,haas2020,observed
1938,out_cycling_total,total,5.100203077,Gt/yr,haas2020,observed
1939,out_cycling_total,total,5.144656205,Gt/yr,haas2020,observed
1940,out_cycling_total,total,5.203659685,Gt/yr,haas2020,observed
1941,out_cycling_total,total,5.292418619,Gt/yr,haas2020,observed
1942,out_cycling_total,total,5.410284586,Gt/yr,haas2020,observed
1943,out_cycling_total,total,5.522356486,Gt/yr,haas2020,observed
1944,out_cycling_total,total,5.614062868,Gt/yr,haas2020,observed
1945,out_cycling_total,total,5.72056657,Gt/yr,haas2020,observed
1946,out_cycling_total,total,5.763518456,Gt/yr,haas2020,observed
1947,out_cycling_total,total,5.848805979,Gt/yr,haas2020,observed
1948,out_cycling_total,total,5.958978069,Gt/yr,haas2020,observed
1949,out_cycling_total,total,6.076986917,Gt/yr,haas2020,observed
1950,out_cycling_total,total,6.125950006,Gt/yr,haas2020,observed
1951,out_cycling_total,total,6.395684535,Gt/yr,haas2020,observed
1952,out_cycling_total,total,6.560249016,Gt/yr,haas2020,observed
1953,out_cycling_total,total,6.675440426,Gt/yr,haas2020,observed
1954,out_cycling_total,total,6.768304458,Gt/yr,haas2020,observed
1955,out_cycling_total,total,6.818872392,Gt/yr,haas2020,observed
1956,out_cycling_total,total,6.832376482,Gt/yr,haas2020,observed
1957,out_cycling_total,total,6.824263947,Gt/yr,haas2020,observed
1958,out_cycling_total,total,6.830351668,Gt/yr,haas2020,observed
1959,out_cycling_total,total,6.838045539,Gt/yr,haas2020,observed
1960,out_cycling_total,total,6.884752007,Gt/yr,haas2020,observed
1961,out_cycling_total,total,6.909691123,Gt/yr,haas2020,observed
1962,out_cycling_total,total,7.040752931,Gt/yr,haas2020,observed
1963,out_cycling_total,total,7.271882753,Gt/yr,haas2020,observed
1964,out_cycling_total,total,7.783665956,Gt/yr,haas2020,observed
1965,out_cycling_total,total,8.110863195,Gt/yr,haas2020,observed
1966,out_cycling_total,total,8.661972586,Gt/yr,haas2020,observed
1967,out_cycling_total,total,9.029814954,Gt/yr,haas2020,observed
1968,out_cycling_total,total,9.186675837,Gt/yr,haas2020,observed
1969,out_cycling_total,total,9.191965009,Gt/yr,haas2020,observed
1970,out_cycling_total,total,9.408901955,Gt/yr,haas2020,observed
1971,out_cycling_total,total,9.83416162,Gt/yr,haas2020,observed
1972,out_cycling_total,total,9.951154808,Gt/yr,haas2020,observed
1973,out_cycling_total,total,10.48076749,Gt/yr,haas2020,observed
1974,out_cycling_total,total,10.79263756,Gt/yr,haas2020,observed
1975,out_cycling_total,total,11.00009279,Gt/yr,haas2020,observed
1976,out_cycling_total,total,11.3942493,Gt/yr,haas2020,observed
1977,out_cycling_total,total,11.60976904,Gt/yr,haas2020,observed
1978,out_cycling_total,total,12.16882337,Gt/yr,haas2020,observed
1979,out_cycling_total,total,12.36859619,Gt/yr,haas2020,observed
1980,out_cycling_total,total,12.54811433,Gt/yr,haas2020,observed
1981,out_cycling_total,total,13.05255362,Gt/yr,haas2020,observed
1982,out_cycling_total,total,13.44168117,Gt/yr,haas2020,observed
1983,out_cycling_total,total,13.29513086,Gt/yr,haas2020,observed
1984,out_cycling_total,total,13.77572819,Gt/yr,haas2020,observed
1985,out_cycling_total,total,14.01634291,Gt/yr,haas2020,observed
1986,out_cycling_total,total,14.12494505,Gt/yr,haas2020,observed
1987,out_cycling_total,total,14.16310661,Gt/yr,haas2020,observed
1988,out_cycling_total,total,14.31188267,Gt/yr,haas2020,observed
1989,out_cycling_total,total,14.85190068,Gt/yr,haas2020,observed
1990,out_cycling_total,total,14.70000773,Gt/yr,haas2020,observed
1991,out_cycling_total,total,14.41984991,Gt/yr,haas2020,observed
1992,out_cycling_total,total,14.48551954,Gt/yr,haas2020,observed
1993,out_cycling_total,total,14.16836835,Gt/yr,haas2020,observed
1994,out_cycling_total,total,14.41448289,Gt/yr,haas2020,observed
1995,out_cycling_total,total,14.58483743,Gt/yr,haas2020,observed
1996,out_cycling_total,total,15.21340296,Gt/yr,haas2020,observed
1997,out_cycling_total,total,13.94051351,Gt/yr,haas2020,observed
1998,out_cycling_total,total,15.73226442,Gt/yr,haas2020,observed
1999,out_cycling_total,total,16.13389724,Gt/yr,haas2020,observed
2000,out_cycling_total,total,16.55414835,Gt/yr,haas2020,observed
2001,out_cycling_total,total,16.84181826,Gt/yr,haas2020,observed
2002,out_cycling_total,total,16.9005501,Gt/yr,haas2020,observed
2003,out_cycling_total,total,17.57711325,Gt/yr,haas2020,observed
2004,out_cycling_total,total,18.26691088,Gt/yr,haas2020,observed
2005,out_cycling_total,total,18.81404521,Gt/yr,haas2020,observed
2006,out_cycling_total,total,19.01240141,Gt/yr,haas2020,observed
2007,out_cycling_total,total,20.6139095,Gt/yr,haas2020,observed
2008,out_cycling_total,total,21.47985658,Gt/yr,haas2020,observed
2009,out_cycling_total,total,21.49839447,Gt/yr,haas2020,observed
2010,out_cycling_total,total,22.25959724,Gt/yr,haas2020,observed
2011,out_cycling_total,total,23.08221892,Gt/yr,haas2020,observed
2012,out_cycling_total,total,23.54569294,Gt/yr,haas2020,observed
2013,out_cycling_total,total,24.68559141,Gt/yr,haas2020,observed
2014,out_cycling_total,total,25.0089138,Gt/yr,haas2020,observed
2015,out_cycling_total,total,25.18281683,Gt/yr,haas2020,observed
1900,out_demolition,biomass,0.180502999,Gt/yr,haas2020,observed
1901,out_demolition,biomass,0.1790923018,Gt/yr,haas2020,observed
1902,out_demolition,biomass,0.179359335,Gt/yr,haas2020,observed
1903,out_demolition,biomass,0.1800887402,Gt/yr,haas2020,observed
1904,out_demolition,biomass,0.1813808945,Gt/yr,haas2020,observed
1905,out_demolition,biomass,0.1823644336,Gt/yr,haas2020,observed
1906,out_demolition,biomass,0.183953708,Gt/yr,haas2020,observed
1907,out_demolition,biomass,0.1854555264,Gt/yr,haas2020,observed
1908,out_demolition,biomass,0.1868073486,Gt/yr,haas2020,observed
1909,out_demolition,biomass,0.1881971084,Gt/yr,haas2020,observed
1910,out_demolition,biomass,0.1896476543,Gt/yr,haas2020,observed
1911,out_demolition,biomass,0.1906970137,Gt/yr,haas2020,observed
1912,out_demolition,biomass,0.1920846201,Gt/yr,haas2020,observed
1913,out_demolition,biomass,0.1931807041,Gt/yr,haas2020,observed
1914,out_demolition,biomass,0.1943337842,Gt/yr,haas2020,observed
1915,out_demolition,biomass,0.1952507676,Gt/yr,haas2020,observed
1916,out_demolition,biomass,0.1961271074,Gt/yr,haas2020,observed
1917,out_demolition,biomass,0.1973593848,Gt/yr,haas2020,observed
1918,out_demolition,biomass,0.1983583984,Gt/yr,haas2020,observed
1919,out_demolition,biomass,0.1990512422,Gt/yr,haas2020,observed
1920,out_demolition,biomass,0.1996347334,Gt/yr,haas2020,observed
1921,out_demolition,biomass,0.2001430586,Gt/yr,haas2020,observed
1922,out_demolition,biomass,0.2007230928,Gt/yr,haas2020,observed
1923,out_demolition,biomass,0.2012633867,Gt/yr,haas2020,observed
1924,out_demolition,biomass,0.2020912148,Gt/yr,haas2020,observed
1925,out_demolition,biomass,0.2026220576,Gt/yr,haas2020,observed
1926,out_demolition,biomass,0.2033659473,Gt/yr,haas2020,observed
1927,out_demolition,biomass,0.204120585,Gt/yr,haas2020,observed
1928,out_demolition,biomass,0.2051096914,Gt/yr,haas2020,observed
1929,out_demolition,biomass,0.2063203867,Gt/yr,haas2020,observed
1930,out_demolition,biomass,0.2073674365,Gt/yr,haas2020,observed
1931,out_demolition,biomass,0.208573791,Gt/yr,haas2020,observed
1932,out_demolition,biomass,0.2100074365,Gt/yr,haas2020,observed
1933,out_demolition,biomass,0.2116408838,Gt/yr,haas2020,observed
1934,out_demolition,biomass,0.2130919844,Gt/yr,haas2020,observed
1935,out_demolition,biomass,0.2146350596,Gt/yr,haas2020,observed
1936,out_demolition,biomass,0.2163468604,Gt/yr,haas2020,observed
1937,out_demolition,biomass,0.2177767822,Gt/yr,haas2020,observed
1938,out_demolition,biomass,0.2196286787,Gt/yr,haas2020,observed
1939,out_demolition,biomass,0.22182271,Gt/yr,haas2020,observed
1940,out_demolition,biomass,0.2237475371,Gt/yr,haas2020,observed
1941,out_demolition,biomass,0.2255499912,Gt/yr,haas2020,observed
1942,out_demolition,biomass,0.2279139941,Gt/yr,haas2020,observed
1943,out_demolition,biomass,0.2302118457,Gt/yr,haas2020,observed
1944,out_demolition,biomass,0.2321874072,Gt/yr,haas2020,observed
1945,out_demolition,biomass,0.2345010332,Gt/yr,haas2020,observed
1946,out_demolition,biomass,0.2367364346,Gt/yr,haas2020,observed
1947,out_demolition,biomass,0.2388442988,Gt/yr,haas2020,observed
1948,out_demolition,biomass,0.2411289707,Gt/yr,haas2020,observed
1949,out_demolition,biomass,0.2432986924,Gt/yr,haas2020,observed
1950,out_demolition,biomass,0.245667248,Gt/yr,haas2020,observed
1951,out_demolition,biomass,0.2477693213,Gt/yr,haas2020,observed
1952,out_demolition,biomass,0.2503567646,Gt/yr,haas2020,observed
1953,out_demolition,biomass,0.2532455029,Gt/yr,haas2020,observed
1954,out_demolition,biomass,0.2560768682,Gt/yr,haas2020,observed
1955,out_demolition,biomass,0.2591839756,Gt/yr,haas2020,observed
1956,out_demolition,biomass,0.2619240352,Gt/yr,haas2020,observed
1957,out_demolition,biomass,0.2646667461,Gt/yr,haas2020,observed
1958,out_demolition,biomass,0.2678092334,Gt/yr,haas2020,observed
1959,out_demolition,biomass,0.2709436143,Gt/yr,haas2020,observed
1960,out_demolition,biomass,0.2738429551,Gt/yr,haas2020,observed
1961,out_demolition,biomass,0.2767600586,Gt/yr,haas2020,observed
1962,out_demolition,biomass,0.2795409824,Gt/yr,haas2020,observed
1963,out_demolition,biomass,0.2835269541,Gt/yr,haas2020,observed
1964,out_demolition,biomass,0.288631,Gt/yr,haas2020,observed
1965,out_demolition,biomass,0.297025127,Gt/yr,haas2020,observed
1966,out_demolition,biomass,0.3051759023,Gt/yr,haas2020,observed
1967,out_demolition,biomass,0.3148055625,Gt/yr,haas2020,observed
1968,out_demolition,biomass,0.3208856426,Gt/yr,haas2020,observed
1969,out_demolition,biomass,0.3308526562,Gt/yr,haas2020,observed
1970,out_demolition,biomass,0.3418472227,Gt/yr,haas2020,observed
1971,out_demolition,biomass,0.3546623418,Gt/yr,haas2020,observed
1972,out_demolition,biomass,0.3639859258,Gt/yr,haas2020,observed
1973,out_demolition,biomass,0.3758896484,Gt/yr,haas2020,observed
1974,out_demolition,biomass,0.3906104102,Gt/yr,haas2020,observed
1975,out_demolition,biomass,0.4005120117,Gt/yr,haas2020,observed
1976,out_demolition,biomass,0.3945207031,Gt/yr,haas2020,observed
1977,out_demolition,biomass,0.4064235078,Gt/yr,haas2020,observed
1978,out_demolition,biomass,0.4172185664,Gt/yr,haas2020,observed
1979,out_demolition,biomass,0.4303973789,Gt/yr,haas2020,observed
1980,out_demolition,biomass,0.444550207,Gt/yr,haas2020,observed
1981,out_demolition,biomass,0.4566047891,Gt/yr,haas2020,observed
1982,out_demolition,biomass,0.465679793,Gt/yr,haas2020,observed
1983,out_demolition,biomass,0.4727437461,Gt/yr,haas2020,observed
1984,out_demolition,biomass,0.4861348711,Gt/yr,haas2020,observed
1985,out_demolition,biomass,0.5042823281,Gt/yr,haas2020,observed
1986,out_demolition,biomass,0.5187980781,Gt/yr,haas2020,observed
1987,out_demolition,biomass,0.5373732031,Gt/yr,haas2020,observed
1988,out_demolition,biomass,0.5566027578,Gt/yr,haas2020,observed
1989,out_demolition,biomass,0.5791492344,Gt/yr,haas2020,observed
1990,out_demolition,biomass,0.6004138437,Gt/yr,haas2020,observed
1991,out_demolition,biomass,0.6188624062,Gt/yr,haas2020,observed
1992,out_demolition,biomass,0.6345161406,Gt/yr,haas2020,observed
1993,out_demolition,biomass,0.6491686016,Gt/yr,haas2020,observed
1994,out_demolition,biomass,0.6643341328,Gt/yr,haas2020,observed
1995,out_demolition,biomass,0.6873469219,Gt/yr,haas2020,observed
1996,out_demolition,biomass,0.7103865547,Gt/yr,haas2020,observed
1997,out_demolition,biomass,0.7270894141,Gt/yr,haas2020,observed
1998,out_demolition,biomass,0.7499219687,Gt/yr,haas2020,observed
1999,out_demolition,biomass,0.7655364922,Gt/yr,haas2020,observed
2000,out_demolition,biomass,0.7893807031,Gt/yr,haas2020,observed
2001,out_demolition,biomass,0.8104859063,Gt/yr,haas2020,observed
2002,out_demolition,biomass,0.820512375,Gt/yr,haas2020,observed
2003,out_demolition,biomass,0.8377351094,Gt/yr,haas2020,observed
2004,out_demolition,biomass,0.8562836719,Gt/yr,haas2020,observed
2005,out_demolition,biomass,0.8788200312,Gt/yr,haas2020,observed
2006,out_demolition,biomass,0.9008287344,Gt/yr,haas2020,observed
2007,out_demolition,biomass,0.9288021406,Gt/yr,haas2020,observed
2008,out_demolition,biomass,0.9514604844,Gt/yr,haas2020,observed
2009,out_demolition,biomass,0.9665606875,Gt/yr,haas2020,observed
2010,out_demolition,biomass,0.9654825312,Gt/yr,haas2020,observed
2011,out_demolition,biomass,0.980898625,Gt/yr,haas2020,observed
2012,out_demolition,biomass,0.9936486875,Gt/yr,haas2020,observed
2013,out_demolition,biomass,0.9979707187,Gt/yr,haas2020,observed
2014,out_demolition,biomass,0.9987586563,Gt/yr,haas2020,observed
2015,out_demolition,biomass,1.003850641,Gt/yr,haas2020,observed
1900,out_demolition,fossil,0,Gt/yr,haas2020,observed
1901,out_demolition,fossil,0,Gt/yr,haas2020,observed
1902,out_demolition,fossil,0,Gt/yr,haas2020,observed
1903,out_demolition,fossil,0,Gt/yr,haas2020,observed
1904,out_demolition,fossil,0,Gt/yr,haas2020,observed
1905,out_demolition,fossil,0,Gt/yr,haas2020,observed
1906,out_demolition,fossil,0,Gt/yr,haas2020,observed
1907,out_demolition,fossil,0,Gt/yr,haas2020,observed
1908,out_demolition,fossil,0,Gt/yr,haas2020,observed
1909,out_demolition,fossil,0,Gt/yr,haas2020,observed
1910,out_demolition,fossil,0,Gt/yr,haas2020,observed
1911,out_demolition,fossil,0,Gt/yr,haas2020,observed
1912,out_demolition,fossil,0,Gt/yr,haas2020,observed
1913,out_demolition,fossil,0,Gt/yr,haas2020,observed
1914,out_demolition,fossil,0,Gt/yr,haas2020,observed
1915,out_demolition,fossil,0,Gt/yr,haas2020,observed
1916,out_demolition,fossil,0,Gt/yr,haas2020,observed
1917,out_demolition,fossil,0,Gt/yr,haas2020,observed
1918,out_demolition,fossil,0,Gt/yr,haas2020,observed
1919,out_demolition,fossil,0,Gt/yr,haas2020,observed
1920,out_demolition,fossil,0,Gt/yr,haas2020,observed
1921,out_demolition,fossil,0,Gt/yr,haas2020,observed
1922,out_demolition,fossil,0,Gt/yr,haas2020,observed
1923,out_demolition,fossil,0,Gt/yr,haas2020,observed
1924,out_demolition,fossil,0,Gt/yr,haas2020,observed
1925,out_demolition,fossil,0,Gt/yr,haas2020,observed
1926,out_demolition,fossil,0,Gt/yr,haas2020,observed
1927,out_demolition,fossil,0,Gt/yr,haas2020,observed
1928,out_demolition,fossil,0,Gt/yr,haas2020,observed
1929,out_demolition,fossil,0,Gt/yr,haas2020,observed
1930,out_demolition,fossil,0,Gt/yr,haas2020,observed
1931,out_demolition,fossil,0,Gt/yr,haas2020,observed
1932,out_demolition,fossil,0,Gt/yr,haas2020,observed
1933,out_demolition,fossil,0,Gt/yr,haas2020,observed
1934,out_demolition,fossil,0,Gt/yr,haas2020,observed
1935,out_demolition,fossil,0,Gt/yr,haas2020,observed
1936,out_demolition,fossil,0,Gt/yr,haas2020,observed
1937,out_demolition,fossil,0,Gt/yr,haas2020,observed
1938,out_demolition,fossil,0,Gt/yr,haas2020,observed
1939,out_demolition,fossil,0,Gt/yr,haas2020,observed
1940,out_demolition,fossil,0,Gt/yr,haas2020,observed
1941,out_demolition,fossil,0,Gt/yr,haas2020,observed
1942,out_demolition,fossil,0,Gt/yr,haas2020,observed
1943,out_demolition,fossil,0,Gt/yr,haas2020,observed
1944,out_demolition,fossil,0,Gt/yr,haas2020,observed
1945,out_demolition,fossil,0,Gt/yr,haas2020,observed
1946,out_demolition,fossil,0,Gt/yr,haas2020,observed
1947,out_demolition,fossil,0,Gt/yr,haas2020,observed
1948,out_demolition,fossil,0,Gt/yr,haas2020,observed
1949,out_demolition,fossil,0,Gt/yr,haas2020,observed
1950,out_demolition,fossil,0.0001501391907,Gt/yr,haas2020,observed
1951,out_demolition,fossil,0.0002006360474,Gt/yr,haas2020,observed
1952,out_demolition,fossil,0.0002630848083,Gt/yr,haas2020,observed
1953,out_demolition,fossil,0.0002865895996,Gt/yr,haas2020,observed
1954,out_demolition,fossil,0.0004212875061,Gt/yr,haas2020,observed
1955,out_demolition,fossil,0.0008571171875,Gt/yr,haas2020,observed
1956,out_demolition,fossil,0.001357650879,Gt/yr,haas2020,observed
1957,out_demolition,fossil,0.001773846802,Gt/yr,haas2020,observed
1958,out_demolition,fossil,0.002140297119,Gt/yr,haas2020,observed
1959,out_demolition,fossil,0.002481043457,Gt/yr,haas2020,observed
1960,out_demolition,fossil,0.002882605469,Gt/yr,haas2020,observed
1961,out_demolition,fossil,0.003281463379,Gt/yr,haas2020,observed
1962,out_demolition,fossil,0.00371932959,Gt/yr,haas2020,observed
1963,out_demolition,fossil,0.004205464355,Gt/yr,haas2020,observed
1964,out_demolition,fossil,0.004916648926,Gt/yr,haas2020,observed
1965,out_demolition,fossil,0.005724694824,Gt/yr,haas2020,observed
1966,out_demolition,fossil,0.006603434082,Gt/yr,haas2020,observed
1967,out_demolition,fossil,0.007648231445,Gt/yr,haas2020,observed
1968,out_demolition,fossil,0.008750448242,Gt/yr,haas2020,observed
1969,out_demolition,fossil,0.01008974316,Gt/yr,haas2020,observed
1970,out_demolition,fossil,0.01146681535,Gt/yr,haas2020,observed
1971,out_demolition,fossil,0.0133213167,Gt/yr,haas2020,observed
1972,out_demolition,fossil,0.01539734282,Gt/yr,haas2020,observed
1973,out_demolition,fossil,0.01799121204,Gt/yr,haas2020,observed
1974,out_demolition,fossil,0.02026374109,Gt/yr,haas2020,observed
1975,out_demolition,fossil,0.02150964966,Gt/yr,haas2020,observed
1976,out_demolition,fossil,0.02419691235,Gt/yr,haas2020,observed
1977,out_demolition,fossil,0.02707595929,Gt/yr,haas2020,observed
1978,out_demolition,fossil,0.03005994495,Gt/yr,haas2020,observed
1979,out_demolition,fossil,0.03202192493,Gt/yr,haas2020,observed
1980,out_demolition,fossil,0.03240731433,Gt/yr,haas2020,observed
1981,out_demolition,fossil,0.03337790649,Gt/yr,haas2020,observed
1982,out_demolition,fossil,0.03584943127,Gt/yr,haas2020,observed
1983,out_demolition,fossil,0.03918161133,Gt/yr,haas2020,observed
1984,out_demolition,fossil,0.04211630591,Gt/yr,haas2020,observed
1985,out_demolition,fossil,0.04452264795,Gt/yr,haas2020,observed
1986,out_demolition,fossil,0.04630741748,Gt/yr,haas2020,observed
1987,out_demolition,fossil,0.04726922754,Gt/yr,haas2020,observed
1988,out_demolition,fossil,0.05007948853,Gt/yr,haas2020,observed
1989,out_demolition,fossil,0.05365409326,Gt/yr,haas2020,observed
1990,out_demolition,fossil,0.05695444385,Gt/yr,haas2020,observed
1991,out_demolition,fossil,0.05959734766,Gt/yr,haas2020,observed
1992,out_demolition,fossil,0.06462366406,Gt/yr,haas2020,observed
1993,out_demolition,fossil,0.06873929346,Gt/yr,haas2020,observed
1994,out_demolition,fossil,0.07255931592,Gt/yr,haas2020,observed
1995,out_demolition,fossil,0.07657521045,Gt/yr,haas2020,observed
1996,out_demolition,fossil,0.08079762012,Gt/yr,haas2020,observed
1997,out_demolition,fossil,0.08494887012,Gt/yr,haas2020,observed
1998,out_demolition,fossil,0.09018839648,Gt/yr,haas2020,observed
1999,out_demolition,fossil,0.09632571387,Gt/yr,haas2020,observed
2000,out_demolition,fossil,0.1020714287,Gt/yr,haas2020,observed
2001,out_demolition,fossil,0.1097300586,Gt/yr,haas2020,observed
2002,out_demolition,fossil,0.1165841504,Gt/yr,haas2020,observed
2003,out_demolition,fossil,0.120974375,Gt/yr,haas2020,observed
2004,out_demolition,fossil,0.129727,Gt/yr,haas2020,observed
2005,out_demolition,fossil,0.1396568086,Gt/yr,haas2020,observed
2006,out_demolition,fossil,0.1421629395,Gt/yr,haas2020,observed
2007,out_demolition,fossil,0.151459377,Gt/yr,haas2020,observed
2008,out_demolition,fossil,0.1587473145,Gt/yr,haas2020,observed
2009,out_demolition,fossil,0.16674325,Gt/yr,haas2020,observed
2010,out_demolition,fossil,0.1746041582,Gt/yr,haas2020,observed
2011,out_demolition,fossil,0.1804836426,Gt/yr,haas2020,observed
2012,out_demolition,fossil,0.1908149766,Gt/yr,haas2020,observed
2013,out_demolition,fossil,0.1975952969,Gt/yr,haas2020,observed
2014,out_demolition,fossil,0.2008008242,Gt/yr,haas2020,observed
2015,out_demolition,fossil,0.2038701953,Gt/yr,haas2020,observed
1900,out_demolition,metals,0.01661678825,Gt/yr,haas2020,observed
1901,out_demolition,metals,0.01721191624,Gt/yr,haas2020,observed
1902,out_demolition,metals,0.01788483466,Gt/yr,haas2020,observed
1903,out_demolition,metals,0.01856493276,Gt/yr,haas2020,observed
1904,out_demolition,metals,0.01922283201,Gt/yr,haas2020,observed
1905,out_demolition,metals,0.02114900293,Gt/yr,haas2020,observed
1906,out_demolition,metals,0.0207972424,Gt/yr,haas2020,observed
1907,out_demolition,metals,0.02378651562,Gt/yr,haas2020,observed
1908,out_demolition,metals,0.02264289894,Gt/yr,haas2020,observed
1909,out_demolition,metals,0.0244530721,Gt/yr,haas2020,observed
1910,out_demolition,metals,0.02627179979,Gt/yr,haas2020,observed
1911,out_demolition,metals,0.02632060506,Gt/yr,haas2020,observed
1912,out_demolition,metals,0.02830360582,Gt/yr,haas2020,observed
1913,out_demolition,metals,0.03093357696,Gt/yr,haas2020,observed
1914,out_demolition,metals,0.02733470918,Gt/yr,haas2020,observed
1915,out_demolition,metals,0.0279662247,Gt/yr,haas2020,observed
1916,out_demolition,metals,0.03051922696,Gt/yr,haas2020,observed
1917,out_demolition,metals,0.03152975722,Gt/yr,haas2020,observed
1918,out_demolition,metals,0.0312085429,Gt/yr,haas2020,observed
1919,out_demolition,metals,0.03070869398,Gt/yr,haas2020,observed
1920,out_demolition,metals,0.03274050688,Gt/yr,haas2020,observed
1921,out_demolition,metals,0.02972670094,Gt/yr,haas2020,observed
1922,out_demolition,metals,0.03314509703,Gt/yr,haas2020,observed
1923,out_demolition,metals,0.03673386725,Gt/yr,haas2020,observed
1924,out_demolition,metals,0.03746193007,Gt/yr,haas2020,observed
1925,out_demolition,metals,0.04035231915,Gt/yr,haas2020,observed
1926,out_demolition,metals,0.04186744399,Gt/yr,haas2020,observed
1927,out_demolition,metals,0.04471179095,Gt/yr,haas2020,observed
1928,out_demolition,metals,0.04639546544,Gt/yr,haas2020,observed
1929,out_demolition,metals,0.05018345503,Gt/yr,haas2020,observed
1930,out_demolition,metals,0.05010776907,Gt/yr,haas2020,observed
1931,out_demolition,metals,0.04699289759,Gt/yr,haas2020,observed
1932,out_demolition,metals,0.04538198513,Gt/yr,haas2020,observed
1933,out_demolition,metals,0.04874385635,Gt/yr,haas2020,observed
1934,out_demolition,metals,0.05346345452,Gt/yr,haas2020,observed
1935,out_demolition,metals,0.05745729211,Gt/yr,haas2020,observed
1936,out_demolition,metals,0.06267278549,Gt/yr,haas2020,observed
1937,out_demolition,metals,0.06892448788,Gt/yr,haas2020,observed
1938,out_demolition,metals,0.06729772279,Gt/yr,haas2020,observed
1939,out_demolition,metals,0.07348761951,Gt/yr,haas2020,observed
1940,out_demolition,metals,0.07639238766,Gt/yr,haas2020,observed
1941,out_demolition,metals,0.08041447888,Gt/yr,haas2020,observed
1942,out_demolition,metals,0.08449903409,Gt/yr,haas2020,observed
1943,out_demolition,metals,0.08692574207,Gt/yr,haas2020,observed
1944,out_demolition,metals,0.08689825101,Gt/yr,haas2020,observed
1945,out_demolition,metals,0.08555491136,Gt/yr,haas2020,observed
1946,out_demolition,metals,0.08702230911,Gt/yr,haas2020,observed
1947,out_demolition,metals,0.09218807013,Gt/yr,haas2020,observed
1948,out_demolition,metals,0.09703389996,Gt/yr,haas2020,observed
1949,out_demolition,metals,0.09920382993,Gt/yr,haas2020,observed
1950,out_demolition,metals,0.1032460005,Gt/yr,haas2020,observed
1951,out_demolition,metals,0.1085772257,Gt/yr,haas2020,observed
1952,out_demolition,metals,0.1104434526,Gt/yr,haas2020,observed
1953,out_demolition,metals,0.1154189501,Gt/yr,haas2020,observed
1954,out_demolition,metals,0.1226634001,Gt/yr,haas2020,observed
1955,out_demolition,metals,0.1208561207,Gt/yr,haas2020,observed
1956,out_demolition,metals,0.1246895703,Gt/yr,haas2020,observed
1957,out_demolition,metals,0.1298261698,Gt/yr,haas2020,observed
1958,out_demolition,metals,0.1285330328,Gt/yr,haas2020,observed
1959,out_demolition,metals,0.1334694812,Gt/yr,haas2020,observed
1960,out_demolition,metals,0.1434736322,Gt/yr,haas2020,observed
1961,out_demolition,metals,0.1434275669,Gt/yr,haas2020,observed
1962,out_demolition,metals,0.14626504,Gt/yr,haas2020,observed
1963,out_demolition,metals,0.1498059478,Gt/yr,haas2020,observed
1964,out_demolition,metals,0.1577973578,Gt/yr,haas2020,observed
1965,out_demolition,metals,0.1635635138,Gt/yr,haas2020,observed
1966,out_demolition,metals,0.1673995773,Gt/yr,haas2020,observed
1967,out_demolition,metals,0.1643033523,Gt/yr,haas2020,observed
1968,out_demolition,metals,0.175308415,Gt/yr,haas2020,observed
1969,out_demolition,metals,0.1837612733,Gt/yr,haas2020,observed
1970,out_demolition,metals,0.1898506126,Gt/yr,haas2020,observed
1971,out_demolition,metals,0.1927394869,Gt/yr,haas2020,observed
1972,out_demolition,metals,0.2008673941,Gt/yr,haas2020,observed
1973,out_demolition,metals,0.2131989042,Gt/yr,haas2020,observed
1974,out_demolition,metals,0.2181773891,Gt/yr,haas2020,observed
1975,out_demolition,metals,0.2176056909,Gt/yr,haas2020,observed
1976,out_demolition,metals,0.2267122078,Gt/yr,haas2020,observed
1977,out_demolition,metals,0.2315315474,Gt/yr,haas2020,observed
1978,out_demolition,metals,0.2411443077,Gt/yr,haas2020,observed
1979,out_demolition,metals,0.2512687332,Gt/yr,haas2020,observed
1980,out_demolition,metals,0.254962611,Gt/yr,haas2020,observed
1981,out_demolition,metals,0.2590373419,Gt/yr,haas2020,observed
1982,out_demolition,metals,0.2586076826,Gt/yr,haas2020,observed
1983,out_demolition,metals,0.2672173694,Gt/yr,haas2020,observed
1984,out_demolition,metals,0.2819330679,Gt/yr,haas2020,observed
1985,out_demolition,metals,0.2925175098,Gt/yr,haas2020,observed
1986,out_demolition,metals,0.3017989819,Gt/yr,haas2020,observed
1987,out_demolition,metals,0.3147663784,Gt/yr,haas2020,observed
1988,out_demolition,metals,0.3311511301,Gt/yr,haas2020,observed
1989,out_demolition,metals,0.343549127,Gt/yr,haas2020,observed
1990,out_demolition,metals,0.3536578386,Gt/yr,haas2020,observed
1991,out_demolition,metals,0.3617768186,Gt/yr,haas2020,observed
1992,out_demolition,metals,0.3737358784,Gt/yr,haas2020,observed
1993,out_demolition,metals,0.387098689,Gt/yr,haas2020,observed
1994,out_demolition,metals,0.4026397751,Gt/yr,haas2020,observed
1995,out_demolition,metals,0.4195394382,Gt/yr,haas2020,observed
1996,out_demolition,metals,0.4316742351,Gt/yr,haas2020,observed
1997,out_demolition,metals,0.4524817847,Gt/yr,haas2020,observed
1998,out_demolition,metals,0.4639856189,Gt/yr,haas2020,observed
1999,out_demolition,metals,0.4788154033,Gt/yr,haas2020,observed
2000,out_demolition,metals,0.5012431965,Gt/yr,haas2020,observed
2001,out_demolition,metals,0.5160782178,Gt/yr,haas2020,observed
2002,out_demolition,metals,0.537238364,Gt/yr,haas2020,observed
2003,out_demolition,metals,0.5633317598,Gt/yr,haas2020,observed
2004,out_demolition,metals,0.5886826091,Gt/yr,haas2020,observed
2005,out_demolition,metals,0.6186091204,Gt/yr,haas2020,observed
2006,out_demolition,metals,0.6482893721,Gt/yr,haas2020,observed
2007,out_demolition,metals,0.6803690234,Gt/yr,haas2020,observed
2008,out_demolition,metals,0.6929243066,Gt/yr,haas2020,observed
2009,out_demolition,metals,0.7025058418,Gt/yr,haas2020,observed
2010,out_demolition,metals,0.7354431328,Gt/yr,haas2020,observed
2011,out_demolition,metals,0.7635332661,Gt/yr,haas2020,observed
2012,out_demolition,metals,0.7795283877,Gt/yr,haas2020,observed
2013,out_demolition,metals,0.8055312974,Gt/yr,haas2020,observed
2014,out_demolition,metals,0.8136364722,Gt/yr,haas2020,observed
2015,out_demolition,metals,0.817380437,Gt/yr,haas2020,observed
1900,out_demolition,non_metallic_minerals,0.5908700415,Gt/yr,haas2020,observed
1901,out_demolition,non_metallic_minerals,0.5995627551,Gt/yr,haas2020,observed
1902,out_demolition,non_metallic_minerals,0.608156231,Gt/yr,haas2020,observed
1903,out_demolition,non_metallic_minerals,0.6175041884,Gt/yr,haas2020,observed
1904,out_demolition,non_metallic_minerals,0.6268633354,Gt/yr,haas2020,observed
1905,out_demolition,non_metallic_minerals,0.6363437681,Gt/yr,haas2020,observed
1906,out_demolition,non_metallic_minerals,0.6465639785,Gt/yr,haas2020,observed
1907,out_demolition,non_metallic_minerals,0.6568220399,Gt/yr,haas2020,observed
1908,out_demolition,non_metallic_minerals,0.6675806572,Gt/yr,haas2020,observed
1909,out_demolition,non_metallic_minerals,0.6785099279,Gt/yr,haas2020,observed
1910,out_demolition,non_metallic_minerals,0.6899092659,Gt/yr,haas2020,observed
1911,out_demolition,non_metallic_minerals,0.7010337152,Gt/yr,haas2020,observed
1912,out_demolition,non_metallic_minerals,0.7124297222,Gt/yr,haas2020,observed
1913,out_demolition,non_metallic_minerals,0.7248516235,Gt/yr,haas2020,observed
1914,out_demolition,non_metallic_minerals,0.7351860681,Gt/yr,haas2020,observed
1915,out_demolition,non_metallic_minerals,0.7447559558,Gt/yr,haas2020,observed
1916,out_demolition,non_metallic_minerals,0.7541285593,Gt/yr,haas2020,observed
1917,out_demolition,non_metallic_minerals,0.7633572893,Gt/yr,haas2020,observed
1918,out_demolition,non_metallic_minerals,0.7713533862,Gt/yr,haas2020,observed
1919,out_demolition,non_metallic_minerals,0.7793488378,Gt/yr,haas2020,observed
1920,out_demolition,non_metallic_minerals,0.7898966003,Gt/yr,haas2020,observed
1921,out_demolition,non_metallic_minerals,0.7995443093,Gt/yr,haas2020,observed
1922,out_demolition,non_metallic_minerals,0.8116458333,Gt/yr,haas2020,observed
1923,out_demolition,non_metallic_minerals,0.823372212,Gt/yr,haas2020,observed
1924,out_demolition,non_metallic_minerals,0.8374460004,Gt/yr,haas2020,observed
1925,out_demolition,non_metallic_minerals,0.8525873235,Gt/yr,haas2020,observed
1926,out_demolition,non_metallic_minerals,0.8677934002,Gt/yr,haas2020,observed
1927,out_demolition,non_metallic_minerals,0.884294897,Gt/yr,haas2020,observed
1928,out_demolition,non_metallic_minerals,0.9012872047,Gt/yr,haas2020,observed
1929,out_demolition,non_metallic_minerals,0.9180137885,Gt/yr,haas2020,observed
1930,out_demolition,non_metallic_minerals,0.9335716315,Gt/yr,haas2020,observed
1931,out_demolition,non_metallic_minerals,0.9465212755,Gt/yr,haas2020,observed
1932,out_demolition,non_metallic_minerals,0.9575419393,Gt/yr,haas2020,observed
1933,out_demolition,non_metallic_minerals,0.9698559708,Gt/yr,haas2020,observed
1934,out_demolition,non_metallic_minerals,0.9854212181,Gt/yr,haas2020,observed
1935,out_demolition,non_metallic_minerals,1.001412965,Gt/yr,haas2020,observed
1936,out_demolition,non_metallic_minerals,1.01562078,Gt/yr,haas2020,observed
1937,out_demolition,non_metallic_minerals,1.036556372,Gt/yr,haas2020,observed
1938,out_demolition,non_metallic_minerals,1.054998842,Gt/yr,haas2020,observed
1939,out_demolition,non_metallic_minerals,1.074758094,Gt/yr,haas2020,observed
1940,out_demolition,non_metallic_minerals,1.090009049,Gt/yr,haas2020,observed
1941,out_demolition,non_metallic_minerals,1.109662034,Gt/yr,haas2020,observed
1942,out_demolition,non_metallic_minerals,1.125855421,Gt/yr,haas2020,observed
1943,out_demolition,non_metallic_minerals,1.140020953,Gt/yr,haas2020,observed
1944,out_demolition,non_metallic_minerals,1.152036385,Gt/yr,haas2020,observed
1945,out_demolition,non_metallic_minerals,1.164677365,Gt/yr,haas2020,observed
1946,out_demolition,non_metallic_minerals,1.185773277,Gt/yr,haas2020,observed
1947,out_demolition,non_metallic_minerals,1.207469338,Gt/yr,haas2020,observed
1948,out_demolition,non_metallic_minerals,1.231896786,Gt/yr,haas2020,observed
1949,out_demolition,non_metallic_minerals,1.257667347,Gt/yr,haas2020,observed
1950,out_demolition,non_metallic_minerals,1.287444849,Gt/yr,haas2020,observed
1951,out_demolition,non_metallic_minerals,1.318923473,Gt/yr,haas2020,observed
1952,out_demolition,non_metallic_minerals,1.351231245,Gt/yr,haas2020,observed
1953,out_demolition,non_metallic_minerals,1.387349211,Gt/yr,haas2020,observed
1954,out_demolition,non_metallic_minerals,1.425934867,Gt/yr,haas2020,observed
1955,out_demolition,non_metallic_minerals,1.468108944,Gt/yr,haas2020,observed
1956,out_demolition,non_metallic_minerals,1.514200587,Gt/yr,haas2020,observed
1957,out_demolition,non_metallic_minerals,1.559765971,Gt/yr,haas2020,observed
1958,out_demolition,non_metallic_minerals,1.606060564,Gt/yr,haas2020,observed
1959,out_demolition,non_metallic_minerals,1.661318434,Gt/yr,haas2020,observed
1960,out_demolition,non_metallic_minerals,1.71854017,Gt/yr,haas2020,observed
1961,out_demolition,non_metallic_minerals,1.778731916,Gt/yr,haas2020,observed
1962,out_demolition,non_metallic_minerals,1.842375064,Gt/yr,haas2020,observed
1963,out_demolition,non_metallic_minerals,1.909508833,Gt/yr,haas2020,observed
1964,out_demolition,non_metallic_minerals,1.987759206,Gt/yr,haas2020,observed
1965,out_demolition,non_metallic_minerals,2.060547083,Gt/yr,haas2020,observed
1966,out_demolition,non_metallic_minerals,2.147830914,Gt/yr,haas2020,observed
1967,out_demolition,non_metallic_minerals,2.229293432,Gt/yr,haas2020,observed
1968,out_demolition,non_metallic_minerals,2.32603965,Gt/yr,haas2020,observed
1969,out_demolition,non_metallic_minerals,2.42220067,Gt/yr,haas2020,observed
1970,out_demolition,non_metallic_minerals,2.528338458,Gt/yr,haas2020,observed
1971,out_demolition,non_metallic_minerals,2.632210519,Gt/yr,haas2020,observed
1972,out_demolition,non_metallic_minerals,2.763110357,Gt/yr,haas2020,observed
1973,out_demolition,non_metallic_minerals,2.889195186,Gt/yr,haas2020,observed
1974,out_demolition,non_metallic_minerals,3.00991721,Gt/yr,haas2020,observed
1975,out_demolition,non_metallic_minerals,3.130982807,Gt/yr,haas2020,observed
1976,out_demolition,non_metallic_minerals,3.262405129,Gt/yr,haas2020,observed
1977,out_demolition,non_metallic_minerals,3.403957048,Gt/yr,haas2020,observed
1978,out_demolition,non_metallic_minerals,3.557132831,Gt/yr,haas2020,observed
1979,out_demolition,non_metallic_minerals,3.708794534,Gt/yr,haas2020,observed
1980,out_demolition,non_metallic_minerals,3.868460134,Gt/yr,haas2020,observed
1981,out_demolition,non_metallic_minerals,4.013532624,Gt/yr,haas2020,observed
1982,out_demolition,non_metallic_minerals,4.172393491,Gt/yr,haas2020,observed
1983,out_demolition,non_metallic_minerals,4.34262071,Gt/yr,haas2020,observed
1984,out_demolition,non_metallic_minerals,4.524012372,Gt/yr,haas2020,observed
1985,out_demolition,non_metallic_minerals,4.703105341,Gt/yr,haas2020,observed
1986,out_demolition,non_metallic_minerals,4.90406275,Gt/yr,haas2020,observed
1987,out_demolition,non_metallic_minerals,5.114404147,Gt/yr,haas2020,observed
1988,out_demolition,non_metallic_minerals,5.342655355,Gt/yr,haas2020,observed
1989,out_demolition,non_metallic_minerals,5.540033428,Gt/yr,haas2020,observed
1990,out_demolition,non_metallic_minerals,5.748733103,Gt/yr,haas2020,observed
1991,out_demolition,non_metallic_minerals,6.002687517,Gt/yr,haas2020,observed
1992,out_demolition,non_metallic_minerals,6.230467427,Gt/yr,haas2020,observed
1993,out_demolition,non_metallic_minerals,6.519918923,Gt/yr,haas2020,observed
1994,out_demolition,non_metallic_minerals,6.80598115,Gt/yr,haas2020,observed
1995,out_demolition,non_metallic_minerals,7.154364596,Gt/yr,haas2020,observed
1996,out_demolition,non_metallic_minerals,7.443885714,Gt/yr,haas2020,observed
1997,out_demolition,non_metallic_minerals,7.725491112,Gt/yr,haas2020,observed
1998,out_demolition,non_metallic_minerals,8.011559351,Gt/yr,haas2020,observed
1999,out_demolition,non_metallic_minerals,8.297089537,Gt/yr,haas2020,observed
2000,out_demolition,non_metallic_minerals,8.591688736,Gt/yr,haas2020,observed
2001,out_demolition,non_metallic_minerals,8.874913884,Gt/yr,haas2020,observed
2002,out_demolition,non_metallic_minerals,9.190322274,Gt/yr,haas2020,observed
2003,out_demolition,non_metallic_minerals,9.549025329,Gt/yr,haas2020,observed
2004,out_demolition,non_metallic_minerals,9.917803446,Gt/yr,haas2020,observed
2005,out_demolition,non_metallic_minerals,10.32137008,Gt/yr,haas2020,observed
2006,out_demolition,non_metallic_minerals,10.75631254,Gt/yr,haas2020,observed
2007,out_demolition,non_metallic_minerals,11.23702285,Gt/yr,haas2020,observed
2008,out_demolition,non_metallic_minerals,11.69314626,Gt/yr,haas2020,observed
2009,out_demolition,non_metallic_minerals,12.21178977,Gt/yr,haas2020,observed
2010,out_demolition,non_metallic_minerals,12.78221807,Gt/yr,haas2020,observed
2011,out_demolition,non_metallic_minerals,13.41308134,Gt/yr,haas2020,observed
2012,out_demolition,non_metallic_minerals,14.04260727,Gt/yr,haas2020,observed
2013,out_demolition,non_metallic_minerals,14.71638205,Gt/yr,haas2020,observed
2014,out_demolition,non_metallic_minerals,15.41015073,Gt/yr,haas2020,observed
2015,out_demolition,non_metallic_minerals,16.05280638,Gt/yr,haas2020,observed
1900,out_dissipative_and_processing,biomass,0.86450773,Gt/yr,haas2020,observed
1901,out_dissipative_and_processing,biomass,0.8749106882,Gt/yr,haas2020,observed
1902,out_dissipative_and_processing,biomass,0.8845385058,Gt/yr,haas2020,observed
1903,out_dissipative_and_processing,biomass,0.8951731241,Gt/yr,haas2020,observed
1904,out_dissipative_and_processing,biomass,0.9045565471,Gt/yr,haas2020,observed
1905,out_dissipative_and_processing,biomass,0.9152306303,Gt/yr,haas2020,observed
1906,out_dissipative_and_processing,biomass,0.9247591158,Gt/yr,haas2020,observed
1907,out_dissipative_and_processing,biomass,0.9348308318,Gt/yr,haas2020,observed
1908,out_dissipative_and_processing,biomass,0.9447758173,Gt/yr,haas2020,observed
1909,out_dissipative_and_processing,biomass,0.9548707403,Gt/yr,haas2020,observed
1910,out_dissipative_and_processing,biomass,0.9647504602,Gt/yr,haas2020,observed
1911,out_dissipative_and_processing,biomass,0.9742117717,Gt/yr,haas2020,observed
1912,out_dissipative_and_processing,biomass,0.9829011925,Gt/yr,haas2020,observed
1913,out_dissipative_and_processing,biomass,0.9916226095,Gt/yr,haas2020,observed
1914,out_dissipative_and_processing,biomass,1.000372894,Gt/yr,haas2020,observed
1915,out_dissipative_and_processing,biomass,1.009825744,Gt/yr,haas2020,observed
1916,out_dissipative_and_processing,biomass,1.019113977,Gt/yr,haas2020,observed
1917,out_dissipative_and_processing,biomass,1.027832336,Gt/yr,haas2020,observed
1918,out_dissipative_and_processing,biomass,1.036709827,Gt/yr,haas2020,observed
1919,out_dissipative_and_processing,biomass,1.04616949,Gt/yr,haas2020,observed
1920,out_dissipative_and_processing,biomass,1.055470813,Gt/yr,haas2020,observed
1921,out_dissipative_and_processing,biomass,1.063925117,Gt/yr,haas2020,observed
1922,out_dissipative_and_processing,biomass,1.073351264,Gt/yr,haas2020,observed
1923,out_dissipative_and_processing,biomass,1.082052837,Gt/yr,haas2020,observed
1924,out_dissipative_and_processing,biomass,1.090653782,Gt/yr,haas2020,observed
1925,out_dissipative_and_processing,biomass,1.099966492,Gt/yr,haas2020,observed
1926,out_dissipative_and_processing,biomass,1.108710073,Gt/yr,haas2020,observed
1927,out_dissipative_and_processing,biomass,1.117742259,Gt/yr,haas2020,observed
1928,out_dissipative_and_processing,biomass,1.127044258,Gt/yr,haas2020,observed
1929,out_dissipative_and_processing,biomass,1.135736292,Gt/yr,haas2020,observed
1930,out_dissipative_and_processing,biomass,1.14528219,Gt/yr,haas2020,observed
1931,out_dissipative_and_processing,biomass,1.159151495,Gt/yr,haas2020,observed
1932,out_dissipative_and_processing,biomass,1.174486094,Gt/yr,haas2020,observed
1933,out_dissipative_and_processing,biomass,1.188138493,Gt/yr,haas2020,observed
1934,out_dissipative_and_processing,biomass,1.202755619,Gt/yr,haas2020,observed
1935,out_dissipative_and_processing,biomass,1.21794089,Gt/yr,haas2020,observed
1936,out_dissipative_and_processing,biomass,1.231360758,Gt/yr,haas2020,observed
1937,out_dissipative_and_processing,biomass,1.246002829,Gt/yr,haas2020,observed
1938,out_dissipative_and_processing,biomass,1.260235466,Gt/yr,haas2020,observed
1939,out_dissipative_and_processing,biomass,1.274186928,Gt/yr,haas2020,observed
1940,out_dissipative_and_processing,biomass,1.289279121,Gt/yr,haas2020,observed
1941,out_dissipative_and_processing,biomass,1.303454996,Gt/yr,haas2020,observed
1942,out_dissipative_and_processing,biomass,1.317820521,Gt/yr,haas2020,observed
1943,out_dissipative_and_processing,biomass,1.332587162,Gt/yr,haas2020,observed
1944,out_dissipative_and_processing,biomass,1.345812745,Gt/yr,haas2020,observed
1945,out_dissipative_and_processing,biomass,1.360677238,Gt/yr,haas2020,observed
1946,out_dissipative_and_processing,biomass,1.375724837,Gt/yr,haas2020,observed
1947,out_dissipative_and_processing,biomass,1.389358787,Gt/yr,haas2020,observed
1948,out_dissipative_and_processing,biomass,1.403925569,Gt/yr,haas2020,observed
1949,out_dissipative_and_processing,biomass,1.418509875,Gt/yr,haas2020,observed
1950,out_dissipative_and_processing,biomass,1.433266383,Gt/yr,haas2020,observed
1951,out_dissipative_and_processing,biomass,1.460045739,Gt/yr,haas2020,observed
1952,out_dissipative_and_processing,biomass,1.487763337,Gt/yr,haas2020,observed
1953,out_dissipative_and_processing,biomass,1.515507638,Gt/yr,haas2020,observed
1954,out_dissipative_and_processing,biomass,1.54306765,Gt/yr,haas2020,observed
1955,out_dissipative_and_processing,biomass,1.570710017,Gt/yr,haas2020,observed
1956,out_dissipative_and_processing,biomass,1.598018427,Gt/yr,haas2020,observed
1957,out_dissipative_and_processing,biomass,1.625288338,Gt/yr,haas2020,observed
1958,out_dissipative_and_processing,biomass,1.653097678,Gt/yr,haas2020,observed
1959,out_dissipative_and_processing,biomass,1.679968143,Gt/yr,haas2020,observed
1960,out_dissipative_and_processing,biomass,1.70811403,Gt/yr,haas2020,observed
1961,out_dissipative_and_processing,biomass,1.731713445,Gt/yr,haas2020,observed
1962,out_dissipative_and_processing,biomass,1.761289912,Gt/yr,haas2020,observed
1963,out_dissipative_and_processing,biomass,1.767751278,Gt/yr,haas2020,observed
1964,out_dissipative_and_processing,biomass,1.808210722,Gt/yr,haas2020,observed
1965,out_dissipative_and_processing,biomass,1.788972344,Gt/yr,haas2020,observed
1966,out_dissipative_and_processing,biomass,1.853917838,Gt/yr,haas2020,observed
1967,out_dissipative_and_processing,biomass,1.924889445,Gt/yr,haas2020,observed
1968,out_dissipative_and_processing,biomass,1.90878772,Gt/yr,haas2020,observed
1969,out_dissipative_and_processing,biomass,1.892764442,Gt/yr,haas2020,observed
1970,out_dissipative_and_processing,biomass,1.93343213,Gt/yr,haas2020,observed
1971,out_dissipative_and_processing,biomass,2.044774277,Gt/yr,haas2020,observed
1972,out_dissipative_and_processing,biomass,1.957749667,Gt/yr,haas2020,observed
1973,out_dissipative_and_processing,biomass,2.055680012,Gt/yr,haas2020,observed
1974,out_dissipative_and_processing,biomass,2.047534775,Gt/yr,haas2020,observed
1975,out_dissipative_and_processing,biomass,2.089917143,Gt/yr,haas2020,observed
1976,out_dissipative_and_processing,biomass,2.14402437,Gt/yr,haas2020,observed
1977,out_dissipative_and_processing,biomass,2.124280611,Gt/yr,haas2020,observed
1978,out_dissipative_and_processing,biomass,2.257880055,Gt/yr,haas2020,observed
1979,out_dissipative_and_processing,biomass,2.248440638,Gt/yr,haas2020,observed
1980,out_dissipative_and_processing,biomass,2.242137215,Gt/yr,haas2020,observed
1981,out_dissipative_and_processing,biomass,2.340390418,Gt/yr,haas2020,observed
1982,out_dissipative_and_processing,biomass,2.36973229,Gt/yr,haas2020,observed
1983,out_dissipative_and_processing,biomass,2.310797795,Gt/yr,haas2020,observed
1984,out_dissipative_and_processing,biomass,2.508402148,Gt/yr,haas2020,observed
1985,out_dissipative_and_processing,biomass,2.580480238,Gt/yr,haas2020,observed
1986,out_dissipative_and_processing,biomass,2.567102806,Gt/yr,haas2020,observed
1987,out_dissipative_and_processing,biomass,2.543832273,Gt/yr,haas2020,observed
1988,out_dissipative_and_processing,biomass,2.529205851,Gt/yr,haas2020,observed
1989,out_dissipative_and_processing,biomass,2.687229018,Gt/yr,haas2020,observed
1990,out_dissipative_and_processing,biomass,2.756530436,Gt/yr,haas2020,observed
1991,out_dissipative_and_processing,biomass,2.684478792,Gt/yr,haas2020,observed
1992,out_dissipative_and_processing,biomass,2.76519108,Gt/yr,haas2020,observed
1993,out_dissipative_and_processing,biomass,2.63816142,Gt/yr,haas2020,observed
1994,out_dissipative_and_processing,biomass,2.719866726,Gt/yr,haas2020,observed
1995,out_dissipative_and_processing,biomass,2.708410718,Gt/yr,haas2020,observed
1996,out_dissipative_and_processing,biomass,2.866931293,Gt/yr,haas2020,observed
1997,out_dissipative_and_processing,biomass,2.857196865,Gt/yr,haas2020,observed
1998,out_dissipative_and_processing,biomass,2.889158439,Gt/yr,haas2020,observed
1999,out_dissipative_and_processing,biomass,2.876730943,Gt/yr,haas2020,observed
2000,out_dissipative_and_processing,biomass,2.846815262,Gt/yr,haas2020,observed
2001,out_dissipative_and_processing,biomass,2.847188704,Gt/yr,haas2020,observed
2002,out_dissipative_and_processing,biomass,2.840012891,Gt/yr,haas2020,observed
2003,out_dissipative_and_processing,biomass,2.932812492,Gt/yr,haas2020,observed
2004,out_dissipative_and_processing,biomass,3.116614929,Gt/yr,haas2020,observed
2005,out_dissipative_and_processing,biomass,3.218364494,Gt/yr,haas2020,observed
2006,out_dissipative_and_processing,biomass,3.273175753,Gt/yr,haas2020,observed
2007,out_dissipative_and_processing,biomass,3.525991074,Gt/yr,haas2020,observed
2008,out_dissipative_and_processing,biomass,3.794532771,Gt/yr,haas2020,observed
2009,out_dissipative_and_processing,biomass,3.882072534,Gt/yr,haas2020,observed
2010,out_dissipative_and_processing,biomass,4.035320182,Gt/yr,haas2020,observed
2011,out_dissipative_and_processing,biomass,4.236246955,Gt/yr,haas2020,observed
2012,out_dissipative_and_processing,biomass,4.274029166,Gt/yr,haas2020,observed
2013,out_dissipative_and_processing,biomass,4.616498665,Gt/yr,haas2020,observed
2014,out_dissipative_and_processing,biomass,4.745127347,Gt/yr,haas2020,observed
2015,out_dissipative_and_processing,biomass,4.842166988,Gt/yr,haas2020,observed
1900,out_dissipative_and_processing,fossil,0.003332148988,Gt/yr,haas2020,observed
1901,out_dissipative_and_processing,fossil,0.003558996467,Gt/yr,haas2020,observed
1902,out_dissipative_and_processing,fossil,0.003743069105,Gt/yr,haas2020,observed
1903,out_dissipative_and_processing,fossil,0.004039193429,Gt/yr,haas2020,observed
1904,out_dissipative_and_processing,fossil,0.004288680855,Gt/yr,haas2020,observed
1905,out_dissipative_and_processing,fossil,0.004428462876,Gt/yr,haas2020,observed
1906,out_dissipative_and_processing,fossil,0.004582440188,Gt/yr,haas2020,observed
1907,out_dissipative_and_processing,fossil,0.00533942567,Gt/yr,haas2020,observed
1908,out_dissipative_and_processing,fossil,0.005420259049,Gt/yr,haas2020,observed
1909,out_dissipative_and_processing,fossil,0.005641696292,Gt/yr,haas2020,observed
1910,out_dissipative_and_processing,fossil,0.006043794547,Gt/yr,haas2020,observed
1911,out_dissipative_and_processing,fossil,0.006329714071,Gt/yr,haas2020,observed
1912,out_dissipative_and_processing,fossil,0.006543520257,Gt/yr,haas2020,observed
1913,out_dissipative_and_processing,fossil,0.007146718274,Gt/yr,haas2020,observed
1914,out_dissipative_and_processing,fossil,0.007040012951,Gt/yr,haas2020,observed
1915,out_dissipative_and_processing,fossil,0.00732674248,Gt/yr,haas2020,observed
1916,out_dissipative_and_processing,fossil,0.007760339171,Gt/yr,haas2020,observed
1917,out_dissipative_and_processing,fossil,0.008433224284,Gt/yr,haas2020,observed
1918,out_dissipative_and_processing,fossil,0.008303099632,Gt/yr,haas2020,observed
1919,out_dissipative_and_processing,fossil,0.008488513346,Gt/yr,haas2020,observed
1920,out_dissipative_and_processing,fossil,0.01031185247,Gt/yr,haas2020,observed
1921,out_dissipative_and_processing,fossil,0.01057370421,Gt/yr,haas2020,observed
1922,out_dissipative_and_processing,fossil,0.01174933305,Gt/yr,haas2020,observed
1923,out_dissipative_and_processing,fossil,0.01369851439,Gt/yr,haas2020,observed
1924,out_dissipative_and_processing,fossil,0.01364587444,Gt/yr,haas2020,observed
1925,out_dissipative_and_processing,fossil,0.01405388038,Gt/yr,haas2020,observed
1926,out_dissipative_and_processing,fossil,0.01430997313,Gt/yr,haas2020,observed
1927,out_dissipative_and_processing,fossil,0.01620646857,Gt/yr,haas2020,observed
1928,out_dissipative_and_processing,fossil,0.01702980174,Gt/yr,haas2020,observed
1929,out_dissipative_and_processing,fossil,0.0187179984,Gt/yr,haas2020,observed
1930,out_dissipative_and_processing,fossil,0.01762493599,Gt/yr,haas2020,observed
1931,out_dissipative_and_processing,fossil,0.01673328749,Gt/yr,haas2020,observed
1932,out_dissipative_and_processing,fossil,0.01568050157,Gt/yr,haas2020,observed
1933,out_dissipative_and_processing,fossil,0.01707751503,Gt/yr,haas2020,observed
1934,out_dissipative_and_processing,fossil,0.01811743933,Gt/yr,haas2020,observed
1935,out_dissipative_and_processing,fossil,0.01947635393,Gt/yr,haas2020,observed
1936,out_dissipative_and_processing,fossil,0.02114955999,Gt/yr,haas2020,observed
1937,out_dissipative_and_processing,fossil,0.02388487398,Gt/yr,haas2020,observed
1938,out_dissipative_and_processing,fossil,0.01708124223,Gt/yr,haas2020,observed
1939,out_dissipative_and_processing,fossil,0.02402571329,Gt/yr,haas2020,observed
1940,out_dissipative_and_processing,fossil,0.02488295139,Gt/yr,haas2020,observed
1941,out_dissipative_and_processing,fossil,0.02556885863,Gt/yr,haas2020,observed
1942,out_dissipative_and_processing,fossil,0.02413163647,Gt/yr,haas2020,observed
1943,out_dissipative_and_processing,fossil,0.02582946149,Gt/yr,haas2020,observed
1944,out_dissipative_and_processing,fossil,0.02887726405,Gt/yr,haas2020,observed
1945,out_dissipative_and_processing,fossil,0.02789564536,Gt/yr,haas2020,observed
1946,out_dissipative_and_processing,fossil,0.02925191325,Gt/yr,haas2020,observed
1947,out_dissipative_and_processing,fossil,0.03228998365,Gt/yr,haas2020,observed
1948,out_dissipative_and_processing,fossil,0.03642510246,Gt/yr,haas2020,observed
1949,out_dissipative_and_processing,fossil,0.03560526347,Gt/yr,haas2020,observed
1950,out_dissipative_and_processing,fossil,0.03595845771,Gt/yr,haas2020,observed
1951,out_dissipative_and_processing,fossil,0.03976313211,Gt/yr,haas2020,observed
1952,out_dissipative_and_processing,fossil,0.04104612103,Gt/yr,haas2020,observed
1953,out_dissipative_and_processing,fossil,0.04339175197,Gt/yr,haas2020,observed
1954,out_dissipative_and_processing,fossil,0.04533683743,Gt/yr,haas2020,observed
1955,out_dissipative_and_processing,fossil,0.05125960524,Gt/yr,haas2020,observed
1956,out_dissipative_and_processing,fossil,0.05473467922,Gt/yr,haas2020,observed
1957,out_dissipative_and_processing,fossil,0.05606083713,Gt/yr,haas2020,observed
1958,out_dissipative_and_processing,fossil,0.05958723338,Gt/yr,haas2020,observed
1959,out_dissipative_and_processing,fossil,0.06349964449,Gt/yr,haas2020,observed
1960,out_dissipative_and_processing,fossil,0.06821584431,Gt/yr,haas2020,observed
1961,out_dissipative_and_processing,fossil,0.07119931104,Gt/yr,haas2020,observed
1962,out_dissipative_and_processing,fossil,0.07664781265,Gt/yr,haas2020,observed
1963,out_dissipative_and_processing,fossil,0.08328749443,Gt/yr,haas2020,observed
1964,out_dissipative_and_processing,fossil,0.08862069949,Gt/yr,haas2020,observed
1965,out_dissipative_and_processing,fossil,0.09283900676,Gt/yr,haas2020,observed
1966,out_dissipative_and_processing,fossil,0.09743576318,Gt/yr,haas2020,observed
1967,out_dissipative_and_processing,fossil,0.1034455772,Gt/yr,haas2020,observed
1968,out_dissipative_and_processing,fossil,0.1103336975,Gt/yr,haas2020,observed
1969,out_dissipative_and_processing,fossil,0.1183199573,Gt/yr,haas2020,observed
1970,out_dissipative_and_processing,fossil,0.1263093553,Gt/yr,haas2020,observed
1971,out_dissipative_and_processing,fossil,0.1496449677,Gt/yr,haas2020,observed
1972,out_dissipative_and_processing,fossil,0.1599149268,Gt/yr,haas2020,observed
1973,out_dissipative_and_processing,fossil,0.1792587724,Gt/yr,haas2020,observed
1974,out_dissipative_and_processing,fossil,0.1744943663,Gt/yr,haas2020,observed
1975,out_dissipative_and_processing,fossil,0.1743626477,Gt/yr,haas2020,observed
1976,out_dissipative_and_processing,fossil,0.1958583081,Gt/yr,haas2020,observed
1977,out_dissipative_and_processing,fossil,0.2126760772,Gt/yr,haas2020,observed
1978,out_dissipative_and_processing,fossil,0.2366961109,Gt/yr,haas2020,observed
1979,out_dissipative_and_processing,fossil,0.2422950906,Gt/yr,haas2020,observed
1980,out_dissipative_and_processing,fossil,0.230949747,Gt/yr,haas2020,observed
1981,out_dissipative_and_processing,fossil,0.2353545324,Gt/yr,haas2020,observed
1982,out_dissipative_and_processing,fossil,0.2251277407,Gt/yr,haas2020,observed
1983,out_dissipative_and_processing,fossil,0.2314705191,Gt/yr,haas2020,observed
1984,out_dissipative_and_processing,fossil,0.2397888864,Gt/yr,haas2020,observed
1985,out_dissipative_and_processing,fossil,0.2577396048,Gt/yr,haas2020,observed
1986,out_dissipative_and_processing,fossil,0.2732196976,Gt/yr,haas2020,observed
1987,out_dissipative_and_processing,fossil,0.2897335559,Gt/yr,haas2020,observed
1988,out_dissipative_and_processing,fossil,0.3060875483,Gt/yr,haas2020,observed
1989,out_dissipative_and_processing,fossil,0.3104304904,Gt/yr,haas2020,observed
1990,out_dissipative_and_processing,fossil,0.3076467859,Gt/yr,haas2020,observed
1991,out_dissipative_and_processing,fossil,0.307813426,Gt/yr,haas2020,observed
1992,out_dissipative_and_processing,fossil,0.3074311601,Gt/yr,haas2020,observed
1993,out_dissipative_and_processing,fossil,0.2892505057,Gt/yr,haas2020,observed
1994,out_dissipative_and_processing,fossil,0.29462978,Gt/yr,haas2020,observed
1995,out_dissipative_and_processing,fossil,0.3042091012,Gt/yr,haas2020,observed
1996,out_dissipative_and_processing,fossil,0.3144160963,Gt/yr,haas2020,observed
1997,out_dissipative_and_processing,fossil,0.3306456384,Gt/yr,haas2020,observed
1998,out_dissipative_and_processing,fossil,0.3145162746,Gt/yr,haas2020,observed
1999,out_dissipative_and_processing,fossil,0.3126642472,Gt/yr,haas2020,observed
2000,out_dissipative_and_processing,fossil,0.3276791257,Gt/yr,haas2020,observed
2001,out_dissipative_and_processing,fossil,0.3233230614,Gt/yr,haas2020,observed
2002,out_dissipative_and_processing,fossil,0.3332029907,Gt/yr,haas2020,observed
2003,out_dissipative_and_processing,fossil,0.3486895804,Gt/yr,haas2020,observed
2004,out_dissipative_and_processing,fossil,0.3751995764,Gt/yr,haas2020,observed
2005,out_dissipative_and_processing,fossil,0.3738295236,Gt/yr,haas2020,observed
2006,out_dissipative_and_processing,fossil,0.3835632238,Gt/yr,haas2020,observed
2007,out_dissipative_and_processing,fossil,0.3838036109,Gt/yr,haas2020,observed
2008,out_dissipative_and_processing,fossil,0.3519900468,Gt/yr,haas2020,observed
2009,out_dissipative_and_processing,fossil,0.3765894864,Gt/yr,haas2020,observed
2010,out_dissipative_and_processing,fossil,0.4057628747,Gt/yr,haas2020,observed
2011,out_dissipative_and_processing,fossil,0.4287950495,Gt/yr,haas2020,observed
2012,out_dissipative_and_processing,fossil,0.4344654781,Gt/yr,haas2020,observed
2013,out_dissipative_and_processing,fossil,0.434135491,Gt/yr,haas2020,observed
2014,out_dissipative_and_processing,fossil,0.4257180518,Gt/yr,haas2020,observed
2015,out_dissipative_and_processing,fossil,0.4170304579,Gt/yr,haas2020,observed
1900,out_dissipative_and_processing,metals,0.09762155948,Gt/yr,haas2020,observed
1901,out_dissipative_and_processing,metals,0.1019297787,Gt/yr,haas2020,observed
1902,out_dissipative_and_processing,metals,0.105434087,Gt/yr,haas2020,observed
1903,out_dissipative_and_processing,metals,0.108948948,Gt/yr,haas2020,observed
1904,out_dissipative_and_processing,metals,0.1138220061,Gt/yr,haas2020,observed
1905,out_dissipative_and_processing,metals,0.1279747189,Gt/yr,haas2020,observed
1906,out_dissipative_and_processing,metals,0.126704347,Gt/yr,haas2020,observed
1907,out_dissipative_and_processing,metals,0.1425731285,Gt/yr,haas2020,observed
1908,out_dissipative_and_processing,metals,0.140950076,Gt/yr,haas2020,observed
1909,out_dissipative_and_processing,metals,0.1543240435,Gt/yr,haas2020,observed
1910,out_dissipative_and_processing,metals,0.1676136949,Gt/yr,haas2020,observed
1911,out_dissipative_and_processing,metals,0.1689341856,Gt/yr,haas2020,observed
1912,out_dissipative_and_processing,metals,0.1878915946,Gt/yr,haas2020,observed
1913,out_dissipative_and_processing,metals,0.2044889055,Gt/yr,haas2020,observed
1914,out_dissipative_and_processing,metals,0.1715478344,Gt/yr,haas2020,observed
1915,out_dissipative_and_processing,metals,0.1777794402,Gt/yr,haas2020,observed
1916,out_dissipative_and_processing,metals,0.2071979838,Gt/yr,haas2020,observed
1917,out_dissipative_and_processing,metals,0.2122665307,Gt/yr,haas2020,observed
1918,out_dissipative_and_processing,metals,0.2026247428,Gt/yr,haas2020,observed
1919,out_dissipative_and_processing,metals,0.1652639692,Gt/yr,haas2020,observed
1920,out_dissipative_and_processing,metals,0.1726171233,Gt/yr,haas2020,observed
1921,out_dissipative_and_processing,metals,0.118827652,Gt/yr,haas2020,observed
1922,out_dissipative_and_processing,metals,0.1587888322,Gt/yr,haas2020,observed
1923,out_dissipative_and_processing,metals,0.1985847012,Gt/yr,haas2020,observed
1924,out_dissipative_and_processing,metals,0.2086249687,Gt/yr,haas2020,observed
1925,out_dissipative_and_processing,metals,0.2328103031,Gt/yr,haas2020,observed
1926,out_dissipative_and_processing,metals,0.2354303751,Gt/yr,haas2020,observed
1927,out_dissipative_and_processing,metals,0.2498298,Gt/yr,haas2020,observed
1928,out_dissipative_and_processing,metals,0.2731332787,Gt/yr,haas2020,observed
1929,out_dissipative_and_processing,metals,0.3040661265,Gt/yr,haas2020,observed
1930,out_dissipative_and_processing,metals,0.2693257865,Gt/yr,haas2020,observed
1931,out_dissipative_and_processing,metals,0.213968104,Gt/yr,haas2020,observed
1932,out_dissipative_and_processing,metals,0.1440119306,Gt/yr,haas2020,observed
1933,out_dissipative_and_processing,metals,0.1616019958,Gt/yr,haas2020,observed
1934,out_dissipative_and_processing,metals,0.2076739296,Gt/yr,haas2020,observed
1935,out_dissipative_and_processing,metals,0.2389562791,Gt/yr,haas2020,observed
1936,out_dissipative_and_processing,metals,0.2903839734,Gt/yr,haas2020,observed
1937,out_dissipative_and_processing,metals,0.361555716,Gt/yr,haas2020,observed
1938,out_dissipative_and_processing,metals,0.3079434447,Gt/yr,haas2020,observed
1939,out_dissipative_and_processing,metals,0.3396615113,Gt/yr,haas2020,observed
1940,out_dissipative_and_processing,metals,0.3836756325,Gt/yr,haas2020,observed
1941,out_dissipative_and_processing,metals,0.4009107416,Gt/yr,haas2020,observed
1942,out_dissipative_and_processing,metals,0.3720798155,Gt/yr,haas2020,observed
1943,out_dissipative_and_processing,metals,0.3858944318,Gt/yr,haas2020,observed
1944,out_dissipative_and_processing,metals,0.3324253657,Gt/yr,haas2020,observed
1945,out_dissipative_and_processing,metals,0.28188186,Gt/yr,haas2020,observed
1946,out_dissipative_and_processing,metals,0.2539878027,Gt/yr,haas2020,observed
1947,out_dissipative_and_processing,metals,0.3076037046,Gt/yr,haas2020,observed
1948,out_dissipative_and_processing,metals,0.3477841169,Gt/yr,haas2020,observed
1949,out_dissipative_and_processing,metals,0.3474780804,Gt/yr,haas2020,observed
1950,out_dissipative_and_processing,metals,0.3840500865,Gt/yr,haas2020,observed
1951,out_dissipative_and_processing,metals,0.4158062033,Gt/yr,haas2020,observed
1952,out_dissipative_and_processing,metals,0.4332242363,Gt/yr,haas2020,observed
1953,out_dissipative_and_processing,metals,0.4706350851,Gt/yr,haas2020,observed
1954,out_dissipative_and_processing,metals,0.5065546609,Gt/yr,haas2020,observed
1955,out_dissipative_and_processing,metals,0.5161567483,Gt/yr,haas2020,observed
1956,out_dissipative_and_processing,metals,0.5517093826,Gt/yr,haas2020,observed
1957,out_dissipative_and_processing,metals,0.5805558726,Gt/yr,haas2020,observed
1958,out_dissipative_and_processing,metals,0.5287567239,Gt/yr,haas2020,observed
1959,out_dissipative_and_processing,metals,0.5715282304,Gt/yr,haas2020,observed
1960,out_dissipative_and_processing,metals,0.6555042824,Gt/yr,haas2020,observed
1961,out_dissipative_and_processing,metals,0.6631400844,Gt/yr,haas2020,observed
1962,out_dissipative_and_processing,metals,0.6726174693,Gt/yr,haas2020,observed
1963,out_dissipative_and_processing,metals,0.6866160714,Gt/yr,haas2020,observed
1964,out_dissipative_and_processing,metals,0.7322172144,Gt/yr,haas2020,observed
1965,out_dissipative_and_processing,metals,0.7832364082,Gt/yr,haas2020,observed
1966,out_dissipative_and_processing,metals,0.8032549941,Gt/yr,haas2020,observed
1967,out_dissipative_and_processing,metals,0.8472032869,Gt/yr,haas2020,observed
1968,out_dissipative_and_processing,metals,0.8924554196,Gt/yr,haas2020,observed
1969,out_dissipative_and_processing,metals,0.9407621841,Gt/yr,haas2020,observed
1970,out_dissipative_and_processing,metals,1.054801447,Gt/yr,haas2020,observed
1971,out_dissipative_and_processing,metals,1.075854741,Gt/yr,haas2020,observed
1972,out_dissipative_and_processing,metals,1.083865048,Gt/yr,haas2020,observed
1973,out_dissipative_and_processing,metals,1.15644803,Gt/yr,haas2020,observed
1974,out_dissipative_and_processing,metals,1.238900556,Gt/yr,haas2020,observed
1975,out_dissipative_and_processing,metals,1.27964308,Gt/yr,haas2020,observed
1976,out_dissipative_and_processing,metals,1.280913776,Gt/yr,haas2020,observed
1977,out_dissipative_and_processing,metals,1.261140565,Gt/yr,haas2020,observed
1978,out_dissipative_and_processing,metals,1.263602078,Gt/yr,haas2020,observed
1979,out_dissipative_and_processing,metals,1.331960437,Gt/yr,haas2020,observed
1980,out_dissipative_and_processing,metals,1.362150301,Gt/yr,haas2020,observed
1981,out_dissipative_and_processing,metals,1.369411261,Gt/yr,haas2020,observed
1982,out_dissipative_and_processing,metals,1.30996814,Gt/yr,haas2020,observed
1983,out_dissipative_and_processing,metals,1.21864858,Gt/yr,haas2020,observed
1984,out_dissipative_and_processing,metals,1.337765887,Gt/yr,haas2020,observed
1985,out_dissipative_and_processing,metals,1.396599081,Gt/yr,haas2020,observed
1986,out_dissipative_and_processing,metals,1.417928395,Gt/yr,haas2020,observed
1987,out_dissipative_and_processing,metals,1.50092788,Gt/yr,haas2020,observed
1988,out_dissipative_and_processing,metals,1.65245148,Gt/yr,haas2020,observed
1989,out_dissipative_and_processing,metals,1.775862423,Gt/yr,haas2020,observed
1990,out_dissipative_and_processing,metals,1.792493356,Gt/yr,haas2020,observed
1991,out_dissipative_and_processing,metals,1.757769494,Gt/yr,haas2020,observed
1992,out_dissipative_and_processing,metals,1.734848581,Gt/yr,haas2020,observed
1993,out_dissipative_and_processing,metals,1.743334369,Gt/yr,haas2020,observed
1994,out_dissipative_and_processing,metals,1.771055296,Gt/yr,haas2020,observed
1995,out_dissipative_and_processing,metals,1.893346543,Gt/yr,haas2020,observed
1996,out_dissipative_and_processing,metals,1.99450223,Gt/yr,haas2020,observed
1997,out_dissipative_and_processing,metals,2.098619437,Gt/yr,haas2020,observed
1998,out_dissipative_and_processing,metals,2.184174227,Gt/yr,haas2020,observed
1999,out_dissipative_and_processing,metals,2.227922677,Gt/yr,haas2020,observed
2000,out_dissipative_and_processing,metals,2.345244022,Gt/yr,haas2020,observed
2001,out_dissipative_and_processing,metals,2.361648054,Gt/yr,haas2020,observed
2002,out_dissipative_and_processing,metals,2.376565875,Gt/yr,haas2020,observed
2003,out_dissipative_and_processing,metals,2.443360507,Gt/yr,haas2020,observed
2004,out_dissipative_and_processing,metals,2.743525727,Gt/yr,haas2020,observed
2005,out_dissipative_and_processing,metals,2.944916989,Gt/yr,haas2020,observed
2006,out_dissipative_and_processing,metals,3.175492537,Gt/yr,haas2020,observed
2007,out_dissipative_and_processing,metals,3.417166952,Gt/yr,haas2020,observed
2008,out_dissipative_and_processing,metals,3.660654254,Gt/yr,haas2020,observed
2009,out_dissipative_and_processing,metals,3.72476775,Gt/yr,haas2020,observed
2010,out_dissipative_and_processing,metals,3.996165793,Gt/yr,haas2020,observed
2011,out_dissipative_and_processing,metals,4.43810766,Gt/yr,haas2020,observed
2012,out_dissipative_and_processing,metals,4.470932859,Gt/yr,haas2020,observed
2013,out_dissipative_and_processing,metals,4.785872976,Gt/yr,haas2020,observed
2014,out_dissipative_and_processing,metals,4.971376235,Gt/yr,haas2020,observed
2015,out_dissipative_and_processing,metals,5.042583143,Gt/yr,haas2020,observed
1900,out_dissipative_and_processing,non_metallic_minerals,0.02194874427,Gt/yr,haas2020,observed
1901,out_dissipative_and_processing,non_metallic_minerals,0.02193993625,Gt/yr,haas2020,observed
1902,out_dissipative_and_processing,non_metallic_minerals,0.02576680594,Gt/yr,haas2020,observed
1903,out_dissipative_and_processing,non_metallic_minerals,0.0254371876,Gt/yr,haas2020,observed
1904,out_dissipative_and_processing,non_metallic_minerals,0.02412892808,Gt/yr,haas2020,observed
1905,out_dissipative_and_processing,non_metallic_minerals,0.0250568488,Gt/yr,haas2020,observed
1906,out_dissipative_and_processing,non_metallic_minerals,0.0248628463,Gt/yr,haas2020,observed
1907,out_dissipative_and_processing,non_metallic_minerals,0.02635703362,Gt/yr,haas2020,observed
1908,out_dissipative_and_processing,non_metallic_minerals,0.02825190742,Gt/yr,haas2020,observed
1909,out_dissipative_and_processing,non_metallic_minerals,0.02844800378,Gt/yr,haas2020,observed
1910,out_dissipative_and_processing,non_metallic_minerals,0.02936457119,Gt/yr,haas2020,observed
1911,out_dissipative_and_processing,non_metallic_minerals,0.03063835116,Gt/yr,haas2020,observed
1912,out_dissipative_and_processing,non_metallic_minerals,0.03329040146,Gt/yr,haas2020,observed
1913,out_dissipative_and_processing,non_metallic_minerals,0.03516109851,Gt/yr,haas2020,observed
1914,out_dissipative_and_processing,non_metallic_minerals,0.03197938728,Gt/yr,haas2020,observed
1915,out_dissipative_and_processing,non_metallic_minerals,0.02940940073,Gt/yr,haas2020,observed
1916,out_dissipative_and_processing,non_metallic_minerals,0.03281939872,Gt/yr,haas2020,observed
1917,out_dissipative_and_processing,non_metallic_minerals,0.03465768013,Gt/yr,haas2020,observed
1918,out_dissipative_and_processing,non_metallic_minerals,0.03522590227,Gt/yr,haas2020,observed
1919,out_dissipative_and_processing,non_metallic_minerals,0.0377503926,Gt/yr,haas2020,observed
1920,out_dissipative_and_processing,non_metallic_minerals,0.04324810469,Gt/yr,haas2020,observed
1921,out_dissipative_and_processing,non_metallic_minerals,0.0407564776,Gt/yr,haas2020,observed
1922,out_dissipative_and_processing,non_metallic_minerals,0.04841008178,Gt/yr,haas2020,observed
1923,out_dissipative_and_processing,non_metallic_minerals,0.04980129896,Gt/yr,haas2020,observed
1924,out_dissipative_and_processing,non_metallic_minerals,0.0612899371,Gt/yr,haas2020,observed
1925,out_dissipative_and_processing,non_metallic_minerals,0.06751955969,Gt/yr,haas2020,observed
1926,out_dissipative_and_processing,non_metallic_minerals,0.07148159976,Gt/yr,haas2020,observed
1927,out_dissipative_and_processing,non_metallic_minerals,0.07304232603,Gt/yr,haas2020,observed
1928,out_dissipative_and_processing,non_metallic_minerals,0.07446292424,Gt/yr,haas2020,observed
1929,out_dissipative_and_processing,non_metallic_minerals,0.0752600507,Gt/yr,haas2020,observed
1930,out_dissipative_and_processing,non_metallic_minerals,0.07774524271,Gt/yr,haas2020,observed
1931,out_dissipative_and_processing,non_metallic_minerals,0.0637214577,Gt/yr,haas2020,observed
1932,out_dissipative_and_processing,non_metallic_minerals,0.06477015744,Gt/yr,haas2020,observed
1933,out_dissipative_and_processing,non_metallic_minerals,0.07212010075,Gt/yr,haas2020,observed
1934,out_dissipative_and_processing,non_metallic_minerals,0.07473134099,Gt/yr,haas2020,observed
1935,out_dissipative_and_processing,non_metallic_minerals,0.07868536454,Gt/yr,haas2020,observed
1936,out_dissipative_and_processing,non_metallic_minerals,0.08405581136,Gt/yr,haas2020,observed
1937,out_dissipative_and_processing,non_metallic_minerals,0.08157107275,Gt/yr,haas2020,observed
1938,out_dissipative_and_processing,non_metallic_minerals,0.07883903622,Gt/yr,haas2020,observed
1939,out_dissipative_and_processing,non_metallic_minerals,0.08466519924,Gt/yr,haas2020,observed
1940,out_dissipative_and_processing,non_metallic_minerals,0.08897858318,Gt/yr,haas2020,observed
1941,out_dissipative_and_processing,non_metallic_minerals,0.09556585908,Gt/yr,haas2020,observed
1942,out_dissipative_and_processing,non_metallic_minerals,0.09593804812,Gt/yr,haas2020,observed
1943,out_dissipative_and_processing,non_metallic_minerals,0.0988395888,Gt/yr,haas2020,observed
1944,out_dissipative_and_processing,non_metallic_minerals,0.09890855924,Gt/yr,haas2020,observed
1945,out_dissipative_and_processing,non_metallic_minerals,0.09320171189,Gt/yr,haas2020,observed
1946,out_dissipative_and_processing,non_metallic_minerals,0.1057534184,Gt/yr,haas2020,observed
1947,out_dissipative_and_processing,non_metallic_minerals,0.1145458184,Gt/yr,haas2020,observed
1948,out_dissipative_and_processing,non_metallic_minerals,0.1296452183,Gt/yr,haas2020,observed
1949,out_dissipative_and_processing,non_metallic_minerals,0.1263796259,Gt/yr,haas2020,observed
1950,out_dissipative_and_processing,non_metallic_minerals,0.1388684243,Gt/yr,haas2020,observed
1951,out_dissipative_and_processing,non_metallic_minerals,0.1574204074,Gt/yr,haas2020,observed
1952,out_dissipative_and_processing,non_metallic_minerals,0.1652568539,Gt/yr,haas2020,observed
1953,out_dissipative_and_processing,non_metallic_minerals,0.1753751624,Gt/yr,haas2020,observed
1954,out_dissipative_and_processing,non_metallic_minerals,0.1875944427,Gt/yr,haas2020,observed
1955,out_dissipative_and_processing,non_metallic_minerals,0.2047863653,Gt/yr,haas2020,observed
1956,out_dissipative_and_processing,non_metallic_minerals,0.217405415,Gt/yr,haas2020,observed
1957,out_dissipative_and_processing,non_metallic_minerals,0.2271592529,Gt/yr,haas2020,observed
1958,out_dissipative_and_processing,non_metallic_minerals,0.2344991001,Gt/yr,haas2020,observed
1959,out_dissipative_and_processing,non_metallic_minerals,0.2616400345,Gt/yr,haas2020,observed
1960,out_dissipative_and_processing,non_metallic_minerals,0.265418044,Gt/yr,haas2020,observed
1961,out_dissipative_and_processing,non_metallic_minerals,0.2770184111,Gt/yr,haas2020,observed
1962,out_dissipative_and_processing,non_metallic_minerals,0.3041495611,Gt/yr,haas2020,observed
1963,out_dissipative_and_processing,non_metallic_minerals,0.3833020034,Gt/yr,haas2020,observed
1964,out_dissipative_and_processing,non_metallic_minerals,0.4111176701,Gt/yr,haas2020,observed
1965,out_dissipative_and_processing,non_metallic_minerals,0.4370462423,Gt/yr,haas2020,observed
1966,out_dissipative_and_processing,non_metallic_minerals,0.4663797847,Gt/yr,haas2020,observed
1967,out_dissipative_and_processing,non_metallic_minerals,0.4797530073,Gt/yr,haas2020,observed
1968,out_dissipative_and_processing,non_metallic_minerals,0.5158460884,Gt/yr,haas2020,observed
1969,out_dissipative_and_processing,non_metallic_minerals,0.5424953815,Gt/yr,haas2020,observed
1970,out_dissipative_and_processing,non_metallic_minerals,0.5743864041,Gt/yr,haas2020,observed
1971,out_dissipative_and_processing,non_metallic_minerals,0.5907196724,Gt/yr,haas2020,observed
1972,out_dissipative_and_processing,non_metallic_minerals,0.6169354162,Gt/yr,haas2020,observed
1973,out_dissipative_and_processing,non_metallic_minerals,0.6367003109,Gt/yr,haas2020,observed
1974,out_dissipative_and_processing,non_metallic_minerals,0.6900700186,Gt/yr,haas2020,observed
1975,out_dissipative_and_processing,non_metallic_minerals,0.675178556,Gt/yr,haas2020,observed
1976,out_dissipative_and_processing,non_metallic_minerals,0.7055057254,Gt/yr,haas2020,observed
1977,out_dissipative_and_processing,non_metallic_minerals,0.7352377492,Gt/yr,haas2020,observed
1978,out_dissipative_and_processing,non_metallic_minerals,0.7800836359,Gt/yr,haas2020,observed
1979,out_dissipative_and_processing,non_metallic_minerals,0.7672595713,Gt/yr,haas2020,observed
1980,out_dissipative_and_processing,non_metallic_minerals,0.8069098872,Gt/yr,haas2020,observed
1981,out_dissipative_and_processing,non_metallic_minerals,0.7814901693,Gt/yr,haas2020,observed
1982,out_dissipative_and_processing,non_metallic_minerals,0.7342316398,Gt/yr,haas2020,observed
1983,out_dissipative_and_processing,non_metallic_minerals,0.7769721196,Gt/yr,haas2020,observed
1984,out_dissipative_and_processing,non_metallic_minerals,0.8180256847,Gt/yr,haas2020,observed
1985,out_dissipative_and_processing,non_metallic_minerals,0.8221121335,Gt/yr,haas2020,observed
1986,out_dissipative_and_processing,non_metallic_minerals,0.8085044896,Gt/yr,haas2020,observed
1987,out_dissipative_and_processing,non_metallic_minerals,0.8092036541,Gt/yr,haas2020,observed
1988,out_dissipative_and_processing,non_metallic_minerals,0.8703388677,Gt/yr,haas2020,observed
1989,out_dissipative_and_processing,non_metallic_minerals,0.8829603216,Gt/yr,haas2020,observed
1990,out_dissipative_and_processing,non_metallic_minerals,0.8613351097,Gt/yr,haas2020,observed
1991,out_dissipative_and_processing,non_metallic_minerals,0.8208292926,Gt/yr,haas2020,observed
1992,out_dissipative_and_processing,non_metallic_minerals,0.8033070252,Gt/yr,haas2020,observed
1993,out_dissipative_and_processing,non_metallic_minerals,0.7351037419,Gt/yr,haas2020,observed
1994,out_dissipative_and_processing,non_metallic_minerals,0.7431536966,Gt/yr,haas2020,observed
1995,out_dissipative_and_processing,non_metallic_minerals,0.7756500468,Gt/yr,haas2020,observed
1996,out_dissipative_and_processing,non_metallic_minerals,0.7529917689,Gt/yr,haas2020,observed
1997,out_dissipative_and_processing,non_metallic_minerals,0.6643935539,Gt/yr,haas2020,observed
1998,out_dissipative_and_processing,non_metallic_minerals,0.6798514702,Gt/yr,haas2020,observed
1999,out_dissipative_and_processing,non_metallic_minerals,0.8179422593,Gt/yr,haas2020,observed
2000,out_dissipative_and_processing,non_metallic_minerals,0.7195759025,Gt/yr,haas2020,observed
2001,out_dissipative_and_processing,non_metallic_minerals,0.8067566953,Gt/yr,haas2020,observed
2002,out_dissipative_and_processing,non_metallic_minerals,0.9042280603,Gt/yr,haas2020,observed
2003,out_dissipative_and_processing,non_metallic_minerals,0.8648329201,Gt/yr,haas2020,observed
2004,out_dissipative_and_processing,non_metallic_minerals,0.7709117656,Gt/yr,haas2020,observed
2005,out_dissipative_and_processing,non_metallic_minerals,1.009902689,Gt/yr,haas2020,observed
2006,out_dissipative_and_processing,non_metallic_minerals,0.9994079248,Gt/yr,haas2020,observed
2007,out_dissipative_and_processing,non_metallic_minerals,1.098695013,Gt/yr,haas2020,observed
2008,out_dissipative_and_processing,non_metallic_minerals,1.109698202,Gt/yr,haas2020,observed
2009,out_dissipative_and_processing,non_metallic_minerals,1.061796718,Gt/yr,haas2020,observed
2010,out_dissipative_and_processing,non_metallic_minerals,1.086639946,Gt/yr,haas2020,observed
2011,out_dissipative_and_processing,non_metallic_minerals,1.141259558,Gt/yr,haas2020,observed
2012,out_dissipative_and_processing,non_metallic_minerals,1.20883447,Gt/yr,haas2020,observed
2013,out_dissipative_and_processing,non_metallic_minerals,1.147398881,Gt/yr,haas2020,observed
2014,out_dissipative_and_processing,non_metallic_minerals,1.219776407,Gt/yr,haas2020,observed
2015,out_dissipative_and_processing,non_metallic_minerals,1.256374477,Gt/yr,haas2020,observed
1900,out_ecological_cycling,total,2.998878097,Gt/yr,haas2020,observed
1901,out_ecological_cycling,total,3.040668097,Gt/yr,haas2020,observed
1902,out_ecological_cycling,total,3.087331995,Gt/yr,haas2020,observed
1903,out_ecological_cycling,total,3.138892449,Gt/yr,haas2020,observed
1904,out_ecological_cycling,total,3.179579783,Gt/yr,haas2020,observed
1905,out_ecological_cycling,total,3.234812709,Gt/yr,haas2020,observed
1906,out_ecological_cycling,total,3.286166193,Gt/yr,haas2020,observed
1907,out_ecological_cycling,total,3.341358692,Gt/yr,haas2020,observed
1908,out_ecological_cycling,total,3.392886984,Gt/yr,haas2020,observed
1909,out_ecological_cycling,total,3.44801484,Gt/yr,haas2020,observed
1910,out_ecological_cycling,total,3.503058747,Gt/yr,haas2020,observed
1911,out_ecological_cycling,total,3.586337594,Gt/yr,haas2020,observed
1912,out_ecological_cycling,total,3.676048875,Gt/yr,haas2020,observed
1913,out_ecological_cycling,total,3.765465016,Gt/yr,haas2020,observed
1914,out_ecological_cycling,total,3.878851905,Gt/yr,haas2020,observed
1915,out_ecological_cycling,total,3.968908283,Gt/yr,haas2020,observed
1916,out_ecological_cycling,total,4.048473052,Gt/yr,haas2020,observed
1917,out_ecological_cycling,total,4.104115136,Gt/yr,haas2020,observed
1918,out_ecological_cycling,total,4.149436859,Gt/yr,haas2020,observed
1919,out_ecological_cycling,total,4.17448217,Gt/yr,haas2020,observed
1920,out_ecological_cycling,total,4.199359935,Gt/yr,haas2020,observed
1921,out_ecological_cycling,total,4.223227317,Gt/yr,haas2020,observed
1922,out_ecological_cycling,total,4.251633728,Gt/yr,haas2020,observed
1923,out_ecological_cycling,total,4.296208999,Gt/yr,haas2020,observed
1924,out_ecological_cycling,total,4.344442855,Gt/yr,haas2020,observed
1925,out_ecological_cycling,total,4.406763011,Gt/yr,haas2020,observed
1926,out_ecological_cycling,total,4.465329781,Gt/yr,haas2020,observed
1927,out_ecological_cycling,total,4.534424994,Gt/yr,haas2020,observed
1928,out_ecological_cycling,total,4.610875101,Gt/yr,haas2020,observed
1929,out_ecological_cycling,total,4.683520796,Gt/yr,haas2020,observed
1930,out_ecological_cycling,total,4.726120853,Gt/yr,haas2020,observed
1931,out_ecological_cycling,total,4.717837362,Gt/yr,haas2020,observed
1932,out_ecological_cycling,total,4.718108733,Gt/yr,haas2020,observed
1933,out_ecological_cycling,total,4.6928517,Gt/yr,haas2020,observed
1934,out_ecological_cycling,total,4.66156711,Gt/yr,haas2020,observed
1935,out_ecological_cycling,total,4.654943458,Gt/yr,haas2020,observed
1936,out_ecological_cycling,total,4.650023517,Gt/yr,haas2020,observed
1937,out_ecological_cycling,total,4.659801215,Gt/yr,haas2020,observed
1938,out_ecological_cycling,total,4.683303021,Gt/yr,haas2020,observed
1939,out_ecological_cycling,total,4.723827692,Gt/yr,haas2020,observed
1940,out_ecological_cycling,total,4.782329282,Gt/yr,haas2020,observed
1941,out_ecological_cycling,total,4.867309792,Gt/yr,haas2020,observed
1942,out_ecological_cycling,total,4.983831619,Gt/yr,haas2020,observed
1943,out_ecological_cycling,total,5.093804123,Gt/yr,haas2020,observed
1944,out_ecological_cycling,total,5.184871984,Gt/yr,haas2020,observed
1945,out_ecological_cycling,total,5.288102897,Gt/yr,haas2020,observed
1946,out_ecological_cycling,total,5.330033321,Gt/yr,haas2020,observed
1947,out_ecological_cycling,total,5.414836303,Gt/yr,haas2020,observed
1948,out_ecological_cycling,total,5.52123179,Gt/yr,haas2020,observed
1949,out_ecological_cycling,total,5.637925965,Gt/yr,haas2020,observed
1950,out_ecological_cycling,total,5.68511126,Gt/yr,haas2020,observed
1951,out_ecological_cycling,total,5.956404976,Gt/yr,haas2020,observed
1952,out_ecological_cycling,total,6.121690128,Gt/yr,haas2020,observed
1953,out_ecological_cycling,total,6.23254261,Gt/yr,haas2020,observed
1954,out_ecological_cycling,total,6.325948406,Gt/yr,haas2020,observed
1955,out_ecological_cycling,total,6.371564647,Gt/yr,haas2020,observed
1956,out_ecological_cycling,total,6.385227196,Gt/yr,haas2020,observed
1957,out_ecological_cycling,total,6.374627607,Gt/yr,haas2020,observed
1958,out_ecological_cycling,total,6.378561311,Gt/yr,haas2020,observed
1959,out_ecological_cycling,total,6.385914103,Gt/yr,haas2020,observed
1960,out_ecological_cycling,total,6.425165527,Gt/yr,haas2020,observed
1961,out_ecological_cycling,total,6.443170978,Gt/yr,haas2020,observed
1962,out_ecological_cycling,total,6.569609943,Gt/yr,haas2020,observed
1963,out_ecological_cycling,total,6.796520223,Gt/yr,haas2020,observed
1964,out_ecological_cycling,total,7.296261957,Gt/yr,haas2020,observed
1965,out_ecological_cycling,total,7.615670703,Gt/yr,haas2020,observed
1966,out_ecological_cycling,total,8.157246609,Gt/yr,haas2020,observed
1967,out_ecological_cycling,total,8.509179326,Gt/yr,haas2020,observed
1968,out_ecological_cycling,total,8.653494422,Gt/yr,haas2020,observed
1969,out_ecological_cycling,total,8.650731198,Gt/yr,haas2020,observed
1970,out_ecological_cycling,total,8.847268558,Gt/yr,haas2020,observed
1971,out_ecological_cycling,total,9.243188077,Gt/yr,haas2020,observed
1972,out_ecological_cycling,total,9.329072636,Gt/yr,haas2020,observed
1973,out_ecological_cycling,total,9.827419931,Gt/yr,haas2020,observed
1974,out_ecological_cycling,total,10.10170949,Gt/yr,haas2020,observed
1975,out_ecological_cycling,total,10.28130341,Gt/yr,haas2020,observed
1976,out_ecological_cycling,total,10.63938891,Gt/yr,haas2020,observed
1977,out_ecological_cycling,total,10.80893627,Gt/yr,haas2020,observed
1978,out_ecological_cycling,total,11.32366423,Gt/yr,haas2020,observed
1979,out_ecological_cycling,total,11.47779752,Gt/yr,haas2020,observed
1980,out_ecological_cycling,total,11.59490046,Gt/yr,haas2020,observed
1981,out_ecological_cycling,total,12.03663556,Gt/yr,haas2020,observed
1982,out_ecological_cycling,total,12.36629739,Gt/yr,haas2020,observed
1983,out_ecological_cycling,total,12.1414197,Gt/yr,haas2020,observed
1984,out_ecological_cycling,total,12.54461568,Gt/yr,haas2020,observed
1985,out_ecological_cycling,total,12.70345336,Gt/yr,haas2020,observed
1986,out_ecological_cycling,total,12.72392729,Gt/yr,haas2020,observed
1987,out_ecological_cycling,total,12.66864162,Gt/yr,haas2020,observed
1988,out_ecological_cycling,total,12.71228899,Gt/yr,haas2020,observed
1989,out_ecological_cycling,total,13.14651329,Gt/yr,haas2020,observed
1990,out_ecological_cycling,total,12.89530889,Gt/yr,haas2020,observed
1991,out_ecological_cycling,total,12.50169409,Gt/yr,haas2020,observed
1992,out_ecological_cycling,total,12.42581013,Gt/yr,haas2020,observed
1993,out_ecological_cycling,total,11.98339175,Gt/yr,haas2020,observed
1994,out_ecological_cycling,total,12.08830731,Gt/yr,haas2020,observed
1995,out_ecological_cycling,total,12.13288607,Gt/yr,haas2020,observed
1996,out_ecological_cycling,total,12.61622968,Gt/yr,haas2020,observed
1997,out_ecological_cycling,total,11.20564821,Gt/yr,haas2020,observed
1998,out_ecological_cycling,total,12.86589085,Gt/yr,haas2020,observed
1999,out_ecological_cycling,total,13.1406232,Gt/yr,haas2020,observed
2000,out_ecological_cycling,total,13.42086776,Gt/yr,haas2020,observed
2001,out_ecological_cycling,total,13.5598514,Gt/yr,haas2020,observed
2002,out_ecological_cycling,total,13.49236799,Gt/yr,haas2020,observed
2003,out_ecological_cycling,total,14.01823607,Gt/yr,haas2020,observed
2004,out_ecological_cycling,total,14.55746701,Gt/yr,haas2020,observed
2005,out_ecological_cycling,total,14.92032777,Gt/yr,haas2020,observed
2006,out_ecological_cycling,total,14.95265048,Gt/yr,haas2020,observed
2007,out_ecological_cycling,total,16.37878748,Gt/yr,haas2020,observed
2008,out_ecological_cycling,total,17.03725133,Gt/yr,haas2020,observed
2009,out_ecological_cycling,total,16.86764013,Gt/yr,haas2020,observed
2010,out_ecological_cycling,total,17.39958787,Gt/yr,haas2020,observed
2011,out_ecological_cycling,total,18.02129642,Gt/yr,haas2020,observed
2012,out_ecological_cycling,total,18.22296068,Gt/yr,haas2020,observed
2013,out_ecological_cycling,total,19.10757306,Gt/yr,haas2020,observed
2014,out_ecological_cycling,total,19.17294716,Gt/yr,haas2020,observed
2015,out_ecological_cycling,total,19.07037626,Gt/yr,haas2020,observed
1900,out_emissions,biomass,0.9629302058,Gt/yr,haas2020,observed
1901,out_emissions,biomass,0.9726643759,Gt/yr,haas2020,observed
1902,out_emissions,biomass,0.9823985181,Gt/yr,haas2020,observed
1903,out_emissions,biomass,0.9921326326,Gt/yr,haas2020,observed
1904,out_emissions,biomass,1.001866719,Gt/yr,haas2020,observed
1905,out_emissions,biomass,1.011600778,Gt/yr,haas2020,observed
1906,out_emissions,biomass,1.021334809,Gt/yr,haas2020,observed
1907,out_emissions,biomass,1.031068812,Gt/yr,haas2020,observed
1908,out_emissions,biomass,1.040802788,Gt/yr,haas2020,observed
1909,out_emissions,biomass,1.050536735,Gt/yr,haas2020,observed
1910,out_emissions,biomass,1.060270655,Gt/yr,haas2020,observed
1911,out_emissions,biomass,1.072864807,Gt/yr,haas2020,observed
1912,out_emissions,biomass,1.08546926,Gt/yr,haas2020,observed
1913,out_emissions,biomass,1.098084016,Gt/yr,haas2020,observed
1914,out_emissions,biomass,1.110709074,Gt/yr,haas2020,observed
1915,out_emissions,biomass,1.123344433,Gt/yr,haas2020,observed
1916,out_emissions,biomass,1.135990095,Gt/yr,haas2020,observed
1917,out_emissions,biomass,1.148646058,Gt/yr,haas2020,observed
1918,out_emissions,biomass,1.161312323,Gt/yr,haas2020,observed
1919,out_emissions,biomass,1.173988891,Gt/yr,haas2020,observed
1920,out_emissions,biomass,1.18667576,Gt/yr,haas2020,observed
1921,out_emissions,biomass,1.200133013,Gt/yr,haas2020,observed
1922,out_emissions,biomass,1.213600629,Gt/yr,haas2020,observed
1923,out_emissions,biomass,1.22707861,Gt/yr,haas2020,observed
1924,out_emissions,biomass,1.240566955,Gt/yr,haas2020,observed
1925,out_emissions,biomass,1.254065665,Gt/yr,haas2020,observed
1926,out_emissions,biomass,1.267574739,Gt/yr,haas2020,observed
1927,out_emissions,biomass,1.281094177,Gt/yr,haas2020,observed
1928,out_emissions,biomass,1.294623979,Gt/yr,haas2020,observed
1929,out_emissions,biomass,1.308164145,Gt/yr,haas2020,observed
1930,out_emissions,biomass,1.321714676,Gt/yr,haas2020,observed
1931,out_emissions,biomass,1.329219452,Gt/yr,haas2020,observed
1932,out_emissions,biomass,1.336724963,Gt/yr,haas2020,observed
1933,out_emissions,biomass,1.344231208,Gt/yr,haas2020,observed
1934,out_emissions,biomass,1.351738188,Gt/yr,haas2020,observed
1935,out_emissions,biomass,1.359245903,Gt/yr,haas2020,observed
1936,out_emissions,biomass,1.366754353,Gt/yr,haas2020,observed
1937,out_emissions,biomass,1.374263538,Gt/yr,haas2020,observed
1938,out_emissions,biomass,1.381773457,Gt/yr,haas2020,observed
1939,out_emissions,biomass,1.389284112,Gt/yr,haas2020,observed
1940,out_emissions,biomass,1.396795501,Gt/yr,haas2020,observed
1941,out_emissions,biomass,1.404335924,Gt/yr,haas2020,observed
1942,out_emissions,biomass,1.411876694,Gt/yr,haas2020,observed
1943,out_emissions,biomass,1.41941781,Gt/yr,haas2020,observed
1944,out_emissions,biomass,1.426959272,Gt/yr,haas2020,observed
1945,out_emissions,biomass,1.43450108,Gt/yr,haas2020,observed
1946,out_emissions,biomass,1.442043234,Gt/yr,haas2020,observed
1947,out_emissions,biomass,1.449585734,Gt/yr,haas2020,observed
1948,out_emissions,biomass,1.45712858,Gt/yr,haas2020,observed
1949,out_emissions,biomass,1.464671773,Gt/yr,haas2020,observed
1950,out_emissions,biomass,1.472215311,Gt/yr,haas2020,observed
1951,out_emissions,biomass,1.481200819,Gt/yr,haas2020,observed
1952,out_emissions,biomass,1.489998953,Gt/yr,haas2020,observed
1953,out_emissions,biomass,1.498659068,Gt/yr,haas2020,observed
1954,out_emissions,biomass,1.507222576,Gt/yr,haas2020,observed
1955,out_emissions,biomass,1.515722882,Gt/yr,haas2020,observed
1956,out_emissions,biomass,1.524185161,Gt/yr,haas2020,observed
1957,out_emissions,biomass,1.532626586,Gt/yr,haas2020,observed
1958,out_emissions,biomass,1.541057162,Gt/yr,haas2020,observed
1959,out_emissions,biomass,1.549481005,Gt/yr,haas2020,observed
1960,out_emissions,biomass,1.557900385,Gt/yr,haas2020,observed
1961,out_emissions,biomass,1.565027018,Gt/yr,haas2020,observed
1962,out_emissions,biomass,1.586449197,Gt/yr,haas2020,observed
1963,out_emissions,biomass,1.604071958,Gt/yr,haas2020,observed
1964,out_emissions,biomass,1.644817022,Gt/yr,haas2020,observed
1965,out_emissions,biomass,1.685206591,Gt/yr,haas2020,observed
1966,out_emissions,biomass,1.73128243,Gt/yr,haas2020,observed
1967,out_emissions,biomass,1.765970756,Gt/yr,haas2020,observed
1968,out_emissions,biomass,1.802610656,Gt/yr,haas2020,observed
1969,out_emissions,biomass,1.833306721,Gt/yr,haas2020,observed
1970,out_emissions,biomass,1.870784221,Gt/yr,haas2020,observed
1971,out_emissions,biomass,1.904788404,Gt/yr,haas2020,observed
1972,out_emissions,biomass,1.938299198,Gt/yr,haas2020,observed
1973,out_emissions,biomass,1.972263113,Gt/yr,haas2020,observed
1974,out_emissions,biomass,2.009262489,Gt/yr,haas2020,observed
1975,out_emissions,biomass,2.020579535,Gt/yr,haas2020,observed
1976,out_emissions,biomass,2.050719368,Gt/yr,haas2020,observed
1977,out_emissions,biomass,2.076480556,Gt/yr,haas2020,observed
1978,out_emissions,biomass,2.104555065,Gt/yr,haas2020,observed
1979,out_emissions,biomass,2.138157272,Gt/yr,haas2020,observed
1980,out_emissions,biomass,2.162295637,Gt/yr,haas2020,observed
1981,out_emissions,biomass,2.187716807,Gt/yr,haas2020,observed
1982,out_emissions,biomass,2.221122452,Gt/yr,haas2020,observed
1983,out_emissions,biomass,2.253792917,Gt/yr,haas2020,observed
1984,out_emissions,biomass,2.277275997,Gt/yr,haas2020,observed
1985,out_emissions,biomass,2.303559259,Gt/yr,haas2020,observed
1986,out_emissions,biomass,2.335373989,Gt/yr,haas2020,observed
1987,out_emissions,biomass,2.35906405,Gt/yr,haas2020,observed
1988,out_emissions,biomass,2.384927982,Gt/yr,haas2020,observed
1989,out_emissions,biomass,2.423924006,Gt/yr,haas2020,observed
1990,out_emissions,biomass,2.457255229,Gt/yr,haas2020,observed
1991,out_emissions,biomass,2.468337715,Gt/yr,haas2020,observed
1992,out_emissions,biomass,2.466142183,Gt/yr,haas2020,observed
1993,out_emissions,biomass,2.452713432,Gt/yr,haas2020,observed
1994,out_emissions,biomass,2.474844688,Gt/yr,haas2020,observed
1995,out_emissions,biomass,2.487418122,Gt/yr,haas2020,observed
1996,out_emissions,biomass,2.501967175,Gt/yr,haas2020,observed
1997,out_emissions,biomass,2.498632241,Gt/yr,haas2020,observed
1998,out_emissions,biomass,2.500062651,Gt/yr,haas2020,observed
1999,out_emissions,biomass,2.525724509,Gt/yr,haas2020,observed
2000,out_emissions,biomass,2.539399133,Gt/yr,haas2020,observed
2001,out_emissions,biomass,2.5585585,Gt/yr,haas2020,observed
2002,out_emissions,biomass,2.596036842,Gt/yr,haas2020,observed
2003,out_emissions,biomass,2.620469183,Gt/yr,haas2020,observed
2004,out_emissions,biomass,2.670977896,Gt/yr,haas2020,observed
2005,out_emissions,biomass,2.714775337,Gt/yr,haas2020,observed
2006,out_emissions,biomass,2.763906234,Gt/yr,haas2020,observed
2007,out_emissions,biomass,2.82214251,Gt/yr,haas2020,observed
2008,out_emissions,biomass,2.865236504,Gt/yr,haas2020,observed
2009,out_emissions,biomass,2.878309123,Gt/yr,haas2020,observed
2010,out_emissions,biomass,2.922874415,Gt/yr,haas2020,observed
2011,out_emissions,biomass,2.954329759,Gt/yr,haas2020,observed
2012,out_emissions,biomass,2.971943716,Gt/yr,haas2020,observed
2013,out_emissions,biomass,3.009780743,Gt/yr,haas2020,observed
2014,out_emissions,biomass,3.052699469,Gt/yr,haas2020,observed
2015,out_emissions,biomass,3.12026652,Gt/yr,haas2020,observed
1900,out_emissions,fossil,0.5064738892,Gt/yr,haas2020,observed
1901,out_emissions,fossil,0.5213562006,Gt/yr,haas2020,observed
1902,out_emissions,fossil,0.5334897666,Gt/yr,haas2020,observed
1903,out_emissions,fossil,0.5848555239,Gt/yr,haas2020,observed
1904,out_emissions,fossil,0.5918197767,Gt/yr,haas2020,observed
1905,out_emissions,fossil,0.6251880691,Gt/yr,haas2020,observed
1906,out_emissions,fossil,0.6734524634,Gt/yr,haas2020,observed
1907,out_emissions,fossil,0.746698992,Gt/yr,haas2020,observed
1908,out_emissions,fossil,0.7122428193,Gt/yr,haas2020,observed
1909,out_emissions,fossil,0.7439488122,Gt/yr,haas2020,observed
1910,out_emissions,fossil,0.779315985,Gt/yr,haas2020,observed
1911,out_emissions,fossil,0.7963995273,Gt/yr,haas2020,observed
1912,out_emissions,fossil,0.8390486797,Gt/yr,haas2020,observed
1913,out_emissions,fossil,0.9004665808,Gt/yr,haas2020,observed
1914,out_emissions,fossil,0.8128643658,Gt/yr,haas2020,observed
1915,out_emissions,fossil,0.8063498218,Gt/yr,haas2020,observed
1916,out_emissions,fossil,0.8682653348,Gt/yr,haas2020,observed
1917,out_emissions,fossil,0.917633921,Gt/yr,haas2020,observed
1918,out_emissions,fossil,0.9042306186,Gt/yr,haas2020,observed
1919,out_emissions,fossil,0.8027393474,Gt/yr,haas2020,observed
1920,out_emissions,fossil,0.9264089392,Gt/yr,haas2020,observed
1921,out_emissions,fossil,0.7994251795,Gt/yr,haas2020,observed
1922,out_emissions,fossil,0.8568564089,Gt/yr,haas2020,observed
1923,out_emissions,fossil,0.9763196862,Gt/yr,haas2020,observed
1924,out_emissions,fossil,0.9679716188,Gt/yr,haas2020,observed
1925,out_emissions,fossil,0.9754199756,Gt/yr,haas2020,observed
1926,out_emissions,fossil,0.9758858449,Gt/yr,haas2020,observed
1927,out_emissions,fossil,1.045155035,Gt/yr,haas2020,observed
1928,out_emissions,fossil,1.13345143,Gt/yr,haas2020,observed
1929,out_emissions,fossil,1.138277391,Gt/yr,haas2020,observed
1930,out_emissions,fossil,1.0507732,Gt/yr,haas2020,observed
1931,out_emissions,fossil,0.9413666967,Gt/yr,haas2020,observed
1932,out_emissions,fossil,0.8495129546,Gt/yr,haas2020,observed
1933,out_emissions,fossil,0.8958525386,Gt/yr,haas2020,observed
1934,out_emissions,fossil,0.9768617635,Gt/yr,haas2020,observed
1935,out_emissions,fossil,1.030409658,Gt/yr,haas2020,observed
1936,out_emissions,fossil,1.130233715,Gt/yr,haas2020,observed
1937,out_emissions,fossil,1.210509051,Gt/yr,haas2020,observed
1938,out_emissions,fossil,1.092403526,Gt/yr,haas2020,observed
1939,out_emissions,fossil,1.218722678,Gt/yr,haas2020,observed
1940,out_emissions,fossil,1.333468919,Gt/yr,haas2020,observed
1941,out_emissions,fossil,1.378222297,Gt/yr,haas2020,observed
1942,out_emissions,fossil,1.387469332,Gt/yr,haas2020,observed
1943,out_emissions,fossil,1.434556207,Gt/yr,haas2020,observed
1944,out_emissions,fossil,1.44009597,Gt/yr,haas2020,observed
1945,out_emissions,fossil,1.1988236,Gt/yr,haas2020,observed
1946,out_emissions,fossil,1.279743392,Gt/yr,haas2020,observed
1947,out_emissions,fossil,1.435124694,Gt/yr,haas2020,observed
1948,out_emissions,fossil,1.519201354,Gt/yr,haas2020,observed
1949,out_emissions,fossil,1.476459645,Gt/yr,haas2020,observed
1950,out_emissions,fossil,1.612835354,Gt/yr,haas2020,observed
1951,out_emissions,fossil,1.728484891,Gt/yr,haas2020,observed
1952,out_emissions,fossil,1.765691866,Gt/yr,haas2020,observed
1953,out_emissions,fossil,1.801807528,Gt/yr,haas2020,observed
1954,out_emissions,fossil,1.840057615,Gt/yr,haas2020,observed
1955,out_emissions,fossil,2.008990559,Gt/yr,haas2020,observed
1956,out_emissions,fossil,2.135517927,Gt/yr,haas2020,observed
1957,out_emissions,fossil,2.226425465,Gt/yr,haas2020,observed
1958,out_emissions,fossil,2.343920144,Gt/yr,haas2020,observed
1959,out_emissions,fossil,2.482201135,Gt/yr,haas2020,observed
1960,out_emissions,fossil,2.668139158,Gt/yr,haas2020,observed
1961,out_emissions,fossil,2.720303326,Gt/yr,haas2020,observed
1962,out_emissions,fossil,2.892807883,Gt/yr,haas2020,observed
1963,out_emissions,fossil,3.121799906,Gt/yr,haas2020,observed
1964,out_emissions,fossil,3.301151438,Gt/yr,haas2020,observed
1965,out_emissions,fossil,3.281264252,Gt/yr,haas2020,observed
1966,out_emissions,fossil,3.443960947,Gt/yr,haas2020,observed
1967,out_emissions,fossil,3.502543022,Gt/yr,haas2020,observed
1968,out_emissions,fossil,3.72421153,Gt/yr,haas2020,observed
1969,out_emissions,fossil,3.876911045,Gt/yr,haas2020,observed
1970,out_emissions,fossil,4.059955501,Gt/yr,haas2020,observed
1971,out_emissions,fossil,4.227618046,Gt/yr,haas2020,observed
1972,out_emissions,fossil,4.388028546,Gt/yr,haas2020,observed
1973,out_emissions,fossil,4.616310479,Gt/yr,haas2020,observed
1974,out_emissions,fossil,4.64664847,Gt/yr,haas2020,observed
1975,out_emissions,fossil,4.647490999,Gt/yr,haas2020,observed
1976,out_emissions,fossil,4.885890984,Gt/yr,haas2020,observed
1977,out_emissions,fossil,5.053138641,Gt/yr,haas2020,observed
1978,out_emissions,fossil,5.107614306,Gt/yr,haas2020,observed
1979,out_emissions,fossil,5.335141267,Gt/yr,haas2020,observed
1980,out_emissions,fossil,5.282088119,Gt/yr,haas2020,observed
1981,out_emissions,fossil,5.16558887,Gt/yr,haas2020,observed
1982,out_emissions,fossil,5.2350079,Gt/yr,haas2020,observed
1983,out_emissions,fossil,5.232913897,Gt/yr,haas2020,observed
1984,out_emissions,fossil,5.458926486,Gt/yr,haas2020,observed
1985,out_emissions,fossil,5.430808545,Gt/yr,haas2020,observed
1986,out_emissions,fossil,5.58723812,Gt/yr,haas2020,observed
1987,out_emissions,fossil,5.689740507,Gt/yr,haas2020,observed
1988,out_emissions,fossil,5.855505516,Gt/yr,haas2020,observed
1989,out_emissions,fossil,5.960920574,Gt/yr,haas2020,observed
1990,out_emissions,fossil,5.955630795,Gt/yr,haas2020,observed
1991,out_emissions,fossil,5.875115915,Gt/yr,haas2020,observed
1992,out_emissions,fossil,5.801999766,Gt/yr,haas2020,observed
1993,out_emissions,fossil,5.794354741,Gt/yr,haas2020,observed
1994,out_emissions,fossil,5.86782697,Gt/yr,haas2020,observed
1995,out_emissions,fossil,5.999105743,Gt/yr,haas2020,observed
1996,out_emissions,fossil,6.140984548,Gt/yr,haas2020,observed
1997,out_emissions,fossil,6.187613365,Gt/yr,haas2020,observed
1998,out_emissions,fossil,6.246281466,Gt/yr,haas2020,observed
1999,out_emissions,fossil,6.180214219,Gt/yr,haas2020,observed
2000,out_emissions,fossil,6.381795782,Gt/yr,haas2020,observed
2001,out_emissions,fossil,6.527116106,Gt/yr,haas2020,observed
2002,out_emissions,fossil,6.547133672,Gt/yr,haas2020,observed
2003,out_emissions,fossil,6.897067982,Gt/yr,haas2020,observed
2004,out_emissions,fossil,7.253205564,Gt/yr,haas2020,observed
2005,out_emissions,fossil,7.526113736,Gt/yr,haas2020,observed
2006,out_emissions,fossil,7.751009245,Gt/yr,haas2020,observed
2007,out_emissions,fossil,7.872559857,Gt/yr,haas2020,observed
2008,out_emissions,fossil,8.084322142,Gt/yr,haas2020,observed
2009,out_emissions,fossil,8.006127408,Gt/yr,haas2020,observed
2010,out_emissions,fossil,8.356152237,Gt/yr,haas2020,observed
2011,out_emissions,fossil,8.742658515,Gt/yr,haas2020,observed
2012,out_emissions,fossil,8.891929443,Gt/yr,haas2020,observed
2013,out_emissions,fossil,9.002671498,Gt/yr,haas2020,observed
2014,out_emissions,fossil,9.045259218,Gt/yr,haas2020,observed
2015,out_emissions,fossil,9.073748491,Gt/yr,haas2020,observed
1900,out_emissions,metals,0,Gt/yr,haas2020,observed
1901,out_emissions,metals,0,Gt/yr,haas2020,observed
1902,out_emissions,metals,0,Gt/yr,haas2020,observed
1903,out_emissions,metals,0,Gt/yr,haas2020,observed
1904,out_emissions,metals,0,Gt/yr,haas2020,observed
1905,out_emissions,metals,0,Gt/yr,haas2020,observed
1906,out_emissions,metals,0,Gt/yr,haas2020,observed
1907,out_emissions,metals,0,Gt/yr,haas2020,observed
1908,out_emissions,metals,0,Gt/yr,haas2020,observed
1909,out_emissions,metals,0,Gt/yr,haas2020,observed
1910,out_emissions,metals,0,Gt/yr,haas2020,observed
1911,out_emissions,metals,0,Gt/yr,haas2020,observed
1912,out_emissions,metals,0,Gt/yr,haas2020,observed
1913,out_emissions,metals,0,Gt/yr,haas2020,observed
1914,out_emissions,metals,0,Gt/yr,haas2020,observed
1915,out_emissions,metals,0,Gt/yr,haas2020,observed
1916,out_emissions,metals,0,Gt/yr,haas2020,observed
1917,out_emissions,metals,0,Gt/yr,haas2020,observed
1918,out_emissions,metals,0,Gt/yr,haas2020,observed
1919,out_emissions,metals,0,Gt/yr,haas2020,observed
1920,out_emissions,metals,0,Gt/yr,haas2020,observed
1921,out_emissions,metals,0,Gt/yr,haas2020,observed
1922,out_emissions,metals,0,Gt/yr,haas2020,observed
1923,out_emissions,metals,0,Gt/yr,haas2020,observed
1924,out_emissions,metals,0,Gt/yr,haas2020,observed
1925,out_emissions,metals,0,Gt/yr,haas2020,observed
1926,out_emissions,metals,0,Gt/yr,haas2020,observed
1927,out_emissions,metals,0,Gt/yr,haas2020,observed
1928,out_emissions,metals,0,Gt/yr,haas2020,observed
1929,out_emissions,metals,0,Gt/yr,haas2020,observed
1930,out_emissions,metals,0,Gt/yr,haas2020,observed
1931,out_emissions,metals,0,Gt/yr,haas2020,observed
1932,out_emissions,metals,0,Gt/yr,haas2020,observed
1933,out_emissions,metals,0,Gt/yr,haas2020,observed
1934,out_emissions,metals,0,Gt/yr,haas2020,observed
1935,out_emissions,metals,0,Gt/yr,haas2020,observed
1936,out_emissions,metals,0,Gt/yr,haas2020,observed
1937,out_emissions,metals,0,Gt/yr,haas2020,observed
1938,out_emissions,metals,0,Gt/yr,haas2020,observed
1939,out_emissions,metals,0,Gt/yr,haas2020,observed
1940,out_emissions,metals,0,Gt/yr,haas2020,observed
1941,out_emissions,metals,0,Gt/yr,haas2020,observed
1942,out_emissions,metals,0,Gt/yr,haas2020,observed
1943,out_emissions,metals,0,Gt/yr,haas2020,observed
1944,out_emissions,metals,0,Gt/yr,haas2020,observed
1945,out_emissions,metals,0,Gt/yr,haas2020,observed
1946,out_emissions,metals,0,Gt/yr,haas2020,observed
1947,out_emissions,metals,0,Gt/yr,haas2020,observed
1948,out_emissions,metals,0,Gt/yr,haas2020,observed
1949,out_emissions,metals,0,Gt/yr,haas2020,observed
1950,out_emissions,metals,0,Gt/yr,haas2020,observed
1951,out_emissions,metals,0,Gt/yr,haas2020,observed
1952,out_emissions,metals,0,Gt/yr,haas2020,observed
1953,out_emissions,metals,0,Gt/yr,haas2020,observed
1954,out_emissions,metals,0,Gt/yr,haas2020,observed
1955,out_emissions,metals,0,Gt/yr,haas2020,observed
1956,out_emissions,metals,0,Gt/yr,haas2020,observed
1957,out_emissions,metals,0,Gt/yr,haas2020,observed
1958,out_emissions,metals,0,Gt/yr,haas2020,observed
1959,out_emissions,metals,0,Gt/yr,haas2020,observed
1960,out_emissions,metals,0,Gt/yr,haas2020,observed
1961,out_emissions,metals,0,Gt/yr,haas2020,observed
1962,out_emissions,metals,0,Gt/yr,haas2020,observed
1963,out_emissions,metals,0,Gt/yr,haas2020,observed
1964,out_emissions,metals,0,Gt/yr,haas2020,observed
1965,out_emissions,metals,0,Gt/yr,haas2020,observed
1966,out_emissions,metals,0,Gt/yr,haas2020,observed
1967,out_emissions,metals,0,Gt/yr,haas2020,observed
1968,out_emissions,metals,0,Gt/yr,haas2020,observed
1969,out_emissions,metals,0,Gt/yr,haas2020,observed
1970,out_emissions,metals,0,Gt/yr,haas2020,observed
1971,out_emissions,metals,0,Gt/yr,haas2020,observed
1972,out_emissions,metals,0,Gt/yr,haas2020,observed
1973,out_emissions,metals,0,Gt/yr,haas2020,observed
1974,out_emissions,metals,0,Gt/yr,haas2020,observed
1975,out_emissions,metals,0,Gt/yr,haas2020,observed
1976,out_emissions,metals,0,Gt/yr,haas2020,observed
1977,out_emissions,metals,0,Gt/yr,haas2020,observed
1978,out_emissions,metals,0,Gt/yr,haas2020,observed
1979,out_emissions,metals,0,Gt/yr,haas2020,observed
1980,out_emissions,metals,0,Gt/yr,haas2020,observed
1981,out_emissions,metals,0,Gt/yr,haas2020,observed
1982,out_emissions,metals,0,Gt/yr,haas2020,observed
1983,out_emissions,metals,0,Gt/yr,haas2020,observed
1984,out_emissions,metals,0,Gt/yr,haas2020,observed
1985,out_emissions,metals,0,Gt/yr,haas2020,observed
1986,out_emissions,metals,0,Gt/yr,haas2020,observed
1987,out_emissions,metals,0,Gt/yr,haas2020,observed
1988,out_emissions,metals,0,Gt/yr,haas2020,observed
1989,out_emissions,metals,0,Gt/yr,haas2020,observed
1990,out_emissions,metals,0,Gt/yr,haas2020,observed
1991,out_emissions,metals,0,Gt/yr,haas2020,observed
1992,out_emissions,metals,0,Gt/yr,haas2020,observed
1993,out_emissions,metals,0,Gt/yr,haas2020,observed
1994,out_emissions,metals,0,Gt/yr,haas2020,observed
1995,out_emissions,metals,0,Gt/yr,haas2020,observed
1996,out_emissions,metals,0,Gt/yr,haas2020,observed
1997,out_emissions,metals,0,Gt/yr,haas2020,observed
1998,out_emissions,metals,0,Gt/yr,haas2020,observed
1999,out_emissions,metals,0,Gt/yr,haas2020,observed
2000,out_emissions,metals,0,Gt/yr,haas2020,observed
2001,out_emissions,metals,0,Gt/yr,haas2020,observed
2002,out_emissions,metals,0,Gt/yr,haas2020,observed
2003,out_emissions,metals,0,Gt/yr,haas2020,observed
2004,out_emissions,metals,0,Gt/yr,haas2020,observed
2005,out_emissions,metals,0,Gt/yr,haas2020,observed
2006,out_emissions,metals,0,Gt/yr,haas2020,observed
2007,out_emissions,metals,0,Gt/yr,haas2020,observed
2008,out_emissions,metals,0,Gt/yr,haas2020,observed
2009,out_emissions,metals,0,Gt/yr,haas2020,observed
2010,out_emissions,metals,0,Gt/yr,haas2020,observed
2011,out_emissions,metals,0,Gt/yr,haas2020,observed
2012,out_emissions,metals,0,Gt/yr,haas2020,observed
2013,out_emissions,metals,0,Gt/yr,haas2020,observed
2014,out_emissions,metals,0,Gt/yr,haas2020,observed
2015,out_emissions,metals,0,Gt/yr,haas2020,observed
1900,out_emissions,non_metallic_minerals,0.0077,Gt/yr,haas2020,observed
1901,out_emissions,non_metallic_minerals,0.0088,Gt/yr,haas2020,observed
1902,out_emissions,non_metallic_minerals,0.0099,Gt/yr,haas2020,observed
1903,out_emissions,non_metallic_minerals,0.011,Gt/yr,haas2020,observed
1904,out_emissions,non_metallic_minerals,0.0121,Gt/yr,haas2020,observed
1905,out_emissions,non_metallic_minerals,0.0132,Gt/yr,haas2020,observed
1906,out_emissions,non_metallic_minerals,0.0143,Gt/yr,haas2020,observed
1907,out_emissions,non_metallic_minerals,0.0154,Gt/yr,haas2020,observed
1908,out_emissions,non_metallic_minerals,0.0165,Gt/yr,haas2020,observed
1909,out_emissions,non_metallic_minerals,0.0176,Gt/yr,haas2020,observed
1910,out_emissions,non_metallic_minerals,0.0187,Gt/yr,haas2020,observed
1911,out_emissions,non_metallic_minerals,0.0198,Gt/yr,haas2020,observed
1912,out_emissions,non_metallic_minerals,0.0209,Gt/yr,haas2020,observed
1913,out_emissions,non_metallic_minerals,0.022,Gt/yr,haas2020,observed
1914,out_emissions,non_metallic_minerals,0.02006583333,Gt/yr,haas2020,observed
1915,out_emissions,non_metallic_minerals,0.01813166667,Gt/yr,haas2020,observed
1916,out_emissions,non_metallic_minerals,0.0161975,Gt/yr,haas2020,observed
1917,out_emissions,non_metallic_minerals,0.01426333333,Gt/yr,haas2020,observed
1918,out_emissions,non_metallic_minerals,0.01232916667,Gt/yr,haas2020,observed
1919,out_emissions,non_metallic_minerals,0.010395,Gt/yr,haas2020,observed
1920,out_emissions,non_metallic_minerals,0.0143,Gt/yr,haas2020,observed
1921,out_emissions,non_metallic_minerals,0.014025,Gt/yr,haas2020,observed
1922,out_emissions,non_metallic_minerals,0.020405,Gt/yr,haas2020,observed
1923,out_emissions,non_metallic_minerals,0.02068,Gt/yr,haas2020,observed
1924,out_emissions,non_metallic_minerals,0.02596,Gt/yr,haas2020,observed
1925,out_emissions,non_metallic_minerals,0.031075,Gt/yr,haas2020,observed
1926,out_emissions,non_metallic_minerals,0.03432,Gt/yr,haas2020,observed
1927,out_emissions,non_metallic_minerals,0.03729,Gt/yr,haas2020,observed
1928,out_emissions,non_metallic_minerals,0.03971,Gt/yr,haas2020,observed
1929,out_emissions,non_metallic_minerals,0.041195,Gt/yr,haas2020,observed
1930,out_emissions,non_metallic_minerals,0.039765,Gt/yr,haas2020,observed
1931,out_emissions,non_metallic_minerals,0.034155,Gt/yr,haas2020,observed
1932,out_emissions,non_metallic_minerals,0.027115,Gt/yr,haas2020,observed
1933,out_emissions,non_metallic_minerals,0.02651,Gt/yr,haas2020,observed
1934,out_emissions,non_metallic_minerals,0.032065,Gt/yr,haas2020,observed
1935,out_emissions,non_metallic_minerals,0.03597,Gt/yr,haas2020,observed
1936,out_emissions,non_metallic_minerals,0.03454,Gt/yr,haas2020,observed
1937,out_emissions,non_metallic_minerals,0.045485,Gt/yr,haas2020,observed
1938,out_emissions,non_metallic_minerals,0.047245,Gt/yr,haas2020,observed
1939,out_emissions,non_metallic_minerals,0.05115,Gt/yr,haas2020,observed
1940,out_emissions,non_metallic_minerals,0.04455,Gt/yr,haas2020,observed
1941,out_emissions,non_metallic_minerals,0.0484,Gt/yr,haas2020,observed
1942,out_emissions,non_metallic_minerals,0.044495,Gt/yr,haas2020,observed
1943,out_emissions,non_metallic_minerals,0.03916,Gt/yr,haas2020,observed
1944,out_emissions,non_metallic_minerals,0.030195,Gt/yr,haas2020,observed
1945,out_emissions,non_metallic_minerals,0.027225,Gt/yr,haas2020,observed
1946,out_emissions,non_metallic_minerals,0.039875,Gt/yr,haas2020,observed
1947,out_emissions,non_metallic_minerals,0.04719,Gt/yr,haas2020,observed
1948,out_emissions,non_metallic_minerals,0.0561,Gt/yr,haas2020,observed
1949,out_emissions,non_metallic_minerals,0.06325,Gt/yr,haas2020,observed
1950,out_emissions,non_metallic_minerals,0.07315,Gt/yr,haas2020,observed
1951,out_emissions,non_metallic_minerals,0.08195,Gt/yr,haas2020,observed
1952,out_emissions,non_metallic_minerals,0.08855,Gt/yr,haas2020,observed
1953,out_emissions,non_metallic_minerals,0.0979,Gt/yr,haas2020,observed
1954,out_emissions,non_metallic_minerals,0.107195,Gt/yr,haas2020,observed
1955,out_emissions,non_metallic_minerals,0.119515,Gt/yr,haas2020,observed
1956,out_emissions,non_metallic_minerals,0.12947,Gt/yr,haas2020,observed
1957,out_emissions,non_metallic_minerals,0.135795,Gt/yr,haas2020,observed
1958,out_emissions,non_metallic_minerals,0.144375,Gt/yr,haas2020,observed
1959,out_emissions,non_metallic_minerals,0.161865,Gt/yr,haas2020,observed
1960,out_emissions,non_metallic_minerals,0.174075,Gt/yr,haas2020,observed
1961,out_emissions,non_metallic_minerals,0.18326,Gt/yr,haas2020,observed
1962,out_emissions,non_metallic_minerals,0.197175,Gt/yr,haas2020,observed
1963,out_emissions,non_metallic_minerals,0.2079,Gt/yr,haas2020,observed
1964,out_emissions,non_metallic_minerals,0.22858,Gt/yr,haas2020,observed
1965,out_emissions,non_metallic_minerals,0.23837,Gt/yr,haas2020,observed
1966,out_emissions,non_metallic_minerals,0.25531,Gt/yr,haas2020,observed
1967,out_emissions,non_metallic_minerals,0.26389,Gt/yr,haas2020,observed
1968,out_emissions,non_metallic_minerals,0.28336,Gt/yr,haas2020,observed
1969,out_emissions,non_metallic_minerals,0.298705,Gt/yr,haas2020,observed
1970,out_emissions,non_metallic_minerals,0.31449,Gt/yr,haas2020,observed
1971,out_emissions,non_metallic_minerals,0.3245,Gt/yr,haas2020,observed
1972,out_emissions,non_metallic_minerals,0.36355,Gt/yr,haas2020,observed
1973,out_emissions,non_metallic_minerals,0.3861,Gt/yr,haas2020,observed
1974,out_emissions,non_metallic_minerals,0.38676,Gt/yr,haas2020,observed
1975,out_emissions,non_metallic_minerals,0.38621,Gt/yr,haas2020,observed
1976,out_emissions,non_metallic_minerals,0.40447,Gt/yr,haas2020,observed
1977,out_emissions,non_metallic_minerals,0.438405,Gt/yr,haas2020,observed
1978,out_emissions,non_metallic_minerals,0.46915,Gt/yr,haas2020,observed
1979,out_emissions,non_metallic_minerals,0.47982,Gt/yr,haas2020,observed
1980,out_emissions,non_metallic_minerals,0.485705,Gt/yr,haas2020,observed
1981,out_emissions,non_metallic_minerals,0.487685,Gt/yr,haas2020,observed
1982,out_emissions,non_metallic_minerals,0.48807,Gt/yr,haas2020,observed
1983,out_emissions,non_metallic_minerals,0.50413,Gt/yr,haas2020,observed
1984,out_emissions,non_metallic_minerals,0.517605,Gt/yr,haas2020,observed
1985,out_emissions,non_metallic_minerals,0.52767,Gt/yr,haas2020,observed
1986,out_emissions,non_metallic_minerals,0.5544,Gt/yr,haas2020,observed
1987,out_emissions,non_metallic_minerals,0.57915,Gt/yr,haas2020,observed
1988,out_emissions,non_metallic_minerals,0.6149,Gt/yr,haas2020,observed
1989,out_emissions,non_metallic_minerals,0.5731,Gt/yr,haas2020,observed
1990,out_emissions,non_metallic_minerals,0.57365,Gt/yr,haas2020,observed
1991,out_emissions,non_metallic_minerals,0.65175,Gt/yr,haas2020,observed
1992,out_emissions,non_metallic_minerals,0.61765,Gt/yr,haas2020,observed
1993,out_emissions,non_metallic_minerals,0.71005,Gt/yr,haas2020,observed
1994,out_emissions,non_metallic_minerals,0.7535,Gt/yr,haas2020,observed
1995,out_emissions,non_metallic_minerals,0.79475,Gt/yr,haas2020,observed
1996,out_emissions,non_metallic_minerals,0.82115,Gt/yr,haas2020,observed
1997,out_emissions,non_metallic_minerals,0.85085,Gt/yr,haas2020,observed
1998,out_emissions,non_metallic_minerals,0.847,Gt/yr,haas2020,observed
1999,out_emissions,non_metallic_minerals,0.88,Gt/yr,haas2020,observed
2000,out_emissions,non_metallic_minerals,0.913,Gt/yr,haas2020,observed
2001,out_emissions,non_metallic_minerals,0.9625,Gt/yr,haas2020,observed
2002,out_emissions,non_metallic_minerals,1.0175,Gt/yr,haas2020,observed
2003,out_emissions,non_metallic_minerals,1.111,Gt/yr,haas2020,observed
2004,out_emissions,non_metallic_minerals,1.2045,Gt/yr,haas2020,observed
2005,out_emissions,non_metallic_minerals,1.2925,Gt/yr,haas2020,observed
2006,out_emissions,non_metallic_minerals,1.441,Gt/yr,haas2020,observed
2007,out_emissions,non_metallic_minerals,1.5455,Gt/yr,haas2020,observed
2008,out_emissions,non_metallic_minerals,1.5675,Gt/yr,haas2020,observed
2009,out_emissions,non_metallic_minerals,1.6775,Gt/yr,haas2020,observed
2010,out_emissions,non_metallic_minerals,1.8095,Gt/yr,haas2020,observed
2011,out_emissions,non_metallic_minerals,2.0075,Gt/yr,haas2020,observed
2012,out_emissions,non_metallic_minerals,2.101,Gt/yr,haas2020,observed
2013,out_emissions,non_metallic_minerals,2.2385,Gt/yr,haas2020,observed
2014,out_emissions,non_metallic_minerals,2.299,Gt/yr,haas2020,observed
2015,out_emissions,non_metallic_minerals,2.361135135,Gt/yr,haas2020,observed
1900,out_interim_outputs,total,7.111033029,Gt/yr,haas2020,observed
1901,out_interim_outputs,total,7.212361549,Gt/yr,haas2020,observed
1902,out_interim_outputs,total,7.311154521,Gt/yr,haas2020,observed
1903,out_interim_outputs,total,7.485010371,Gt/yr,haas2020,observed
1904,out_interim_outputs,total,7.570961995,Gt/yr,haas2020,observed
1905,out_interim_outputs,total,7.722349495,Gt/yr,haas2020,observed
1906,out_interim_outputs,total,7.885732535,Gt/yr,haas2020,observed
1907,out_interim_outputs,total,8.114553098,Gt/yr,haas2020,observed
1908,out_interim_outputs,total,8.119797583,Gt/yr,haas2020,observed
1909,out_interim_outputs,total,8.268162471,Gt/yr,haas2020,observed
1910,out_interim_outputs,total,8.422605737,Gt/yr,haas2020,observed
1911,out_interim_outputs,total,8.540075702,Gt/yr,haas2020,observed
1912,out_interim_outputs,total,8.728694345,Gt/yr,haas2020,observed
1913,out_interim_outputs,total,8.95016534,Gt/yr,haas2020,observed
1914,out_interim_outputs,total,8.819051957,Gt/yr,haas2020,observed
1915,out_interim_outputs,total,8.88613059,Gt/yr,haas2020,observed
1916,out_interim_outputs,total,9.116867184,Gt/yr,haas2020,observed
1917,out_interim_outputs,total,9.291069651,Gt/yr,haas2020,observed
1918,out_interim_outputs,total,9.333595497,Gt/yr,haas2020,observed
1919,out_interim_outputs,total,9.175750628,Gt/yr,haas2020,observed
1920,out_interim_outputs,total,9.501250409,Gt/yr,haas2020,observed
1921,out_interim_outputs,total,9.276788911,Gt/yr,haas2020,observed
1922,out_interim_outputs,total,9.517472794,Gt/yr,haas2020,observed
1923,out_interim_outputs,total,9.861346363,Gt/yr,haas2020,observed
1924,out_interim_outputs,total,9.955538892,Gt/yr,haas2020,observed
1925,out_interim_outputs,total,10.09187493,Gt/yr,haas2020,observed
1926,out_interim_outputs,total,10.18676814,Gt/yr,haas2020,observed
1927,out_interim_outputs,total,10.41562979,Gt/yr,haas2020,observed
1928,out_interim_outputs,total,10.6961616,Gt/yr,haas2020,observed
1929,out_interim_outputs,total,10.81784983,Gt/yr,haas2020,observed
1930,out_interim_outputs,total,10.70776906,Gt/yr,haas2020,observed
1931,out_interim_outputs,total,10.48363256,Gt/yr,haas2020,observed
1932,out_interim_outputs,total,10.29075867,Gt/yr,haas2020,observed
1933,out_interim_outputs,total,10.45604944,Gt/yr,haas2020,observed
1934,out_interim_outputs,total,10.72349527,Gt/yr,haas2020,observed
1935,out_interim_outputs,total,10.92013533,Gt/yr,haas2020,observed
1936,out_interim_outputs,total,11.21772539,Gt/yr,haas2020,observed
1937,out_interim_outputs,total,11.50446708,Gt/yr,haas2020,observed
1938,out_interim_outputs,total,11.32583751,Gt/yr,haas2020,observed
1939,out_interim_outputs,total,11.63459557,Gt/yr,haas2020,observed
1940,out_interim_outputs,total,11.95425101,Gt/yr,haas2020,observed
1941,out_interim_outputs,total,12.12533486,Gt/yr,haas2020,observed
1942,out_interim_outputs,total,12.18238285,Gt/yr,haas2020,observed
1943,out_interim_outputs,total,12.33127174,Gt/yr,haas2020,observed
1944,out_interim_outputs,total,12.31105351,Gt/yr,haas2020,observed
1945,out_interim_outputs,total,11.84431611,Gt/yr,haas2020,observed
1946,out_interim_outputs,total,12.04953945,Gt/yr,haas2020,observed
1947,out_interim_outputs,total,12.4627352,Gt/yr,haas2020,observed
1948,out_interim_outputs,total,12.72990248,Gt/yr,haas2020,observed
1949,out_interim_outputs,total,12.72223315,Gt/yr,haas2020,observed
1950,out_interim_outputs,total,13.09225743,Gt/yr,haas2020,observed
1951,out_interim_outputs,total,13.48781203,Gt/yr,haas2020,observed
1952,out_interim_outputs,total,13.71865816,Gt/yr,haas2020,observed
1953,out_interim_outputs,total,13.97738191,Gt/yr,haas2020,observed
1954,out_interim_outputs,total,14.24573603,Gt/yr,haas2020,observed
1955,out_interim_outputs,total,14.71969359,Gt/yr,haas2020,observed
1956,out_interim_outputs,total,15.14799702,Gt/yr,haas2020,observed
1957,out_interim_outputs,total,15.50877663,Gt/yr,haas2020,observed
1958,out_interim_outputs,total,15.82278028,Gt/yr,haas2020,observed
1959,out_interim_outputs,total,16.30127573,Gt/yr,haas2020,observed
1960,out_interim_outputs,total,16.89094808,Gt/yr,haas2020,observed
1961,out_interim_outputs,total,17.15357602,Gt/yr,haas2020,observed
1962,out_interim_outputs,total,17.68461085,Gt/yr,haas2020,observed
1963,out_interim_outputs,total,18.34286991,Gt/yr,haas2020,observed
1964,out_interim_outputs,total,19.16602394,Gt/yr,haas2020,observed
1965,out_interim_outputs,total,19.39466663,Gt/yr,haas2020,observed
1966,out_interim_outputs,total,20.17088991,Gt/yr,haas2020,observed
1967,out_interim_outputs,total,20.66464665,Gt/yr,haas2020,observed
1968,out_interim_outputs,total,21.38847683,Gt/yr,haas2020,observed
1969,out_interim_outputs,total,21.87626034,Gt/yr,haas2020,observed
1970,out_interim_outputs,total,22.6862609,Gt/yr,haas2020,observed
1971,out_interim_outputs,total,23.41010836,Gt/yr,haas2020,observed
1972,out_interim_outputs,total,23.85918663,Gt/yr,haas2020,observed
1973,out_interim_outputs,total,24.88838599,Gt/yr,haas2020,observed
1974,out_interim_outputs,total,25.36346242,Gt/yr,haas2020,observed
1975,out_interim_outputs,total,25.7244443,Gt/yr,haas2020,observed
1976,out_interim_outputs,total,26.62097022,Gt/yr,haas2020,observed
1977,out_interim_outputs,total,27.17678507,Gt/yr,haas2020,observed
1978,out_interim_outputs,total,27.92851936,Gt/yr,haas2020,observed
1979,out_interim_outputs,total,28.55458869,Gt/yr,haas2020,observed
1980,out_interim_outputs,total,28.79786719,Gt/yr,haas2020,observed
1981,out_interim_outputs,total,29.21293547,Gt/yr,haas2020,observed
1982,out_interim_outputs,total,29.83694628,Gt/yr,haas2020,observed
1983,out_interim_outputs,total,29.97281147,Gt/yr,haas2020,observed
1984,out_interim_outputs,total,31.31200938,Gt/yr,haas2020,observed
1985,out_interim_outputs,total,31.80959877,Gt/yr,haas2020,observed
1986,out_interim_outputs,total,32.45317677,Gt/yr,haas2020,observed
1987,out_interim_outputs,total,33.09429146,Gt/yr,haas2020,observed
1988,out_interim_outputs,total,33.96953122,Gt/yr,haas2020,observed
1989,out_interim_outputs,total,34.98463532,Gt/yr,haas2020,observed
1990,out_interim_outputs,total,35.52489006,Gt/yr,haas2020,observed
1991,out_interim_outputs,total,35.47063493,Gt/yr,haas2020,observed
1992,out_interim_outputs,total,35.7865625,Gt/yr,haas2020,observed
1993,out_interim_outputs,total,35.87735764,Gt/yr,haas2020,observed
1994,out_interim_outputs,total,36.65371311,Gt/yr,haas2020,observed
1995,out_interim_outputs,total,37.91528102,Gt/yr,haas2020,observed
1996,out_interim_outputs,total,38.98026726,Gt/yr,haas2020,observed
1997,out_interim_outputs,total,39.36396598,Gt/yr,haas2020,observed
1998,out_interim_outputs,total,40.05569522,Gt/yr,haas2020,observed
1999,out_interim_outputs,total,40.70121419,Gt/yr,haas2020,observed
2000,out_interim_outputs,total,41.48562488,Gt/yr,haas2020,observed
2001,out_interim_outputs,total,42.21205783,Gt/yr,haas2020,observed
2002,out_interim_outputs,total,42.84635673,Gt/yr,haas2020,observed
2003,out_interim_outputs,total,44.2462835,Gt/yr,haas2020,observed
2004,out_interim_outputs,total,46.06198361,Gt/yr,haas2020,observed
2005,out_interim_outputs,total,47.79670176,Gt/yr,haas2020,observed
2006,out_interim_outputs,total,49.37251047,Gt/yr,haas2020,observed
2007,out_interim_outputs,total,51.29126952,Gt/yr,haas2020,observed
2008,out_interim_outputs,total,53.03705807,Gt/yr,haas2020,observed
2009,out_interim_outputs,total,53.76199662,Gt/yr,haas2020,observed
2010,out_interim_outputs,total,55.73990186,Gt/yr,haas2020,observed
2011,out_interim_outputs,total,58.29440438,Gt/yr,haas2020,observed
2012,out_interim_outputs,total,59.56565889,Gt/yr,haas2020,observed
2013,out_interim_outputs,total,61.51096648,Gt/yr,haas2020,observed
2014,out_interim_outputs,total,62.80383502,Gt/yr,haas2020,observed
2015,out_interim_outputs,total,63.74997983,Gt/yr,haas2020,observed
1900,out_non_renewable_biomass,total,2.266787331,Gt/yr,haas2020,observed
1901,out_non_renewable_biomass,total,2.282177695,Gt/yr,haas2020,observed
1902,out_non_renewable_biomass,total,2.293619111,Gt/yr,haas2020,observed
1903,out_non_renewable_biomass,total,2.30165494,Gt/yr,haas2020,observed
1904,out_non_renewable_biomass,total,2.31984658,Gt/yr,haas2020,observed
1905,out_non_renewable_biomass,total,2.324457057,Gt/yr,haas2020,observed
1906,out_non_renewable_biomass,total,2.332441247,Gt/yr,haas2020,observed
1907,out_non_renewable_biomass,total,2.337011284,Gt/yr,haas2020,observed
1908,out_non_renewable_biomass,total,2.344959654,Gt/yr,haas2020,observed
1909,out_non_renewable_biomass,total,2.349491611,Gt/yr,haas2020,observed
1910,out_non_renewable_biomass,total,2.354004553,Gt/yr,haas2020,observed
1911,out_non_renewable_biomass,total,2.341048473,Gt/yr,haas2020,observed
1912,out_non_renewable_biomass,total,2.321262665,Gt/yr,haas2020,observed
1913,out_non_renewable_biomass,total,2.301451508,Gt/yr,haas2020,observed
1914,out_non_renewable_biomass,total,2.257778085,Gt/yr,haas2020,observed
1915,out_non_renewable_biomass,total,2.237912726,Gt/yr,haas2020,observed
1916,out_non_renewable_biomass,total,2.228245926,Gt/yr,haas2020,observed
1917,out_non_renewable_biomass,total,2.242417577,Gt/yr,haas2020,observed
1918,out_non_renewable_biomass,total,2.266810245,Gt/yr,haas2020,observed
1919,out_non_renewable_biomass,total,2.311659794,Gt/yr,haas2020,observed
1920,out_non_renewable_biomass,total,2.356518353,Gt/yr,haas2020,observed
1921,out_non_renewable_biomass,total,2.401385639,Gt/yr,haas2020,observed
1922,out_non_renewable_biomass,total,2.44284958,Gt/yr,haas2020,observed
1923,out_non_renewable_biomass,total,2.467257626,Gt/yr,haas2020,observed
1924,out_non_renewable_biomass,total,2.488251849,Gt/yr,haas2020,observed
1925,out_non_renewable_biomass,total,2.495588361,Gt/yr,haas2020,observed
1926,out_non_renewable_biomass,total,2.506332123,Gt/yr,haas2020,observed
1927,out_non_renewable_biomass,total,2.506824194,Gt/yr,haas2020,observed
1928,out_non_renewable_biomass,total,2.50047478,Gt/yr,haas2020,observed
1929,out_non_renewable_biomass,total,2.49753007,Gt/yr,haas2020,observed
1930,out_non_renewable_biomass,total,2.525330111,Gt/yr,haas2020,observed
1931,out_non_renewable_biomass,total,2.576964731,Gt/yr,haas2020,observed
1932,out_non_renewable_biomass,total,2.621773346,Gt/yr,haas2020,observed
1933,out_non_renewable_biomass,total,2.690521196,Gt/yr,haas2020,observed
1934,out_non_renewable_biomass,total,2.766122314,Gt/yr,haas2020,observed
1935,out_non_renewable_biomass,total,2.81780233,Gt/yr,haas2020,observed
1936,out_non_renewable_biomass,total,2.866071877,Gt/yr,haas2020,observed
1937,out_non_renewable_biomass,total,2.900667597,Gt/yr,haas2020,observed
1938,out_non_renewable_biomass,total,2.921583828,Gt/yr,haas2020,observed
1939,out_non_renewable_biomass,total,2.925393521,Gt/yr,haas2020,observed
1940,out_non_renewable_biomass,total,2.912089916,Gt/yr,haas2020,observed
1941,out_non_renewable_biomass,total,2.871399188,Gt/yr,haas2020,observed
1942,out_non_renewable_biomass,total,2.799888077,Gt/yr,haas2020,observed
1943,out_non_renewable_biomass,total,2.735201183,Gt/yr,haas2020,observed
1944,out_non_renewable_biomass,total,2.687612585,Gt/yr,haas2020,observed
1945,out_non_renewable_biomass,total,2.629788337,Gt/yr,haas2020,observed
1946,out_non_renewable_biomass,total,2.6334833,Gt/yr,haas2020,observed
1947,out_non_renewable_biomass,total,2.592703386,Gt/yr,haas2020,observed
1948,out_non_renewable_biomass,total,2.531357848,Gt/yr,haas2020,observed
1949,out_non_renewable_biomass,total,2.459716948,Gt/yr,haas2020,observed
1950,out_non_renewable_biomass,total,2.457841384,Gt/yr,haas2020,observed
1951,out_non_renewable_biomass,total,2.298492072,Gt/yr,haas2020,observed
1952,out_non_renewable_biomass,total,2.246403406,Gt/yr,haas2020,observed
1953,out_non_renewable_biomass,total,2.249134454,Gt/yr,haas2020,observed
1954,out_non_renewable_biomass,total,2.269014004,Gt/yr,haas2020,observed
1955,out_non_renewable_biomass,total,2.337127936,Gt/yr,haas2020,observed
1956,out_non_renewable_biomass,total,2.436385221,Gt/yr,haas2020,observed
1957,out_non_renewable_biomass,total,2.559975593,Gt/yr,haas2020,observed
1958,out_non_renewable_biomass,total,2.669928442,Gt/yr,haas2020,observed
1959,out_non_renewable_biomass,total,2.775563977,Gt/yr,haas2020,observed
1960,out_non_renewable_biomass,total,2.850250184,Gt/yr,haas2020,observed
1961,out_non_renewable_biomass,total,2.94535702,Gt/yr,haas2020,observed
1962,out_non_renewable_biomass,total,2.957684085,Gt/yr,haas2020,observed
1963,out_non_renewable_biomass,total,2.840074146,Gt/yr,haas2020,observed
1964,out_non_renewable_biomass,total,2.703002014,Gt/yr,haas2020,observed
1965,out_non_renewable_biomass,total,2.544175647,Gt/yr,haas2020,observed
1966,out_non_renewable_biomass,total,2.377131097,Gt/yr,haas2020,observed
1967,out_non_renewable_biomass,total,2.327715274,Gt/yr,haas2020,observed
1968,out_non_renewable_biomass,total,2.368416239,Gt/yr,haas2020,observed
1969,out_non_renewable_biomass,total,2.471544096,Gt/yr,haas2020,observed
1970,out_non_renewable_biomass,total,2.554649935,Gt/yr,haas2020,observed
1971,out_non_renewable_biomass,total,2.50294896,Gt/yr,haas2020,observed
1972,out_non_renewable_biomass,total,2.399829058,Gt/yr,haas2020,observed
1973,out_non_renewable_biomass,total,2.361828103,Gt/yr,haas2020,observed
1974,out_non_renewable_biomass,total,2.244380141,Gt/yr,haas2020,observed
1975,out_non_renewable_biomass,total,2.190620359,Gt/yr,haas2020,observed
1976,out_non_renewable_biomass,total,2.152870625,Gt/yr,haas2020,observed
1977,out_non_renewable_biomass,total,2.09163493,Gt/yr,haas2020,observed
1978,out_non_renewable_biomass,total,1.944077866,Gt/yr,haas2020,observed
1979,out_non_renewable_biomass,total,1.849423664,Gt/yr,haas2020,observed
1980,out_non_renewable_biomass,total,1.749990996,Gt/yr,haas2020,observed
1981,out_non_renewable_biomass,total,1.701309784,Gt/yr,haas2020,observed
1982,out_non_renewable_biomass,total,1.683451918,Gt/yr,haas2020,observed
1983,out_non_renewable_biomass,total,1.840817511,Gt/yr,haas2020,observed
1984,out_non_renewable_biomass,total,1.965038084,Gt/yr,haas2020,observed
1985,out_non_renewable_biomass,total,2.02026159,Gt/yr,haas2020,observed
1986,out_non_renewable_biomass,total,2.147899951,Gt/yr,haas2020,observed
1987,out_non_renewable_biomass,total,2.281259304,Gt/yr,haas2020,observed
1988,out_non_renewable_biomass,total,2.293001584,Gt/yr,haas2020,observed
1989,out_non_renewable_biomass,total,2.388895054,Gt/yr,haas2020,observed
1990,out_non_renewable_biomass,total,2.96896239,Gt/yr,haas2020,observed
1991,out_non_renewable_biomass,total,3.297692763,Gt/yr,haas2020,observed
1992,out_non_renewable_biomass,total,3.614319368,Gt/yr,haas2020,observed
1993,out_non_renewable_biomass,total,3.794197706,Gt/yr,haas2020,observed
1994,out_non_renewable_biomass,total,3.911036303,Gt/yr,haas2020,observed
1995,out_non_renewable_biomass,total,3.982636278,Gt/yr,haas2020,observed
1996,out_non_renewable_biomass,total,3.983374117,Gt/yr,haas2020,observed
1997,out_non_renewable_biomass,total,5.426576709,Gt/yr,haas2020,observed
1998,out_non_renewable_biomass,total,3.865780443,Gt/yr,haas2020,observed
1999,out_non_renewable_biomass,total,3.802702484,Gt/yr,haas2020,observed
2000,out_non_renewable_biomass,total,3.620493099,Gt/yr,haas2020,observed
2001,out_non_renewable_biomass,total,3.593817192,Gt/yr,haas2020,observed
2002,out_non_renewable_biomass,total,3.837613503,Gt/yr,haas2020,observed
2003,out_non_renewable_biomass,total,3.594378617,Gt/yr,haas2020,observed
2004,out_non_renewable_biomass,total,3.677016222,Gt/yr,haas2020,observed
2005,out_non_renewable_biomass,total,3.614781962,Gt/yr,haas2020,observed
2006,out_non_renewable_biomass,total,3.903359449,Gt/yr,haas2020,observed
2007,out_non_renewable_biomass,total,3.187967743,Gt/yr,haas2020,observed
2008,out_non_renewable_biomass,total,3.227641151,Gt/yr,haas2020,observed
2009,out_non_renewable_biomass,total,3.488373449,Gt/yr,haas2020,observed
2010,out_non_renewable_biomass,total,3.291495281,Gt/yr,haas2020,observed
2011,out_non_renewable_biomass,total,3.183513607,Gt/yr,haas2020,observed
2012,out_non_renewable_biomass,total,3.155162476,Gt/yr,haas2020,observed
2013,out_non_renewable_biomass,total,2.968023886,Gt/yr,haas2020,observed
2014,out_non_renewable_biomass,total,3.138936369,Gt/yr,haas2020,observed
2015,out_non_renewable_biomass,total,3.397776387,Gt/yr,haas2020,observed
1900,out_not_recycled,total,0.5719706736,Gt/yr,haas2020,observed
1901,out_not_recycled,total,0.5858072202,Gt/yr,haas2020,observed
1902,out_not_recycled,total,0.5998802961,Gt/yr,haas2020,observed
1903,out_not_recycled,total,0.6215062586,Gt/yr,haas2020,observed
1904,out_not_recycled,total,0.6306945495,Gt/yr,haas2020,observed
1905,out_not_recycled,total,0.6600494451,Gt/yr,haas2020,observed
1906,out_not_recycled,total,0.6745748442,Gt/yr,haas2020,observed
1907,out_not_recycled,total,0.7195671953,Gt/yr,haas2020,observed
1908,out_not_recycled,total,0.7123683022,Gt/yr,haas2020,observed
1909,out_not_recycled,total,0.7421179674,Gt/yr,haas2020,observed
1910,out_not_recycled,total,0.7725896789,Gt/yr,haas2020,observed
1911,out_not_recycled,total,0.7864626525,Gt/yr,haas2020,observed
1912,out_not_recycled,total,0.82441457,Gt/yr,haas2020,observed
1913,out_not_recycled,total,0.865986782,Gt/yr,haas2020,observed
1914,out_not_recycled,total,0.812957407,Gt/yr,haas2020,observed
1915,out_not_recycled,total,0.8210226185,Gt/yr,haas2020,observed
1916,out_not_recycled,total,0.8725076628,Gt/yr,haas2020,observed
1917,out_not_recycled,total,0.8940573053,Gt/yr,haas2020,observed
1918,out_not_recycled,total,0.8840728773,Gt/yr,haas2020,observed
1919,out_not_recycled,total,0.8296251453,Gt/yr,haas2020,observed
1920,out_not_recycled,total,0.8735049211,Gt/yr,haas2020,observed
1921,out_not_recycled,total,0.794730114,Gt/yr,haas2020,observed
1922,out_not_recycled,total,0.8676932635,Gt/yr,haas2020,observed
1923,out_not_recycled,total,0.9432499707,Gt/yr,haas2020,observed
1924,out_not_recycled,total,0.9721416941,Gt/yr,haas2020,observed
1925,out_not_recycled,total,1.019913384,Gt/yr,haas2020,observed
1926,out_not_recycled,total,1.036815916,Gt/yr,haas2020,observed
1927,out_not_recycled,total,1.080822684,Gt/yr,haas2020,observed
1928,out_not_recycled,total,1.140643643,Gt/yr,haas2020,observed
1929,out_not_recycled,total,1.18539264,Gt/yr,haas2020,observed
1930,out_not_recycled,total,1.145093795,Gt/yr,haas2020,observed
1931,out_not_recycled,total,1.062805087,Gt/yr,haas2020,observed
1932,out_not_recycled,total,0.9804130939,Gt/yr,haas2020,observed
1933,out_not_recycled,total,1.024740138,Gt/yr,haas2020,observed
1934,out_not_recycled,total,1.10869983,Gt/yr,haas2020,observed
1935,out_not_recycled,total,1.169223492,Gt/yr,haas2020,observed
1936,out_not_recycled,total,1.261741259,Gt/yr,haas2020,observed
1937,out_not_recycled,total,1.368427341,Gt/yr,haas2020,observed
1938,out_not_recycled,total,1.305913111,Gt/yr,haas2020,observed
1939,out_not_recycled,total,1.384428311,Gt/yr,haas2020,observed
1940,out_not_recycled,total,1.471941252,Gt/yr,haas2020,observed
1941,out_not_recycled,total,1.52219737,Gt/yr,haas2020,observed
1942,out_not_recycled,total,1.513596431,Gt/yr,haas2020,observed
1943,out_not_recycled,total,1.550347286,Gt/yr,haas2020,observed
1944,out_not_recycled,total,1.504344692,Gt/yr,haas2020,observed
1945,out_not_recycled,total,1.405049923,Gt/yr,haas2020,observed
1946,out_not_recycled,total,1.424142666,Gt/yr,haas2020,observed
1947,out_not_recycled,total,1.538471991,Gt/yr,haas2020,observed
1948,out_not_recycled,total,1.629125636,Gt/yr,haas2020,observed
1949,out_not_recycled,total,1.640678788,Gt/yr,haas2020,observed
1950,out_not_recycled,total,1.740190905,Gt/yr,haas2020,observed
1951,out_not_recycled,total,1.842870188,Gt/yr,haas2020,observed
1952,out_not_recycled,total,1.903959835,Gt/yr,haas2020,observed
1953,out_not_recycled,total,1.989804554,Gt/yr,haas2020,observed
1954,out_not_recycled,total,2.086166286,Gt/yr,haas2020,observed
1955,out_not_recycled,total,2.173102948,Gt/yr,haas2020,observed
1956,out_not_recycled,total,2.287565095,Gt/yr,haas2020,observed
1957,out_not_recycled,total,2.384637062,Gt/yr,haas2020,observed
1958,out_not_recycled,total,2.397363523,Gt/yr,haas2020,observed
1959,out_not_recycled,total,2.542152279,Gt/yr,haas2020,observed
1960,out_not_recycled,total,2.713884827,Gt/yr,haas2020,observed
1961,out_not_recycled,total,2.786062651,Gt/yr,haas2020,observed
1962,out_not_recycled,total,2.904303683,Gt/yr,haas2020,observed
1963,out_not_recycled,total,3.092789426,Gt/yr,haas2020,observed
1964,out_not_recycled,total,3.260389143,Gt/yr,haas2020,observed
1965,out_not_recycled,total,3.390717226,Gt/yr,haas2020,observed
1966,out_not_recycled,total,3.536406595,Gt/yr,haas2020,observed
1967,out_not_recycled,total,3.652371165,Gt/yr,haas2020,observed
1968,out_not_recycled,total,3.850846274,Gt/yr,haas2020,observed
1969,out_not_recycled,total,4.029454232,Gt/yr,haas2020,observed
1970,out_not_recycled,total,4.289157131,Gt/yr,haas2020,observed
1971,out_not_recycled,total,4.426838335,Gt/yr,haas2020,observed
1972,out_not_recycled,total,4.589830665,Gt/yr,haas2020,observed
1973,out_not_recycled,total,4.821691246,Gt/yr,haas2020,observed
1974,out_not_recycled,total,5.045294184,Gt/yr,haas2020,observed
1975,out_not_recycled,total,5.176904754,Gt/yr,haas2020,observed
1976,out_not_recycled,total,5.351142257,Gt/yr,haas2020,observed
1977,out_not_recycled,total,5.496389415,Gt/yr,haas2020,observed
1978,out_not_recycled,total,5.692810108,Gt/yr,haas2020,observed
1979,out_not_recycled,total,5.889481364,Gt/yr,haas2020,observed
1980,out_not_recycled,total,6.054237336,Gt/yr,haas2020,observed
1981,out_not_recycled,total,6.126911665,Gt/yr,haas2020,observed
1982,out_not_recycled,total,6.137390192,Gt/yr,haas2020,observed
1983,out_not_recycled,total,6.204707306,Gt/yr,haas2020,observed
1984,out_not_recycled,total,6.516845838,Gt/yr,haas2020,observed
1985,out_not_recycled,total,6.706980408,Gt/yr,haas2020,observed
1986,out_not_recycled,total,6.868280714,Gt/yr,haas2020,observed
1987,out_not_recycled,total,7.110206201,Gt/yr,haas2020,observed
1988,out_not_recycled,total,7.492488324,Gt/yr,haas2020,observed
1989,out_not_recycled,total,7.753689132,Gt/yr,haas2020,observed
1990,out_not_recycled,total,7.861601851,Gt/yr,haas2020,observed
1991,out_not_recycled,total,7.928627585,Gt/yr,haas2020,observed
1992,out_not_recycled,total,7.979431728,Gt/yr,haas2020,observed
1993,out_not_recycled,total,8.078160475,Gt/yr,haas2020,observed
1994,out_not_recycled,total,8.303797223,Gt/yr,haas2020,observed
1995,out_not_recycled,total,8.73289406,Gt/yr,haas2020,observed
1996,out_not_recycled,total,8.990850011,Gt/yr,haas2020,observed
1997,out_not_recycled,total,9.195014468,Gt/yr,haas2020,observed
1998,out_not_recycled,total,9.448830064,Gt/yr,haas2020,observed
1999,out_not_recycled,total,9.810257178,Gt/yr,haas2020,observed
2000,out_not_recycled,total,10.05155096,Gt/yr,haas2020,observed
2001,out_not_recycled,total,10.3278833,Gt/yr,haas2020,observed
2002,out_not_recycled,total,10.67942842,Gt/yr,haas2020,observed
2003,out_not_recycled,total,10.99957687,Gt/yr,haas2020,observed
2004,out_not_recycled,total,11.52920159,Gt/yr,haas2020,observed
2005,out_not_recycled,total,12.26828686,Gt/yr,haas2020,observed
2006,out_not_recycled,total,12.83870545,Gt/yr,haas2020,observed
2007,out_not_recycled,total,13.55300203,Gt/yr,haas2020,observed
2008,out_not_recycled,total,14.06592355,Gt/yr,haas2020,observed
2009,out_not_recycled,total,14.46274643,Gt/yr,haas2020,observed
2010,out_not_recycled,total,15.20955893,Gt/yr,haas2020,observed
2011,out_not_recycled,total,16.24734828,Gt/yr,haas2020,observed
2012,out_not_recycled,total,16.76079792,Gt/yr,haas2020,observed
2013,out_not_recycled,total,17.47472131,Gt/yr,haas2020,observed
2014,out_not_recycled,total,18.16704066,Gt/yr,haas2020,observed
2015,out_not_recycled,total,18.62279079,Gt/yr,haas2020,observed
1900,out_socioeconomic_cycling,total,0.2808969668,Gt/yr,haas2020,observed
1901,out_socioeconomic_cycling,total,0.2838333377,Gt/yr,haas2020,observed
1902,out_socioeconomic_cycling,total,0.2888305192,Gt/yr,haas2020,observed
1903,out_socioeconomic_cycling,total,0.2920119118,Gt/yr,haas2020,observed
1904,out_socioeconomic_cycling,total,0.2973510842,Gt/yr,haas2020,observed
1905,out_socioeconomic_cycling,total,0.3018176881,Gt/yr,haas2020,observed
1906,out_socioeconomic_cycling,total,0.3063652387,Gt/yr,haas2020,observed
1907,out_socioeconomic_cycling,total,0.3079322784,Gt/yr,haas2020,observed
1908,out_socioeconomic_cycling,total,0.3164779453,Gt/yr,haas2020,observed
1909,out_socioeconomic_cycling,total,0.3195514248,Gt/yr,haas2020,observed
1910,out_socioeconomic_cycling,total,0.3237488446,Gt/yr,haas2020,observed
1911,out_socioeconomic_cycling,total,0.3267149783,Gt/yr,haas2020,observed
1912,out_socioeconomic_cycling,total,0.332747593,Gt/yr,haas2020,observed
1913,out_socioeconomic_cycling,total,0.3376134639,Gt/yr,haas2020,observed
1914,out_socioeconomic_cycling,total,0.3405716448,Gt/yr,haas2020,observed
1915,out_socioeconomic_cycling,total,0.3439715152,Gt/yr,haas2020,observed
1916,out_socioeconomic_cycling,total,0.3500689384,Gt/yr,haas2020,observed
1917,out_socioeconomic_cycling,total,0.3554268183,Gt/yr,haas2020,observed
1918,out_socioeconomic_cycling,total,0.3606347337,Gt/yr,haas2020,observed
1919,out_socioeconomic_cycling,total,0.3641004006,Gt/yr,haas2020,observed
1920,out_socioeconomic_cycling,total,0.3708731449,Gt/yr,haas2020,observed
1921,out_socioeconomic_cycling,total,0.3711519237,Gt/yr,haas2020,observed
1922,out_socioeconomic_cycling,total,0.3720223773,Gt/yr,haas2020,observed
1923,out_socioeconomic_cycling,total,0.3761541961,Gt/yr,haas2020,observed
1924,out_socioeconomic_cycling,total,0.3805531433,Gt/yr,haas2020,observed
1925,out_socioeconomic_cycling,total,0.3814812632,Gt/yr,haas2020,observed
1926,out_socioeconomic_cycling,total,0.3864988123,Gt/yr,haas2020,observed
1927,out_socioeconomic_cycling,total,0.390000522,Gt/yr,haas2020,observed
1928,out_socioeconomic_cycling,total,0.3907892557,Gt/yr,haas2020,observed
1929,out_socioeconomic_cycling,total,0.3957572303,Gt/yr,haas2020,observed
1930,out_socioeconomic_cycling,total,0.4003401705,Gt/yr,haas2020,observed
1931,out_socioeconomic_cycling,total,0.4001842562,Gt/yr,haas2020,observed
1932,out_socioeconomic_cycling,total,0.4037952296,Gt/yr,haas2020,observed
1933,out_socioeconomic_cycling,total,0.4079606757,Gt/yr,haas2020,observed
1934,out_socioeconomic_cycling,total,0.4077822714,Gt/yr,haas2020,observed
1935,out_socioeconomic_cycling,total,0.4112788374,Gt/yr,haas2020,observed
1936,out_socioeconomic_cycling,total,0.4123124066,Gt/yr,haas2020,observed
1937,out_socioeconomic_cycling,total,0.4141093969,Gt/yr,haas2020,observed
1938,out_socioeconomic_cycling,total,0.416900056,Gt/yr,haas2020,observed
1939,out_socioeconomic_cycling,total,0.420828513,Gt/yr,haas2020,observed
1940,out_socioeconomic_cycling,total,0.4213304026,Gt/yr,haas2020,observed
1941,out_socioeconomic_cycling,total,0.4251088268,Gt/yr,haas2020,observed
1942,out_socioeconomic_cycling,total,0.4264529674,Gt/yr,haas2020,observed
1943,out_socioeconomic_cycling,total,0.4285523629,Gt/yr,haas2020,observed
1944,out_socioeconomic_cycling,total,0.4291908841,Gt/yr,haas2020,observed
1945,out_socioeconomic_cycling,total,0.4324636726,Gt/yr,haas2020,observed
1946,out_socioeconomic_cycling,total,0.4334851349,Gt/yr,haas2020,observed
1947,out_socioeconomic_cycling,total,0.4339696767,Gt/yr,haas2020,observed
1948,out_socioeconomic_cycling,total,0.4377462786,Gt/yr,haas2020,observed
1949,out_socioeconomic_cycling,total,0.4390609521,Gt/yr,haas2020,observed
1950,out_socioeconomic_cycling,total,0.4408387462,Gt/yr,haas2020,observed
1951,out_socioeconomic_cycling,total,0.4392795593,Gt/yr,haas2020,observed
1952,out_socioeconomic_cycling,total,0.4385588877,Gt/yr,haas2020,observed
1953,out_socioeconomic_cycling,total,0.442897816,Gt/yr,haas2020,observed
1954,out_socioeconomic_cycling,total,0.4423560524,Gt/yr,haas2020,observed
1955,out_socioeconomic_cycling,total,0.4473077452,Gt/yr,haas2020,observed
1956,out_socioeconomic_cycling,total,0.4471492854,Gt/yr,haas2020,observed
1957,out_socioeconomic_cycling,total,0.4496363392,Gt/yr,haas2020,observed
1958,out_socioeconomic_cycling,total,0.4517903574,Gt/yr,haas2020,observed
1959,out_socioeconomic_cycling,total,0.452131436,Gt/yr,haas2020,observed
1960,out_socioeconomic_cycling,total,0.4595864807,Gt/yr,haas2020,observed
1961,out_socioeconomic_cycling,total,0.466520145,Gt/yr,haas2020,observed
1962,out_socioeconomic_cycling,total,0.4711429884,Gt/yr,haas2020,observed
1963,out_socioeconomic_cycling,total,0.4753625303,Gt/yr,haas2020,observed
1964,out_socioeconomic_cycling,total,0.4874039997,Gt/yr,haas2020,observed
1965,out_socioeconomic_cycling,total,0.495192492,Gt/yr,haas2020,observed
1966,out_socioeconomic_cycling,total,0.5047259776,Gt/yr,haas2020,observed
1967,out_socioeconomic_cycling,total,0.520635628,Gt/yr,haas2020,observed
1968,out_socioeconomic_cycling,total,0.533181415,Gt/yr,haas2020,observed
1969,out_socioeconomic_cycling,total,0.5412338113,Gt/yr,haas2020,observed
1970,out_socioeconomic_cycling,total,0.5616333972,Gt/yr,haas2020,observed
1971,out_socioeconomic_cycling,total,0.590973543,Gt/yr,haas2020,observed
1972,out_socioeconomic_cycling,total,0.6220821728,Gt/yr,haas2020,observed
1973,out_socioeconomic_cycling,total,0.6533475579,Gt/yr,haas2020,observed
1974,out_socioeconomic_cycling,total,0.6909280734,Gt/yr,haas2020,observed
1975,out_socioeconomic_cycling,total,0.7187893803,Gt/yr,haas2020,observed
1976,out_socioeconomic_cycling,total,0.754860387,Gt/yr,haas2020,observed
1977,out_socioeconomic_cycling,total,0.8008327657,Gt/yr,haas2020,observed
1978,out_socioeconomic_cycling,total,0.8451591379,Gt/yr,haas2020,observed
1979,out_socioeconomic_cycling,total,0.8907986678,Gt/yr,haas2020,observed
1980,out_socioeconomic_cycling,total,0.9532138669,Gt/yr,haas2020,observed
1981,out_socioeconomic_cycling,total,1.015918052,Gt/yr,haas2020,observed
1982,out_socioeconomic_cycling,total,1.075383783,Gt/yr,haas2020,observed
1983,out_socioeconomic_cycling,total,1.153711158,Gt/yr,haas2020,observed
1984,out_socioeconomic_cycling,total,1.231112506,Gt/yr,haas2020,observed
1985,out_socioeconomic_cycling,total,1.312889543,Gt/yr,haas2020,observed
1986,out_socioeconomic_cycling,total,1.401017764,Gt/yr,haas2020,observed
1987,out_socioeconomic_cycling,total,1.49446499,Gt/yr,haas2020,observed
1988,out_socioeconomic_cycling,total,1.599593683,Gt/yr,haas2020,observed
1989,out_socioeconomic_cycling,total,1.705387393,Gt/yr,haas2020,observed
1990,out_socioeconomic_cycling,total,1.804698834,Gt/yr,haas2020,observed
1991,out_socioeconomic_cycling,total,1.918155814,Gt/yr,haas2020,observed
1992,out_socioeconomic_cycling,total,2.059709402,Gt/yr,haas2020,observed
1993,out_socioeconomic_cycling,total,2.184976597,Gt/yr,haas2020,observed
1994,out_socioeconomic_cycling,total,2.326175579,Gt/yr,haas2020,observed
1995,out_socioeconomic_cycling,total,2.45195136,Gt/yr,haas2020,observed
1996,out_socioeconomic_cycling,total,2.597173279,Gt/yr,haas2020,observed
1997,out_socioeconomic_cycling,total,2.734865292,Gt/yr,haas2020,observed
1998,out_socioeconomic_cycling,total,2.866373576,Gt/yr,haas2020,observed
1999,out_socioeconomic_cycling,total,2.993274041,Gt/yr,haas2020,observed
2000,out_socioeconomic_cycling,total,3.133280592,Gt/yr,haas2020,observed
2001,out_socioeconomic_cycling,total,3.28196686,Gt/yr,haas2020,observed
2002,out_socioeconomic_cycling,total,3.408182106,Gt/yr,haas2020,observed
2003,out_socioeconomic_cycling,total,3.558877184,Gt/yr,haas2020,observed
2004,out_socioeconomic_cycling,total,3.709443868,Gt/yr,haas2020,observed
2005,out_socioeconomic_cycling,total,3.893717448,Gt/yr,haas2020,observed
2006,out_socioeconomic_cycling,total,4.059750932,Gt/yr,haas2020,observed
2007,out_socioeconomic_cycling,total,4.235122021,Gt/yr,haas2020,observed
2008,out_socioeconomic_cycling,total,4.44260525,Gt/yr,haas2020,observed
2009,out_socioeconomic_cycling,total,4.630754347,Gt/yr,haas2020,observed
2010,out_socioeconomic_cycling,total,4.860009378,Gt/yr,haas2020,observed
2011,out_socioeconomic_cycling,total,5.060922503,Gt/yr,haas2020,observed
2012,out_socioeconomic_cycling,total,5.32273226,Gt/yr,haas2020,observed
2013,out_socioeconomic_cycling,total,5.57801835,Gt/yr,haas2020,observed
2014,out_socioeconomic_cycling,total,5.835966644,Gt/yr,haas2020,observed
2015,out_socioeconomic_cycling,total,6.112440575,Gt/yr,haas2020,observed
1900,out_solid_liquid,biomass,2.968546968,Gt/yr,haas2020,observed
1901,out_solid_liquid,biomass,3.002428257,Gt/yr,haas2020,observed
1902,out_solid_liquid,biomass,3.037234524,Gt/yr,haas2020,observed
1903,out_solid_liquid,biomass,3.073531791,Gt/yr,haas2020,observed
1904,out_solid_liquid,biomass,3.109111779,Gt/yr,haas2020,observed
1905,out_solid_liquid,biomass,3.145656226,Gt/yr,haas2020,observed
1906,out_solid_liquid,biomass,3.181694973,Gt/yr,haas2020,observed
1907,out_solid_liquid,biomass,3.218158613,Gt/yr,haas2020,observed
1908,out_solid_liquid,biomass,3.254336408,Gt/yr,haas2020,observed
1909,out_solid_liquid,biomass,3.290697385,Gt/yr,haas2020,observed
1910,out_solid_liquid,biomass,3.326955427,Gt/yr,haas2020,observed
1911,out_solid_liquid,biomass,3.367436407,Gt/yr,haas2020,observed
1912,out_solid_liquid,biomass,3.407503097,Gt/yr,haas2020,observed
1913,out_solid_liquid,biomass,3.447232301,Gt/yr,haas2020,observed
1914,out_solid_liquid,biomass,3.487100421,Gt/yr,haas2020,observed
1915,out_solid_liquid,biomass,3.527381664,Gt/yr,haas2020,observed
1916,out_solid_liquid,biomass,3.567352859,Gt/yr,haas2020,observed
1917,out_solid_liquid,biomass,3.607222822,Gt/yr,haas2020,observed
1918,out_solid_liquid,biomass,3.646976443,Gt/yr,haas2020,observed
1919,out_solid_liquid,biomass,3.686893535,Gt/yr,haas2020,observed
1920,out_solid_liquid,biomass,3.726635095,Gt/yr,haas2020,observed
1921,out_solid_liquid,biomass,3.763640885,Gt/yr,haas2020,observed
1922,out_solid_liquid,biomass,3.801765333,Gt/yr,haas2020,observed
1923,out_solid_liquid,biomass,3.838985719,Gt/yr,haas2020,observed
1924,out_solid_liquid,biomass,3.876433839,Gt/yr,haas2020,observed
1925,out_solid_liquid,biomass,3.914293522,Gt/yr,haas2020,observed
1926,out_solid_liquid,biomass,3.951790042,Gt/yr,haas2020,observed
1927,out_solid_liquid,biomass,3.989546289,Gt/yr,haas2020,observed
1928,out_solid_liquid,biomass,4.027798915,Gt/yr,haas2020,observed
1929,out_solid_liquid,biomass,4.065634807,Gt/yr,haas2020,observed
1930,out_solid_liquid,biomass,4.104152786,Gt/yr,haas2020,observed
1931,out_solid_liquid,biomass,4.129550691,Gt/yr,haas2020,observed
1932,out_solid_liquid,biomass,4.1569795,Gt/yr,haas2020,observed
1933,out_solid_liquid,biomass,4.182818153,Gt/yr,haas2020,observed
1934,out_solid_liquid,biomass,4.209481529,Gt/yr,haas2020,observed
1935,out_solid_liquid,biomass,4.236883752,Gt/yr,haas2020,observed
1936,out_solid_liquid,biomass,4.262578229,Gt/yr,haas2020,observed
1937,out_solid_liquid,biomass,4.289295531,Gt/yr,haas2020,observed
1938,out_solid_liquid,biomass,4.316056461,Gt/yr,haas2020,observed
1939,out_solid_liquid,biomass,4.342732732,Gt/yr,haas2020,observed
1940,out_solid_liquid,biomass,4.370271635,Gt/yr,haas2020,observed
1941,out_solid_liquid,biomass,4.396779732,Gt/yr,haas2020,observed
1942,out_solid_liquid,biomass,4.424007489,Gt/yr,haas2020,observed
1943,out_solid_liquid,biomass,4.451508866,Gt/yr,haas2020,observed
1944,out_solid_liquid,biomass,4.477202621,Gt/yr,haas2020,observed
1945,out_solid_liquid,biomass,4.504822504,Gt/yr,haas2020,observed
1946,out_solid_liquid,biomass,4.532659836,Gt/yr,haas2020,observed
1947,out_solid_liquid,biomass,4.558893574,Gt/yr,haas2020,observed
1948,out_solid_liquid,biomass,4.58615292,Gt/yr,haas2020,observed
1949,out_solid_liquid,biomass,4.613414317,Gt/yr,haas2020,observed
1950,out_solid_liquid,biomass,4.640930896,Gt/yr,haas2020,observed
1951,out_solid_liquid,biomass,4.733082278,Gt/yr,haas2020,observed
1952,out_solid_liquid,biomass,4.824501452,Gt/yr,haas2020,observed
1953,out_solid_liquid,biomass,4.916618551,Gt/yr,haas2020,observed
1954,out_solid_liquid,biomass,5.008653033,Gt/yr,haas2020,observed
1955,out_solid_liquid,biomass,5.101270743,Gt/yr,haas2020,observed
1956,out_solid_liquid,biomass,5.19316236,Gt/yr,haas2020,observed
1957,out_solid_liquid,biomass,5.285159986,Gt/yr,haas2020,observed
1958,out_solid_liquid,biomass,5.37806886,Gt/yr,haas2020,observed
1959,out_solid_liquid,biomass,5.470084626,Gt/yr,haas2020,observed
1960,out_solid_liquid,biomass,5.563049442,Gt/yr,haas2020,observed
1961,out_solid_liquid,biomass,5.658404145,Gt/yr,haas2020,observed
1962,out_solid_liquid,biomass,5.744827236,Gt/yr,haas2020,observed
1963,out_solid_liquid,biomass,5.814046799,Gt/yr,haas2020,observed
1964,out_solid_liquid,biomass,6.078837597,Gt/yr,haas2020,observed
1965,out_solid_liquid,biomass,6.139602833,Gt/yr,haas2020,observed
1966,out_solid_liquid,biomass,6.401517795,Gt/yr,haas2020,observed
1967,out_solid_liquid,biomass,6.626274163,Gt/yr,haas2020,observed
1968,out_solid_liquid,biomass,6.721056097,Gt/yr,haas2020,observed
1969,out_solid_liquid,biomass,6.746041786,Gt/yr,haas2020,observed
1970,out_solid_liquid,biomass,6.939001469,Gt/yr,haas2020,observed
1971,out_solid_liquid,biomass,7.204437444,Gt/yr,haas2020,observed
1972,out_solid_liquid,biomass,7.1047314,Gt/yr,haas2020,observed
1973,out_solid_liquid,biomass,7.480990389,Gt/yr,haas2020,observed
1974,out_solid_liquid,biomass,7.548220502,Gt/yr,haas2020,observed
1975,out_solid_liquid,biomass,7.65041021,Gt/yr,haas2020,observed
1976,out_solid_liquid,biomass,7.900478574,Gt/yr,haas2020,observed
1977,out_solid_liquid,biomass,7.948231337,Gt/yr,haas2020,observed
1978,out_solid_liquid,biomass,8.249061443,Gt/yr,haas2020,observed
1979,out_solid_liquid,biomass,8.230090235,Gt/yr,haas2020,observed
1980,out_solid_liquid,biomass,8.189863074,Gt/yr,haas2020,observed
1981,out_solid_liquid,biomass,8.519031872,Gt/yr,haas2020,observed
1982,out_solid_liquid,biomass,8.752062622,Gt/yr,haas2020,observed
1983,out_solid_liquid,biomass,8.611605454,Gt/yr,haas2020,observed
1984,out_solid_liquid,biomass,9.081484796,Gt/yr,haas2020,observed
1985,out_solid_liquid,biomass,9.234252178,Gt/yr,haas2020,observed
1986,out_solid_liquid,biomass,9.304578844,Gt/yr,haas2020,observed
1987,out_solid_liquid,biomass,9.331180478,Gt/yr,haas2020,observed
1988,out_solid_liquid,biomass,9.329312357,Gt/yr,haas2020,observed
1989,out_solid_liquid,biomass,9.768639645,Gt/yr,haas2020,observed
1990,out_solid_liquid,biomass,10.02186957,Gt/yr,haas2020,observed
1991,out_solid_liquid,biomass,9.927935238,Gt/yr,haas2020,observed
1992,out_solid_liquid,biomass,10.1818762,Gt/yr,haas2020,observed
1993,out_solid_liquid,biomass,9.951674814,Gt/yr,haas2020,observed
1994,out_solid_liquid,biomass,10.1286575,Gt/yr,haas2020,observed
1995,out_solid_liquid,biomass,10.21518133,Gt/yr,haas2020,observed
1996,out_solid_liquid,biomass,10.6568913,Gt/yr,haas2020,observed
1997,out_solid_liquid,biomass,10.70122818,Gt/yr,haas2020,observed
1998,out_solid_liquid,biomass,10.80149822,Gt/yr,haas2020,observed
1999,out_solid_liquid,biomass,10.95084369,Gt/yr,haas2020,observed
2000,out_solid_liquid,biomass,11.01689779,Gt/yr,haas2020,observed
2001,out_solid_liquid,biomass,11.08143795,Gt/yr,haas2020,observed
2002,out_solid_liquid,biomass,11.17586039,Gt/yr,haas2020,observed
2003,out_solid_liquid,biomass,11.40339534,Gt/yr,haas2020,observed
2004,out_solid_liquid,biomass,11.91781144,Gt/yr,haas2020,observed
2005,out_solid_liquid,biomass,12.11606182,Gt/yr,haas2020,observed
2006,out_solid_liquid,biomass,12.31902084,Gt/yr,haas2020,observed
2007,out_solid_liquid,biomass,12.90011035,Gt/yr,haas2020,observed
2008,out_solid_liquid,biomass,13.51077593,Gt/yr,haas2020,observed
2009,out_solid_liquid,biomass,13.57541123,Gt/yr,haas2020,observed
2010,out_solid_liquid,biomass,13.815006,Gt/yr,haas2020,observed
2011,out_solid_liquid,biomass,14.32861401,Gt/yr,haas2020,observed
2012,out_solid_liquid,biomass,14.32751125,Gt/yr,haas2020,observed
2013,out_solid_liquid,biomass,14.93753503,Gt/yr,haas2020,observed
2014,out_solid_liquid,biomass,15.0724102,Gt/yr,haas2020,observed
2015,out_solid_liquid,biomass,15.1336985,Gt/yr,haas2020,observed
1900,out_solid_liquid,fossil,0.1173244063,Gt/yr,haas2020,observed
1901,out_solid_liquid,fossil,0.1203985378,Gt/yr,haas2020,observed
1902,out_solid_liquid,fossil,0.1227820491,Gt/yr,haas2020,observed
1903,out_solid_liquid,fossil,0.1343087282,Gt/yr,haas2020,observed
1904,out_solid_liquid,fossil,0.1351581062,Gt/yr,haas2020,observed
1905,out_solid_liquid,fossil,0.1423785132,Gt/yr,haas2020,observed
1906,out_solid_liquid,fossil,0.1529676638,Gt/yr,haas2020,observed
1907,out_solid_liquid,fossil,0.1688061164,Gt/yr,haas2020,observed
1908,out_solid_liquid,fossil,0.160146285,Gt/yr,haas2020,observed
1909,out_solid_liquid,fossil,0.1665354162,Gt/yr,haas2020,observed
1910,out_solid_liquid,fossil,0.1737072093,Gt/yr,haas2020,observed
1911,out_solid_liquid,fossil,0.1766798695,Gt/yr,haas2020,observed
1912,out_solid_liquid,fossil,0.1856133634,Gt/yr,haas2020,observed
1913,out_solid_liquid,fossil,0.1984080326,Gt/yr,haas2020,observed
1914,out_solid_liquid,fossil,0.1776231279,Gt/yr,haas2020,observed
1915,out_solid_liquid,fossil,0.1751353563,Gt/yr,haas2020,observed
1916,out_solid_liquid,fossil,0.1877860554,Gt/yr,haas2020,observed
1917,out_solid_liquid,fossil,0.1974995712,Gt/yr,haas2020,observed
1918,out_solid_liquid,fossil,0.194048611,Gt/yr,haas2020,observed
1919,out_solid_liquid,fossil,0.1702385626,Gt/yr,haas2020,observed
1920,out_solid_liquid,fossil,0.1954011341,Gt/yr,haas2020,observed
1921,out_solid_liquid,fossil,0.1664133236,Gt/yr,haas2020,observed
1922,out_solid_liquid,fossil,0.1770653756,Gt/yr,haas2020,observed
1923,out_solid_liquid,fossil,0.200082099,Gt/yr,haas2020,observed
1924,out_solid_liquid,fossil,0.196930302,Gt/yr,haas2020,observed
1925,out_solid_liquid,fossil,0.1970855412,Gt/yr,haas2020,observed
1926,out_solid_liquid,fossil,0.1956143531,Gt/yr,haas2020,observed
1927,out_solid_liquid,fossil,0.2077062794,Gt/yr,haas2020,observed
1928,out_solid_liquid,fossil,0.2248144823,Gt/yr,haas2020,observed
1929,out_solid_liquid,fossil,0.2221741452,Gt/yr,haas2020,observed
1930,out_solid_liquid,fossil,0.2031273647,Gt/yr,haas2020,observed
1931,out_solid_liquid,fossil,0.1801472078,Gt/yr,haas2020,observed
1932,out_solid_liquid,fossil,0.1608179527,Gt/yr,haas2020,observed
1933,out_solid_liquid,fossil,0.168541803,Gt/yr,haas2020,observed
1934,out_solid_liquid,fossil,0.183245674,Gt/yr,haas2020,observed
1935,out_solid_liquid,fossil,0.1920142631,Gt/yr,haas2020,observed
1936,out_solid_liquid,fossil,0.209204389,Gt/yr,haas2020,observed
1937,out_solid_liquid,fossil,0.2217568892,Gt/yr,haas2020,observed
1938,out_solid_liquid,fossil,0.2015377232,Gt/yr,haas2020,observed
1939,out_solid_liquid,fossil,0.2203191743,Gt/yr,haas2020,observed
1940,out_solid_liquid,fossil,0.2416740432,Gt/yr,haas2020,observed
1941,out_solid_liquid,fossil,0.2481648778,Gt/yr,haas2020,observed
1942,out_solid_liquid,fossil,0.2490123631,Gt/yr,haas2020,observed
1943,out_solid_liquid,fossil,0.2544176348,Gt/yr,haas2020,observed
1944,out_solid_liquid,fossil,0.2503861352,Gt/yr,haas2020,observed
1945,out_solid_liquid,fossil,0.199187714,Gt/yr,haas2020,observed
1946,out_solid_liquid,fossil,0.2120656488,Gt/yr,haas2020,observed
1947,out_solid_liquid,fossil,0.2375329454,Gt/yr,haas2020,observed
1948,out_solid_liquid,fossil,0.2472508992,Gt/yr,haas2020,observed
1949,out_solid_liquid,fossil,0.2356914098,Gt/yr,haas2020,observed
1950,out_solid_liquid,fossil,0.2539278115,Gt/yr,haas2020,observed
1951,out_solid_liquid,fossil,0.267875925,Gt/yr,haas2020,observed
1952,out_solid_liquid,fossil,0.2685908581,Gt/yr,haas2020,observed
1953,out_solid_liquid,fossil,0.2699853647,Gt/yr,haas2020,observed
1954,out_solid_liquid,fossil,0.2716133301,Gt/yr,haas2020,observed
1955,out_solid_liquid,fossil,0.2962045667,Gt/yr,haas2020,observed
1956,out_solid_liquid,fossil,0.3121658319,Gt/yr,haas2020,observed
1957,out_solid_liquid,fossil,0.3222836937,Gt/yr,haas2020,observed
1958,out_solid_liquid,fossil,0.3364397341,Gt/yr,haas2020,observed
1959,out_solid_liquid,fossil,0.3513292802,Gt/yr,haas2020,observed
1960,out_solid_liquid,fossil,0.3753123178,Gt/yr,haas2020,observed
1961,out_solid_liquid,fossil,0.3748551581,Gt/yr,haas2020,observed
1962,out_solid_liquid,fossil,0.3943836639,Gt/yr,haas2020,observed
1963,out_solid_liquid,fossil,0.4230966387,Gt/yr,haas2020,observed
1964,out_solid_liquid,fossil,0.4415463514,Gt/yr,haas2020,observed
1965,out_solid_liquid,fossil,0.4238604606,Gt/yr,haas2020,observed
1966,out_solid_liquid,fossil,0.4368228767,Gt/yr,haas2020,observed
1967,out_solid_liquid,fossil,0.4327298163,Gt/yr,haas2020,observed
1968,out_solid_liquid,fossil,0.4533122391,Gt/yr,haas2020,observed
1969,out_solid_liquid,fossil,0.4591124636,Gt/yr,haas2020,observed
1970,out_solid_liquid,fossil,0.4726222068,Gt/yr,haas2020,observed
1971,out_solid_liquid,fossil,0.4946498762,Gt/yr,haas2020,observed
1972,out_solid_liquid,fossil,0.5127382097,Gt/yr,haas2020,observed
1973,out_solid_liquid,fossil,0.5404711295,Gt/yr,haas2020,observed
1974,out_solid_liquid,fossil,0.5392804939,Gt/yr,haas2020,observed
1975,out_solid_liquid,fossil,0.5568216953,Gt/yr,haas2020,observed
1976,out_solid_liquid,fossil,0.5892699945,Gt/yr,haas2020,observed
1977,out_solid_liquid,fossil,0.6212508366,Gt/yr,haas2020,observed
1978,out_solid_liquid,fossil,0.649930519,Gt/yr,haas2020,observed
1979,out_solid_liquid,fossil,0.6726978933,Gt/yr,haas2020,observed
1980,out_solid_liquid,fossil,0.6632405439,Gt/yr,haas2020,observed
1981,out_solid_liquid,fossil,0.6661719116,Gt/yr,haas2020,observed
1982,out_solid_liquid,fossil,0.6837125011,Gt/yr,haas2020,observed
1983,out_solid_liquid,fossil,0.6954677268,Gt/yr,haas2020,observed
1984,out_solid_liquid,fossil,0.723504964,Gt/yr,haas2020,observed
1985,out_solid_liquid,fossil,0.7416266713,Gt/yr,haas2020,observed
1986,out_solid_liquid,fossil,0.7679926318,Gt/yr,haas2020,observed
1987,out_solid_liquid,fossil,0.7919481647,Gt/yr,haas2020,observed
1988,out_solid_liquid,fossil,0.8156624356,Gt/yr,haas2020,observed
1989,out_solid_liquid,fossil,0.8305723786,Gt/yr,haas2020,observed
1990,out_solid_liquid,fossil,0.8211464668,Gt/yr,haas2020,observed
1991,out_solid_liquid,fossil,0.8094756595,Gt/yr,haas2020,observed
1992,out_solid_liquid,fossil,0.7983870475,Gt/yr,haas2020,observed
1993,out_solid_liquid,fossil,0.7746798135,Gt/yr,haas2020,observed
1994,out_solid_liquid,fossil,0.7920372359,Gt/yr,haas2020,observed
1995,out_solid_liquid,fossil,0.8196963272,Gt/yr,haas2020,observed
1996,out_solid_liquid,fossil,0.8391577773,Gt/yr,haas2020,observed
1997,out_solid_liquid,fossil,0.8584373069,Gt/yr,haas2020,observed
1998,out_solid_liquid,fossil,0.843580366,Gt/yr,haas2020,observed
1999,out_solid_liquid,fossil,0.8393186596,Gt/yr,haas2020,observed
2000,out_solid_liquid,fossil,0.8723059925,Gt/yr,haas2020,observed
2001,out_solid_liquid,fossil,0.8937631927,Gt/yr,haas2020,observed
2002,out_solid_liquid,fossil,0.9124628703,Gt/yr,haas2020,observed
2003,out_solid_liquid,fossil,0.9654003541,Gt/yr,haas2020,observed
2004,out_solid_liquid,fossil,1.035397447,Gt/yr,haas2020,observed
2005,out_solid_liquid,fossil,1.073933493,Gt/yr,haas2020,observed
2006,out_solid_liquid,fossil,1.11239431,Gt/yr,haas2020,observed
2007,out_solid_liquid,fossil,1.138015238,Gt/yr,haas2020,observed
2008,out_solid_liquid,fossil,1.128355354,Gt/yr,haas2020,observed
2009,out_solid_liquid,fossil,1.165780672,Gt/yr,haas2020,observed
2010,out_solid_liquid,fossil,1.232477849,Gt/yr,haas2020,observed
2011,out_solid_liquid,fossil,1.314731697,Gt/yr,haas2020,observed
2012,out_solid_liquid,fossil,1.340042761,Gt/yr,haas2020,observed
2013,out_solid_liquid,fossil,1.356482798,Gt/yr,haas2020,observed
2014,out_solid_liquid,fossil,1.346480463,Gt/yr,haas2020,observed
2015,out_solid_liquid,fossil,1.323461555,Gt/yr,haas2020,observed
1900,out_solid_liquid,metals,0.1078963682,Gt/yr,haas2020,observed
1901,out_solid_liquid,metals,0.1125583074,Gt/yr,haas2020,observed
1902,out_solid_liquid,metals,0.1163961476,Gt/yr,haas2020,observed
1903,out_solid_liquid,metals,0.1203043224,Gt/yr,haas2020,observed
1904,out_solid_liquid,metals,0.1255208595,Gt/yr,haas2020,observed
1905,out_solid_liquid,metals,0.1413602369,Gt/yr,haas2020,observed
1906,out_solid_liquid,metals,0.139306465,Gt/yr,haas2020,observed
1907,out_solid_liquid,metals,0.1578855483,Gt/yr,haas2020,observed
1908,out_solid_liquid,metals,0.1547399681,Gt/yr,haas2020,observed
1909,out_solid_liquid,metals,0.1696023422,Gt/yr,haas2020,observed
1910,out_solid_liquid,metals,0.1843378708,Gt/yr,haas2020,observed
1911,out_solid_liquid,metals,0.1853903612,Gt/yr,haas2020,observed
1912,out_solid_liquid,metals,0.2059612666,Gt/yr,haas2020,observed
1913,out_solid_liquid,metals,0.2248038594,Gt/yr,haas2020,observed
1914,out_solid_liquid,metals,0.1879199877,Gt/yr,haas2020,observed
1915,out_solid_liquid,metals,0.1943653041,Gt/yr,haas2020,observed
1916,out_solid_liquid,metals,0.2258556727,Gt/yr,haas2020,observed
1917,out_solid_liquid,metals,0.2315030615,Gt/yr,haas2020,observed
1918,out_solid_liquid,metals,0.221038388,Gt/yr,haas2020,observed
1919,out_solid_liquid,metals,0.1827773133,Gt/yr,haas2020,observed
1920,out_solid_liquid,metals,0.1917087539,Gt/yr,haas2020,observed
1921,out_solid_liquid,metals,0.134290273,Gt/yr,haas2020,observed
1922,out_solid_liquid,metals,0.1771597853,Gt/yr,haas2020,observed
1923,out_solid_liquid,metals,0.2199637318,Gt/yr,haas2020,observed
1924,out_solid_liquid,metals,0.230011189,Gt/yr,haas2020,observed
1925,out_solid_liquid,metals,0.2564234519,Gt/yr,haas2020,observed
1926,out_solid_liquid,metals,0.2597764111,Gt/yr,haas2020,observed
1927,out_solid_liquid,metals,0.2762712086,Gt/yr,haas2020,observed
1928,out_solid_liquid,metals,0.3004038361,Gt/yr,haas2020,observed
1929,out_solid_liquid,metals,0.3341796833,Gt/yr,haas2020,observed
1930,out_solid_liquid,metals,0.298328974,Gt/yr,haas2020,observed
1931,out_solid_liquid,metals,0.2387991028,Gt/yr,haas2020,observed
1932,out_solid_liquid,metals,0.166105607,Gt/yr,haas2020,observed
1933,out_solid_liquid,metals,0.185756111,Gt/yr,haas2020,observed
1934,out_solid_liquid,metals,0.2350600268,Gt/yr,haas2020,observed
1935,out_solid_liquid,metals,0.2690882582,Gt/yr,haas2020,observed
1936,out_solid_liquid,metals,0.3239621618,Gt/yr,haas2020,observed
1937,out_solid_liquid,metals,0.3997471634,Gt/yr,haas2020,observed
1938,out_solid_liquid,metals,0.3429895753,Gt/yr,haas2020,observed
1939,out_solid_liquid,metals,0.3791715191,Gt/yr,haas2020,observed
1940,out_solid_liquid,metals,0.4244132993,Gt/yr,haas2020,observed
1941,out_solid_liquid,metals,0.4436874592,Gt/yr,haas2020,observed
1942,out_solid_liquid,metals,0.4174662084,Gt/yr,haas2020,observed
1943,out_solid_liquid,metals,0.4318619887,Gt/yr,haas2020,observed
1944,out_solid_liquid,metals,0.3768126633,Gt/yr,haas2020,observed
1945,out_solid_liquid,metals,0.3233574405,Gt/yr,haas2020,observed
1946,out_solid_liquid,metals,0.295099306,Gt/yr,haas2020,observed
1947,out_solid_liquid,metals,0.3526346137,Gt/yr,haas2020,observed
1948,out_solid_liquid,metals,0.3963624278,Gt/yr,haas2020,observed
1949,out_solid_liquid,metals,0.3971053674,Gt/yr,haas2020,observed
1950,out_solid_liquid,metals,0.4370667607,Gt/yr,haas2020,observed
1951,out_solid_liquid,metals,0.473113107,Gt/yr,haas2020,observed
1952,out_solid_liquid,metals,0.4913685189,Gt/yr,haas2020,observed
1953,out_solid_liquid,metals,0.5332271947,Gt/yr,haas2020,observed
1954,out_solid_liquid,metals,0.5758402733,Gt/yr,haas2020,observed
1955,out_solid_liquid,metals,0.5828137566,Gt/yr,haas2020,observed
1956,out_solid_liquid,metals,0.6212433571,Gt/yr,haas2020,observed
1957,out_solid_liquid,metals,0.6545039649,Gt/yr,haas2020,observed
1958,out_solid_liquid,metals,0.6004080116,Gt/yr,haas2020,observed
1959,out_solid_liquid,metals,0.6470498677,Gt/yr,haas2020,observed
1960,out_solid_liquid,metals,0.7401380673,Gt/yr,haas2020,observed
1961,out_solid_liquid,metals,0.746878382,Gt/yr,haas2020,observed
1962,out_solid_liquid,metals,0.7576965129,Gt/yr,haas2020,observed
1963,out_solid_liquid,metals,0.774082774,Gt/yr,haas2020,observed
1964,out_solid_liquid,metals,0.8264129993,Gt/yr,haas2020,observed
1965,out_solid_liquid,metals,0.8817742535,Gt/yr,haas2020,observed
1966,out_solid_liquid,metals,0.9040050938,Gt/yr,haas2020,observed
1967,out_solid_liquid,metals,0.9433939789,Gt/yr,haas2020,observed
1968,out_solid_liquid,metals,0.9982808342,Gt/yr,haas2020,observed
1969,out_solid_liquid,metals,1.05340294,Gt/yr,haas2020,observed
1970,out_solid_liquid,metals,1.17158259,Gt/yr,haas2020,observed
1971,out_solid_liquid,metals,1.193096339,Gt/yr,haas2020,observed
1972,out_solid_liquid,metals,1.207067902,Gt/yr,haas2020,observed
1973,out_solid_liquid,metals,1.289660774,Gt/yr,haas2020,observed
1974,out_solid_liquid,metals,1.37408801,Gt/yr,haas2020,observed
1975,out_solid_liquid,metals,1.411255495,Gt/yr,haas2020,observed
1976,out_solid_liquid,metals,1.4185523,Gt/yr,haas2020,observed
1977,out_solid_liquid,metals,1.400328071,Gt/yr,haas2020,observed
1978,out_solid_liquid,metals,1.408641571,Gt/yr,haas2020,observed
1979,out_solid_liquid,metals,1.483455097,Gt/yr,haas2020,observed
1980,out_solid_liquid,metals,1.513000749,Gt/yr,haas2020,observed
1981,out_solid_liquid,metals,1.520426996,Gt/yr,haas2020,observed
1982,out_solid_liquid,metals,1.456005141,Gt/yr,haas2020,observed
1983,out_solid_liquid,metals,1.368721278,Gt/yr,haas2020,observed
1984,out_solid_liquid,metals,1.497639205,Gt/yr,haas2020,observed
1985,out_solid_liquid,metals,1.561461749,Gt/yr,haas2020,observed
1986,out_solid_liquid,metals,1.585416279,Gt/yr,haas2020,observed
1987,out_solid_liquid,metals,1.675316411,Gt/yr,haas2020,observed
1988,out_solid_liquid,metals,1.835385644,Gt/yr,haas2020,observed
1989,out_solid_liquid,metals,1.96434558,Gt/yr,haas2020,observed
1990,out_solid_liquid,metals,1.983296223,Gt/yr,haas2020,observed
1991,out_solid_liquid,metals,1.948429203,Gt/yr,haas2020,observed
1992,out_solid_liquid,metals,1.928873598,Gt/yr,haas2020,observed
1993,out_solid_liquid,metals,1.942153777,Gt/yr,haas2020,observed
1994,out_solid_liquid,metals,1.976061996,Gt/yr,haas2020,observed
1995,out_solid_liquid,metals,2.106057949,Gt/yr,haas2020,observed
1996,out_solid_liquid,metals,2.210586512,Gt/yr,haas2020,observed
1997,out_solid_liquid,metals,2.325541671,Gt/yr,haas2020,observed
1998,out_solid_liquid,metals,2.413530993,Gt/yr,haas2020,observed
1999,out_solid_liquid,metals,2.461784573,Gt/yr,haas2020,observed
2000,out_solid_liquid,metals,2.592910058,Gt/yr,haas2020,observed
2001,out_solid_liquid,metals,2.613473839,Gt/yr,haas2020,observed
2002,out_solid_liquid,metals,2.638518867,Gt/yr,haas2020,observed
2003,out_solid_liquid,metals,2.721382186,Gt/yr,haas2020,observed
2004,out_solid_liquid,metals,3.035561084,Gt/yr,haas2020,observed
2005,out_solid_liquid,metals,3.257209845,Gt/yr,haas2020,observed
2006,out_solid_liquid,metals,3.504857543,Gt/yr,haas2020,observed
2007,out_solid_liquid,metals,3.768176175,Gt/yr,haas2020,observed
2008,out_solid_liquid,metals,4.014335834,Gt/yr,haas2020,observed
2009,out_solid_liquid,metals,4.079186035,Gt/yr,haas2020,observed
2010,out_solid_liquid,metals,4.373330355,Gt/yr,haas2020,observed
2011,out_solid_liquid,metals,4.834134235,Gt/yr,haas2020,observed
2012,out_solid_liquid,metals,4.874660552,Gt/yr,haas2020,observed
2013,out_solid_liquid,metals,5.208113161,Gt/yr,haas2020,observed
2014,out_solid_liquid,metals,5.394252072,Gt/yr,haas2020,observed
2015,out_solid_liquid,metals,5.461817019,Gt/yr,haas2020,observed
1900,out_solid_liquid,non_metallic_minerals,0.3467498991,Gt/yr,haas2020,observed
1901,out_solid_liquid,non_metallic_minerals,0.352850375,Gt/yr,haas2020,observed
1902,out_solid_liquid,non_metallic_minerals,0.3607020994,Gt/yr,haas2020,observed
1903,out_solid_liquid,non_metallic_minerals,0.366893208,Gt/yr,haas2020,observed
1904,out_solid_liquid,non_metallic_minerals,0.3700155838,Gt/yr,haas2020,observed
1905,out_solid_liquid,non_metallic_minerals,0.376310695,Gt/yr,haas2020,observed
1906,out_solid_liquid,non_metallic_minerals,0.3823007154,Gt/yr,haas2020,observed
1907,out_solid_liquid,non_metallic_minerals,0.3928755306,Gt/yr,haas2020,observed
1908,out_solid_liquid,non_metallic_minerals,0.397482049,Gt/yr,haas2020,observed
1909,out_solid_liquid,non_metallic_minerals,0.405980209,Gt/yr,haas2020,observed
1910,out_solid_liquid,non_metallic_minerals,0.4145445988,Gt/yr,haas2020,observed
1911,out_solid_liquid,non_metallic_minerals,0.4243924218,Gt/yr,haas2020,observed
1912,out_solid_liquid,non_metallic_minerals,0.43283994,Gt/yr,haas2020,observed
1913,out_solid_liquid,non_metallic_minerals,0.44277489,Gt/yr,haas2020,observed
1914,out_solid_liquid,non_metallic_minerals,0.4474142913,Gt/yr,haas2020,observed
1915,out_solid_liquid,non_metallic_minerals,0.4515219581,Gt/yr,haas2020,observed
1916,out_solid_liquid,non_metallic_minerals,0.4588659346,Gt/yr,haas2020,observed
1917,out_solid_liquid,non_metallic_minerals,0.4650546726,Gt/yr,haas2020,observed
1918,out_solid_liquid,non_metallic_minerals,0.4689858783,Gt/yr,haas2020,observed
1919,out_solid_liquid,non_metallic_minerals,0.4766092694,Gt/yr,haas2020,observed
1920,out_solid_liquid,non_metallic_minerals,0.4863950332,Gt/yr,haas2020,observed
1921,out_solid_liquid,non_metallic_minerals,0.4940265174,Gt/yr,haas2020,observed
1922,out_solid_liquid,non_metallic_minerals,0.5134681026,Gt/yr,haas2020,observed
1923,out_solid_liquid,non_metallic_minerals,0.5232041399,Gt/yr,haas2020,observed
1924,out_solid_liquid,non_metallic_minerals,0.5452002031,Gt/yr,haas2020,observed
1925,out_solid_liquid,non_metallic_minerals,0.566404391,Gt/yr,haas2020,observed
1926,out_solid_liquid,non_metallic_minerals,0.5814251523,Gt/yr,haas2020,observed
1927,out_solid_liquid,non_metallic_minerals,0.5968451957,Gt/yr,haas2020,observed
1928,out_solid_liquid,non_metallic_minerals,0.6154253243,Gt/yr,haas2020,observed
1929,out_solid_liquid,non_metallic_minerals,0.6290388119,Gt/yr,haas2020,observed
1930,out_solid_liquid,non_metallic_minerals,0.6436374562,Gt/yr,haas2020,observed
1931,out_solid_liquid,non_metallic_minerals,0.6438587762,Gt/yr,haas2020,observed
1932,out_solid_liquid,non_metallic_minerals,0.6534895343,Gt/yr,haas2020,observed
1933,out_solid_liquid,non_metallic_minerals,0.6704422239,Gt/yr,haas2020,observed
1934,out_solid_liquid,non_metallic_minerals,0.6903941294,Gt/yr,haas2020,observed
1935,out_solid_liquid,non_metallic_minerals,0.7081209704,Gt/yr,haas2020,observed
1936,out_solid_liquid,non_metallic_minerals,0.7285747083,Gt/yr,haas2020,observed
1937,out_solid_liquid,non_metallic_minerals,0.7469232882,Gt/yr,haas2020,observed
1938,out_solid_liquid,non_metallic_minerals,0.7613858121,Gt/yr,haas2020,observed
1939,out_solid_liquid,non_metallic_minerals,0.7849376176,Gt/yr,haas2020,observed
1940,out_solid_liquid,non_metallic_minerals,0.8058539098,Gt/yr,haas2020,observed
1941,out_solid_liquid,non_metallic_minerals,0.8303450333,Gt/yr,haas2020,observed
1942,out_solid_liquid,non_metallic_minerals,0.8471178593,Gt/yr,haas2020,observed
1943,out_solid_liquid,non_metallic_minerals,0.8640676627,Gt/yr,haas2020,observed
1944,out_solid_liquid,non_metallic_minerals,0.8771458932,Gt/yr,haas2020,observed
1945,out_solid_liquid,non_metallic_minerals,0.8825047688,Gt/yr,haas2020,observed
1946,out_solid_liquid,non_metallic_minerals,0.9169777111,Gt/yr,haas2020,observed
1947,out_solid_liquid,non_metallic_minerals,0.9483044315,Gt/yr,haas2020,observed
1948,out_solid_liquid,non_metallic_minerals,0.985512309,Gt/yr,haas2020,observed
1949,out_solid_liquid,non_metallic_minerals,1.00788201,Gt/yr,haas2020,observed
1950,out_solid_liquid,non_metallic_minerals,1.049196332,Gt/yr,haas2020,observed
1951,out_solid_liquid,non_metallic_minerals,1.101881156,Gt/yr,haas2020,observed
1952,out_solid_liquid,non_metallic_minerals,1.144000458,Gt/yr,haas2020,observed
1953,out_solid_liquid,non_metallic_minerals,1.186591995,Gt/yr,haas2020,observed
1954,out_solid_liquid,non_metallic_minerals,1.238712682,Gt/yr,haas2020,observed
1955,out_solid_liquid,non_metallic_minerals,1.294084625,Gt/yr,haas2020,observed
1956,out_solid_liquid,non_metallic_minerals,1.354155906,Gt/yr,haas2020,observed
1957,out_solid_liquid,non_metallic_minerals,1.407849404,Gt/yr,haas2020,observed
1958,out_solid_liquid,non_metallic_minerals,1.460515778,Gt/yr,haas2020,observed
1959,out_solid_liquid,non_metallic_minerals,1.543773131,Gt/yr,haas2020,observed
1960,out_solid_liquid,non_metallic_minerals,1.598434441,Gt/yr,haas2020,observed
1961,out_solid_liquid,non_metallic_minerals,1.664329111,Gt/yr,haas2020,observed
1962,out_solid_liquid,non_metallic_minerals,1.752223506,Gt/yr,haas2020,observed
1963,out_solid_liquid,non_metallic_minerals,1.895610013,Gt/yr,haas2020,observed
1964,out_solid_liquid,non_metallic_minerals,1.992429793,Gt/yr,haas2020,observed
1965,out_solid_liquid,non_metallic_minerals,2.085082512,Gt/yr,haas2020,observed
1966,out_solid_liquid,non_metallic_minerals,2.195578625,Gt/yr,haas2020,observed
1967,out_solid_liquid,non_metallic_minerals,2.27624737,Gt/yr,haas2020,observed
1968,out_solid_liquid,non_metallic_minerals,2.3992532,Gt/yr,haas2020,observed
1969,out_solid_liquid,non_metallic_minerals,2.516938829,Gt/yr,haas2020,observed
1970,out_solid_liquid,non_metallic_minerals,2.644952334,Gt/yr,haas2020,observed
1971,out_solid_liquid,non_metallic_minerals,2.73909212,Gt/yr,haas2020,observed
1972,out_solid_liquid,non_metallic_minerals,2.870024553,Gt/yr,haas2020,observed
1973,out_solid_liquid,non_metallic_minerals,2.991559342,Gt/yr,haas2020,observed
1974,out_solid_liquid,non_metallic_minerals,3.131925681,Gt/yr,haas2020,observed
1975,out_solid_liquid,non_metallic_minerals,3.208827564,Gt/yr,haas2020,observed
1976,out_solid_liquid,non_metallic_minerals,3.343319962,Gt/yr,haas2020,observed
1977,out_solid_liquid,non_metallic_minerals,3.474810507,Gt/yr,haas2020,observed
1978,out_solid_liquid,non_metallic_minerals,3.634238018,Gt/yr,haas2020,observed
1979,out_solid_liquid,non_metallic_minerals,3.733328374,Gt/yr,haas2020,observed
1980,out_solid_liquid,non_metallic_minerals,3.877996044,Gt/yr,haas2020,observed
1981,out_solid_liquid,non_metallic_minerals,3.940312757,Gt/yr,haas2020,observed
1982,out_solid_liquid,non_metallic_minerals,3.99767255,Gt/yr,haas2020,observed
1983,out_solid_liquid,non_metallic_minerals,4.140518302,Gt/yr,haas2020,observed
1984,out_solid_liquid,non_metallic_minerals,4.295701669,Gt/yr,haas2020,observed
1985,out_solid_liquid,non_metallic_minerals,4.403891987,Gt/yr,haas2020,observed
1986,out_solid_liquid,non_metallic_minerals,4.514871803,Gt/yr,haas2020,observed
1987,out_solid_liquid,non_metallic_minerals,4.642941625,Gt/yr,haas2020,observed
1988,out_solid_liquid,non_metallic_minerals,4.841440245,Gt/yr,haas2020,observed
1989,out_solid_liquid,non_metallic_minerals,4.958771174,Gt/yr,haas2020,observed
1990,out_solid_liquid,non_metallic_minerals,5.057159161,Gt/yr,haas2020,observed
1991,out_solid_liquid,non_metallic_minerals,5.170722722,Gt/yr,haas2020,observed
1992,out_solid_liquid,non_metallic_minerals,5.252171083,Gt/yr,haas2020,observed
1993,out_solid_liquid,non_metallic_minerals,5.361326884,Gt/yr,haas2020,observed
1994,out_solid_liquid,non_metallic_minerals,5.535697991,Gt/yr,haas2020,observed
1995,out_solid_liquid,non_metallic_minerals,5.807139784,Gt/yr,haas2020,observed
1996,out_solid_liquid,non_metallic_minerals,5.941105722,Gt/yr,haas2020,observed
1997,out_solid_liquid,non_metallic_minerals,6.011035489,Gt/yr,haas2020,observed
1998,out_solid_liquid,non_metallic_minerals,6.191718706,Gt/yr,haas2020,observed
1999,out_solid_liquid,non_metallic_minerals,6.509153946,Gt/yr,haas2020,observed
2000,out_solid_liquid,non_metallic_minerals,6.58633491,Gt/yr,haas2020,observed
2001,out_solid_liquid,non_metallic_minerals,6.820646265,Gt/yr,haas2020,observed
2002,out_solid_liquid,non_metallic_minerals,7.128446681,Gt/yr,haas2020,observed
2003,out_solid_liquid,non_metallic_minerals,7.312794334,Gt/yr,haas2020,observed
2004,out_solid_liquid,non_metallic_minerals,7.458243057,Gt/yr,haas2020,observed
2005,out_solid_liquid,non_metallic_minerals,7.937143517,Gt/yr,haas2020,observed
2006,out_solid_liquid,non_metallic_minerals,8.221453599,Gt/yr,haas2020,observed
2007,out_solid_liquid,non_metallic_minerals,8.646810618,Gt/yr,haas2020,observed
2008,out_solid_liquid,non_metallic_minerals,8.923232364,Gt/yr,haas2020,observed
2009,out_solid_liquid,non_metallic_minerals,9.217779726,Gt/yr,haas2020,observed
2010,out_solid_liquid,non_metallic_minerals,9.603750726,Gt/yr,haas2020,observed
2011,out_solid_liquid,non_metallic_minerals,10.09848235,Gt/yr,haas2020,observed
2012,out_solid_liquid,non_metallic_minerals,10.5460946,Gt/yr,haas2020,observed
2013,out_solid_liquid,non_metallic_minerals,10.91012535,Gt/yr,haas2020,observed
2014,out_solid_liquid,non_metallic_minerals,11.42630812,Gt/yr,haas2020,observed
2015,out_solid_liquid,non_metallic_minerals,11.83751222,Gt/yr,haas2020,observed
1900,out_water_vapour,biomass,1.327137834,Gt/yr,haas2020,observed
1901,out_water_vapour,biomass,1.340642361,Gt/yr,haas2020,observed
1902,out_water_vapour,biomass,1.354146873,Gt/yr,haas2020,observed
1903,out_water_vapour,biomass,1.367651372,Gt/yr,haas2020,observed
1904,out_water_vapour,biomass,1.381155856,Gt/yr,haas2020,observed
1905,out_water_vapour,biomass,1.394660327,Gt/yr,haas2020,observed
1906,out_water_vapour,biomass,1.408164783,Gt/yr,haas2020,observed
1907,out_water_vapour,biomass,1.421669225,Gt/yr,haas2020,observed
1908,out_water_vapour,biomass,1.435173653,Gt/yr,haas2020,observed
1909,out_water_vapour,biomass,1.448678067,Gt/yr,haas2020,observed
1910,out_water_vapour,biomass,1.462182467,Gt/yr,haas2020,observed
1911,out_water_vapour,biomass,1.479376157,Gt/yr,haas2020,observed
1912,out_water_vapour,biomass,1.496577934,Gt/yr,haas2020,observed
1913,out_water_vapour,biomass,1.513787799,Gt/yr,haas2020,observed
1914,out_water_vapour,biomass,1.53100575,Gt/yr,haas2020,observed
1915,out_water_vapour,biomass,1.548231789,Gt/yr,haas2020,observed
1916,out_water_vapour,biomass,1.565465915,Gt/yr,haas2020,observed
1917,out_water_vapour,biomass,1.582708128,Gt/yr,haas2020,observed
1918,out_water_vapour,biomass,1.599958429,Gt/yr,haas2020,observed
1919,out_water_vapour,biomass,1.617216816,Gt/yr,haas2020,observed
1920,out_water_vapour,biomass,1.634483291,Gt/yr,haas2020,observed
1921,out_water_vapour,biomass,1.652715665,Gt/yr,haas2020,observed
1922,out_water_vapour,biomass,1.670956158,Gt/yr,haas2020,observed
1923,out_water_vapour,biomass,1.689204771,Gt/yr,haas2020,observed
1924,out_water_vapour,biomass,1.707461504,Gt/yr,haas2020,observed
1925,out_water_vapour,biomass,1.725726358,Gt/yr,haas2020,observed
1926,out_water_vapour,biomass,1.743999331,Gt/yr,haas2020,observed
1927,out_water_vapour,biomass,1.762280423,Gt/yr,haas2020,observed
1928,out_water_vapour,biomass,1.780569636,Gt/yr,haas2020,observed
1929,out_water_vapour,biomass,1.798866969,Gt/yr,haas2020,observed
1930,out_water_vapour,biomass,1.817172421,Gt/yr,haas2020,observed
1931,out_water_vapour,biomass,1.827330607,Gt/yr,haas2020,observed
1932,out_water_vapour,biomass,1.837489264,Gt/yr,haas2020,observed
1933,out_water_vapour,biomass,1.847648394,Gt/yr,haas2020,observed
1934,out_water_vapour,biomass,1.857807996,Gt/yr,haas2020,observed
1935,out_water_vapour,biomass,1.86796807,Gt/yr,haas2020,observed
1936,out_water_vapour,biomass,1.878128617,Gt/yr,haas2020,observed
1937,out_water_vapour,biomass,1.888289636,Gt/yr,haas2020,observed
1938,out_water_vapour,biomass,1.898451127,Gt/yr,haas2020,observed
1939,out_water_vapour,biomass,1.90861309,Gt/yr,haas2020,observed
1940,out_water_vapour,biomass,1.918775526,Gt/yr,haas2020,observed
1941,out_water_vapour,biomass,1.928987685,Gt/yr,haas2020,observed
1942,out_water_vapour,biomass,1.939200098,Gt/yr,haas2020,observed
1943,out_water_vapour,biomass,1.949412767,Gt/yr,haas2020,observed
1944,out_water_vapour,biomass,1.959625689,Gt/yr,haas2020,observed
1945,out_water_vapour,biomass,1.969838867,Gt/yr,haas2020,observed
1946,out_water_vapour,biomass,1.980052299,Gt/yr,haas2020,observed
1947,out_water_vapour,biomass,1.990265985,Gt/yr,haas2020,observed
1948,out_water_vapour,biomass,2.000479926,Gt/yr,haas2020,observed
1949,out_water_vapour,biomass,2.010694122,Gt/yr,haas2020,observed
1950,out_water_vapour,biomass,2.020908573,Gt/yr,haas2020,observed
1951,out_water_vapour,biomass,2.033799943,Gt/yr,haas2020,observed
1952,out_water_vapour,biomass,2.046457948,Gt/yr,haas2020,observed
1953,out_water_vapour,biomass,2.058944979,Gt/yr,haas2020,observed
1954,out_water_vapour,biomass,2.071313383,Gt/yr,haas2020,observed
1955,out_water_vapour,biomass,2.083605387,Gt/yr,haas2020,observed
1956,out_water_vapour,biomass,2.095852808,Gt/yr,haas2020,observed
1957,out_water_vapour,biomass,2.10807735,Gt/yr,haas2020,observed
1958,out_water_vapour,biomass,2.120291652,Gt/yr,haas2020,observed
1959,out_water_vapour,biomass,2.132500912,Gt/yr,haas2020,observed
1960,out_water_vapour,biomass,2.144707994,Gt/yr,haas2020,observed
1961,out_water_vapour,biomass,2.155117661,Gt/yr,haas2020,observed
1962,out_water_vapour,biomass,2.184133613,Gt/yr,haas2020,observed
1963,out_water_vapour,biomass,2.208211318,Gt/yr,haas2020,observed
1964,out_water_vapour,biomass,2.26590219,Gt/yr,haas2020,observed
1965,out_water_vapour,biomass,2.32295403,Gt/yr,haas2020,observed
1966,out_water_vapour,biomass,2.387009675,Gt/yr,haas2020,observed
1967,out_water_vapour,biomass,2.43458384,Gt/yr,haas2020,observed
1968,out_water_vapour,biomass,2.485536089,Gt/yr,haas2020,observed
1969,out_water_vapour,biomass,2.528282049,Gt/yr,haas2020,observed
1970,out_water_vapour,biomass,2.579719805,Gt/yr,haas2020,observed
1971,out_water_vapour,biomass,2.627309863,Gt/yr,haas2020,observed
1972,out_water_vapour,biomass,2.673694051,Gt/yr,haas2020,observed
1973,out_water_vapour,biomass,2.719771807,Gt/yr,haas2020,observed
1974,out_water_vapour,biomass,2.770671614,Gt/yr,haas2020,observed
1975,out_water_vapour,biomass,2.781345928,Gt/yr,haas2020,observed
1976,out_water_vapour,biomass,2.823913977,Gt/yr,haas2020,observed
1977,out_water_vapour,biomass,2.859431342,Gt/yr,haas2020,observed
1978,out_water_vapour,biomass,2.897402494,Gt/yr,haas2020,observed
1979,out_water_vapour,biomass,2.944752157,Gt/yr,haas2020,observed
1980,out_water_vapour,biomass,2.977584906,Gt/yr,haas2020,observed
1981,out_water_vapour,biomass,3.011960781,Gt/yr,haas2020,observed
1982,out_water_vapour,biomass,3.056471378,Gt/yr,haas2020,observed
1983,out_water_vapour,biomass,3.101073587,Gt/yr,haas2020,observed
1984,out_water_vapour,biomass,3.132681106,Gt/yr,haas2020,observed
1985,out_water_vapour,biomass,3.169289145,Gt/yr,haas2020,observed
1986,out_water_vapour,biomass,3.212206564,Gt/yr,haas2020,observed
1987,out_water_vapour,biomass,3.243480847,Gt/yr,haas2020,observed
1988,out_water_vapour,biomass,3.277024693,Gt/yr,haas2020,observed
1989,out_water_vapour,biomass,3.329253095,Gt/yr,haas2020,observed
1990,out_water_vapour,biomass,3.375141599,Gt/yr,haas2020,observed
1991,out_water_vapour,biomass,3.38995777,Gt/yr,haas2020,observed
1992,out_water_vapour,biomass,3.384849049,Gt/yr,haas2020,observed
1993,out_water_vapour,biomass,3.363797152,Gt/yr,haas2020,observed
1994,out_water_vapour,biomass,3.393332804,Gt/yr,haas2020,observed
1995,out_water_vapour,biomass,3.409106571,Gt/yr,haas2020,observed
1996,out_water_vapour,biomass,3.430133901,Gt/yr,haas2020,observed
1997,out_water_vapour,biomass,3.422577916,Gt/yr,haas2020,observed
1998,out_water_vapour,biomass,3.423270477,Gt/yr,haas2020,observed
1999,out_water_vapour,biomass,3.459390463,Gt/yr,haas2020,observed
2000,out_water_vapour,biomass,3.478432688,Gt/yr,haas2020,observed
2001,out_water_vapour,biomass,3.503627028,Gt/yr,haas2020,observed
2002,out_water_vapour,biomass,3.554409058,Gt/yr,haas2020,observed
2003,out_water_vapour,biomass,3.584775111,Gt/yr,haas2020,observed
2004,out_water_vapour,biomass,3.654513683,Gt/yr,haas2020,observed
2005,out_water_vapour,biomass,3.713989644,Gt/yr,haas2020,observed
2006,out_water_vapour,biomass,3.779807334,Gt/yr,haas2020,observed
2007,out_water_vapour,biomass,3.857294786,Gt/yr,haas2020,observed
2008,out_water_vapour,biomass,3.912190096,Gt/yr,haas2020,observed
2009,out_water_vapour,biomass,3.925872961,Gt/yr,haas2020,observed
2010,out_water_vapour,biomass,3.983847383,Gt/yr,haas2020,observed
2011,out_water_vapour,biomass,4.02593948,Gt/yr,haas2020,observed
2012,out_water_vapour,biomass,4.050738245,Gt/yr,haas2020,observed
2013,out_water_vapour,biomass,4.102195461,Gt/yr,haas2020,observed
2014,out_water_vapour,biomass,4.160901496,Gt/yr,haas2020,observed
2015,out_water_vapour,biomass,4.24935543,Gt/yr,haas2020,observed
1900,out_water_vapour,fossil,0.3436466675,Gt/yr,haas2020,observed
1901,out_water_vapour,fossil,0.3528015955,Gt/yr,haas2020,observed
1902,out_water_vapour,fossil,0.3603567635,Gt/yr,haas2020,observed
1903,out_water_vapour,fossil,0.3952314406,Gt/yr,haas2020,observed
1904,out_water_vapour,fossil,0.3985248334,Gt/yr,haas2020,observed
1905,out_water_vapour,fossil,0.4212257436,Gt/yr,haas2020,observed
1906,out_water_vapour,fossil,0.4543443457,Gt/yr,haas2020,observed
1907,out_water_vapour,fossil,0.5021206187,Gt/yr,haas2020,observed
1908,out_water_vapour,fossil,0.476932158,Gt/yr,haas2020,observed
1909,out_water_vapour,fossil,0.4977224512,Gt/yr,haas2020,observed
1910,out_water_vapour,fossil,0.5203223691,Gt/yr,haas2020,observed
1911,out_water_vapour,fossil,0.5309099782,Gt/yr,haas2020,observed
1912,out_water_vapour,fossil,0.5600541776,Gt/yr,haas2020,observed
1913,out_water_vapour,fossil,0.6004954479,Gt/yr,haas2020,observed
1914,out_water_vapour,fossil,0.5387273969,Gt/yr,haas2020,observed
1915,out_water_vapour,fossil,0.5325357931,Gt/yr,haas2020,observed
1916,out_water_vapour,fossil,0.5738607213,Gt/yr,haas2020,observed
1917,out_water_vapour,fossil,0.6052870112,Gt/yr,haas2020,observed
1918,out_water_vapour,fossil,0.5966770714,Gt/yr,haas2020,observed
1919,out_water_vapour,fossil,0.5234623739,Gt/yr,haas2020,observed
1920,out_water_vapour,fossil,0.6015898533,Gt/yr,haas2020,observed
1921,out_water_vapour,fossil,0.5101130304,Gt/yr,haas2020,observed
1922,out_water_vapour,fossil,0.5440837153,Gt/yr,haas2020,observed
1923,out_water_vapour,fossil,0.6171988944,Gt/yr,haas2020,observed
1924,out_water_vapour,fossil,0.6103974815,Gt/yr,haas2020,observed
1925,out_water_vapour,fossil,0.6126865942,Gt/yr,haas2020,observed
1926,out_water_vapour,fossil,0.6105278684,Gt/yr,haas2020,observed
1927,out_water_vapour,fossil,0.6486879016,Gt/yr,haas2020,observed
1928,out_water_vapour,fossil,0.706064392,Gt/yr,haas2020,observed
1929,out_water_vapour,fossil,0.6985234163,Gt/yr,haas2020,observed
1930,out_water_vapour,fossil,0.6412298735,Gt/yr,haas2020,observed
1931,out_water_vapour,fossil,0.5685108904,Gt/yr,haas2020,observed
1932,out_water_vapour,fossil,0.5084999861,Gt/yr,haas2020,observed
1933,out_water_vapour,fossil,0.5333576285,Gt/yr,haas2020,observed
1934,out_water_vapour,fossil,0.5840025245,Gt/yr,haas2020,observed
1935,out_water_vapour,fossil,0.6136573694,Gt/yr,haas2020,observed
1936,out_water_vapour,fossil,0.6733620013,Gt/yr,haas2020,observed
1937,out_water_vapour,fossil,0.7140283137,Gt/yr,haas2020,observed
1938,out_water_vapour,fossil,0.6647735878,Gt/yr,haas2020,observed
1939,out_water_vapour,fossil,0.7159793645,Gt/yr,haas2020,observed
1940,out_water_vapour,fossil,0.7914510411,Gt/yr,haas2020,observed
1941,out_water_vapour,fossil,0.8171801425,Gt/yr,haas2020,observed
1942,out_water_vapour,fossil,0.8287188229,Gt/yr,haas2020,observed
1943,out_water_vapour,fossil,0.8495502743,Gt/yr,haas2020,observed
1944,out_water_vapour,fossil,0.8333730559,Gt/yr,haas2020,observed
1945,out_water_vapour,fossil,0.66122438,Gt/yr,haas2020,observed
1946,out_water_vapour,fossil,0.7077480134,Gt/yr,haas2020,observed
1947,out_water_vapour,fossil,0.7971097045,Gt/yr,haas2020,observed
1948,out_water_vapour,fossil,0.8285714834,Gt/yr,haas2020,observed
1949,out_water_vapour,fossil,0.7957567036,Gt/yr,haas2020,observed
1950,out_water_vapour,fossil,0.8721891059,Gt/yr,haas2020,observed
1951,out_water_vapour,fossil,0.9254032922,Gt/yr,haas2020,observed
1952,out_water_vapour,fossil,0.9346001822,Gt/yr,haas2020,observed
1953,out_water_vapour,fossil,0.9422553675,Gt/yr,haas2020,observed
1954,out_water_vapour,fossil,0.9517483066,Gt/yr,haas2020,observed
1955,out_water_vapour,fossil,1.033604716,Gt/yr,haas2020,observed
1956,out_water_vapour,fossil,1.093746387,Gt/yr,haas2020,observed
1957,out_water_vapour,fossil,1.139759994,Gt/yr,haas2020,observed
1958,out_water_vapour,fossil,1.195549888,Gt/yr,haas2020,observed
1959,out_water_vapour,fossil,1.257482006,Gt/yr,haas2020,observed
1960,out_water_vapour,fossil,1.350933164,Gt/yr,haas2020,observed
1961,out_water_vapour,fossil,1.351975136,Gt/yr,haas2020,observed
1962,out_water_vapour,fossil,1.425574794,Gt/yr,haas2020,observed
1963,out_water_vapour,fossil,1.531785299,Gt/yr,haas2020,observed
1964,out_water_vapour,fossil,1.603291466,Gt/yr,haas2020,observed
1965,out_water_vapour,fossil,1.53448081,Gt/yr,haas2020,observed
1966,out_water_vapour,fossil,1.588507065,Gt/yr,haas2020,observed
1967,out_water_vapour,fossil,1.567065703,Gt/yr,haas2020,observed
1968,out_water_vapour,fossil,1.645869282,Gt/yr,haas2020,observed
1969,out_water_vapour,fossil,1.664594384,Gt/yr,haas2020,observed
1970,out_water_vapour,fossil,1.707368294,Gt/yr,haas2020,observed
1971,out_water_vapour,fossil,1.718937736,Gt/yr,haas2020,observed
1972,out_water_vapour,fossil,1.763887861,Gt/yr,haas2020,observed
1973,out_water_vapour,fossil,1.816423706,Gt/yr,haas2020,observed
1974,out_water_vapour,fossil,1.833517261,Gt/yr,haas2020,observed
1975,out_water_vapour,fossil,1.886126829,Gt/yr,haas2020,observed
1976,out_water_vapour,fossil,1.950454089,Gt/yr,haas2020,observed
1977,out_water_vapour,fossil,2.015705281,Gt/yr,haas2020,observed
1978,out_water_vapour,fossil,2.069967897,Gt/yr,haas2020,observed
1979,out_water_vapour,fossil,2.165067617,Gt/yr,haas2020,observed
1980,out_water_vapour,fossil,2.185563499,Gt/yr,haas2020,observed
1981,out_water_vapour,fossil,2.187462132,Gt/yr,haas2020,observed
1982,out_water_vapour,fossil,2.294574442,Gt/yr,haas2020,observed
1983,out_water_vapour,fossil,2.310927361,Gt/yr,haas2020,observed
1984,out_water_vapour,fossil,2.424728321,Gt/yr,haas2020,observed
1985,out_water_vapour,fossil,2.436461862,Gt/yr,haas2020,observed
1986,out_water_vapour,fossil,2.493334548,Gt/yr,haas2020,observed
1987,out_water_vapour,fossil,2.547960687,Gt/yr,haas2020,observed
1988,out_water_vapour,fossil,2.599754087,Gt/yr,haas2020,observed
1989,out_water_vapour,fossil,2.647044003,Gt/yr,haas2020,observed
1990,out_water_vapour,fossil,2.600768951,Gt/yr,haas2020,observed
1991,out_water_vapour,fossil,2.533315,Gt/yr,haas2020,observed
1992,out_water_vapour,fossil,2.458361752,Gt/yr,haas2020,observed
1993,out_water_vapour,fossil,2.432383433,Gt/yr,haas2020,observed
1994,out_water_vapour,fossil,2.462022503,Gt/yr,haas2020,observed
1995,out_water_vapour,fossil,2.526952346,Gt/yr,haas2020,observed
1996,out_water_vapour,fossil,2.579044387,Gt/yr,haas2020,observed
1997,out_water_vapour,fossil,2.580127727,Gt/yr,haas2020,observed
1998,out_water_vapour,fossil,2.592349835,Gt/yr,haas2020,observed
1999,out_water_vapour,fossil,2.577255438,Gt/yr,haas2020,observed
2000,out_water_vapour,fossil,2.656420902,Gt/yr,haas2020,observed
2001,out_water_vapour,fossil,2.74652915,Gt/yr,haas2020,observed
2002,out_water_vapour,fossil,2.771119821,Gt/yr,haas2020,observed
2003,out_water_vapour,fossil,2.924041636,Gt/yr,haas2020,observed
2004,out_water_vapour,fossil,3.078097735,Gt/yr,haas2020,observed
2005,out_water_vapour,fossil,3.216653047,Gt/yr,haas2020,observed
2006,out_water_vapour,fossil,3.350537688,Gt/yr,haas2020,observed
2007,out_water_vapour,fossil,3.437818033,Gt/yr,haas2020,observed
2008,out_water_vapour,fossil,3.533015479,Gt/yr,haas2020,observed
2009,out_water_vapour,fossil,3.520767535,Gt/yr,haas2020,observed
2010,out_water_vapour,fossil,3.6894996,Gt/yr,haas2020,observed
2011,out_water_vapour,fossil,3.912913681,Gt/yr,haas2020,observed
2012,out_water_vapour,fossil,3.96584854,Gt/yr,haas2020,observed
2013,out_water_vapour,fossil,4.000166407,Gt/yr,haas2020,observed
2014,out_water_vapour,fossil,3.992267999,Gt/yr,haas2020,observed
2015,out_water_vapour,fossil,3.951361411,Gt/yr,haas2020,observed
1900,out_water_vapour,metals,0,Gt/yr,haas2020,observed
1901,out_water_vapour,metals,0,Gt/yr,haas2020,observed
1902,out_water_vapour,metals,0,Gt/yr,haas2020,observed
1903,out_water_vapour,metals,0,Gt/yr,haas2020,observed
1904,out_water_vapour,metals,0,Gt/yr,haas2020,observed
1905,out_water_vapour,metals,0,Gt/yr,haas2020,observed
1906,out_water_vapour,metals,0,Gt/yr,haas2020,observed
1907,out_water_vapour,metals,0,Gt/yr,haas2020,observed
1908,out_water_vapour,metals,0,Gt/yr,haas2020,observed
1909,out_water_vapour,metals,0,Gt/yr,haas2020,observed
1910,out_water_vapour,metals,0,Gt/yr,haas2020,observed
1911,out_water_vapour,metals,0,Gt/yr,haas2020,observed
1912,out_water_vapour,metals,0,Gt/yr,haas2020,observed
1913,out_water_vapour,metals,0,Gt/yr,haas2020,observed
1914,out_water_vapour,metals,0,Gt/yr,haas2020,observed
1915,out_water_vapour,metals,0,Gt/yr,haas2020,observed
1916,out_water_vapour,metals,0,Gt/yr,haas2020,observed
1917,out_water_vapour,metals,0,Gt/yr,haas2020,observed
1918,out_water_vapour,metals,0,Gt/yr,haas2020,observed
1919,out_water_vapour,metals,0,Gt/yr,haas2020,observed
1920,out_water_vapour,metals,0,Gt/yr,haas2020,observed
1921,out_water_vapour,metals,0,Gt/yr,haas2020,observed
1922,out_water_vapour,metals,0,Gt/yr,haas2020,observed
1923,out_water_vapour,metals,0,Gt/yr,haas2020,observed
1924,out_water_vapour,metals,0,Gt/yr,haas2020,observed
1925,out_water_vapour,metals,0,Gt/yr,haas2020,observed
1926,out_water_vapour,metals,0,Gt/yr,haas2020,observed
1927,out_water_vapour,metals,0,Gt/yr,haas2020,observed
1928,out_water_vapour,metals,0,Gt/yr,haas2020,observed
1929,out_water_vapour,metals,0,Gt/yr,haas2020,observed
1930,out_water_vapour,metals,0,Gt/yr,haas2020,observed
1931,out_water_vapour,metals,0,Gt/yr,haas2020,observed
1932,out_water_vapour,metals,0,Gt/yr,haas2020,observed
1933,out_water_vapour,metals,0,Gt/yr,haas2020,observed
1934,out_water_vapour,metals,0,Gt/yr,haas2020,observed
1935,out_water_vapour,metals,0,Gt/yr,haas2020,observed
1936,out_water_vapour,metals,0,Gt/yr,haas2020,observed
1937,out_water_vapour,metals,0,Gt/yr,haas2020,observed
1938,out_water_vapour,metals,0,Gt/yr,haas2020,observed
1939,out_water_vapour,metals,0,Gt/yr,haas2020,observed
1940,out_water_vapour,metals,0,Gt/yr,haas2020,observed
1941,out_water_vapour,metals,0,Gt/yr,haas2020,observed
1942,out_water_vapour,metals,0,Gt/yr,haas2020,observed
1943,out_water_vapour,metals,0,Gt/yr,haas2020,observed
1944,out_water_vapour,metals,0,Gt/yr,haas2020,observed
1945,out_water_vapour,metals,0,Gt/yr,haas2020,observed
1946,out_water_vapour,metals,0,Gt/yr,haas2020,observed
1947,out_water_vapour,metals,0,Gt/yr,haas2020,observed
1948,out_water_vapour,metals,0,Gt/yr,haas2020,observed
1949,out_water_vapour,metals,0,Gt/yr,haas2020,observed
1950,out_water_vapour,metals,0,Gt/yr,haas2020,observed
1951,out_water_vapour,metals,0,Gt/yr,haas2020,observed
1952,out_water_vapour,metals,0,Gt/yr,haas2020,observed
1953,out_water_vapour,metals,0,Gt/yr,haas2020,observed
1954,out_water_vapour,metals,0,Gt/yr,haas2020,observed
1955,out_water_vapour,metals,0,Gt/yr,haas2020,observed
1956,out_water_vapour,metals,0,Gt/yr,haas2020,observed
1957,out_water_vapour,metals,0,Gt/yr,haas2020,observed
1958,out_water_vapour,metals,0,Gt/yr,haas2020,observed
1959,out_water_vapour,metals,0,Gt/yr,haas2020,observed
1960,out_water_vapour,metals,0,Gt/yr,haas2020,observed
1961,out_water_vapour,metals,0,Gt/yr,haas2020,observed
1962,out_water_vapour,metals,0,Gt/yr,haas2020,observed
1963,out_water_vapour,metals,0,Gt/yr,haas2020,observed
1964,out_water_vapour,metals,0,Gt/yr,haas2020,observed
1965,out_water_vapour,metals,0,Gt/yr,haas2020,observed
1966,out_water_vapour,metals,0,Gt/yr,haas2020,observed
1967,out_water_vapour,metals,0,Gt/yr,haas2020,observed
1968,out_water_vapour,metals,0,Gt/yr,haas2020,observed
1969,out_water_vapour,metals,0,Gt/yr,haas2020,observed
1970,out_water_vapour,metals,0,Gt/yr,haas2020,observed
1971,out_water_vapour,metals,0,Gt/yr,haas2020,observed
1972,out_water_vapour,metals,0,Gt/yr,haas2020,observed
1973,out_water_vapour,metals,0,Gt/yr,haas2020,observed
1974,out_water_vapour,metals,0,Gt/yr,haas2020,observed
1975,out_water_vapour,metals,0,Gt/yr,haas2020,observed
1976,out_water_vapour,metals,0,Gt/yr,haas2020,observed
1977,out_water_vapour,metals,0,Gt/yr,haas2020,observed
1978,out_water_vapour,metals,0,Gt/yr,haas2020,observed
1979,out_water_vapour,metals,0,Gt/yr,haas2020,observed
1980,out_water_vapour,metals,0,Gt/yr,haas2020,observed
1981,out_water_vapour,metals,0,Gt/yr,haas2020,observed
1982,out_water_vapour,metals,0,Gt/yr,haas2020,observed
1983,out_water_vapour,metals,0,Gt/yr,haas2020,observed
1984,out_water_vapour,metals,0,Gt/yr,haas2020,observed
1985,out_water_vapour,metals,0,Gt/yr,haas2020,observed
1986,out_water_vapour,metals,0,Gt/yr,haas2020,observed
1987,out_water_vapour,metals,0,Gt/yr,haas2020,observed
1988,out_water_vapour,metals,0,Gt/yr,haas2020,observed
1989,out_water_vapour,metals,0,Gt/yr,haas2020,observed
1990,out_water_vapour,metals,0,Gt/yr,haas2020,observed
1991,out_water_vapour,metals,0,Gt/yr,haas2020,observed
1992,out_water_vapour,metals,0,Gt/yr,haas2020,observed
1993,out_water_vapour,metals,0,Gt/yr,haas2020,observed
1994,out_water_vapour,metals,0,Gt/yr,haas2020,observed
1995,out_water_vapour,metals,0,Gt/yr,haas2020,observed
1996,out_water_vapour,metals,0,Gt/yr,haas2020,observed
1997,out_water_vapour,metals,0,Gt/yr,haas2020,observed
1998,out_water_vapour,metals,0,Gt/yr,haas2020,observed
1999,out_water_vapour,metals,0,Gt/yr,haas2020,observed
2000,out_water_vapour,metals,0,Gt/yr,haas2020,observed
2001,out_water_vapour,metals,0,Gt/yr,haas2020,observed
2002,out_water_vapour,metals,0,Gt/yr,haas2020,observed
2003,out_water_vapour,metals,0,Gt/yr,haas2020,observed
2004,out_water_vapour,metals,0,Gt/yr,haas2020,observed
2005,out_water_vapour,metals,0,Gt/yr,haas2020,observed
2006,out_water_vapour,metals,0,Gt/yr,haas2020,observed
2007,out_water_vapour,metals,0,Gt/yr,haas2020,observed
2008,out_water_vapour,metals,0,Gt/yr,haas2020,observed
2009,out_water_vapour,metals,0,Gt/yr,haas2020,observed
2010,out_water_vapour,metals,0,Gt/yr,haas2020,observed
2011,out_water_vapour,metals,0,Gt/yr,haas2020,observed
2012,out_water_vapour,metals,0,Gt/yr,haas2020,observed
2013,out_water_vapour,metals,0,Gt/yr,haas2020,observed
2014,out_water_vapour,metals,0,Gt/yr,haas2020,observed
2015,out_water_vapour,metals,0,Gt/yr,haas2020,observed
1900,out_water_vapour,non_metallic_minerals,0.1346786547,Gt/yr,haas2020,observed
1901,out_water_vapour,non_metallic_minerals,0.1369139625,Gt/yr,haas2020,observed
1902,out_water_vapour,non_metallic_minerals,0.1377510531,Gt/yr,haas2020,observed
1903,out_water_vapour,non_metallic_minerals,0.1398606234,Gt/yr,haas2020,observed
1904,out_water_vapour,non_metallic_minerals,0.1410406266,Gt/yr,haas2020,observed
1905,out_water_vapour,non_metallic_minerals,0.1416000359,Gt/yr,haas2020,observed
1906,out_water_vapour,non_metallic_minerals,0.1440950766,Gt/yr,haas2020,observed
1907,out_water_vapour,non_metallic_minerals,0.1444632328,Gt/yr,haas2020,observed
1908,out_water_vapour,non_metallic_minerals,0.1474270547,Gt/yr,haas2020,observed
1909,out_water_vapour,non_metallic_minerals,0.1497126531,Gt/yr,haas2020,observed
1910,out_water_vapour,non_metallic_minerals,0.150867675,Gt/yr,haas2020,observed
1911,out_water_vapour,non_metallic_minerals,0.1524005437,Gt/yr,haas2020,observed
1912,out_water_vapour,non_metallic_minerals,0.1542213203,Gt/yr,haas2020,observed
1913,out_water_vapour,non_metallic_minerals,0.1566824875,Gt/yr,haas2020,observed
1914,out_water_vapour,non_metallic_minerals,0.1572343828,Gt/yr,haas2020,observed
1915,out_water_vapour,non_metallic_minerals,0.1573046125,Gt/yr,haas2020,observed
1916,out_water_vapour,non_metallic_minerals,0.1592438859,Gt/yr,haas2020,observed
1917,out_water_vapour,non_metallic_minerals,0.1578679484,Gt/yr,haas2020,observed
1918,out_water_vapour,non_metallic_minerals,0.1594057281,Gt/yr,haas2020,observed
1919,out_water_vapour,non_metallic_minerals,0.1592867172,Gt/yr,haas2020,observed
1920,out_water_vapour,non_metallic_minerals,0.1586958187,Gt/yr,haas2020,observed
1921,out_water_vapour,non_metallic_minerals,0.1627306406,Gt/yr,haas2020,observed
1922,out_water_vapour,non_metallic_minerals,0.1619261547,Gt/yr,haas2020,observed
1923,out_water_vapour,non_metallic_minerals,0.1642787016,Gt/yr,haas2020,observed
1924,out_water_vapour,non_metallic_minerals,0.1658195547,Gt/yr,haas2020,observed
1925,out_water_vapour,non_metallic_minerals,0.1689494516,Gt/yr,haas2020,observed
1926,out_water_vapour,non_metallic_minerals,0.1710519453,Gt/yr,haas2020,observed
1927,out_water_vapour,non_metallic_minerals,0.1724286594,Gt/yr,haas2020,observed
1928,out_water_vapour,non_metallic_minerals,0.1741511297,Gt/yr,haas2020,observed
1929,out_water_vapour,non_metallic_minerals,0.1776505938,Gt/yr,haas2020,observed
1930,out_water_vapour,non_metallic_minerals,0.1791203203,Gt/yr,haas2020,observed
1931,out_water_vapour,non_metallic_minerals,0.1818050172,Gt/yr,haas2020,observed
1932,out_water_vapour,non_metallic_minerals,0.1815468922,Gt/yr,haas2020,observed
1933,out_water_vapour,non_metallic_minerals,0.1842583531,Gt/yr,haas2020,observed
1934,out_water_vapour,non_metallic_minerals,0.1863869875,Gt/yr,haas2020,observed
1935,out_water_vapour,non_metallic_minerals,0.1868540625,Gt/yr,haas2020,observed
1936,out_water_vapour,non_metallic_minerals,0.1894340656,Gt/yr,haas2020,observed
1937,out_water_vapour,non_metallic_minerals,0.1914428031,Gt/yr,haas2020,observed
1938,out_water_vapour,non_metallic_minerals,0.1937117656,Gt/yr,haas2020,observed
1939,out_water_vapour,non_metallic_minerals,0.1942766656,Gt/yr,haas2020,observed
1940,out_water_vapour,non_metallic_minerals,0.1970879094,Gt/yr,haas2020,observed
1941,out_water_vapour,non_metallic_minerals,0.1955104375,Gt/yr,haas2020,observed
1942,out_water_vapour,non_metallic_minerals,0.1979350844,Gt/yr,haas2020,observed
1943,out_water_vapour,non_metallic_minerals,0.2001091969,Gt/yr,haas2020,observed
1944,out_water_vapour,non_metallic_minerals,0.2013626344,Gt/yr,haas2020,observed
1945,out_water_vapour,non_metallic_minerals,0.2016411687,Gt/yr,haas2020,observed
1946,out_water_vapour,non_metallic_minerals,0.201020575,Gt/yr,haas2020,observed
1947,out_water_vapour,non_metallic_minerals,0.2033297656,Gt/yr,haas2020,observed
1948,out_water_vapour,non_metallic_minerals,0.2065736531,Gt/yr,haas2020,observed
1949,out_water_vapour,non_metallic_minerals,0.2093767375,Gt/yr,haas2020,observed
1950,out_water_vapour,non_metallic_minerals,0.2101057,Gt/yr,haas2020,observed
1951,out_water_vapour,non_metallic_minerals,0.2149328125,Gt/yr,haas2020,observed
1952,out_water_vapour,non_metallic_minerals,0.2192010844,Gt/yr,haas2020,observed
1953,out_water_vapour,non_metallic_minerals,0.2210384969,Gt/yr,haas2020,observed
1954,out_water_vapour,non_metallic_minerals,0.2232523125,Gt/yr,haas2020,observed
1955,out_water_vapour,non_metallic_minerals,0.2284758438,Gt/yr,haas2020,observed
1956,out_water_vapour,non_metallic_minerals,0.2329409031,Gt/yr,haas2020,observed
1957,out_water_vapour,non_metallic_minerals,0.2379185156,Gt/yr,haas2020,observed
1958,out_water_vapour,non_metallic_minerals,0.2412853406,Gt/yr,haas2020,observed
1959,out_water_vapour,non_metallic_minerals,0.2439650281,Gt/yr,haas2020,observed
1960,out_water_vapour,non_metallic_minerals,0.2489008375,Gt/yr,haas2020,observed
1961,out_water_vapour,non_metallic_minerals,0.2569482563,Gt/yr,haas2020,observed
1962,out_water_vapour,non_metallic_minerals,0.2663089844,Gt/yr,haas2020,observed
1963,out_water_vapour,non_metallic_minerals,0.276633175,Gt/yr,haas2020,observed
1964,out_water_vapour,non_metallic_minerals,0.2859388656,Gt/yr,haas2020,observed
1965,out_water_vapour,non_metallic_minerals,0.2947933406,Gt/yr,haas2020,observed
1966,out_water_vapour,non_metallic_minerals,0.3076082844,Gt/yr,haas2020,observed
1967,out_water_vapour,non_metallic_minerals,0.3212574969,Gt/yr,haas2020,observed
1968,out_water_vapour,non_metallic_minerals,0.3290921375,Gt/yr,haas2020,observed
1969,out_water_vapour,non_metallic_minerals,0.3430781375,Gt/yr,haas2020,observed
1970,out_water_vapour,non_metallic_minerals,0.3517457344,Gt/yr,haas2020,observed
1971,out_water_vapour,non_metallic_minerals,0.3750856813,Gt/yr,haas2020,observed
1972,out_water_vapour,non_metallic_minerals,0.402896725,Gt/yr,haas2020,observed
1973,out_water_vapour,non_metallic_minerals,0.4053193375,Gt/yr,haas2020,observed
1974,out_water_vapour,non_metallic_minerals,0.4141882063,Gt/yr,haas2020,observed
1975,out_water_vapour,non_metallic_minerals,0.43699705,Gt/yr,haas2020,observed
1976,out_water_vapour,non_metallic_minerals,0.4818727375,Gt/yr,haas2020,observed
1977,out_water_vapour,non_metallic_minerals,0.4717757625,Gt/yr,haas2020,observed
1978,out_water_vapour,non_metallic_minerals,0.476068775,Gt/yr,haas2020,observed
1979,out_water_vapour,non_metallic_minerals,0.4670494937,Gt/yr,haas2020,observed
1980,out_water_vapour,non_metallic_minerals,0.4921526312,Gt/yr,haas2020,observed
1981,out_water_vapour,non_metallic_minerals,0.4914425688,Gt/yr,haas2020,observed
1982,out_water_vapour,non_metallic_minerals,0.55678385,Gt/yr,haas2020,observed
1983,out_water_vapour,non_metallic_minerals,0.5841896812,Gt/yr,haas2020,observed
1984,out_water_vapour,non_metallic_minerals,0.65313115,Gt/yr,haas2020,observed
1985,out_water_vapour,non_metallic_minerals,0.6710700063,Gt/yr,haas2020,observed
1986,out_water_vapour,non_metallic_minerals,0.6771396625,Gt/yr,haas2020,observed
1987,out_water_vapour,non_metallic_minerals,0.7227876688,Gt/yr,haas2020,observed
1988,out_water_vapour,non_metallic_minerals,0.8020441625,Gt/yr,haas2020,observed
1989,out_water_vapour,non_metallic_minerals,0.8090992875,Gt/yr,haas2020,observed
1990,out_water_vapour,non_metallic_minerals,0.864265675,Gt/yr,haas2020,observed
1991,out_water_vapour,non_metallic_minerals,0.764265775,Gt/yr,haas2020,observed
1992,out_water_vapour,non_metallic_minerals,0.82930925,Gt/yr,haas2020,observed
1993,out_water_vapour,non_metallic_minerals,0.8998345125,Gt/yr,haas2020,observed
1994,out_water_vapour,non_metallic_minerals,0.9410046625,Gt/yr,haas2020,observed
1995,out_water_vapour,non_metallic_minerals,1.294130862,Gt/yr,haas2020,observed
1996,out_water_vapour,non_metallic_minerals,1.251448188,Gt/yr,haas2020,observed
1997,out_water_vapour,non_metallic_minerals,1.183293213,Gt/yr,haas2020,observed
1998,out_water_vapour,non_metallic_minerals,1.323165725,Gt/yr,haas2020,observed
1999,out_water_vapour,non_metallic_minerals,1.316939575,Gt/yr,haas2020,observed
2000,out_water_vapour,non_metallic_minerals,1.308255725,Gt/yr,haas2020,observed
2001,out_water_vapour,non_metallic_minerals,1.212324662,Gt/yr,haas2020,observed
2002,out_water_vapour,non_metallic_minerals,1.093055163,Gt/yr,haas2020,observed
2003,out_water_vapour,non_metallic_minerals,1.143042162,Gt/yr,haas2020,observed
2004,out_water_vapour,non_metallic_minerals,1.0530653,Gt/yr,haas2020,observed
2005,out_water_vapour,non_metallic_minerals,1.064352275,Gt/yr,haas2020,observed
2006,out_water_vapour,non_metallic_minerals,1.075449725,Gt/yr,haas2020,observed
2007,out_water_vapour,non_metallic_minerals,1.080497688,Gt/yr,haas2020,observed
2008,out_water_vapour,non_metallic_minerals,1.078793275,Gt/yr,haas2020,observed
2009,out_water_vapour,non_metallic_minerals,1.108113388,Gt/yr,haas2020,observed
2010,out_water_vapour,non_metallic_minerals,1.12414505,Gt/yr,haas2020,observed
2011,out_water_vapour,non_metallic_minerals,1.118251575,Gt/yr,haas2020,observed
2012,out_water_vapour,non_metallic_minerals,1.145217237,Gt/yr,haas2020,observed
2013,out_water_vapour,non_metallic_minerals,1.141241237,Gt/yr,haas2020,observed
2014,out_water_vapour,non_metallic_minerals,1.152607838,Gt/yr,haas2020,observed
2015,out_water_vapour,non_metallic_minerals,1.16820375,Gt/yr,haas2020,observed
1900,stock_additions_gross,biomass,0.1864360146,Gt/yr,haas2020,observed
1901,stock_additions_gross,biomass,0.1883079814,Gt/yr,haas2020,observed
1902,stock_additions_gross,biomass,0.1909327295,Gt/yr,haas2020,observed
1903,stock_additions_gross,biomass,0.1925288809,Gt/yr,haas2020,observed
1904,stock_additions_gross,biomass,0.1954050898,Gt/yr,haas2020,observed
1905,stock_additions_gross,biomass,0.1970082539,Gt/yr,haas2020,observed
1906,stock_additions_gross,biomass,0.1997228838,Gt/yr,haas2020,observed
1907,stock_additions_gross,biomass,0.2019251943,Gt/yr,haas2020,observed
1908,stock_additions_gross,biomass,0.2042633838,Gt/yr,haas2020,observed
1909,stock_additions_gross,biomass,0.2064563584,Gt/yr,haas2020,observed
1910,stock_additions_gross,biomass,0.208813084,Gt/yr,haas2020,observed
1911,stock_additions_gross,biomass,0.2106186621,Gt/yr,haas2020,observed
1912,stock_additions_gross,biomass,0.2131597803,Gt/yr,haas2020,observed
1913,stock_additions_gross,biomass,0.2157298643,Gt/yr,haas2020,observed
1914,stock_additions_gross,biomass,0.2182484639,Gt/yr,haas2020,observed
1915,stock_additions_gross,biomass,0.2200534121,Gt/yr,haas2020,observed
1916,stock_additions_gross,biomass,0.2221107676,Gt/yr,haas2020,observed
1917,stock_additions_gross,biomass,0.2246082949,Gt/yr,haas2020,observed
1918,stock_additions_gross,biomass,0.2269719023,Gt/yr,haas2020,observed
1919,stock_additions_gross,biomass,0.2288488711,Gt/yr,haas2020,observed
1920,stock_additions_gross,biomass,0.2307750225,Gt/yr,haas2020,observed
1921,stock_additions_gross,biomass,0.2336276641,Gt/yr,haas2020,observed
1922,stock_additions_gross,biomass,0.2354163311,Gt/yr,haas2020,observed
1923,stock_additions_gross,biomass,0.238052293,Gt/yr,haas2020,observed
1924,stock_additions_gross,biomass,0.2407310273,Gt/yr,haas2020,observed
1925,stock_additions_gross,biomass,0.2426841865,Gt/yr,haas2020,observed
1926,stock_additions_gross,biomass,0.2451965293,Gt/yr,haas2020,observed
1927,stock_additions_gross,biomass,0.2474428662,Gt/yr,haas2020,observed
1928,stock_additions_gross,biomass,0.2494102656,Gt/yr,haas2020,observed
1929,stock_additions_gross,biomass,0.2519989609,Gt/yr,haas2020,observed
1930,stock_additions_gross,biomass,0.2537248975,Gt/yr,haas2020,observed
1931,stock_additions_gross,biomass,0.2563299316,Gt/yr,haas2020,observed
1932,stock_additions_gross,biomass,0.2574334014,Gt/yr,haas2020,observed
1933,stock_additions_gross,biomass,0.2603258408,Gt/yr,haas2020,observed
1934,stock_additions_gross,biomass,0.2622102227,Gt/yr,haas2020,observed
1935,stock_additions_gross,biomass,0.2634467432,Gt/yr,haas2020,observed
1936,stock_additions_gross,biomass,0.2665587471,Gt/yr,haas2020,observed
1937,stock_additions_gross,biomass,0.2683650596,Gt/yr,haas2020,observed
1938,stock_additions_gross,biomass,0.2705487295,Gt/yr,haas2020,observed
1939,stock_additions_gross,biomass,0.2731582061,Gt/yr,haas2020,observed
1940,stock_additions_gross,biomass,0.2746348574,Gt/yr,haas2020,observed
1941,stock_additions_gross,biomass,0.2768973389,Gt/yr,haas2020,observed
1942,stock_additions_gross,biomass,0.2790004355,Gt/yr,haas2020,observed
1943,stock_additions_gross,biomass,0.2807624863,Gt/yr,haas2020,observed
1944,stock_additions_gross,biomass,0.2840085947,Gt/yr,haas2020,observed
1945,stock_additions_gross,biomass,0.2856653652,Gt/yr,haas2020,observed
1946,stock_additions_gross,biomass,0.2870251885,Gt/yr,haas2020,observed
1947,stock_additions_gross,biomass,0.2898597949,Gt/yr,haas2020,observed
1948,stock_additions_gross,biomass,0.2918443262,Gt/yr,haas2020,observed
1949,stock_additions_gross,biomass,0.293710583,Gt/yr,haas2020,observed
1950,stock_additions_gross,biomass,0.2955192168,Gt/yr,haas2020,observed
1951,stock_additions_gross,biomass,0.302135626,Gt/yr,haas2020,observed
1952,stock_additions_gross,biomass,0.3079853232,Gt/yr,haas2020,observed
1953,stock_additions_gross,biomass,0.3137492725,Gt/yr,haas2020,observed
1954,stock_additions_gross,biomass,0.3197540322,Gt/yr,haas2020,observed
1955,stock_additions_gross,biomass,0.3255897061,Gt/yr,haas2020,observed
1956,stock_additions_gross,biomass,0.3318686719,Gt/yr,haas2020,observed
1957,stock_additions_gross,biomass,0.3380793398,Gt/yr,haas2020,observed
1958,stock_additions_gross,biomass,0.3437940146,Gt/yr,haas2020,observed
1959,stock_additions_gross,biomass,0.3503988096,Gt/yr,haas2020,observed
1960,stock_additions_gross,biomass,0.3558192598,Gt/yr,haas2020,observed
1961,stock_additions_gross,biomass,0.3620828164,Gt/yr,haas2020,observed
1962,stock_additions_gross,biomass,0.368724209,Gt/yr,haas2020,observed
1963,stock_additions_gross,biomass,0.3842325713,Gt/yr,haas2020,observed
1964,stock_additions_gross,biomass,0.4092320156,Gt/yr,haas2020,observed
1965,stock_additions_gross,biomass,0.4390876426,Gt/yr,haas2020,observed
1966,stock_additions_gross,biomass,0.4569427617,Gt/yr,haas2020,observed
1967,stock_additions_gross,biomass,0.4596973047,Gt/yr,haas2020,observed
1968,stock_additions_gross,biomass,0.4824622051,Gt/yr,haas2020,observed
1969,stock_additions_gross,biomass,0.4974299766,Gt/yr,haas2020,observed
1970,stock_additions_gross,biomass,0.5134349102,Gt/yr,haas2020,observed
1971,stock_additions_gross,biomass,0.5285973262,Gt/yr,haas2020,observed
1972,stock_additions_gross,biomass,0.547942918,Gt/yr,haas2020,observed
1973,stock_additions_gross,biomass,0.5761945625,Gt/yr,haas2020,observed
1974,stock_additions_gross,biomass,0.5645882852,Gt/yr,haas2020,observed
1975,stock_additions_gross,biomass,0.5273738086,Gt/yr,haas2020,observed
1976,stock_additions_gross,biomass,0.57225025,Gt/yr,haas2020,observed
1977,stock_additions_gross,biomass,0.5911057578,Gt/yr,haas2020,observed
1978,stock_additions_gross,biomass,0.6061888633,Gt/yr,haas2020,observed
1979,stock_additions_gross,biomass,0.6203628008,Gt/yr,haas2020,observed
1980,stock_additions_gross,biomass,0.6176962539,Gt/yr,haas2020,observed
1981,stock_additions_gross,biomass,0.6118531484,Gt/yr,haas2020,observed
1982,stock_additions_gross,biomass,0.6049527461,Gt/yr,haas2020,observed
1983,stock_additions_gross,biomass,0.6379313398,Gt/yr,haas2020,observed
1984,stock_additions_gross,biomass,0.6670234023,Gt/yr,haas2020,observed
1985,stock_additions_gross,biomass,0.6799870156,Gt/yr,haas2020,observed
1986,stock_additions_gross,biomass,0.711812125,Gt/yr,haas2020,observed
1987,stock_additions_gross,biomass,0.7424771719,Gt/yr,haas2020,observed
1988,stock_additions_gross,biomass,0.7645134297,Gt/yr,haas2020,observed
1989,stock_additions_gross,biomass,0.7854310625,Gt/yr,haas2020,observed
1990,stock_additions_gross,biomass,0.7821105312,Gt/yr,haas2020,observed
1991,stock_additions_gross,biomass,0.7594894063,Gt/yr,haas2020,observed
1992,stock_additions_gross,biomass,0.7422410312,Gt/yr,haas2020,observed
1993,stock_additions_gross,biomass,0.7483161328,Gt/yr,haas2020,observed
1994,stock_additions_gross,biomass,0.7710267891,Gt/yr,haas2020,observed
1995,stock_additions_gross,biomass,0.7892734688,Gt/yr,haas2020,observed
1996,stock_additions_gross,biomass,0.7940736328,Gt/yr,haas2020,observed
1997,stock_additions_gross,biomass,0.8478416016,Gt/yr,haas2020,observed
1998,stock_additions_gross,biomass,0.8166745313,Gt/yr,haas2020,observed
1999,stock_additions_gross,biomass,0.8630968359,Gt/yr,haas2020,observed
2000,stock_additions_gross,biomass,0.8885683281,Gt/yr,haas2020,observed
2001,stock_additions_gross,biomass,0.87810925,Gt/yr,haas2020,observed
2002,stock_additions_gross,biomass,0.9095585,Gt/yr,haas2020,observed
2003,stock_additions_gross,biomass,0.9578703594,Gt/yr,haas2020,observed
2004,stock_additions_gross,biomass,1.002097234,Gt/yr,haas2020,observed
2005,stock_additions_gross,biomass,1.032496312,Gt/yr,haas2020,observed
2006,stock_additions_gross,biomass,1.074664234,Gt/yr,haas2020,observed
2007,stock_additions_gross,biomass,1.101652422,Gt/yr,haas2020,observed
2008,stock_additions_gross,biomass,1.070259234,Gt/yr,haas2020,observed
2009,stock_additions_gross,biomass,1.02705125,Gt/yr,haas2020,observed
2010,stock_additions_gross,biomass,1.091230813,Gt/yr,haas2020,observed
2011,stock_additions_gross,biomass,1.118667281,Gt/yr,haas2020,observed
2012,stock_additions_gross,biomass,1.155350406,Gt/yr,haas2020,observed
2013,stock_additions_gross,biomass,1.173105781,Gt/yr,haas2020,observed
2014,stock_additions_gross,biomass,1.208905875,Gt/yr,haas2020,observed
2015,stock_additions_gross,biomass,1.218132891,Gt/yr,haas2020,observed
1900,stock_additions_gross,fossil,0,Gt/yr,haas2020,observed
1901,stock_additions_gross,fossil,0,Gt/yr,haas2020,observed
1902,stock_additions_gross,fossil,0,Gt/yr,haas2020,observed
1903,stock_additions_gross,fossil,0,Gt/yr,haas2020,observed
1904,stock_additions_gross,fossil,0,Gt/yr,haas2020,observed
1905,stock_additions_gross,fossil,0,Gt/yr,haas2020,observed
1906,stock_additions_gross,fossil,0,Gt/yr,haas2020,observed
1907,stock_additions_gross,fossil,0,Gt/yr,haas2020,observed
1908,stock_additions_gross,fossil,0,Gt/yr,haas2020,observed
1909,stock_additions_gross,fossil,0,Gt/yr,haas2020,observed
1910,stock_additions_gross,fossil,0,Gt/yr,haas2020,observed
1911,stock_additions_gross,fossil,0,Gt/yr,haas2020,observed
1912,stock_additions_gross,fossil,0,Gt/yr,haas2020,observed
1913,stock_additions_gross,fossil,0,Gt/yr,haas2020,observed
1914,stock_additions_gross,fossil,0,Gt/yr,haas2020,observed
1915,stock_additions_gross,fossil,0,Gt/yr,haas2020,observed
1916,stock_additions_gross,fossil,0,Gt/yr,haas2020,observed
1917,stock_additions_gross,fossil,0,Gt/yr,haas2020,observed
1918,stock_additions_gross,fossil,0,Gt/yr,haas2020,observed
1919,stock_additions_gross,fossil,0,Gt/yr,haas2020,observed
1920,stock_additions_gross,fossil,0,Gt/yr,haas2020,observed
1921,stock_additions_gross,fossil,6.864002529e-05,Gt/yr,haas2020,observed
1922,stock_additions_gross,fossil,0.0001372800506,Gt/yr,haas2020,observed
1923,stock_additions_gross,fossil,0.0002745601012,Gt/yr,haas2020,observed
1924,stock_additions_gross,fossil,0.0004118401518,Gt/yr,haas2020,observed
1925,stock_additions_gross,fossil,0.0005491202023,Gt/yr,haas2020,observed
1926,stock_additions_gross,fossil,0.0006864002529,Gt/yr,haas2020,observed
1927,stock_additions_gross,fossil,0.0008236803035,Gt/yr,haas2020,observed
1928,stock_additions_gross,fossil,0.0009609603541,Gt/yr,haas2020,observed
1929,stock_additions_gross,fossil,0.001098240405,Gt/yr,haas2020,observed
1930,stock_additions_gross,fossil,0.001235520455,Gt/yr,haas2020,observed
1931,stock_additions_gross,fossil,0.001372800506,Gt/yr,haas2020,observed
1932,stock_additions_gross,fossil,0.001532045365,Gt/yr,haas2020,observed
1933,stock_additions_gross,fossil,0.001709762627,Gt/yr,haas2020,observed
1934,stock_additions_gross,fossil,0.001908095092,Gt/yr,haas2020,observed
1935,stock_additions_gross,fossil,0.002129434122,Gt/yr,haas2020,observed
1936,stock_additions_gross,fossil,0.00237644848,Gt/yr,haas2020,observed
1937,stock_additions_gross,fossil,0.002652116504,Gt/yr,haas2020,observed
1938,stock_additions_gross,fossil,0.002959762019,Gt/yr,haas2020,observed
1939,stock_additions_gross,fossil,0.003303094413,Gt/yr,haas2020,observed
1940,stock_additions_gross,fossil,0.003686253365,Gt/yr,haas2020,observed
1941,stock_additions_gross,fossil,0.004113858755,Gt/yr,haas2020,observed
1942,stock_additions_gross,fossil,0.00459106637,Gt/yr,haas2020,observed
1943,stock_additions_gross,fossil,0.005123630069,Gt/yr,haas2020,observed
1944,stock_additions_gross,fossil,0.005717971157,Gt/yr,haas2020,observed
1945,stock_additions_gross,fossil,0.006381255812,Gt/yr,haas2020,observed
1946,stock_additions_gross,fossil,0.007121481486,Gt/yr,haas2020,observed
1947,stock_additions_gross,fossil,0.007947573338,Gt/yr,haas2020,observed
1948,stock_additions_gross,fossil,0.008869491845,Gt/yr,haas2020,observed
1949,stock_additions_gross,fossil,0.009898352899,Gt/yr,haas2020,observed
1950,stock_additions_gross,fossil,0.01295927904,Gt/yr,haas2020,observed
1951,stock_additions_gross,fossil,0.01425803863,Gt/yr,haas2020,observed
1952,stock_additions_gross,fossil,0.01617253568,Gt/yr,haas2020,observed
1953,stock_additions_gross,fossil,0.01719142663,Gt/yr,haas2020,observed
1954,stock_additions_gross,fossil,0.0185571976,Gt/yr,haas2020,observed
1955,stock_additions_gross,fossil,0.02022824504,Gt/yr,haas2020,observed
1956,stock_additions_gross,fossil,0.0224209166,Gt/yr,haas2020,observed
1957,stock_additions_gross,fossil,0.02452744345,Gt/yr,haas2020,observed
1958,stock_additions_gross,fossil,0.02614057341,Gt/yr,haas2020,observed
1959,stock_additions_gross,fossil,0.02869425067,Gt/yr,haas2020,observed
1960,stock_additions_gross,fossil,0.03127519169,Gt/yr,haas2020,observed
1961,stock_additions_gross,fossil,0.03418590291,Gt/yr,haas2020,observed
1962,stock_additions_gross,fossil,0.0371943421,Gt/yr,haas2020,observed
1963,stock_additions_gross,fossil,0.04062097578,Gt/yr,haas2020,observed
1964,stock_additions_gross,fossil,0.0449108389,Gt/yr,haas2020,observed
1965,stock_additions_gross,fossil,0.04945188215,Gt/yr,haas2020,observed
1966,stock_additions_gross,fossil,0.05529024306,Gt/yr,haas2020,observed
1967,stock_additions_gross,fossil,0.05975520547,Gt/yr,haas2020,observed
1968,stock_additions_gross,fossil,0.06642371476,Gt/yr,haas2020,observed
1969,stock_additions_gross,fossil,0.07337680571,Gt/yr,haas2020,observed
1970,stock_additions_gross,fossil,0.08084562492,Gt/yr,haas2020,observed
1971,stock_additions_gross,fossil,0.08481675818,Gt/yr,haas2020,observed
1972,stock_additions_gross,fossil,0.09746084575,Gt/yr,haas2020,observed
1973,stock_additions_gross,fossil,0.105171837,Gt/yr,haas2020,observed
1974,stock_additions_gross,fossil,0.1095383954,Gt/yr,haas2020,observed
1975,stock_additions_gross,fossil,0.1026138059,Gt/yr,haas2020,observed
1976,stock_additions_gross,fossil,0.1046180452,Gt/yr,haas2020,observed
1977,stock_additions_gross,fossil,0.1089434612,Gt/yr,haas2020,observed
1978,stock_additions_gross,fossil,0.1167221637,Gt/yr,haas2020,observed
1979,stock_additions_gross,fossil,0.128029007,Gt/yr,haas2020,observed
1980,stock_additions_gross,fossil,0.1275938124,Gt/yr,haas2020,observed
1981,stock_additions_gross,fossil,0.1234777131,Gt/yr,haas2020,observed
1982,stock_additions_gross,fossil,0.1212820485,Gt/yr,haas2020,observed
1983,stock_additions_gross,fossil,0.1258759863,Gt/yr,haas2020,observed
1984,stock_additions_gross,fossil,0.1352799348,Gt/yr,haas2020,observed
1985,stock_additions_gross,fossil,0.140572269,Gt/yr,haas2020,observed
1986,stock_additions_gross,fossil,0.1489489175,Gt/yr,haas2020,observed
1987,stock_additions_gross,fossil,0.1569414893,Gt/yr,haas2020,observed
1988,stock_additions_gross,fossil,0.1668249495,Gt/yr,haas2020,observed
1989,stock_additions_gross,fossil,0.1734254175,Gt/yr,haas2020,observed
1990,stock_additions_gross,fossil,0.177168811,Gt/yr,haas2020,observed
1991,stock_additions_gross,fossil,0.1932097734,Gt/yr,haas2020,observed
1992,stock_additions_gross,fossil,0.2025228984,Gt/yr,haas2020,observed
1993,stock_additions_gross,fossil,0.2108132856,Gt/yr,haas2020,observed
1994,stock_additions_gross,fossil,0.2209588276,Gt/yr,haas2020,observed
1995,stock_additions_gross,fossil,0.2315645151,Gt/yr,haas2020,observed
1996,stock_additions_gross,fossil,0.2398798076,Gt/yr,haas2020,observed
1997,stock_additions_gross,fossil,0.2505375107,Gt/yr,haas2020,observed
1998,stock_additions_gross,fossil,0.2645716699,Gt/yr,haas2020,observed
1999,stock_additions_gross,fossil,0.2810718779,Gt/yr,haas2020,observed
2000,stock_additions_gross,fossil,0.2934855928,Gt/yr,haas2020,observed
2001,stock_additions_gross,fossil,0.3049867695,Gt/yr,haas2020,observed
2002,stock_additions_gross,fossil,0.314881127,Gt/yr,haas2020,observed
2003,stock_additions_gross,fossil,0.3224385625,Gt/yr,haas2020,observed
2004,stock_additions_gross,fossil,0.3394634141,Gt/yr,haas2020,observed
2005,stock_additions_gross,fossil,0.3550901523,Gt/yr,haas2020,observed
2006,stock_additions_gross,fossil,0.3648237363,Gt/yr,haas2020,observed
2007,stock_additions_gross,fossil,0.3892840488,Gt/yr,haas2020,observed
2008,stock_additions_gross,fossil,0.3986174395,Gt/yr,haas2020,observed
2009,stock_additions_gross,fossil,0.3825620156,Gt/yr,haas2020,observed
2010,stock_additions_gross,fossil,0.3921223926,Gt/yr,haas2020,observed
2011,stock_additions_gross,fossil,0.4108368301,Gt/yr,haas2020,observed
2012,stock_additions_gross,fossil,0.4206699922,Gt/yr,haas2020,observed
2013,stock_additions_gross,fossil,0.4300425937,Gt/yr,haas2020,observed
2014,stock_additions_gross,fossil,0.4413881836,Gt/yr,haas2020,observed
2015,stock_additions_gross,fossil,0.4531965574,Gt/yr,haas2020,observed
1900,stock_additions_gross,metals,0.06157001854,Gt/yr,haas2020,observed
1901,stock_additions_gross,metals,0.0621888539,Gt/yr,haas2020,observed
1902,stock_additions_gross,metals,0.06323889927,Gt/yr,haas2020,observed
1903,stock_additions_gross,metals,0.06415704712,Gt/yr,haas2020,observed
1904,stock_additions_gross,metals,0.06524709353,Gt/yr,haas2020,observed
1905,stock_additions_gross,metals,0.07738611377,Gt/yr,haas2020,observed
1906,stock_additions_gross,metals,0.06930555118,Gt/yr,haas2020,observed
1907,stock_additions_gross,metals,0.08971921805,Gt/yr,haas2020,observed
1908,stock_additions_gross,metals,0.07509118191,Gt/yr,haas2020,observed
1909,stock_additions_gross,metals,0.08515581581,Gt/yr,haas2020,observed
1910,stock_additions_gross,metals,0.09492176901,Gt/yr,haas2020,observed
1911,stock_additions_gross,metals,0.09003236335,Gt/yr,haas2020,observed
1912,stock_additions_gross,metals,0.1010438142,Gt/yr,haas2020,observed
1913,stock_additions_gross,metals,0.117579975,Gt/yr,haas2020,observed
1914,stock_additions_gross,metals,0.08308584708,Gt/yr,haas2020,observed
1915,stock_additions_gross,metals,0.08215372468,Gt/yr,haas2020,observed
1916,stock_additions_gross,metals,0.09704332021,Gt/yr,haas2020,observed
1917,stock_additions_gross,metals,0.09903323627,Gt/yr,haas2020,observed
1918,stock_additions_gross,metals,0.09063231747,Gt/yr,haas2020,observed
1919,stock_additions_gross,metals,0.0800880118,Gt/yr,haas2020,observed
1920,stock_additions_gross,metals,0.08899658539,Gt/yr,haas2020,observed
1921,stock_additions_gross,metals,0.05914352859,Gt/yr,haas2020,observed
1922,stock_additions_gross,metals,0.07847514293,Gt/yr,haas2020,observed
1923,stock_additions_gross,metals,0.09867551012,Gt/yr,haas2020,observed
1924,stock_additions_gross,metals,0.09642951596,Gt/yr,haas2020,observed
1925,stock_additions_gross,metals,0.1099137584,Gt/yr,haas2020,observed
1926,stock_additions_gross,metals,0.1135233082,Gt/yr,haas2020,observed
1927,stock_additions_gross,metals,0.1243069627,Gt/yr,haas2020,observed
1928,stock_additions_gross,metals,0.1268849747,Gt/yr,haas2020,observed
1929,stock_additions_gross,metals,0.1438924276,Gt/yr,haas2020,observed
1930,stock_additions_gross,metals,0.1315403975,Gt/yr,haas2020,observed
1931,stock_additions_gross,metals,0.09644283369,Gt/yr,haas2020,observed
1932,stock_additions_gross,metals,0.07156459444,Gt/yr,haas2020,observed
1933,stock_additions_gross,metals,0.08211228117,Gt/yr,haas2020,observed
1934,stock_additions_gross,metals,0.1016231689,Gt/yr,haas2020,observed
1935,stock_additions_gross,metals,0.1152314161,Gt/yr,haas2020,observed
1936,stock_additions_gross,metals,0.1368049619,Gt/yr,haas2020,observed
1937,stock_additions_gross,metals,0.1650344771,Gt/yr,haas2020,observed
1938,stock_additions_gross,metals,0.1365879904,Gt/yr,haas2020,observed
1939,stock_additions_gross,metals,0.1616356812,Gt/yr,haas2020,observed
1940,stock_additions_gross,metals,0.1653671094,Gt/yr,haas2020,observed
1941,stock_additions_gross,metals,0.1767571179,Gt/yr,haas2020,observed
1942,stock_additions_gross,metals,0.1873379911,Gt/yr,haas2020,observed
1943,stock_additions_gross,metals,0.1882249842,Gt/yr,haas2020,observed
1944,stock_additions_gross,metals,0.1716125545,Gt/yr,haas2020,observed
1945,stock_additions_gross,metals,0.1473604846,Gt/yr,haas2020,observed
1946,stock_additions_gross,metals,0.1438478307,Gt/yr,haas2020,observed
1947,stock_additions_gross,metals,0.1663456895,Gt/yr,haas2020,observed
1948,stock_additions_gross,metals,0.1877264099,Gt/yr,haas2020,observed
1949,stock_additions_gross,metals,0.1920561867,Gt/yr,haas2020,observed
1950,stock_additions_gross,metals,0.2086633284,Gt/yr,haas2020,observed
1951,stock_additions_gross,metals,0.2349184925,Gt/yr,haas2020,observed
1952,stock_additions_gross,metals,0.2410414025,Gt/yr,haas2020,observed
1953,stock_additions_gross,metals,0.2667014508,Gt/yr,haas2020,observed
1954,stock_additions_gross,metals,0.3061061754,Gt/yr,haas2020,observed
1955,stock_additions_gross,metals,0.2885144236,Gt/yr,haas2020,observed
1956,stock_additions_gross,metals,0.3072923657,Gt/yr,haas2020,observed
1957,stock_additions_gross,metals,0.3319226913,Gt/yr,haas2020,observed
1958,stock_additions_gross,metals,0.3142170231,Gt/yr,haas2020,observed
1959,stock_additions_gross,metals,0.3379615881,Gt/yr,haas2020,observed
1960,stock_additions_gross,metals,0.3916448705,Gt/yr,haas2020,observed
1961,stock_additions_gross,metals,0.3819762812,Gt/yr,haas2020,observed
1962,stock_additions_gross,metals,0.3886106287,Gt/yr,haas2020,observed
1963,stock_additions_gross,metals,0.4007278926,Gt/yr,haas2020,observed
1964,stock_additions_gross,metals,0.4396934244,Gt/yr,haas2020,observed
1965,stock_additions_gross,metals,0.4652542271,Gt/yr,haas2020,observed
1966,stock_additions_gross,metals,0.4770169219,Gt/yr,haas2020,observed
1967,stock_additions_gross,metals,0.4456563678,Gt/yr,haas2020,observed
1968,stock_additions_gross,metals,0.502514035,Gt/yr,haas2020,observed
1969,stock_additions_gross,metals,0.5376970026,Gt/yr,haas2020,observed
1970,stock_additions_gross,metals,0.5613563925,Gt/yr,haas2020,observed
1971,stock_additions_gross,metals,0.560809057,Gt/yr,haas2020,observed
1972,stock_additions_gross,metals,0.5894357938,Gt/yr,haas2020,observed
1973,stock_additions_gross,metals,0.6410982192,Gt/yr,haas2020,observed
1974,stock_additions_gross,metals,0.6502068476,Gt/yr,haas2020,observed
1975,stock_additions_gross,metals,0.6183340983,Gt/yr,haas2020,observed
1976,stock_additions_gross,metals,0.6456737463,Gt/yr,haas2020,observed
1977,stock_additions_gross,metals,0.6457497549,Gt/yr,haas2020,observed
1978,stock_additions_gross,metals,0.6741482306,Gt/yr,haas2020,observed
1979,stock_additions_gross,metals,0.7025881062,Gt/yr,haas2020,observed
1980,stock_additions_gross,metals,0.6932950131,Gt/yr,haas2020,observed
1981,stock_additions_gross,metals,0.67993537,Gt/yr,haas2020,observed
1982,stock_additions_gross,metals,0.6377315476,Gt/yr,haas2020,observed
1983,stock_additions_gross,metals,0.6462586174,Gt/yr,haas2020,observed
1984,stock_additions_gross,metals,0.6938334336,Gt/yr,haas2020,observed
1985,stock_additions_gross,metals,0.7092441121,Gt/yr,haas2020,observed
1986,stock_additions_gross,metals,0.7148391443,Gt/yr,haas2020,observed
1987,stock_additions_gross,metals,0.7373829141,Gt/yr,haas2020,observed
1988,stock_additions_gross,metals,0.7800017202,Gt/yr,haas2020,observed
1989,stock_additions_gross,metals,0.7971617966,Gt/yr,haas2020,observed
1990,stock_additions_gross,metals,0.7922397812,Gt/yr,haas2020,observed
1991,stock_additions_gross,metals,0.7754867009,Gt/yr,haas2020,observed
1992,stock_additions_gross,metals,0.7798566338,Gt/yr,haas2020,observed
1993,stock_additions_gross,metals,0.789186688,Gt/yr,haas2020,observed
1994,stock_additions_gross,metals,0.8112424517,Gt/yr,haas2020,observed
1995,stock_additions_gross,metals,0.8465634683,Gt/yr,haas2020,observed
1996,stock_additions_gross,metals,0.852338488,Gt/yr,haas2020,observed
1997,stock_additions_gross,metals,0.895213272,Gt/yr,haas2020,observed
1998,stock_additions_gross,metals,0.8998600161,Gt/yr,haas2020,observed
1999,stock_additions_gross,metals,0.9143066455,Gt/yr,haas2020,observed
2000,stock_additions_gross,metals,0.9686924021,Gt/yr,haas2020,observed
2001,stock_additions_gross,metals,0.985929415,Gt/yr,haas2020,observed
2002,stock_additions_gross,metals,1.031534537,Gt/yr,haas2020,observed
2003,stock_additions_gross,metals,1.110959069,Gt/yr,haas2020,observed
2004,stock_additions_gross,metals,1.185276743,Gt/yr,haas2020,observed
2005,stock_additions_gross,metals,1.285817585,Gt/yr,haas2020,observed
2006,stock_additions_gross,metals,1.382292498,Gt/yr,haas2020,observed
2007,stock_additions_gross,metals,1.497570429,Gt/yr,haas2020,observed
2008,stock_additions_gross,metals,1.503849892,Gt/yr,haas2020,observed
2009,stock_additions_gross,metals,1.477426533,Gt/yr,haas2020,observed
2010,stock_additions_gross,metals,1.615117503,Gt/yr,haas2020,observed
2011,stock_additions_gross,metals,1.713843497,Gt/yr,haas2020,observed
2012,stock_additions_gross,metals,1.740655248,Gt/yr,haas2020,observed
2013,stock_additions_gross,metals,1.84417985,Gt/yr,haas2020,observed
2014,stock_additions_gross,metals,1.837287938,Gt/yr,haas2020,observed
2015,stock_additions_gross,metals,1.818231786,Gt/yr,haas2020,observed
1900,stock_additions_gross,non_metallic_minerals,0.9911097607,Gt/yr,haas2020,observed
1901,stock_additions_gross,non_metallic_minerals,1.019344455,Gt/yr,haas2020,observed
1902,stock_additions_gross,non_metallic_minerals,1.030230043,Gt/yr,haas2020,observed
1903,stock_additions_gross,non_metallic_minerals,1.058445558,Gt/yr,haas2020,observed
1904,stock_additions_gross,non_metallic_minerals,1.072478081,Gt/yr,haas2020,observed
1905,stock_additions_gross,non_metallic_minerals,1.116717115,Gt/yr,haas2020,observed
1906,stock_additions_gross,non_metallic_minerals,1.139641766,Gt/yr,haas2020,observed
1907,stock_additions_gross,non_metallic_minerals,1.164412477,Gt/yr,haas2020,observed
1908,stock_additions_gross,non_metallic_minerals,1.201169835,Gt/yr,haas2020,observed
1909,stock_additions_gross,non_metallic_minerals,1.238636818,Gt/yr,haas2020,observed
1910,stock_additions_gross,non_metallic_minerals,1.250361054,Gt/yr,haas2020,observed
1911,stock_additions_gross,non_metallic_minerals,1.261475541,Gt/yr,haas2020,observed
1912,stock_additions_gross,non_metallic_minerals,1.282489929,Gt/yr,haas2020,observed
1913,stock_additions_gross,non_metallic_minerals,1.304568953,Gt/yr,haas2020,observed
1914,stock_additions_gross,non_metallic_minerals,1.288463342,Gt/yr,haas2020,observed
1915,stock_additions_gross,non_metallic_minerals,1.266554426,Gt/yr,haas2020,observed
1916,stock_additions_gross,non_metallic_minerals,1.275557787,Gt/yr,haas2020,observed
1917,stock_additions_gross,non_metallic_minerals,1.242118032,Gt/yr,haas2020,observed
1918,stock_additions_gross,non_metallic_minerals,1.264855853,Gt/yr,haas2020,observed
1919,stock_additions_gross,non_metallic_minerals,1.182899048,Gt/yr,haas2020,observed
1920,stock_additions_gross,non_metallic_minerals,1.255832172,Gt/yr,haas2020,observed
1921,stock_additions_gross,non_metallic_minerals,1.262340608,Gt/yr,haas2020,observed
1922,stock_additions_gross,non_metallic_minerals,1.361207053,Gt/yr,haas2020,observed
1923,stock_additions_gross,non_metallic_minerals,1.386926161,Gt/yr,haas2020,observed
1924,stock_additions_gross,non_metallic_minerals,1.488076836,Gt/yr,haas2020,observed
1925,stock_additions_gross,non_metallic_minerals,1.553881104,Gt/yr,haas2020,observed
1926,stock_additions_gross,non_metallic_minerals,1.634676825,Gt/yr,haas2020,observed
1927,stock_additions_gross,non_metallic_minerals,1.721403415,Gt/yr,haas2020,observed
1928,stock_additions_gross,non_metallic_minerals,1.763125928,Gt/yr,haas2020,observed
1929,stock_additions_gross,non_metallic_minerals,1.811240003,Gt/yr,haas2020,observed
1930,stock_additions_gross,non_metallic_minerals,1.801729408,Gt/yr,haas2020,observed
1931,stock_additions_gross,non_metallic_minerals,1.783315709,Gt/yr,haas2020,observed
1932,stock_additions_gross,non_metallic_minerals,1.708527877,Gt/yr,haas2020,observed
1933,stock_additions_gross,non_metallic_minerals,1.717476916,Gt/yr,haas2020,observed
1934,stock_additions_gross,non_metallic_minerals,1.827447169,Gt/yr,haas2020,observed
1935,stock_additions_gross,non_metallic_minerals,1.882180815,Gt/yr,haas2020,observed
1936,stock_additions_gross,non_metallic_minerals,1.93494734,Gt/yr,haas2020,observed
1937,stock_additions_gross,non_metallic_minerals,2.130519756,Gt/yr,haas2020,observed
1938,stock_additions_gross,non_metallic_minerals,2.185847371,Gt/yr,haas2020,observed
1939,stock_additions_gross,non_metallic_minerals,2.25542253,Gt/yr,haas2020,observed
1940,stock_additions_gross,non_metallic_minerals,2.259602539,Gt/yr,haas2020,observed
1941,stock_additions_gross,non_metallic_minerals,2.341635074,Gt/yr,haas2020,observed
1942,stock_additions_gross,non_metallic_minerals,2.309112146,Gt/yr,haas2020,observed
1943,stock_additions_gross,non_metallic_minerals,2.303390984,Gt/yr,haas2020,observed
1944,stock_additions_gross,non_metallic_minerals,2.278089253,Gt/yr,haas2020,observed
1945,stock_additions_gross,non_metallic_minerals,2.276430885,Gt/yr,haas2020,observed
1946,stock_additions_gross,non_metallic_minerals,2.508917967,Gt/yr,haas2020,observed
1947,stock_additions_gross,non_metallic_minerals,2.739632691,Gt/yr,haas2020,observed
1948,stock_additions_gross,non_metallic_minerals,2.943169292,Gt/yr,haas2020,observed
1949,stock_additions_gross,non_metallic_minerals,3.15261743,Gt/yr,haas2020,observed
1950,stock_additions_gross,non_metallic_minerals,3.457404586,Gt/yr,haas2020,observed
1951,stock_additions_gross,non_metallic_minerals,3.714852379,Gt/yr,haas2020,observed
1952,stock_additions_gross,non_metallic_minerals,3.947321547,Gt/yr,haas2020,observed
1953,stock_additions_gross,non_metallic_minerals,4.134108281,Gt/yr,haas2020,observed
1954,stock_additions_gross,non_metallic_minerals,4.410977778,Gt/yr,haas2020,observed
1955,stock_additions_gross,non_metallic_minerals,4.648222531,Gt/yr,haas2020,observed
1956,stock_additions_gross,non_metallic_minerals,4.995281136,Gt/yr,haas2020,observed
1957,stock_additions_gross,non_metallic_minerals,5.219709865,Gt/yr,haas2020,observed
1958,stock_additions_gross,non_metallic_minerals,5.484670781,Gt/yr,haas2020,observed
1959,stock_additions_gross,non_metallic_minerals,5.843266097,Gt/yr,haas2020,observed
1960,stock_additions_gross,non_metallic_minerals,6.202433082,Gt/yr,haas2020,observed
1961,stock_additions_gross,non_metallic_minerals,6.562821501,Gt/yr,haas2020,observed
1962,stock_additions_gross,non_metallic_minerals,6.941855891,Gt/yr,haas2020,observed
1963,stock_additions_gross,non_metallic_minerals,7.343780615,Gt/yr,haas2020,observed
1964,stock_additions_gross,non_metallic_minerals,7.918792173,Gt/yr,haas2020,observed
1965,stock_additions_gross,non_metallic_minerals,8.301522626,Gt/yr,haas2020,observed
1966,stock_additions_gross,non_metallic_minerals,8.958140748,Gt/yr,haas2020,observed
1967,stock_additions_gross,non_metallic_minerals,9.109912064,Gt/yr,haas2020,observed
1968,stock_additions_gross,non_metallic_minerals,9.748259923,Gt/yr,haas2020,observed
1969,stock_additions_gross,non_metallic_minerals,10.12187358,Gt/yr,haas2020,observed
1970,stock_additions_gross,non_metallic_minerals,10.98824661,Gt/yr,haas2020,observed
1971,stock_additions_gross,non_metallic_minerals,11.19173206,Gt/yr,haas2020,observed
1972,stock_additions_gross,non_metallic_minerals,12.52033949,Gt/yr,haas2020,observed
1973,stock_additions_gross,non_metallic_minerals,12.92076087,Gt/yr,haas2020,observed
1974,stock_additions_gross,non_metallic_minerals,13.23996405,Gt/yr,haas2020,observed
1975,stock_additions_gross,non_metallic_minerals,12.97237966,Gt/yr,haas2020,observed
1976,stock_additions_gross,non_metallic_minerals,13.00939302,Gt/yr,haas2020,observed
1977,stock_additions_gross,non_metallic_minerals,13.38220695,Gt/yr,haas2020,observed
1978,stock_additions_gross,non_metallic_minerals,13.98387332,Gt/yr,haas2020,observed
1979,stock_additions_gross,non_metallic_minerals,14.41622171,Gt/yr,haas2020,observed
1980,stock_additions_gross,non_metallic_minerals,14.4792228,Gt/yr,haas2020,observed
1981,stock_additions_gross,non_metallic_minerals,14.01781073,Gt/yr,haas2020,observed
1982,stock_additions_gross,non_metallic_minerals,13.88252502,Gt/yr,haas2020,observed
1983,stock_additions_gross,non_metallic_minerals,14.06147954,Gt/yr,haas2020,observed
1984,stock_additions_gross,non_metallic_minerals,14.68613256,Gt/yr,haas2020,observed
1985,stock_additions_gross,non_metallic_minerals,14.93952477,Gt/yr,haas2020,observed
1986,stock_additions_gross,non_metallic_minerals,15.57378003,Gt/yr,haas2020,observed
1987,stock_additions_gross,non_metallic_minerals,16.29334322,Gt/yr,haas2020,observed
1988,stock_additions_gross,non_metallic_minerals,17.46598792,Gt/yr,haas2020,observed
1989,stock_additions_gross,non_metallic_minerals,17.1090789,Gt/yr,haas2020,observed
1990,stock_additions_gross,non_metallic_minerals,17.25013868,Gt/yr,haas2020,observed
1991,stock_additions_gross,non_metallic_minerals,18.71144346,Gt/yr,haas2020,observed
1992,stock_additions_gross,non_metallic_minerals,18.92041733,Gt/yr,haas2020,observed
1993,stock_additions_gross,non_metallic_minerals,20.60962737,Gt/yr,haas2020,observed
1994,stock_additions_gross,non_metallic_minerals,21.56840241,Gt/yr,haas2020,observed
1995,stock_additions_gross,non_metallic_minerals,23.71019361,Gt/yr,haas2020,observed
1996,stock_additions_gross,non_metallic_minerals,23.86163154,Gt/yr,haas2020,observed
1997,stock_additions_gross,non_metallic_minerals,24.46152274,Gt/yr,haas2020,observed
1998,stock_additions_gross,non_metallic_minerals,25.51727165,Gt/yr,haas2020,observed
1999,stock_additions_gross,non_metallic_minerals,26.0717478,Gt/yr,haas2020,observed
2000,stock_additions_gross,non_metallic_minerals,26.65187505,Gt/yr,haas2020,observed
2001,stock_additions_gross,non_metallic_minerals,26.76184653,Gt/yr,haas2020,observed
2002,stock_additions_gross,non_metallic_minerals,27.10468716,Gt/yr,haas2020,observed
2003,stock_additions_gross,non_metallic_minerals,28.8750281,Gt/yr,haas2020,observed
2004,stock_additions_gross,non_metallic_minerals,30.43774368,Gt/yr,haas2020,observed
2005,stock_additions_gross,non_metallic_minerals,31.81788747,Gt/yr,haas2020,observed
2006,stock_additions_gross,non_metallic_minerals,34.21026203,Gt/yr,haas2020,observed
2007,stock_additions_gross,non_metallic_minerals,35.70633043,Gt/yr,haas2020,observed
2008,stock_additions_gross,non_metallic_minerals,35.80784812,Gt/yr,haas2020,observed
2009,stock_additions_gross,non_metallic_minerals,37.21306546,Gt/yr,haas2020,observed
2010,stock_additions_gross,non_metallic_minerals,39.23901192,Gt/yr,haas2020,observed
2011,stock_additions_gross,non_metallic_minerals,42.11039179,Gt/yr,haas2020,observed
2012,stock_additions_gross,non_metallic_minerals,43.36211269,Gt/yr,haas2020,observed
2013,stock_additions_gross,non_metallic_minerals,45.20985682,Gt/yr,haas2020,observed
2014,stock_additions_gross,non_metallic_minerals,46.25916658,Gt/yr,haas2020,observed
2015,stock_additions_gross,non_metallic_minerals,45.86168556,Gt/yr,haas2020,observed
1900,use_energy,biomass,4.229140799,Gt/yr,haas2020,observed
1901,use_energy,biomass,4.277440436,Gt/yr,haas2020,observed
1902,use_energy,biomass,4.325740073,Gt/yr,haas2020,observed
1903,use_energy,biomass,4.37403971,Gt/yr,haas2020,observed
1904,use_energy,biomass,4.422339347,Gt/yr,haas2020,observed
1905,use_energy,biomass,4.470638984,Gt/yr,haas2020,observed
1906,use_energy,biomass,4.518938621,Gt/yr,haas2020,observed
1907,use_energy,biomass,4.567238258,Gt/yr,haas2020,observed
1908,use_energy,biomass,4.615537895,Gt/yr,haas2020,observed
1909,use_energy,biomass,4.663837532,Gt/yr,haas2020,observed
1910,use_energy,biomass,4.712137169,Gt/yr,haas2020,observed
1911,use_energy,biomass,4.772048185,Gt/yr,haas2020,observed
1912,use_energy,biomass,4.831959202,Gt/yr,haas2020,observed
1913,use_energy,biomass,4.891870219,Gt/yr,haas2020,observed
1914,use_energy,biomass,4.951781236,Gt/yr,haas2020,observed
1915,use_energy,biomass,5.011692253,Gt/yr,haas2020,observed
1916,use_energy,biomass,5.07160327,Gt/yr,haas2020,observed
1917,use_energy,biomass,5.131514287,Gt/yr,haas2020,observed
1918,use_energy,biomass,5.191425304,Gt/yr,haas2020,observed
1919,use_energy,biomass,5.251336321,Gt/yr,haas2020,observed
1920,use_energy,biomass,5.311247338,Gt/yr,haas2020,observed
1921,use_energy,biomass,5.371158355,Gt/yr,haas2020,observed
1922,use_energy,biomass,5.431069372,Gt/yr,haas2020,observed
1923,use_energy,biomass,5.490980389,Gt/yr,haas2020,observed
1924,use_energy,biomass,5.550891406,Gt/yr,haas2020,observed
1925,use_energy,biomass,5.610802423,Gt/yr,haas2020,observed
1926,use_energy,biomass,5.67071344,Gt/yr,haas2020,observed
1927,use_energy,biomass,5.730624457,Gt/yr,haas2020,observed
1928,use_energy,biomass,5.790535474,Gt/yr,haas2020,observed
1929,use_energy,biomass,5.850446491,Gt/yr,haas2020,observed
1930,use_energy,biomass,5.910357508,Gt/yr,haas2020,observed
1931,use_energy,biomass,5.938715207,Gt/yr,haas2020,observed
1932,use_energy,biomass,5.967072906,Gt/yr,haas2020,observed
1933,use_energy,biomass,5.995430605,Gt/yr,haas2020,observed
1934,use_energy,biomass,6.023788305,Gt/yr,haas2020,observed
1935,use_energy,biomass,6.052146004,Gt/yr,haas2020,observed
1936,use_energy,biomass,6.080503703,Gt/yr,haas2020,observed
1937,use_energy,biomass,6.108861402,Gt/yr,haas2020,observed
1938,use_energy,biomass,6.137219101,Gt/yr,haas2020,observed
1939,use_energy,biomass,6.1655768,Gt/yr,haas2020,observed
1940,use_energy,biomass,6.193934499,Gt/yr,haas2020,observed
1941,use_energy,biomass,6.222292199,Gt/yr,haas2020,observed
1942,use_energy,biomass,6.250649898,Gt/yr,haas2020,observed
1943,use_energy,biomass,6.279007597,Gt/yr,haas2020,observed
1944,use_energy,biomass,6.307365296,Gt/yr,haas2020,observed
1945,use_energy,biomass,6.335722995,Gt/yr,haas2020,observed
1946,use_energy,biomass,6.364080694,Gt/yr,haas2020,observed
1947,use_energy,biomass,6.392438394,Gt/yr,haas2020,observed
1948,use_energy,biomass,6.420796093,Gt/yr,haas2020,observed
1949,use_energy,biomass,6.449153792,Gt/yr,haas2020,observed
1950,use_energy,biomass,6.477511491,Gt/yr,haas2020,observed
1951,use_energy,biomass,6.560628501,Gt/yr,haas2020,observed
1952,use_energy,biomass,6.64374551,Gt/yr,haas2020,observed
1953,use_energy,biomass,6.72686252,Gt/yr,haas2020,observed
1954,use_energy,biomass,6.809979529,Gt/yr,haas2020,observed
1955,use_energy,biomass,6.893096539,Gt/yr,haas2020,observed
1956,use_energy,biomass,6.976213548,Gt/yr,haas2020,observed
1957,use_energy,biomass,7.059330558,Gt/yr,haas2020,observed
1958,use_energy,biomass,7.142447567,Gt/yr,haas2020,observed
1959,use_energy,biomass,7.225564577,Gt/yr,haas2020,observed
1960,use_energy,biomass,7.308681587,Gt/yr,haas2020,observed
1961,use_energy,biomass,7.395464154,Gt/yr,haas2020,observed
1962,use_energy,biomass,7.502119006,Gt/yr,haas2020,observed
1963,use_energy,biomass,7.601138599,Gt/yr,haas2020,observed
1964,use_energy,biomass,7.919777592,Gt/yr,haas2020,observed
1965,use_energy,biomass,8.091504889,Gt/yr,haas2020,observed
1966,use_energy,biomass,8.394728392,Gt/yr,haas2020,observed
1967,use_energy,biomass,8.616923492,Gt/yr,haas2020,observed
1968,use_energy,biomass,8.813303176,Gt/yr,haas2020,observed
1969,use_energy,biomass,8.921014266,Gt/yr,haas2020,observed
1970,use_energy,biomass,9.157389972,Gt/yr,haas2020,observed
1971,use_energy,biomass,9.378242495,Gt/yr,haas2020,observed
1972,use_energy,biomass,9.441394659,Gt/yr,haas2020,observed
1973,use_energy,biomass,9.796440858,Gt/yr,haas2020,observed
1974,use_energy,biomass,9.947438586,Gt/yr,haas2020,observed
1975,use_energy,biomass,10.01644756,Gt/yr,haas2020,observed
1976,use_energy,biomass,10.29424795,Gt/yr,haas2020,observed
1977,use_energy,biomass,10.41312287,Gt/yr,haas2020,observed
1978,use_energy,biomass,10.63764858,Gt/yr,haas2020,observed
1979,use_energy,biomass,10.69542772,Gt/yr,haas2020,observed
1980,use_energy,biomass,10.7085242,Gt/yr,haas2020,observed
1981,use_energy,biomass,10.99255387,Gt/yr,haas2020,observed
1982,use_energy,biomass,11.26633581,Gt/yr,haas2020,observed
1983,use_energy,biomass,11.25401723,Gt/yr,haas2020,observed
1984,use_energy,biomass,11.5753229,Gt/yr,haas2020,observed
1985,use_energy,biomass,11.70001726,Gt/yr,haas2020,observed
1986,use_energy,biomass,11.85180525,Gt/yr,haas2020,observed
1987,use_energy,biomass,11.93878313,Gt/yr,haas2020,observed
1988,use_energy,biomass,11.99559094,Gt/yr,haas2020,observed
1989,use_energy,biomass,12.35092184,Gt/yr,haas2020,observed
1990,use_energy,biomass,12.5915496,Gt/yr,haas2020,observed
1991,use_energy,biomass,12.58511705,Gt/yr,haas2020,observed
1992,use_energy,biomass,12.73289513,Gt/yr,haas2020,observed
1993,use_energy,biomass,12.58674474,Gt/yr,haas2020,observed
1994,use_energy,biomass,12.72308139,Gt/yr,haas2020,observed
1995,use_energy,biomass,12.83416687,Gt/yr,haas2020,observed
1996,use_energy,biomass,13.13952499,Gt/yr,haas2020,observed
1997,use_energy,biomass,13.1690194,Gt/yr,haas2020,observed
1998,use_energy,biomass,13.21431329,Gt/yr,haas2020,observed
1999,use_energy,biomass,13.43212443,Gt/yr,haas2020,observed
2000,use_energy,biomass,13.54745994,Gt/yr,haas2020,observed
2001,use_energy,biomass,13.63876857,Gt/yr,haas2020,observed
2002,use_energy,biomass,13.82093489,Gt/yr,haas2020,observed
2003,use_energy,biomass,13.99826394,Gt/yr,haas2020,observed
2004,use_energy,biomass,14.4258819,Gt/yr,haas2020,observed
2005,use_energy,biomass,14.61106586,Gt/yr,haas2020,observed
2006,use_energy,biomass,14.86763858,Gt/yr,haas2020,observed
2007,use_energy,biomass,15.30581624,Gt/yr,haas2020,observed
2008,use_energy,biomass,15.71793884,Gt/yr,haas2020,observed
2009,use_energy,biomass,15.70711117,Gt/yr,haas2020,observed
2010,use_energy,biomass,15.89786496,Gt/yr,haas2020,observed
2011,use_energy,biomass,16.19460044,Gt/yr,haas2020,observed
2012,use_energy,biomass,16.31883812,Gt/yr,haas2020,observed
2013,use_energy,biomass,16.66931331,Gt/yr,haas2020,observed
2014,use_energy,biomass,16.77564062,Gt/yr,haas2020,observed
2015,use_energy,biomass,16.82957006,Gt/yr,haas2020,observed
1900,use_energy,fossil,0.9641128141,Gt/yr,haas2020,observed
1901,use_energy,fossil,0.9909973375,Gt/yr,haas2020,observed
1902,use_energy,fossil,1.01288551,Gt/yr,haas2020,observed
1903,use_energy,fossil,1.110356499,Gt/yr,haas2020,observed
1904,use_energy,fossil,1.121214035,Gt/yr,haas2020,observed
1905,use_energy,fossil,1.184363863,Gt/yr,haas2020,observed
1906,use_energy,fossil,1.276182033,Gt/yr,haas2020,observed
1907,use_energy,fossil,1.412286301,Gt/yr,haas2020,observed
1908,use_energy,fossil,1.343901003,Gt/yr,haas2020,observed
1909,use_energy,fossil,1.402564983,Gt/yr,haas2020,observed
1910,use_energy,fossil,1.467301769,Gt/yr,haas2020,observed
1911,use_energy,fossil,1.497659661,Gt/yr,haas2020,observed
1912,use_energy,fossil,1.5781727,Gt/yr,haas2020,observed
1913,use_energy,fossil,1.692223343,Gt/yr,haas2020,observed
1914,use_energy,fossil,1.522174878,Gt/yr,haas2020,observed
1915,use_energy,fossil,1.506694229,Gt/yr,haas2020,observed
1916,use_energy,fossil,1.622151772,Gt/yr,haas2020,observed
1917,use_energy,fossil,1.711987279,Gt/yr,haas2020,observed
1918,use_energy,fossil,1.686653201,Gt/yr,haas2020,observed
1919,use_energy,fossil,1.487951771,Gt/yr,haas2020,observed
1920,use_energy,fossil,1.713088074,Gt/yr,haas2020,observed
1921,use_energy,fossil,1.465377829,Gt/yr,haas2020,observed
1922,use_energy,fossil,1.566256167,Gt/yr,haas2020,observed
1923,use_energy,fossil,1.779902165,Gt/yr,haas2020,observed
1924,use_energy,fossil,1.761653528,Gt/yr,haas2020,observed
1925,use_energy,fossil,1.771138231,Gt/yr,haas2020,observed
1926,use_energy,fossil,1.767718093,Gt/yr,haas2020,observed
1927,use_energy,fossil,1.885342748,Gt/yr,haas2020,observed
1928,use_energy,fossil,2.047300502,Gt/yr,haas2020,observed
1929,use_energy,fossil,2.040256954,Gt/yr,haas2020,observed
1930,use_energy,fossil,1.877505502,Gt/yr,haas2020,observed
1931,use_energy,fossil,1.673291507,Gt/yr,haas2020,observed
1932,use_energy,fossil,1.503150392,Gt/yr,haas2020,observed
1933,use_energy,fossil,1.580674455,Gt/yr,haas2020,observed
1934,use_energy,fossil,1.725992523,Gt/yr,haas2020,observed
1935,use_energy,fossil,1.816604936,Gt/yr,haas2020,observed
1936,use_energy,fossil,1.991650546,Gt/yr,haas2020,observed
1937,use_energy,fossil,2.12240938,Gt/yr,haas2020,observed
1938,use_energy,fossil,1.941633595,Gt/yr,haas2020,observed
1939,use_energy,fossil,2.130995503,Gt/yr,haas2020,observed
1940,use_energy,fossil,2.341711052,Gt/yr,haas2020,observed
1941,use_energy,fossil,2.417998458,Gt/yr,haas2020,observed
1942,use_energy,fossil,2.441068882,Gt/yr,haas2020,observed
1943,use_energy,fossil,2.512694654,Gt/yr,haas2020,observed
1944,use_energy,fossil,2.494977897,Gt/yr,haas2020,observed
1945,use_energy,fossil,2.031340048,Gt/yr,haas2020,observed
1946,use_energy,fossil,2.170305141,Gt/yr,haas2020,observed
1947,use_energy,fossil,2.43747736,Gt/yr,haas2020,observed
1948,use_energy,fossil,2.558598634,Gt/yr,haas2020,observed
1949,use_energy,fossil,2.472302495,Gt/yr,haas2020,observed
1950,use_energy,fossil,2.702843674,Gt/yr,haas2020,observed
1951,use_energy,fossil,2.88180034,Gt/yr,haas2020,observed
1952,use_energy,fossil,2.927573701,Gt/yr,haas2020,observed
1953,use_energy,fossil,2.970369918,Gt/yr,haas2020,observed
1954,use_energy,fossil,3.017661127,Gt/yr,haas2020,observed
1955,use_energy,fossil,3.286683119,Gt/yr,haas2020,observed
1956,use_energy,fossil,3.485337816,Gt/yr,haas2020,observed
1957,use_energy,fossil,3.630634469,Gt/yr,haas2020,observed
1958,use_energy,fossil,3.814182236,Gt/yr,haas2020,observed
1959,use_energy,fossil,4.025031733,Gt/yr,haas2020,observed
1960,use_energy,fossil,4.32328619,Gt/yr,haas2020,observed
1961,use_energy,fossil,4.372652846,Gt/yr,haas2020,observed
1962,use_energy,fossil,4.632399198,Gt/yr,haas2020,observed
1963,use_energy,fossil,4.989188885,Gt/yr,haas2020,observed
1964,use_energy,fossil,5.252451907,Gt/yr,haas2020,observed
1965,use_energy,fossil,5.141041821,Gt/yr,haas2020,observed
1966,use_energy,fossil,5.365251691,Gt/yr,haas2020,observed
1967,use_energy,fossil,5.391244732,Gt/yr,haas2020,observed
1968,use_energy,fossil,5.704308905,Gt/yr,haas2020,observed
1969,use_energy,fossil,5.872208192,Gt/yr,haas2020,observed
1970,use_energy,fossil,6.102210398,Gt/yr,haas2020,observed
1971,use_energy,fossil,6.27833488,Gt/yr,haas2020,observed
1972,use_energy,fossil,6.489510201,Gt/yr,haas2020,observed
1973,use_energy,fossil,6.776218089,Gt/yr,haas2020,observed
1974,use_energy,fossil,6.825070564,Gt/yr,haas2020,observed
1975,use_energy,fossil,6.895076583,Gt/yr,haas2020,observed
1976,use_energy,fossil,7.206222173,Gt/yr,haas2020,observed
1977,use_energy,fossil,7.451191366,Gt/yr,haas2020,observed
1978,use_energy,fossil,7.561827442,Gt/yr,haas2020,observed
1979,use_energy,fossil,7.899844074,Gt/yr,haas2020,observed
1980,use_energy,fossil,7.868942667,Gt/yr,haas2020,observed
1981,use_energy,fossil,7.752073156,Gt/yr,haas2020,observed
1982,use_energy,fossil,7.954179602,Gt/yr,haas2020,observed
1983,use_energy,fossil,7.970827255,Gt/yr,haas2020,observed
1984,use_energy,fossil,8.327764795,Gt/yr,haas2020,observed
1985,use_energy,fossil,8.309479166,Gt/yr,haas2020,observed
1986,use_energy,fossil,8.532170524,Gt/yr,haas2020,observed
1987,use_energy,fossil,8.695979853,Gt/yr,haas2020,observed
1988,use_energy,fossil,8.918468764,Gt/yr,haas2020,observed
1989,use_energy,fossil,9.078659469,Gt/yr,haas2020,observed
1990,use_energy,fossil,9.0176572,Gt/yr,haas2020,observed
1991,use_energy,fossil,8.855669027,Gt/yr,haas2020,observed
1992,use_energy,fossil,8.69261607,Gt/yr,haas2020,observed
1993,use_energy,fossil,8.64994442,Gt/yr,haas2020,observed
1994,use_energy,fossil,8.761864628,Gt/yr,haas2020,observed
1995,use_energy,fossil,8.972816416,Gt/yr,haas2020,observed
1996,use_energy,fossil,9.172545522,Gt/yr,haas2020,observed
1997,use_energy,fossil,9.219959698,Gt/yr,haas2020,observed
1998,use_energy,fossil,9.287837197,Gt/yr,haas2020,observed
1999,use_energy,fossil,9.199174858,Gt/yr,haas2020,observed
2000,use_energy,fossil,9.493250777,Gt/yr,haas2020,observed
2001,use_energy,fossil,9.748270849,Gt/yr,haas2020,observed
2002,use_energy,fossil,9.796243646,Gt/yr,haas2020,observed
2003,use_energy,fossil,10.33315235,Gt/yr,haas2020,observed
2004,use_energy,fossil,10.87980136,Gt/yr,haas2020,observed
2005,use_energy,fossil,11.32334522,Gt/yr,haas2020,observed
2006,use_energy,fossil,11.70914164,Gt/yr,haas2020,observed
2007,use_energy,fossil,11.93613088,Gt/yr,haas2020,observed
2008,use_energy,fossil,12.25966643,Gt/yr,haas2020,observed
2009,use_energy,fossil,12.1764721,Gt/yr,haas2020,observed
2010,use_energy,fossil,12.72680164,Gt/yr,haas2020,observed
2011,use_energy,fossil,13.39164647,Gt/yr,haas2020,observed
2012,use_energy,fossil,13.60573191,Gt/yr,haas2020,observed
2013,use_energy,fossil,13.76047582,Gt/yr,haas2020,observed
2014,use_energy,fossil,13.79143271,Gt/yr,haas2020,observed
2015,use_energy,fossil,13.76286113,Gt/yr,haas2020,observed
1900,use_energy,metals,0,Gt/yr,haas2020,observed
1901,use_energy,metals,0,Gt/yr,haas2020,observed
1902,use_energy,metals,0,Gt/yr,haas2020,observed
1903,use_energy,metals,0,Gt/yr,haas2020,observed
1904,use_energy,metals,0,Gt/yr,haas2020,observed
1905,use_energy,metals,0,Gt/yr,haas2020,observed
1906,use_energy,metals,0,Gt/yr,haas2020,observed
1907,use_energy,metals,0,Gt/yr,haas2020,observed
1908,use_energy,metals,0,Gt/yr,haas2020,observed
1909,use_energy,metals,0,Gt/yr,haas2020,observed
1910,use_energy,metals,0,Gt/yr,haas2020,observed
1911,use_energy,metals,0,Gt/yr,haas2020,observed
1912,use_energy,metals,0,Gt/yr,haas2020,observed
1913,use_energy,metals,0,Gt/yr,haas2020,observed
1914,use_energy,metals,0,Gt/yr,haas2020,observed
1915,use_energy,metals,0,Gt/yr,haas2020,observed
1916,use_energy,metals,0,Gt/yr,haas2020,observed
1917,use_energy,metals,0,Gt/yr,haas2020,observed
1918,use_energy,metals,0,Gt/yr,haas2020,observed
1919,use_energy,metals,0,Gt/yr,haas2020,observed
1920,use_energy,metals,0,Gt/yr,haas2020,observed
1921,use_energy,metals,0,Gt/yr,haas2020,observed
1922,use_energy,metals,0,Gt/yr,haas2020,observed
1923,use_energy,metals,0,Gt/yr,haas2020,observed
1924,use_energy,metals,0,Gt/yr,haas2020,observed
1925,use_energy,metals,0,Gt/yr,haas2020,observed
1926,use_energy,metals,0,Gt/yr,haas2020,observed
1927,use_energy,metals,0,Gt/yr,haas2020,observed
1928,use_energy,metals,0,Gt/yr,haas2020,observed
1929,use_energy,metals,0,Gt/yr,haas2020,observed
1930,use_energy,metals,0,Gt/yr,haas2020,observed
1931,use_energy,metals,0,Gt/yr,haas2020,observed
1932,use_energy,metals,0,Gt/yr,haas2020,observed
1933,use_energy,metals,0,Gt/yr,haas2020,observed
1934,use_energy,metals,0,Gt/yr,haas2020,observed
1935,use_energy,metals,0,Gt/yr,haas2020,observed
1936,use_energy,metals,0,Gt/yr,haas2020,observed
1937,use_energy,metals,0,Gt/yr,haas2020,observed
1938,use_energy,metals,0,Gt/yr,haas2020,observed
1939,use_energy,metals,0,Gt/yr,haas2020,observed
1940,use_energy,metals,0,Gt/yr,haas2020,observed
1941,use_energy,metals,0,Gt/yr,haas2020,observed
1942,use_energy,metals,0,Gt/yr,haas2020,observed
1943,use_energy,metals,0,Gt/yr,haas2020,observed
1944,use_energy,metals,0,Gt/yr,haas2020,observed
1945,use_energy,metals,0,Gt/yr,haas2020,observed
1946,use_energy,metals,0,Gt/yr,haas2020,observed
1947,use_energy,metals,0,Gt/yr,haas2020,observed
1948,use_energy,metals,0,Gt/yr,haas2020,observed
1949,use_energy,metals,0,Gt/yr,haas2020,observed
1950,use_energy,metals,0,Gt/yr,haas2020,observed
1951,use_energy,metals,0,Gt/yr,haas2020,observed
1952,use_energy,metals,0,Gt/yr,haas2020,observed
1953,use_energy,metals,0,Gt/yr,haas2020,observed
1954,use_energy,metals,0,Gt/yr,haas2020,observed
1955,use_energy,metals,0,Gt/yr,haas2020,observed
1956,use_energy,metals,0,Gt/yr,haas2020,observed
1957,use_energy,metals,0,Gt/yr,haas2020,observed
1958,use_energy,metals,0,Gt/yr,haas2020,observed
1959,use_energy,metals,0,Gt/yr,haas2020,observed
1960,use_energy,metals,0,Gt/yr,haas2020,observed
1961,use_energy,metals,0,Gt/yr,haas2020,observed
1962,use_energy,metals,0,Gt/yr,haas2020,observed
1963,use_energy,metals,0,Gt/yr,haas2020,observed
1964,use_energy,metals,0,Gt/yr,haas2020,observed
1965,use_energy,metals,0,Gt/yr,haas2020,observed
1966,use_energy,metals,0,Gt/yr,haas2020,observed
1967,use_energy,metals,0,Gt/yr,haas2020,observed
1968,use_energy,metals,0,Gt/yr,haas2020,observed
1969,use_energy,metals,0,Gt/yr,haas2020,observed
1970,use_energy,metals,0,Gt/yr,haas2020,observed
1971,use_energy,metals,0,Gt/yr,haas2020,observed
1972,use_energy,metals,0,Gt/yr,haas2020,observed
1973,use_energy,metals,0,Gt/yr,haas2020,observed
1974,use_energy,metals,0,Gt/yr,haas2020,observed
1975,use_energy,metals,0,Gt/yr,haas2020,observed
1976,use_energy,metals,0,Gt/yr,haas2020,observed
1977,use_energy,metals,0,Gt/yr,haas2020,observed
1978,use_energy,metals,0,Gt/yr,haas2020,observed
1979,use_energy,metals,0,Gt/yr,haas2020,observed
1980,use_energy,metals,0,Gt/yr,haas2020,observed
1981,use_energy,metals,0,Gt/yr,haas2020,observed
1982,use_energy,metals,0,Gt/yr,haas2020,observed
1983,use_energy,metals,0,Gt/yr,haas2020,observed
1984,use_energy,metals,0,Gt/yr,haas2020,observed
1985,use_energy,metals,0,Gt/yr,haas2020,observed
1986,use_energy,metals,0,Gt/yr,haas2020,observed
1987,use_energy,metals,0,Gt/yr,haas2020,observed
1988,use_energy,metals,0,Gt/yr,haas2020,observed
1989,use_energy,metals,0,Gt/yr,haas2020,observed
1990,use_energy,metals,0,Gt/yr,haas2020,observed
1991,use_energy,metals,0,Gt/yr,haas2020,observed
1992,use_energy,metals,0,Gt/yr,haas2020,observed
1993,use_energy,metals,0,Gt/yr,haas2020,observed
1994,use_energy,metals,0,Gt/yr,haas2020,observed
1995,use_energy,metals,0,Gt/yr,haas2020,observed
1996,use_energy,metals,0,Gt/yr,haas2020,observed
1997,use_energy,metals,0,Gt/yr,haas2020,observed
1998,use_energy,metals,0,Gt/yr,haas2020,observed
1999,use_energy,metals,0,Gt/yr,haas2020,observed
2000,use_energy,metals,0,Gt/yr,haas2020,observed
2001,use_energy,metals,0,Gt/yr,haas2020,observed
2002,use_energy,metals,0,Gt/yr,haas2020,observed
2003,use_energy,metals,0,Gt/yr,haas2020,observed
2004,use_energy,metals,0,Gt/yr,haas2020,observed
2005,use_energy,metals,0,Gt/yr,haas2020,observed
2006,use_energy,metals,0,Gt/yr,haas2020,observed
2007,use_energy,metals,0,Gt/yr,haas2020,observed
2008,use_energy,metals,0,Gt/yr,haas2020,observed
2009,use_energy,metals,0,Gt/yr,haas2020,observed
2010,use_energy,metals,0,Gt/yr,haas2020,observed
2011,use_energy,metals,0,Gt/yr,haas2020,observed
2012,use_energy,metals,0,Gt/yr,haas2020,observed
2013,use_energy,metals,0,Gt/yr,haas2020,observed
2014,use_energy,metals,0,Gt/yr,haas2020,observed
2015,use_energy,metals,0,Gt/yr,haas2020,observed
1900,use_energy,non_metallic_minerals,0,Gt/yr,haas2020,observed
1901,use_energy,non_metallic_minerals,0,Gt/yr,haas2020,observed
1902,use_energy,non_metallic_minerals,0,Gt/yr,haas2020,observed
1903,use_energy,non_metallic_minerals,0,Gt/yr,haas2020,observed
1904,use_energy,non_metallic_minerals,0,Gt/yr,haas2020,observed
1905,use_energy,non_metallic_minerals,0,Gt/yr,haas2020,observed
1906,use_energy,non_metallic_minerals,0,Gt/yr,haas2020,observed
1907,use_energy,non_metallic_minerals,0,Gt/yr,haas2020,observed
1908,use_energy,non_metallic_minerals,0,Gt/yr,haas2020,observed
1909,use_energy,non_metallic_minerals,0,Gt/yr,haas2020,observed
1910,use_energy,non_metallic_minerals,0,Gt/yr,haas2020,observed
1911,use_energy,non_metallic_minerals,0,Gt/yr,haas2020,observed
1912,use_energy,non_metallic_minerals,0,Gt/yr,haas2020,observed
1913,use_energy,non_metallic_minerals,0,Gt/yr,haas2020,observed
1914,use_energy,non_metallic_minerals,0,Gt/yr,haas2020,observed
1915,use_energy,non_metallic_minerals,0,Gt/yr,haas2020,observed
1916,use_energy,non_metallic_minerals,0,Gt/yr,haas2020,observed
1917,use_energy,non_metallic_minerals,0,Gt/yr,haas2020,observed
1918,use_energy,non_metallic_minerals,0,Gt/yr,haas2020,observed
1919,use_energy,non_metallic_minerals,0,Gt/yr,haas2020,observed
1920,use_energy,non_metallic_minerals,0,Gt/yr,haas2020,observed
1921,use_energy,non_metallic_minerals,0,Gt/yr,haas2020,observed
1922,use_energy,non_metallic_minerals,0,Gt/yr,haas2020,observed
1923,use_energy,non_metallic_minerals,0,Gt/yr,haas2020,observed
1924,use_energy,non_metallic_minerals,0,Gt/yr,haas2020,observed
1925,use_energy,non_metallic_minerals,0,Gt/yr,haas2020,observed
1926,use_energy,non_metallic_minerals,0,Gt/yr,haas2020,observed
1927,use_energy,non_metallic_minerals,0,Gt/yr,haas2020,observed
1928,use_energy,non_metallic_minerals,0,Gt/yr,haas2020,observed
1929,use_energy,non_metallic_minerals,0,Gt/yr,haas2020,observed
1930,use_energy,non_metallic_minerals,0,Gt/yr,haas2020,observed
1931,use_energy,non_metallic_minerals,0,Gt/yr,haas2020,observed
1932,use_energy,non_metallic_minerals,0,Gt/yr,haas2020,observed
1933,use_energy,non_metallic_minerals,0,Gt/yr,haas2020,observed
1934,use_energy,non_metallic_minerals,0,Gt/yr,haas2020,observed
1935,use_energy,non_metallic_minerals,0,Gt/yr,haas2020,observed
1936,use_energy,non_metallic_minerals,0,Gt/yr,haas2020,observed
1937,use_energy,non_metallic_minerals,0,Gt/yr,haas2020,observed
1938,use_energy,non_metallic_minerals,0,Gt/yr,haas2020,observed
1939,use_energy,non_metallic_minerals,0,Gt/yr,haas2020,observed
1940,use_energy,non_metallic_minerals,0,Gt/yr,haas2020,observed
1941,use_energy,non_metallic_minerals,0,Gt/yr,haas2020,observed
1942,use_energy,non_metallic_minerals,0,Gt/yr,haas2020,observed
1943,use_energy,non_metallic_minerals,0,Gt/yr,haas2020,observed
1944,use_energy,non_metallic_minerals,0,Gt/yr,haas2020,observed
1945,use_energy,non_metallic_minerals,0,Gt/yr,haas2020,observed
1946,use_energy,non_metallic_minerals,0,Gt/yr,haas2020,observed
1947,use_energy,non_metallic_minerals,0,Gt/yr,haas2020,observed
1948,use_energy,non_metallic_minerals,0,Gt/yr,haas2020,observed
1949,use_energy,non_metallic_minerals,0,Gt/yr,haas2020,observed
1950,use_energy,non_metallic_minerals,0,Gt/yr,haas2020,observed
1951,use_energy,non_metallic_minerals,0,Gt/yr,haas2020,observed
1952,use_energy,non_metallic_minerals,0,Gt/yr,haas2020,observed
1953,use_energy,non_metallic_minerals,0,Gt/yr,haas2020,observed
1954,use_energy,non_metallic_minerals,0,Gt/yr,haas2020,observed
1955,use_energy,non_metallic_minerals,0,Gt/yr,haas2020,observed
1956,use_energy,non_metallic_minerals,0,Gt/yr,haas2020,observed
1957,use_energy,non_metallic_minerals,0,Gt/yr,haas2020,observed
1958,use_energy,non_metallic_minerals,0,Gt/yr,haas2020,observed
1959,use_energy,non_metallic_minerals,0,Gt/yr,haas2020,observed
1960,use_energy,non_metallic_minerals,0,Gt/yr,haas2020,observed
1961,use_energy,non_metallic_minerals,0,Gt/yr,haas2020,observed
1962,use_energy,non_metallic_minerals,0,Gt/yr,haas2020,observed
1963,use_energy,non_metallic_minerals,0,Gt/yr,haas2020,observed
1964,use_energy,non_metallic_minerals,0,Gt/yr,haas2020,observed
1965,use_energy,non_metallic_minerals,0,Gt/yr,haas2020,observed
1966,use_energy,non_metallic_minerals,0,Gt/yr,haas2020,observed
1967,use_energy,non_metallic_minerals,0,Gt/yr,haas2020,observed
1968,use_energy,non_metallic_minerals,0,Gt/yr,haas2020,observed
1969,use_energy,non_metallic_minerals,0,Gt/yr,haas2020,observed
1970,use_energy,non_metallic_minerals,0,Gt/yr,haas2020,observed
1971,use_energy,non_metallic_minerals,0,Gt/yr,haas2020,observed
1972,use_energy,non_metallic_minerals,0,Gt/yr,haas2020,observed
1973,use_energy,non_metallic_minerals,0,Gt/yr,haas2020,observed
1974,use_energy,non_metallic_minerals,0,Gt/yr,haas2020,observed
1975,use_energy,non_metallic_minerals,0,Gt/yr,haas2020,observed
1976,use_energy,non_metallic_minerals,0,Gt/yr,haas2020,observed
1977,use_energy,non_metallic_minerals,0,Gt/yr,haas2020,observed
1978,use_energy,non_metallic_minerals,0,Gt/yr,haas2020,observed
1979,use_energy,non_metallic_minerals,0,Gt/yr,haas2020,observed
1980,use_energy,non_metallic_minerals,0,Gt/yr,haas2020,observed
1981,use_energy,non_metallic_minerals,0,Gt/yr,haas2020,observed
1982,use_energy,non_metallic_minerals,0,Gt/yr,haas2020,observed
1983,use_energy,non_metallic_minerals,0,Gt/yr,haas2020,observed
1984,use_energy,non_metallic_minerals,0,Gt/yr,haas2020,observed
1985,use_energy,non_metallic_minerals,0,Gt/yr,haas2020,observed
1986,use_energy,non_metallic_minerals,0,Gt/yr,haas2020,observed
1987,use_energy,non_metallic_minerals,0,Gt/yr,haas2020,observed
1988,use_energy,non_metallic_minerals,0,Gt/yr,haas2020,observed
1989,use_energy,non_metallic_minerals,0,Gt/yr,haas2020,observed
1990,use_energy,non_metallic_minerals,0,Gt/yr,haas2020,observed
1991,use_energy,non_metallic_minerals,0,Gt/yr,haas2020,observed
1992,use_energy,non_metallic_minerals,0,Gt/yr,haas2020,observed
1993,use_energy,non_metallic_minerals,0,Gt/yr,haas2020,observed
1994,use_energy,non_metallic_minerals,0,Gt/yr,haas2020,observed
1995,use_energy,non_metallic_minerals,0,Gt/yr,haas2020,observed
1996,use_energy,non_metallic_minerals,0,Gt/yr,haas2020,observed
1997,use_energy,non_metallic_minerals,0,Gt/yr,haas2020,observed
1998,use_energy,non_metallic_minerals,0,Gt/yr,haas2020,observed
1999,use_energy,non_metallic_minerals,0,Gt/yr,haas2020,observed
2000,use_energy,non_metallic_minerals,0,Gt/yr,haas2020,observed
2001,use_energy,non_metallic_minerals,0,Gt/yr,haas2020,observed
2002,use_energy,non_metallic_minerals,0,Gt/yr,haas2020,observed
2003,use_energy,non_metallic_minerals,0,Gt/yr,haas2020,observed
2004,use_energy,non_metallic_minerals,0,Gt/yr,haas2020,observed
2005,use_energy,non_metallic_minerals,0,Gt/yr,haas2020,observed
2006,use_energy,non_metallic_minerals,0,Gt/yr,haas2020,observed
2007,use_energy,non_metallic_minerals,0,Gt/yr,haas2020,observed
2008,use_energy,non_metallic_minerals,0,Gt/yr,haas2020,observed
2009,use_energy,non_metallic_minerals,0,Gt/yr,haas2020,observed
2010,use_energy,non_metallic_minerals,0,Gt/yr,haas2020,observed
2011,use_energy,non_metallic_minerals,0,Gt/yr,haas2020,observed
2012,use_energy,non_metallic_minerals,0,Gt/yr,haas2020,observed
2013,use_energy,non_metallic_minerals,0,Gt/yr,haas2020,observed
2014,use_energy,non_metallic_minerals,0,Gt/yr,haas2020,observed
2015,use_energy,non_metallic_minerals,0,Gt/yr,haas2020,observed
1900,use_material,biomass,1.050943745,Gt/yr,haas2020,observed
1901,use_material,biomass,1.06321867,Gt/yr,haas2020,observed
1902,use_material,biomass,1.075471235,Gt/yr,haas2020,observed
1903,use_material,biomass,1.087702005,Gt/yr,haas2020,observed
1904,use_material,biomass,1.099961637,Gt/yr,haas2020,observed
1905,use_material,biomass,1.112238884,Gt/yr,haas2020,observed
1906,use_material,biomass,1.124482,Gt/yr,haas2020,observed
1907,use_material,biomass,1.136756026,Gt/yr,haas2020,observed
1908,use_material,biomass,1.149039201,Gt/yr,haas2020,observed
1909,use_material,biomass,1.161327099,Gt/yr,haas2020,observed
1910,use_material,biomass,1.173563544,Gt/yr,haas2020,observed
1911,use_material,biomass,1.184830434,Gt/yr,haas2020,observed
1912,use_material,biomass,1.196060973,Gt/yr,haas2020,observed
1913,use_material,biomass,1.207352474,Gt/yr,haas2020,observed
1914,use_material,biomass,1.218621357,Gt/yr,haas2020,observed
1915,use_material,biomass,1.229879156,Gt/yr,haas2020,observed
1916,use_material,biomass,1.241224745,Gt/yr,haas2020,observed
1917,use_material,biomass,1.252440631,Gt/yr,haas2020,observed
1918,use_material,biomass,1.263681729,Gt/yr,haas2020,observed
1919,use_material,biomass,1.275018361,Gt/yr,haas2020,observed
1920,use_material,biomass,1.286245836,Gt/yr,haas2020,observed
1921,use_material,biomass,1.297552781,Gt/yr,haas2020,observed
1922,use_material,biomass,1.308767595,Gt/yr,haas2020,observed
1923,use_material,biomass,1.32010513,Gt/yr,haas2020,observed
1924,use_material,biomass,1.331384809,Gt/yr,haas2020,observed
1925,use_material,biomass,1.342650678,Gt/yr,haas2020,observed
1926,use_material,biomass,1.353906602,Gt/yr,haas2020,observed
1927,use_material,biomass,1.365185125,Gt/yr,haas2020,observed
1928,use_material,biomass,1.376454524,Gt/yr,haas2020,observed
1929,use_material,biomass,1.387735253,Gt/yr,haas2020,observed
1930,use_material,biomass,1.399007087,Gt/yr,haas2020,observed
1931,use_material,biomass,1.415481427,Gt/yr,haas2020,observed
1932,use_material,biomass,1.431919495,Gt/yr,haas2020,observed
1933,use_material,biomass,1.448464334,Gt/yr,haas2020,observed
1934,use_material,biomass,1.464965842,Gt/yr,haas2020,observed
1935,use_material,biomass,1.481387633,Gt/yr,haas2020,observed
1936,use_material,biomass,1.497919505,Gt/yr,haas2020,observed
1937,use_material,biomass,1.514367888,Gt/yr,haas2020,observed
1938,use_material,biomass,1.530784196,Gt/yr,haas2020,observed
1939,use_material,biomass,1.547345134,Gt/yr,haas2020,observed
1940,use_material,biomass,1.563913978,Gt/yr,haas2020,observed
1941,use_material,biomass,1.580352335,Gt/yr,haas2020,observed
1942,use_material,biomass,1.596820956,Gt/yr,haas2020,observed
1943,use_material,biomass,1.613349649,Gt/yr,haas2020,observed
1944,use_material,biomass,1.62982134,Gt/yr,haas2020,observed
1945,use_material,biomass,1.646342604,Gt/yr,haas2020,observed
1946,use_material,biomass,1.662750025,Gt/yr,haas2020,observed
1947,use_material,biomass,1.679218582,Gt/yr,haas2020,observed
1948,use_material,biomass,1.695769895,Gt/yr,haas2020,observed
1949,use_material,biomass,1.712220458,Gt/yr,haas2020,observed
1950,use_material,biomass,1.7287856,Gt/yr,haas2020,observed
1951,use_material,biomass,1.762181365,Gt/yr,haas2020,observed
1952,use_material,biomass,1.79574866,Gt/yr,haas2020,observed
1953,use_material,biomass,1.82925691,Gt/yr,haas2020,observed
1954,use_material,biomass,1.862821682,Gt/yr,haas2020,observed
1955,use_material,biomass,1.896299723,Gt/yr,haas2020,observed
1956,use_material,biomass,1.929887099,Gt/yr,haas2020,observed
1957,use_material,biomass,1.963367678,Gt/yr,haas2020,observed
1958,use_material,biomass,1.996891692,Gt/yr,haas2020,observed
1959,use_material,biomass,2.030366952,Gt/yr,haas2020,observed
1960,use_material,biomass,2.06393329,Gt/yr,haas2020,observed
1961,use_material,biomass,2.093796262,Gt/yr,haas2020,observed
1962,use_material,biomass,2.130014121,Gt/yr,haas2020,observed
1963,use_material,biomass,2.151983849,Gt/yr,haas2020,observed
1964,use_material,biomass,2.217442738,Gt/yr,haas2020,observed
1965,use_material,biomass,2.228059986,Gt/yr,haas2020,observed
1966,use_material,biomass,2.310860599,Gt/yr,haas2020,observed
1967,use_material,biomass,2.384586749,Gt/yr,haas2020,observed
1968,use_material,biomass,2.391249925,Gt/yr,haas2020,observed
1969,use_material,biomass,2.390194418,Gt/yr,haas2020,observed
1970,use_material,biomass,2.44686704,Gt/yr,haas2020,observed
1971,use_material,biomass,2.573371603,Gt/yr,haas2020,observed
1972,use_material,biomass,2.505692585,Gt/yr,haas2020,observed
1973,use_material,biomass,2.631874574,Gt/yr,haas2020,observed
1974,use_material,biomass,2.61212306,Gt/yr,haas2020,observed
1975,use_material,biomass,2.617290952,Gt/yr,haas2020,observed
1976,use_material,biomass,2.71627462,Gt/yr,haas2020,observed
1977,use_material,biomass,2.715386369,Gt/yr,haas2020,observed
1978,use_material,biomass,2.864068918,Gt/yr,haas2020,observed
1979,use_material,biomass,2.868803439,Gt/yr,haas2020,observed
1980,use_material,biomass,2.859833469,Gt/yr,haas2020,observed
1981,use_material,biomass,2.952243566,Gt/yr,haas2020,observed
1982,use_material,biomass,2.974685036,Gt/yr,haas2020,observed
1983,use_material,biomass,2.948729135,Gt/yr,haas2020,observed
1984,use_material,biomass,3.175425551,Gt/yr,haas2020,observed
1985,use_material,biomass,3.260467253,Gt/yr,haas2020,observed
1986,use_material,biomass,3.278914931,Gt/yr,haas2020,observed
1987,use_material,biomass,3.286309445,Gt/yr,haas2020,observed
1988,use_material,biomass,3.293719281,Gt/yr,haas2020,observed
1989,use_material,biomass,3.47266008,Gt/yr,haas2020,observed
1990,use_material,biomass,3.538640967,Gt/yr,haas2020,observed
1991,use_material,biomass,3.443968199,Gt/yr,haas2020,observed
1992,use_material,biomass,3.507432111,Gt/yr,haas2020,observed
1993,use_material,biomass,3.386477553,Gt/yr,haas2020,observed
1994,use_material,biomass,3.490893515,Gt/yr,haas2020,observed
1995,use_material,biomass,3.497684186,Gt/yr,haas2020,observed
1996,use_material,biomass,3.661004926,Gt/yr,haas2020,observed
1997,use_material,biomass,3.705038467,Gt/yr,haas2020,observed
1998,use_material,biomass,3.705832971,Gt/yr,haas2020,observed
1999,use_material,biomass,3.739827779,Gt/yr,haas2020,observed
2000,use_material,biomass,3.73538359,Gt/yr,haas2020,observed
2001,use_material,biomass,3.725297954,Gt/yr,haas2020,observed
2002,use_material,biomass,3.749571391,Gt/yr,haas2020,observed
2003,use_material,biomass,3.890682851,Gt/yr,haas2020,observed
2004,use_material,biomass,4.118712164,Gt/yr,haas2020,observed
2005,use_material,biomass,4.250860807,Gt/yr,haas2020,observed
2006,use_material,biomass,4.347839988,Gt/yr,haas2020,observed
2007,use_material,biomass,4.627643496,Gt/yr,haas2020,observed
2008,use_material,biomass,4.864792006,Gt/yr,haas2020,observed
2009,use_material,biomass,4.909123784,Gt/yr,haas2020,observed
2010,use_material,biomass,5.126550995,Gt/yr,haas2020,observed
2011,use_material,biomass,5.354914237,Gt/yr,haas2020,observed
2012,use_material,biomass,5.429379572,Gt/yr,haas2020,observed
2013,use_material,biomass,5.789604446,Gt/yr,haas2020,observed
2014,use_material,biomass,5.954033222,Gt/yr,haas2020,observed
2015,use_material,biomass,6.060299878,Gt/yr,haas2020,observed
1900,use_material,fossil,0.003332148988,Gt/yr,haas2020,observed
1901,use_material,fossil,0.003558996467,Gt/yr,haas2020,observed
1902,use_material,fossil,0.003743069105,Gt/yr,haas2020,observed
1903,use_material,fossil,0.004039193429,Gt/yr,haas2020,observed
1904,use_material,fossil,0.004288680855,Gt/yr,haas2020,observed
1905,use_material,fossil,0.004428462876,Gt/yr,haas2020,observed
1906,use_material,fossil,0.004582440188,Gt/yr,haas2020,observed
1907,use_material,fossil,0.00533942567,Gt/yr,haas2020,observed
1908,use_material,fossil,0.005420259049,Gt/yr,haas2020,observed
1909,use_material,fossil,0.005641696292,Gt/yr,haas2020,observed
1910,use_material,fossil,0.006043794547,Gt/yr,haas2020,observed
1911,use_material,fossil,0.006329714071,Gt/yr,haas2020,observed
1912,use_material,fossil,0.006543520257,Gt/yr,haas2020,observed
1913,use_material,fossil,0.007146718274,Gt/yr,haas2020,observed
1914,use_material,fossil,0.007040012951,Gt/yr,haas2020,observed
1915,use_material,fossil,0.00732674248,Gt/yr,haas2020,observed
1916,use_material,fossil,0.007760339171,Gt/yr,haas2020,observed
1917,use_material,fossil,0.008433224284,Gt/yr,haas2020,observed
1918,use_material,fossil,0.008303099632,Gt/yr,haas2020,observed
1919,use_material,fossil,0.008488513346,Gt/yr,haas2020,observed
1920,use_material,fossil,0.01031185247,Gt/yr,haas2020,observed
1921,use_material,fossil,0.01064234424,Gt/yr,haas2020,observed
1922,use_material,fossil,0.0118866131,Gt/yr,haas2020,observed
1923,use_material,fossil,0.01397307449,Gt/yr,haas2020,observed
1924,use_material,fossil,0.01405771459,Gt/yr,haas2020,observed
1925,use_material,fossil,0.01460300058,Gt/yr,haas2020,observed
1926,use_material,fossil,0.01499637338,Gt/yr,haas2020,observed
1927,use_material,fossil,0.01703014888,Gt/yr,haas2020,observed
1928,use_material,fossil,0.0179907621,Gt/yr,haas2020,observed
1929,use_material,fossil,0.01981623881,Gt/yr,haas2020,observed
1930,use_material,fossil,0.01886045645,Gt/yr,haas2020,observed
1931,use_material,fossil,0.018106088,Gt/yr,haas2020,observed
1932,use_material,fossil,0.01721254694,Gt/yr,haas2020,observed
1933,use_material,fossil,0.01878727765,Gt/yr,haas2020,observed
1934,use_material,fossil,0.02002553442,Gt/yr,haas2020,observed
1935,use_material,fossil,0.02160578805,Gt/yr,haas2020,observed
1936,use_material,fossil,0.02352600847,Gt/yr,haas2020,observed
1937,use_material,fossil,0.02653699049,Gt/yr,haas2020,observed
1938,use_material,fossil,0.02004100424,Gt/yr,haas2020,observed
1939,use_material,fossil,0.02732880771,Gt/yr,haas2020,observed
1940,use_material,fossil,0.02856920476,Gt/yr,haas2020,observed
1941,use_material,fossil,0.02968271739,Gt/yr,haas2020,observed
1942,use_material,fossil,0.02872270284,Gt/yr,haas2020,observed
1943,use_material,fossil,0.03095309156,Gt/yr,haas2020,observed
1944,use_material,fossil,0.03459523521,Gt/yr,haas2020,observed
1945,use_material,fossil,0.03427690117,Gt/yr,haas2020,observed
1946,use_material,fossil,0.03637339473,Gt/yr,haas2020,observed
1947,use_material,fossil,0.04023755699,Gt/yr,haas2020,observed
1948,use_material,fossil,0.0452945943,Gt/yr,haas2020,observed
1949,use_material,fossil,0.04550361637,Gt/yr,haas2020,observed
1950,use_material,fossil,0.04891773675,Gt/yr,haas2020,observed
1951,use_material,fossil,0.05402117075,Gt/yr,haas2020,observed
1952,use_material,fossil,0.0572186567,Gt/yr,haas2020,observed
1953,use_material,fossil,0.0605831786,Gt/yr,haas2020,observed
1954,use_material,fossil,0.06389403502,Gt/yr,haas2020,observed
1955,use_material,fossil,0.07148785027,Gt/yr,haas2020,observed
1956,use_material,fossil,0.07715559582,Gt/yr,haas2020,observed
1957,use_material,fossil,0.08058828059,Gt/yr,haas2020,observed
1958,use_material,fossil,0.08572780679,Gt/yr,haas2020,observed
1959,use_material,fossil,0.09219389516,Gt/yr,haas2020,observed
1960,use_material,fossil,0.099491036,Gt/yr,haas2020,observed
1961,use_material,fossil,0.1053852139,Gt/yr,haas2020,observed
1962,use_material,fossil,0.1138421548,Gt/yr,haas2020,observed
1963,use_material,fossil,0.1239084702,Gt/yr,haas2020,observed
1964,use_material,fossil,0.1335315384,Gt/yr,haas2020,observed
1965,use_material,fossil,0.1422908889,Gt/yr,haas2020,observed
1966,use_material,fossil,0.1527260062,Gt/yr,haas2020,observed
1967,use_material,fossil,0.1632007827,Gt/yr,haas2020,observed
1968,use_material,fossil,0.1767574123,Gt/yr,haas2020,observed
1969,use_material,fossil,0.191696763,Gt/yr,haas2020,observed
1970,use_material,fossil,0.2071549802,Gt/yr,haas2020,observed
1971,use_material,fossil,0.2344617259,Gt/yr,haas2020,observed
1972,use_material,fossil,0.2573757725,Gt/yr,haas2020,observed
1973,use_material,fossil,0.2844306094,Gt/yr,haas2020,observed
1974,use_material,fossil,0.2840327617,Gt/yr,haas2020,observed
1975,use_material,fossil,0.2769764537,Gt/yr,haas2020,observed
1976,use_material,fossil,0.3004763532,Gt/yr,haas2020,observed
1977,use_material,fossil,0.3216195384,Gt/yr,haas2020,observed
1978,use_material,fossil,0.3534182746,Gt/yr,haas2020,observed
1979,use_material,fossil,0.3703240976,Gt/yr,haas2020,observed
1980,use_material,fossil,0.3585435594,Gt/yr,haas2020,observed
1981,use_material,fossil,0.3588322455,Gt/yr,haas2020,observed
1982,use_material,fossil,0.3464097892,Gt/yr,haas2020,observed
1983,use_material,fossil,0.3573465054,Gt/yr,haas2020,observed
1984,use_material,fossil,0.3750688212,Gt/yr,haas2020,observed
1985,use_material,fossil,0.3983118738,Gt/yr,haas2020,observed
1986,use_material,fossil,0.4221686151,Gt/yr,haas2020,observed
1987,use_material,fossil,0.4466750451,Gt/yr,haas2020,observed
1988,use_material,fossil,0.4729124978,Gt/yr,haas2020,observed
1989,use_material,fossil,0.4838559079,Gt/yr,haas2020,observed
1990,use_material,fossil,0.4848155969,Gt/yr,haas2020,observed
1991,use_material,fossil,0.5010231994,Gt/yr,haas2020,observed
1992,use_material,fossil,0.5099540586,Gt/yr,haas2020,observed
1993,use_material,fossil,0.5000637913,Gt/yr,haas2020,observed
1994,use_material,fossil,0.5155886076,Gt/yr,haas2020,observed
1995,use_material,fossil,0.5357736163,Gt/yr,haas2020,observed
1996,use_material,fossil,0.5542959039,Gt/yr,haas2020,observed
1997,use_material,fossil,0.5811831492,Gt/yr,haas2020,observed
1998,use_material,fossil,0.5790879445,Gt/yr,haas2020,observed
1999,use_material,fossil,0.5937361252,Gt/yr,haas2020,observed
2000,use_material,fossil,0.6211647185,Gt/yr,haas2020,observed
2001,use_material,fossil,0.6283098309,Gt/yr,haas2020,observed
2002,use_material,fossil,0.6480841177,Gt/yr,haas2020,observed
2003,use_material,fossil,0.6711281429,Gt/yr,haas2020,observed
2004,use_material,fossil,0.7146629905,Gt/yr,haas2020,observed
2005,use_material,fossil,0.728919676,Gt/yr,haas2020,observed
2006,use_material,fossil,0.7483869601,Gt/yr,haas2020,observed
2007,use_material,fossil,0.7730876598,Gt/yr,haas2020,observed
2008,use_material,fossil,0.7506074863,Gt/yr,haas2020,observed
2009,use_material,fossil,0.759151502,Gt/yr,haas2020,observed
2010,use_material,fossil,0.7978852673,Gt/yr,haas2020,observed
2011,use_material,fossil,0.8396318796,Gt/yr,haas2020,observed
2012,use_material,fossil,0.8551354703,Gt/yr,haas2020,observed
2013,use_material,fossil,0.8641780848,Gt/yr,haas2020,observed
2014,use_material,fossil,0.8671062354,Gt/yr,haas2020,observed
2015,use_material,fossil,0.8702270152,Gt/yr,haas2020,observed
1900,use_material,metals,0.159191578,Gt/yr,haas2020,observed
1901,use_material,metals,0.1641186326,Gt/yr,haas2020,observed
1902,use_material,metals,0.1686729863,Gt/yr,haas2020,observed
1903,use_material,metals,0.1731059951,Gt/yr,haas2020,observed
1904,use_material,metals,0.1790690997,Gt/yr,haas2020,observed
1905,use_material,metals,0.2053608327,Gt/yr,haas2020,observed
1906,use_material,metals,0.1960098982,Gt/yr,haas2020,observed
1907,use_material,metals,0.2322923466,Gt/yr,haas2020,observed
1908,use_material,metals,0.2160412579,Gt/yr,haas2020,observed
1909,use_material,metals,0.2394798593,Gt/yr,haas2020,observed
1910,use_material,metals,0.2625354639,Gt/yr,haas2020,observed
1911,use_material,metals,0.258966549,Gt/yr,haas2020,observed
1912,use_material,metals,0.2889354088,Gt/yr,haas2020,observed
1913,use_material,metals,0.3220688805,Gt/yr,haas2020,observed
1914,use_material,metals,0.2546336815,Gt/yr,haas2020,observed
1915,use_material,metals,0.2599331649,Gt/yr,haas2020,observed
1916,use_material,metals,0.304241304,Gt/yr,haas2020,observed
1917,use_material,metals,0.311299767,Gt/yr,haas2020,observed
1918,use_material,metals,0.2932570603,Gt/yr,haas2020,observed
1919,use_material,metals,0.245351981,Gt/yr,haas2020,observed
1920,use_material,metals,0.2616137087,Gt/yr,haas2020,observed
1921,use_material,metals,0.1779711806,Gt/yr,haas2020,observed
1922,use_material,metals,0.2372639751,Gt/yr,haas2020,observed
1923,use_material,metals,0.2972602114,Gt/yr,haas2020,observed
1924,use_material,metals,0.3050544846,Gt/yr,haas2020,observed
1925,use_material,metals,0.3427240615,Gt/yr,haas2020,observed
1926,use_material,metals,0.3489536833,Gt/yr,haas2020,observed
1927,use_material,metals,0.3741367627,Gt/yr,haas2020,observed
1928,use_material,metals,0.4000182534,Gt/yr,haas2020,observed
1929,use_material,metals,0.4479585541,Gt/yr,haas2020,observed
1930,use_material,metals,0.400866184,Gt/yr,haas2020,observed
1931,use_material,metals,0.3104109377,Gt/yr,haas2020,observed
1932,use_material,metals,0.215576525,Gt/yr,haas2020,observed
1933,use_material,metals,0.243714277,Gt/yr,haas2020,observed
1934,use_material,metals,0.3092970985,Gt/yr,haas2020,observed
1935,use_material,metals,0.3541876952,Gt/yr,haas2020,observed
1936,use_material,metals,0.4271889353,Gt/yr,haas2020,observed
1937,use_material,metals,0.5265901931,Gt/yr,haas2020,observed
1938,use_material,metals,0.444531435,Gt/yr,haas2020,observed
1939,use_material,metals,0.5012971925,Gt/yr,haas2020,observed
1940,use_material,metals,0.5490427419,Gt/yr,haas2020,observed
1941,use_material,metals,0.5776678595,Gt/yr,haas2020,observed
1942,use_material,metals,0.5594178065,Gt/yr,haas2020,observed
1943,use_material,metals,0.574119416,Gt/yr,haas2020,observed
1944,use_material,metals,0.5040379202,Gt/yr,haas2020,observed
1945,use_material,metals,0.4292423446,Gt/yr,haas2020,observed
1946,use_material,metals,0.3978356334,Gt/yr,haas2020,observed
1947,use_material,metals,0.4739493941,Gt/yr,haas2020,observed
1948,use_material,metals,0.5355105268,Gt/yr,haas2020,observed
1949,use_material,metals,0.5395342671,Gt/yr,haas2020,observed
1950,use_material,metals,0.5927134149,Gt/yr,haas2020,observed
1951,use_material,metals,0.6507246958,Gt/yr,haas2020,observed
1952,use_material,metals,0.6742656388,Gt/yr,haas2020,observed
1953,use_material,metals,0.7373365359,Gt/yr,haas2020,observed
1954,use_material,metals,0.8126608363,Gt/yr,haas2020,observed
1955,use_material,metals,0.8046711719,Gt/yr,haas2020,observed
1956,use_material,metals,0.8590017483,Gt/yr,haas2020,observed
1957,use_material,metals,0.9124785639,Gt/yr,haas2020,observed
1958,use_material,metals,0.842973747,Gt/yr,haas2020,observed
1959,use_material,metals,0.9094898185,Gt/yr,haas2020,observed
1960,use_material,metals,1.047149153,Gt/yr,haas2020,observed
1961,use_material,metals,1.045116366,Gt/yr,haas2020,observed
1962,use_material,metals,1.061228098,Gt/yr,haas2020,observed
1963,use_material,metals,1.087343964,Gt/yr,haas2020,observed
1964,use_material,metals,1.171910639,Gt/yr,haas2020,observed
1965,use_material,metals,1.248490635,Gt/yr,haas2020,observed
1966,use_material,metals,1.280271916,Gt/yr,haas2020,observed
1967,use_material,metals,1.292859655,Gt/yr,haas2020,observed
1968,use_material,metals,1.394969455,Gt/yr,haas2020,observed
1969,use_material,metals,1.478459187,Gt/yr,haas2020,observed
1970,use_material,metals,1.61615784,Gt/yr,haas2020,observed
1971,use_material,metals,1.636663798,Gt/yr,haas2020,observed
1972,use_material,metals,1.673300842,Gt/yr,haas2020,observed
1973,use_material,metals,1.797546249,Gt/yr,haas2020,observed
1974,use_material,metals,1.889107403,Gt/yr,haas2020,observed
1975,use_material,metals,1.897977178,Gt/yr,haas2020,observed
1976,use_material,metals,1.926587523,Gt/yr,haas2020,observed
1977,use_material,metals,1.90689032,Gt/yr,haas2020,observed
1978,use_material,metals,1.937750308,Gt/yr,haas2020,observed
1979,use_material,metals,2.034548543,Gt/yr,haas2020,observed
1980,use_material,metals,2.055445314,Gt/yr,haas2020,observed
1981,use_material,metals,2.049346631,Gt/yr,haas2020,observed
1982,use_material,metals,1.947699687,Gt/yr,haas2020,observed
1983,use_material,metals,1.864907197,Gt/yr,haas2020,observed
1984,use_material,metals,2.03159932,Gt/yr,haas2020,observed
1985,use_material,metals,2.105843193,Gt/yr,haas2020,observed
1986,use_material,metals,2.132767539,Gt/yr,haas2020,observed
1987,use_material,metals,2.238310794,Gt/yr,haas2020,observed
1988,use_material,metals,2.4324532,Gt/yr,haas2020,observed
1989,use_material,metals,2.573024219,Gt/yr,haas2020,observed
1990,use_material,metals,2.584733137,Gt/yr,haas2020,observed
1991,use_material,metals,2.533256195,Gt/yr,haas2020,observed
1992,use_material,metals,2.514705215,Gt/yr,haas2020,observed
1993,use_material,metals,2.532521057,Gt/yr,haas2020,observed
1994,use_material,metals,2.582297748,Gt/yr,haas2020,observed
1995,use_material,metals,2.739910012,Gt/yr,haas2020,observed
1996,use_material,metals,2.846840718,Gt/yr,haas2020,observed
1997,use_material,metals,2.993832709,Gt/yr,haas2020,observed
1998,use_material,metals,3.084034243,Gt/yr,haas2020,observed
1999,use_material,metals,3.142229323,Gt/yr,haas2020,observed
2000,use_material,metals,3.313936424,Gt/yr,haas2020,observed
2001,use_material,metals,3.347577469,Gt/yr,haas2020,observed
2002,use_material,metals,3.408100412,Gt/yr,haas2020,observed
2003,use_material,metals,3.554319577,Gt/yr,haas2020,observed
2004,use_material,metals,3.92880247,Gt/yr,haas2020,observed
2005,use_material,metals,4.230734574,Gt/yr,haas2020,observed
2006,use_material,metals,4.557785034,Gt/yr,haas2020,observed
2007,use_material,metals,4.914737381,Gt/yr,haas2020,observed
2008,use_material,metals,5.164504146,Gt/yr,haas2020,observed
2009,use_material,metals,5.202194283,Gt/yr,haas2020,observed
2010,use_material,metals,5.611283296,Gt/yr,haas2020,observed
2011,use_material,metals,6.151951157,Gt/yr,haas2020,observed
2012,use_material,metals,6.211588107,Gt/yr,haas2020,observed
2013,use_material,metals,6.630052826,Gt/yr,haas2020,observed
2014,use_material,metals,6.808664173,Gt/yr,haas2020,observed
2015,use_material,metals,6.860814928,Gt/yr,haas2020,observed
1900,use_material,non_metallic_minerals,1.155437909,Gt/yr,haas2020,observed
1901,use_material,non_metallic_minerals,1.187001795,Gt/yr,haas2020,observed
1902,use_material,non_metallic_minerals,1.203642918,Gt/yr,haas2020,observed
1903,use_material,non_metallic_minerals,1.234740593,Gt/yr,haas2020,observed
1904,use_material,non_metallic_minerals,1.249752398,Gt/yr,haas2020,observed
1905,use_material,non_metallic_minerals,1.296572747,Gt/yr,haas2020,observed
1906,use_material,non_metallic_minerals,1.322892815,Gt/yr,haas2020,observed
1907,use_material,non_metallic_minerals,1.350633549,Gt/yr,haas2020,observed
1908,use_material,non_metallic_minerals,1.393351463,Gt/yr,haas2020,observed
1909,use_material,non_metallic_minerals,1.434400186,Gt/yr,haas2020,observed
1910,use_material,non_metallic_minerals,1.449291184,Gt/yr,haas2020,observed
1911,use_material,non_metallic_minerals,1.464316391,Gt/yr,haas2020,observed
1912,use_material,non_metallic_minerals,1.490898116,Gt/yr,haas2020,observed
1913,use_material,non_metallic_minerals,1.518416592,Gt/yr,haas2020,observed
1914,use_material,non_metallic_minerals,1.497743882,Gt/yr,haas2020,observed
1915,use_material,non_metallic_minerals,1.471393659,Gt/yr,haas2020,observed
1916,use_material,non_metallic_minerals,1.483822735,Gt/yr,haas2020,observed
1917,use_material,non_metallic_minerals,1.448907595,Gt/yr,haas2020,observed
1918,use_material,non_metallic_minerals,1.471814847,Gt/yr,haas2020,observed
1919,use_material,non_metallic_minerals,1.390330838,Gt/yr,haas2020,observed
1920,use_material,non_metallic_minerals,1.472075539,Gt/yr,haas2020,observed
1921,use_material,non_metallic_minerals,1.479852792,Gt/yr,haas2020,observed
1922,use_material,non_metallic_minerals,1.591950855,Gt/yr,haas2020,observed
1923,use_material,non_metallic_minerals,1.62168445,Gt/yr,haas2020,observed
1924,use_material,non_metallic_minerals,1.741147023,Gt/yr,haas2020,observed
1925,use_material,non_metallic_minerals,1.821423008,Gt/yr,haas2020,observed
1926,use_material,non_metallic_minerals,1.911536221,Gt/yr,haas2020,observed
1927,use_material,non_metallic_minerals,2.004160198,Gt/yr,haas2020,observed
1928,use_material,non_metallic_minerals,2.051451853,Gt/yr,haas2020,observed
1929,use_material,non_metallic_minerals,2.105348341,Gt/yr,haas2020,observed
1930,use_material,non_metallic_minerals,2.098355705,Gt/yr,haas2020,observed
1931,use_material,non_metallic_minerals,2.063000708,Gt/yr,haas2020,observed
1932,use_material,non_metallic_minerals,1.981953358,Gt/yr,haas2020,observed
1933,use_material,non_metallic_minerals,2.000362584,Gt/yr,haas2020,observed
1934,use_material,non_metallic_minerals,2.120637967,Gt/yr,haas2020,observed
1935,use_material,non_metallic_minerals,2.183686364,Gt/yr,haas2020,observed
1936,use_material,non_metallic_minerals,2.242983763,Gt/yr,haas2020,observed
1937,use_material,non_metallic_minerals,2.44901499,Gt/yr,haas2020,observed
1938,use_material,non_metallic_minerals,2.505646788,Gt/yr,haas2020,observed
1939,use_material,non_metallic_minerals,2.585503224,Gt/yr,haas2020,observed
1940,use_material,non_metallic_minerals,2.59022132,Gt/yr,haas2020,observed
1941,use_material,non_metallic_minerals,2.681118175,Gt/yr,haas2020,observed
1942,use_material,non_metallic_minerals,2.647475799,Gt/yr,haas2020,observed
1943,use_material,non_metallic_minerals,2.641490874,Gt/yr,haas2020,observed
1944,use_material,non_metallic_minerals,2.608562154,Gt/yr,haas2020,observed
1945,use_material,non_metallic_minerals,2.598495897,Gt/yr,haas2020,observed
1946,use_material,non_metallic_minerals,2.855575008,Gt/yr,haas2020,observed
1947,use_material,non_metallic_minerals,3.104697958,Gt/yr,haas2020,observed
1948,use_material,non_metallic_minerals,3.335482603,Gt/yr,haas2020,observed
1949,use_material,non_metallic_minerals,3.551631202,Gt/yr,haas2020,observed
1950,use_material,non_metallic_minerals,3.879523683,Gt/yr,haas2020,observed
1951,use_material,non_metallic_minerals,4.169149834,Gt/yr,haas2020,observed
1952,use_material,non_metallic_minerals,4.420332251,Gt/yr,haas2020,observed
1953,use_material,non_metallic_minerals,4.628423028,Gt/yr,haas2020,observed
1954,use_material,non_metallic_minerals,4.929017582,Gt/yr,haas2020,observed
1955,use_material,non_metallic_minerals,5.201003935,Gt/yr,haas2020,observed
1956,use_material,non_metallic_minerals,5.575092456,Gt/yr,haas2020,observed
1957,use_material,non_metallic_minerals,5.820583684,Gt/yr,haas2020,observed
1958,use_material,non_metallic_minerals,6.104836493,Gt/yr,haas2020,observed
1959,use_material,non_metallic_minerals,6.510736924,Gt/yr,haas2020,observed
1960,use_material,non_metallic_minerals,6.890839863,Gt/yr,haas2020,observed
1961,use_material,non_metallic_minerals,7.280026673,Gt/yr,haas2020,observed
1962,use_material,non_metallic_minerals,7.709492931,Gt/yr,haas2020,observed
1963,use_material,non_metallic_minerals,8.211620997,Gt/yr,haas2020,observed
1964,use_material,non_metallic_minerals,8.84443377,Gt/yr,haas2020,observed
1965,use_material,non_metallic_minerals,9.27173437,Gt/yr,haas2020,observed
1966,use_material,non_metallic_minerals,9.987432152,Gt/yr,haas2020,observed
1967,use_material,non_metallic_minerals,10.17480161,Gt/yr,haas2020,observed
1968,use_material,non_metallic_minerals,10.87656368,Gt/yr,haas2020,observed
1969,use_material,non_metallic_minerals,11.30616053,Gt/yr,haas2020,observed
1970,use_material,non_metallic_minerals,12.2288611,Gt/yr,haas2020,observed
1971,use_material,non_metallic_minerals,12.48205539,Gt/yr,haas2020,observed
1972,use_material,non_metallic_minerals,13.90373059,Gt/yr,haas2020,observed
1973,use_material,non_metallic_minerals,14.34882615,Gt/yr,haas2020,observed
1974,use_material,non_metallic_minerals,14.73101887,Gt/yr,haas2020,observed
1975,use_material,non_metallic_minerals,14.47076679,Gt/yr,haas2020,observed
1976,use_material,non_metallic_minerals,14.60126172,Gt/yr,haas2020,observed
1977,use_material,non_metallic_minerals,15.02759247,Gt/yr,haas2020,observed
1978,use_material,non_metallic_minerals,15.70918277,Gt/yr,haas2020,observed
1979,use_material,non_metallic_minerals,16.13035988,Gt/yr,haas2020,observed
1980,use_material,non_metallic_minerals,16.26400559,Gt/yr,haas2020,observed
1981,use_material,non_metallic_minerals,15.7784103,Gt/yr,haas2020,observed
1982,use_material,non_metallic_minerals,15.66159732,Gt/yr,haas2020,observed
1983,use_material,non_metallic_minerals,15.9267662,Gt/yr,haas2020,observed
1984,use_material,non_metallic_minerals,16.67490071,Gt/yr,haas2020,observed
1985,use_material,non_metallic_minerals,16.96038036,Gt/yr,haas2020,observed
1986,use_material,non_metallic_minerals,17.6137629,Gt/yr,haas2020,observed
1987,use_material,non_metallic_minerals,18.40456503,Gt/yr,haas2020,observed
1988,use_material,non_metallic_minerals,19.75322582,Gt/yr,haas2020,observed
1989,use_material,non_metallic_minerals,19.3742251,Gt/yr,haas2020,observed
1990,use_material,non_metallic_minerals,19.54939214,Gt/yr,haas2020,observed
1991,use_material,non_metallic_minerals,20.94830652,Gt/yr,haas2020,observed
1992,use_material,non_metallic_minerals,21.1706547,Gt/yr,haas2020,observed
1993,use_material,non_metallic_minerals,22.95462405,Gt/yr,haas2020,observed
1994,use_material,non_metallic_minerals,24.00610332,Gt/yr,haas2020,observed
1995,use_material,non_metallic_minerals,26.57469882,Gt/yr,haas2020,observed
1996,use_material,non_metallic_minerals,26.68723455,Gt/yr,haas2020,observed
1997,use_material,non_metallic_minerals,27.1600365,Gt/yr,haas2020,observed
1998,use_material,non_metallic_minerals,28.36731211,Gt/yr,haas2020,observed
1999,use_material,non_metallic_minerals,29.08657768,Gt/yr,haas2020,observed
2000,use_material,non_metallic_minerals,29.59266674,Gt/yr,haas2020,observed
2001,use_material,non_metallic_minerals,29.74349705,Gt/yr,haas2020,observed
2002,use_material,non_metallic_minerals,30.11942643,Gt/yr,haas2020,observed
2003,use_material,non_metallic_minerals,31.99396616,Gt/yr,haas2020,observed
2004,use_material,non_metallic_minerals,33.46620707,Gt/yr,haas2020,observed
2005,use_material,non_metallic_minerals,35.18461111,Gt/yr,haas2020,observed
2006,use_material,non_metallic_minerals,37.72616719,Gt/yr,haas2020,observed
2007,use_material,non_metallic_minerals,39.4310378,Gt/yr,haas2020,observed
2008,use_material,non_metallic_minerals,39.56384549,Gt/yr,haas2020,observed
2009,use_material,non_metallic_minerals,41.0604495,Gt/yr,haas2020,observed
2010,use_material,non_metallic_minerals,43.25925044,Gt/yr,haas2020,observed
2011,use_material,non_metallic_minerals,46.37740272,Gt/yr,haas2020,observed
2012,use_material,non_metallic_minerals,47.81717472,Gt/yr,haas2020,observed
2013,use_material,non_metallic_minerals,49.73704767,Gt/yr,haas2020,observed
2014,use_material,non_metallic_minerals,50.93035997,Gt/yr,haas2020,observed
2015,use_material,non_metallic_minerals,50.63954595,Gt/yr,haas2020,observed
