year,series,category,value,unit,source,method
1900,DPO,total,13.6294012,Gt/yr,krausmann2018,observed
1901,DPO,total,13.82579026,Gt/yr,krausmann2018,observed
1902,DPO,total,14.00451064,Gt/yr,krausmann2018,observed
1903,DPO,total,14.38242894,Gt/yr,krausmann2018,observed
1904,DPO,total,14.53455514,Gt/yr,krausmann2018,observed
1905,DPO,total,14.83348334,Gt/yr,krausmann2018,observed
1906,DPO,total,15.19123103,Gt/yr,krausmann2018,observed
1907,DPO,total,15.69673184,Gt/yr,krausmann2018,observed
1908,DPO,total,15.63449492,Gt/yr,krausmann2018,observed
1909,DPO,total,15.92923256,Gt/yr,krausmann2018,observed
1910,DPO,total,16.23914195,Gt/yr,krausmann2018,observed
1911,DPO,total,16.47379753,Gt/yr,krausmann2018,observed
1912,DPO,total,16.85466012,Gt/yr,krausmann2018,observed
1913,DPO,total,17.32956296,Gt/yr,krausmann2018,observed
1914,DPO,total,16.99174479,Gt/yr,krausmann2018,observed
1915,DPO,total,17.10322868,Gt/yr,krausmann2018,observed
1916,DPO,total,17.5909669,Gt/yr,krausmann2018,observed
1917,DPO,total,17.9826879,Gt/yr,krausmann2018,observed
1918,DPO,total,18.04100674,Gt/yr,krausmann2018,observed
1919,DPO,total,17.63537491,Gt/yr,krausmann2018,observed
1920,DPO,total,18.41326399,Gt/yr,krausmann2018,observed
1921,DPO,total,17.8604347,Gt/yr,krausmann2018,observed
1922,DPO,total,18.35454751,Gt/yr,krausmann2018,observed
1923,DPO,total,19.150539,Gt/yr,krausmann2018,observed
1924,DPO,total,19.28671078,Gt/yr,krausmann2018,observed
1925,DPO,total,19.51665696,Gt/yr,krausmann2018,observed
1926,DPO,total,19.68191307,Gt/yr,krausmann2018,observed
1927,DPO,total,20.20390142,Gt/yr,krausmann2018,observed
1928,DPO,total,20.83208899,Gt/yr,krausmann2018,observed
1929,DPO,total,21.05702905,Gt/yr,krausmann2018,observed
1930,DPO,total,20.73542661,Gt/yr,krausmann2018,observed
1931,DPO,total,20.18603556,Gt/yr,krausmann2018,observed
1932,DPO,total,19.72222996,Gt/yr,krausmann2018,observed
1933,DPO,total,20.0615194,Gt/yr,krausmann2018,observed
1934,DPO,total,20.62007915,Gt/yr,krausmann2018,observed
1935,DPO,total,21.01776576,Gt/yr,krausmann2018,observed
1936,DPO,total,21.67667091,Gt/yr,krausmann2018,observed
1937,DPO,total,22.26325722,Gt/yr,krausmann2018,observed
1938,DPO,total,21.70065653,Gt/yr,krausmann2018,observed
1939,DPO,total,22.47140872,Gt/yr,krausmann2018,observed
1940,DPO,total,23.17957595,Gt/yr,krausmann2018,observed
1941,DPO,total,23.5246057,Gt/yr,krausmann2018,observed
1942,DPO,total,23.63428246,Gt/yr,krausmann2018,observed
1943,DPO,total,23.98022623,Gt/yr,krausmann2018,observed
1944,DPO,total,24.03656414,Gt/yr,krausmann2018,observed
1945,DPO,total,22.86254704,Gt/yr,krausmann2018,observed
1946,DPO,total,23.36032056,Gt/yr,krausmann2018,observed
1947,DPO,total,24.31959885,Gt/yr,krausmann2018,observed
1948,DPO,total,24.92245251,Gt/yr,krausmann2018,observed
1949,DPO,total,24.82363083,Gt/yr,krausmann2018,observed
1950,DPO,total,25.69750347,Gt/yr,krausmann2018,observed
1951,DPO,total,26.6267462,Gt/yr,krausmann2018,observed
1952,DPO,total,27.11652226,Gt/yr,krausmann2018,observed
1953,DPO,total,27.62643695,Gt/yr,krausmann2018,observed
1954,DPO,total,28.15769475,Gt/yr,krausmann2018,observed
1955,DPO,total,29.31042945,Gt/yr,krausmann2018,observed
1956,DPO,total,30.29845474,Gt/yr,krausmann2018,observed
1957,DPO,total,31.09933554,Gt/yr,krausmann2018,observed
1958,DPO,total,31.95186831,Gt/yr,krausmann2018,observed
1959,DPO,total,33.0646072,Gt/yr,krausmann2018,observed
1960,DPO,total,34.42388484,Gt/yr,krausmann2018,observed
1961,DPO,total,34.99423414,Gt/yr,krausmann2018,observed
1962,DPO,total,36.36370207,Gt/yr,krausmann2018,observed
1963,DPO,total,37.95709405,Gt/yr,krausmann2018,observed
1964,DPO,total,39.71856101,Gt/yr,krausmann2018,observed
1965,DPO,total,40.27103092,Gt/yr,krausmann2018,observed
1966,DPO,total,42.0531242,Gt/yr,krausmann2018,observed
1967,DPO,total,43.11050685,Gt/yr,krausmann2018,observed
1968,DPO,total,44.97366826,Gt/yr,krausmann2018,observed
1969,DPO,total,46.37099627,Gt/yr,krausmann2018,observed
1970,DPO,total,48.08671613,Gt/yr,krausmann2018,observed
1971,DPO,total,49.8154632,Gt/yr,krausmann2018,observed
1972,DPO,total,51.09656464,Gt/yr,krausmann2018,observed
1973,DPO,total,53.20297083,Gt/yr,krausmann2018,observed
1974,DPO,total,54.04243508,Gt/yr,krausmann2018,observed
1975,DPO,total,54.37696303,Gt/yr,krausmann2018,observed
1976,DPO,total,56.37914219,Gt/yr,krausmann2018,observed
1977,DPO,total,57.6402701,Gt/yr,krausmann2018,observed
1978,DPO,total,58.75300206,Gt/yr,krausmann2018,observed
1979,DPO,total,60.41806079,Gt/yr,krausmann2018,observed
1980,DPO,total,60.61090408,Gt/yr,krausmann2018,observed
1981,DPO,total,60.73106782,Gt/yr,krausmann2018,observed
1982,DPO,total,61.59228615,Gt/yr,krausmann2018,observed
1983,DPO,total,61.83022515,Gt/yr,krausmann2018,observed
1984,DPO,total,64.2040869,Gt/yr,krausmann2018,observed
1985,DPO,total,64.84233942,Gt/yr,krausmann2018,observed
1986,DPO,total,66.17428462,Gt/yr,krausmann2018,observed
1987,DPO,total,67.22291417,Gt/yr,krausmann2018,observed
1988,DPO,total,68.81088593,Gt/yr,krausmann2018,observed
1989,DPO,total,70.47284754,Gt/yr,krausmann2018,observed
1990,DPO,total,71.25002837,Gt/yr,krausmann2018,observed
1991,DPO,total,70.86438567,Gt/yr,krausmann2018,observed
1992,DPO,total,70.80577465,Gt/yr,krausmann2018,observed
1993,DPO,total,70.62292636,Gt/yr,krausmann2018,observed
1994,DPO,total,71.69903068,Gt/yr,krausmann2018,observed
1995,DPO,total,73.21494287,Gt/yr,krausmann2018,observed
1996,DPO,total,74.90667654,Gt/yr,krausmann2018,observed
1997,DPO,total,75.24254088,Gt/yr,krausmann2018,observed
1998,DPO,total,76.03586715,Gt/yr,krausmann2018,observed
1999,DPO,total,76.50652647,Gt/yr,krausmann2018,observed
2000,DPO,total,77.97644378,Gt/yr,krausmann2018,observed
2001,DPO,total,79.19376557,Gt/yr,krausmann2018,observed
2002,DPO,total,79.92733882,Gt/yr,krausmann2018,observed
2003,DPO,total,82.60960644,Gt/yr,krausmann2018,observed
2004,DPO,total,85.99743655,Gt/yr,krausmann2018,observed
2005,DPO,total,88.83967692,Gt/yr,krausmann2018,observed
2006,DPO,total,91.28827465,Gt/yr,krausmann2018,observed
2007,DPO,total,93.82266192,Gt/yr,krausmann2018,observed
2008,DPO,total,96.49650793,Gt/yr,krausmann2018,observed
2009,DPO,total,96.58242377,Gt/yr,krausmann2018,observed
2010,DPO,total,99.9218545,Gt/yr,krausmann2018,observed
2011,DPO,total,103.7295579,Gt/yr,krausmann2018,observed
2012,DPO,total,105.3396392,Gt/yr,krausmann2018,observed
2013,DPO,total,107.8388757,Gt/yr,krausmann2018,observed
2014,DPO,total,109.3863778,Gt/yr,krausmann2018,observed
2015,DPO,total,110.5508453,Gt/yr,krausmann2018,observed
1900,DPOstar,total,6.827716236,Gt/yr,krausmann2018,observed
1901,DPOstar,total,6.92610581,Gt/yr,krausmann2018,observed
1902,DPOstar,total,7.01990963,Gt/yr,krausmann2018,observed
1903,DPOstar,total,7.190582018,Gt/yr,krausmann2018,observed
1904,DPOstar,total,7.271186518,Gt/yr,krausmann2018,observed
1905,DPOstar,total,7.418113969,Gt/yr,krausmann2018,observed
1906,DPOstar,total,7.576956043,Gt/yr,krausmann2018,observed
1907,DPOstar,total,7.804200863,Gt/yr,krausmann2018,observed
1908,DPOstar,total,7.800897816,Gt/yr,krausmann2018,observed
1909,DPOstar,total,7.946189526,Gt/yr,krausmann2018,observed
1910,DPOstar,total,8.096439812,Gt/yr,krausmann2018,observed
1911,DPOstar,total,8.210939254,Gt/yr,krausmann2018,observed
1912,DPOstar,total,8.393532591,Gt/yr,krausmann2018,observed
1913,DPOstar,total,8.610128218,Gt/yr,krausmann2018,observed
1914,DPOstar,total,8.475953683,Gt/yr,krausmann2018,observed
1915,DPOstar,total,8.539640301,Gt/yr,krausmann2018,observed
1916,DPOstar,total,8.764269367,Gt/yr,krausmann2018,observed
1917,DPOstar,total,8.933117841,Gt/yr,krausmann2018,observed
1918,DPOstar,total,8.970437431,Gt/yr,krausmann2018,observed
1919,DPOstar,total,8.809125742,Gt/yr,krausmann2018,observed
1920,DPOstar,total,9.127851825,Gt/yr,krausmann2018,observed
1921,DPOstar,total,8.903112096,Gt/yr,krausmann2018,observed
1922,DPOstar,total,9.14292382,Gt/yr,krausmann2018,observed
1923,DPOstar,total,9.482668198,Gt/yr,krausmann2018,observed
1924,DPOstar,total,9.572460035,Gt/yr,krausmann2018,observed
1925,DPOstar,total,9.707870489,Gt/yr,krausmann2018,observed
1926,DPOstar,total,9.797738944,Gt/yr,krausmann2018,observed
1927,DPOstar,total,10.0231089,Gt/yr,krausmann2018,observed
1928,DPOstar,total,10.30284577,Gt/yr,krausmann2018,observed
1929,DPOstar,total,10.41956436,Gt/yr,krausmann2018,observed
1930,DPOstar,total,10.3049074,Gt/yr,krausmann2018,observed
1931,DPOstar,total,10.08147694,Gt/yr,krausmann2018,observed
1932,DPOstar,total,9.885003346,Gt/yr,krausmann2018,observed
1933,DPOstar,total,10.04612382,Gt/yr,krausmann2018,observed
1934,DPOstar,total,10.31373748,Gt/yr,krausmann2018,observed
1935,DPOstar,total,10.50689332,Gt/yr,krausmann2018,observed
1936,DPOstar,total,10.80343984,Gt/yr,krausmann2018,observed
1937,DPOstar,total,11.08839482,Gt/yr,krausmann2018,observed
1938,DPOstar,total,10.90696548,Gt/yr,krausmann2018,observed
1939,DPOstar,total,11.21180973,Gt/yr,krausmann2018,observed
1940,DPOstar,total,11.53095194,Gt/yr,krausmann2018,observed
1941,DPOstar,total,11.69825085,Gt/yr,krausmann2018,observed
1942,DPOstar,total,11.75396594,Gt/yr,krausmann2018,observed
1943,DPOstar,total,11.90076126,Gt/yr,krausmann2018,observed
1944,DPOstar,total,11.87989088,Gt/yr,krausmann2018,observed
1945,DPOstar,total,11.40988694,Gt/yr,krausmann2018,observed
1946,DPOstar,total,11.61407768,Gt/yr,krausmann2018,observed
1947,DPOstar,total,12.02679942,Gt/yr,krausmann2018,observed
1948,DPOstar,total,12.29019287,Gt/yr,krausmann2018,observed
1949,DPOstar,total,12.2811986,Gt/yr,krausmann2018,observed
1950,DPOstar,total,12.64945579,Gt/yr,krausmann2018,observed
1951,DPOstar,total,13.04193592,Gt/yr,krausmann2018,observed
1952,DPOstar,total,13.27350071,Gt/yr,krausmann2018,observed
1953,DPOstar,total,13.5278783,Gt/yr,krausmann2018,observed
1954,DPOstar,total,13.79675346,Gt/yr,krausmann2018,observed
1955,DPOstar,total,14.26571351,Gt/yr,krausmann2018,observed
1956,DPOstar,total,14.69413612,Gt/yr,krausmann2018,observed
1957,DPOstar,total,15.05236754,Gt/yr,krausmann2018,observed
1958,DPOstar,total,15.36416005,Gt/yr,krausmann2018,observed
1959,DPOstar,total,15.84226254,Gt/yr,krausmann2018,observed
1960,DPOstar,total,16.42441642,Gt/yr,krausmann2018,observed
1961,DPOstar,total,16.67984192,Gt/yr,krausmann2018,observed
1962,DPOstar,total,17.20877592,Gt/yr,krausmann2018,observed
1963,DPOstar,total,17.86102573,Gt/yr,krausmann2018,observed
1964,DPOstar,total,18.66485241,Gt/yr,krausmann2018,observed
1965,DPOstar,total,18.88480405,Gt/yr,krausmann2018,observed
1966,DPOstar,total,19.65508436,Gt/yr,krausmann2018,observed
1967,DPOstar,total,20.12971616,Gt/yr,krausmann2018,observed
1968,DPOstar,total,20.84508871,Gt/yr,krausmann2018,observed
1969,DPOstar,total,21.32544066,Gt/yr,krausmann2018,observed
1970,DPOstar,total,22.1116689,Gt/yr,krausmann2018,observed
1971,DPOstar,total,22.79886327,Gt/yr,krausmann2018,observed
1972,DPOstar,total,23.21931464,Gt/yr,krausmann2018,observed
1973,DPOstar,total,24.217973,Gt/yr,krausmann2018,observed
1974,DPOstar,total,24.66054029,Gt/yr,krausmann2018,observed
1975,DPOstar,total,25.00868129,Gt/yr,krausmann2018,observed
1976,DPOstar,total,25.85821123,Gt/yr,krausmann2018,observed
1977,DPOstar,total,26.36791934,Gt/yr,krausmann2018,observed
1978,DPOstar,total,27.07385019,Gt/yr,krausmann2018,observed
1979,DPOstar,total,27.64651999,Gt/yr,krausmann2018,observed
1980,DPOstar,total,27.82975022,Gt/yr,krausmann2018,observed
1981,DPOstar,total,28.1873851,Gt/yr,krausmann2018,observed
1982,DPOstar,total,28.75171078,Gt/yr,krausmann2018,observed
1983,DPOstar,total,28.80671377,Gt/yr,krausmann2018,observed
1984,DPOstar,total,30.07243576,Gt/yr,krausmann2018,observed
1985,DPOstar,total,30.48563782,Gt/yr,krausmann2018,observed
1986,DPOstar,total,31.04289652,Gt/yr,krausmann2018,observed
1987,DPOstar,total,31.58435565,Gt/yr,krausmann2018,observed
1988,DPOstar,total,32.35776925,Gt/yr,krausmann2018,observed
1989,DPOstar,total,33.26094397,Gt/yr,krausmann2018,observed
1990,DPOstar,total,33.70781184,Gt/yr,krausmann2018,observed
1991,DPOstar,total,33.5440734,Gt/yr,krausmann2018,observed
1992,DPOstar,total,33.715895,Gt/yr,krausmann2018,observed
1993,DPOstar,total,33.69717334,Gt/yr,krausmann2018,observed
1994,DPOstar,total,34.31641805,Gt/yr,krausmann2018,observed
1995,DPOstar,total,35.45133738,Gt/yr,krausmann2018,observed
1996,DPOstar,total,36.37443707,Gt/yr,krausmann2018,observed
1997,DPOstar,total,36.63042123,Gt/yr,krausmann2018,observed
1998,DPOstar,total,37.19102459,Gt/yr,krausmann2018,observed
1999,DPOstar,total,37.70097768,Gt/yr,krausmann2018,observed
2000,DPOstar,total,38.33966332,Gt/yr,krausmann2018,observed
2001,DPOstar,total,38.91994273,Gt/yr,krausmann2018,observed
2002,DPOstar,total,39.42155553,Gt/yr,krausmann2018,observed
2003,DPOstar,total,40.67533392,Gt/yr,krausmann2018,observed
2004,DPOstar,total,42.33114543,Gt/yr,krausmann2018,observed
2005,DPOstar,total,43.8813811,Gt/yr,krausmann2018,observed
2006,DPOstar,total,45.29444262,Gt/yr,krausmann2018,observed
2007,DPOstar,total,47.03758263,Gt/yr,krausmann2018,observed
2008,DPOstar,total,48.5836526,Gt/yr,krausmann2018,observed
2009,DPOstar,total,49.12228143,Gt/yr,krausmann2018,observed
2010,DPOstar,total,50.86766771,Gt/yr,krausmann2018,observed
2011,DPOstar,total,53.22585674,Gt/yr,krausmann2018,observed
2012,DPOstar,total,54.2411051,Gt/yr,krausmann2018,observed
2013,DPOstar,total,55.92600328,Gt/yr,krausmann2018,observed
2014,DPOstar,total,56.9546607,Gt/yr,krausmann2018,observed
2015,DPOstar,total,57.61993023,Gt/yr,krausmann2018,observed
1900,MK,aggregates,16.89176325,Gt,krausmann2018,observed
1901,MK,aggregates,17.1469045,Gt,krausmann2018,observed
1902,MK,aggregates,17.39190925,Gt,krausmann2018,observed
1903,MK,aggregates,17.63974575,Gt,krausmann2018,observed
1904,MK,aggregates,17.8802265,Gt,krausmann2018,observed
1905,MK,aggregates,18.1439615,Gt,krausmann2018,observed
1906,MK,aggregates,18.404277,Gt,krausmann2018,observed
1907,MK,aggregates,18.66978,Gt,krausmann2018,observed
1908,MK,aggregates,18.945505,Gt,krausmann2018,observed
1909,MK,aggregates,19.2332795,Gt,krausmann2018,observed
1910,MK,aggregates,19.510067,Gt,krausmann2018,observed
1911,MK,aggregates,19.774841,Gt,krausmann2018,observed
1912,MK,aggregates,20.0376285,Gt,krausmann2018,observed
1913,MK,aggregates,20.2962315,Gt,krausmann2018,observed
1914,MK,aggregates,20.55642,Gt,krausmann2018,observed
1915,MK,aggregates,20.814046,Gt,krausmann2018,observed
1916,MK,aggregates,21.0936605,Gt,krausmann2018,observed
1917,MK,aggregates,21.363629,Gt,krausmann2018,observed
1918,MK,aggregates,21.6709355,Gt,krausmann2018,observed
1919,MK,aggregates,21.917529,Gt,krausmann2018,observed
1920,MK,aggregates,22.1834155,Gt,krausmann2018,observed
1921,MK,aggregates,22.4420205,Gt,krausmann2018,observed
1922,MK,aggregates,22.7134705,Gt,krausmann2018,observed
1923,MK,aggregates,22.992372,Gt,krausmann2018,observed
1924,MK,aggregates,23.2920345,Gt,krausmann2018,observed
1925,MK,aggregates,23.575918,Gt,krausmann2018,observed
1926,MK,aggregates,23.886024,Gt,krausmann2018,observed
1927,MK,aggregates,24.23282,Gt,krausmann2018,observed
1928,MK,aggregates,24.575883,Gt,krausmann2018,observed
1929,MK,aggregates,24.93019,Gt,krausmann2018,observed
1930,MK,aggregates,25.280172,Gt,krausmann2018,observed
1931,MK,aggregates,25.668438,Gt,krausmann2018,observed
1932,MK,aggregates,26.0678815,Gt,krausmann2018,observed
1933,MK,aggregates,26.4682845,Gt,krausmann2018,observed
1934,MK,aggregates,26.893589,Gt,krausmann2018,observed
1935,MK,aggregates,27.3143505,Gt,krausmann2018,observed
1936,MK,aggregates,27.7909855,Gt,krausmann2018,observed
1937,MK,aggregates,28.306307,Gt,krausmann2018,observed
1938,MK,aggregates,28.839684,Gt,krausmann2018,observed
1939,MK,aggregates,29.379649,Gt,krausmann2018,observed
1940,MK,aggregates,29.9906775,Gt,krausmann2018,observed
1941,MK,aggregates,30.627669,Gt,krausmann2018,observed
1942,MK,aggregates,31.2589855,Gt,krausmann2018,observed
1943,MK,aggregates,31.9327225,Gt,krausmann2018,observed
1944,MK,aggregates,32.675476,Gt,krausmann2018,observed
1945,MK,aggregates,33.4367485,Gt,krausmann2018,observed
1946,MK,aggregates,34.252842,Gt,krausmann2018,observed
1947,MK,aggregates,35.177249,Gt,krausmann2018,observed
1948,MK,aggregates,36.1613465,Gt,krausmann2018,observed
1949,MK,aggregates,37.2313605,Gt,krausmann2018,observed
1950,MK,aggregates,38.4384085,Gt,krausmann2018,observed
1951,MK,aggregates,39.759796,Gt,krausmann2018,observed
1952,MK,aggregates,41.1852125,Gt,krausmann2018,observed
1953,MK,aggregates,42.647941,Gt,krausmann2018,observed
1954,MK,aggregates,44.2382645,Gt,krausmann2018,observed
1955,MK,aggregates,45.87151,Gt,krausmann2018,observed
1956,MK,aggregates,47.66354,Gt,krausmann2018,observed
1957,MK,aggregates,49.550932,Gt,krausmann2018,observed
1958,MK,aggregates,51.559804,Gt,krausmann2018,observed
1959,MK,aggregates,53.670207,Gt,krausmann2018,observed
1960,MK,aggregates,55.9203865,Gt,krausmann2018,observed
1961,MK,aggregates,58.3427955,Gt,krausmann2018,observed
1962,MK,aggregates,60.896873,Gt,krausmann2018,observed
1963,MK,aggregates,63.628386,Gt,krausmann2018,observed
1964,MK,aggregates,66.571034,Gt,krausmann2018,observed
1965,MK,aggregates,69.684317,Gt,krausmann2018,observed
1966,MK,aggregates,73.1257785,Gt,krausmann2018,observed
1967,MK,aggregates,76.5231295,Gt,krausmann2018,observed
1968,MK,aggregates,80.205675,Gt,krausmann2018,observed
1969,MK,aggregates,83.974165,Gt,krausmann2018,observed
1970,MK,aggregates,88.2411265,Gt,krausmann2018,observed
1971,MK,aggregates,92.491024,Gt,krausmann2018,observed
1972,MK,aggregates,97.3087335,Gt,krausmann2018,observed
1973,MK,aggregates,102.158921,Gt,krausmann2018,observed
1974,MK,aggregates,107.208101,Gt,krausmann2018,observed
1975,MK,aggregates,111.941143,Gt,krausmann2018,observed
1976,MK,aggregates,116.417395,Gt,krausmann2018,observed
1977,MK,aggregates,120.845354,Gt,krausmann2018,observed
1978,MK,aggregates,125.3710535,Gt,krausmann2018,observed
1979,MK,aggregates,130.062456,Gt,krausmann2018,observed
1980,MK,aggregates,134.645071,Gt,krausmann2018,observed
1981,MK,aggregates,138.786075,Gt,krausmann2018,observed
1982,MK,aggregates,142.633063,Gt,krausmann2018,observed
1983,MK,aggregates,146.350722,Gt,krausmann2018,observed
1984,MK,aggregates,150.184476,Gt,krausmann2018,observed
1985,MK,aggregates,154.03047,Gt,krausmann2018,observed
1986,MK,aggregates,158.031345,Gt,krausmann2018,observed
1987,MK,aggregates,162.180054,Gt,krausmann2018,observed
1988,MK,aggregates,166.69843,Gt,krausmann2018,observed
1989,MK,aggregates,171.257293,Gt,krausmann2018,observed
1990,MK,aggregates,175.764007,Gt,krausmann2018,observed
1991,MK,aggregates,180.733824,Gt,krausmann2018,observed
1992,MK,aggregates,186.041262,Gt,krausmann2018,observed
1993,MK,aggregates,191.544355,Gt,krausmann2018,observed
1994,MK,aggregates,197.21223,Gt,krausmann2018,observed
1995,MK,aggregates,203.379696,Gt,krausmann2018,observed
1996,MK,aggregates,209.369423,Gt,krausmann2018,observed
1997,MK,aggregates,215.571601,Gt,krausmann2018,observed
1998,MK,aggregates,222.333786,Gt,krausmann2018,observed
1999,MK,aggregates,229.171976,Gt,krausmann2018,observed
2000,MK,aggregates,236.019308,Gt,krausmann2018,observed
2001,MK,aggregates,242.58715,Gt,krausmann2018,observed
2002,MK,aggregates,249.059608,Gt,krausmann2018,observed
2003,MK,aggregates,255.81158,Gt,krausmann2018,observed
2004,MK,aggregates,262.899446,Gt,krausmann2018,observed
2005,MK,aggregates,270.138684,Gt,krausmann2018,observed
2006,MK,aggregates,277.674196,Gt,krausmann2018,observed
2007,MK,aggregates,285.247022,Gt,krausmann2018,observed
2008,MK,aggregates,292.571656,Gt,krausmann2018,observed
2009,MK,aggregates,299.732044,Gt,krausmann2018,observed
2010,MK,aggregates,307.11692,Gt,krausmann2018,observed
2011,MK,aggregates,314.733,Gt,krausmann2018,observed
2012,MK,aggregates,322.282984,Gt,krausmann2018,observed
2013,MK,aggregates,329.753296,Gt,krausmann2018,observed
2014,MK,aggregates,337.346544,Gt,krausmann2018,observed
2015,MK,aggregates,344.459811,Gt,krausmann2018,observed
1900,MK,asphalt,0,Gt,krausmann2018,observed
1901,MK,asphalt,0,Gt,krausmann2018,observed
1902,MK,asphalt,0,Gt,krausmann2018,observed
1903,MK,asphalt,0,Gt,krausmann2018,observed
1904,MK,asphalt,0,Gt,krausmann2018,observed
1905,MK,asphalt,0,Gt,krausmann2018,observed
1906,MK,asphalt,0,Gt,krausmann2018,observed
1907,MK,asphalt,0,Gt,krausmann2018,observed
1908,MK,asphalt,0,Gt,krausmann2018,observed
1909,MK,asphalt,0,Gt,krausmann2018,observed
1910,MK,asphalt,0,Gt,krausmann2018,observed
1911,MK,asphalt,0,Gt,krausmann2018,observed
1912,MK,asphalt,0,Gt,krausmann2018,observed
1913,MK,asphalt,0,Gt,krausmann2018,observed
1914,MK,asphalt,0,Gt,krausmann2018,observed
1915,MK,asphalt,0,Gt,krausmann2018,observed
1916,MK,asphalt,0,Gt,krausmann2018,observed
1917,MK,asphalt,0,Gt,krausmann2018,observed
1918,MK,asphalt,0,Gt,krausmann2018,observed
1919,MK,asphalt,0,Gt,krausmann2018,observed
1920,MK,asphalt,0,Gt,krausmann2018,observed
1921,MK,asphalt,0.00138484021,Gt,krausmann2018,observed
1922,MK,asphalt,0.004152288086,Gt,krausmann2018,observed
1923,MK,asphalt,0.009690773437,Gt,krausmann2018,observed
1924,MK,asphalt,0.01801944141,Gt,krausmann2018,observed
1925,MK,asphalt,0.02910353125,Gt,krausmann2018,observed
1926,MK,asphalt,0.04293454297,Gt,krausmann2018,observed
1927,MK,asphalt,0.05950116406,Gt,krausmann2018,observed
1928,MK,asphalt,0.078952375,Gt,krausmann2018,observed
1929,MK,asphalt,0.1010682891,Gt,krausmann2018,observed
1930,MK,asphalt,0.1259305391,Gt,krausmann2018,observed
1931,MK,asphalt,0.1536165781,Gt,krausmann2018,observed
1932,MK,asphalt,0.1845573281,Gt,krausmann2018,observed
1933,MK,asphalt,0.2189445,Gt,krausmann2018,observed
1934,MK,asphalt,0.2574464844,Gt,krausmann2018,observed
1935,MK,asphalt,0.3004241875,Gt,krausmann2018,observed
1936,MK,asphalt,0.3483502187,Gt,krausmann2018,observed
1937,MK,asphalt,0.4018765,Gt,krausmann2018,observed
1938,MK,asphalt,0.461543875,Gt,krausmann2018,observed
1939,MK,asphalt,0.52835975,Gt,krausmann2018,observed
1940,MK,asphalt,0.6025751875,Gt,krausmann2018,observed
1941,MK,asphalt,0.685214,Gt,krausmann2018,observed
1942,MK,asphalt,0.77733525,Gt,krausmann2018,observed
1943,MK,asphalt,0.879675875,Gt,krausmann2018,observed
1944,MK,asphalt,0.9935254375,Gt,krausmann2018,observed
1945,MK,asphalt,1.119341375,Gt,krausmann2018,observed
1946,MK,asphalt,1.258966625,Gt,krausmann2018,observed
1947,MK,asphalt,1.4133855,Gt,krausmann2018,observed
1948,MK,asphalt,1.5843725,Gt,krausmann2018,observed
1949,MK,asphalt,1.7738475,Gt,krausmann2018,observed
1950,MK,asphalt,1.99380575,Gt,krausmann2018,observed
1951,MK,asphalt,2.22658575,Gt,krausmann2018,observed
1952,MK,asphalt,2.48264675,Gt,krausmann2018,observed
1953,MK,asphalt,2.754026,Gt,krausmann2018,observed
1954,MK,asphalt,3.04047875,Gt,krausmann2018,observed
1955,MK,asphalt,3.34310825,Gt,krausmann2018,observed
1956,MK,asphalt,3.68399225,Gt,krausmann2018,observed
1957,MK,asphalt,4.050972,Gt,krausmann2018,observed
1958,MK,asphalt,4.432234,Gt,krausmann2018,observed
1959,MK,asphalt,4.835529,Gt,krausmann2018,observed
1960,MK,asphalt,5.267884,Gt,krausmann2018,observed
1961,MK,asphalt,5.732298,Gt,krausmann2018,observed
1962,MK,asphalt,6.2245885,Gt,krausmann2018,observed
1963,MK,asphalt,6.7547345,Gt,krausmann2018,observed
1964,MK,asphalt,7.3313785,Gt,krausmann2018,observed
1965,MK,asphalt,7.953647,Gt,krausmann2018,observed
1966,MK,asphalt,8.631227,Gt,krausmann2018,observed
1967,MK,asphalt,9.323842,Gt,krausmann2018,observed
1968,MK,asphalt,10.079747,Gt,krausmann2018,observed
1969,MK,asphalt,10.85836,Gt,krausmann2018,observed
1970,MK,asphalt,11.740556,Gt,krausmann2018,observed
1971,MK,asphalt,12.619948,Gt,krausmann2018,observed
1972,MK,asphalt,13.649696,Gt,krausmann2018,observed
1973,MK,asphalt,14.701983,Gt,krausmann2018,observed
1974,MK,asphalt,15.80566,Gt,krausmann2018,observed
1975,MK,asphalt,16.854806,Gt,krausmann2018,observed
1976,MK,asphalt,17.799366,Gt,krausmann2018,observed
1977,MK,asphalt,18.714162,Gt,krausmann2018,observed
1978,MK,asphalt,19.688372,Gt,krausmann2018,observed
1979,MK,asphalt,20.738448,Gt,krausmann2018,observed
1980,MK,asphalt,21.769638,Gt,krausmann2018,observed
1981,MK,asphalt,22.679144,Gt,krausmann2018,observed
1982,MK,asphalt,23.494184,Gt,krausmann2018,observed
1983,MK,asphalt,24.280978,Gt,krausmann2018,observed
1984,MK,asphalt,25.116774,Gt,krausmann2018,observed
1985,MK,asphalt,25.948352,Gt,krausmann2018,observed
1986,MK,asphalt,26.822314,Gt,krausmann2018,observed
1987,MK,asphalt,27.702314,Gt,krausmann2018,observed
1988,MK,asphalt,28.60907,Gt,krausmann2018,observed
1989,MK,asphalt,29.53799,Gt,krausmann2018,observed
1990,MK,asphalt,30.396834,Gt,krausmann2018,observed
1991,MK,asphalt,31.428174,Gt,krausmann2018,observed
1992,MK,asphalt,32.480128,Gt,krausmann2018,observed
1993,MK,asphalt,33.529572,Gt,krausmann2018,observed
1994,MK,asphalt,34.556556,Gt,krausmann2018,observed
1995,MK,asphalt,35.570464,Gt,krausmann2018,observed
1996,MK,asphalt,36.559676,Gt,krausmann2018,observed
1997,MK,asphalt,37.621344,Gt,krausmann2018,observed
1998,MK,asphalt,38.773456,Gt,krausmann2018,observed
1999,MK,asphalt,39.92302,Gt,krausmann2018,observed
2000,MK,asphalt,41.122332,Gt,krausmann2018,observed
2001,MK,asphalt,42.264056,Gt,krausmann2018,observed
2002,MK,asphalt,43.391984,Gt,krausmann2018,observed
2003,MK,asphalt,44.541684,Gt,krausmann2018,observed
2004,MK,asphalt,45.869828,Gt,krausmann2018,observed
2005,MK,asphalt,47.243352,Gt,krausmann2018,observed
2006,MK,asphalt,48.668036,Gt,krausmann2018,observed
2007,MK,asphalt,50.076592,Gt,krausmann2018,observed
2008,MK,asphalt,51.408448,Gt,krausmann2018,observed
2009,MK,asphalt,52.635808,Gt,krausmann2018,observed
2010,MK,asphalt,53.846096,Gt,krausmann2018,observed
2011,MK,asphalt,55.000676,Gt,krausmann2018,observed
2012,MK,asphalt,56.080316,Gt,krausmann2018,observed
2013,MK,asphalt,57.102308,Gt,krausmann2018,observed
2014,MK,asphalt,58.075136,Gt,krausmann2018,observed
2015,MK,asphalt,59.013,Gt,krausmann2018,observed
1900,MK,bricks,11.240708,Gt,krausmann2018,observed
1901,MK,bricks,11.342108,Gt,krausmann2018,observed
1902,MK,bricks,11.443897,Gt,krausmann2018,observed
1903,MK,bricks,11.548895,Gt,krausmann2018,observed
1904,MK,bricks,11.654499,Gt,krausmann2018,observed
1905,MK,bricks,11.760175,Gt,krausmann2018,observed
1906,MK,bricks,11.869863,Gt,krausmann2018,observed
1907,MK,bricks,11.977981,Gt,krausmann2018,observed
1908,MK,bricks,12.091511,Gt,krausmann2018,observed
1909,MK,bricks,12.20881,Gt,krausmann2018,observed
1910,MK,bricks,12.326471,Gt,krausmann2018,observed
1911,MK,bricks,12.445817,Gt,krausmann2018,observed
1912,MK,bricks,12.567546,Gt,krausmann2018,observed
1913,MK,bricks,12.693298,Gt,krausmann2018,observed
1914,MK,bricks,12.817844,Gt,krausmann2018,observed
1915,MK,bricks,12.939871,Gt,krausmann2018,observed
1916,MK,bricks,13.065727,Gt,krausmann2018,observed
1917,MK,bricks,13.184374,Gt,krausmann2018,observed
1918,MK,bricks,13.305855,Gt,krausmann2018,observed
1919,MK,bricks,13.422834,Gt,krausmann2018,observed
1920,MK,bricks,13.536204,Gt,krausmann2018,observed
1921,MK,bricks,13.656968,Gt,krausmann2018,observed
1922,MK,bricks,13.773485,Gt,krausmann2018,observed
1923,MK,bricks,13.89343,Gt,krausmann2018,observed
1924,MK,bricks,14.015715,Gt,krausmann2018,observed
1925,MK,bricks,14.14337,Gt,krausmann2018,observed
1926,MK,bricks,14.274066,Gt,krausmann2018,observed
1927,MK,bricks,14.405351,Gt,krausmann2018,observed
1928,MK,bricks,14.538969,Gt,krausmann2018,observed
1929,MK,bricks,14.678745,Gt,krausmann2018,observed
1930,MK,bricks,14.819597,Gt,krausmann2018,observed
1931,MK,bricks,14.962552,Gt,krausmann2018,observed
1932,MK,bricks,15.099114,Gt,krausmann2018,observed
1933,MK,bricks,15.238895,Gt,krausmann2018,observed
1934,MK,bricks,15.378061,Gt,krausmann2018,observed
1935,MK,bricks,15.513433,Gt,krausmann2018,observed
1936,MK,bricks,15.650601,Gt,krausmann2018,observed
1937,MK,bricks,15.787567,Gt,krausmann2018,observed
1938,MK,bricks,15.924393,Gt,krausmann2018,observed
1939,MK,bricks,16.056871,Gt,krausmann2018,observed
1940,MK,bricks,16.191831,Gt,krausmann2018,observed
1941,MK,bricks,16.31539,Gt,krausmann2018,observed
1942,MK,bricks,16.440506,Gt,krausmann2018,observed
1943,MK,bricks,16.565261,Gt,krausmann2018,observed
1944,MK,bricks,16.687278,Gt,krausmann2018,observed
1945,MK,bricks,16.804702,Gt,krausmann2018,observed
1946,MK,bricks,16.914022,Gt,krausmann2018,observed
1947,MK,bricks,17.02317,Gt,krausmann2018,observed
1948,MK,bricks,17.135624,Gt,krausmann2018,observed
1949,MK,bricks,17.250012,Gt,krausmann2018,observed
1950,MK,bricks,17.35987,Gt,krausmann2018,observed
1951,MK,bricks,17.477156,Gt,krausmann2018,observed
1952,MK,bricks,17.59981,Gt,krausmann2018,observed
1953,MK,bricks,17.721398,Gt,krausmann2018,observed
1954,MK,bricks,17.84276,Gt,krausmann2018,observed
1955,MK,bricks,17.9721,Gt,krausmann2018,observed
1956,MK,bricks,18.10792,Gt,krausmann2018,observed
1957,MK,bricks,18.251008,Gt,krausmann2018,observed
1958,MK,bricks,18.397202,Gt,krausmann2018,observed
1959,MK,bricks,18.544296,Gt,krausmann2018,observed
1960,MK,bricks,18.698592,Gt,krausmann2018,observed
1961,MK,bricks,18.871434,Gt,krausmann2018,observed
1962,MK,bricks,19.066088,Gt,krausmann2018,observed
1963,MK,bricks,19.285566,Gt,krausmann2018,observed
1964,MK,bricks,19.526524,Gt,krausmann2018,observed
1965,MK,bricks,19.78877,Gt,krausmann2018,observed
1966,MK,bricks,20.081542,Gt,krausmann2018,observed
1967,MK,bricks,20.408526,Gt,krausmann2018,observed
1968,MK,bricks,20.75352,Gt,krausmann2018,observed
1969,MK,bricks,21.133628,Gt,krausmann2018,observed
1970,MK,bricks,21.532452,Gt,krausmann2018,observed
1971,MK,bricks,21.991066,Gt,krausmann2018,observed
1972,MK,bricks,22.522,Gt,krausmann2018,observed
1973,MK,bricks,23.054578,Gt,krausmann2018,observed
1974,MK,bricks,23.607314,Gt,krausmann2018,observed
1975,MK,bricks,24.216508,Gt,krausmann2018,observed
1976,MK,bricks,24.942274,Gt,krausmann2018,observed
1977,MK,bricks,25.633348,Gt,krausmann2018,observed
1978,MK,bricks,26.329268,Gt,krausmann2018,observed
1979,MK,bricks,26.992726,Gt,krausmann2018,observed
1980,MK,bricks,27.715842,Gt,krausmann2018,observed
1981,MK,bricks,28.427438,Gt,krausmann2018,observed
1982,MK,bricks,29.308596,Gt,krausmann2018,observed
1983,MK,bricks,30.25352,Gt,krausmann2018,observed
1984,MK,bricks,31.375764,Gt,krausmann2018,observed
1985,MK,bricks,32.532792,Gt,krausmann2018,observed
1986,MK,bricks,33.6922,Gt,krausmann2018,observed
1987,MK,bricks,34.961088,Gt,krausmann2018,observed
1988,MK,bricks,36.428724,Gt,krausmann2018,observed
1989,MK,bricks,37.896364,Gt,krausmann2018,observed
1990,MK,bricks,39.496416,Gt,krausmann2018,observed
1991,MK,bricks,40.799452,Gt,krausmann2018,observed
1992,MK,bricks,42.257232,Gt,krausmann2018,observed
1993,MK,bricks,43.882644,Gt,krausmann2018,observed
1994,MK,bricks,45.59474,Gt,krausmann2018,observed
1995,MK,bricks,48.246176,Gt,krausmann2018,observed
1996,MK,bricks,50.750392,Gt,krausmann2018,observed
1997,MK,bricks,53.033448,Gt,krausmann2018,observed
1998,MK,bricks,55.667212,Gt,krausmann2018,observed
1999,MK,bricks,58.2472,Gt,krausmann2018,observed
2000,MK,bricks,60.762088,Gt,krausmann2018,observed
2001,MK,bricks,62.97212,Gt,krausmann2018,observed
2002,MK,bricks,64.813476,Gt,krausmann2018,observed
2003,MK,bricks,66.74626,Gt,krausmann2018,observed
2004,MK,bricks,68.383576,Gt,krausmann2018,observed
2005,MK,bricks,69.999672,Gt,krausmann2018,observed
2006,MK,bricks,71.596904,Gt,krausmann2018,observed
2007,MK,bricks,73.150088,Gt,krausmann2018,observed
2008,MK,bricks,74.642536,Gt,krausmann2018,observed
2009,MK,bricks,76.158296,Gt,krausmann2018,observed
2010,MK,bricks,77.653696,Gt,krausmann2018,observed
2011,MK,bricks,79.071216,Gt,krausmann2018,observed
2012,MK,bricks,80.495424,Gt,krausmann2018,observed
2013,MK,bricks,81.841112,Gt,krausmann2018,observed
2014,MK,bricks,83.148992,Gt,krausmann2018,observed
2015,MK,bricks,84.431744,Gt,krausmann2018,observed
1900,MK,concrete,2.3073035,Gt,krausmann2018,observed
1901,MK,concrete,2.368594,Gt,krausmann2018,observed
1902,MK,concrete,2.441722,Gt,krausmann2018,observed
1903,MK,concrete,2.5274815,Gt,krausmann2018,observed
1904,MK,concrete,2.6244915,Gt,krausmann2018,observed
1905,MK,concrete,2.73272975,Gt,krausmann2018,observed
1906,MK,concrete,2.8529505,Gt,krausmann2018,observed
1907,MK,concrete,2.98394375,Gt,krausmann2018,observed
1908,MK,concrete,3.1251555,Gt,krausmann2018,observed
1909,MK,concrete,3.27700075,Gt,krausmann2018,observed
1910,MK,concrete,3.439588,Gt,krausmann2018,observed
1911,MK,concrete,3.61240225,Gt,krausmann2018,observed
1912,MK,concrete,3.794274,Gt,krausmann2018,observed
1913,MK,concrete,3.98584025,Gt,krausmann2018,observed
1914,MK,concrete,4.15045375,Gt,krausmann2018,observed
1915,MK,concrete,4.28858,Gt,krausmann2018,observed
1916,MK,concrete,4.400425,Gt,krausmann2018,observed
1917,MK,concrete,4.486345,Gt,krausmann2018,observed
1918,MK,concrete,4.546786,Gt,krausmann2018,observed
1919,MK,concrete,4.5824145,Gt,krausmann2018,observed
1920,MK,concrete,4.6645935,Gt,krausmann2018,observed
1921,MK,concrete,4.7421065,Gt,krausmann2018,observed
1922,MK,concrete,4.896273,Gt,krausmann2018,observed
1923,MK,concrete,5.050678,Gt,krausmann2018,observed
1924,MK,concrete,5.2662395,Gt,krausmann2018,observed
1925,MK,concrete,5.5400445,Gt,krausmann2018,observed
1926,MK,concrete,5.8473605,Gt,krausmann2018,observed
1927,MK,concrete,6.184917,Gt,krausmann2018,observed
1928,MK,concrete,6.545626,Gt,krausmann2018,observed
1929,MK,concrete,6.9176485,Gt,krausmann2018,observed
1930,MK,concrete,7.2650805,Gt,krausmann2018,observed
1931,MK,concrete,7.537903,Gt,krausmann2018,observed
1932,MK,concrete,7.716928,Gt,krausmann2018,observed
1933,MK,concrete,7.884944,Gt,krausmann2018,observed
1934,MK,concrete,8.1190265,Gt,krausmann2018,observed
1935,MK,concrete,8.395672,Gt,krausmann2018,observed
1936,MK,concrete,8.648405,Gt,krausmann2018,observed
1937,MK,concrete,9.031855,Gt,krausmann2018,observed
1938,MK,concrete,9.428211,Gt,krausmann2018,observed
1939,MK,concrete,9.865069,Gt,krausmann2018,observed
1940,MK,concrete,10.210195,Gt,krausmann2018,observed
1941,MK,concrete,10.595046,Gt,krausmann2018,observed
1942,MK,concrete,10.926094,Gt,krausmann2018,observed
1943,MK,concrete,11.185257,Gt,krausmann2018,observed
1944,MK,concrete,11.329788,Gt,krausmann2018,observed
1945,MK,concrete,11.434655,Gt,krausmann2018,observed
1946,MK,concrete,11.691276,Gt,krausmann2018,observed
1947,MK,concrete,12.034363,Gt,krausmann2018,observed
1948,MK,concrete,12.477607,Gt,krausmann2018,observed
1949,MK,concrete,12.999066,Gt,krausmann2018,observed
1950,MK,concrete,13.633692,Gt,krausmann2018,observed
1951,MK,concrete,14.359705,Gt,krausmann2018,observed
1952,MK,concrete,15.153667,Gt,krausmann2018,observed
1953,MK,concrete,16.046944,Gt,krausmann2018,observed
1954,MK,concrete,17.036058,Gt,krausmann2018,observed
1955,MK,concrete,18.153718,Gt,krausmann2018,observed
1956,MK,concrete,19.37053,Gt,krausmann2018,observed
1957,MK,concrete,20.638394,Gt,krausmann2018,observed
1958,MK,concrete,21.985796,Gt,krausmann2018,observed
1959,MK,concrete,23.512742,Gt,krausmann2018,observed
1960,MK,concrete,25.166254,Gt,krausmann2018,observed
1961,MK,concrete,26.898434,Gt,krausmann2018,observed
1962,MK,concrete,28.765424,Gt,krausmann2018,observed
1963,MK,concrete,30.728622,Gt,krausmann2018,observed
1964,MK,concrete,32.909732,Gt,krausmann2018,observed
1965,MK,concrete,35.164736,Gt,krausmann2018,observed
1966,MK,concrete,37.577084,Gt,krausmann2018,observed
1967,MK,concrete,40.054768,Gt,krausmann2018,observed
1968,MK,concrete,42.710204,Gt,krausmann2018,observed
1969,MK,concrete,45.499684,Gt,krausmann2018,observed
1970,MK,concrete,48.433432,Gt,krausmann2018,observed
1971,MK,concrete,51.425476,Gt,krausmann2018,observed
1972,MK,concrete,54.831064,Gt,krausmann2018,observed
1973,MK,concrete,58.452816,Gt,krausmann2018,observed
1974,MK,concrete,62.005608,Gt,krausmann2018,observed
1975,MK,concrete,65.484088,Gt,krausmann2018,observed
1976,MK,concrete,69.10592,Gt,krausmann2018,observed
1977,MK,concrete,73.0734,Gt,krausmann2018,observed
1978,MK,concrete,77.329832,Gt,krausmann2018,observed
1979,MK,concrete,81.660432,Gt,krausmann2018,observed
1980,MK,concrete,85.959624,Gt,krausmann2018,observed
1981,MK,concrete,90.223568,Gt,krausmann2018,observed
1982,MK,concrete,94.409632,Gt,krausmann2018,observed
1983,MK,concrete,98.69696,Gt,krausmann2018,observed
1984,MK,concrete,103.088728,Gt,krausmann2018,observed
1985,MK,concrete,107.5126,Gt,krausmann2018,observed
1986,MK,concrete,112.177328,Gt,krausmann2018,observed
1987,MK,concrete,117.089968,Gt,krausmann2018,observed
1988,MK,concrete,122.353496,Gt,krausmann2018,observed
1989,MK,concrete,127.000624,Gt,krausmann2018,observed
1990,MK,concrete,131.56524,Gt,krausmann2018,observed
1991,MK,concrete,137.008288,Gt,krausmann2018,observed
1992,MK,concrete,141.922,Gt,krausmann2018,observed
1993,MK,concrete,147.87272,Gt,krausmann2018,observed
1994,MK,concrete,154.26616,Gt,krausmann2018,observed
1995,MK,concrete,161.026304,Gt,krausmann2018,observed
1996,MK,concrete,167.998064,Gt,krausmann2018,observed
1997,MK,concrete,175.224064,Gt,krausmann2018,observed
1998,MK,concrete,182.222576,Gt,krausmann2018,observed
1999,MK,concrete,189.475456,Gt,krausmann2018,observed
2000,MK,concrete,197.019584,Gt,krausmann2018,observed
2001,MK,concrete,205.032864,Gt,krausmann2018,observed
2002,MK,concrete,213.5456,Gt,krausmann2018,observed
2003,MK,concrete,223.074816,Gt,krausmann2018,observed
2004,MK,concrete,233.573696,Gt,krausmann2018,observed
2005,MK,concrete,244.87856,Gt,krausmann2018,observed
2006,MK,concrete,257.8104,Gt,krausmann2018,observed
2007,MK,concrete,271.779008,Gt,krausmann2018,observed
2008,MK,concrete,285.774784,Gt,krausmann2018,observed
2009,MK,concrete,300.906784,Gt,krausmann2018,observed
2010,MK,concrete,317.293504,Gt,krausmann2018,observed
2011,MK,concrete,335.819904,Gt,krausmann2018,observed
2012,MK,concrete,355.099392,Gt,krausmann2018,observed
2013,MK,concrete,375.763072,Gt,krausmann2018,observed
2014,MK,concrete,396.740672,Gt,krausmann2018,observed
2015,MK,concrete,417.1978096,Gt,krausmann2018,observed
1900,MK,humans,0.07113752981,Gt,krausmann2018,observed
1901,MK,humans,0.07193440186,Gt,krausmann2018,observed
1902,MK,humans,0.07273127391,Gt,krausmann2018,observed
1903,MK,humans,0.07352814596,Gt,krausmann2018,observed
1904,MK,humans,0.07432501801,Gt,krausmann2018,observed
1905,MK,humans,0.07512189006,Gt,krausmann2018,observed
1906,MK,humans,0.07591876211,Gt,krausmann2018,observed
1907,MK,humans,0.07671563416,Gt,krausmann2018,observed
1908,MK,humans,0.07751250621,Gt,krausmann2018,observed
1909,MK,humans,0.07830937826,Gt,krausmann2018,observed
1910,MK,humans,0.07910625031,Gt,krausmann2018,observed
1911,MK,humans,0.07990312236,Gt,krausmann2018,observed
1912,MK,humans,0.08069999441,Gt,krausmann2018,observed
1913,MK,humans,0.08149686645,Gt,krausmann2018,observed
1914,MK,humans,0.08239961523,Gt,krausmann2018,observed
1915,MK,humans,0.08330236401,Gt,krausmann2018,observed
1916,MK,humans,0.08420511279,Gt,krausmann2018,observed
1917,MK,humans,0.08510786157,Gt,krausmann2018,observed
1918,MK,humans,0.08601061035,Gt,krausmann2018,observed
1919,MK,humans,0.08691335912,Gt,krausmann2018,observed
1920,MK,humans,0.0878161079,Gt,krausmann2018,observed
1921,MK,humans,0.08871885668,Gt,krausmann2018,observed
1922,MK,humans,0.08962160546,Gt,krausmann2018,observed
1923,MK,humans,0.09052435424,Gt,krausmann2018,observed
1924,MK,humans,0.09142710301,Gt,krausmann2018,observed
1925,MK,humans,0.09232985179,Gt,krausmann2018,observed
1926,MK,humans,0.09323260057,Gt,krausmann2018,observed
1927,MK,humans,0.09413534935,Gt,krausmann2018,observed
1928,MK,humans,0.09503809813,Gt,krausmann2018,observed
1929,MK,humans,0.09594084691,Gt,krausmann2018,observed
1930,MK,humans,0.09684359568,Gt,krausmann2018,observed
1931,MK,humans,0.09774634446,Gt,krausmann2018,observed
1932,MK,humans,0.09864909324,Gt,krausmann2018,observed
1933,MK,humans,0.09955184202,Gt,krausmann2018,observed
1934,MK,humans,0.1004545908,Gt,krausmann2018,observed
1935,MK,humans,0.1013573396,Gt,krausmann2018,observed
1936,MK,humans,0.1022600884,Gt,krausmann2018,observed
1937,MK,humans,0.1031628371,Gt,krausmann2018,observed
1938,MK,humans,0.1040655859,Gt,krausmann2018,observed
1939,MK,humans,0.1049683347,Gt,krausmann2018,observed
1940,MK,humans,0.1058710835,Gt,krausmann2018,observed
1941,MK,humans,0.1067738322,Gt,krausmann2018,observed
1942,MK,humans,0.107676581,Gt,krausmann2018,observed
1943,MK,humans,0.1085793298,Gt,krausmann2018,observed
1944,MK,humans,0.1094820786,Gt,krausmann2018,observed
1945,MK,humans,0.1103848274,Gt,krausmann2018,observed
1946,MK,humans,0.1112875761,Gt,krausmann2018,observed
1947,MK,humans,0.1121903249,Gt,krausmann2018,observed
1948,MK,humans,0.1130930737,Gt,krausmann2018,observed
1949,MK,humans,0.1139958225,Gt,krausmann2018,observed
1950,MK,humans,0.1148985712,Gt,krausmann2018,observed
1951,MK,humans,0.1171101919,Gt,krausmann2018,observed
1952,MK,humans,0.1193130685,Gt,krausmann2018,observed
1953,MK,humans,0.1215253618,Gt,krausmann2018,observed
1954,MK,humans,0.1237621687,Gt,krausmann2018,observed
1955,MK,humans,0.1260354863,Gt,krausmann2018,observed
1956,MK,humans,0.1283638989,Gt,krausmann2018,observed
1957,MK,humans,0.1307431665,Gt,krausmann2018,observed
1958,MK,humans,0.1331759985,Gt,krausmann2018,observed
1959,MK,humans,0.1356628221,Gt,krausmann2018,observed
1960,MK,humans,0.1382035746,Gt,krausmann2018,observed
1961,MK,humans,0.1410455595,Gt,krausmann2018,observed
1962,MK,humans,0.1439485308,Gt,krausmann2018,observed
1963,MK,humans,0.1469209759,Gt,krausmann2018,observed
1964,MK,humans,0.1499732831,Gt,krausmann2018,observed
1965,MK,humans,0.1531116367,Gt,krausmann2018,observed
1966,MK,humans,0.1567386174,Gt,krausmann2018,observed
1967,MK,humans,0.1604508515,Gt,krausmann2018,observed
1968,MK,humans,0.1642344689,Gt,krausmann2018,observed
1969,MK,humans,0.1680700195,Gt,krausmann2018,observed
1970,MK,humans,0.1719418973,Gt,krausmann2018,observed
1971,MK,humans,0.1760162599,Gt,krausmann2018,observed
1972,MK,humans,0.1801247823,Gt,krausmann2018,observed
1973,MK,humans,0.1842575609,Gt,krausmann2018,observed
1974,MK,humans,0.1884035486,Gt,krausmann2018,observed
1975,MK,humans,0.1925560186,Gt,krausmann2018,observed
1976,MK,humans,0.1969536505,Gt,krausmann2018,observed
1977,MK,humans,0.2013582081,Gt,krausmann2018,observed
1978,MK,humans,0.2057854877,Gt,krausmann2018,observed
1979,MK,humans,0.2102580319,Gt,krausmann2018,observed
1980,MK,humans,0.2147933304,Gt,krausmann2018,observed
1981,MK,humans,0.219603177,Gt,krausmann2018,observed
1982,MK,humans,0.2244742184,Gt,krausmann2018,observed
1983,MK,humans,0.229417798,Gt,krausmann2018,observed
1984,MK,humans,0.2344471352,Gt,krausmann2018,observed
1985,MK,humans,0.2395684875,Gt,krausmann2018,observed
1986,MK,humans,0.2448597904,Gt,krausmann2018,observed
1987,MK,humans,0.2502383319,Gt,krausmann2018,observed
1988,MK,humans,0.2556700182,Gt,krausmann2018,observed
1989,MK,humans,0.2611082595,Gt,krausmann2018,observed
1990,MK,humans,0.2665177231,Gt,krausmann2018,observed
1991,MK,humans,0.2718255794,Gt,krausmann2018,observed
1992,MK,humans,0.2770971083,Gt,krausmann2018,observed
1993,MK,humans,0.2823324954,Gt,krausmann2018,observed
1994,MK,humans,0.2875373462,Gt,krausmann2018,observed
1995,MK,humans,0.2927172991,Gt,krausmann2018,observed
1996,MK,humans,0.2980419629,Gt,krausmann2018,observed
1997,MK,humans,0.3033405686,Gt,krausmann2018,observed
1998,MK,humans,0.308627225,Gt,krausmann2018,observed
1999,MK,humans,0.3139210121,Gt,krausmann2018,observed
2000,MK,humans,0.319237188,Gt,krausmann2018,observed
2001,MK,humans,0.3248290278,Gt,krausmann2018,observed
2002,MK,humans,0.3304507546,Gt,krausmann2018,observed
2003,MK,humans,0.3361076585,Gt,krausmann2018,observed
2004,MK,humans,0.3418042524,Gt,krausmann2018,observed
2005,MK,humans,0.3475437823,Gt,krausmann2018,observed
2006,MK,humans,0.3531813666,Gt,krausmann2018,observed
2007,MK,humans,0.3588642701,Gt,krausmann2018,observed
2008,MK,humans,0.3645906453,Gt,krausmann2018,observed
2009,MK,humans,0.3703569648,Gt,krausmann2018,observed
2010,MK,humans,0.3761595207,Gt,krausmann2018,observed
2011,MK,humans,0.3817774831,Gt,krausmann2018,observed
2012,MK,humans,0.3874269605,Gt,krausmann2018,observed
2013,MK,humans,0.3931007732,Gt,krausmann2018,observed
2014,MK,humans,0.3987899434,Gt,krausmann2018,observed
2015,MK,humans,0.4044868243,Gt,krausmann2018,observed
1900,MK,humans_and_livestock,0.2554698551,Gt,krausmann2018,observed
1901,MK,humans_and_livestock,0.2578889225,Gt,krausmann2018,observed
1902,MK,humans_and_livestock,0.26030799,Gt,krausmann2018,observed
1903,MK,humans_and_livestock,0.2627270574,Gt,krausmann2018,observed
1904,MK,humans_and_livestock,0.2651461249,Gt,krausmann2018,observed
1905,MK,humans_and_livestock,0.2675651923,Gt,krausmann2018,observed
1906,MK,humans_and_livestock,0.2699842597,Gt,krausmann2018,observed
1907,MK,humans_and_livestock,0.2724033272,Gt,krausmann2018,observed
1908,MK,humans_and_livestock,0.2748223946,Gt,krausmann2018,observed
1909,MK,humans_and_livestock,0.2772414621,Gt,krausmann2018,observed
1910,MK,humans_and_livestock,0.2796605295,Gt,krausmann2018,observed
1911,MK,humans_and_livestock,0.282079597,Gt,krausmann2018,observed
1912,MK,humans_and_livestock,0.2844986644,Gt,krausmann2018,observed
1913,MK,humans_and_livestock,0.2869177318,Gt,krausmann2018,observed
1914,MK,humans_and_livestock,0.289442676,Gt,krausmann2018,observed
1915,MK,humans_and_livestock,0.2919676202,Gt,krausmann2018,observed
1916,MK,humans_and_livestock,0.2944925644,Gt,krausmann2018,observed
1917,MK,humans_and_livestock,0.2970175085,Gt,krausmann2018,observed
1918,MK,humans_and_livestock,0.2995424527,Gt,krausmann2018,observed
1919,MK,humans_and_livestock,0.3020673969,Gt,krausmann2018,observed
1920,MK,humans_and_livestock,0.304592341,Gt,krausmann2018,observed
1921,MK,humans_and_livestock,0.3071172852,Gt,krausmann2018,observed
1922,MK,humans_and_livestock,0.3096422294,Gt,krausmann2018,observed
1923,MK,humans_and_livestock,0.3121671735,Gt,krausmann2018,observed
1924,MK,humans_and_livestock,0.3146921177,Gt,krausmann2018,observed
1925,MK,humans_and_livestock,0.3172170619,Gt,krausmann2018,observed
1926,MK,humans_and_livestock,0.3197420061,Gt,krausmann2018,observed
1927,MK,humans_and_livestock,0.3222669502,Gt,krausmann2018,observed
1928,MK,humans_and_livestock,0.3247918944,Gt,krausmann2018,observed
1929,MK,humans_and_livestock,0.3273168386,Gt,krausmann2018,observed
1930,MK,humans_and_livestock,0.3298417827,Gt,krausmann2018,observed
1931,MK,humans_and_livestock,0.331809225,Gt,krausmann2018,observed
1932,MK,humans_and_livestock,0.3337766672,Gt,krausmann2018,observed
1933,MK,humans_and_livestock,0.3357441094,Gt,krausmann2018,observed
1934,MK,humans_and_livestock,0.3377115517,Gt,krausmann2018,observed
1935,MK,humans_and_livestock,0.3396789939,Gt,krausmann2018,observed
1936,MK,humans_and_livestock,0.3416464362,Gt,krausmann2018,observed
1937,MK,humans_and_livestock,0.3436138784,Gt,krausmann2018,observed
1938,MK,humans_and_livestock,0.3455813206,Gt,krausmann2018,observed
1939,MK,humans_and_livestock,0.3475487629,Gt,krausmann2018,observed
1940,MK,humans_and_livestock,0.3495162051,Gt,krausmann2018,observed
1941,MK,humans_and_livestock,0.3514836473,Gt,krausmann2018,observed
1942,MK,humans_and_livestock,0.3534510896,Gt,krausmann2018,observed
1943,MK,humans_and_livestock,0.3554185318,Gt,krausmann2018,observed
1944,MK,humans_and_livestock,0.3573859741,Gt,krausmann2018,observed
1945,MK,humans_and_livestock,0.3593534163,Gt,krausmann2018,observed
1946,MK,humans_and_livestock,0.3613208585,Gt,krausmann2018,observed
1947,MK,humans_and_livestock,0.3632883008,Gt,krausmann2018,observed
1948,MK,humans_and_livestock,0.365255743,Gt,krausmann2018,observed
1949,MK,humans_and_livestock,0.3672231852,Gt,krausmann2018,observed
1950,MK,humans_and_livestock,0.3691906275,Gt,krausmann2018,observed
1951,MK,humans_and_livestock,0.3757944267,Gt,krausmann2018,observed
1952,MK,humans_and_livestock,0.3823894818,Gt,krausmann2018,observed
1953,MK,humans_and_livestock,0.3889939537,Gt,krausmann2018,observed
1954,MK,humans_and_livestock,0.3956229391,Gt,krausmann2018,observed
1955,MK,humans_and_livestock,0.4022884354,Gt,krausmann2018,observed
1956,MK,humans_and_livestock,0.4090090264,Gt,krausmann2018,observed
1957,MK,humans_and_livestock,0.4157804726,Gt,krausmann2018,observed
1958,MK,humans_and_livestock,0.4226054832,Gt,krausmann2018,observed
1959,MK,humans_and_livestock,0.4294844853,Gt,krausmann2018,observed
1960,MK,humans_and_livestock,0.4364174164,Gt,krausmann2018,observed
1961,MK,humans_and_livestock,0.4436515798,Gt,krausmann2018,observed
1962,MK,humans_and_livestock,0.4483401565,Gt,krausmann2018,observed
1963,MK,humans_and_livestock,0.4548171046,Gt,krausmann2018,observed
1964,MK,humans_and_livestock,0.4685802186,Gt,krausmann2018,observed
1965,MK,humans_and_livestock,0.4832489291,Gt,krausmann2018,observed
1966,MK,humans_and_livestock,0.4943327031,Gt,krausmann2018,observed
1967,MK,humans_and_livestock,0.508639014,Gt,krausmann2018,observed
1968,MK,humans_and_livestock,0.5188382836,Gt,krausmann2018,observed
1969,MK,humans_and_livestock,0.5284156738,Gt,krausmann2018,observed
1970,MK,humans_and_livestock,0.5413825243,Gt,krausmann2018,observed
1971,MK,humans_and_livestock,0.5616358602,Gt,krausmann2018,observed
1972,MK,humans_and_livestock,0.5794178791,Gt,krausmann2018,observed
1973,MK,humans_and_livestock,0.5965374054,Gt,krausmann2018,observed
1974,MK,humans_and_livestock,0.6084968268,Gt,krausmann2018,observed
1975,MK,humans_and_livestock,0.6054646671,Gt,krausmann2018,observed
1976,MK,humans_and_livestock,0.6133453179,Gt,krausmann2018,observed
1977,MK,humans_and_livestock,0.6214099539,Gt,krausmann2018,observed
1978,MK,humans_and_livestock,0.6309156982,Gt,krausmann2018,observed
1979,MK,humans_and_livestock,0.6481755142,Gt,krausmann2018,observed
1980,MK,humans_and_livestock,0.6630632526,Gt,krausmann2018,observed
1981,MK,humans_and_livestock,0.6727124926,Gt,krausmann2018,observed
1982,MK,humans_and_livestock,0.6825790521,Gt,krausmann2018,observed
1983,MK,humans_and_livestock,0.6949730272,Gt,krausmann2018,observed
1984,MK,humans_and_livestock,0.703422984,Gt,krausmann2018,observed
1985,MK,humans_and_livestock,0.7144909252,Gt,krausmann2018,observed
1986,MK,humans_and_livestock,0.7238151501,Gt,krausmann2018,observed
1987,MK,humans_and_livestock,0.7392038729,Gt,krausmann2018,observed
1988,MK,humans_and_livestock,0.7514178219,Gt,krausmann2018,observed
1989,MK,humans_and_livestock,0.7697351492,Gt,krausmann2018,observed
1990,MK,humans_and_livestock,0.7821143341,Gt,krausmann2018,observed
1991,MK,humans_and_livestock,0.7904984058,Gt,krausmann2018,observed
1992,MK,humans_and_livestock,0.8014883179,Gt,krausmann2018,observed
1993,MK,humans_and_livestock,0.7966838258,Gt,krausmann2018,observed
1994,MK,humans_and_livestock,0.8077606159,Gt,krausmann2018,observed
1995,MK,humans_and_livestock,0.8197797628,Gt,krausmann2018,observed
1996,MK,humans_and_livestock,0.8284204095,Gt,krausmann2018,observed
1997,MK,humans_and_livestock,0.8271262485,Gt,krausmann2018,observed
1998,MK,humans_and_livestock,0.8254004889,Gt,krausmann2018,observed
1999,MK,humans_and_livestock,0.8324132079,Gt,krausmann2018,observed
2000,MK,humans_and_livestock,0.8451362339,Gt,krausmann2018,observed
2001,MK,humans_and_livestock,0.8552146908,Gt,krausmann2018,observed
2002,MK,humans_and_livestock,0.8718740043,Gt,krausmann2018,observed
2003,MK,humans_and_livestock,0.8838882611,Gt,krausmann2018,observed
2004,MK,humans_and_livestock,0.9052983865,Gt,krausmann2018,observed
2005,MK,humans_and_livestock,0.9269340517,Gt,krausmann2018,observed
2006,MK,humans_and_livestock,0.9451987938,Gt,krausmann2018,observed
2007,MK,humans_and_livestock,0.9637475073,Gt,krausmann2018,observed
2008,MK,humans_and_livestock,0.9745409252,Gt,krausmann2018,observed
2009,MK,humans_and_livestock,0.9835265682,Gt,krausmann2018,observed
2010,MK,humans_and_livestock,0.9957994255,Gt,krausmann2018,observed
2011,MK,humans_and_livestock,1.003421843,Gt,krausmann2018,observed
2012,MK,humans_and_livestock,1.005238414,Gt,krausmann2018,observed
2013,MK,humans_and_livestock,1.012131292,Gt,krausmann2018,observed
2014,MK,humans_and_livestock,1.02552656,Gt,krausmann2018,observed
2015,MK,humans_and_livestock,1.039025469,Gt,krausmann2018,observed
1900,MK,livestock,0.1843323253,Gt,krausmann2018,observed
1901,MK,livestock,0.1859545207,Gt,krausmann2018,observed
1902,MK,livestock,0.1875767161,Gt,krausmann2018,observed
1903,MK,livestock,0.1891989115,Gt,krausmann2018,observed
1904,MK,livestock,0.1908211069,Gt,krausmann2018,observed
1905,MK,livestock,0.1924433022,Gt,krausmann2018,observed
1906,MK,livestock,0.1940654976,Gt,krausmann2018,observed
1907,MK,livestock,0.195687693,Gt,krausmann2018,observed
1908,MK,livestock,0.1973098884,Gt,krausmann2018,observed
1909,MK,livestock,0.1989320838,Gt,krausmann2018,observed
1910,MK,livestock,0.2005542792,Gt,krausmann2018,observed
1911,MK,livestock,0.2021764746,Gt,krausmann2018,observed
1912,MK,livestock,0.20379867,Gt,krausmann2018,observed
1913,MK,livestock,0.2054208654,Gt,krausmann2018,observed
1914,MK,livestock,0.2070430608,Gt,krausmann2018,observed
1915,MK,livestock,0.2086652562,Gt,krausmann2018,observed
1916,MK,livestock,0.2102874516,Gt,krausmann2018,observed
1917,MK,livestock,0.211909647,Gt,krausmann2018,observed
1918,MK,livestock,0.2135318423,Gt,krausmann2018,observed
1919,MK,livestock,0.2151540377,Gt,krausmann2018,observed
1920,MK,livestock,0.2167762331,Gt,krausmann2018,observed
1921,MK,livestock,0.2183984285,Gt,krausmann2018,observed
1922,MK,livestock,0.2200206239,Gt,krausmann2018,observed
1923,MK,livestock,0.2216428193,Gt,krausmann2018,observed
1924,MK,livestock,0.2232650147,Gt,krausmann2018,observed
1925,MK,livestock,0.2248872101,Gt,krausmann2018,observed
1926,MK,livestock,0.2265094055,Gt,krausmann2018,observed
1927,MK,livestock,0.2281316009,Gt,krausmann2018,observed
1928,MK,livestock,0.2297537963,Gt,krausmann2018,observed
1929,MK,livestock,0.2313759917,Gt,krausmann2018,observed
1930,MK,livestock,0.2329981871,Gt,krausmann2018,observed
1931,MK,livestock,0.2340628805,Gt,krausmann2018,observed
1932,MK,livestock,0.235127574,Gt,krausmann2018,observed
1933,MK,livestock,0.2361922674,Gt,krausmann2018,observed
1934,MK,livestock,0.2372569609,Gt,krausmann2018,observed
1935,MK,livestock,0.2383216543,Gt,krausmann2018,observed
1936,MK,livestock,0.2393863478,Gt,krausmann2018,observed
1937,MK,livestock,0.2404510413,Gt,krausmann2018,observed
1938,MK,livestock,0.2415157347,Gt,krausmann2018,observed
1939,MK,livestock,0.2425804282,Gt,krausmann2018,observed
1940,MK,livestock,0.2436451216,Gt,krausmann2018,observed
1941,MK,livestock,0.2447098151,Gt,krausmann2018,observed
1942,MK,livestock,0.2457745086,Gt,krausmann2018,observed
1943,MK,livestock,0.246839202,Gt,krausmann2018,observed
1944,MK,livestock,0.2479038955,Gt,krausmann2018,observed
1945,MK,livestock,0.2489685889,Gt,krausmann2018,observed
1946,MK,livestock,0.2500332824,Gt,krausmann2018,observed
1947,MK,livestock,0.2510979758,Gt,krausmann2018,observed
1948,MK,livestock,0.2521626693,Gt,krausmann2018,observed
1949,MK,livestock,0.2532273628,Gt,krausmann2018,observed
1950,MK,livestock,0.2542920562,Gt,krausmann2018,observed
1951,MK,livestock,0.2586842348,Gt,krausmann2018,observed
1952,MK,livestock,0.2630764133,Gt,krausmann2018,observed
1953,MK,livestock,0.2674685919,Gt,krausmann2018,observed
1954,MK,livestock,0.2718607705,Gt,krausmann2018,observed
1955,MK,livestock,0.276252949,Gt,krausmann2018,observed
1956,MK,livestock,0.2806451276,Gt,krausmann2018,observed
1957,MK,livestock,0.2850373061,Gt,krausmann2018,observed
1958,MK,livestock,0.2894294847,Gt,krausmann2018,observed
1959,MK,livestock,0.2938216632,Gt,krausmann2018,observed
1960,MK,livestock,0.2982138418,Gt,krausmann2018,observed
1961,MK,livestock,0.3026060204,Gt,krausmann2018,observed
1962,MK,livestock,0.3043916257,Gt,krausmann2018,observed
1963,MK,livestock,0.3078961287,Gt,krausmann2018,observed
1964,MK,livestock,0.3186069355,Gt,krausmann2018,observed
1965,MK,livestock,0.3301372923,Gt,krausmann2018,observed
1966,MK,livestock,0.3375940858,Gt,krausmann2018,observed
1967,MK,livestock,0.3481881625,Gt,krausmann2018,observed
1968,MK,livestock,0.3546038146,Gt,krausmann2018,observed
1969,MK,livestock,0.3603456544,Gt,krausmann2018,observed
1970,MK,livestock,0.369440627,Gt,krausmann2018,observed
1971,MK,livestock,0.3856196003,Gt,krausmann2018,observed
1972,MK,livestock,0.3992930968,Gt,krausmann2018,observed
1973,MK,livestock,0.4122798445,Gt,krausmann2018,observed
1974,MK,livestock,0.4200932782,Gt,krausmann2018,observed
1975,MK,livestock,0.4129086485,Gt,krausmann2018,observed
1976,MK,livestock,0.4163916674,Gt,krausmann2018,observed
1977,MK,livestock,0.4200517458,Gt,krausmann2018,observed
1978,MK,livestock,0.4251302105,Gt,krausmann2018,observed
1979,MK,livestock,0.4379174823,Gt,krausmann2018,observed
1980,MK,livestock,0.4482699221,Gt,krausmann2018,observed
1981,MK,livestock,0.4531093157,Gt,krausmann2018,observed
1982,MK,livestock,0.4581048337,Gt,krausmann2018,observed
1983,MK,livestock,0.4655552292,Gt,krausmann2018,observed
1984,MK,livestock,0.4689758488,Gt,krausmann2018,observed
1985,MK,livestock,0.4749224377,Gt,krausmann2018,observed
1986,MK,livestock,0.4789553598,Gt,krausmann2018,observed
1987,MK,livestock,0.488965541,Gt,krausmann2018,observed
1988,MK,livestock,0.4957478037,Gt,krausmann2018,observed
1989,MK,livestock,0.5086268897,Gt,krausmann2018,observed
1990,MK,livestock,0.515596611,Gt,krausmann2018,observed
1991,MK,livestock,0.5186728264,Gt,krausmann2018,observed
1992,MK,livestock,0.5243912097,Gt,krausmann2018,observed
1993,MK,livestock,0.5143513304,Gt,krausmann2018,observed
1994,MK,livestock,0.5202232697,Gt,krausmann2018,observed
1995,MK,livestock,0.5270624637,Gt,krausmann2018,observed
1996,MK,livestock,0.5303784466,Gt,krausmann2018,observed
1997,MK,livestock,0.5237856799,Gt,krausmann2018,observed
1998,MK,livestock,0.5167732639,Gt,krausmann2018,observed
1999,MK,livestock,0.5184921958,Gt,krausmann2018,observed
2000,MK,livestock,0.5258990459,Gt,krausmann2018,observed
2001,MK,livestock,0.530385663,Gt,krausmann2018,observed
2002,MK,livestock,0.5414232497,Gt,krausmann2018,observed
2003,MK,livestock,0.5477806026,Gt,krausmann2018,observed
2004,MK,livestock,0.5634941341,Gt,krausmann2018,observed
2005,MK,livestock,0.5793902694,Gt,krausmann2018,observed
2006,MK,livestock,0.5920174271,Gt,krausmann2018,observed
2007,MK,livestock,0.6048832372,Gt,krausmann2018,observed
2008,MK,livestock,0.6099502799,Gt,krausmann2018,observed
2009,MK,livestock,0.6131696035,Gt,krausmann2018,observed
2010,MK,livestock,0.6196399048,Gt,krausmann2018,observed
2011,MK,livestock,0.6216443594,Gt,krausmann2018,observed
2012,MK,livestock,0.6178114533,Gt,krausmann2018,observed
2013,MK,livestock,0.6190305185,Gt,krausmann2018,observed
2014,MK,livestock,0.6267366164,Gt,krausmann2018,observed
2015,MK,livestock,0.6345386449,Gt,krausmann2018,observed
1900,MK,manufactured_capital,35.60524415,Gt,krausmann2018,observed
1901,MK,manufactured_capital,36.0792218,Gt,krausmann2018,observed
1902,MK,manufactured_capital,36.55821837,Gt,krausmann2018,observed
1903,MK,manufactured_capital,37.05718937,Gt,krausmann2018,observed
1904,MK,manufactured_capital,37.5628579,Gt,krausmann2018,observed
1905,MK,manufactured_capital,38.11411095,Gt,krausmann2018,observed
1906,MK,manufactured_capital,38.6714584,Gt,krausmann2018,observed
1907,MK,manufactured_capital,39.2614521,Gt,krausmann2018,observed
1908,MK,manufactured_capital,39.86494835,Gt,krausmann2018,observed
1909,MK,manufactured_capital,40.50403969,Gt,krausmann2018,observed
1910,MK,manufactured_capital,41.15230489,Gt,krausmann2018,observed
1911,MK,manufactured_capital,41.79638252,Gt,krausmann2018,observed
1912,MK,manufactured_capital,42.46025319,Gt,krausmann2018,observed
1913,MK,manufactured_capital,43.14917067,Gt,krausmann2018,observed
1914,MK,manufactured_capital,43.78211545,Gt,krausmann2018,observed
1915,MK,manufactured_capital,44.38289789,Gt,krausmann2018,observed
1916,MK,manufactured_capital,44.99683881,Gt,krausmann2018,observed
1917,MK,manufactured_capital,45.57035199,Gt,krausmann2018,observed
1918,MK,manufactured_capital,46.15189012,Gt,krausmann2018,observed
1919,MK,manufactured_capital,46.63461682,Gt,krausmann2018,observed
1920,MK,manufactured_capital,47.18794926,Gt,krausmann2018,observed
1921,MK,manufactured_capital,47.71371557,Gt,krausmann2018,observed
1922,MK,manufactured_capital,48.34343901,Gt,krausmann2018,observed
1923,MK,manufactured_capital,49.00599709,Gt,krausmann2018,observed
1924,MK,manufactured_capital,49.75464794,Gt,krausmann2018,observed
1925,MK,manufactured_capital,50.56611264,Gt,krausmann2018,observed
1926,MK,manufactured_capital,51.44717435,Gt,krausmann2018,observed
1927,MK,manufactured_capital,52.40801943,Gt,krausmann2018,observed
1928,MK,manufactured_capital,53.39561082,Gt,krausmann2018,observed
1929,MK,manufactured_capital,54.42932612,Gt,krausmann2018,observed
1930,MK,manufactured_capital,55.42650605,Gt,krausmann2018,observed
1931,MK,manufactured_capital,56.36188329,Gt,krausmann2018,observed
1932,MK,manufactured_capital,57.18800249,Gt,krausmann2018,observed
1933,MK,manufactured_capital,58.01938409,Gt,krausmann2018,observed
1934,MK,manufactured_capital,58.96060416,Gt,krausmann2018,observed
1935,MK,manufactured_capital,59.95008298,Gt,krausmann2018,observed
1936,MK,manufactured_capital,60.99613575,Gt,krausmann2018,observed
1937,MK,manufactured_capital,62.23944494,Gt,krausmann2018,observed
1938,MK,manufactured_capital,63.49346808,Gt,krausmann2018,observed
1939,MK,manufactured_capital,64.81690905,Gt,krausmann2018,observed
1940,MK,manufactured_capital,66.13005207,Gt,krausmann2018,observed
1941,MK,manufactured_capital,67.51383669,Gt,krausmann2018,observed
1942,MK,manufactured_capital,68.85560639,Gt,krausmann2018,observed
1943,MK,manufactured_capital,70.1759406,Gt,krausmann2018,observed
1944,MK,manufactured_capital,71.44425124,Gt,krausmann2018,observed
1945,MK,manufactured_capital,72.67535398,Gt,krausmann2018,observed
1946,MK,manufactured_capital,74.11274361,Gt,krausmann2018,observed
1947,MK,manufactured_capital,75.77802632,Gt,krausmann2018,observed
1948,MK,manufactured_capital,77.63957207,Gt,krausmann2018,observed
1949,MK,manufactured_capital,79.68769091,Gt,krausmann2018,observed
1950,MK,manufactured_capital,82.02572453,Gt,krausmann2018,observed
1951,MK,manufactured_capital,84.61641115,Gt,krausmann2018,observed
1952,MK,manufactured_capital,87.41664091,Gt,krausmann2018,observed
1953,MK,manufactured_capital,90.39209242,Gt,krausmann2018,observed
1954,MK,manufactured_capital,93.64238871,Gt,krausmann2018,observed
1955,MK,manufactured_capital,97.0759443,Gt,krausmann2018,observed
1956,MK,manufactured_capital,100.8306266,Gt,krausmann2018,observed
1957,MK,manufactured_capital,104.7888345,Gt,krausmann2018,observed
1958,MK,manufactured_capital,108.9531186,Gt,krausmann2018,observed
1959,MK,manufactured_capital,113.4452295,Gt,krausmann2018,observed
1960,MK,manufactured_capital,118.2876748,Gt,krausmann2018,observed
1961,MK,manufactured_capital,123.4265201,Gt,krausmann2018,observed
1962,MK,manufactured_capital,128.8910081,Gt,krausmann2018,observed
1963,MK,manufactured_capital,134.7133277,Gt,krausmann2018,observed
1964,MK,manufactured_capital,141.0868563,Gt,krausmann2018,observed
1965,MK,manufactured_capital,147.8153137,Gt,krausmann2018,observed
1966,MK,manufactured_capital,155.1356903,Gt,krausmann2018,observed
1967,MK,manufactured_capital,162.4946492,Gt,krausmann2018,observed
1968,MK,manufactured_capital,170.4633324,Gt,krausmann2018,observed
1969,MK,manufactured_capital,178.7468139,Gt,krausmann2018,observed
1970,MK,manufactured_capital,187.8191861,Gt,krausmann2018,observed
1971,MK,manufactured_capital,196.9922258,Gt,krausmann2018,observed
1972,MK,manufactured_capital,207.4040516,Gt,krausmann2018,observed
1973,MK,manufactured_capital,218.1509481,Gt,krausmann2018,observed
1974,MK,manufactured_capital,229.0763115,Gt,krausmann2018,observed
1975,MK,manufactured_capital,239.5264085,Gt,krausmann2018,observed
1976,MK,manufactured_capital,249.9505266,Gt,krausmann2018,observed
1977,MK,manufactured_capital,260.6095128,Gt,krausmann2018,observed
1978,MK,manufactured_capital,271.744894,Gt,krausmann2018,observed
1979,MK,manufactured_capital,283.1896233,Gt,krausmann2018,observed
1980,MK,manufactured_capital,294.5070663,Gt,krausmann2018,observed
1981,MK,manufactured_capital,305.1775736,Gt,krausmann2018,observed
1982,MK,manufactured_capital,315.4915198,Gt,krausmann2018,observed
1983,MK,manufactured_capital,325.8412944,Gt,krausmann2018,observed
1984,MK,manufactured_capital,336.6893783,Gt,krausmann2018,observed
1985,MK,manufactured_capital,347.614282,Gt,krausmann2018,observed
1986,MK,manufactured_capital,358.9926333,Gt,krausmann2018,observed
1987,MK,manufactured_capital,370.9090472,Gt,krausmann2018,observed
1988,MK,manufactured_capital,383.8058409,Gt,krausmann2018,observed
1989,MK,manufactured_capital,396.1545388,Gt,krausmann2018,observed
1990,MK,manufactured_capital,408.3964376,Gt,krausmann2018,observed
1991,MK,manufactured_capital,421.7931645,Gt,krausmann2018,observed
1992,MK,manufactured_capital,435.1348274,Gt,krausmann2018,observed
1993,MK,manufactured_capital,449.8678576,Gt,krausmann2018,observed
1994,MK,manufactured_capital,465.2940164,Gt,krausmann2018,observed
1995,MK,manufactured_capital,482.5337584,Gt,krausmann2018,observed
1996,MK,manufactured_capital,499.614954,Gt,krausmann2018,observed
1997,MK,manufactured_capital,517.0800316,Gt,krausmann2018,observed
1998,MK,manufactured_capital,535.262777,Gt,krausmann2018,observed
1999,MK,manufactured_capital,553.7551827,Gt,krausmann2018,observed
2000,MK,manufactured_capital,572.573378,Gt,krausmann2018,observed
2001,MK,manufactured_capital,591.1931117,Gt,krausmann2018,observed
2002,MK,manufactured_capital,609.8890756,Gt,krausmann2018,observed
2003,MK,manufactured_capital,630.0843633,Gt,krausmann2018,observed
2004,MK,manufactured_capital,651.5564318,Gt,krausmann2018,observed
2005,MK,manufactured_capital,674.0892348,Gt,krausmann2018,observed
2006,MK,manufactured_capital,698.6737359,Gt,krausmann2018,observed
2007,MK,manufactured_capital,724.370936,Gt,krausmann2018,observed
2008,MK,manufactured_capital,749.6552391,Gt,krausmann2018,observed
2009,MK,manufactured_capital,775.70772,Gt,krausmann2018,observed
2010,MK,manufactured_capital,803.3874067,Gt,krausmann2018,observed
2011,MK,manufactured_capital,833.4031519,Gt,krausmann2018,observed
2012,MK,manufactured_capital,864.0753459,Gt,krausmann2018,observed
2013,MK,manufactured_capital,896.0151036,Gt,krausmann2018,observed
2014,MK,manufactured_capital,928.3383179,Gt,krausmann2018,observed
2015,MK,manufactured_capital,959.6117808,Gt,krausmann2018,observed
1900,MK,metals,0.8833648254,Gt,krausmann2018,observed
1901,MK,metals,0.9283418048,Gt,krausmann2018,observed
1902,MK,metals,0.9736957548,Gt,krausmann2018,observed
1903,MK,metals,1.01928819,Gt,krausmann2018,observed
1904,MK,metals,1.065312445,Gt,krausmann2018,observed
1905,MK,metals,1.121549376,Gt,krausmann2018,observed
1906,MK,metals,1.170057709,Gt,krausmann2018,observed
1907,MK,metals,1.235990273,Gt,krausmann2018,observed
1908,MK,metals,1.288438641,Gt,krausmann2018,observed
1909,MK,metals,1.349141166,Gt,krausmann2018,observed
1910,MK,metals,1.417791319,Gt,krausmann2018,observed
1911,MK,metals,1.481502821,Gt,krausmann2018,observed
1912,MK,metals,1.55424324,Gt,krausmann2018,observed
1913,MK,metals,1.640889468,Gt,krausmann2018,observed
1914,MK,metals,1.696640815,Gt,krausmann2018,observed
1915,MK,metals,1.750828284,Gt,krausmann2018,observed
1916,MK,metals,1.817352121,Gt,krausmann2018,observed
1917,MK,metals,1.884855809,Gt,krausmann2018,observed
1918,MK,metals,1.944279223,Gt,krausmann2018,observed
1919,MK,metals,1.993658492,Gt,krausmann2018,observed
1920,MK,metals,2.04991474,Gt,krausmann2018,observed
1921,MK,metals,2.079331733,Gt,krausmann2018,observed
1922,MK,metals,2.124661776,Gt,krausmann2018,observed
1923,MK,metals,2.186603694,Gt,krausmann2018,observed
1924,MK,metals,2.245571033,Gt,krausmann2018,observed
1925,MK,metals,2.315132617,Gt,krausmann2018,observed
1926,MK,metals,2.386788216,Gt,krausmann2018,observed
1927,MK,metals,2.466383498,Gt,krausmann2018,observed
1928,MK,metals,2.546872915,Gt,krausmann2018,observed
1929,MK,metals,2.640582428,Gt,krausmann2018,observed
1930,MK,metals,2.722015437,Gt,krausmann2018,observed
1931,MK,metals,2.771465398,Gt,krausmann2018,observed
1932,MK,metals,2.797647423,Gt,krausmann2018,observed
1933,MK,metals,2.831016208,Gt,krausmann2018,observed
1934,MK,metals,2.879175749,Gt,krausmann2018,observed
1935,MK,metals,2.936950089,Gt,krausmann2018,observed
1936,MK,metals,3.011081869,Gt,krausmann2018,observed
1937,MK,metals,3.107191328,Gt,krausmann2018,observed
1938,MK,metals,3.176482156,Gt,krausmann2018,observed
1939,MK,metals,3.264630398,Gt,krausmann2018,observed
1940,MK,metals,3.353605191,Gt,krausmann2018,observed
1941,MK,metals,3.449947582,Gt,krausmann2018,observed
1942,MK,metals,3.552787277,Gt,krausmann2018,observed
1943,MK,metals,3.654086227,Gt,krausmann2018,observed
1944,MK,metals,3.738799661,Gt,krausmann2018,observed
1945,MK,metals,3.800605507,Gt,krausmann2018,observed
1946,MK,metals,3.857431019,Gt,krausmann2018,observed
1947,MK,metals,3.93158877,Gt,krausmann2018,observed
1948,MK,metals,4.022281445,Gt,krausmann2018,observed
1949,MK,metals,4.115133986,Gt,krausmann2018,observed
1950,MK,metals,4.220550992,Gt,krausmann2018,observed
1951,MK,metals,4.346891854,Gt,krausmann2018,observed
1952,MK,metals,4.477489578,Gt,krausmann2018,observed
1953,MK,metals,4.628772102,Gt,krausmann2018,observed
1954,MK,metals,4.812214559,Gt,krausmann2018,observed
1955,MK,metals,4.979874477,Gt,krausmann2018,observed
1956,MK,metals,5.162475846,Gt,krausmann2018,observed
1957,MK,metals,5.364573062,Gt,krausmann2018,observed
1958,MK,metals,5.550255238,Gt,krausmann2018,observed
1959,MK,metals,5.754748449,Gt,krausmann2018,observed
1960,MK,metals,6.002919586,Gt,krausmann2018,observed
1961,MK,metals,6.241469246,Gt,krausmann2018,observed
1962,MK,metals,6.483815254,Gt,krausmann2018,observed
1963,MK,metals,6.734737219,Gt,krausmann2018,observed
1964,MK,metals,7.016631438,Gt,krausmann2018,observed
1965,MK,metals,7.318322898,Gt,krausmann2018,observed
1966,MK,metals,7.627940461,Gt,krausmann2018,observed
1967,MK,metals,7.90929418,Gt,krausmann2018,observed
1968,MK,metals,8.236501039,Gt,krausmann2018,observed
1969,MK,metals,8.590436211,Gt,krausmann2018,observed
1970,MK,metals,8.961942039,Gt,krausmann2018,observed
1971,MK,metals,9.330011188,Gt,krausmann2018,observed
1972,MK,metals,9.718578602,Gt,krausmann2018,observed
1973,MK,metals,10.1464792,Gt,krausmann2018,observed
1974,MK,metals,10.57850825,Gt,krausmann2018,observed
1975,MK,metals,10.97923687,Gt,krausmann2018,observed
1976,MK,metals,11.39819935,Gt,krausmann2018,observed
1977,MK,metals,11.81241677,Gt,krausmann2018,observed
1978,MK,metals,12.24541811,Gt,krausmann2018,observed
1979,MK,metals,12.69673855,Gt,krausmann2018,observed
1980,MK,metals,13.1350708,Gt,krausmann2018,observed
1981,MK,metals,13.55596961,Gt,krausmann2018,observed
1982,MK,metals,13.93509311,Gt,krausmann2018,observed
1983,MK,metals,14.31413447,Gt,krausmann2018,observed
1984,MK,metals,14.72603588,Gt,krausmann2018,observed
1985,MK,metals,15.14276205,Gt,krausmann2018,observed
1986,MK,metals,15.55580323,Gt,krausmann2018,observed
1987,MK,metals,15.97842086,Gt,krausmann2018,observed
1988,MK,metals,16.42726917,Gt,krausmann2018,observed
1989,MK,metals,16.88088453,Gt,krausmann2018,observed
1990,MK,metals,17.31946669,Gt,krausmann2018,observed
1991,MK,metals,17.73317528,Gt,krausmann2018,observed
1992,MK,metals,18.13929462,Gt,krausmann2018,observed
1993,MK,metals,18.5413833,Gt,krausmann2018,observed
1994,MK,metals,18.94998691,Gt,krausmann2018,observed
1995,MK,metals,19.37701106,Gt,krausmann2018,observed
1996,MK,metals,19.79767617,Gt,krausmann2018,observed
1997,MK,metals,20.24040611,Gt,krausmann2018,observed
1998,MK,metals,20.67627989,Gt,krausmann2018,observed
1999,MK,metals,21.11177272,Gt,krausmann2018,observed
2000,MK,metals,21.57922103,Gt,krausmann2018,observed
2001,MK,metals,22.04907259,Gt,krausmann2018,observed
2002,MK,metals,22.54336941,Gt,krausmann2018,observed
2003,MK,metals,23.09099563,Gt,krausmann2018,observed
2004,MK,metals,23.68758759,Gt,krausmann2018,observed
2005,MK,metals,24.35479719,Gt,krausmann2018,observed
2006,MK,metals,25.08880241,Gt,krausmann2018,observed
2007,MK,metals,25.90600262,Gt,krausmann2018,observed
2008,MK,metals,26.71692925,Gt,krausmann2018,observed
2009,MK,metals,27.49185228,Gt,krausmann2018,observed
2010,MK,metals,28.37152531,Gt,krausmann2018,observed
2011,MK,metals,29.32183744,Gt,krausmann2018,observed
2012,MK,metals,30.28295878,Gt,krausmann2018,observed
2013,MK,metals,31.32160981,Gt,krausmann2018,observed
2014,MK,metals,32.3452635,Gt,krausmann2018,observed
2015,MK,metals,33.34610747,Gt,krausmann2018,observed
1900,MK,total,35.860714,Gt,krausmann2018,observed
1901,MK,total,36.33711072,Gt,krausmann2018,observed
1902,MK,total,36.81852636,Gt,krausmann2018,observed
1903,MK,total,37.31991643,Gt,krausmann2018,observed
1904,MK,total,37.82800402,Gt,krausmann2018,observed
1905,MK,total,38.38167614,Gt,krausmann2018,observed
1906,MK,total,38.94144266,Gt,krausmann2018,observed
1907,MK,total,39.53385543,Gt,krausmann2018,observed
1908,MK,total,40.13977075,Gt,krausmann2018,observed
1909,MK,total,40.78128115,Gt,krausmann2018,observed
1910,MK,total,41.43196542,Gt,krausmann2018,observed
1911,MK,total,42.07846212,Gt,krausmann2018,observed
1912,MK,total,42.74475186,Gt,krausmann2018,observed
1913,MK,total,43.4360884,Gt,krausmann2018,observed
1914,MK,total,44.07155812,Gt,krausmann2018,observed
1915,MK,total,44.67486551,Gt,krausmann2018,observed
1916,MK,total,45.29133137,Gt,krausmann2018,observed
1917,MK,total,45.8673695,Gt,krausmann2018,observed
1918,MK,total,46.45143257,Gt,krausmann2018,observed
1919,MK,total,46.93668422,Gt,krausmann2018,observed
1920,MK,total,47.4925416,Gt,krausmann2018,observed
1921,MK,total,48.02083286,Gt,krausmann2018,observed
1922,MK,total,48.65308124,Gt,krausmann2018,observed
1923,MK,total,49.31816427,Gt,krausmann2018,observed
1924,MK,total,50.06934005,Gt,krausmann2018,observed
1925,MK,total,50.8833297,Gt,krausmann2018,observed
1926,MK,total,51.76691636,Gt,krausmann2018,observed
1927,MK,total,52.73028638,Gt,krausmann2018,observed
1928,MK,total,53.72040272,Gt,krausmann2018,observed
1929,MK,total,54.75664296,Gt,krausmann2018,observed
1930,MK,total,55.75634784,Gt,krausmann2018,observed
1931,MK,total,56.69369251,Gt,krausmann2018,observed
1932,MK,total,57.52177916,Gt,krausmann2018,observed
1933,MK,total,58.3551282,Gt,krausmann2018,observed
1934,MK,total,59.29831571,Gt,krausmann2018,observed
1935,MK,total,60.28976197,Gt,krausmann2018,observed
1936,MK,total,61.33778219,Gt,krausmann2018,observed
1937,MK,total,62.58305882,Gt,krausmann2018,observed
1938,MK,total,63.8390494,Gt,krausmann2018,observed
1939,MK,total,65.16445782,Gt,krausmann2018,observed
1940,MK,total,66.47956827,Gt,krausmann2018,observed
1941,MK,total,67.86532034,Gt,krausmann2018,observed
1942,MK,total,69.20905748,Gt,krausmann2018,observed
1943,MK,total,70.53135913,Gt,krausmann2018,observed
1944,MK,total,71.80163721,Gt,krausmann2018,observed
1945,MK,total,73.03470739,Gt,krausmann2018,observed
1946,MK,total,74.47406447,Gt,krausmann2018,observed
1947,MK,total,76.14131462,Gt,krausmann2018,observed
1948,MK,total,78.00482781,Gt,krausmann2018,observed
1949,MK,total,80.05491409,Gt,krausmann2018,observed
1950,MK,total,82.39491516,Gt,krausmann2018,observed
1951,MK,total,84.99220558,Gt,krausmann2018,observed
1952,MK,total,87.79903039,Gt,krausmann2018,observed
1953,MK,total,90.78108637,Gt,krausmann2018,observed
1954,MK,total,94.03801165,Gt,krausmann2018,observed
1955,MK,total,97.47823273,Gt,krausmann2018,observed
1956,MK,total,101.2396356,Gt,krausmann2018,observed
1957,MK,total,105.204615,Gt,krausmann2018,observed
1958,MK,total,109.3757241,Gt,krausmann2018,observed
1959,MK,total,113.874714,Gt,krausmann2018,observed
1960,MK,total,118.7240922,Gt,krausmann2018,observed
1961,MK,total,123.8701717,Gt,krausmann2018,observed
1962,MK,total,129.3393483,Gt,krausmann2018,observed
1963,MK,total,135.1681448,Gt,krausmann2018,observed
1964,MK,total,141.5554366,Gt,krausmann2018,observed
1965,MK,total,148.2985626,Gt,krausmann2018,observed
1966,MK,total,155.630023,Gt,krausmann2018,observed
1967,MK,total,163.0032882,Gt,krausmann2018,observed
1968,MK,total,170.9821707,Gt,krausmann2018,observed
1969,MK,total,179.2752296,Gt,krausmann2018,observed
1970,MK,total,188.3605686,Gt,krausmann2018,observed
1971,MK,total,197.5538617,Gt,krausmann2018,observed
1972,MK,total,207.9834695,Gt,krausmann2018,observed
1973,MK,total,218.7474855,Gt,krausmann2018,observed
1974,MK,total,229.6848084,Gt,krausmann2018,observed
1975,MK,total,240.1318732,Gt,krausmann2018,observed
1976,MK,total,250.5638719,Gt,krausmann2018,observed
1977,MK,total,261.2309228,Gt,krausmann2018,observed
1978,MK,total,272.3758097,Gt,krausmann2018,observed
1979,MK,total,283.8377988,Gt,krausmann2018,observed
1980,MK,total,295.1701295,Gt,krausmann2018,observed
1981,MK,total,305.8502861,Gt,krausmann2018,observed
1982,MK,total,316.1740988,Gt,krausmann2018,observed
1983,MK,total,326.5362674,Gt,krausmann2018,observed
1984,MK,total,337.3928012,Gt,krausmann2018,observed
1985,MK,total,348.328773,Gt,krausmann2018,observed
1986,MK,total,359.7164484,Gt,krausmann2018,observed
1987,MK,total,371.6482511,Gt,krausmann2018,observed
1988,MK,total,384.5572587,Gt,krausmann2018,observed
1989,MK,total,396.9242739,Gt,krausmann2018,observed
1990,MK,total,409.1785519,Gt,krausmann2018,observed
1991,MK,total,422.5836629,Gt,krausmann2018,observed
1992,MK,total,435.9363158,Gt,krausmann2018,observed
1993,MK,total,450.6645414,Gt,krausmann2018,observed
1994,MK,total,466.101777,Gt,krausmann2018,observed
1995,MK,total,483.3535382,Gt,krausmann2018,observed
1996,MK,total,500.4433745,Gt,krausmann2018,observed
1997,MK,total,517.9071579,Gt,krausmann2018,observed
1998,MK,total,536.0881774,Gt,krausmann2018,observed
1999,MK,total,554.5875959,Gt,krausmann2018,observed
2000,MK,total,573.4185142,Gt,krausmann2018,observed
2001,MK,total,592.0483263,Gt,krausmann2018,observed
2002,MK,total,610.7609496,Gt,krausmann2018,observed
2003,MK,total,630.9682515,Gt,krausmann2018,observed
2004,MK,total,652.4617302,Gt,krausmann2018,observed
2005,MK,total,675.0161689,Gt,krausmann2018,observed
2006,MK,total,699.6189347,Gt,krausmann2018,observed
2007,MK,total,725.3346835,Gt,krausmann2018,observed
2008,MK,total,750.6297801,Gt,krausmann2018,observed
2009,MK,total,776.6912466,Gt,krausmann2018,observed
2010,MK,total,804.3832061,Gt,krausmann2018,observed
2011,MK,total,834.4065738,Gt,krausmann2018,observed
2012,MK,total,865.0805843,Gt,krausmann2018,observed
2013,MK,total,897.0272349,Gt,krausmann2018,observed
2014,MK,total,929.3638444,Gt,krausmann2018,observed
2015,MK,total,960.6508063,Gt,krausmann2018,observed
1900,MK,wood_glass_plastics,4.28210457,Gt,krausmann2018,observed
1901,MK,wood_glass_plastics,4.293273492,Gt,krausmann2018,observed
1902,MK,wood_glass_plastics,4.306994367,Gt,krausmann2018,observed
1903,MK,wood_glass_plastics,4.32177893,Gt,krausmann2018,observed
1904,MK,wood_glass_plastics,4.338328453,Gt,krausmann2018,observed
1905,MK,wood_glass_plastics,4.35569532,Gt,krausmann2018,observed
1906,MK,wood_glass_plastics,4.374310195,Gt,krausmann2018,observed
1907,MK,wood_glass_plastics,4.393757078,Gt,krausmann2018,observed
1908,MK,wood_glass_plastics,4.414338211,Gt,krausmann2018,observed
1909,MK,wood_glass_plastics,4.435808273,Gt,krausmann2018,observed
1910,MK,wood_glass_plastics,4.45838757,Gt,krausmann2018,observed
1911,MK,wood_glass_plastics,4.481819453,Gt,krausmann2018,observed
1912,MK,wood_glass_plastics,4.506561453,Gt,krausmann2018,observed
1913,MK,wood_glass_plastics,4.532911453,Gt,krausmann2018,observed
1914,MK,wood_glass_plastics,4.560756883,Gt,krausmann2018,observed
1915,MK,wood_glass_plastics,4.589572609,Gt,krausmann2018,observed
1916,MK,wood_glass_plastics,4.619674188,Gt,krausmann2018,observed
1917,MK,wood_glass_plastics,4.65114818,Gt,krausmann2018,observed
1918,MK,wood_glass_plastics,4.684034398,Gt,krausmann2018,observed
1919,MK,wood_glass_plastics,4.718180828,Gt,krausmann2018,observed
1920,MK,wood_glass_plastics,4.753821516,Gt,krausmann2018,observed
1921,MK,wood_glass_plastics,4.791904,Gt,krausmann2018,observed
1922,MK,wood_glass_plastics,4.831396445,Gt,krausmann2018,observed
1923,MK,wood_glass_plastics,4.873222625,Gt,krausmann2018,observed
1924,MK,wood_glass_plastics,4.917068461,Gt,krausmann2018,observed
1925,MK,wood_glass_plastics,4.962543992,Gt,krausmann2018,observed
1926,MK,wood_glass_plastics,5.010001094,Gt,krausmann2018,observed
1927,MK,wood_glass_plastics,5.059046766,Gt,krausmann2018,observed
1928,MK,wood_glass_plastics,5.109307531,Gt,krausmann2018,observed
1929,MK,wood_glass_plastics,5.161091906,Gt,krausmann2018,observed
1930,MK,wood_glass_plastics,5.213710578,Gt,krausmann2018,observed
1931,MK,wood_glass_plastics,5.267908313,Gt,krausmann2018,observed
1932,MK,wood_glass_plastics,5.321874242,Gt,krausmann2018,observed
1933,MK,wood_glass_plastics,5.377299883,Gt,krausmann2018,observed
1934,MK,wood_glass_plastics,5.43330543,Gt,krausmann2018,observed
1935,MK,wood_glass_plastics,5.489253203,Gt,krausmann2018,observed
1936,MK,wood_glass_plastics,5.546712164,Gt,krausmann2018,observed
1937,MK,wood_glass_plastics,5.604648109,Gt,krausmann2018,observed
1938,MK,wood_glass_plastics,5.663154047,Gt,krausmann2018,observed
1939,MK,wood_glass_plastics,5.722329906,Gt,krausmann2018,observed
1940,MK,wood_glass_plastics,5.781168188,Gt,krausmann2018,observed
1941,MK,wood_glass_plastics,5.840570109,Gt,krausmann2018,observed
1942,MK,wood_glass_plastics,5.899898359,Gt,krausmann2018,observed
1943,MK,wood_glass_plastics,5.958938,Gt,krausmann2018,observed
1944,MK,wood_glass_plastics,6.019384141,Gt,krausmann2018,observed
1945,MK,wood_glass_plastics,6.079301594,Gt,krausmann2018,observed
1946,MK,wood_glass_plastics,6.138205969,Gt,krausmann2018,observed
1947,MK,wood_glass_plastics,6.198270047,Gt,krausmann2018,observed
1948,MK,wood_glass_plastics,6.258340625,Gt,krausmann2018,observed
1949,MK,wood_glass_plastics,6.318270922,Gt,krausmann2018,observed
1950,MK,wood_glass_plastics,6.379397286,Gt,krausmann2018,observed
1951,MK,wood_glass_plastics,6.446276549,Gt,krausmann2018,observed
1952,MK,wood_glass_plastics,6.517815085,Gt,krausmann2018,observed
1953,MK,wood_glass_plastics,6.593011314,Gt,krausmann2018,observed
1954,MK,wood_glass_plastics,6.672612902,Gt,krausmann2018,observed
1955,MK,wood_glass_plastics,6.755633572,Gt,krausmann2018,observed
1956,MK,wood_glass_plastics,6.842168473,Gt,krausmann2018,observed
1957,MK,wood_glass_plastics,6.932955418,Gt,krausmann2018,observed
1958,MK,wood_glass_plastics,7.027827367,Gt,krausmann2018,observed
1959,MK,wood_glass_plastics,7.127707078,Gt,krausmann2018,observed
1960,MK,wood_glass_plastics,7.231638729,Gt,krausmann2018,observed
1961,MK,wood_glass_plastics,7.340089352,Gt,krausmann2018,observed
1962,MK,wood_glass_plastics,7.454219367,Gt,krausmann2018,observed
1963,MK,wood_glass_plastics,7.581281957,Gt,krausmann2018,observed
1964,MK,wood_glass_plastics,7.731556398,Gt,krausmann2018,observed
1965,MK,wood_glass_plastics,7.905520773,Gt,krausmann2018,observed
1966,MK,wood_glass_plastics,8.092118352,Gt,krausmann2018,observed
1967,MK,wood_glass_plastics,8.275089555,Gt,krausmann2018,observed
1968,MK,wood_glass_plastics,8.477685352,Gt,krausmann2018,observed
1969,MK,wood_glass_plastics,8.69054068,Gt,krausmann2018,observed
1970,MK,wood_glass_plastics,8.909677531,Gt,krausmann2018,observed
1971,MK,wood_glass_plastics,9.134700625,Gt,krausmann2018,observed
1972,MK,wood_glass_plastics,9.373979531,Gt,krausmann2018,observed
1973,MK,wood_glass_plastics,9.636170875,Gt,krausmann2018,observed
1974,MK,wood_glass_plastics,9.871120281,Gt,krausmann2018,observed
1975,MK,wood_glass_plastics,10.05062666,Gt,krausmann2018,observed
1976,MK,wood_glass_plastics,10.28737225,Gt,krausmann2018,observed
1977,MK,wood_glass_plastics,10.53083203,Gt,krausmann2018,observed
1978,MK,wood_glass_plastics,10.78095041,Gt,krausmann2018,observed
1979,MK,wood_glass_plastics,11.03882275,Gt,krausmann2018,observed
1980,MK,wood_glass_plastics,11.28182047,Gt,krausmann2018,observed
1981,MK,wood_glass_plastics,11.50537903,Gt,krausmann2018,observed
1982,MK,wood_glass_plastics,11.71095166,Gt,krausmann2018,observed
1983,MK,wood_glass_plastics,11.94497991,Gt,krausmann2018,observed
1984,MK,wood_glass_plastics,12.19760038,Gt,krausmann2018,observed
1985,MK,wood_glass_plastics,12.447306,Gt,krausmann2018,observed
1986,MK,wood_glass_plastics,12.71364306,Gt,krausmann2018,observed
1987,MK,wood_glass_plastics,12.99720237,Gt,krausmann2018,observed
1988,MK,wood_glass_plastics,13.28885169,Gt,krausmann2018,observed
1989,MK,wood_glass_plastics,13.58138325,Gt,krausmann2018,observed
1990,MK,wood_glass_plastics,13.85447388,Gt,krausmann2018,observed
1991,MK,wood_glass_plastics,14.09025119,Gt,krausmann2018,observed
1992,MK,wood_glass_plastics,14.29491081,Gt,krausmann2018,observed
1993,MK,wood_glass_plastics,14.49718331,Gt,krausmann2018,observed
1994,MK,wood_glass_plastics,14.7143435,Gt,krausmann2018,observed
1995,MK,wood_glass_plastics,14.93410737,Gt,krausmann2018,observed
1996,MK,wood_glass_plastics,15.13972288,Gt,krausmann2018,observed
1997,MK,wood_glass_plastics,15.3891685,Gt,krausmann2018,observed
1998,MK,wood_glass_plastics,15.58946706,Gt,krausmann2018,observed
1999,MK,wood_glass_plastics,15.825758,Gt,krausmann2018,observed
2000,MK,wood_glass_plastics,16.07084494,Gt,krausmann2018,observed
2001,MK,wood_glass_plastics,16.28784906,Gt,krausmann2018,observed
2002,MK,wood_glass_plastics,16.53503819,Gt,krausmann2018,observed
2003,MK,wood_glass_plastics,16.81902763,Gt,krausmann2018,observed
2004,MK,wood_glass_plastics,17.14229819,Gt,krausmann2018,observed
2005,MK,wood_glass_plastics,17.47416963,Gt,krausmann2018,observed
2006,MK,wood_glass_plastics,17.8353975,Gt,krausmann2018,observed
2007,MK,wood_glass_plastics,18.21222338,Gt,krausmann2018,observed
2008,MK,wood_glass_plastics,18.54088588,Gt,krausmann2018,observed
2009,MK,wood_glass_plastics,18.78293575,Gt,krausmann2018,observed
2010,MK,wood_glass_plastics,19.10566538,Gt,krausmann2018,observed
2011,MK,wood_glass_plastics,19.4565185,Gt,krausmann2018,observed
2012,MK,wood_glass_plastics,19.83427112,Gt,krausmann2018,observed
2013,MK,wood_glass_plastics,20.23370575,Gt,krausmann2018,observed
2014,MK,wood_glass_plastics,20.68171038,Gt,krausmann2018,observed
2015,MK,wood_glass_plastics,21.16330875,Gt,krausmann2018,observed
1900,N,biomass,5.271598443,Gt/yr,krausmann2018,observed
1901,N,biomass,5.332061472,Gt/yr,krausmann2018,observed
1902,N,biomass,5.392524501,Gt/yr,krausmann2018,observed
1903,N,biomass,5.452987529,Gt/yr,krausmann2018,observed
1904,N,biomass,5.513450558,Gt/yr,krausmann2018,observed
1905,N,biomass,5.573913587,Gt/yr,krausmann2018,observed
1906,N,biomass,5.634376615,Gt/yr,krausmann2018,observed
1907,N,biomass,5.694839644,Gt/yr,krausmann2018,observed
1908,N,biomass,5.755302673,Gt/yr,krausmann2018,observed
1909,N,biomass,5.815765702,Gt/yr,krausmann2018,observed
1910,N,biomass,5.87622873,Gt/yr,krausmann2018,observed
1911,N,biomass,5.947307715,Gt/yr,krausmann2018,observed
1912,N,biomass,6.0183867,Gt/yr,krausmann2018,observed
1913,N,biomass,6.089465684,Gt/yr,krausmann2018,observed
1914,N,biomass,6.160544669,Gt/yr,krausmann2018,observed
1915,N,biomass,6.231623654,Gt/yr,krausmann2018,observed
1916,N,biomass,6.302702638,Gt/yr,krausmann2018,observed
1917,N,biomass,6.373781623,Gt/yr,krausmann2018,observed
1918,N,biomass,6.444860608,Gt/yr,krausmann2018,observed
1919,N,biomass,6.515939593,Gt/yr,krausmann2018,observed
1920,N,biomass,6.587018577,Gt/yr,krausmann2018,observed
1921,N,biomass,6.658097562,Gt/yr,krausmann2018,observed
1922,N,biomass,6.729176547,Gt/yr,krausmann2018,observed
1923,N,biomass,6.800255531,Gt/yr,krausmann2018,observed
1924,N,biomass,6.871334516,Gt/yr,krausmann2018,observed
1925,N,biomass,6.942413501,Gt/yr,krausmann2018,observed
1926,N,biomass,7.013492485,Gt/yr,krausmann2018,observed
1927,N,biomass,7.08457147,Gt/yr,krausmann2018,observed
1928,N,biomass,7.155650455,Gt/yr,krausmann2018,observed
1929,N,biomass,7.22672944,Gt/yr,krausmann2018,observed
1930,N,biomass,7.297808424,Gt/yr,krausmann2018,observed
1931,N,biomass,7.342558234,Gt/yr,krausmann2018,observed
1932,N,biomass,7.387308043,Gt/yr,krausmann2018,observed
1933,N,biomass,7.432057852,Gt/yr,krausmann2018,observed
1934,N,biomass,7.476807662,Gt/yr,krausmann2018,observed
1935,N,biomass,7.521557471,Gt/yr,krausmann2018,observed
1936,N,biomass,7.566307281,Gt/yr,krausmann2018,observed
1937,N,biomass,7.61105709,Gt/yr,krausmann2018,observed
1938,N,biomass,7.6558069,Gt/yr,krausmann2018,observed
1939,N,biomass,7.700556709,Gt/yr,krausmann2018,observed
1940,N,biomass,7.745306518,Gt/yr,krausmann2018,observed
1941,N,biomass,7.790056328,Gt/yr,krausmann2018,observed
1942,N,biomass,7.834806137,Gt/yr,krausmann2018,observed
1943,N,biomass,7.879555947,Gt/yr,krausmann2018,observed
1944,N,biomass,7.924305756,Gt/yr,krausmann2018,observed
1945,N,biomass,7.969055566,Gt/yr,krausmann2018,observed
1946,N,biomass,8.013805375,Gt/yr,krausmann2018,observed
1947,N,biomass,8.058555184,Gt/yr,krausmann2018,observed
1948,N,biomass,8.103304994,Gt/yr,krausmann2018,observed
1949,N,biomass,8.148054803,Gt/yr,krausmann2018,observed
1950,N,biomass,8.192804613,Gt/yr,krausmann2018,observed
1951,N,biomass,8.309263353,Gt/yr,krausmann2018,observed
1952,N,biomass,8.425722093,Gt/yr,krausmann2018,observed
1953,N,biomass,8.542180833,Gt/yr,krausmann2018,observed
1954,N,biomass,8.658639574,Gt/yr,krausmann2018,observed
1955,N,biomass,8.775098314,Gt/yr,krausmann2018,observed
1956,N,biomass,8.891557054,Gt/yr,krausmann2018,observed
1957,N,biomass,9.008015794,Gt/yr,krausmann2018,observed
1958,N,biomass,9.124474534,Gt/yr,krausmann2018,observed
1959,N,biomass,9.240933275,Gt/yr,krausmann2018,observed
1960,N,biomass,9.357392015,Gt/yr,krausmann2018,observed
1961,N,biomass,9.473850755,Gt/yr,krausmann2018,observed
1962,N,biomass,9.616477254,Gt/yr,krausmann2018,observed
1963,N,biomass,9.737299986,Gt/yr,krausmann2018,observed
1964,N,biomass,10.11986499,Gt/yr,krausmann2018,observed
1965,N,biomass,10.30190887,Gt/yr,krausmann2018,observed
1966,N,biomass,10.68614457,Gt/yr,krausmann2018,observed
1967,N,biomass,10.98178634,Gt/yr,krausmann2018,observed
1968,N,biomass,11.18348722,Gt/yr,krausmann2018,observed
1969,N,biomass,11.28885261,Gt/yr,krausmann2018,observed
1970,N,biomass,11.57350618,Gt/yr,krausmann2018,observed
1971,N,biomass,11.92007202,Gt/yr,krausmann2018,observed
1972,N,biomass,11.91285869,Gt/yr,krausmann2018,observed
1973,N,biomass,12.38955295,Gt/yr,krausmann2018,observed
1974,N,biomass,12.5200675,Gt/yr,krausmann2018,observed
1975,N,biomass,12.59878556,Gt/yr,krausmann2018,observed
1976,N,biomass,12.96998909,Gt/yr,krausmann2018,observed
1977,N,biomass,13.08525345,Gt/yr,krausmann2018,observed
1978,N,biomass,13.4567124,Gt/yr,krausmann2018,observed
1979,N,biomass,13.5171866,Gt/yr,krausmann2018,observed
1980,N,biomass,13.51803751,Gt/yr,krausmann2018,observed
1981,N,biomass,13.89319371,Gt/yr,krausmann2018,observed
1982,N,biomass,14.18902226,Gt/yr,krausmann2018,observed
1983,N,biomass,14.1474248,Gt/yr,krausmann2018,observed
1984,N,biomass,14.6905423,Gt/yr,krausmann2018,observed
1985,N,biomass,14.89941964,Gt/yr,krausmann2018,observed
1986,N,biomass,15.06484129,Gt/yr,krausmann2018,observed
1987,N,biomass,15.15500489,Gt/yr,krausmann2018,observed
1988,N,biomass,15.21320124,Gt/yr,krausmann2018,observed
1989,N,biomass,15.74169017,Gt/yr,krausmann2018,observed
1990,N,biomass,16.04596797,Gt/yr,krausmann2018,observed
1991,N,biomass,15.94001386,Gt/yr,krausmann2018,observed
1992,N,biomass,16.14785439,Gt/yr,krausmann2018,observed
1993,N,biomass,15.87673699,Gt/yr,krausmann2018,observed
1994,N,biomass,16.10603627,Gt/yr,krausmann2018,observed
1995,N,biomass,16.2174489,Gt/yr,krausmann2018,observed
1996,N,biomass,16.68329088,Gt/yr,krausmann2018,observed
1997,N,biomass,16.75297711,Gt/yr,krausmann2018,observed
1998,N,biomass,16.79842385,Gt/yr,krausmann2018,observed
1999,N,biomass,17.04088603,Gt/yr,krausmann2018,observed
2000,N,biomass,17.14054848,Gt/yr,krausmann2018,observed
2001,N,biomass,17.22129193,Gt/yr,krausmann2018,observed
2002,N,biomass,17.41902762,Gt/yr,krausmann2018,observed
2003,N,biomass,17.73274993,Gt/yr,krausmann2018,observed
2004,N,biomass,18.38029679,Gt/yr,krausmann2018,observed
2005,N,biomass,18.68878601,Gt/yr,krausmann2018,observed
2006,N,biomass,19.02984543,Gt/yr,krausmann2018,observed
2007,N,biomass,19.7396055,Gt/yr,krausmann2018,observed
2008,N,biomass,20.38369123,Gt/yr,krausmann2018,observed
2009,N,biomass,20.41650414,Gt/yr,krausmann2018,observed
2010,N,biomass,20.81683143,Gt/yr,krausmann2018,observed
2011,N,biomass,21.34257868,Gt/yr,krausmann2018,observed
2012,N,biomass,21.53982488,Gt/yr,krausmann2018,observed
2013,N,biomass,22.250732,Gt/yr,krausmann2018,observed
2014,N,biomass,22.52203074,Gt/yr,krausmann2018,observed
2015,N,biomass,22.6824349,Gt/yr,krausmann2018,observed
1900,N,fossil,0.9674449631,Gt/yr,krausmann2018,observed
1901,N,fossil,0.9945563339,Gt/yr,krausmann2018,observed
1902,N,fossil,1.016628579,Gt/yr,krausmann2018,observed
1903,N,fossil,1.114395693,Gt/yr,krausmann2018,observed
1904,N,fossil,1.125502716,Gt/yr,krausmann2018,observed
1905,N,fossil,1.188792326,Gt/yr,krausmann2018,observed
1906,N,fossil,1.280764473,Gt/yr,krausmann2018,observed
1907,N,fossil,1.417625727,Gt/yr,krausmann2018,observed
1908,N,fossil,1.349321262,Gt/yr,krausmann2018,observed
1909,N,fossil,1.40820668,Gt/yr,krausmann2018,observed
1910,N,fossil,1.473345563,Gt/yr,krausmann2018,observed
1911,N,fossil,1.503989375,Gt/yr,krausmann2018,observed
1912,N,fossil,1.584716221,Gt/yr,krausmann2018,observed
1913,N,fossil,1.699370061,Gt/yr,krausmann2018,observed
1914,N,fossil,1.529214891,Gt/yr,krausmann2018,observed
1915,N,fossil,1.514020971,Gt/yr,krausmann2018,observed
1916,N,fossil,1.629912112,Gt/yr,krausmann2018,observed
1917,N,fossil,1.720420503,Gt/yr,krausmann2018,observed
1918,N,fossil,1.694956301,Gt/yr,krausmann2018,observed
1919,N,fossil,1.496440284,Gt/yr,krausmann2018,observed
1920,N,fossil,1.723399927,Gt/yr,krausmann2018,observed
1921,N,fossil,1.476020173,Gt/yr,krausmann2018,observed
1922,N,fossil,1.57814278,Gt/yr,krausmann2018,observed
1923,N,fossil,1.79387524,Gt/yr,krausmann2018,observed
1924,N,fossil,1.775711243,Gt/yr,krausmann2018,observed
1925,N,fossil,1.785741231,Gt/yr,krausmann2018,observed
1926,N,fossil,1.782714467,Gt/yr,krausmann2018,observed
1927,N,fossil,1.902372897,Gt/yr,krausmann2018,observed
1928,N,fossil,2.065291264,Gt/yr,krausmann2018,observed
1929,N,fossil,2.060073193,Gt/yr,krausmann2018,observed
1930,N,fossil,1.896365959,Gt/yr,krausmann2018,observed
1931,N,fossil,1.691397595,Gt/yr,krausmann2018,observed
1932,N,fossil,1.520362939,Gt/yr,krausmann2018,observed
1933,N,fossil,1.599461733,Gt/yr,krausmann2018,observed
1934,N,fossil,1.746018057,Gt/yr,krausmann2018,observed
1935,N,fossil,1.838210724,Gt/yr,krausmann2018,observed
1936,N,fossil,2.015176554,Gt/yr,krausmann2018,observed
1937,N,fossil,2.14894637,Gt/yr,krausmann2018,observed
1938,N,fossil,1.961674599,Gt/yr,krausmann2018,observed
1939,N,fossil,2.158324311,Gt/yr,krausmann2018,observed
1940,N,fossil,2.370280257,Gt/yr,krausmann2018,observed
1941,N,fossil,2.447681176,Gt/yr,krausmann2018,observed
1942,N,fossil,2.469791584,Gt/yr,krausmann2018,observed
1943,N,fossil,2.543647746,Gt/yr,krausmann2018,observed
1944,N,fossil,2.529573132,Gt/yr,krausmann2018,observed
1945,N,fossil,2.065616949,Gt/yr,krausmann2018,observed
1946,N,fossil,2.206678535,Gt/yr,krausmann2018,observed
1947,N,fossil,2.477714917,Gt/yr,krausmann2018,observed
1948,N,fossil,2.603893228,Gt/yr,krausmann2018,observed
1949,N,fossil,2.517806111,Gt/yr,krausmann2018,observed
1950,N,fossil,2.751761411,Gt/yr,krausmann2018,observed
1951,N,fossil,2.935821511,Gt/yr,krausmann2018,observed
1952,N,fossil,2.984792357,Gt/yr,krausmann2018,observed
1953,N,fossil,3.030953097,Gt/yr,krausmann2018,observed
1954,N,fossil,3.081555162,Gt/yr,krausmann2018,observed
1955,N,fossil,3.358170969,Gt/yr,krausmann2018,observed
1956,N,fossil,3.562493412,Gt/yr,krausmann2018,observed
1957,N,fossil,3.71122275,Gt/yr,krausmann2018,observed
1958,N,fossil,3.899910043,Gt/yr,krausmann2018,observed
1959,N,fossil,4.117225628,Gt/yr,krausmann2018,observed
1960,N,fossil,4.422777226,Gt/yr,krausmann2018,observed
1961,N,fossil,4.47803806,Gt/yr,krausmann2018,observed
1962,N,fossil,4.746241353,Gt/yr,krausmann2018,observed
1963,N,fossil,5.113097356,Gt/yr,krausmann2018,observed
1964,N,fossil,5.385983445,Gt/yr,krausmann2018,observed
1965,N,fossil,5.28333271,Gt/yr,krausmann2018,observed
1966,N,fossil,5.517977697,Gt/yr,krausmann2018,observed
1967,N,fossil,5.554445515,Gt/yr,krausmann2018,observed
1968,N,fossil,5.881066318,Gt/yr,krausmann2018,observed
1969,N,fossil,6.063904955,Gt/yr,krausmann2018,observed
1970,N,fossil,6.309324811,Gt/yr,krausmann2018,observed
1971,N,fossil,6.5127011,Gt/yr,krausmann2018,observed
1972,N,fossil,6.74671812,Gt/yr,krausmann2018,observed
1973,N,fossil,7.06038594,Gt/yr,krausmann2018,observed
1974,N,fossil,7.10872088,Gt/yr,krausmann2018,observed
1975,N,fossil,7.17154368,Gt/yr,krausmann2018,observed
1976,N,fossil,7.5060362,Gt/yr,krausmann2018,observed
1977,N,fossil,7.77196226,Gt/yr,krausmann2018,observed
1978,N,fossil,7.91417494,Gt/yr,krausmann2018,observed
1979,N,fossil,8.26891386,Gt/yr,krausmann2018,observed
1980,N,fossil,8.22607866,Gt/yr,krausmann2018,observed
1981,N,fossil,8.10932272,Gt/yr,krausmann2018,observed
1982,N,fossil,8.29872746,Gt/yr,krausmann2018,observed
1983,N,fossil,8.32600336,Gt/yr,krausmann2018,observed
1984,N,fossil,8.7003234,Gt/yr,krausmann2018,observed
1985,N,fossil,8.7049467,Gt/yr,krausmann2018,observed
1986,N,fossil,8.9512068,Gt/yr,krausmann2018,observed
1987,N,fossil,9.13932162,Gt/yr,krausmann2018,observed
1988,N,fossil,9.3876675,Gt/yr,krausmann2018,observed
1989,N,fossil,9.55830828,Gt/yr,krausmann2018,observed
1990,N,fossil,9.49776058,Gt/yr,krausmann2018,observed
1991,N,fossil,9.351519,Gt/yr,krausmann2018,observed
1992,N,fossil,9.1966478,Gt/yr,krausmann2018,observed
1993,N,fossil,9.14349198,Gt/yr,krausmann2018,observed
1994,N,fossil,9.27028622,Gt/yr,krausmann2018,observed
1995,N,fossil,9.50074372,Gt/yr,krausmann2018,observed
1996,N,fossil,9.7182689,Gt/yr,krausmann2018,observed
1997,N,fossil,9.79176704,Gt/yr,krausmann2018,observed
1998,N,fossil,9.85659494,Gt/yr,krausmann2018,observed
1999,N,fossil,9.78153448,Gt/yr,krausmann2018,observed
2000,N,fossil,10.10193684,Gt/yr,krausmann2018,observed
2001,N,fossil,10.36266516,Gt/yr,krausmann2018,observed
2002,N,fossil,10.42901334,Gt/yr,krausmann2018,observed
2003,N,fossil,10.98797416,Gt/yr,krausmann2018,observed
2004,N,fossil,11.57643716,Gt/yr,krausmann2018,observed
2005,N,fossil,12.03213362,Gt/yr,krausmann2018,observed
2006,N,fossil,12.43660204,Gt/yr,krausmann2018,observed
2007,N,fossil,12.6862178,Gt/yr,krausmann2018,observed
2008,N,fossil,12.9855631,Gt/yr,krausmann2018,observed
2009,N,fossil,12.90849438,Gt/yr,krausmann2018,observed
2010,N,fossil,13.49564792,Gt/yr,krausmann2018,observed
2011,N,fossil,14.20065708,Gt/yr,krausmann2018,observed
2012,N,fossil,14.42767576,Gt/yr,krausmann2018,observed
2013,N,fossil,14.591768,Gt/yr,krausmann2018,observed
2014,N,fossil,14.62459504,Gt/yr,krausmann2018,observed
2015,N,fossil,14.51123148,Gt/yr,krausmann2018,observed
1900,N,metals,0.1528495985,Gt/yr,krausmann2018,observed
1901,N,metals,0.1575352451,Gt/yr,krausmann2018,observed
1902,N,metals,0.1617502122,Gt/yr,krausmann2018,observed
1903,N,metals,0.1658964368,Gt/yr,krausmann2018,observed
1904,N,metals,0.171545121,Gt/yr,krausmann2018,observed
1905,N,metals,0.1975973477,Gt/yr,krausmann2018,observed
1906,N,metals,0.1878147738,Gt/yr,krausmann2018,observed
1907,N,metals,0.2238182507,Gt/yr,krausmann2018,observed
1908,N,metals,0.2071882511,Gt/yr,krausmann2018,observed
1909,N,metals,0.2303050859,Gt/yr,krausmann2018,observed
1910,N,metals,0.25298784,Gt/yr,krausmann2018,observed
1911,N,metals,0.2491021195,Gt/yr,krausmann2018,observed
1912,N,metals,0.278701475,Gt/yr,krausmann2018,observed
1913,N,metals,0.3114502575,Gt/yr,krausmann2018,observed
1914,N,metals,0.2436711256,Gt/yr,krausmann2018,observed
1915,N,metals,0.2485528041,Gt/yr,krausmann2018,observed
1916,N,metals,0.292379766,Gt/yr,krausmann2018,observed
1917,N,metals,0.2990065405,Gt/yr,krausmann2018,observed
1918,N,metals,0.2804621626,Gt/yr,krausmann2018,observed
1919,N,metals,0.2321566311,Gt/yr,krausmann2018,observed
1920,N,metals,0.2479648324,Gt/yr,krausmann2018,observed
1921,N,metals,0.1637071007,Gt/yr,krausmann2018,observed
1922,N,metals,0.2224898312,Gt/yr,krausmann2018,observed
1923,N,metals,0.2819053746,Gt/yr,krausmann2018,observed
1924,N,metals,0.2889787749,Gt/yr,krausmann2018,observed
1925,N,metals,0.3259848911,Gt/yr,krausmann2018,observed
1926,N,metals,0.3314322752,Gt/yr,krausmann2018,observed
1927,N,metals,0.3558663803,Gt/yr,krausmann2018,observed
1928,N,metals,0.3808933454,Gt/yr,krausmann2018,observed
1929,N,metals,0.4278886559,Gt/yr,krausmann2018,observed
1930,N,metals,0.3797616024,Gt/yr,krausmann2018,observed
1931,N,metals,0.2882490389,Gt/yr,krausmann2018,observed
1932,N,metals,0.1922882163,Gt/yr,krausmann2018,observed
1933,N,metals,0.2191245358,Gt/yr,krausmann2018,observed
1934,N,metals,0.2832197412,Gt/yr,krausmann2018,observed
1935,N,metals,0.3268623823,Gt/yr,krausmann2018,observed
1936,N,metals,0.3980943383,Gt/yr,krausmann2018,observed
1937,N,metals,0.4958571527,Gt/yr,krausmann2018,observed
1938,N,metals,0.4122798428,Gt/yr,krausmann2018,observed
1939,N,metals,0.4673195809,Gt/yr,krausmann2018,observed
1940,N,metals,0.5133880209,Gt/yr,krausmann2018,observed
1941,N,metals,0.5400300982,Gt/yr,krausmann2018,observed
1942,N,metals,0.5203051653,Gt/yr,krausmann2018,observed
1943,N,metals,0.5331612309,Gt/yr,krausmann2018,observed
1944,N,metals,0.4615269668,Gt/yr,krausmann2018,observed
1945,N,metals,0.3851630138,Gt/yr,krausmann2018,observed
1946,N,metals,0.3519248276,Gt/yr,krausmann2018,observed
1947,N,metals,0.426792233,Gt/yr,krausmann2018,observed
1948,N,metals,0.4870549377,Gt/yr,krausmann2018,observed
1949,N,metals,0.4899577242,Gt/yr,krausmann2018,observed
1950,N,metals,0.5424840887,Gt/yr,krausmann2018,observed
1951,N,metals,0.5994543738,Gt/yr,krausmann2018,observed
1952,N,metals,0.6219664688,Gt/yr,krausmann2018,observed
1953,N,metals,0.6845096954,Gt/yr,krausmann2018,observed
1954,N,metals,0.7592830486,Gt/yr,krausmann2018,observed
1955,N,metals,0.7504720596,Gt/yr,krausmann2018,observed
1956,N,metals,0.8038461524,Gt/yr,krausmann2018,observed
1957,N,metals,0.8566004864,Gt/yr,krausmann2018,observed
1958,N,metals,0.786092002,Gt/yr,krausmann2018,observed
1959,N,metals,0.8515419746,Gt/yr,krausmann2018,observed
1960,N,metals,0.9883093056,Gt/yr,krausmann2018,observed
1961,N,metals,0.9854270964,Gt/yr,krausmann2018,observed
1962,N,metals,1.000042102,Gt/yr,krausmann2018,observed
1963,N,metals,1.025004719,Gt/yr,krausmann2018,observed
1964,N,metals,1.108309066,Gt/yr,krausmann2018,observed
1965,N,metals,1.183464967,Gt/yr,krausmann2018,observed
1966,N,metals,1.213622438,Gt/yr,krausmann2018,observed
1967,N,metals,1.224746994,Gt/yr,krausmann2018,observed
1968,N,metals,1.325486454,Gt/yr,krausmann2018,observed
1969,N,metals,1.407338669,Gt/yr,krausmann2018,observed
1970,N,metals,1.54308837,Gt/yr,krausmann2018,observed
1971,N,metals,1.561165909,Gt/yr,krausmann2018,observed
1972,N,metals,1.595636301,Gt/yr,krausmann2018,observed
1973,N,metals,1.717560089,Gt/yr,krausmann2018,observed
1974,N,metals,1.806117468,Gt/yr,krausmann2018,observed
1975,N,metals,1.811983902,Gt/yr,krausmann2018,observed
1976,N,metals,1.837513839,Gt/yr,krausmann2018,observed
1977,N,metals,1.814546279,Gt/yr,krausmann2018,observed
1978,N,metals,1.841645494,Gt/yr,krausmann2018,observed
1979,N,metals,1.93477447,Gt/yr,krausmann2018,observed
1980,N,metals,1.951333151,Gt/yr,krausmann2018,observed
1981,N,metals,1.941325024,Gt/yr,krausmann2018,observed
1982,N,metals,1.835129006,Gt/yr,krausmann2018,observed
1983,N,metals,1.747762526,Gt/yr,krausmann2018,observed
1984,N,metals,1.90953957,Gt/yr,krausmann2018,observed
1985,N,metals,1.978188351,Gt/yr,krausmann2018,observed
1986,N,metals,1.998456441,Gt/yr,krausmann2018,observed
1987,N,metals,2.097932947,Gt/yr,krausmann2018,observed
1988,N,metals,2.284236234,Gt/yr,krausmann2018,observed
1989,N,metals,2.41795825,Gt/yr,krausmann2018,observed
1990,N,metals,2.421878166,Gt/yr,krausmann2018,observed
1991,N,metals,2.362139085,Gt/yr,krausmann2018,observed
1992,N,metals,2.334994354,Gt/yr,krausmann2018,observed
1993,N,metals,2.344241776,Gt/yr,krausmann2018,observed
1994,N,metals,2.384664672,Gt/yr,krausmann2018,observed
1995,N,metals,2.533081979,Gt/yr,krausmann2018,observed
1996,N,metals,2.631250765,Gt/yr,krausmann2018,observed
1997,N,metals,2.768273159,Gt/yr,krausmann2018,observed
1998,N,metals,2.84940539,Gt/yr,krausmann2018,observed
1999,N,metals,2.897275815,Gt/yr,krausmann2018,observed
2000,N,metals,3.060359264,Gt/yr,krausmann2018,observed
2001,N,metals,3.083325036,Gt/yr,krausmann2018,observed
2002,N,metals,3.132815039,Gt/yr,krausmann2018,observed
2003,N,metals,3.269009496,Gt/yr,krausmann2018,observed
2004,N,metals,3.632155218,Gt/yr,krausmann2018,observed
2005,N,metals,3.92441831,Gt/yr,krausmann2018,observed
2006,N,metals,4.238860668,Gt/yr,krausmann2018,observed
2007,N,metals,4.58537758,Gt/yr,krausmann2018,observed
2008,N,metals,4.825261419,Gt/yr,krausmann2018,observed
2009,N,metals,4.854106726,Gt/yr,krausmann2018,observed
2010,N,metals,5.253004725,Gt/yr,krausmann2018,observed
2011,N,metals,5.784444466,Gt/yr,krausmann2018,observed
2012,N,metals,5.835787412,Gt/yr,krausmann2018,observed
2013,N,metals,6.246761714,Gt/yr,krausmann2018,observed
2014,N,metals,6.417903538,Gt/yr,krausmann2018,observed
2015,N,metals,6.462668367,Gt/yr,krausmann2018,observed
1900,N,non_metallic_minerals,0.8893690225,Gt/yr,krausmann2018,observed
1901,N,non_metallic_minerals,0.9183494781,Gt/yr,krausmann2018,observed
1902,N,non_metallic_minerals,0.9304219806,Gt/yr,krausmann2018,observed
1903,N,non_metallic_minerals,0.9586924252,Gt/yr,krausmann2018,observed
1904,N,non_metallic_minerals,0.9687757182,Gt/yr,krausmann2018,observed
1905,N,non_metallic_minerals,1.011482825,Gt/yr,krausmann2018,observed
1906,N,non_metallic_minerals,1.033766706,Gt/yr,krausmann2018,observed
1907,N,non_metallic_minerals,1.060330006,Gt/yr,krausmann2018,observed
1908,N,non_metallic_minerals,1.095000947,Gt/yr,krausmann2018,observed
1909,N,non_metallic_minerals,1.133422464,Gt/yr,krausmann2018,observed
1910,N,non_metallic_minerals,1.144561946,Gt/yr,krausmann2018,observed
1911,N,non_metallic_minerals,1.157036747,Gt/yr,krausmann2018,observed
1912,N,non_metallic_minerals,1.178017932,Gt/yr,krausmann2018,observed
1913,N,non_metallic_minerals,1.20117876,Gt/yr,krausmann2018,observed
1914,N,non_metallic_minerals,1.177992718,Gt/yr,krausmann2018,observed
1915,N,non_metallic_minerals,1.148750261,Gt/yr,krausmann2018,observed
1916,N,non_metallic_minerals,1.155740711,Gt/yr,krausmann2018,observed
1917,N,non_metallic_minerals,1.115947298,Gt/yr,krausmann2018,observed
1918,N,non_metallic_minerals,1.134221437,Gt/yr,krausmann2018,observed
1919,N,non_metallic_minerals,1.049840877,Gt/yr,krausmann2018,observed
1920,N,non_metallic_minerals,1.125325868,Gt/yr,krausmann2018,observed
1921,N,non_metallic_minerals,1.133578522,Gt/yr,krausmann2018,observed
1922,N,non_metallic_minerals,1.245363042,Gt/yr,krausmann2018,observed
1923,N,non_metallic_minerals,1.271715079,Gt/yr,krausmann2018,observed
1924,N,non_metallic_minerals,1.387611289,Gt/yr,krausmann2018,observed
1925,N,non_metallic_minerals,1.467720515,Gt/yr,krausmann2018,observed
1926,N,non_metallic_minerals,1.553686373,Gt/yr,krausmann2018,observed
1927,N,non_metallic_minerals,1.643668171,Gt/yr,krausmann2018,observed
1928,N,non_metallic_minerals,1.691127048,Gt/yr,krausmann2018,observed
1929,N,non_metallic_minerals,1.741113314,Gt/yr,krausmann2018,observed
1930,N,non_metallic_minerals,1.730676287,Gt/yr,krausmann2018,observed
1931,N,non_metallic_minerals,1.696616751,Gt/yr,krausmann2018,observed
1932,N,non_metallic_minerals,1.613130795,Gt/yr,krausmann2018,observed
1933,N,non_metallic_minerals,1.628828736,Gt/yr,krausmann2018,observed
1934,N,non_metallic_minerals,1.750879537,Gt/yr,krausmann2018,observed
1935,N,non_metallic_minerals,1.811709005,Gt/yr,krausmann2018,observed
1936,N,non_metallic_minerals,1.87188188,Gt/yr,krausmann2018,observed
1937,N,non_metallic_minerals,2.077810834,Gt/yr,krausmann2018,observed
1938,N,non_metallic_minerals,2.133194722,Gt/yr,krausmann2018,observed
1939,N,non_metallic_minerals,2.211017548,Gt/yr,krausmann2018,observed
1940,N,non_metallic_minerals,2.217087597,Gt/yr,krausmann2018,observed
1941,N,non_metallic_minerals,2.306235315,Gt/yr,krausmann2018,observed
1942,N,non_metallic_minerals,2.27280019,Gt/yr,krausmann2018,observed
1943,N,non_metallic_minerals,2.266697995,Gt/yr,krausmann2018,observed
1944,N,non_metallic_minerals,2.234763103,Gt/yr,krausmann2018,observed
1945,N,non_metallic_minerals,2.223121588,Gt/yr,krausmann2018,observed
1946,N,non_metallic_minerals,2.481026023,Gt/yr,krausmann2018,observed
1947,N,non_metallic_minerals,2.730987233,Gt/yr,krausmann2018,observed
1948,N,non_metallic_minerals,2.959452908,Gt/yr,krausmann2018,observed
1949,N,non_metallic_minerals,3.175466239,Gt/yr,krausmann2018,observed
1950,N,non_metallic_minerals,3.502406742,Gt/yr,krausmann2018,observed
1951,N,non_metallic_minerals,3.794687109,Gt/yr,krausmann2018,observed
1952,N,non_metallic_minerals,4.04784461,Gt/yr,krausmann2018,observed
1953,N,non_metallic_minerals,4.252290649,Gt/yr,krausmann2018,observed
1954,N,non_metallic_minerals,4.554200955,Gt/yr,krausmann2018,observed
1955,N,non_metallic_minerals,4.822193251,Gt/yr,krausmann2018,observed
1956,N,non_metallic_minerals,5.197642361,Gt/yr,krausmann2018,observed
1957,N,non_metallic_minerals,5.441507864,Gt/yr,krausmann2018,observed
1958,N,non_metallic_minerals,5.724792606,Gt/yr,krausmann2018,observed
1959,N,non_metallic_minerals,6.131551587,Gt/yr,krausmann2018,observed
1960,N,non_metallic_minerals,6.505316091,Gt/yr,krausmann2018,observed
1961,N,non_metallic_minerals,6.888605458,Gt/yr,krausmann2018,observed
1962,N,non_metallic_minerals,7.315191812,Gt/yr,krausmann2018,observed
1963,N,non_metallic_minerals,7.814420173,Gt/yr,krausmann2018,observed
1964,N,non_metallic_minerals,8.437986687,Gt/yr,krausmann2018,observed
1965,N,non_metallic_minerals,8.859223556,Gt/yr,krausmann2018,observed
1966,N,non_metallic_minerals,9.568800078,Gt/yr,krausmann2018,observed
1967,N,non_metallic_minerals,9.742002538,Gt/yr,krausmann2018,observed
1968,N,non_metallic_minerals,10.43393114,Gt/yr,krausmann2018,observed
1969,N,non_metallic_minerals,10.85840331,Gt/yr,krausmann2018,observed
1970,N,non_metallic_minerals,11.77108857,Gt/yr,krausmann2018,observed
1971,N,non_metallic_minerals,11.99821731,Gt/yr,krausmann2018,observed
1972,N,non_metallic_minerals,13.39370937,Gt/yr,krausmann2018,observed
1973,N,non_metallic_minerals,13.81448999,Gt/yr,krausmann2018,observed
1974,N,non_metallic_minerals,14.16295732,Gt/yr,krausmann2018,observed
1975,N,non_metallic_minerals,13.87343299,Gt/yr,krausmann2018,observed
1976,N,non_metallic_minerals,13.97667082,Gt/yr,krausmann2018,observed
1977,N,non_metallic_minerals,14.36320818,Gt/yr,krausmann2018,observed
1978,N,non_metallic_minerals,15.00620432,Gt/yr,krausmann2018,observed
1979,N,non_metallic_minerals,15.38763415,Gt/yr,krausmann2018,observed
1980,N,non_metallic_minerals,15.46663161,Gt/yr,krausmann2018,observed
1981,N,non_metallic_minerals,14.92370026,Gt/yr,krausmann2018,observed
1982,N,non_metallic_minerals,14.75264474,Gt/yr,krausmann2018,observed
1983,N,non_metallic_minerals,14.94769167,Gt/yr,krausmann2018,observed
1984,N,non_metallic_minerals,15.62856432,Gt/yr,krausmann2018,observed
1985,N,non_metallic_minerals,15.83905487,Gt/yr,krausmann2018,observed
1986,N,non_metallic_minerals,16.41606747,Gt/yr,krausmann2018,observed
1987,N,non_metallic_minerals,17.12389886,Gt/yr,krausmann2018,observed
1988,N,non_metallic_minerals,18.38167184,Gt/yr,krausmann2018,observed
1989,N,non_metallic_minerals,17.91000252,Gt/yr,krausmann2018,observed
1990,N,non_metallic_minerals,17.99648309,Gt/yr,krausmann2018,observed
1991,N,non_metallic_minerals,19.29551243,Gt/yr,krausmann2018,observed
1992,N,non_metallic_minerals,19.38905133,Gt/yr,krausmann2018,observed
1993,N,non_metallic_minerals,21.06092827,Gt/yr,krausmann2018,observed
1994,N,non_metallic_minerals,21.99266647,Gt/yr,krausmann2018,observed
1995,N,non_metallic_minerals,24.45182396,Gt/yr,krausmann2018,observed
1996,N,non_metallic_minerals,24.43146278,Gt/yr,krausmann2018,observed
1997,N,non_metallic_minerals,24.78118733,Gt/yr,krausmann2018,observed
1998,N,non_metallic_minerals,25.86761999,Gt/yr,krausmann2018,observed
1999,N,non_metallic_minerals,26.48069983,Gt/yr,krausmann2018,observed
2000,N,non_metallic_minerals,26.86773701,Gt/yr,krausmann2018,observed
2001,N,non_metallic_minerals,26.88247274,Gt/yr,krausmann2018,observed
2002,N,non_metallic_minerals,27.15332278,Gt/yr,krausmann2018,observed
2003,N,non_metallic_minerals,28.89290225,Gt/yr,krausmann2018,observed
2004,N,non_metallic_minerals,30.23573492,Gt/yr,krausmann2018,observed
2005,N,non_metallic_minerals,31.79048185,Gt/yr,krausmann2018,observed
2006,N,non_metallic_minerals,34.19190032,Gt/yr,krausmann2018,observed
2007,N,non_metallic_minerals,35.74213056,Gt/yr,krausmann2018,observed
2008,N,non_metallic_minerals,35.68423339,Gt/yr,krausmann2018,observed
2009,N,non_metallic_minerals,37.00464274,Gt/yr,krausmann2018,observed
2010,N,non_metallic_minerals,38.99414315,Gt/yr,krausmann2018,observed
2011,N,non_metallic_minerals,41.92154418,Gt/yr,krausmann2018,observed
2012,N,non_metallic_minerals,43.11182759,Gt/yr,krausmann2018,observed
2013,N,non_metallic_minerals,44.78339209,Gt/yr,krausmann2018,observed
2014,N,non_metallic_minerals,45.72674096,Gt/yr,krausmann2018,observed
2015,N,non_metallic_minerals,45.25055731,Gt/yr,krausmann2018,observed
1900,N,total,7.281262027,Gt/yr,krausmann2018,observed
1901,N,total,7.402502529,Gt/yr,krausmann2018,observed
1902,N,total,7.501325273,Gt/yr,krausmann2018,observed
1903,N,total,7.691972084,Gt/yr,krausmann2018,observed
1904,N,total,7.779274113,Gt/yr,krausmann2018,observed
1905,N,total,7.971786085,Gt/yr,krausmann2018,observed
1906,N,total,8.136722568,Gt/yr,krausmann2018,observed
1907,N,total,8.396613628,Gt/yr,krausmann2018,observed
1908,N,total,8.406813134,Gt/yr,krausmann2018,observed
1909,N,total,8.587699931,Gt/yr,krausmann2018,observed
1910,N,total,8.747124079,Gt/yr,krausmann2018,observed
1911,N,total,8.857435956,Gt/yr,krausmann2018,observed
1912,N,total,9.059822328,Gt/yr,krausmann2018,observed
1913,N,total,9.301464763,Gt/yr,krausmann2018,observed
1914,N,total,9.111423404,Gt/yr,krausmann2018,observed
1915,N,total,9.14294769,Gt/yr,krausmann2018,observed
1916,N,total,9.380735227,Gt/yr,krausmann2018,observed
1917,N,total,9.509155965,Gt/yr,krausmann2018,observed
1918,N,total,9.554500509,Gt/yr,krausmann2018,observed
1919,N,total,9.294377385,Gt/yr,krausmann2018,observed
1920,N,total,9.683709204,Gt/yr,krausmann2018,observed
1921,N,total,9.431403358,Gt/yr,krausmann2018,observed
1922,N,total,9.7751722,Gt/yr,krausmann2018,observed
1923,N,total,10.14775122,Gt/yr,krausmann2018,observed
1924,N,total,10.32363582,Gt/yr,krausmann2018,observed
1925,N,total,10.52186014,Gt/yr,krausmann2018,observed
1926,N,total,10.6813256,Gt/yr,krausmann2018,observed
1927,N,total,10.98647892,Gt/yr,krausmann2018,observed
1928,N,total,11.29296211,Gt/yr,krausmann2018,observed
1929,N,total,11.4558046,Gt/yr,krausmann2018,observed
1930,N,total,11.30461227,Gt/yr,krausmann2018,observed
1931,N,total,11.01882162,Gt/yr,krausmann2018,observed
1932,N,total,10.71308999,Gt/yr,krausmann2018,observed
1933,N,total,10.87947286,Gt/yr,krausmann2018,observed
1934,N,total,11.256925,Gt/yr,krausmann2018,observed
1935,N,total,11.49833958,Gt/yr,krausmann2018,observed
1936,N,total,11.85146005,Gt/yr,krausmann2018,observed
1937,N,total,12.33367145,Gt/yr,krausmann2018,observed
1938,N,total,12.16295606,Gt/yr,krausmann2018,observed
1939,N,total,12.53721815,Gt/yr,krausmann2018,observed
1940,N,total,12.84606239,Gt/yr,krausmann2018,observed
1941,N,total,13.08400292,Gt/yr,krausmann2018,observed
1942,N,total,13.09770308,Gt/yr,krausmann2018,observed
1943,N,total,13.22306292,Gt/yr,krausmann2018,observed
1944,N,total,13.15016896,Gt/yr,krausmann2018,observed
1945,N,total,12.64295712,Gt/yr,krausmann2018,observed
1946,N,total,13.05343476,Gt/yr,krausmann2018,observed
1947,N,total,13.69404957,Gt/yr,krausmann2018,observed
1948,N,total,14.15370607,Gt/yr,krausmann2018,observed
1949,N,total,14.33128488,Gt/yr,krausmann2018,observed
1950,N,total,14.98945685,Gt/yr,krausmann2018,observed
1951,N,total,15.63922635,Gt/yr,krausmann2018,observed
1952,N,total,16.08032553,Gt/yr,krausmann2018,observed
1953,N,total,16.50993427,Gt/yr,krausmann2018,observed
1954,N,total,17.05367874,Gt/yr,krausmann2018,observed
1955,N,total,17.70593459,Gt/yr,krausmann2018,observed
1956,N,total,18.45553898,Gt/yr,krausmann2018,observed
1957,N,total,19.01734689,Gt/yr,krausmann2018,observed
1958,N,total,19.53526918,Gt/yr,krausmann2018,observed
1959,N,total,20.34125246,Gt/yr,krausmann2018,observed
1960,N,total,21.27379464,Gt/yr,krausmann2018,observed
1961,N,total,21.82592137,Gt/yr,krausmann2018,observed
1962,N,total,22.67795252,Gt/yr,krausmann2018,observed
1963,N,total,23.68982223,Gt/yr,krausmann2018,observed
1964,N,total,25.05214418,Gt/yr,krausmann2018,observed
1965,N,total,25.6279301,Gt/yr,krausmann2018,observed
1966,N,total,26.98654478,Gt/yr,krausmann2018,observed
1967,N,total,27.50298139,Gt/yr,krausmann2018,observed
1968,N,total,28.82397113,Gt/yr,krausmann2018,observed
1969,N,total,29.61849955,Gt/yr,krausmann2018,observed
1970,N,total,31.19700793,Gt/yr,krausmann2018,observed
1971,N,total,31.99215635,Gt/yr,krausmann2018,observed
1972,N,total,33.64892248,Gt/yr,krausmann2018,observed
1973,N,total,34.98198897,Gt/yr,krausmann2018,observed
1974,N,total,35.59786317,Gt/yr,krausmann2018,observed
1975,N,total,35.45574613,Gt/yr,krausmann2018,observed
1976,N,total,36.29020995,Gt/yr,krausmann2018,observed
1977,N,total,37.03497017,Gt/yr,krausmann2018,observed
1978,N,total,38.21873715,Gt/yr,krausmann2018,observed
1979,N,total,39.10850908,Gt/yr,krausmann2018,observed
1980,N,total,39.16208093,Gt/yr,krausmann2018,observed
1981,N,total,38.86754172,Gt/yr,krausmann2018,observed
1982,N,total,39.07552347,Gt/yr,krausmann2018,observed
1983,N,total,39.16888236,Gt/yr,krausmann2018,observed
1984,N,total,40.92896959,Gt/yr,krausmann2018,observed
1985,N,total,41.42160956,Gt/yr,krausmann2018,observed
1986,N,total,42.43057199,Gt/yr,krausmann2018,observed
1987,N,total,43.51615831,Gt/yr,krausmann2018,observed
1988,N,total,45.26677682,Gt/yr,krausmann2018,observed
1989,N,total,45.62795922,Gt/yr,krausmann2018,observed
1990,N,total,45.9620898,Gt/yr,krausmann2018,observed
1991,N,total,46.94918438,Gt/yr,krausmann2018,observed
1992,N,total,47.06854788,Gt/yr,krausmann2018,observed
1993,N,total,48.42539901,Gt/yr,krausmann2018,observed
1994,N,total,49.75365363,Gt/yr,krausmann2018,observed
1995,N,total,52.70309856,Gt/yr,krausmann2018,observed
1996,N,total,53.46427333,Gt/yr,krausmann2018,observed
1997,N,total,54.09420464,Gt/yr,krausmann2018,observed
1998,N,total,55.37204418,Gt/yr,krausmann2018,observed
1999,N,total,56.20039616,Gt/yr,krausmann2018,observed
2000,N,total,57.1705816,Gt/yr,krausmann2018,observed
2001,N,total,57.54975487,Gt/yr,krausmann2018,observed
2002,N,total,58.13417878,Gt/yr,krausmann2018,observed
2003,N,total,60.88263583,Gt/yr,krausmann2018,observed
2004,N,total,63.82462409,Gt/yr,krausmann2018,observed
2005,N,total,66.43581979,Gt/yr,krausmann2018,observed
2006,N,total,69.89720846,Gt/yr,krausmann2018,observed
2007,N,total,72.75333144,Gt/yr,krausmann2018,observed
2008,N,total,73.87874914,Gt/yr,krausmann2018,observed
2009,N,total,75.18374798,Gt/yr,krausmann2018,observed
2010,N,total,78.55962722,Gt/yr,krausmann2018,observed
2011,N,total,83.2492244,Gt/yr,krausmann2018,observed
2012,N,total,84.91511564,Gt/yr,krausmann2018,observed
2013,N,total,87.87265381,Gt/yr,krausmann2018,observed
2014,N,total,89.29127028,Gt/yr,krausmann2018,observed
2015,N,total,88.90689205,Gt/yr,krausmann2018,observed
1900,NAS,aggregates,0.25208225,Gt/yr,krausmann2018,observed
1901,NAS,aggregates,0.25514125,Gt/yr,krausmann2018,observed
1902,NAS,aggregates,0.24500475,Gt/yr,krausmann2018,observed
1903,NAS,aggregates,0.2478365,Gt/yr,krausmann2018,observed
1904,NAS,aggregates,0.24048075,Gt/yr,krausmann2018,observed
1905,NAS,aggregates,0.263735,Gt/yr,krausmann2018,observed
1906,NAS,aggregates,0.2603155,Gt/yr,krausmann2018,observed
1907,NAS,aggregates,0.265503,Gt/yr,krausmann2018,observed
1908,NAS,aggregates,0.275725,Gt/yr,krausmann2018,observed
1909,NAS,aggregates,0.2877745,Gt/yr,krausmann2018,observed
1910,NAS,aggregates,0.2767875,Gt/yr,krausmann2018,observed
1911,NAS,aggregates,0.264774,Gt/yr,krausmann2018,observed
1912,NAS,aggregates,0.2627875,Gt/yr,krausmann2018,observed
1913,NAS,aggregates,0.258603,Gt/yr,krausmann2018,observed
1914,NAS,aggregates,0.2601885,Gt/yr,krausmann2018,observed
1915,NAS,aggregates,0.257626,Gt/yr,krausmann2018,observed
1916,NAS,aggregates,0.2796145,Gt/yr,krausmann2018,observed
1917,NAS,aggregates,0.2699685,Gt/yr,krausmann2018,observed
1918,NAS,aggregates,0.3073065,Gt/yr,krausmann2018,observed
1919,NAS,aggregates,0.2465935,Gt/yr,krausmann2018,observed
1920,NAS,aggregates,0.2658865,Gt/yr,krausmann2018,observed
1921,NAS,aggregates,0.258605,Gt/yr,krausmann2018,observed
1922,NAS,aggregates,0.27145,Gt/yr,krausmann2018,observed
1923,NAS,aggregates,0.2789015,Gt/yr,krausmann2018,observed
1924,NAS,aggregates,0.2996625,Gt/yr,krausmann2018,observed
1925,NAS,aggregates,0.2838835,Gt/yr,krausmann2018,observed
1926,NAS,aggregates,0.310106,Gt/yr,krausmann2018,observed
1927,NAS,aggregates,0.346796,Gt/yr,krausmann2018,observed
1928,NAS,aggregates,0.343063,Gt/yr,krausmann2018,observed
1929,NAS,aggregates,0.354307,Gt/yr,krausmann2018,observed
1930,NAS,aggregates,0.349982,Gt/yr,krausmann2018,observed
1931,NAS,aggregates,0.388266,Gt/yr,krausmann2018,observed
1932,NAS,aggregates,0.3994435,Gt/yr,krausmann2018,observed
1933,NAS,aggregates,0.400403,Gt/yr,krausmann2018,observed
1934,NAS,aggregates,0.4253045,Gt/yr,krausmann2018,observed
1935,NAS,aggregates,0.4207615,Gt/yr,krausmann2018,observed
1936,NAS,aggregates,0.476635,Gt/yr,krausmann2018,observed
1937,NAS,aggregates,0.5153215,Gt/yr,krausmann2018,observed
1938,NAS,aggregates,0.533377,Gt/yr,krausmann2018,observed
1939,NAS,aggregates,0.539965,Gt/yr,krausmann2018,observed
1940,NAS,aggregates,0.6110285,Gt/yr,krausmann2018,observed
1941,NAS,aggregates,0.6369915,Gt/yr,krausmann2018,observed
1942,NAS,aggregates,0.6313165,Gt/yr,krausmann2018,observed
1943,NAS,aggregates,0.673737,Gt/yr,krausmann2018,observed
1944,NAS,aggregates,0.7427535,Gt/yr,krausmann2018,observed
1945,NAS,aggregates,0.7612725,Gt/yr,krausmann2018,observed
1946,NAS,aggregates,0.8160935,Gt/yr,krausmann2018,observed
1947,NAS,aggregates,0.924407,Gt/yr,krausmann2018,observed
1948,NAS,aggregates,0.9840975,Gt/yr,krausmann2018,observed
1949,NAS,aggregates,1.070014,Gt/yr,krausmann2018,observed
1950,NAS,aggregates,1.207048,Gt/yr,krausmann2018,observed
1951,NAS,aggregates,1.3213875,Gt/yr,krausmann2018,observed
1952,NAS,aggregates,1.4254165,Gt/yr,krausmann2018,observed
1953,NAS,aggregates,1.4627285,Gt/yr,krausmann2018,observed
1954,NAS,aggregates,1.5903235,Gt/yr,krausmann2018,observed
1955,NAS,aggregates,1.6332455,Gt/yr,krausmann2018,observed
1956,NAS,aggregates,1.79203,Gt/yr,krausmann2018,observed
1957,NAS,aggregates,1.887392,Gt/yr,krausmann2018,observed
1958,NAS,aggregates,2.008872,Gt/yr,krausmann2018,observed
1959,NAS,aggregates,2.110403,Gt/yr,krausmann2018,observed
1960,NAS,aggregates,2.2501795,Gt/yr,krausmann2018,observed
1961,NAS,aggregates,2.422409,Gt/yr,krausmann2018,observed
1962,NAS,aggregates,2.5540775,Gt/yr,krausmann2018,observed
1963,NAS,aggregates,2.731513,Gt/yr,krausmann2018,observed
1964,NAS,aggregates,2.942648,Gt/yr,krausmann2018,observed
1965,NAS,aggregates,3.113283,Gt/yr,krausmann2018,observed
1966,NAS,aggregates,3.4414615,Gt/yr,krausmann2018,observed
1967,NAS,aggregates,3.397351,Gt/yr,krausmann2018,observed
1968,NAS,aggregates,3.6825455,Gt/yr,krausmann2018,observed
1969,NAS,aggregates,3.76849,Gt/yr,krausmann2018,observed
1970,NAS,aggregates,4.2669615,Gt/yr,krausmann2018,observed
1971,NAS,aggregates,4.2498975,Gt/yr,krausmann2018,observed
1972,NAS,aggregates,4.8177095,Gt/yr,krausmann2018,observed
1973,NAS,aggregates,4.8501875,Gt/yr,krausmann2018,observed
1974,NAS,aggregates,5.04918,Gt/yr,krausmann2018,observed
1975,NAS,aggregates,4.733042,Gt/yr,krausmann2018,observed
1976,NAS,aggregates,4.476252,Gt/yr,krausmann2018,observed
1977,NAS,aggregates,4.427959,Gt/yr,krausmann2018,observed
1978,NAS,aggregates,4.5256995,Gt/yr,krausmann2018,observed
1979,NAS,aggregates,4.6914025,Gt/yr,krausmann2018,observed
1980,NAS,aggregates,4.582615,Gt/yr,krausmann2018,observed
1981,NAS,aggregates,4.141004,Gt/yr,krausmann2018,observed
1982,NAS,aggregates,3.846988,Gt/yr,krausmann2018,observed
1983,NAS,aggregates,3.717659,Gt/yr,krausmann2018,observed
1984,NAS,aggregates,3.833754,Gt/yr,krausmann2018,observed
1985,NAS,aggregates,3.845994,Gt/yr,krausmann2018,observed
1986,NAS,aggregates,4.000875,Gt/yr,krausmann2018,observed
1987,NAS,aggregates,4.148709,Gt/yr,krausmann2018,observed
1988,NAS,aggregates,4.518376,Gt/yr,krausmann2018,observed
1989,NAS,aggregates,4.558863,Gt/yr,krausmann2018,observed
1990,NAS,aggregates,4.506714,Gt/yr,krausmann2018,observed
1991,NAS,aggregates,4.969817,Gt/yr,krausmann2018,observed
1992,NAS,aggregates,5.307438,Gt/yr,krausmann2018,observed
1993,NAS,aggregates,5.503093,Gt/yr,krausmann2018,observed
1994,NAS,aggregates,5.667875,Gt/yr,krausmann2018,observed
1995,NAS,aggregates,6.167466,Gt/yr,krausmann2018,observed
1996,NAS,aggregates,5.989727,Gt/yr,krausmann2018,observed
1997,NAS,aggregates,6.202178,Gt/yr,krausmann2018,observed
1998,NAS,aggregates,6.762185,Gt/yr,krausmann2018,observed
1999,NAS,aggregates,6.83819,Gt/yr,krausmann2018,observed
2000,NAS,aggregates,6.847332,Gt/yr,krausmann2018,observed
2001,NAS,aggregates,6.567842,Gt/yr,krausmann2018,observed
2002,NAS,aggregates,6.472458,Gt/yr,krausmann2018,observed
2003,NAS,aggregates,6.751972,Gt/yr,krausmann2018,observed
2004,NAS,aggregates,7.087866,Gt/yr,krausmann2018,observed
2005,NAS,aggregates,7.239238,Gt/yr,krausmann2018,observed
2006,NAS,aggregates,7.535512,Gt/yr,krausmann2018,observed
2007,NAS,aggregates,7.572826,Gt/yr,krausmann2018,observed
2008,NAS,aggregates,7.324634,Gt/yr,krausmann2018,observed
2009,NAS,aggregates,7.160388,Gt/yr,krausmann2018,observed
2010,NAS,aggregates,7.384876,Gt/yr,krausmann2018,observed
2011,NAS,aggregates,7.61608,Gt/yr,krausmann2018,observed
2012,NAS,aggregates,7.549984,Gt/yr,krausmann2018,observed
2013,NAS,aggregates,7.470312,Gt/yr,krausmann2018,observed
2014,NAS,aggregates,7.593248,Gt/yr,krausmann2018,observed
2015,NAS,aggregates,7.113266988,Gt/yr,krausmann2018,observed
1900,NAS,asphalt,0,Gt/yr,krausmann2018,observed
1901,NAS,asphalt,0,Gt/yr,krausmann2018,observed
1902,NAS,asphalt,0,Gt/yr,krausmann2018,observed
1903,NAS,asphalt,0,Gt/yr,krausmann2018,observed
1904,NAS,asphalt,0,Gt/yr,krausmann2018,observed
1905,NAS,asphalt,0,Gt/yr,krausmann2018,observed
1906,NAS,asphalt,0,Gt/yr,krausmann2018,observed
1907,NAS,asphalt,0,Gt/yr,krausmann2018,observed
1908,NAS,asphalt,0,Gt/yr,krausmann2018,observed
1909,NAS,asphalt,0,Gt/yr,krausmann2018,observed
1910,NAS,asphalt,0,Gt/yr,krausmann2018,observed
1911,NAS,asphalt,0,Gt/yr,krausmann2018,observed
1912,NAS,asphalt,0,Gt/yr,krausmann2018,observed
1913,NAS,asphalt,0,Gt/yr,krausmann2018,observed
1914,NAS,asphalt,0,Gt/yr,krausmann2018,observed
1915,NAS,asphalt,0,Gt/yr,krausmann2018,observed
1916,NAS,asphalt,0,Gt/yr,krausmann2018,observed
1917,NAS,asphalt,0,Gt/yr,krausmann2018,observed
1918,NAS,asphalt,0,Gt/yr,krausmann2018,observed
1919,NAS,asphalt,0,Gt/yr,krausmann2018,observed
1920,NAS,asphalt,0,Gt/yr,krausmann2018,observed
1921,NAS,asphalt,0.00138484021,Gt/yr,krausmann2018,observed
1922,NAS,asphalt,0.002767447876,Gt/yr,krausmann2018,observed
1923,NAS,asphalt,0.005538485352,Gt/yr,krausmann2018,observed
1924,NAS,asphalt,0.008328667969,Gt/yr,krausmann2018,observed
1925,NAS,asphalt,0.01108408984,Gt/yr,krausmann2018,observed
1926,NAS,asphalt,0.01383101172,Gt/yr,krausmann2018,observed
1927,NAS,asphalt,0.01656662109,Gt/yr,krausmann2018,observed
1928,NAS,asphalt,0.01945121094,Gt/yr,krausmann2018,observed
1929,NAS,asphalt,0.02211591406,Gt/yr,krausmann2018,observed
1930,NAS,asphalt,0.02486225,Gt/yr,krausmann2018,observed
1931,NAS,asphalt,0.02768603906,Gt/yr,krausmann2018,observed
1932,NAS,asphalt,0.03094075,Gt/yr,krausmann2018,observed
1933,NAS,asphalt,0.03438717187,Gt/yr,krausmann2018,observed
1934,NAS,asphalt,0.03850198438,Gt/yr,krausmann2018,observed
1935,NAS,asphalt,0.04297770312,Gt/yr,krausmann2018,observed
1936,NAS,asphalt,0.04792603125,Gt/yr,krausmann2018,observed
1937,NAS,asphalt,0.05352628125,Gt/yr,krausmann2018,observed
1938,NAS,asphalt,0.059667375,Gt/yr,krausmann2018,observed
1939,NAS,asphalt,0.066815875,Gt/yr,krausmann2018,observed
1940,NAS,asphalt,0.0742154375,Gt/yr,krausmann2018,observed
1941,NAS,asphalt,0.0826388125,Gt/yr,krausmann2018,observed
1942,NAS,asphalt,0.09212125,Gt/yr,krausmann2018,observed
1943,NAS,asphalt,0.102340625,Gt/yr,krausmann2018,observed
1944,NAS,asphalt,0.1138495625,Gt/yr,krausmann2018,observed
1945,NAS,asphalt,0.1258159375,Gt/yr,krausmann2018,observed
1946,NAS,asphalt,0.13962525,Gt/yr,krausmann2018,observed
1947,NAS,asphalt,0.154418875,Gt/yr,krausmann2018,observed
1948,NAS,asphalt,0.170987,Gt/yr,krausmann2018,observed
1949,NAS,asphalt,0.189475,Gt/yr,krausmann2018,observed
1950,NAS,asphalt,0.21995825,Gt/yr,krausmann2018,observed
1951,NAS,asphalt,0.23278,Gt/yr,krausmann2018,observed
1952,NAS,asphalt,0.256061,Gt/yr,krausmann2018,observed
1953,NAS,asphalt,0.27137925,Gt/yr,krausmann2018,observed
1954,NAS,asphalt,0.28645275,Gt/yr,krausmann2018,observed
1955,NAS,asphalt,0.3026295,Gt/yr,krausmann2018,observed
1956,NAS,asphalt,0.340884,Gt/yr,krausmann2018,observed
1957,NAS,asphalt,0.36697975,Gt/yr,krausmann2018,observed
1958,NAS,asphalt,0.381262,Gt/yr,krausmann2018,observed
1959,NAS,asphalt,0.403295,Gt/yr,krausmann2018,observed
1960,NAS,asphalt,0.432355,Gt/yr,krausmann2018,observed
1961,NAS,asphalt,0.464414,Gt/yr,krausmann2018,observed
1962,NAS,asphalt,0.4922905,Gt/yr,krausmann2018,observed
1963,NAS,asphalt,0.530146,Gt/yr,krausmann2018,observed
1964,NAS,asphalt,0.576644,Gt/yr,krausmann2018,observed
1965,NAS,asphalt,0.6222685,Gt/yr,krausmann2018,observed
1966,NAS,asphalt,0.67758,Gt/yr,krausmann2018,observed
1967,NAS,asphalt,0.692615,Gt/yr,krausmann2018,observed
1968,NAS,asphalt,0.755905,Gt/yr,krausmann2018,observed
1969,NAS,asphalt,0.778613,Gt/yr,krausmann2018,observed
1970,NAS,asphalt,0.882196,Gt/yr,krausmann2018,observed
1971,NAS,asphalt,0.879392,Gt/yr,krausmann2018,observed
1972,NAS,asphalt,1.029748,Gt/yr,krausmann2018,observed
1973,NAS,asphalt,1.052287,Gt/yr,krausmann2018,observed
1974,NAS,asphalt,1.103677,Gt/yr,krausmann2018,observed
1975,NAS,asphalt,1.049146,Gt/yr,krausmann2018,observed
1976,NAS,asphalt,0.94456,Gt/yr,krausmann2018,observed
1977,NAS,asphalt,0.914796,Gt/yr,krausmann2018,observed
1978,NAS,asphalt,0.97421,Gt/yr,krausmann2018,observed
1979,NAS,asphalt,1.050076,Gt/yr,krausmann2018,observed
1980,NAS,asphalt,1.03119,Gt/yr,krausmann2018,observed
1981,NAS,asphalt,0.909506,Gt/yr,krausmann2018,observed
1982,NAS,asphalt,0.81504,Gt/yr,krausmann2018,observed
1983,NAS,asphalt,0.786794,Gt/yr,krausmann2018,observed
1984,NAS,asphalt,0.835796,Gt/yr,krausmann2018,observed
1985,NAS,asphalt,0.831578,Gt/yr,krausmann2018,observed
1986,NAS,asphalt,0.873962,Gt/yr,krausmann2018,observed
1987,NAS,asphalt,0.88,Gt/yr,krausmann2018,observed
1988,NAS,asphalt,0.906756,Gt/yr,krausmann2018,observed
1989,NAS,asphalt,0.92892,Gt/yr,krausmann2018,observed
1990,NAS,asphalt,0.858844,Gt/yr,krausmann2018,observed
1991,NAS,asphalt,1.03134,Gt/yr,krausmann2018,observed
1992,NAS,asphalt,1.051954,Gt/yr,krausmann2018,observed
1993,NAS,asphalt,1.049444,Gt/yr,krausmann2018,observed
1994,NAS,asphalt,1.026984,Gt/yr,krausmann2018,observed
1995,NAS,asphalt,1.013908,Gt/yr,krausmann2018,observed
1996,NAS,asphalt,0.989212,Gt/yr,krausmann2018,observed
1997,NAS,asphalt,1.061668,Gt/yr,krausmann2018,observed
1998,NAS,asphalt,1.152112,Gt/yr,krausmann2018,observed
1999,NAS,asphalt,1.149564,Gt/yr,krausmann2018,observed
2000,NAS,asphalt,1.199312,Gt/yr,krausmann2018,observed
2001,NAS,asphalt,1.141724,Gt/yr,krausmann2018,observed
2002,NAS,asphalt,1.127928,Gt/yr,krausmann2018,observed
2003,NAS,asphalt,1.1497,Gt/yr,krausmann2018,observed
2004,NAS,asphalt,1.328144,Gt/yr,krausmann2018,observed
2005,NAS,asphalt,1.373524,Gt/yr,krausmann2018,observed
2006,NAS,asphalt,1.424684,Gt/yr,krausmann2018,observed
2007,NAS,asphalt,1.408556,Gt/yr,krausmann2018,observed
2008,NAS,asphalt,1.331856,Gt/yr,krausmann2018,observed
2009,NAS,asphalt,1.22736,Gt/yr,krausmann2018,observed
2010,NAS,asphalt,1.210288,Gt/yr,krausmann2018,observed
2011,NAS,asphalt,1.15458,Gt/yr,krausmann2018,observed
2012,NAS,asphalt,1.07964,Gt/yr,krausmann2018,observed
2013,NAS,asphalt,1.021992,Gt/yr,krausmann2018,observed
2014,NAS,asphalt,0.972828,Gt/yr,krausmann2018,observed
2015,NAS,asphalt,0.937864,Gt/yr,krausmann2018,observed
1900,NAS,bricks,0.097613,Gt/yr,krausmann2018,observed
1901,NAS,bricks,0.1014,Gt/yr,krausmann2018,observed
1902,NAS,bricks,0.101789,Gt/yr,krausmann2018,observed
1903,NAS,bricks,0.104998,Gt/yr,krausmann2018,observed
1904,NAS,bricks,0.105604,Gt/yr,krausmann2018,observed
1905,NAS,bricks,0.105676,Gt/yr,krausmann2018,observed
1906,NAS,bricks,0.109688,Gt/yr,krausmann2018,observed
1907,NAS,bricks,0.108118,Gt/yr,krausmann2018,observed
1908,NAS,bricks,0.11353,Gt/yr,krausmann2018,observed
1909,NAS,bricks,0.117299,Gt/yr,krausmann2018,observed
1910,NAS,bricks,0.117661,Gt/yr,krausmann2018,observed
1911,NAS,bricks,0.119346,Gt/yr,krausmann2018,observed
1912,NAS,bricks,0.121729,Gt/yr,krausmann2018,observed
1913,NAS,bricks,0.125752,Gt/yr,krausmann2018,observed
1914,NAS,bricks,0.124546,Gt/yr,krausmann2018,observed
1915,NAS,bricks,0.122027,Gt/yr,krausmann2018,observed
1916,NAS,bricks,0.125856,Gt/yr,krausmann2018,observed
1917,NAS,bricks,0.118647,Gt/yr,krausmann2018,observed
1918,NAS,bricks,0.121481,Gt/yr,krausmann2018,observed
1919,NAS,bricks,0.116979,Gt/yr,krausmann2018,observed
1920,NAS,bricks,0.11337,Gt/yr,krausmann2018,observed
1921,NAS,bricks,0.120764,Gt/yr,krausmann2018,observed
1922,NAS,bricks,0.116517,Gt/yr,krausmann2018,observed
1923,NAS,bricks,0.119945,Gt/yr,krausmann2018,observed
1924,NAS,bricks,0.122285,Gt/yr,krausmann2018,observed
1925,NAS,bricks,0.127655,Gt/yr,krausmann2018,observed
1926,NAS,bricks,0.130696,Gt/yr,krausmann2018,observed
1927,NAS,bricks,0.131285,Gt/yr,krausmann2018,observed
1928,NAS,bricks,0.133618,Gt/yr,krausmann2018,observed
1929,NAS,bricks,0.139776,Gt/yr,krausmann2018,observed
1930,NAS,bricks,0.140852,Gt/yr,krausmann2018,observed
1931,NAS,bricks,0.142955,Gt/yr,krausmann2018,observed
1932,NAS,bricks,0.136562,Gt/yr,krausmann2018,observed
1933,NAS,bricks,0.139781,Gt/yr,krausmann2018,observed
1934,NAS,bricks,0.139166,Gt/yr,krausmann2018,observed
1935,NAS,bricks,0.135372,Gt/yr,krausmann2018,observed
1936,NAS,bricks,0.137168,Gt/yr,krausmann2018,observed
1937,NAS,bricks,0.136966,Gt/yr,krausmann2018,observed
1938,NAS,bricks,0.136826,Gt/yr,krausmann2018,observed
1939,NAS,bricks,0.132478,Gt/yr,krausmann2018,observed
1940,NAS,bricks,0.13496,Gt/yr,krausmann2018,observed
1941,NAS,bricks,0.123559,Gt/yr,krausmann2018,observed
1942,NAS,bricks,0.125116,Gt/yr,krausmann2018,observed
1943,NAS,bricks,0.124755,Gt/yr,krausmann2018,observed
1944,NAS,bricks,0.122017,Gt/yr,krausmann2018,observed
1945,NAS,bricks,0.117424,Gt/yr,krausmann2018,observed
1946,NAS,bricks,0.10932,Gt/yr,krausmann2018,observed
1947,NAS,bricks,0.109148,Gt/yr,krausmann2018,observed
1948,NAS,bricks,0.112454,Gt/yr,krausmann2018,observed
1949,NAS,bricks,0.114388,Gt/yr,krausmann2018,observed
1950,NAS,bricks,0.109858,Gt/yr,krausmann2018,observed
1951,NAS,bricks,0.117286,Gt/yr,krausmann2018,observed
1952,NAS,bricks,0.122654,Gt/yr,krausmann2018,observed
1953,NAS,bricks,0.121588,Gt/yr,krausmann2018,observed
1954,NAS,bricks,0.121362,Gt/yr,krausmann2018,observed
1955,NAS,bricks,0.12934,Gt/yr,krausmann2018,observed
1956,NAS,bricks,0.13582,Gt/yr,krausmann2018,observed
1957,NAS,bricks,0.143088,Gt/yr,krausmann2018,observed
1958,NAS,bricks,0.146194,Gt/yr,krausmann2018,observed
1959,NAS,bricks,0.147094,Gt/yr,krausmann2018,observed
1960,NAS,bricks,0.154296,Gt/yr,krausmann2018,observed
1961,NAS,bricks,0.172842,Gt/yr,krausmann2018,observed
1962,NAS,bricks,0.194654,Gt/yr,krausmann2018,observed
1963,NAS,bricks,0.219478,Gt/yr,krausmann2018,observed
1964,NAS,bricks,0.240958,Gt/yr,krausmann2018,observed
1965,NAS,bricks,0.262246,Gt/yr,krausmann2018,observed
1966,NAS,bricks,0.292772,Gt/yr,krausmann2018,observed
1967,NAS,bricks,0.326984,Gt/yr,krausmann2018,observed
1968,NAS,bricks,0.344994,Gt/yr,krausmann2018,observed
1969,NAS,bricks,0.380108,Gt/yr,krausmann2018,observed
1970,NAS,bricks,0.398824,Gt/yr,krausmann2018,observed
1971,NAS,bricks,0.458614,Gt/yr,krausmann2018,observed
1972,NAS,bricks,0.530934,Gt/yr,krausmann2018,observed
1973,NAS,bricks,0.532578,Gt/yr,krausmann2018,observed
1974,NAS,bricks,0.552736,Gt/yr,krausmann2018,observed
1975,NAS,bricks,0.609194,Gt/yr,krausmann2018,observed
1976,NAS,bricks,0.725766,Gt/yr,krausmann2018,observed
1977,NAS,bricks,0.691074,Gt/yr,krausmann2018,observed
1978,NAS,bricks,0.69592,Gt/yr,krausmann2018,observed
1979,NAS,bricks,0.663458,Gt/yr,krausmann2018,observed
1980,NAS,bricks,0.723116,Gt/yr,krausmann2018,observed
1981,NAS,bricks,0.711596,Gt/yr,krausmann2018,observed
1982,NAS,bricks,0.881158,Gt/yr,krausmann2018,observed
1983,NAS,bricks,0.944924,Gt/yr,krausmann2018,observed
1984,NAS,bricks,1.122244,Gt/yr,krausmann2018,observed
1985,NAS,bricks,1.157028,Gt/yr,krausmann2018,observed
1986,NAS,bricks,1.159408,Gt/yr,krausmann2018,observed
1987,NAS,bricks,1.268888,Gt/yr,krausmann2018,observed
1988,NAS,bricks,1.467636,Gt/yr,krausmann2018,observed
1989,NAS,bricks,1.46764,Gt/yr,krausmann2018,observed
1990,NAS,bricks,1.600052,Gt/yr,krausmann2018,observed
1991,NAS,bricks,1.303036,Gt/yr,krausmann2018,observed
1992,NAS,bricks,1.45778,Gt/yr,krausmann2018,observed
1993,NAS,bricks,1.625412,Gt/yr,krausmann2018,observed
1994,NAS,bricks,1.712096,Gt/yr,krausmann2018,observed
1995,NAS,bricks,2.651436,Gt/yr,krausmann2018,observed
1996,NAS,bricks,2.504216,Gt/yr,krausmann2018,observed
1997,NAS,bricks,2.283056,Gt/yr,krausmann2018,observed
1998,NAS,bricks,2.633764,Gt/yr,krausmann2018,observed
1999,NAS,bricks,2.579988,Gt/yr,krausmann2018,observed
2000,NAS,bricks,2.514888,Gt/yr,krausmann2018,observed
2001,NAS,bricks,2.210032,Gt/yr,krausmann2018,observed
2002,NAS,bricks,1.841356,Gt/yr,krausmann2018,observed
2003,NAS,bricks,1.932784,Gt/yr,krausmann2018,observed
2004,NAS,bricks,1.637316,Gt/yr,krausmann2018,observed
2005,NAS,bricks,1.616096,Gt/yr,krausmann2018,observed
2006,NAS,bricks,1.597232,Gt/yr,krausmann2018,observed
2007,NAS,bricks,1.553184,Gt/yr,krausmann2018,observed
2008,NAS,bricks,1.492448,Gt/yr,krausmann2018,observed
2009,NAS,bricks,1.51576,Gt/yr,krausmann2018,observed
2010,NAS,bricks,1.4954,Gt/yr,krausmann2018,observed
2011,NAS,bricks,1.41752,Gt/yr,krausmann2018,observed
2012,NAS,bricks,1.424208,Gt/yr,krausmann2018,observed
2013,NAS,bricks,1.345688,Gt/yr,krausmann2018,observed
2014,NAS,bricks,1.30788,Gt/yr,krausmann2018,observed
2015,NAS,bricks,1.282752,Gt/yr,krausmann2018,observed
1900,NAS,concrete,0.04874025,Gt/yr,krausmann2018,observed
1901,NAS,concrete,0.0612905,Gt/yr,krausmann2018,observed
1902,NAS,concrete,0.073128,Gt/yr,krausmann2018,observed
1903,NAS,concrete,0.0857595,Gt/yr,krausmann2018,observed
1904,NAS,concrete,0.09701,Gt/yr,krausmann2018,observed
1905,NAS,concrete,0.10823825,Gt/yr,krausmann2018,observed
1906,NAS,concrete,0.12022075,Gt/yr,krausmann2018,observed
1907,NAS,concrete,0.13099325,Gt/yr,krausmann2018,observed
1908,NAS,concrete,0.14121175,Gt/yr,krausmann2018,observed
1909,NAS,concrete,0.15184525,Gt/yr,krausmann2018,observed
1910,NAS,concrete,0.16258725,Gt/yr,krausmann2018,observed
1911,NAS,concrete,0.17281425,Gt/yr,krausmann2018,observed
1912,NAS,concrete,0.18187175,Gt/yr,krausmann2018,observed
1913,NAS,concrete,0.19156625,Gt/yr,krausmann2018,observed
1914,NAS,concrete,0.1646135,Gt/yr,krausmann2018,observed
1915,NAS,concrete,0.13812625,Gt/yr,krausmann2018,observed
1916,NAS,concrete,0.111845,Gt/yr,krausmann2018,observed
1917,NAS,concrete,0.08592,Gt/yr,krausmann2018,observed
1918,NAS,concrete,0.060441,Gt/yr,krausmann2018,observed
1919,NAS,concrete,0.0356285,Gt/yr,krausmann2018,observed
1920,NAS,concrete,0.082179,Gt/yr,krausmann2018,observed
1921,NAS,concrete,0.077513,Gt/yr,krausmann2018,observed
1922,NAS,concrete,0.1541665,Gt/yr,krausmann2018,observed
1923,NAS,concrete,0.154405,Gt/yr,krausmann2018,observed
1924,NAS,concrete,0.2155615,Gt/yr,krausmann2018,observed
1925,NAS,concrete,0.273805,Gt/yr,krausmann2018,observed
1926,NAS,concrete,0.307316,Gt/yr,krausmann2018,observed
1927,NAS,concrete,0.3375565,Gt/yr,krausmann2018,observed
1928,NAS,concrete,0.360709,Gt/yr,krausmann2018,observed
1929,NAS,concrete,0.3720225,Gt/yr,krausmann2018,observed
1930,NAS,concrete,0.347432,Gt/yr,krausmann2018,observed
1931,NAS,concrete,0.2728225,Gt/yr,krausmann2018,observed
1932,NAS,concrete,0.179025,Gt/yr,krausmann2018,observed
1933,NAS,concrete,0.168016,Gt/yr,krausmann2018,observed
1934,NAS,concrete,0.2340825,Gt/yr,krausmann2018,observed
1935,NAS,concrete,0.2766455,Gt/yr,krausmann2018,observed
1936,NAS,concrete,0.252733,Gt/yr,krausmann2018,observed
1937,NAS,concrete,0.38345,Gt/yr,krausmann2018,observed
1938,NAS,concrete,0.396356,Gt/yr,krausmann2018,observed
1939,NAS,concrete,0.436858,Gt/yr,krausmann2018,observed
1940,NAS,concrete,0.345126,Gt/yr,krausmann2018,observed
1941,NAS,concrete,0.384851,Gt/yr,krausmann2018,observed
1942,NAS,concrete,0.331048,Gt/yr,krausmann2018,observed
1943,NAS,concrete,0.259163,Gt/yr,krausmann2018,observed
1944,NAS,concrete,0.144531,Gt/yr,krausmann2018,observed
1945,NAS,concrete,0.104867,Gt/yr,krausmann2018,observed
1946,NAS,concrete,0.256621,Gt/yr,krausmann2018,observed
1947,NAS,concrete,0.343087,Gt/yr,krausmann2018,observed
1948,NAS,concrete,0.443244,Gt/yr,krausmann2018,observed
1949,NAS,concrete,0.521459,Gt/yr,krausmann2018,observed
1950,NAS,concrete,0.634626,Gt/yr,krausmann2018,observed
1951,NAS,concrete,0.726013,Gt/yr,krausmann2018,observed
1952,NAS,concrete,0.793962,Gt/yr,krausmann2018,observed
1953,NAS,concrete,0.893277,Gt/yr,krausmann2018,observed
1954,NAS,concrete,0.989114,Gt/yr,krausmann2018,observed
1955,NAS,concrete,1.11766,Gt/yr,krausmann2018,observed
1956,NAS,concrete,1.216812,Gt/yr,krausmann2018,observed
1957,NAS,concrete,1.267864,Gt/yr,krausmann2018,observed
1958,NAS,concrete,1.347402,Gt/yr,krausmann2018,observed
1959,NAS,concrete,1.526946,Gt/yr,krausmann2018,observed
1960,NAS,concrete,1.653512,Gt/yr,krausmann2018,observed
1961,NAS,concrete,1.73218,Gt/yr,krausmann2018,observed
1962,NAS,concrete,1.86699,Gt/yr,krausmann2018,observed
1963,NAS,concrete,1.963198,Gt/yr,krausmann2018,observed
1964,NAS,concrete,2.18111,Gt/yr,krausmann2018,observed
1965,NAS,concrete,2.255004,Gt/yr,krausmann2018,observed
1966,NAS,concrete,2.412348,Gt/yr,krausmann2018,observed
1967,NAS,concrete,2.477684,Gt/yr,krausmann2018,observed
1968,NAS,concrete,2.655436,Gt/yr,krausmann2018,observed
1969,NAS,concrete,2.78948,Gt/yr,krausmann2018,observed
1970,NAS,concrete,2.933748,Gt/yr,krausmann2018,observed
1971,NAS,concrete,2.992044,Gt/yr,krausmann2018,observed
1972,NAS,concrete,3.405588,Gt/yr,krausmann2018,observed
1973,NAS,concrete,3.621752,Gt/yr,krausmann2018,observed
1974,NAS,concrete,3.552792,Gt/yr,krausmann2018,observed
1975,NAS,concrete,3.47848,Gt/yr,krausmann2018,observed
1976,NAS,concrete,3.621832,Gt/yr,krausmann2018,observed
1977,NAS,concrete,3.96748,Gt/yr,krausmann2018,observed
1978,NAS,concrete,4.256432,Gt/yr,krausmann2018,observed
1979,NAS,concrete,4.3306,Gt/yr,krausmann2018,observed
1980,NAS,concrete,4.299192,Gt/yr,krausmann2018,observed
1981,NAS,concrete,4.263944,Gt/yr,krausmann2018,observed
1982,NAS,concrete,4.186064,Gt/yr,krausmann2018,observed
1983,NAS,concrete,4.287328,Gt/yr,krausmann2018,observed
1984,NAS,concrete,4.391768,Gt/yr,krausmann2018,observed
1985,NAS,concrete,4.423872,Gt/yr,krausmann2018,observed
1986,NAS,concrete,4.664728,Gt/yr,krausmann2018,observed
1987,NAS,concrete,4.91264,Gt/yr,krausmann2018,observed
1988,NAS,concrete,5.263528,Gt/yr,krausmann2018,observed
1989,NAS,concrete,4.647128,Gt/yr,krausmann2018,observed
1990,NAS,concrete,4.564616,Gt/yr,krausmann2018,observed
1991,NAS,concrete,5.443048,Gt/yr,krausmann2018,observed
1992,NAS,concrete,4.913712,Gt/yr,krausmann2018,observed
1993,NAS,concrete,5.95072,Gt/yr,krausmann2018,observed
1994,NAS,concrete,6.39344,Gt/yr,krausmann2018,observed
1995,NAS,concrete,6.760144,Gt/yr,krausmann2018,observed
1996,NAS,concrete,6.97176,Gt/yr,krausmann2018,observed
1997,NAS,concrete,7.226,Gt/yr,krausmann2018,observed
1998,NAS,concrete,6.998512,Gt/yr,krausmann2018,observed
1999,NAS,concrete,7.25288,Gt/yr,krausmann2018,observed
2000,NAS,concrete,7.544128,Gt/yr,krausmann2018,observed
2001,NAS,concrete,8.01328,Gt/yr,krausmann2018,observed
2002,NAS,concrete,8.512736,Gt/yr,krausmann2018,observed
2003,NAS,concrete,9.529216,Gt/yr,krausmann2018,observed
2004,NAS,concrete,10.49888,Gt/yr,krausmann2018,observed
2005,NAS,concrete,11.304864,Gt/yr,krausmann2018,observed
2006,NAS,concrete,12.93184,Gt/yr,krausmann2018,observed
2007,NAS,concrete,13.968608,Gt/yr,krausmann2018,observed
2008,NAS,concrete,13.995776,Gt/yr,krausmann2018,observed
2009,NAS,concrete,15.132,Gt/yr,krausmann2018,observed
2010,NAS,concrete,16.38672,Gt/yr,krausmann2018,observed
2011,NAS,concrete,18.5264,Gt/yr,krausmann2018,observed
2012,NAS,concrete,19.279488,Gt/yr,krausmann2018,observed
2013,NAS,concrete,20.66368,Gt/yr,krausmann2018,observed
2014,NAS,concrete,20.9776,Gt/yr,krausmann2018,observed
2015,NAS,concrete,20.45713758,Gt/yr,krausmann2018,observed
1900,NAS,humans,0.0007968720493,Gt/yr,krausmann2018,observed
1901,NAS,humans,0.0007968720493,Gt/yr,krausmann2018,observed
1902,NAS,humans,0.0007968720493,Gt/yr,krausmann2018,observed
1903,NAS,humans,0.0007968720493,Gt/yr,krausmann2018,observed
1904,NAS,humans,0.0007968720493,Gt/yr,krausmann2018,observed
1905,NAS,humans,0.0007968720493,Gt/yr,krausmann2018,observed
1906,NAS,humans,0.0007968720493,Gt/yr,krausmann2018,observed
1907,NAS,humans,0.0007968720493,Gt/yr,krausmann2018,observed
1908,NAS,humans,0.0007968720493,Gt/yr,krausmann2018,observed
1909,NAS,humans,0.0007968720493,Gt/yr,krausmann2018,observed
1910,NAS,humans,0.0007968720493,Gt/yr,krausmann2018,observed
1911,NAS,humans,0.0007968720493,Gt/yr,krausmann2018,observed
1912,NAS,humans,0.0007968720493,Gt/yr,krausmann2018,observed
1913,NAS,humans,0.0007968720493,Gt/yr,krausmann2018,observed
1914,NAS,humans,0.0009027487782,Gt/yr,krausmann2018,observed
1915,NAS,humans,0.0009027487782,Gt/yr,krausmann2018,observed
1916,NAS,humans,0.0009027487782,Gt/yr,krausmann2018,observed
1917,NAS,humans,0.0009027487782,Gt/yr,krausmann2018,observed
1918,NAS,humans,0.0009027487782,Gt/yr,krausmann2018,observed
1919,NAS,humans,0.0009027487782,Gt/yr,krausmann2018,observed
1920,NAS,humans,0.0009027487782,Gt/yr,krausmann2018,observed
1921,NAS,humans,0.0009027487782,Gt/yr,krausmann2018,observed
1922,NAS,humans,0.0009027487782,Gt/yr,krausmann2018,observed
1923,NAS,humans,0.0009027487782,Gt/yr,krausmann2018,observed
1924,NAS,humans,0.0009027487782,Gt/yr,krausmann2018,observed
1925,NAS,humans,0.0009027487782,Gt/yr,krausmann2018,observed
1926,NAS,humans,0.0009027487782,Gt/yr,krausmann2018,observed
1927,NAS,humans,0.0009027487782,Gt/yr,krausmann2018,observed
1928,NAS,humans,0.0009027487782,Gt/yr,krausmann2018,observed
1929,NAS,humans,0.0009027487782,Gt/yr,krausmann2018,observed
1930,NAS,humans,0.0009027487782,Gt/yr,krausmann2018,observed
1931,NAS,humans,0.0009027487782,Gt/yr,krausmann2018,observed
1932,NAS,humans,0.0009027487782,Gt/yr,krausmann2018,observed
1933,NAS,humans,0.0009027487782,Gt/yr,krausmann2018,observed
1934,NAS,humans,0.0009027487782,Gt/yr,krausmann2018,observed
1935,NAS,humans,0.0009027487782,Gt/yr,krausmann2018,observed
1936,NAS,humans,0.0009027487782,Gt/yr,krausmann2018,observed
1937,NAS,humans,0.0009027487782,Gt/yr,krausmann2018,observed
1938,NAS,humans,0.0009027487782,Gt/yr,krausmann2018,observed
1939,NAS,humans,0.0009027487782,Gt/yr,krausmann2018,observed
1940,NAS,humans,0.0009027487782,Gt/yr,krausmann2018,observed
1941,NAS,humans,0.0009027487782,Gt/yr,krausmann2018,observed
1942,NAS,humans,0.0009027487782,Gt/yr,krausmann2018,observed
1943,NAS,humans,0.0009027487782,Gt/yr,krausmann2018,observed
1944,NAS,humans,0.0009027487782,Gt/yr,krausmann2018,observed
1945,NAS,humans,0.0009027487782,Gt/yr,krausmann2018,observed
1946,NAS,humans,0.0009027487782,Gt/yr,krausmann2018,observed
1947,NAS,humans,0.0009027487782,Gt/yr,krausmann2018,observed
1948,NAS,humans,0.0009027487782,Gt/yr,krausmann2018,observed
1949,NAS,humans,0.0009027487782,Gt/yr,krausmann2018,observed
1950,NAS,humans,0.0009027487782,Gt/yr,krausmann2018,observed
1951,NAS,humans,0.002211620685,Gt/yr,krausmann2018,observed
1952,NAS,humans,0.002202876544,Gt/yr,krausmann2018,observed
1953,NAS,humans,0.002212293283,Gt/yr,krausmann2018,observed
1954,NAS,humans,0.002236806915,Gt/yr,krausmann2018,observed
1955,NAS,humans,0.002273317669,Gt/yr,krausmann2018,observed
1956,NAS,humans,0.002328412512,Gt/yr,krausmann2018,observed
1957,NAS,humans,0.002379267616,Gt/yr,krausmann2018,observed
1958,NAS,humans,0.002432832058,Gt/yr,krausmann2018,observed
1959,NAS,humans,0.002486823563,Gt/yr,krausmann2018,observed
1960,NAS,humans,0.002540752468,Gt/yr,krausmann2018,observed
1961,NAS,humans,0.0028419849,Gt/yr,krausmann2018,observed
1962,NAS,humans,0.002902971358,Gt/yr,krausmann2018,observed
1963,NAS,humans,0.002972445092,Gt/yr,krausmann2018,observed
1964,NAS,humans,0.003052307184,Gt/yr,krausmann2018,observed
1965,NAS,humans,0.003138353633,Gt/yr,krausmann2018,observed
1966,NAS,humans,0.003626980662,Gt/yr,krausmann2018,observed
1967,NAS,humans,0.003712234078,Gt/yr,krausmann2018,observed
1968,NAS,humans,0.003783617473,Gt/yr,krausmann2018,observed
1969,NAS,humans,0.003835550519,Gt/yr,krausmann2018,observed
1970,NAS,humans,0.003871877805,Gt/yr,krausmann2018,observed
1971,NAS,humans,0.004074362658,Gt/yr,krausmann2018,observed
1972,NAS,humans,0.004108522354,Gt/yr,krausmann2018,observed
1973,NAS,humans,0.004132778611,Gt/yr,krausmann2018,observed
1974,NAS,humans,0.004145987717,Gt/yr,krausmann2018,observed
1975,NAS,humans,0.004152469953,Gt/yr,krausmann2018,observed
1976,NAS,humans,0.004397631989,Gt/yr,krausmann2018,observed
1977,NAS,humans,0.004404557574,Gt/yr,krausmann2018,observed
1978,NAS,humans,0.00442727959,Gt/yr,krausmann2018,observed
1979,NAS,humans,0.004472544234,Gt/yr,krausmann2018,observed
1980,NAS,humans,0.004535298499,Gt/yr,krausmann2018,observed
1981,NAS,humans,0.004809846539,Gt/yr,krausmann2018,observed
1982,NAS,humans,0.00487104145,Gt/yr,krausmann2018,observed
1983,NAS,humans,0.004943579566,Gt/yr,krausmann2018,observed
1984,NAS,humans,0.005029337246,Gt/yr,krausmann2018,observed
1985,NAS,humans,0.005121352216,Gt/yr,krausmann2018,observed
1986,NAS,humans,0.005291302894,Gt/yr,krausmann2018,observed
1987,NAS,humans,0.005378541564,Gt/yr,krausmann2018,observed
1988,NAS,humans,0.005431686254,Gt/yr,krausmann2018,observed
1989,NAS,humans,0.005438241341,Gt/yr,krausmann2018,observed
1990,NAS,humans,0.005409463563,Gt/yr,krausmann2018,observed
1991,NAS,humans,0.00530785629,Gt/yr,krausmann2018,observed
1992,NAS,humans,0.005271528886,Gt/yr,krausmann2018,observed
1993,NAS,humans,0.005235387173,Gt/yr,krausmann2018,observed
1994,NAS,humans,0.005204850771,Gt/yr,krausmann2018,observed
1995,NAS,humans,0.005179952942,Gt/yr,krausmann2018,observed
1996,NAS,humans,0.00532466375,Gt/yr,krausmann2018,observed
1997,NAS,humans,0.005298605698,Gt/yr,krausmann2018,observed
1998,NAS,humans,0.005286656446,Gt/yr,krausmann2018,observed
1999,NAS,humans,0.005293787047,Gt/yr,krausmann2018,observed
2000,NAS,humans,0.005316175927,Gt/yr,krausmann2018,observed
2001,NAS,humans,0.005591839786,Gt/yr,krausmann2018,observed
2002,NAS,humans,0.005621726816,Gt/yr,krausmann2018,observed
2003,NAS,humans,0.005656903913,Gt/yr,krausmann2018,observed
2004,NAS,humans,0.005696593885,Gt/yr,krausmann2018,observed
2005,NAS,humans,0.005739529903,Gt/yr,krausmann2018,observed
2006,NAS,humans,0.005637584326,Gt/yr,krausmann2018,observed
2007,NAS,humans,0.005682903434,Gt/yr,krausmann2018,observed
2008,NAS,humans,0.005726375243,Gt/yr,krausmann2018,observed
2009,NAS,humans,0.005766319464,Gt/yr,krausmann2018,observed
2010,NAS,humans,0.005802555906,Gt/yr,krausmann2018,observed
2011,NAS,humans,0.00561796241,Gt/yr,krausmann2018,observed
2012,NAS,humans,0.005649477443,Gt/yr,krausmann2018,observed
2013,NAS,humans,0.005673812712,Gt/yr,krausmann2018,observed
2014,NAS,humans,0.005689170103,Gt/yr,krausmann2018,observed
2015,NAS,humans,0.005696880928,Gt/yr,krausmann2018,observed
1900,NAS,humans_and_livestock,0.002419067442,Gt/yr,krausmann2018,observed
1901,NAS,humans_and_livestock,0.002419067442,Gt/yr,krausmann2018,observed
1902,NAS,humans_and_livestock,0.002419067442,Gt/yr,krausmann2018,observed
1903,NAS,humans_and_livestock,0.002419067442,Gt/yr,krausmann2018,observed
1904,NAS,humans_and_livestock,0.002419067442,Gt/yr,krausmann2018,observed
1905,NAS,humans_and_livestock,0.002419067442,Gt/yr,krausmann2018,observed
1906,NAS,humans_and_livestock,0.002419067442,Gt/yr,krausmann2018,observed
1907,NAS,humans_and_livestock,0.002419067442,Gt/yr,krausmann2018,observed
1908,NAS,humans_and_livestock,0.002419067442,Gt/yr,krausmann2018,observed
1909,NAS,humans_and_livestock,0.002419067442,Gt/yr,krausmann2018,observed
1910,NAS,humans_and_livestock,0.002419067442,Gt/yr,krausmann2018,observed
1911,NAS,humans_and_livestock,0.002419067442,Gt/yr,krausmann2018,observed
1912,NAS,humans_and_livestock,0.002419067442,Gt/yr,krausmann2018,observed
1913,NAS,humans_and_livestock,0.002419067442,Gt/yr,krausmann2018,observed
1914,NAS,humans_and_livestock,0.002524944171,Gt/yr,krausmann2018,observed
1915,NAS,humans_and_livestock,0.002524944171,Gt/yr,krausmann2018,observed
1916,NAS,humans_and_livestock,0.002524944171,Gt/yr,krausmann2018,observed
1917,NAS,humans_and_livestock,0.002524944171,Gt/yr,krausmann2018,observed
1918,NAS,humans_and_livestock,0.002524944171,Gt/yr,krausmann2018,observed
1919,NAS,humans_and_livestock,0.002524944171,Gt/yr,krausmann2018,observed
1920,NAS,humans_and_livestock,0.002524944171,Gt/yr,krausmann2018,observed
1921,NAS,humans_and_livestock,0.002524944171,Gt/yr,krausmann2018,observed
1922,NAS,humans_and_livestock,0.002524944171,Gt/yr,krausmann2018,observed
1923,NAS,humans_and_livestock,0.002524944171,Gt/yr,krausmann2018,observed
1924,NAS,humans_and_livestock,0.002524944171,Gt/yr,krausmann2018,observed
1925,NAS,humans_and_livestock,0.002524944171,Gt/yr,krausmann2018,observed
1926,NAS,humans_and_livestock,0.002524944171,Gt/yr,krausmann2018,observed
1927,NAS,humans_and_livestock,0.002524944171,Gt/yr,krausmann2018,observed
1928,NAS,humans_and_livestock,0.002524944171,Gt/yr,krausmann2018,observed
1929,NAS,humans_and_livestock,0.002524944171,Gt/yr,krausmann2018,observed
1930,NAS,humans_and_livestock,0.002524944171,Gt/yr,krausmann2018,observed
1931,NAS,humans_and_livestock,0.001967442236,Gt/yr,krausmann2018,observed
1932,NAS,humans_and_livestock,0.001967442236,Gt/yr,krausmann2018,observed
1933,NAS,humans_and_livestock,0.001967442236,Gt/yr,krausmann2018,observed
1934,NAS,humans_and_livestock,0.001967442236,Gt/yr,krausmann2018,observed
1935,NAS,humans_and_livestock,0.001967442236,Gt/yr,krausmann2018,observed
1936,NAS,humans_and_livestock,0.001967442236,Gt/yr,krausmann2018,observed
1937,NAS,humans_and_livestock,0.001967442236,Gt/yr,krausmann2018,observed
1938,NAS,humans_and_livestock,0.001967442236,Gt/yr,krausmann2018,observed
1939,NAS,humans_and_livestock,0.001967442236,Gt/yr,krausmann2018,observed
1940,NAS,humans_and_livestock,0.001967442236,Gt/yr,krausmann2018,observed
1941,NAS,humans_and_livestock,0.001967442236,Gt/yr,krausmann2018,observed
1942,NAS,humans_and_livestock,0.001967442236,Gt/yr,krausmann2018,observed
1943,NAS,humans_and_livestock,0.001967442236,Gt/yr,krausmann2018,observed
1944,NAS,humans_and_livestock,0.001967442236,Gt/yr,krausmann2018,observed
1945,NAS,humans_and_livestock,0.001967442236,Gt/yr,krausmann2018,observed
1946,NAS,humans_and_livestock,0.001967442236,Gt/yr,krausmann2018,observed
1947,NAS,humans_and_livestock,0.001967442236,Gt/yr,krausmann2018,observed
1948,NAS,humans_and_livestock,0.001967442236,Gt/yr,krausmann2018,observed
1949,NAS,humans_and_livestock,0.001967442236,Gt/yr,krausmann2018,observed
1950,NAS,humans_and_livestock,0.001967442236,Gt/yr,krausmann2018,observed
1951,NAS,humans_and_livestock,0.006603799242,Gt/yr,krausmann2018,observed
1952,NAS,humans_and_livestock,0.006595055101,Gt/yr,krausmann2018,observed
1953,NAS,humans_and_livestock,0.00660447184,Gt/yr,krausmann2018,observed
1954,NAS,humans_and_livestock,0.006628985473,Gt/yr,krausmann2018,observed
1955,NAS,humans_and_livestock,0.006665496226,Gt/yr,krausmann2018,observed
1956,NAS,humans_and_livestock,0.00672059107,Gt/yr,krausmann2018,observed
1957,NAS,humans_and_livestock,0.006771446174,Gt/yr,krausmann2018,observed
1958,NAS,humans_and_livestock,0.006825010616,Gt/yr,krausmann2018,observed
1959,NAS,humans_and_livestock,0.006879002121,Gt/yr,krausmann2018,observed
1960,NAS,humans_and_livestock,0.006932931026,Gt/yr,krausmann2018,observed
1961,NAS,humans_and_livestock,0.007234163457,Gt/yr,krausmann2018,observed
1962,NAS,humans_and_livestock,0.004688576705,Gt/yr,krausmann2018,observed
1963,NAS,humans_and_livestock,0.006476948071,Gt/yr,krausmann2018,observed
1964,NAS,humans_and_livestock,0.01376311397,Gt/yr,krausmann2018,observed
1965,NAS,humans_and_livestock,0.01466871051,Gt/yr,krausmann2018,observed
1966,NAS,humans_and_livestock,0.01108377407,Gt/yr,krausmann2018,observed
1967,NAS,humans_and_livestock,0.01430631087,Gt/yr,krausmann2018,observed
1968,NAS,humans_and_livestock,0.01019926955,Gt/yr,krausmann2018,observed
1969,NAS,humans_and_livestock,0.009577390269,Gt/yr,krausmann2018,observed
1970,NAS,humans_and_livestock,0.01296685047,Gt/yr,krausmann2018,observed
1971,NAS,humans_and_livestock,0.02025333592,Gt/yr,krausmann2018,observed
1972,NAS,humans_and_livestock,0.01778201887,Gt/yr,krausmann2018,observed
1973,NAS,humans_and_livestock,0.01711952631,Gt/yr,krausmann2018,observed
1974,NAS,humans_and_livestock,0.01195942137,Gt/yr,krausmann2018,observed
1975,NAS,humans_and_livestock,-0.00303215968,Gt/yr,krausmann2018,observed
1976,NAS,humans_and_livestock,0.007880650854,Gt/yr,krausmann2018,observed
1977,NAS,humans_and_livestock,0.008064636003,Gt/yr,krausmann2018,observed
1978,NAS,humans_and_livestock,0.009505744228,Gt/yr,krausmann2018,observed
1979,NAS,humans_and_livestock,0.01725981603,Gt/yr,krausmann2018,observed
1980,NAS,humans_and_livestock,0.01488773838,Gt/yr,krausmann2018,observed
1981,NAS,humans_and_livestock,0.009649240058,Gt/yr,krausmann2018,observed
1982,NAS,humans_and_livestock,0.00986655946,Gt/yr,krausmann2018,observed
1983,NAS,humans_and_livestock,0.01239397511,Gt/yr,krausmann2018,observed
1984,NAS,humans_and_livestock,0.008449956825,Gt/yr,krausmann2018,observed
1985,NAS,humans_and_livestock,0.01106794115,Gt/yr,krausmann2018,observed
1986,NAS,humans_and_livestock,0.009324224927,Gt/yr,krausmann2018,observed
1987,NAS,humans_and_livestock,0.01538872278,Gt/yr,krausmann2018,observed
1988,NAS,humans_and_livestock,0.01221394899,Gt/yr,krausmann2018,observed
1989,NAS,humans_and_livestock,0.0183173273,Gt/yr,krausmann2018,observed
1990,NAS,humans_and_livestock,0.01237918495,Gt/yr,krausmann2018,observed
1991,NAS,humans_and_livestock,0.008384071666,Gt/yr,krausmann2018,observed
1992,NAS,humans_and_livestock,0.01098991213,Gt/yr,krausmann2018,observed
1993,NAS,humans_and_livestock,-0.004804492098,Gt/yr,krausmann2018,observed
1994,NAS,humans_and_livestock,0.01107679005,Gt/yr,krausmann2018,observed
1995,NAS,humans_and_livestock,0.01201914692,Gt/yr,krausmann2018,observed
1996,NAS,humans_and_livestock,0.00864064672,Gt/yr,krausmann2018,observed
1997,NAS,humans_and_livestock,-0.001294161041,Gt/yr,krausmann2018,observed
1998,NAS,humans_and_livestock,-0.001725759571,Gt/yr,krausmann2018,observed
1999,NAS,humans_and_livestock,0.007012718995,Gt/yr,krausmann2018,observed
2000,NAS,humans_and_livestock,0.01272302599,Gt/yr,krausmann2018,observed
2001,NAS,humans_and_livestock,0.01007845692,Gt/yr,krausmann2018,observed
2002,NAS,humans_and_livestock,0.0166593135,Gt/yr,krausmann2018,observed
2003,NAS,humans_and_livestock,0.01201425677,Gt/yr,krausmann2018,observed
2004,NAS,humans_and_livestock,0.02141012545,Gt/yr,krausmann2018,observed
2005,NAS,humans_and_livestock,0.02163566516,Gt/yr,krausmann2018,observed
2006,NAS,humans_and_livestock,0.0182647421,Gt/yr,krausmann2018,observed
2007,NAS,humans_and_livestock,0.01854871347,Gt/yr,krausmann2018,observed
2008,NAS,humans_and_livestock,0.01079341793,Gt/yr,krausmann2018,observed
2009,NAS,humans_and_livestock,0.008985643059,Gt/yr,krausmann2018,observed
2010,NAS,humans_and_livestock,0.01227285729,Gt/yr,krausmann2018,observed
2011,NAS,humans_and_livestock,0.007622417,Gt/yr,krausmann2018,observed
2012,NAS,humans_and_livestock,0.001816571335,Gt/yr,krausmann2018,observed
2013,NAS,humans_and_livestock,0.006892877848,Gt/yr,krausmann2018,observed
2014,NAS,humans_and_livestock,0.01339526804,Gt/yr,krausmann2018,observed
2015,NAS,humans_and_livestock,0.01349890943,Gt/yr,krausmann2018,observed
1900,NAS,livestock,0.001622195393,Gt/yr,krausmann2018,observed
1901,NAS,livestock,0.001622195393,Gt/yr,krausmann2018,observed
1902,NAS,livestock,0.001622195393,Gt/yr,krausmann2018,observed
1903,NAS,livestock,0.001622195393,Gt/yr,krausmann2018,observed
1904,NAS,livestock,0.001622195393,Gt/yr,krausmann2018,observed
1905,NAS,livestock,0.001622195393,Gt/yr,krausmann2018,observed
1906,NAS,livestock,0.001622195393,Gt/yr,krausmann2018,observed
1907,NAS,livestock,0.001622195393,Gt/yr,krausmann2018,observed
1908,NAS,livestock,0.001622195393,Gt/yr,krausmann2018,observed
1909,NAS,livestock,0.001622195393,Gt/yr,krausmann2018,observed
1910,NAS,livestock,0.001622195393,Gt/yr,krausmann2018,observed
1911,NAS,livestock,0.001622195393,Gt/yr,krausmann2018,observed
1912,NAS,livestock,0.001622195393,Gt/yr,krausmann2018,observed
1913,NAS,livestock,0.001622195393,Gt/yr,krausmann2018,observed
1914,NAS,livestock,0.001622195393,Gt/yr,krausmann2018,observed
1915,NAS,livestock,0.001622195393,Gt/yr,krausmann2018,observed
1916,NAS,livestock,0.001622195393,Gt/yr,krausmann2018,observed
1917,NAS,livestock,0.001622195393,Gt/yr,krausmann2018,observed
1918,NAS,livestock,0.001622195393,Gt/yr,krausmann2018,observed
1919,NAS,livestock,0.001622195393,Gt/yr,krausmann2018,observed
1920,NAS,livestock,0.001622195393,Gt/yr,krausmann2018,observed
1921,NAS,livestock,0.001622195393,Gt/yr,krausmann2018,observed
1922,NAS,livestock,0.001622195393,Gt/yr,krausmann2018,observed
1923,NAS,livestock,0.001622195393,Gt/yr,krausmann2018,observed
1924,NAS,livestock,0.001622195393,Gt/yr,krausmann2018,observed
1925,NAS,livestock,0.001622195393,Gt/yr,krausmann2018,observed
1926,NAS,livestock,0.001622195393,Gt/yr,krausmann2018,observed
1927,NAS,livestock,0.001622195393,Gt/yr,krausmann2018,observed
1928,NAS,livestock,0.001622195393,Gt/yr,krausmann2018,observed
1929,NAS,livestock,0.001622195393,Gt/yr,krausmann2018,observed
1930,NAS,livestock,0.001622195393,Gt/yr,krausmann2018,observed
1931,NAS,livestock,0.001064693458,Gt/yr,krausmann2018,observed
1932,NAS,livestock,0.001064693458,Gt/yr,krausmann2018,observed
1933,NAS,livestock,0.001064693458,Gt/yr,krausmann2018,observed
1934,NAS,livestock,0.001064693458,Gt/yr,krausmann2018,observed
1935,NAS,livestock,0.001064693458,Gt/yr,krausmann2018,observed
1936,NAS,livestock,0.001064693458,Gt/yr,krausmann2018,observed
1937,NAS,livestock,0.001064693458,Gt/yr,krausmann2018,observed
1938,NAS,livestock,0.001064693458,Gt/yr,krausmann2018,observed
1939,NAS,livestock,0.001064693458,Gt/yr,krausmann2018,observed
1940,NAS,livestock,0.001064693458,Gt/yr,krausmann2018,observed
1941,NAS,livestock,0.001064693458,Gt/yr,krausmann2018,observed
1942,NAS,livestock,0.001064693458,Gt/yr,krausmann2018,observed
1943,NAS,livestock,0.001064693458,Gt/yr,krausmann2018,observed
1944,NAS,livestock,0.001064693458,Gt/yr,krausmann2018,observed
1945,NAS,livestock,0.001064693458,Gt/yr,krausmann2018,observed
1946,NAS,livestock,0.001064693458,Gt/yr,krausmann2018,observed
1947,NAS,livestock,0.001064693458,Gt/yr,krausmann2018,observed
1948,NAS,livestock,0.001064693458,Gt/yr,krausmann2018,observed
1949,NAS,livestock,0.001064693458,Gt/yr,krausmann2018,observed
1950,NAS,livestock,0.001064693458,Gt/yr,krausmann2018,observed
1951,NAS,livestock,0.004392178558,Gt/yr,krausmann2018,observed
1952,NAS,livestock,0.004392178558,Gt/yr,krausmann2018,observed
1953,NAS,livestock,0.004392178558,Gt/yr,krausmann2018,observed
1954,NAS,livestock,0.004392178558,Gt/yr,krausmann2018,observed
1955,NAS,livestock,0.004392178558,Gt/yr,krausmann2018,observed
1956,NAS,livestock,0.004392178558,Gt/yr,krausmann2018,observed
1957,NAS,livestock,0.004392178558,Gt/yr,krausmann2018,observed
1958,NAS,livestock,0.004392178558,Gt/yr,krausmann2018,observed
1959,NAS,livestock,0.004392178558,Gt/yr,krausmann2018,observed
1960,NAS,livestock,0.004392178558,Gt/yr,krausmann2018,observed
1961,NAS,livestock,0.004392178558,Gt/yr,krausmann2018,observed
1962,NAS,livestock,0.001785605347,Gt/yr,krausmann2018,observed
1963,NAS,livestock,0.003504502979,Gt/yr,krausmann2018,observed
1964,NAS,livestock,0.01071080679,Gt/yr,krausmann2018,observed
1965,NAS,livestock,0.01153035688,Gt/yr,krausmann2018,observed
1966,NAS,livestock,0.00745679341,Gt/yr,krausmann2018,observed
1967,NAS,livestock,0.01059407679,Gt/yr,krausmann2018,observed
1968,NAS,livestock,0.006415652075,Gt/yr,krausmann2018,observed
1969,NAS,livestock,0.005741839749,Gt/yr,krausmann2018,observed
1970,NAS,livestock,0.009094972665,Gt/yr,krausmann2018,observed
1971,NAS,livestock,0.01617897327,Gt/yr,krausmann2018,observed
1972,NAS,livestock,0.01367349652,Gt/yr,krausmann2018,observed
1973,NAS,livestock,0.0129867477,Gt/yr,krausmann2018,observed
1974,NAS,livestock,0.007813433654,Gt/yr,krausmann2018,observed
1975,NAS,livestock,-0.007184629633,Gt/yr,krausmann2018,observed
1976,NAS,livestock,0.003483018865,Gt/yr,krausmann2018,observed
1977,NAS,livestock,0.003660078429,Gt/yr,krausmann2018,observed
1978,NAS,livestock,0.005078464638,Gt/yr,krausmann2018,observed
1979,NAS,livestock,0.01278727179,Gt/yr,krausmann2018,observed
1980,NAS,livestock,0.01035243988,Gt/yr,krausmann2018,observed
1981,NAS,livestock,0.004839393519,Gt/yr,krausmann2018,observed
1982,NAS,livestock,0.00499551801,Gt/yr,krausmann2018,observed
1983,NAS,livestock,0.00745039554,Gt/yr,krausmann2018,observed
1984,NAS,livestock,0.003420619579,Gt/yr,krausmann2018,observed
1985,NAS,livestock,0.005946588933,Gt/yr,krausmann2018,observed
1986,NAS,livestock,0.004032922032,Gt/yr,krausmann2018,observed
1987,NAS,livestock,0.01001018122,Gt/yr,krausmann2018,observed
1988,NAS,livestock,0.006782262733,Gt/yr,krausmann2018,observed
1989,NAS,livestock,0.01287908596,Gt/yr,krausmann2018,observed
1990,NAS,livestock,0.006969721382,Gt/yr,krausmann2018,observed
1991,NAS,livestock,0.003076215375,Gt/yr,krausmann2018,observed
1992,NAS,livestock,0.005718383242,Gt/yr,krausmann2018,observed
1993,NAS,livestock,-0.01003987927,Gt/yr,krausmann2018,observed
1994,NAS,livestock,0.005871939278,Gt/yr,krausmann2018,observed
1995,NAS,livestock,0.006839193979,Gt/yr,krausmann2018,observed
1996,NAS,livestock,0.003315982969,Gt/yr,krausmann2018,observed
1997,NAS,livestock,-0.006592766739,Gt/yr,krausmann2018,observed
1998,NAS,livestock,-0.007012416017,Gt/yr,krausmann2018,observed
1999,NAS,livestock,0.001718931948,Gt/yr,krausmann2018,observed
2000,NAS,livestock,0.007406850063,Gt/yr,krausmann2018,observed
2001,NAS,livestock,0.004486617135,Gt/yr,krausmann2018,observed
2002,NAS,livestock,0.01103758669,Gt/yr,krausmann2018,observed
2003,NAS,livestock,0.006357352853,Gt/yr,krausmann2018,observed
2004,NAS,livestock,0.01571353156,Gt/yr,krausmann2018,observed
2005,NAS,livestock,0.01589613526,Gt/yr,krausmann2018,observed
2006,NAS,livestock,0.01262715777,Gt/yr,krausmann2018,observed
2007,NAS,livestock,0.01286581004,Gt/yr,krausmann2018,observed
2008,NAS,livestock,0.005067042682,Gt/yr,krausmann2018,observed
2009,NAS,livestock,0.003219323595,Gt/yr,krausmann2018,observed
2010,NAS,livestock,0.00647030138,Gt/yr,krausmann2018,observed
2011,NAS,livestock,0.002004454591,Gt/yr,krausmann2018,observed
2012,NAS,livestock,-0.003832906108,Gt/yr,krausmann2018,observed
2013,NAS,livestock,0.001219065136,Gt/yr,krausmann2018,observed
2014,NAS,livestock,0.007706097935,Gt/yr,krausmann2018,observed
2015,NAS,livestock,0.007802028497,Gt/yr,krausmann2018,observed
1900,NAS,manufactured_capital,0.4511267238,Gt/yr,krausmann2018,observed
1901,NAS,manufactured_capital,0.4739776513,Gt/yr,krausmann2018,observed
1902,NAS,manufactured_capital,0.478996575,Gt/yr,krausmann2018,observed
1903,NAS,manufactured_capital,0.4989709981,Gt/yr,krausmann2018,observed
1904,NAS,manufactured_capital,0.5056685279,Gt/yr,krausmann2018,observed
1905,NAS,manufactured_capital,0.5512530485,Gt/yr,krausmann2018,observed
1906,NAS,manufactured_capital,0.5573474576,Gt/yr,krausmann2018,observed
1907,NAS,manufactured_capital,0.5899936975,Gt/yr,krausmann2018,observed
1908,NAS,manufactured_capital,0.6034962506,Gt/yr,krausmann2018,observed
1909,NAS,manufactured_capital,0.6390913376,Gt/yr,krausmann2018,observed
1910,NAS,manufactured_capital,0.6482652,Gt/yr,krausmann2018,observed
1911,NAS,manufactured_capital,0.6440776348,Gt/yr,krausmann2018,observed
1912,NAS,manufactured_capital,0.663870669,Gt/yr,krausmann2018,observed
1913,NAS,manufactured_capital,0.6889174778,Gt/yr,krausmann2018,observed
1914,NAS,manufactured_capital,0.6329447766,Gt/yr,krausmann2018,observed
1915,NAS,manufactured_capital,0.6007824451,Gt/yr,krausmann2018,observed
1916,NAS,manufactured_capital,0.6139409158,Gt/yr,krausmann2018,observed
1917,NAS,manufactured_capital,0.5735131797,Gt/yr,krausmann2018,observed
1918,NAS,manufactured_capital,0.5815381332,Gt/yr,krausmann2018,observed
1919,NAS,manufactured_capital,0.4827266987,Gt/yr,krausmann2018,observed
1920,NAS,manufactured_capital,0.5533324349,Gt/yr,krausmann2018,observed
1921,NAS,manufactured_capital,0.5257663181,Gt/yr,krausmann2018,observed
1922,NAS,manufactured_capital,0.6297234362,Gt/yr,krausmann2018,observed
1923,NAS,manufactured_capital,0.6625580829,Gt/yr,krausmann2018,observed
1924,NAS,manufactured_capital,0.748650843,Gt/yr,krausmann2018,observed
1925,NAS,manufactured_capital,0.8114647051,Gt/yr,krausmann2018,observed
1926,NAS,manufactured_capital,0.8810617122,Gt/yr,krausmann2018,observed
1927,NAS,manufactured_capital,0.9608450747,Gt/yr,krausmann2018,observed
1928,NAS,manufactured_capital,0.9875913938,Gt/yr,krausmann2018,observed
1929,NAS,manufactured_capital,1.033715302,Gt/yr,krausmann2018,observed
1930,NAS,manufactured_capital,0.9971799312,Gt/yr,krausmann2018,observed
1931,NAS,manufactured_capital,0.9353772344,Gt/yr,krausmann2018,observed
1932,NAS,manufactured_capital,0.8261192048,Gt/yr,krausmann2018,observed
1933,NAS,manufactured_capital,0.8313815967,Gt/yr,krausmann2018,observed
1934,NAS,manufactured_capital,0.9412200723,Gt/yr,krausmann2018,observed
1935,NAS,manufactured_capital,0.9894788174,Gt/yr,krausmann2018,observed
1936,NAS,manufactured_capital,1.046052772,Gt/yr,krausmann2018,observed
1937,NAS,manufactured_capital,1.243309186,Gt/yr,krausmann2018,observed
1938,NAS,manufactured_capital,1.254023141,Gt/yr,krausmann2018,observed
1939,NAS,manufactured_capital,1.323440976,Gt/yr,krausmann2018,observed
1940,NAS,manufactured_capital,1.313143012,Gt/yr,krausmann2018,observed
1941,NAS,manufactured_capital,1.383784625,Gt/yr,krausmann2018,observed
1942,NAS,manufactured_capital,1.341769695,Gt/yr,krausmann2018,observed
1943,NAS,manufactured_capital,1.320334215,Gt/yr,krausmann2018,observed
1944,NAS,manufactured_capital,1.268310638,Gt/yr,krausmann2018,observed
1945,NAS,manufactured_capital,1.231102736,Gt/yr,krausmann2018,observed
1946,NAS,manufactured_capital,1.437389637,Gt/yr,krausmann2018,observed
1947,NAS,manufactured_capital,1.665282704,Gt/yr,krausmann2018,observed
1948,NAS,manufactured_capital,1.861545754,Gt/yr,krausmann2018,observed
1949,NAS,manufactured_capital,2.048118838,Gt/yr,krausmann2018,observed
1950,NAS,manufactured_capital,2.33803362,Gt/yr,krausmann2018,observed
1951,NAS,manufactured_capital,2.590686624,Gt/yr,krausmann2018,observed
1952,NAS,manufactured_capital,2.800229761,Gt/yr,krausmann2018,observed
1953,NAS,manufactured_capital,2.975451503,Gt/yr,krausmann2018,observed
1954,NAS,manufactured_capital,3.250296295,Gt/yr,krausmann2018,observed
1955,NAS,manufactured_capital,3.433555588,Gt/yr,krausmann2018,observed
1956,NAS,manufactured_capital,3.75468227,Gt/yr,krausmann2018,observed
1957,NAS,manufactured_capital,3.958207912,Gt/yr,krausmann2018,observed
1958,NAS,manufactured_capital,4.164284125,Gt/yr,krausmann2018,observed
1959,NAS,manufactured_capital,4.492110922,Gt/yr,krausmann2018,observed
1960,NAS,manufactured_capital,4.842445287,Gt/yr,krausmann2018,observed
1961,NAS,manufactured_capital,5.138845283,Gt/yr,krausmann2018,observed
1962,NAS,manufactured_capital,5.464488023,Gt/yr,krausmann2018,observed
1963,NAS,manufactured_capital,5.822319555,Gt/yr,krausmann2018,observed
1964,NAS,manufactured_capital,6.37352866,Gt/yr,krausmann2018,observed
1965,NAS,manufactured_capital,6.728457336,Gt/yr,krausmann2018,observed
1966,NAS,manufactured_capital,7.320376641,Gt/yr,krausmann2018,observed
1967,NAS,manufactured_capital,7.358958922,Gt/yr,krausmann2018,observed
1968,NAS,manufactured_capital,7.968683156,Gt/yr,krausmann2018,observed
1969,NAS,manufactured_capital,8.2834815,Gt/yr,krausmann2018,observed
1970,NAS,manufactured_capital,9.07237218,Gt/yr,krausmann2018,observed
1971,NAS,manufactured_capital,9.173039742,Gt/yr,krausmann2018,observed
1972,NAS,manufactured_capital,10.41182582,Gt/yr,krausmann2018,observed
1973,NAS,manufactured_capital,10.74689644,Gt/yr,krausmann2018,observed
1974,NAS,manufactured_capital,10.92536346,Gt/yr,krausmann2018,observed
1975,NAS,manufactured_capital,10.450097,Gt/yr,krausmann2018,observed
1976,NAS,manufactured_capital,10.42411807,Gt/yr,krausmann2018,observed
1977,NAS,manufactured_capital,10.6589862,Gt/yr,krausmann2018,observed
1978,NAS,manufactured_capital,11.13538122,Gt/yr,krausmann2018,observed
1979,NAS,manufactured_capital,11.44472928,Gt/yr,krausmann2018,observed
1980,NAS,manufactured_capital,11.31744297,Gt/yr,krausmann2018,observed
1981,NAS,manufactured_capital,10.67050737,Gt/yr,krausmann2018,observed
1982,NAS,manufactured_capital,10.31394613,Gt/yr,krausmann2018,observed
1983,NAS,manufactured_capital,10.34977461,Gt/yr,krausmann2018,observed
1984,NAS,manufactured_capital,10.84808387,Gt/yr,krausmann2018,observed
1985,NAS,manufactured_capital,10.9249038,Gt/yr,krausmann2018,observed
1986,NAS,manufactured_capital,11.37835125,Gt/yr,krausmann2018,observed
1987,NAS,manufactured_capital,11.91641394,Gt/yr,krausmann2018,observed
1988,NAS,manufactured_capital,12.89679363,Gt/yr,krausmann2018,observed
1989,NAS,manufactured_capital,12.34869792,Gt/yr,krausmann2018,observed
1990,NAS,manufactured_capital,12.24189878,Gt/yr,krausmann2018,observed
1991,NAS,manufactured_capital,13.39672691,Gt/yr,krausmann2018,observed
1992,NAS,manufactured_capital,13.34166297,Gt/yr,krausmann2018,observed
1993,NAS,manufactured_capital,14.73303017,Gt/yr,krausmann2018,observed
1994,NAS,manufactured_capital,15.4261588,Gt/yr,krausmann2018,observed
1995,NAS,manufactured_capital,17.23974203,Gt/yr,krausmann2018,observed
1996,NAS,manufactured_capital,17.08119561,Gt/yr,krausmann2018,observed
1997,NAS,manufactured_capital,17.46507756,Gt/yr,krausmann2018,observed
1998,NAS,manufactured_capital,18.18274534,Gt/yr,krausmann2018,observed
1999,NAS,manufactured_capital,18.49240577,Gt/yr,krausmann2018,observed
2000,NAS,manufactured_capital,18.81819525,Gt/yr,krausmann2018,observed
2001,NAS,manufactured_capital,18.61973369,Gt/yr,krausmann2018,observed
2002,NAS,manufactured_capital,18.69596394,Gt/yr,krausmann2018,observed
2003,NAS,manufactured_capital,20.19528766,Gt/yr,krausmann2018,observed
2004,NAS,manufactured_capital,21.47206853,Gt/yr,krausmann2018,observed
2005,NAS,manufactured_capital,22.53280303,Gt/yr,krausmann2018,observed
2006,NAS,manufactured_capital,24.58450109,Gt/yr,krausmann2018,observed
2007,NAS,manufactured_capital,25.69720009,Gt/yr,krausmann2018,observed
2008,NAS,manufactured_capital,25.28430312,Gt/yr,krausmann2018,observed
2009,NAS,manufactured_capital,26.05248091,Gt/yr,krausmann2018,observed
2010,NAS,manufactured_capital,27.67968666,Gt/yr,krausmann2018,observed
2011,NAS,manufactured_capital,30.01574525,Gt/yr,krausmann2018,observed
2012,NAS,manufactured_capital,30.67219397,Gt/yr,krausmann2018,observed
2013,NAS,manufactured_capital,31.93975766,Gt/yr,krausmann2018,observed
2014,NAS,manufactured_capital,32.32321431,Gt/yr,krausmann2018,observed
2015,NAS,manufactured_capital,31.27346291,Gt/yr,krausmann2018,observed
1900,NAS,metals,0.0449531613,Gt/yr,krausmann2018,observed
1901,NAS,metals,0.0449769794,Gt/yr,krausmann2018,observed
1902,NAS,metals,0.04535395003,Gt/yr,krausmann2018,observed
1903,NAS,metals,0.04559243564,Gt/yr,krausmann2018,observed
1904,NAS,metals,0.04602425446,Gt/yr,krausmann2018,observed
1905,NAS,metals,0.05623693127,Gt/yr,krausmann2018,observed
1906,NAS,metals,0.04850833255,Gt/yr,krausmann2018,observed
1907,NAS,metals,0.0659325647,Gt/yr,krausmann2018,observed
1908,NAS,metals,0.05244836783,Gt/yr,krausmann2018,observed
1909,NAS,metals,0.06070252505,Gt/yr,krausmann2018,observed
1910,NAS,metals,0.06865015311,Gt/yr,krausmann2018,observed
1911,NAS,metals,0.06371150201,Gt/yr,krausmann2018,observed
1912,NAS,metals,0.07274041901,Gt/yr,krausmann2018,observed
1913,NAS,metals,0.08664622784,Gt/yr,krausmann2018,observed
1914,NAS,metals,0.05575134686,Gt/yr,krausmann2018,observed
1915,NAS,metals,0.05418746851,Gt/yr,krausmann2018,observed
1916,NAS,metals,0.06652383771,Gt/yr,krausmann2018,observed
1917,NAS,metals,0.0675036875,Gt/yr,krausmann2018,observed
1918,NAS,metals,0.05942341443,Gt/yr,krausmann2018,observed
1919,NAS,metals,0.04937926904,Gt/yr,krausmann2018,observed
1920,NAS,metals,0.05625624744,Gt/yr,krausmann2018,observed
1921,NAS,metals,0.02941699353,Gt/yr,krausmann2018,observed
1922,NAS,metals,0.04533004297,Gt/yr,krausmann2018,observed
1923,NAS,metals,0.06194191785,Gt/yr,krausmann2018,observed
1924,NAS,metals,0.05896733911,Gt/yr,krausmann2018,observed
1925,NAS,metals,0.06956158398,Gt/yr,krausmann2018,observed
1926,NAS,metals,0.07165559888,Gt/yr,krausmann2018,observed
1927,NAS,metals,0.07959528174,Gt/yr,krausmann2018,observed
1928,NAS,metals,0.08048941724,Gt/yr,krausmann2018,observed
1929,NAS,metals,0.09370951294,Gt/yr,krausmann2018,observed
1930,NAS,metals,0.08143300928,Gt/yr,krausmann2018,observed
1931,NAS,metals,0.04944996094,Gt/yr,krausmann2018,observed
1932,NAS,metals,0.02618202515,Gt/yr,krausmann2018,observed
1933,NAS,metals,0.03336878418,Gt/yr,krausmann2018,observed
1934,NAS,metals,0.04815954102,Gt/yr,krausmann2018,observed
1935,NAS,metals,0.05777434082,Gt/yr,krausmann2018,observed
1936,NAS,metals,0.07413177979,Gt/yr,krausmann2018,observed
1937,NAS,metals,0.09610945898,Gt/yr,krausmann2018,observed
1938,NAS,metals,0.06929082812,Gt/yr,krausmann2018,observed
1939,NAS,metals,0.0881482417,Gt/yr,krausmann2018,observed
1940,NAS,metals,0.08897479346,Gt/yr,krausmann2018,observed
1941,NAS,metals,0.09634239062,Gt/yr,krausmann2018,observed
1942,NAS,metals,0.1028396953,Gt/yr,krausmann2018,observed
1943,NAS,metals,0.1012989492,Gt/yr,krausmann2018,observed
1944,NAS,metals,0.08471343457,Gt/yr,krausmann2018,observed
1945,NAS,metals,0.0618058457,Gt/yr,krausmann2018,observed
1946,NAS,metals,0.05682551172,Gt/yr,krausmann2018,observed
1947,NAS,metals,0.07415775098,Gt/yr,krausmann2018,observed
1948,NAS,metals,0.09069267578,Gt/yr,krausmann2018,observed
1949,NAS,metals,0.09285254102,Gt/yr,krausmann2018,observed
1950,NAS,metals,0.1054170059,Gt/yr,krausmann2018,observed
1951,NAS,metals,0.1263408613,Gt/yr,krausmann2018,observed
1952,NAS,metals,0.1305977246,Gt/yr,krausmann2018,observed
1953,NAS,metals,0.1512825234,Gt/yr,krausmann2018,observed
1954,NAS,metals,0.183442457,Gt/yr,krausmann2018,observed
1955,NAS,metals,0.167659918,Gt/yr,krausmann2018,observed
1956,NAS,metals,0.1826013691,Gt/yr,krausmann2018,observed
1957,NAS,metals,0.2020972168,Gt/yr,krausmann2018,observed
1958,NAS,metals,0.1856821758,Gt/yr,krausmann2018,observed
1959,NAS,metals,0.2044932109,Gt/yr,krausmann2018,observed
1960,NAS,metals,0.2481711367,Gt/yr,krausmann2018,observed
1961,NAS,metals,0.2385496602,Gt/yr,krausmann2018,observed
1962,NAS,metals,0.2423460078,Gt/yr,krausmann2018,observed
1963,NAS,metals,0.2509219648,Gt/yr,krausmann2018,observed
1964,NAS,metals,0.2818942187,Gt/yr,krausmann2018,observed
1965,NAS,metals,0.3016914609,Gt/yr,krausmann2018,observed
1966,NAS,metals,0.3096175625,Gt/yr,krausmann2018,observed
1967,NAS,metals,0.2813537188,Gt/yr,krausmann2018,observed
1968,NAS,metals,0.3272068594,Gt/yr,krausmann2018,observed
1969,NAS,metals,0.3539351719,Gt/yr,krausmann2018,observed
1970,NAS,metals,0.3715058281,Gt/yr,krausmann2018,observed
1971,NAS,metals,0.3680691484,Gt/yr,krausmann2018,observed
1972,NAS,metals,0.3885674141,Gt/yr,krausmann2018,observed
1973,NAS,metals,0.4279005937,Gt/yr,krausmann2018,observed
1974,NAS,metals,0.4320290547,Gt/yr,krausmann2018,observed
1975,NAS,metals,0.400728625,Gt/yr,krausmann2018,observed
1976,NAS,metals,0.4189624766,Gt/yr,krausmann2018,observed
1977,NAS,metals,0.4142174141,Gt/yr,krausmann2018,observed
1978,NAS,metals,0.4330013437,Gt/yr,krausmann2018,observed
1979,NAS,metals,0.4513204375,Gt/yr,krausmann2018,observed
1980,NAS,metals,0.43833225,Gt/yr,krausmann2018,observed
1981,NAS,metals,0.4208988125,Gt/yr,krausmann2018,observed
1982,NAS,metals,0.3791235,Gt/yr,krausmann2018,observed
1983,NAS,metals,0.3790413594,Gt/yr,krausmann2018,observed
1984,NAS,metals,0.4119014062,Gt/yr,krausmann2018,observed
1985,NAS,metals,0.4167261719,Gt/yr,krausmann2018,observed
1986,NAS,metals,0.4130411875,Gt/yr,krausmann2018,observed
1987,NAS,metals,0.422617625,Gt/yr,krausmann2018,observed
1988,NAS,metals,0.4488483125,Gt/yr,krausmann2018,observed
1989,NAS,metals,0.4536153594,Gt/yr,krausmann2018,observed
1990,NAS,metals,0.4385821562,Gt/yr,krausmann2018,observed
1991,NAS,metals,0.4137085937,Gt/yr,krausmann2018,observed
1992,NAS,metals,0.4061193437,Gt/yr,krausmann2018,observed
1993,NAS,metals,0.4020886719,Gt/yr,krausmann2018,observed
1994,NAS,metals,0.4086036094,Gt/yr,krausmann2018,observed
1995,NAS,metals,0.4270241563,Gt/yr,krausmann2018,observed
1996,NAS,metals,0.4206651094,Gt/yr,krausmann2018,observed
1997,NAS,metals,0.4427299375,Gt/yr,krausmann2018,observed
1998,NAS,metals,0.4358737812,Gt/yr,krausmann2018,observed
1999,NAS,metals,0.4354928281,Gt/yr,krausmann2018,observed
2000,NAS,metals,0.4674483125,Gt/yr,krausmann2018,observed
2001,NAS,metals,0.4698515625,Gt/yr,krausmann2018,observed
2002,NAS,metals,0.4942968125,Gt/yr,krausmann2018,observed
2003,NAS,metals,0.5476262188,Gt/yr,krausmann2018,observed
2004,NAS,metals,0.5965919687,Gt/yr,krausmann2018,observed
2005,NAS,metals,0.6672095938,Gt/yr,krausmann2018,observed
2006,NAS,metals,0.7340052187,Gt/yr,krausmann2018,observed
2007,NAS,metals,0.8172002188,Gt/yr,krausmann2018,observed
2008,NAS,metals,0.810926625,Gt/yr,krausmann2018,observed
2009,NAS,metals,0.7749230313,Gt/yr,krausmann2018,observed
2010,NAS,metals,0.8796730312,Gt/yr,krausmann2018,observed
2011,NAS,metals,0.950312125,Gt/yr,krausmann2018,observed
2012,NAS,metals,0.9611213438,Gt/yr,krausmann2018,observed
2013,NAS,metals,1.038651031,Gt/yr,krausmann2018,observed
2014,NAS,metals,1.023653687,Gt/yr,krausmann2018,observed
2015,NAS,metals,1.000843969,Gt/yr,krausmann2018,observed
1900,NAS,total,0.4535457912,Gt/yr,krausmann2018,observed
1901,NAS,total,0.4763967187,Gt/yr,krausmann2018,observed
1902,NAS,total,0.4814156425,Gt/yr,krausmann2018,observed
1903,NAS,total,0.5013900656,Gt/yr,krausmann2018,observed
1904,NAS,total,0.5080875953,Gt/yr,krausmann2018,observed
1905,NAS,total,0.5536721159,Gt/yr,krausmann2018,observed
1906,NAS,total,0.559766525,Gt/yr,krausmann2018,observed
1907,NAS,total,0.592412765,Gt/yr,krausmann2018,observed
1908,NAS,total,0.6059153181,Gt/yr,krausmann2018,observed
1909,NAS,total,0.641510405,Gt/yr,krausmann2018,observed
1910,NAS,total,0.6506842674,Gt/yr,krausmann2018,observed
1911,NAS,total,0.6464967023,Gt/yr,krausmann2018,observed
1912,NAS,total,0.6662897364,Gt/yr,krausmann2018,observed
1913,NAS,total,0.6913365453,Gt/yr,krausmann2018,observed
1914,NAS,total,0.6354697207,Gt/yr,krausmann2018,observed
1915,NAS,total,0.6033073892,Gt/yr,krausmann2018,observed
1916,NAS,total,0.61646586,Gt/yr,krausmann2018,observed
1917,NAS,total,0.5760381239,Gt/yr,krausmann2018,observed
1918,NAS,total,0.5840630773,Gt/yr,krausmann2018,observed
1919,NAS,total,0.4852516429,Gt/yr,krausmann2018,observed
1920,NAS,total,0.5558573791,Gt/yr,krausmann2018,observed
1921,NAS,total,0.5282912623,Gt/yr,krausmann2018,observed
1922,NAS,total,0.6322483803,Gt/yr,krausmann2018,observed
1923,NAS,total,0.6650830271,Gt/yr,krausmann2018,observed
1924,NAS,total,0.7511757872,Gt/yr,krausmann2018,observed
1925,NAS,total,0.8139896492,Gt/yr,krausmann2018,observed
1926,NAS,total,0.8835866563,Gt/yr,krausmann2018,observed
1927,NAS,total,0.9633700189,Gt/yr,krausmann2018,observed
1928,NAS,total,0.990116338,Gt/yr,krausmann2018,observed
1929,NAS,total,1.036240246,Gt/yr,krausmann2018,observed
1930,NAS,total,0.9997048753,Gt/yr,krausmann2018,observed
1931,NAS,total,0.9373446766,Gt/yr,krausmann2018,observed
1932,NAS,total,0.8280866471,Gt/yr,krausmann2018,observed
1933,NAS,total,0.8333490389,Gt/yr,krausmann2018,observed
1934,NAS,total,0.9431875145,Gt/yr,krausmann2018,observed
1935,NAS,total,0.9914462596,Gt/yr,krausmann2018,observed
1936,NAS,total,1.048020214,Gt/yr,krausmann2018,observed
1937,NAS,total,1.245276628,Gt/yr,krausmann2018,observed
1938,NAS,total,1.255990583,Gt/yr,krausmann2018,observed
1939,NAS,total,1.325408418,Gt/yr,krausmann2018,observed
1940,NAS,total,1.315110454,Gt/yr,krausmann2018,observed
1941,NAS,total,1.385752067,Gt/yr,krausmann2018,observed
1942,NAS,total,1.343737138,Gt/yr,krausmann2018,observed
1943,NAS,total,1.322301657,Gt/yr,krausmann2018,observed
1944,NAS,total,1.27027808,Gt/yr,krausmann2018,observed
1945,NAS,total,1.233070179,Gt/yr,krausmann2018,observed
1946,NAS,total,1.439357079,Gt/yr,krausmann2018,observed
1947,NAS,total,1.667250146,Gt/yr,krausmann2018,observed
1948,NAS,total,1.863513196,Gt/yr,krausmann2018,observed
1949,NAS,total,2.05008628,Gt/yr,krausmann2018,observed
1950,NAS,total,2.340001062,Gt/yr,krausmann2018,observed
1951,NAS,total,2.597290423,Gt/yr,krausmann2018,observed
1952,NAS,total,2.806824816,Gt/yr,krausmann2018,observed
1953,NAS,total,2.982055975,Gt/yr,krausmann2018,observed
1954,NAS,total,3.25692528,Gt/yr,krausmann2018,observed
1955,NAS,total,3.440221084,Gt/yr,krausmann2018,observed
1956,NAS,total,3.761402861,Gt/yr,krausmann2018,observed
1957,NAS,total,3.964979358,Gt/yr,krausmann2018,observed
1958,NAS,total,4.171109136,Gt/yr,krausmann2018,observed
1959,NAS,total,4.498989924,Gt/yr,krausmann2018,observed
1960,NAS,total,4.849378218,Gt/yr,krausmann2018,observed
1961,NAS,total,5.146079447,Gt/yr,krausmann2018,observed
1962,NAS,total,5.4691766,Gt/yr,krausmann2018,observed
1963,NAS,total,5.828796503,Gt/yr,krausmann2018,observed
1964,NAS,total,6.387291774,Gt/yr,krausmann2018,observed
1965,NAS,total,6.743126046,Gt/yr,krausmann2018,observed
1966,NAS,total,7.331460415,Gt/yr,krausmann2018,observed
1967,NAS,total,7.373265233,Gt/yr,krausmann2018,observed
1968,NAS,total,7.978882426,Gt/yr,krausmann2018,observed
1969,NAS,total,8.29305889,Gt/yr,krausmann2018,observed
1970,NAS,total,9.08533903,Gt/yr,krausmann2018,observed
1971,NAS,total,9.193293078,Gt/yr,krausmann2018,observed
1972,NAS,total,10.42960784,Gt/yr,krausmann2018,observed
1973,NAS,total,10.76401596,Gt/yr,krausmann2018,observed
1974,NAS,total,10.93732288,Gt/yr,krausmann2018,observed
1975,NAS,total,10.44706484,Gt/yr,krausmann2018,observed
1976,NAS,total,10.43199872,Gt/yr,krausmann2018,observed
1977,NAS,total,10.66705083,Gt/yr,krausmann2018,observed
1978,NAS,total,11.14488696,Gt/yr,krausmann2018,observed
1979,NAS,total,11.4619891,Gt/yr,krausmann2018,observed
1980,NAS,total,11.33233071,Gt/yr,krausmann2018,observed
1981,NAS,total,10.68015662,Gt/yr,krausmann2018,observed
1982,NAS,total,10.32381268,Gt/yr,krausmann2018,observed
1983,NAS,total,10.36216858,Gt/yr,krausmann2018,observed
1984,NAS,total,10.85653383,Gt/yr,krausmann2018,observed
1985,NAS,total,10.93597174,Gt/yr,krausmann2018,observed
1986,NAS,total,11.38767547,Gt/yr,krausmann2018,observed
1987,NAS,total,11.93180266,Gt/yr,krausmann2018,observed
1988,NAS,total,12.90900757,Gt/yr,krausmann2018,observed
1989,NAS,total,12.36701525,Gt/yr,krausmann2018,observed
1990,NAS,total,12.25427797,Gt/yr,krausmann2018,observed
1991,NAS,total,13.40511098,Gt/yr,krausmann2018,observed
1992,NAS,total,13.35265288,Gt/yr,krausmann2018,observed
1993,NAS,total,14.72822568,Gt/yr,krausmann2018,observed
1994,NAS,total,15.43723559,Gt/yr,krausmann2018,observed
1995,NAS,total,17.25176118,Gt/yr,krausmann2018,observed
1996,NAS,total,17.08983626,Gt/yr,krausmann2018,observed
1997,NAS,total,17.4637834,Gt/yr,krausmann2018,observed
1998,NAS,total,18.18101958,Gt/yr,krausmann2018,observed
1999,NAS,total,18.49941848,Gt/yr,krausmann2018,observed
2000,NAS,total,18.83091828,Gt/yr,krausmann2018,observed
2001,NAS,total,18.62981214,Gt/yr,krausmann2018,observed
2002,NAS,total,18.71262325,Gt/yr,krausmann2018,observed
2003,NAS,total,20.20730191,Gt/yr,krausmann2018,observed
2004,NAS,total,21.49347866,Gt/yr,krausmann2018,observed
2005,NAS,total,22.5544387,Gt/yr,krausmann2018,observed
2006,NAS,total,24.60276584,Gt/yr,krausmann2018,observed
2007,NAS,total,25.71574881,Gt/yr,krausmann2018,observed
2008,NAS,total,25.29509654,Gt/yr,krausmann2018,observed
2009,NAS,total,26.06146655,Gt/yr,krausmann2018,observed
2010,NAS,total,27.69195951,Gt/yr,krausmann2018,observed
2011,NAS,total,30.02336767,Gt/yr,krausmann2018,observed
2012,NAS,total,30.67401054,Gt/yr,krausmann2018,observed
2013,NAS,total,31.94665053,Gt/yr,krausmann2018,observed
2014,NAS,total,32.33660958,Gt/yr,krausmann2018,observed
2015,NAS,total,31.28696182,Gt/yr,krausmann2018,observed
1900,NAS,wood_glass_plastics,0.0077380625,Gt/yr,krausmann2018,observed
1901,NAS,wood_glass_plastics,0.01116892187,Gt/yr,krausmann2018,observed
1902,NAS,wood_glass_plastics,0.013720875,Gt/yr,krausmann2018,observed
1903,NAS,wood_glass_plastics,0.0147845625,Gt/yr,krausmann2018,observed
1904,NAS,wood_glass_plastics,0.01654952344,Gt/yr,krausmann2018,observed
1905,NAS,wood_glass_plastics,0.01736686719,Gt/yr,krausmann2018,observed
1906,NAS,wood_glass_plastics,0.018614875,Gt/yr,krausmann2018,observed
1907,NAS,wood_glass_plastics,0.01944688281,Gt/yr,krausmann2018,observed
1908,NAS,wood_glass_plastics,0.02058113281,Gt/yr,krausmann2018,observed
1909,NAS,wood_glass_plastics,0.0214700625,Gt/yr,krausmann2018,observed
1910,NAS,wood_glass_plastics,0.02257929688,Gt/yr,krausmann2018,observed
1911,NAS,wood_glass_plastics,0.02343188281,Gt/yr,krausmann2018,observed
1912,NAS,wood_glass_plastics,0.024742,Gt/yr,krausmann2018,observed
1913,NAS,wood_glass_plastics,0.02635,Gt/yr,krausmann2018,observed
1914,NAS,wood_glass_plastics,0.02784542969,Gt/yr,krausmann2018,observed
1915,NAS,wood_glass_plastics,0.02881572656,Gt/yr,krausmann2018,observed
1916,NAS,wood_glass_plastics,0.03010157813,Gt/yr,krausmann2018,observed
1917,NAS,wood_glass_plastics,0.03147399219,Gt/yr,krausmann2018,observed
1918,NAS,wood_glass_plastics,0.03288621875,Gt/yr,krausmann2018,observed
1919,NAS,wood_glass_plastics,0.03414642969,Gt/yr,krausmann2018,observed
1920,NAS,wood_glass_plastics,0.0356406875,Gt/yr,krausmann2018,observed
1921,NAS,wood_glass_plastics,0.03808248438,Gt/yr,krausmann2018,observed
1922,NAS,wood_glass_plastics,0.03949244531,Gt/yr,krausmann2018,observed
1923,NAS,wood_glass_plastics,0.04182617969,Gt/yr,krausmann2018,observed
1924,NAS,wood_glass_plastics,0.04384583594,Gt/yr,krausmann2018,observed
1925,NAS,wood_glass_plastics,0.04547553125,Gt/yr,krausmann2018,observed
1926,NAS,wood_glass_plastics,0.04745710156,Gt/yr,krausmann2018,observed
1927,NAS,wood_glass_plastics,0.04904567187,Gt/yr,krausmann2018,observed
1928,NAS,wood_glass_plastics,0.05026076562,Gt/yr,krausmann2018,observed
1929,NAS,wood_glass_plastics,0.051784375,Gt/yr,krausmann2018,observed
1930,NAS,wood_glass_plastics,0.05261867188,Gt/yr,krausmann2018,observed
1931,NAS,wood_glass_plastics,0.05419773438,Gt/yr,krausmann2018,observed
1932,NAS,wood_glass_plastics,0.05396592969,Gt/yr,krausmann2018,observed
1933,NAS,wood_glass_plastics,0.05542564063,Gt/yr,krausmann2018,observed
1934,NAS,wood_glass_plastics,0.05600554688,Gt/yr,krausmann2018,observed
1935,NAS,wood_glass_plastics,0.05594777344,Gt/yr,krausmann2018,observed
1936,NAS,wood_glass_plastics,0.05745896094,Gt/yr,krausmann2018,observed
1937,NAS,wood_glass_plastics,0.05793594531,Gt/yr,krausmann2018,observed
1938,NAS,wood_glass_plastics,0.0585059375,Gt/yr,krausmann2018,observed
1939,NAS,wood_glass_plastics,0.05917585938,Gt/yr,krausmann2018,observed
1940,NAS,wood_glass_plastics,0.05883828125,Gt/yr,krausmann2018,observed
1941,NAS,wood_glass_plastics,0.05940192187,Gt/yr,krausmann2018,observed
1942,NAS,wood_glass_plastics,0.05932825,Gt/yr,krausmann2018,observed
1943,NAS,wood_glass_plastics,0.05903964062,Gt/yr,krausmann2018,observed
1944,NAS,wood_glass_plastics,0.06044614063,Gt/yr,krausmann2018,observed
1945,NAS,wood_glass_plastics,0.05991745313,Gt/yr,krausmann2018,observed
1946,NAS,wood_glass_plastics,0.058904375,Gt/yr,krausmann2018,observed
1947,NAS,wood_glass_plastics,0.06006407813,Gt/yr,krausmann2018,observed
1948,NAS,wood_glass_plastics,0.06007057812,Gt/yr,krausmann2018,observed
1949,NAS,wood_glass_plastics,0.05993029688,Gt/yr,krausmann2018,observed
1950,NAS,wood_glass_plastics,0.06112636438,Gt/yr,krausmann2018,observed
1951,NAS,wood_glass_plastics,0.06687926257,Gt/yr,krausmann2018,observed
1952,NAS,wood_glass_plastics,0.07153853613,Gt/yr,krausmann2018,observed
1953,NAS,wood_glass_plastics,0.07519622949,Gt/yr,krausmann2018,observed
1954,NAS,wood_glass_plastics,0.07960158789,Gt/yr,krausmann2018,observed
1955,NAS,wood_glass_plastics,0.08302066992,Gt/yr,krausmann2018,observed
1956,NAS,wood_glass_plastics,0.08653490039,Gt/yr,krausmann2018,observed
1957,NAS,wood_glass_plastics,0.09078694531,Gt/yr,krausmann2018,observed
1958,NAS,wood_glass_plastics,0.09487194922,Gt/yr,krausmann2018,observed
1959,NAS,wood_glass_plastics,0.09987971094,Gt/yr,krausmann2018,observed
1960,NAS,wood_glass_plastics,0.1039316504,Gt/yr,krausmann2018,observed
1961,NAS,wood_glass_plastics,0.108450623,Gt/yr,krausmann2018,observed
1962,NAS,wood_glass_plastics,0.1141300156,Gt/yr,krausmann2018,observed
1963,NAS,wood_glass_plastics,0.1270625898,Gt/yr,krausmann2018,observed
1964,NAS,wood_glass_plastics,0.1502744414,Gt/yr,krausmann2018,observed
1965,NAS,wood_glass_plastics,0.173964375,Gt/yr,krausmann2018,observed
1966,NAS,wood_glass_plastics,0.1865975781,Gt/yr,krausmann2018,observed
1967,NAS,wood_glass_plastics,0.1829712031,Gt/yr,krausmann2018,observed
1968,NAS,wood_glass_plastics,0.2025957969,Gt/yr,krausmann2018,observed
1969,NAS,wood_glass_plastics,0.2128553281,Gt/yr,krausmann2018,observed
1970,NAS,wood_glass_plastics,0.2191368516,Gt/yr,krausmann2018,observed
1971,NAS,wood_glass_plastics,0.2250230937,Gt/yr,krausmann2018,observed
1972,NAS,wood_glass_plastics,0.2392789063,Gt/yr,krausmann2018,observed
1973,NAS,wood_glass_plastics,0.2621913437,Gt/yr,krausmann2018,observed
1974,NAS,wood_glass_plastics,0.2349494062,Gt/yr,krausmann2018,observed
1975,NAS,wood_glass_plastics,0.179506375,Gt/yr,krausmann2018,observed
1976,NAS,wood_glass_plastics,0.2367455937,Gt/yr,krausmann2018,observed
1977,NAS,wood_glass_plastics,0.2434597812,Gt/yr,krausmann2018,observed
1978,NAS,wood_glass_plastics,0.250118375,Gt/yr,krausmann2018,observed
1979,NAS,wood_glass_plastics,0.2578723437,Gt/yr,krausmann2018,observed
1980,NAS,wood_glass_plastics,0.2429977188,Gt/yr,krausmann2018,observed
1981,NAS,wood_glass_plastics,0.2235585625,Gt/yr,krausmann2018,observed
1982,NAS,wood_glass_plastics,0.205572625,Gt/yr,krausmann2018,observed
1983,NAS,wood_glass_plastics,0.23402825,Gt/yr,krausmann2018,observed
1984,NAS,wood_glass_plastics,0.2526204687,Gt/yr,krausmann2018,observed
1985,NAS,wood_glass_plastics,0.249705625,Gt/yr,krausmann2018,observed
1986,NAS,wood_glass_plastics,0.2663370625,Gt/yr,krausmann2018,observed
1987,NAS,wood_glass_plastics,0.2835593125,Gt/yr,krausmann2018,observed
1988,NAS,wood_glass_plastics,0.2916493125,Gt/yr,krausmann2018,observed
1989,NAS,wood_glass_plastics,0.2925315625,Gt/yr,krausmann2018,observed
1990,NAS,wood_glass_plastics,0.273090625,Gt/yr,krausmann2018,observed
1991,NAS,wood_glass_plastics,0.2357773125,Gt/yr,krausmann2018,observed
1992,NAS,wood_glass_plastics,0.204659625,Gt/yr,krausmann2018,observed
1993,NAS,wood_glass_plastics,0.2022725,Gt/yr,krausmann2018,observed
1994,NAS,wood_glass_plastics,0.2171601875,Gt/yr,krausmann2018,observed
1995,NAS,wood_glass_plastics,0.219763875,Gt/yr,krausmann2018,observed
1996,NAS,wood_glass_plastics,0.2056155,Gt/yr,krausmann2018,observed
1997,NAS,wood_glass_plastics,0.249445625,Gt/yr,krausmann2018,observed
1998,NAS,wood_glass_plastics,0.2002985625,Gt/yr,krausmann2018,observed
1999,NAS,wood_glass_plastics,0.2362909375,Gt/yr,krausmann2018,observed
2000,NAS,wood_glass_plastics,0.2450869375,Gt/yr,krausmann2018,observed
2001,NAS,wood_glass_plastics,0.217004125,Gt/yr,krausmann2018,observed
2002,NAS,wood_glass_plastics,0.247189125,Gt/yr,krausmann2018,observed
2003,NAS,wood_glass_plastics,0.2839894375,Gt/yr,krausmann2018,observed
2004,NAS,wood_glass_plastics,0.3232705625,Gt/yr,krausmann2018,observed
2005,NAS,wood_glass_plastics,0.3318714375,Gt/yr,krausmann2018,observed
2006,NAS,wood_glass_plastics,0.361227875,Gt/yr,krausmann2018,observed
2007,NAS,wood_glass_plastics,0.376825875,Gt/yr,krausmann2018,observed
2008,NAS,wood_glass_plastics,0.3286625,Gt/yr,krausmann2018,observed
2009,NAS,wood_glass_plastics,0.242049875,Gt/yr,krausmann2018,observed
2010,NAS,wood_glass_plastics,0.322729625,Gt/yr,krausmann2018,observed
2011,NAS,wood_glass_plastics,0.350853125,Gt/yr,krausmann2018,observed
2012,NAS,wood_glass_plastics,0.377752625,Gt/yr,krausmann2018,observed
2013,NAS,wood_glass_plastics,0.399434625,Gt/yr,krausmann2018,observed
2014,NAS,wood_glass_plastics,0.448004625,Gt/yr,krausmann2018,observed
2015,NAS,wood_glass_plastics,0.481598375,Gt/yr,krausmann2018,observed
1900,balancing_h2o,total,2.728393157,Gt/yr,krausmann2018,observed
1901,balancing_h2o,total,2.75079011,Gt/yr,krausmann2018,observed
1902,balancing_h2o,total,2.773187062,Gt/yr,krausmann2018,observed
1903,balancing_h2o,total,2.795584012,Gt/yr,krausmann2018,observed
1904,balancing_h2o,total,2.81798096,Gt/yr,krausmann2018,observed
1905,balancing_h2o,total,2.840377907,Gt/yr,krausmann2018,observed
1906,balancing_h2o,total,2.862774852,Gt/yr,krausmann2018,observed
1907,balancing_h2o,total,2.885171795,Gt/yr,krausmann2018,observed
1908,balancing_h2o,total,2.907568736,Gt/yr,krausmann2018,observed
1909,balancing_h2o,total,2.929965676,Gt/yr,krausmann2018,observed
1910,balancing_h2o,total,2.952362614,Gt/yr,krausmann2018,observed
1911,balancing_h2o,total,2.984333492,Gt/yr,krausmann2018,observed
1912,balancing_h2o,total,3.016294978,Gt/yr,krausmann2018,observed
1913,balancing_h2o,total,3.048247071,Gt/yr,krausmann2018,observed
1914,balancing_h2o,total,3.080237204,Gt/yr,krausmann2018,observed
1915,balancing_h2o,total,3.112170511,Gt/yr,krausmann2018,observed
1916,balancing_h2o,total,3.144094426,Gt/yr,krausmann2018,observed
1917,balancing_h2o,total,3.176008949,Gt/yr,krausmann2018,observed
1918,balancing_h2o,total,3.207914079,Gt/yr,krausmann2018,observed
1919,balancing_h2o,total,3.239809816,Gt/yr,krausmann2018,observed
1920,balancing_h2o,total,3.27169616,Gt/yr,krausmann2018,observed
1921,balancing_h2o,total,3.302288422,Gt/yr,krausmann2018,observed
1922,balancing_h2o,total,3.332871341,Gt/yr,krausmann2018,observed
1923,balancing_h2o,total,3.363444915,Gt/yr,krausmann2018,observed
1924,balancing_h2o,total,3.394009146,Gt/yr,krausmann2018,observed
1925,balancing_h2o,total,3.424564033,Gt/yr,krausmann2018,observed
1926,balancing_h2o,total,3.455109576,Gt/yr,krausmann2018,observed
1927,balancing_h2o,total,3.485645774,Gt/yr,krausmann2018,observed
1928,balancing_h2o,total,3.516172629,Gt/yr,krausmann2018,observed
1929,balancing_h2o,total,3.54669014,Gt/yr,krausmann2018,observed
1930,balancing_h2o,total,3.577198308,Gt/yr,krausmann2018,observed
1931,balancing_h2o,total,3.582836942,Gt/yr,krausmann2018,observed
1932,balancing_h2o,total,3.588775366,Gt/yr,krausmann2018,observed
1933,balancing_h2o,total,3.594710543,Gt/yr,krausmann2018,observed
1934,balancing_h2o,total,3.600642472,Gt/yr,krausmann2018,observed
1935,balancing_h2o,total,3.606571154,Gt/yr,krausmann2018,observed
1936,balancing_h2o,total,3.612496588,Gt/yr,krausmann2018,observed
1937,balancing_h2o,total,3.618418775,Gt/yr,krausmann2018,observed
1938,balancing_h2o,total,3.624337714,Gt/yr,krausmann2018,observed
1939,balancing_h2o,total,3.630253406,Gt/yr,krausmann2018,observed
1940,balancing_h2o,total,3.636165851,Gt/yr,krausmann2018,observed
1941,balancing_h2o,total,3.64195209,Gt/yr,krausmann2018,observed
1942,balancing_h2o,total,3.647734223,Gt/yr,krausmann2018,observed
1943,balancing_h2o,total,3.653512251,Gt/yr,krausmann2018,observed
1944,balancing_h2o,total,3.659286174,Gt/yr,krausmann2018,observed
1945,balancing_h2o,total,3.665055991,Gt/yr,krausmann2018,observed
1946,balancing_h2o,total,3.670821702,Gt/yr,krausmann2018,observed
1947,balancing_h2o,total,3.676583308,Gt/yr,krausmann2018,observed
1948,balancing_h2o,total,3.682340809,Gt/yr,krausmann2018,observed
1949,balancing_h2o,total,3.688094204,Gt/yr,krausmann2018,observed
1950,balancing_h2o,total,3.693843493,Gt/yr,krausmann2018,observed
1951,balancing_h2o,total,3.777202295,Gt/yr,krausmann2018,observed
1952,balancing_h2o,total,3.8592468,Gt/yr,krausmann2018,observed
1953,balancing_h2o,total,3.942300079,Gt/yr,krausmann2018,observed
1954,balancing_h2o,total,4.026290231,Gt/yr,krausmann2018,observed
1955,balancing_h2o,total,4.111158974,Gt/yr,krausmann2018,observed
1956,balancing_h2o,total,4.196866387,Gt/yr,krausmann2018,observed
1957,balancing_h2o,total,4.283372995,Gt/yr,krausmann2018,observed
1958,balancing_h2o,total,4.370664877,Gt/yr,krausmann2018,observed
1959,balancing_h2o,total,4.458733999,Gt/yr,krausmann2018,observed
1960,balancing_h2o,total,4.547576276,Gt/yr,krausmann2018,observed
1961,balancing_h2o,total,4.602009866,Gt/yr,krausmann2018,observed
1962,balancing_h2o,total,4.737642084,Gt/yr,krausmann2018,observed
1963,balancing_h2o,total,4.800590082,Gt/yr,krausmann2018,observed
1964,balancing_h2o,total,4.967145884,Gt/yr,krausmann2018,observed
1965,balancing_h2o,total,5.137629209,Gt/yr,krausmann2018,observed
1966,balancing_h2o,total,5.381695129,Gt/yr,krausmann2018,observed
1967,balancing_h2o,total,5.556098293,Gt/yr,krausmann2018,observed
1968,balancing_h2o,total,5.744943172,Gt/yr,krausmann2018,observed
1969,balancing_h2o,total,5.897214584,Gt/yr,krausmann2018,observed
1970,balancing_h2o,total,5.99310284,Gt/yr,krausmann2018,observed
1971,balancing_h2o,total,6.267632823,Gt/yr,krausmann2018,observed
1972,balancing_h2o,total,6.404327388,Gt/yr,krausmann2018,observed
1973,balancing_h2o,total,6.525605206,Gt/yr,krausmann2018,observed
1974,balancing_h2o,total,6.697245148,Gt/yr,krausmann2018,observed
1975,balancing_h2o,total,6.717697979,Gt/yr,krausmann2018,observed
1976,balancing_h2o,total,6.866816636,Gt/yr,krausmann2018,observed
1977,balancing_h2o,total,6.911134969,Gt/yr,krausmann2018,observed
1978,balancing_h2o,total,6.999151005,Gt/yr,krausmann2018,observed
1979,balancing_h2o,total,7.107634194,Gt/yr,krausmann2018,observed
1980,balancing_h2o,total,7.238663829,Gt/yr,krausmann2018,observed
1981,balancing_h2o,total,7.346374251,Gt/yr,krausmann2018,observed
1982,balancing_h2o,total,7.403919495,Gt/yr,krausmann2018,observed
1983,balancing_h2o,total,7.514736381,Gt/yr,krausmann2018,observed
1984,balancing_h2o,total,7.651379043,Gt/yr,krausmann2018,observed
1985,balancing_h2o,total,7.856512088,Gt/yr,krausmann2018,observed
1986,balancing_h2o,total,7.947779483,Gt/yr,krausmann2018,observed
1987,balancing_h2o,total,7.942584716,Gt/yr,krausmann2018,observed
1988,balancing_h2o,total,7.995892447,Gt/yr,krausmann2018,observed
1989,balancing_h2o,total,8.208524913,Gt/yr,krausmann2018,observed
1990,balancing_h2o,total,8.37850147,Gt/yr,krausmann2018,observed
1991,balancing_h2o,total,8.324531129,Gt/yr,krausmann2018,observed
1992,balancing_h2o,total,8.302413496,Gt/yr,krausmann2018,observed
1993,balancing_h2o,total,8.111845523,Gt/yr,krausmann2018,observed
1994,balancing_h2o,total,8.241948494,Gt/yr,krausmann2018,observed
1995,balancing_h2o,total,8.110480262,Gt/yr,krausmann2018,observed
1996,balancing_h2o,total,8.223322981,Gt/yr,krausmann2018,observed
1997,balancing_h2o,total,8.124910425,Gt/yr,krausmann2018,observed
1998,balancing_h2o,total,8.057771098,Gt/yr,krausmann2018,observed
1999,balancing_h2o,total,8.092496986,Gt/yr,krausmann2018,observed
2000,balancing_h2o,total,8.087240491,Gt/yr,krausmann2018,observed
2001,balancing_h2o,total,8.159875585,Gt/yr,krausmann2018,observed
2002,balancing_h2o,total,8.164440287,Gt/yr,krausmann2018,observed
2003,balancing_h2o,total,8.237883063,Gt/yr,krausmann2018,observed
2004,balancing_h2o,total,8.559354903,Gt/yr,krausmann2018,observed
2005,balancing_h2o,total,8.754119039,Gt/yr,krausmann2018,observed
2006,balancing_h2o,total,8.825404341,Gt/yr,krausmann2018,observed
2007,balancing_h2o,total,8.995273303,Gt/yr,krausmann2018,observed
2008,balancing_h2o,total,9.143146134,Gt/yr,krausmann2018,observed
2009,balancing_h2o,total,9.080502336,Gt/yr,krausmann2018,observed
2010,balancing_h2o,total,9.1308285,Gt/yr,krausmann2018,observed
2011,balancing_h2o,total,9.178015704,Gt/yr,krausmann2018,observed
2012,balancing_h2o,total,9.138271505,Gt/yr,krausmann2018,observed
2013,balancing_h2o,total,9.378979537,Gt/yr,krausmann2018,observed
2014,balancing_h2o,total,9.585434062,Gt/yr,krausmann2018,observed
2015,balancing_h2o,total,9.713994305,Gt/yr,krausmann2018,observed
1900,balancing_o2,total,4.073291804,Gt/yr,krausmann2018,observed
1901,balancing_o2,total,4.148894344,Gt/yr,krausmann2018,observed
1902,balancing_o2,total,4.211413947,Gt/yr,krausmann2018,observed
1903,balancing_o2,total,4.396262911,Gt/yr,krausmann2018,observed
1904,balancing_o2,total,4.445387659,Gt/yr,krausmann2018,observed
1905,balancing_o2,total,4.574991461,Gt/yr,krausmann2018,observed
1906,balancing_o2,total,4.751500134,Gt/yr,krausmann2018,observed
1907,balancing_o2,total,5.007359185,Gt/yr,krausmann2018,observed
1908,balancing_o2,total,4.926028366,Gt/yr,krausmann2018,observed
1909,balancing_o2,total,5.053077354,Gt/yr,krausmann2018,observed
1910,balancing_o2,total,5.190339521,Gt/yr,krausmann2018,observed
1911,balancing_o2,total,5.278524779,Gt/yr,krausmann2018,observed
1912,balancing_o2,total,5.444832551,Gt/yr,krausmann2018,observed
1913,balancing_o2,total,5.671187672,Gt/yr,krausmann2018,observed
1914,balancing_o2,total,5.435553899,Gt/yr,krausmann2018,observed
1915,balancing_o2,total,5.451417866,Gt/yr,krausmann2018,observed
1916,balancing_o2,total,5.682603106,Gt/yr,krausmann2018,observed
1917,balancing_o2,total,5.873561109,Gt/yr,krausmann2018,observed
1918,balancing_o2,total,5.862655234,Gt/yr,krausmann2018,observed
1919,balancing_o2,total,5.586439351,Gt/yr,krausmann2018,observed
1920,balancing_o2,total,6.013716007,Gt/yr,krausmann2018,observed
1921,balancing_o2,total,5.655034179,Gt/yr,krausmann2018,observed
1922,balancing_o2,total,5.878752345,Gt/yr,krausmann2018,observed
1923,balancing_o2,total,6.304425891,Gt/yr,krausmann2018,observed
1924,balancing_o2,total,6.3202416,Gt/yr,krausmann2018,observed
1925,balancing_o2,total,6.384222433,Gt/yr,krausmann2018,observed
1926,balancing_o2,total,6.429064554,Gt/yr,krausmann2018,observed
1927,balancing_o2,total,6.695146748,Gt/yr,krausmann2018,observed
1928,balancing_o2,total,7.013070591,Gt/yr,krausmann2018,observed
1929,balancing_o2,total,7.090774551,Gt/yr,krausmann2018,observed
1930,balancing_o2,total,6.8533209,Gt/yr,krausmann2018,observed
1931,balancing_o2,total,6.521721673,Gt/yr,krausmann2018,observed
1932,balancing_o2,total,6.248451248,Gt/yr,krausmann2018,observed
1933,balancing_o2,total,6.420685036,Gt/yr,krausmann2018,observed
1934,balancing_o2,total,6.70569919,Gt/yr,krausmann2018,observed
1935,balancing_o2,total,6.904301283,Gt/yr,krausmann2018,observed
1936,balancing_o2,total,7.260734486,Gt/yr,krausmann2018,observed
1937,balancing_o2,total,7.556443621,Gt/yr,krausmann2018,observed
1938,balancing_o2,total,7.169353333,Gt/yr,krausmann2018,observed
1939,balancing_o2,total,7.629345587,Gt/yr,krausmann2018,observed
1940,balancing_o2,total,8.012458161,Gt/yr,krausmann2018,observed
1941,balancing_o2,total,8.184402764,Gt/yr,krausmann2018,observed
1942,balancing_o2,total,8.232582301,Gt/yr,krausmann2018,observed
1943,balancing_o2,total,8.42595272,Gt/yr,krausmann2018,observed
1944,balancing_o2,total,8.497387084,Gt/yr,krausmann2018,observed
1945,balancing_o2,total,7.787604107,Gt/yr,krausmann2018,observed
1946,balancing_o2,total,8.075421177,Gt/yr,krausmann2018,observed
1947,balancing_o2,total,8.616216122,Gt/yr,krausmann2018,observed
1948,balancing_o2,total,8.949918829,Gt/yr,krausmann2018,observed
1949,balancing_o2,total,8.854338029,Gt/yr,krausmann2018,observed
1950,balancing_o2,total,9.354204182,Gt/yr,krausmann2018,observed
1951,balancing_o2,total,9.807607984,Gt/yr,krausmann2018,observed
1952,balancing_o2,total,9.983774748,Gt/yr,krausmann2018,observed
1953,balancing_o2,total,10.15625857,Gt/yr,krausmann2018,observed
1954,balancing_o2,total,10.33465106,Gt/yr,krausmann2018,observed
1955,balancing_o2,total,10.93355697,Gt/yr,krausmann2018,observed
1956,balancing_o2,total,11.40745223,Gt/yr,krausmann2018,observed
1957,balancing_o2,total,11.76359501,Gt/yr,krausmann2018,observed
1958,balancing_o2,total,12.21704339,Gt/yr,krausmann2018,observed
1959,balancing_o2,total,12.76361066,Gt/yr,krausmann2018,observed
1960,balancing_o2,total,13.45189215,Gt/yr,krausmann2018,observed
1961,balancing_o2,total,13.71238235,Gt/yr,krausmann2018,observed
1962,balancing_o2,total,14.41728406,Gt/yr,krausmann2018,observed
1963,balancing_o2,total,15.29547823,Gt/yr,krausmann2018,observed
1964,balancing_o2,total,16.08656271,Gt/yr,krausmann2018,observed
1965,balancing_o2,total,16.24859766,Gt/yr,krausmann2018,observed
1966,balancing_o2,total,17.0163447,Gt/yr,krausmann2018,observed
1967,balancing_o2,total,17.4246924,Gt/yr,krausmann2018,observed
1968,balancing_o2,total,18.38363637,Gt/yr,krausmann2018,observed
1969,balancing_o2,total,19.14834103,Gt/yr,krausmann2018,observed
1970,balancing_o2,total,19.98194439,Gt/yr,krausmann2018,observed
1971,balancing_o2,total,20.74896711,Gt/yr,krausmann2018,observed
1972,balancing_o2,total,21.47292261,Gt/yr,krausmann2018,observed
1973,balancing_o2,total,22.45939262,Gt/yr,krausmann2018,observed
1974,balancing_o2,total,22.68464964,Gt/yr,krausmann2018,observed
1975,balancing_o2,total,22.65058376,Gt/yr,krausmann2018,observed
1976,balancing_o2,total,23.65411432,Gt/yr,krausmann2018,observed
1977,balancing_o2,total,24.3612158,Gt/yr,krausmann2018,observed
1978,balancing_o2,total,24.68000087,Gt/yr,krausmann2018,observed
1979,balancing_o2,total,25.66390661,Gt/yr,krausmann2018,observed
1980,balancing_o2,total,25.54249003,Gt/yr,krausmann2018,observed
1981,balancing_o2,total,25.19730847,Gt/yr,krausmann2018,observed
1982,balancing_o2,total,25.43665587,Gt/yr,krausmann2018,observed
1983,balancing_o2,total,25.508775,Gt/yr,krausmann2018,observed
1984,balancing_o2,total,26.4802721,Gt/yr,krausmann2018,observed
1985,balancing_o2,total,26.50018951,Gt/yr,krausmann2018,observed
1986,balancing_o2,total,27.18360862,Gt/yr,krausmann2018,observed
1987,balancing_o2,total,27.6959738,Gt/yr,krausmann2018,observed
1988,balancing_o2,total,28.45722424,Gt/yr,krausmann2018,observed
1989,balancing_o2,total,29.00337865,Gt/yr,krausmann2018,observed
1990,balancing_o2,total,29.16371506,Gt/yr,krausmann2018,observed
1991,balancing_o2,total,28.99578114,Gt/yr,krausmann2018,observed
1992,balancing_o2,total,28.78746615,Gt/yr,krausmann2018,observed
1993,balancing_o2,total,28.8139075,Gt/yr,krausmann2018,observed
1994,balancing_o2,total,29.14066414,Gt/yr,krausmann2018,observed
1995,balancing_o2,total,29.65312523,Gt/yr,krausmann2018,observed
1996,balancing_o2,total,30.30891649,Gt/yr,krausmann2018,observed
1997,balancing_o2,total,30.48720922,Gt/yr,krausmann2018,observed
1998,balancing_o2,total,30.78707145,Gt/yr,krausmann2018,observed
1999,balancing_o2,total,30.71305181,Gt/yr,krausmann2018,observed
2000,balancing_o2,total,31.54953997,Gt/yr,krausmann2018,observed
2001,balancing_o2,total,32.11394726,Gt/yr,krausmann2018,observed
2002,balancing_o2,total,32.341343,Gt/yr,krausmann2018,observed
2003,balancing_o2,total,33.69638945,Gt/yr,krausmann2018,observed
2004,balancing_o2,total,35.10693622,Gt/yr,krausmann2018,observed
2005,balancing_o2,total,36.20417678,Gt/yr,krausmann2018,observed
2006,balancing_o2,total,37.16842768,Gt/yr,krausmann2018,observed
2007,balancing_o2,total,37.78980598,Gt/yr,krausmann2018,observed
2008,balancing_o2,total,38.7697092,Gt/yr,krausmann2018,observed
2009,balancing_o2,total,38.37964,Gt/yr,krausmann2018,observed
2010,balancing_o2,total,39.92335829,Gt/yr,krausmann2018,observed
2011,balancing_o2,total,41.32568547,Gt/yr,krausmann2018,observed
2012,balancing_o2,total,41.9602626,Gt/yr,krausmann2018,observed
2013,balancing_o2,total,42.5338929,Gt/yr,krausmann2018,observed
2014,balancing_o2,total,42.84628303,Gt/yr,krausmann2018,observed
2015,balancing_o2,total,43.21692079,Gt/yr,krausmann2018,observed
1900,dpo_dissipative_use,total,0.755822363,Gt/yr,krausmann2018,observed
1901,dpo_dissipative_use,total,0.7645143278,Gt/yr,krausmann2018,observed
1902,dpo_dissipative_use,total,0.7768101955,Gt/yr,krausmann2018,observed
1903,dpo_dissipative_use,total,0.7849146268,Gt/yr,krausmann2018,observed
1904,dpo_dissipative_use,total,0.7919307801,Gt/yr,krausmann2018,observed
1905,dpo_dissipative_use,total,0.8013814082,Gt/yr,krausmann2018,observed
1906,dpo_dissipative_use,total,0.8094723084,Gt/yr,krausmann2018,observed
1907,dpo_dissipative_use,total,0.8197214065,Gt/yr,krausmann2018,observed
1908,dpo_dissipative_use,total,0.829604039,Gt/yr,krausmann2018,observed
1909,dpo_dissipative_use,total,0.838691498,Gt/yr,krausmann2018,observed
1910,dpo_dissipative_use,total,0.848043089,Gt/yr,krausmann2018,observed
1911,dpo_dissipative_use,total,0.8566142979,Gt/yr,krausmann2018,observed
1912,dpo_dissipative_use,total,0.866294281,Gt/yr,krausmann2018,observed
1913,dpo_dissipative_use,total,0.8757839199,Gt/yr,krausmann2018,observed
1914,dpo_dissipative_use,total,0.8811268645,Gt/yr,krausmann2018,observed
1915,dpo_dissipative_use,total,0.8871165859,Gt/yr,krausmann2018,observed
1916,dpo_dissipative_use,total,0.8978247762,Gt/yr,krausmann2018,observed
1917,dpo_dissipative_use,total,0.9077801557,Gt/yr,krausmann2018,observed
1918,dpo_dissipative_use,total,0.9159410834,Gt/yr,krausmann2018,observed
1919,dpo_dissipative_use,total,0.9256704348,Gt/yr,krausmann2018,observed
1920,dpo_dissipative_use,total,0.9381375508,Gt/yr,krausmann2018,observed
1921,dpo_dissipative_use,total,0.9419604574,Gt/yr,krausmann2018,observed
1922,dpo_dissipative_use,total,0.9565679896,Gt/yr,krausmann2018,observed
1923,dpo_dissipative_use,total,0.9668843046,Gt/yr,krausmann2018,observed
1924,dpo_dissipative_use,total,0.9856588365,Gt/yr,krausmann2018,observed
1925,dpo_dissipative_use,total,0.9973916161,Gt/yr,krausmann2018,observed
1926,dpo_dissipative_use,total,1.008261517,Gt/yr,krausmann2018,observed
1927,dpo_dissipative_use,total,1.017768124,Gt/yr,krausmann2018,observed
1928,dpo_dissipative_use,total,1.027190059,Gt/yr,krausmann2018,observed
1929,dpo_dissipative_use,total,1.036299002,Gt/yr,krausmann2018,observed
1930,dpo_dissipative_use,total,1.044503369,Gt/yr,krausmann2018,observed
1931,dpo_dissipative_use,total,1.047068257,Gt/yr,krausmann2018,observed
1932,dpo_dissipative_use,total,1.060811347,Gt/yr,krausmann2018,observed
1933,dpo_dissipative_use,total,1.079817336,Gt/yr,krausmann2018,observed
1934,dpo_dissipative_use,total,1.094883386,Gt/yr,krausmann2018,observed
1935,dpo_dissipative_use,total,1.111405066,Gt/yr,krausmann2018,observed
1936,dpo_dissipative_use,total,1.130540315,Gt/yr,krausmann2018,observed
1937,dpo_dissipative_use,total,1.140912342,Gt/yr,krausmann2018,observed
1938,dpo_dissipative_use,total,1.14357798,Gt/yr,krausmann2018,observed
1939,dpo_dissipative_use,total,1.170029775,Gt/yr,krausmann2018,observed
1940,dpo_dissipative_use,total,1.189481413,Gt/yr,krausmann2018,observed
1941,dpo_dissipative_use,total,1.207975467,Gt/yr,krausmann2018,observed
1942,dpo_dissipative_use,total,1.221201159,Gt/yr,krausmann2018,observed
1943,dpo_dissipative_use,total,1.237956106,Gt/yr,krausmann2018,observed
1944,dpo_dissipative_use,total,1.254477314,Gt/yr,krausmann2018,observed
1945,dpo_dissipative_use,total,1.262850139,Gt/yr,krausmann2018,observed
1946,dpo_dissipative_use,total,1.285248259,Gt/yr,krausmann2018,observed
1947,dpo_dissipative_use,total,1.30681873,Gt/yr,krausmann2018,observed
1948,dpo_dissipative_use,total,1.337093104,Gt/yr,krausmann2018,observed
1949,dpo_dissipative_use,total,1.346767382,Gt/yr,krausmann2018,observed
1950,dpo_dissipative_use,total,1.36801894,Gt/yr,krausmann2018,observed
1951,dpo_dissipative_use,total,1.406768744,Gt/yr,krausmann2018,observed
1952,dpo_dissipative_use,total,1.43609365,Gt/yr,krausmann2018,observed
1953,dpo_dissipative_use,total,1.470245386,Gt/yr,krausmann2018,observed
1954,dpo_dissipative_use,total,1.503029874,Gt/yr,krausmann2018,observed
1955,dpo_dissipative_use,total,1.547317011,Gt/yr,krausmann2018,observed
1956,dpo_dissipative_use,total,1.583105907,Gt/yr,krausmann2018,observed
1957,dpo_dissipative_use,total,1.616903001,Gt/yr,krausmann2018,observed
1958,dpo_dissipative_use,total,1.650248667,Gt/yr,krausmann2018,observed
1959,dpo_dissipative_use,total,1.69946376,Gt/yr,krausmann2018,observed
1960,dpo_dissipative_use,total,1.727062043,Gt/yr,krausmann2018,observed
1961,dpo_dissipative_use,total,1.756558442,Gt/yr,krausmann2018,observed
1962,dpo_dissipative_use,total,1.801773626,Gt/yr,krausmann2018,observed
1963,dpo_dissipative_use,total,1.902406654,Gt/yr,krausmann2018,observed
1964,dpo_dissipative_use,total,1.952146834,Gt/yr,krausmann2018,observed
1965,dpo_dissipative_use,total,1.971479469,Gt/yr,krausmann2018,observed
1966,dpo_dissipative_use,total,2.061604382,Gt/yr,krausmann2018,observed
1967,dpo_dissipative_use,total,2.130772007,Gt/yr,krausmann2018,observed
1968,dpo_dissipative_use,total,2.158840249,Gt/yr,krausmann2018,observed
1969,dpo_dissipative_use,total,2.170978217,Gt/yr,krausmann2018,observed
1970,dpo_dissipative_use,total,2.229720285,Gt/yr,krausmann2018,observed
1971,dpo_dissipative_use,total,2.37960858,Gt/yr,krausmann2018,observed
1972,dpo_dissipative_use,total,2.3438239,Gt/yr,krausmann2018,observed
1973,dpo_dissipative_use,total,2.459066985,Gt/yr,krausmann2018,observed
1974,dpo_dissipative_use,total,2.478565422,Gt/yr,krausmann2018,observed
1975,dpo_dissipative_use,total,2.506868139,Gt/yr,krausmann2018,observed
1976,dpo_dissipative_use,total,2.608259338,Gt/yr,krausmann2018,observed
1977,dpo_dissipative_use,total,2.634262482,Gt/yr,krausmann2018,observed
1978,dpo_dissipative_use,total,2.816773859,Gt/yr,krausmann2018,observed
1979,dpo_dissipative_use,total,2.786572317,Gt/yr,krausmann2018,observed
1980,dpo_dissipative_use,total,2.792067226,Gt/yr,krausmann2018,observed
1981,dpo_dissipative_use,total,2.887244392,Gt/yr,krausmann2018,observed
1982,dpo_dissipative_use,total,2.895651473,Gt/yr,krausmann2018,observed
1983,dpo_dissipative_use,total,2.845329915,Gt/yr,krausmann2018,observed
1984,dpo_dissipative_use,total,3.064792717,Gt/yr,krausmann2018,observed
1985,dpo_dissipative_use,total,3.172111932,Gt/yr,krausmann2018,observed
1986,dpo_dissipative_use,total,3.155417153,Gt/yr,krausmann2018,observed
1987,dpo_dissipative_use,total,3.129858768,Gt/yr,krausmann2018,observed
1988,dpo_dissipative_use,total,3.178132117,Gt/yr,krausmann2018,observed
1989,dpo_dissipative_use,total,3.359355373,Gt/yr,krausmann2018,observed
1990,dpo_dissipative_use,total,3.392301576,Gt/yr,krausmann2018,observed
1991,dpo_dissipative_use,total,3.348743736,Gt/yr,krausmann2018,observed
1992,dpo_dissipative_use,total,3.437045831,Gt/yr,krausmann2018,observed
1993,dpo_dissipative_use,total,3.258263856,Gt/yr,krausmann2018,observed
1994,dpo_dissipative_use,total,3.352196624,Gt/yr,krausmann2018,observed
1995,dpo_dissipative_use,total,3.365811879,Gt/yr,krausmann2018,observed
1996,dpo_dissipative_use,total,3.526032706,Gt/yr,krausmann2018,observed
1997,dpo_dissipative_use,total,3.451180174,Gt/yr,krausmann2018,observed
1998,dpo_dissipative_use,total,3.464309164,Gt/yr,krausmann2018,observed
1999,dpo_dissipative_use,total,3.599702962,Gt/yr,krausmann2018,observed
2000,dpo_dissipative_use,total,3.440493221,Gt/yr,krausmann2018,observed
2001,dpo_dissipative_use,total,3.572220538,Gt/yr,krausmann2018,observed
2002,dpo_dissipative_use,total,3.660804214,Gt/yr,krausmann2018,observed
2003,dpo_dissipative_use,total,3.737411182,Gt/yr,krausmann2018,observed
2004,dpo_dissipative_use,total,3.832507012,Gt/yr,krausmann2018,observed
2005,dpo_dissipative_use,total,4.149165388,Gt/yr,krausmann2018,observed
2006,dpo_dissipative_use,total,4.273935888,Gt/yr,krausmann2018,observed
2007,dpo_dissipative_use,total,4.602495723,Gt/yr,krausmann2018,observed
2008,dpo_dissipative_use,total,4.873311632,Gt/yr,krausmann2018,observed
2009,dpo_dissipative_use,total,4.994661077,Gt/yr,krausmann2018,observed
2010,dpo_dissipative_use,total,5.103049097,Gt/yr,krausmann2018,observed
2011,dpo_dissipative_use,total,5.342654645,Gt/yr,krausmann2018,observed
2012,dpo_dissipative_use,total,5.552605576,Gt/yr,krausmann2018,observed
2013,dpo_dissipative_use,total,5.820623493,Gt/yr,krausmann2018,observed
2014,dpo_dissipative_use,total,6.016070486,Gt/yr,krausmann2018,observed
2015,dpo_dissipative_use,total,6.123675782,Gt/yr,krausmann2018,observed
1900,dpo_emissions,total,5.25041366,Gt/yr,krausmann2018,observed
1901,dpo_emissions,total,5.339696954,Gt/yr,krausmann2018,observed
1902,dpo_emissions,total,5.419099376,Gt/yr,krausmann2018,observed
1903,dpo_emissions,total,5.638884615,Gt/yr,krausmann2018,observed
1904,dpo_emissions,total,5.699864824,Gt/yr,krausmann2018,observed
1905,dpo_emissions,total,5.855227263,Gt/yr,krausmann2018,observed
1906,dpo_emissions,total,6.06389259,Gt/yr,krausmann2018,observed
1907,dpo_emissions,total,6.36219759,Gt/yr,krausmann2018,observed
1908,dpo_emissions,total,6.274925103,Gt/yr,krausmann2018,observed
1909,dpo_emissions,total,6.424424046,Gt/yr,krausmann2018,observed
1910,dpo_emissions,total,6.587081086,Gt/yr,krausmann2018,observed
1911,dpo_emissions,total,6.694494275,Gt/yr,krausmann2018,observed
1912,dpo_emissions,total,6.89335842,Gt/yr,krausmann2018,observed
1913,dpo_emissions,total,7.159588465,Gt/yr,krausmann2018,observed
1914,dpo_emissions,total,6.889445089,Gt/yr,krausmann2018,observed
1915,dpo_emissions,total,6.909577251,Gt/yr,krausmann2018,observed
1916,dpo_emissions,total,7.174650687,Gt/yr,krausmann2018,observed
1917,dpo_emissions,total,7.394959465,Gt/yr,krausmann2018,observed
1918,dpo_emissions,total,7.390325535,Gt/yr,krausmann2018,observed
1919,dpo_emissions,total,7.070835735,Gt/yr,krausmann2018,observed
1920,dpo_emissions,total,7.563457379,Gt/yr,krausmann2018,observed
1921,dpo_emissions,total,7.157270411,Gt/yr,krausmann2018,observed
1922,dpo_emissions,total,7.418029125,Gt/yr,krausmann2018,observed
1923,dpo_emissions,total,7.895115199,Gt/yr,krausmann2018,observed
1924,dpo_emissions,total,7.919009233,Gt/yr,krausmann2018,observed
1925,dpo_emissions,total,7.999464913,Gt/yr,krausmann2018,observed
1926,dpo_emissions,total,8.053082902,Gt/yr,krausmann2018,observed
1927,dpo_emissions,total,8.35338377,Gt/yr,krausmann2018,observed
1928,dpo_emissions,total,8.720719086,Gt/yr,krausmann2018,observed
1929,dpo_emissions,total,8.789135799,Gt/yr,krausmann2018,observed
1930,dpo_emissions,total,8.522841652,Gt/yr,krausmann2018,observed
1931,dpo_emissions,total,8.152012884,Gt/yr,krausmann2018,observed
1932,dpo_emissions,total,7.842549139,Gt/yr,krausmann2018,observed
1933,dpo_emissions,total,8.035150941,Gt/yr,krausmann2018,observed
1934,dpo_emissions,total,8.35788401,Gt/yr,krausmann2018,observed
1935,dpo_emissions,total,8.58084084,Gt/yr,krausmann2018,observed
1936,dpo_emissions,total,8.96435252,Gt/yr,krausmann2018,observed
1937,dpo_emissions,total,9.290738606,Gt/yr,krausmann2018,observed
1938,dpo_emissions,total,8.89346253,Gt/yr,krausmann2018,observed
1939,dpo_emissions,total,9.379549691,Gt/yr,krausmann2018,observed
1940,dpo_emissions,total,9.810737342,Gt/yr,krausmann2018,observed
1941,dpo_emissions,total,10.00209794,Gt/yr,krausmann2018,observed
1942,dpo_emissions,total,10.05765378,Gt/yr,krausmann2018,observed
1943,dpo_emissions,total,10.24881682,Gt/yr,krausmann2018,observed
1944,dpo_emissions,total,10.28837147,Gt/yr,krausmann2018,observed
1945,dpo_emissions,total,9.449113771,Gt/yr,krausmann2018,observed
1946,dpo_emissions,total,9.779103598,Gt/yr,krausmann2018,observed
1947,dpo_emissions,total,10.37116113,Gt/yr,krausmann2018,observed
1948,dpo_emissions,total,10.71038333,Gt/yr,krausmann2018,observed
1949,dpo_emissions,total,10.59169829,Gt/yr,krausmann2018,observed
1950,dpo_emissions,total,11.1184037,Gt/yr,krausmann2018,observed
1951,dpo_emissions,total,11.57433346,Gt/yr,krausmann2018,observed
1952,dpo_emissions,total,11.7455008,Gt/yr,krausmann2018,observed
1953,dpo_emissions,total,11.91516384,Gt/yr,krausmann2018,observed
1954,dpo_emissions,total,12.09201872,Gt/yr,krausmann2018,observed
1955,dpo_emissions,total,12.74110598,Gt/yr,krausmann2018,observed
1956,dpo_emissions,total,13.23528462,Gt/yr,krausmann2018,observed
1957,dpo_emissions,total,13.59730235,Gt/yr,krausmann2018,observed
1958,dpo_emissions,total,14.05753911,Gt/yr,krausmann2018,observed
1959,dpo_emissions,total,14.6019519,Gt/yr,krausmann2018,observed
1960,dpo_emissions,total,15.31178332,Gt/yr,krausmann2018,observed
1961,dpo_emissions,total,15.53508945,Gt/yr,krausmann2018,observed
1962,dpo_emissions,total,16.24744608,Gt/yr,krausmann2018,observed
1963,dpo_emissions,total,17.14604346,Gt/yr,krausmann2018,observed
1964,dpo_emissions,total,17.96122926,Gt/yr,krausmann2018,observed
1965,dpo_emissions,total,18.05029002,Gt/yr,krausmann2018,observed
1966,dpo_emissions,total,18.82087566,Gt/yr,krausmann2018,observed
1967,dpo_emissions,total,19.16921075,Gt/yr,krausmann2018,observed
1968,dpo_emissions,total,20.12167405,Gt/yr,krausmann2018,observed
1969,dpo_emissions,total,20.80453021,Gt/yr,krausmann2018,observed
1970,dpo_emissions,total,21.62070614,Gt/yr,krausmann2018,observed
1971,dpo_emissions,total,22.36369547,Gt/yr,krausmann2018,observed
1972,dpo_emissions,total,23.10374517,Gt/yr,krausmann2018,observed
1973,dpo_emissions,total,24.07702963,Gt/yr,krausmann2018,observed
1974,dpo_emissions,total,24.31847045,Gt/yr,krausmann2018,observed
1975,dpo_emissions,total,24.35437486,Gt/yr,krausmann2018,observed
1976,dpo_emissions,total,25.34603226,Gt/yr,krausmann2018,observed
1977,dpo_emissions,total,26.07866591,Gt/yr,krausmann2018,observed
1978,dpo_emissions,total,26.40696826,Gt/yr,krausmann2018,observed
1979,dpo_emissions,total,27.36183678,Gt/yr,krausmann2018,observed
1980,dpo_emissions,total,27.25897949,Gt/yr,krausmann2018,observed
1981,dpo_emissions,total,26.92762618,Gt/yr,krausmann2018,observed
1982,dpo_emissions,total,27.29109411,Gt/yr,krausmann2018,observed
1983,dpo_emissions,total,27.41702021,Gt/yr,krausmann2018,observed
1984,dpo_emissions,total,28.33034832,Gt/yr,krausmann2018,observed
1985,dpo_emissions,total,28.33283574,Gt/yr,krausmann2018,observed
1986,dpo_emissions,total,29.04071963,Gt/yr,krausmann2018,observed
1987,dpo_emissions,total,29.52207737,Gt/yr,krausmann2018,observed
1988,dpo_emissions,total,30.25285294,Gt/yr,krausmann2018,observed
1989,dpo_emissions,total,30.73358431,Gt/yr,krausmann2018,observed
1990,dpo_emissions,total,30.84251702,Gt/yr,krausmann2018,observed
1991,dpo_emissions,total,30.67657278,Gt/yr,krausmann2018,observed
1992,dpo_emissions,total,30.37719897,Gt/yr,krausmann2018,observed
1993,dpo_emissions,total,30.39901316,Gt/yr,krausmann2018,observed
1994,dpo_emissions,total,30.78957461,Gt/yr,krausmann2018,observed
1995,dpo_emissions,total,31.35247422,Gt/yr,krausmann2018,observed
1996,dpo_emissions,total,31.94972844,Gt/yr,krausmann2018,observed
1997,dpo_emissions,total,32.14079998,Gt/yr,krausmann2018,observed
1998,dpo_emissions,total,32.35944257,Gt/yr,krausmann2018,observed
1999,dpo_emissions,total,32.24867051,Gt/yr,krausmann2018,observed
2000,dpo_emissions,total,33.06324793,Gt/yr,krausmann2018,observed
2001,dpo_emissions,total,33.70655662,Gt/yr,krausmann2018,observed
2002,dpo_emissions,total,33.96922778,Gt/yr,krausmann2018,observed
2003,dpo_emissions,total,35.41574061,Gt/yr,krausmann2018,observed
2004,dpo_emissions,total,36.98057542,Gt/yr,krausmann2018,observed
2005,dpo_emissions,total,38.21303172,Gt/yr,krausmann2018,observed
2006,dpo_emissions,total,39.35168783,Gt/yr,krausmann2018,observed
2007,dpo_emissions,total,40.10531303,Gt/yr,krausmann2018,observed
2008,dpo_emissions,total,41.05207585,Gt/yr,krausmann2018,observed
2009,dpo_emissions,total,40.92648436,Gt/yr,krausmann2018,observed
2010,dpo_emissions,total,42.48891205,Gt/yr,krausmann2018,observed
2011,dpo_emissions,total,44.19779023,Gt/yr,krausmann2018,observed
2012,dpo_emissions,total,44.90432142,Gt/yr,krausmann2018,observed
2013,dpo_emissions,total,45.58425891,Gt/yr,krausmann2018,observed
2014,dpo_emissions,total,45.960026,Gt/yr,krausmann2018,observed
2015,dpo_emissions,total,46.28318691,Gt/yr,krausmann2018,observed
1900,dpo_eol_waste,total,0.4873217947,Gt/yr,krausmann2018,observed
1901,dpo_eol_waste,total,0.4914111556,Gt/yr,krausmann2018,observed
1902,dpo_eol_waste,total,0.4954359962,Gt/yr,krausmann2018,observed
1903,dpo_eol_waste,total,0.5020420679,Gt/yr,krausmann2018,observed
1904,dpo_eol_waste,total,0.5074077143,Gt/yr,krausmann2018,observed
1905,dpo_eol_waste,total,0.5148187481,Gt/yr,krausmann2018,observed
1906,dpo_eol_waste,total,0.5208389984,Gt/yr,krausmann2018,observed
1907,dpo_eol_waste,total,0.5333885735,Gt/yr,krausmann2018,observed
1908,dpo_eol_waste,total,0.5349066572,Gt/yr,krausmann2018,observed
1909,dpo_eol_waste,total,0.5452054327,Gt/yr,krausmann2018,observed
1910,dpo_eol_waste,total,0.5546431522,Gt/yr,krausmann2018,observed
1911,dpo_eol_waste,total,0.5635154081,Gt/yr,krausmann2018,observed
1912,dpo_eol_waste,total,0.5717082896,Gt/yr,krausmann2018,observed
1913,dpo_eol_waste,total,0.5817133566,Gt/yr,krausmann2018,observed
1914,dpo_eol_waste,total,0.5876317126,Gt/yr,krausmann2018,observed
1915,dpo_eol_waste,total,0.5966398356,Gt/yr,krausmann2018,observed
1916,dpo_eol_waste,total,0.6042836254,Gt/yr,krausmann2018,observed
1917,dpo_eol_waste,total,0.6109785513,Gt/yr,krausmann2018,observed
1918,dpo_eol_waste,total,0.6157805182,Gt/yr,krausmann2018,observed
1919,dpo_eol_waste,total,0.62128949,Gt/yr,krausmann2018,observed
1920,dpo_eol_waste,total,0.625457478,Gt/yr,krausmann2018,observed
1921,dpo_eol_waste,total,0.6320743705,Gt/yr,krausmann2018,observed
1922,dpo_eol_waste,total,0.6444018103,Gt/yr,krausmann2018,observed
1923,dpo_eol_waste,total,0.6552863912,Gt/yr,krausmann2018,observed
1924,dpo_eol_waste,total,0.6634537883,Gt/yr,krausmann2018,observed
1925,dpo_eol_waste,total,0.6781587653,Gt/yr,krausmann2018,observed
1926,dpo_eol_waste,total,0.6888920036,Gt/yr,krausmann2018,observed
1927,dpo_eol_waste,total,0.703411009,Gt/yr,krausmann2018,observed
1928,dpo_eol_waste,total,0.7203582976,Gt/yr,krausmann2018,observed
1929,dpo_eol_waste,total,0.7360525595,Gt/yr,krausmann2018,observed
1930,dpo_eol_waste,total,0.7484695961,Gt/yr,krausmann2018,observed
1931,dpo_eol_waste,total,0.762310768,Gt/yr,krausmann2018,observed
1932,dpo_eol_waste,total,0.7729026481,Gt/yr,krausmann2018,observed
1933,dpo_eol_waste,total,0.7861672736,Gt/yr,krausmann2018,observed
1934,dpo_eol_waste,total,0.8048346749,Gt/yr,krausmann2018,observed
1935,dpo_eol_waste,total,0.8206972583,Gt/yr,krausmann2018,observed
1936,dpo_eol_waste,total,0.8414955182,Gt/yr,krausmann2018,observed
1937,dpo_eol_waste,total,0.8619229629,Gt/yr,krausmann2018,observed
1938,dpo_eol_waste,total,0.8765154682,Gt/yr,krausmann2018,observed
1939,dpo_eol_waste,total,0.8985017531,Gt/yr,krausmann2018,observed
1940,dpo_eol_waste,total,0.921361077,Gt/yr,krausmann2018,observed
1941,dpo_eol_waste,total,0.9402441412,Gt/yr,krausmann2018,observed
1942,dpo_eol_waste,total,0.9630821951,Gt/yr,krausmann2018,observed
1943,dpo_eol_waste,total,0.9824686868,Gt/yr,krausmann2018,observed
1944,dpo_eol_waste,total,0.9996652251,Gt/yr,krausmann2018,observed
1945,dpo_eol_waste,total,1.011206124,Gt/yr,krausmann2018,observed
1946,dpo_eol_waste,total,1.027431527,Gt/yr,krausmann2018,observed
1947,dpo_eol_waste,total,1.051068558,Gt/yr,krausmann2018,observed
1948,dpo_eol_waste,total,1.073570107,Gt/yr,krausmann2018,observed
1949,dpo_eol_waste,total,1.098021891,Gt/yr,krausmann2018,observed
1950,dpo_eol_waste,total,1.125888312,Gt/yr,krausmann2018,observed
1951,dpo_eol_waste,total,1.160662861,Gt/yr,krausmann2018,observed
1952,dpo_eol_waste,total,1.193867911,Gt/yr,krausmann2018,observed
1953,dpo_eol_waste,total,1.227355428,Gt/yr,krausmann2018,observed
1954,dpo_eol_waste,total,1.270359104,Gt/yr,krausmann2018,observed
1955,dpo_eol_waste,total,1.30236997,Gt/yr,krausmann2018,observed
1956,dpo_eol_waste,total,1.347795793,Gt/yr,krausmann2018,observed
1957,dpo_eol_waste,total,1.394114674,Gt/yr,krausmann2018,observed
1958,dpo_eol_waste,total,1.435978378,Gt/yr,krausmann2018,observed
1959,dpo_eol_waste,total,1.488702867,Gt/yr,krausmann2018,observed
1960,dpo_eol_waste,total,1.543425646,Gt/yr,krausmann2018,observed
1961,dpo_eol_waste,total,1.592607324,Gt/yr,krausmann2018,observed
1962,dpo_eol_waste,total,1.649431487,Gt/yr,krausmann2018,observed
1963,dpo_eol_waste,total,1.712505423,Gt/yr,krausmann2018,observed
1964,dpo_eol_waste,total,1.775340652,Gt/yr,krausmann2018,observed
1965,dpo_eol_waste,total,1.850713675,Gt/yr,krausmann2018,observed
1966,dpo_eol_waste,total,1.925542186,Gt/yr,krausmann2018,observed
1967,dpo_eol_waste,total,1.993685981,Gt/yr,krausmann2018,observed
1968,dpo_eol_waste,total,2.079490804,Gt/yr,krausmann2018,observed
1969,dpo_eol_waste,total,2.177407216,Gt/yr,krausmann2018,observed
1970,dpo_eol_waste,total,2.266750034,Gt/yr,krausmann2018,observed
1971,dpo_eol_waste,total,2.351443369,Gt/yr,krausmann2018,observed
1972,dpo_eol_waste,total,2.440055533,Gt/yr,krausmann2018,observed
1973,dpo_eol_waste,total,2.547098727,Gt/yr,krausmann2018,observed
1974,dpo_eol_waste,total,2.648928424,Gt/yr,krausmann2018,observed
1975,dpo_eol_waste,total,2.750831687,Gt/yr,krausmann2018,observed
1976,dpo_eol_waste,total,2.840455706,Gt/yr,krausmann2018,observed
1977,dpo_eol_waste,total,2.939636817,Gt/yr,krausmann2018,observed
1978,dpo_eol_waste,total,3.053051574,Gt/yr,krausmann2018,observed
1979,dpo_eol_waste,total,3.176953376,Gt/yr,krausmann2018,observed
1980,dpo_eol_waste,total,3.281712003,Gt/yr,krausmann2018,observed
1981,dpo_eol_waste,total,3.38718401,Gt/yr,krausmann2018,observed
1982,dpo_eol_waste,total,3.493223053,Gt/yr,krausmann2018,observed
1983,dpo_eol_waste,total,3.590110484,Gt/yr,krausmann2018,observed
1984,dpo_eol_waste,total,3.708952842,Gt/yr,krausmann2018,observed
1985,dpo_eol_waste,total,3.827697251,Gt/yr,krausmann2018,observed
1986,dpo_eol_waste,total,3.94505193,Gt/yr,krausmann2018,observed
1987,dpo_eol_waste,total,4.071429534,Gt/yr,krausmann2018,observed
1988,dpo_eol_waste,total,4.207580613,Gt/yr,krausmann2018,observed
1989,dpo_eol_waste,total,4.35259899,Gt/yr,krausmann2018,observed
1990,dpo_eol_waste,total,4.491725028,Gt/yr,krausmann2018,observed
1991,dpo_eol_waste,total,4.618765286,Gt/yr,krausmann2018,observed
1992,dpo_eol_waste,total,4.74492195,Gt/yr,krausmann2018,observed
1993,dpo_eol_waste,total,4.882954745,Gt/yr,krausmann2018,observed
1994,dpo_eol_waste,total,5.040715219,Gt/yr,krausmann2018,observed
1995,dpo_eol_waste,total,5.233520941,Gt/yr,krausmann2018,observed
1996,dpo_eol_waste,total,5.405007094,Gt/yr,krausmann2018,observed
1997,dpo_eol_waste,total,5.585994484,Gt/yr,krausmann2018,observed
1998,dpo_eol_waste,total,5.766750176,Gt/yr,krausmann2018,observed
1999,dpo_eol_waste,total,5.940754455,Gt/yr,krausmann2018,observed
2000,dpo_eol_waste,total,6.122187514,Gt/yr,krausmann2018,observed
2001,dpo_eol_waste,total,6.301619487,Gt/yr,krausmann2018,observed
2002,dpo_eol_waste,total,6.505203475,Gt/yr,krausmann2018,observed
2003,dpo_eol_waste,total,6.703938999,Gt/yr,krausmann2018,observed
2004,dpo_eol_waste,total,6.931863962,Gt/yr,krausmann2018,observed
2005,dpo_eol_waste,total,7.157488893,Gt/yr,krausmann2018,observed
2006,dpo_eol_waste,total,7.416640228,Gt/yr,krausmann2018,observed
2007,dpo_eol_waste,total,7.723306849,Gt/yr,krausmann2018,observed
2008,dpo_eol_waste,total,8.007988634,Gt/yr,krausmann2018,observed
2009,dpo_eol_waste,total,8.312187333,Gt/yr,krausmann2018,observed
2010,dpo_eol_waste,total,8.620245206,Gt/yr,krausmann2018,observed
2011,dpo_eol_waste,total,9.007069021,Gt/yr,krausmann2018,observed
2012,dpo_eol_waste,total,9.37655709,Gt/yr,krausmann2018,observed
2013,dpo_eol_waste,total,9.762591724,Gt/yr,krausmann2018,observed
2014,dpo_eol_waste,total,10.16072083,Gt/yr,krausmann2018,observed
2015,dpo_eol_waste,total,10.52371851,Gt/yr,krausmann2018,observed
1900,dpo_excrements,total,4.494048019,Gt/yr,krausmann2018,observed
1901,dpo_excrements,total,4.532501304,Gt/yr,krausmann2018,observed
1902,dpo_excrements,total,4.570954524,Gt/yr,krausmann2018,observed
1903,dpo_excrements,total,4.609407682,Gt/yr,krausmann2018,observed
1904,dpo_excrements,total,4.647860777,Gt/yr,krausmann2018,observed
1905,dpo_excrements,total,4.686313808,Gt/yr,krausmann2018,observed
1906,dpo_excrements,total,4.724766776,Gt/yr,krausmann2018,observed
1907,dpo_excrements,total,4.763219681,Gt/yr,krausmann2018,observed
1908,dpo_excrements,total,4.801672522,Gt/yr,krausmann2018,observed
1909,dpo_excrements,total,4.8401253,Gt/yr,krausmann2018,observed
1910,dpo_excrements,total,4.878578015,Gt/yr,krausmann2018,observed
1911,dpo_excrements,total,4.933349397,Gt/yr,krausmann2018,observed
1912,dpo_excrements,total,4.988133447,Gt/yr,krausmann2018,observed
1913,dpo_excrements,total,5.042930166,Gt/yr,krausmann2018,observed
1914,dpo_excrements,total,5.097739553,Gt/yr,krausmann2018,observed
1915,dpo_excrements,total,5.15256161,Gt/yr,krausmann2018,observed
1916,dpo_excrements,total,5.207396334,Gt/yr,krausmann2018,observed
1917,dpo_excrements,total,5.262243728,Gt/yr,krausmann2018,observed
1918,dpo_excrements,total,5.31710379,Gt/yr,krausmann2018,observed
1919,dpo_excrements,total,5.37197652,Gt/yr,krausmann2018,observed
1920,dpo_excrements,total,5.426861919,Gt/yr,krausmann2018,observed
1921,dpo_excrements,total,5.482624837,Gt/yr,krausmann2018,observed
1922,dpo_excrements,total,5.538400579,Gt/yr,krausmann2018,observed
1923,dpo_excrements,total,5.594189146,Gt/yr,krausmann2018,observed
1924,dpo_excrements,total,5.649990536,Gt/yr,krausmann2018,observed
1925,dpo_excrements,total,5.705804751,Gt/yr,krausmann2018,observed
1926,dpo_excrements,total,5.761631791,Gt/yr,krausmann2018,observed
1927,dpo_excrements,total,5.817471654,Gt/yr,krausmann2018,observed
1928,dpo_excrements,total,5.873324342,Gt/yr,krausmann2018,observed
1929,dpo_excrements,total,5.929189854,Gt/yr,krausmann2018,observed
1930,dpo_excrements,total,5.985068191,Gt/yr,krausmann2018,observed
1931,dpo_excrements,total,6.002506472,Gt/yr,krausmann2018,observed
1932,dpo_excrements,total,6.01994101,Gt/yr,krausmann2018,observed
1933,dpo_excrements,total,6.037371805,Gt/yr,krausmann2018,observed
1934,dpo_excrements,total,6.054798857,Gt/yr,krausmann2018,observed
1935,dpo_excrements,total,6.072222166,Gt/yr,krausmann2018,observed
1936,dpo_excrements,total,6.089641732,Gt/yr,krausmann2018,observed
1937,dpo_excrements,total,6.107057555,Gt/yr,krausmann2018,observed
1938,dpo_excrements,total,6.124469635,Gt/yr,krausmann2018,observed
1939,dpo_excrements,total,6.141877972,Gt/yr,krausmann2018,observed
1940,dpo_excrements,total,6.159282566,Gt/yr,krausmann2018,observed
1941,dpo_excrements,total,6.176680731,Gt/yr,krausmann2018,observed
1942,dpo_excrements,total,6.194074009,Gt/yr,krausmann2018,observed
1943,dpo_excrements,total,6.211462399,Gt/yr,krausmann2018,observed
1944,dpo_excrements,total,6.228845902,Gt/yr,krausmann2018,observed
1945,dpo_excrements,total,6.246224517,Gt/yr,krausmann2018,observed
1946,dpo_excrements,total,6.263598246,Gt/yr,krausmann2018,observed
1947,dpo_excrements,total,6.280967086,Gt/yr,krausmann2018,observed
1948,dpo_excrements,total,6.29833104,Gt/yr,krausmann2018,observed
1949,dpo_excrements,total,6.315690106,Gt/yr,krausmann2018,observed
1950,dpo_excrements,total,6.333044284,Gt/yr,krausmann2018,observed
1951,dpo_excrements,total,6.458162925,Gt/yr,krausmann2018,observed
1952,dpo_excrements,total,6.584387233,Gt/yr,krausmann2018,observed
1953,dpo_excrements,total,6.711773008,Gt/yr,krausmann2018,observed
1954,dpo_excrements,total,6.840367073,Gt/yr,krausmann2018,observed
1955,dpo_excrements,total,6.970207201,Gt/yr,krausmann2018,observed
1956,dpo_excrements,total,7.101321857,Gt/yr,krausmann2018,observed
1957,dpo_excrements,total,7.233730466,Gt/yr,krausmann2018,observed
1958,dpo_excrements,total,7.367444343,Gt/yr,krausmann2018,observed
1959,dpo_excrements,total,7.502468146,Gt/yr,krausmann2018,observed
1960,dpo_excrements,total,7.638804449,Gt/yr,krausmann2018,observed
1961,dpo_excrements,total,7.766330083,Gt/yr,krausmann2018,observed
1962,dpo_excrements,total,7.936697267,Gt/yr,krausmann2018,observed
1963,dpo_excrements,total,8.067385251,Gt/yr,krausmann2018,observed
1964,dpo_excrements,total,8.371079907,Gt/yr,krausmann2018,observed
1965,dpo_excrements,total,8.69896106,Gt/yr,krausmann2018,observed
1966,dpo_excrements,total,9.036337517,Gt/yr,krausmann2018,observed
1967,dpo_excrements,total,9.306547248,Gt/yr,krausmann2018,observed
1968,dpo_excrements,total,9.599116289,Gt/yr,krausmann2018,observed
1969,dpo_excrements,total,9.844240502,Gt/yr,krausmann2018,observed
1970,dpo_excrements,total,10.08359577,Gt/yr,krausmann2018,observed
1971,dpo_excrements,total,10.36273866,Gt/yr,krausmann2018,observed
1972,dpo_excrements,total,10.61445611,Gt/yr,krausmann2018,observed
1973,dpo_excrements,total,10.84067228,Gt/yr,krausmann2018,observed
1974,dpo_excrements,total,11.1031346,Gt/yr,krausmann2018,observed
1975,dpo_excrements,total,11.15428303,Gt/yr,krausmann2018,observed
1976,dpo_excrements,total,11.35506437,Gt/yr,krausmann2018,observed
1977,dpo_excrements,total,11.50821027,Gt/yr,krausmann2018,observed
1978,dpo_excrements,total,11.64598799,Gt/yr,krausmann2018,observed
1979,dpo_excrements,total,11.8515281,Gt/yr,krausmann2018,observed
1980,dpo_excrements,total,11.99204568,Gt/yr,krausmann2018,observed
1981,dpo_excrements,total,12.16257787,Gt/yr,krausmann2018,observed
1982,dpo_excrements,total,12.33457042,Gt/yr,krausmann2018,observed
1983,dpo_excrements,total,12.57591123,Gt/yr,krausmann2018,observed
1984,dpo_excrements,total,12.73225247,Gt/yr,krausmann2018,observed
1985,dpo_excrements,total,12.96480605,Gt/yr,krausmann2018,observed
1986,dpo_excrements,total,13.1757956,Gt/yr,krausmann2018,observed
1987,dpo_excrements,total,13.33029485,Gt/yr,krausmann2018,observed
1988,dpo_excrements,total,13.45334169,Gt/yr,krausmann2018,observed
1989,dpo_excrements,total,13.71134178,Gt/yr,krausmann2018,observed
1990,dpo_excrements,total,13.931159,Gt/yr,krausmann2018,observed
1991,dpo_excrements,total,13.92632197,Gt/yr,krausmann2018,observed
1992,dpo_excrements,total,13.90491741,Gt/yr,krausmann2018,observed
1993,dpo_excrements,total,13.80187935,Gt/yr,krausmann2018,observed
1994,dpo_excrements,total,13.94595342,Gt/yr,krausmann2018,observed
1995,dpo_excrements,total,13.97837859,Gt/yr,krausmann2018,observed
1996,dpo_excrements,total,14.12615677,Gt/yr,krausmann2018,observed
1997,dpo_excrements,total,14.00815324,Gt/yr,krausmann2018,observed
1998,dpo_excrements,total,13.99761827,Gt/yr,krausmann2018,observed
1999,dpo_excrements,total,14.18977174,Gt/yr,krausmann2018,observed
2000,dpo_excrements,total,14.35977481,Gt/yr,krausmann2018,observed
2001,dpo_excrements,total,14.47478059,Gt/yr,krausmann2018,observed
2002,dpo_excrements,total,14.694968,Gt/yr,krausmann2018,observed
2003,dpo_excrements,total,14.80619573,Gt/yr,krausmann2018,observed
2004,dpo_excrements,total,15.18001902,Gt/yr,krausmann2018,observed
2005,dpo_excrements,total,15.50563631,Gt/yr,krausmann2018,observed
2006,dpo_excrements,total,15.78394902,Gt/yr,krausmann2018,observed
2007,dpo_excrements,total,16.11127333,Gt/yr,krausmann2018,observed
2008,dpo_excrements,total,16.30451536,Gt/yr,krausmann2018,observed
2009,dpo_excrements,total,16.3155193,Gt/yr,krausmann2018,observed
2010,dpo_excrements,total,16.49904145,Gt/yr,krausmann2018,observed
2011,dpo_excrements,total,16.6657764,Gt/yr,krausmann2018,observed
2012,dpo_excrements,total,16.68997932,Gt/yr,krausmann2018,observed
2013,dpo_excrements,total,16.89795779,Gt/yr,krausmann2018,observed
2014,dpo_excrements,total,17.16952841,Gt/yr,krausmann2018,observed
2015,dpo_excrements,total,17.39132346,Gt/yr,krausmann2018,observed
1900,dpo_processing_waste,total,0.5372328727,Gt/yr,krausmann2018,observed
1901,dpo_processing_waste,total,0.5561705205,Gt/yr,krausmann2018,observed
1902,dpo_processing_waste,total,0.5727306226,Gt/yr,krausmann2018,observed
1903,dpo_processing_waste,total,0.5999442847,Gt/yr,krausmann2018,observed
1904,dpo_processing_waste,total,0.6163325255,Gt/yr,krausmann2018,observed
1905,dpo_processing_waste,total,0.649371874,Gt/yr,krausmann2018,observed
1906,dpo_processing_waste,total,0.6698262226,Gt/yr,krausmann2018,observed
1907,dpo_processing_waste,total,0.7124853198,Gt/yr,krausmann2018,observed
1908,dpo_processing_waste,total,0.7140649621,Gt/yr,krausmann2018,observed
1909,dpo_processing_waste,total,0.7447914144,Gt/yr,krausmann2018,observed
1910,dpo_processing_waste,total,0.7767332574,Gt/yr,krausmann2018,observed
1911,dpo_processing_waste,total,0.7908962716,Gt/yr,krausmann2018,observed
1912,dpo_processing_waste,total,0.8282701878,Gt/yr,krausmann2018,observed
1913,dpo_processing_waste,total,0.867282475,Gt/yr,krausmann2018,observed
1914,dpo_processing_waste,total,0.819993859,Gt/yr,krausmann2018,observed
1915,dpo_processing_waste,total,0.8305010185,Gt/yr,krausmann2018,observed
1916,dpo_processing_waste,total,0.8807403658,Gt/yr,krausmann2018,observed
1917,dpo_processing_waste,total,0.9026206221,Gt/yr,krausmann2018,observed
1918,dpo_processing_waste,total,0.8965154656,Gt/yr,krausmann2018,observed
1919,dpo_processing_waste,total,0.8438107235,Gt/yr,krausmann2018,observed
1920,dpo_processing_waste,total,0.8878378251,Gt/yr,krausmann2018,observed
1921,dpo_processing_waste,total,0.8104971177,Gt/yr,krausmann2018,observed
1922,dpo_processing_waste,total,0.8694944654,Gt/yr,krausmann2018,observed
1923,dpo_processing_waste,total,0.9358913872,Gt/yr,krausmann2018,observed
1924,dpo_processing_waste,total,0.9500872757,Gt/yr,krausmann2018,observed
1925,dpo_processing_waste,total,0.9840544021,Gt/yr,krausmann2018,observed
1926,dpo_processing_waste,total,0.9916010749,Gt/yr,krausmann2018,observed
1927,dpo_processing_waste,total,1.0240649,Gt/yr,krausmann2018,observed
1928,dpo_processing_waste,total,1.070472713,Gt/yr,krausmann2018,observed
1929,dpo_processing_waste,total,1.102933463,Gt/yr,krausmann2018,observed
1930,dpo_processing_waste,total,1.055187498,Gt/yr,krausmann2018,observed
1931,dpo_processing_waste,total,0.9706842163,Gt/yr,krausmann2018,observed
1932,dpo_processing_waste,total,0.8798772102,Gt/yr,krausmann2018,observed
1933,dpo_processing_waste,total,0.9062622394,Gt/yr,krausmann2018,observed
1934,dpo_processing_waste,total,0.9716436279,Gt/yr,krausmann2018,observed
1935,dpo_processing_waste,total,1.01567645,Gt/yr,krausmann2018,observed
1936,dpo_processing_waste,total,1.08244774,Gt/yr,krausmann2018,observed
1937,dpo_processing_waste,total,1.173544078,Gt/yr,krausmann2018,observed
1938,dpo_processing_waste,total,1.109024186,Gt/yr,krausmann2018,observed
1939,dpo_processing_waste,total,1.15427095,Gt/yr,krausmann2018,observed
1940,dpo_processing_waste,total,1.215505284,Gt/yr,krausmann2018,observed
1941,dpo_processing_waste,total,1.243266122,Gt/yr,krausmann2018,observed
1942,dpo_processing_waste,total,1.214202263,Gt/yr,krausmann2018,observed
1943,dpo_processing_waste,total,1.230688784,Gt/yr,krausmann2018,observed
1944,dpo_processing_waste,total,1.165038105,Gt/yr,krausmann2018,observed
1945,dpo_processing_waste,total,1.061824324,Gt/yr,krausmann2018,observed
1946,dpo_processing_waste,total,1.058507763,Gt/yr,krausmann2018,observed
1947,dpo_processing_waste,total,1.142240424,Gt/yr,krausmann2018,observed
1948,dpo_processing_waste,total,1.195755338,Gt/yr,krausmann2018,observed
1949,dpo_processing_waste,total,1.188822321,Gt/yr,krausmann2018,observed
1950,dpo_processing_waste,total,1.255112697,Gt/yr,krausmann2018,observed
1951,dpo_processing_waste,total,1.329984698,Gt/yr,krausmann2018,observed
1952,dpo_processing_waste,total,1.375909325,Gt/yr,krausmann2018,observed
1953,dpo_processing_waste,total,1.442010943,Gt/yr,krausmann2018,observed
1954,dpo_processing_waste,total,1.510116018,Gt/yr,krausmann2018,observed
1955,dpo_processing_waste,total,1.568491241,Gt/yr,krausmann2018,observed
1956,dpo_processing_waste,total,1.64830393,Gt/yr,krausmann2018,observed
1957,dpo_processing_waste,total,1.711437397,Gt/yr,krausmann2018,observed
1958,dpo_processing_waste,total,1.695527744,Gt/yr,krausmann2018,observed
1959,dpo_processing_waste,total,1.783520893,Gt/yr,krausmann2018,observed
1960,dpo_processing_waste,total,1.918492567,Gt/yr,krausmann2018,observed
1961,dpo_processing_waste,total,1.934104584,Gt/yr,krausmann2018,observed
1962,dpo_processing_waste,total,2.005689207,Gt/yr,krausmann2018,observed
1963,dpo_processing_waste,total,2.030273892,Gt/yr,krausmann2018,observed
1964,dpo_processing_waste,total,2.204168672,Gt/yr,krausmann2018,observed
1965,dpo_processing_waste,total,2.144143186,Gt/yr,krausmann2018,observed
1966,dpo_processing_waste,total,2.297726478,Gt/yr,krausmann2018,observed
1967,dpo_processing_waste,total,2.400957708,Gt/yr,krausmann2018,observed
1968,dpo_processing_waste,total,2.481741393,Gt/yr,krausmann2018,observed
1969,dpo_processing_waste,total,2.483515221,Gt/yr,krausmann2018,observed
1970,dpo_processing_waste,total,2.640621836,Gt/yr,krausmann2018,observed
1971,dpo_processing_waste,total,2.796525983,Gt/yr,krausmann2018,observed
1972,dpo_processing_waste,total,2.696509035,Gt/yr,krausmann2018,observed
1973,dpo_processing_waste,total,2.979304653,Gt/yr,krausmann2018,observed
1974,dpo_processing_waste,total,3.062980156,Gt/yr,krausmann2018,observed
1975,dpo_processing_waste,total,3.153706434,Gt/yr,krausmann2018,observed
1976,dpo_processing_waste,total,3.324897394,Gt/yr,krausmann2018,observed
1977,dpo_processing_waste,total,3.28194835,Gt/yr,krausmann2018,observed
1978,dpo_processing_waste,total,3.433001724,Gt/yr,krausmann2018,observed
1979,dpo_processing_waste,total,3.411004216,Gt/yr,krausmann2018,observed
1980,dpo_processing_waste,total,3.417563547,Gt/yr,krausmann2018,observed
1981,dpo_processing_waste,total,3.562652206,Gt/yr,krausmann2018,observed
1982,dpo_processing_waste,total,3.577769234,Gt/yr,krausmann2018,observed
1983,dpo_processing_waste,total,3.322975712,Gt/yr,krausmann2018,observed
1984,dpo_processing_waste,total,3.753182249,Gt/yr,krausmann2018,observed
1985,dpo_processing_waste,total,3.84019952,Gt/yr,krausmann2018,observed
1986,dpo_processing_waste,total,3.855707077,Gt/yr,krausmann2018,observed
1987,dpo_processing_waste,total,3.855980818,Gt/yr,krausmann2018,observed
1988,dpo_processing_waste,total,3.984618173,Gt/yr,krausmann2018,observed
1989,dpo_processing_waste,total,4.307246882,Gt/yr,krausmann2018,observed
1990,dpo_processing_waste,total,4.446567653,Gt/yr,krausmann2018,observed
1991,dpo_processing_waste,total,4.290672663,Gt/yr,krausmann2018,observed
1992,dpo_processing_waste,total,4.372505295,Gt/yr,krausmann2018,observed
1993,dpo_processing_waste,total,4.206826582,Gt/yr,krausmann2018,observed
1994,dpo_processing_waste,total,4.328066176,Gt/yr,krausmann2018,observed
1995,dpo_processing_waste,total,4.476000038,Gt/yr,krausmann2018,observed
1996,dpo_processing_waste,total,4.813461465,Gt/yr,krausmann2018,observed
1997,dpo_processing_waste,total,4.984066991,Gt/yr,krausmann2018,observed
1998,dpo_processing_waste,total,5.088163768,Gt/yr,krausmann2018,observed
1999,dpo_processing_waste,total,5.126272392,Gt/yr,krausmann2018,observed
2000,dpo_processing_waste,total,5.230877426,Gt/yr,krausmann2018,observed
2001,dpo_processing_waste,total,5.221283133,Gt/yr,krausmann2018,observed
2002,dpo_processing_waste,total,5.15073509,Gt/yr,krausmann2018,observed
2003,dpo_processing_waste,total,5.390563096,Gt/yr,krausmann2018,observed
2004,dpo_processing_waste,total,6.037191273,Gt/yr,krausmann2018,observed
2005,dpo_processing_waste,total,6.298438488,Gt/yr,krausmann2018,observed
2006,dpo_processing_waste,total,6.485038085,Gt/yr,krausmann2018,observed
2007,dpo_processing_waste,total,6.981827073,Gt/yr,krausmann2018,observed
2008,dpo_processing_waste,total,7.499491199,Gt/yr,krausmann2018,observed
2009,dpo_processing_waste,total,7.464857278,Gt/yr,krausmann2018,observed
2010,dpo_processing_waste,total,7.894865897,Gt/yr,krausmann2018,observed
2011,dpo_processing_waste,total,8.696538726,Gt/yr,krausmann2018,observed
2012,dpo_processing_waste,total,8.635637318,Gt/yr,krausmann2018,observed
2013,dpo_processing_waste,total,9.332711964,Gt/yr,krausmann2018,observed
2014,dpo_processing_waste,total,9.493786269,Gt/yr,krausmann2018,observed
2015,dpo_processing_waste,total,9.446594364,Gt/yr,krausmann2018,observed
1900,dpo_water_vapor,total,2.104562488,Gt/yr,krausmann2018,observed
1901,dpo_water_vapor,total,2.141496003,Gt/yr,krausmann2018,observed
1902,dpo_water_vapor,total,2.169479925,Gt/yr,krausmann2018,observed
1903,dpo_water_vapor,total,2.247235665,Gt/yr,krausmann2018,observed
1904,dpo_water_vapor,total,2.271158517,Gt/yr,krausmann2018,observed
1905,dpo_water_vapor,total,2.326370236,Gt/yr,krausmann2018,observed
1906,dpo_water_vapor,total,2.402434134,Gt/yr,krausmann2018,observed
1907,dpo_water_vapor,total,2.505719272,Gt/yr,krausmann2018,observed
1908,dpo_water_vapor,total,2.479321634,Gt/yr,krausmann2018,observed
1909,dpo_water_vapor,total,2.535994864,Gt/yr,krausmann2018,observed
1910,dpo_water_vapor,total,2.594063347,Gt/yr,krausmann2018,observed
1911,dpo_water_vapor,total,2.634927876,Gt/yr,krausmann2018,observed
1912,dpo_water_vapor,total,2.706895494,Gt/yr,krausmann2018,observed
1913,dpo_water_vapor,total,2.802264579,Gt/yr,krausmann2018,observed
1914,dpo_water_vapor,total,2.715807708,Gt/yr,krausmann2018,observed
1915,dpo_water_vapor,total,2.726832378,Gt/yr,krausmann2018,observed
1916,dpo_water_vapor,total,2.826071111,Gt/yr,krausmann2018,observed
1917,dpo_water_vapor,total,2.904105377,Gt/yr,krausmann2018,observed
1918,dpo_water_vapor,total,2.905340352,Gt/yr,krausmann2018,observed
1919,dpo_water_vapor,total,2.801792005,Gt/yr,krausmann2018,observed
1920,dpo_water_vapor,total,2.97151184,Gt/yr,krausmann2018,observed
1921,dpo_water_vapor,total,2.836007504,Gt/yr,krausmann2018,observed
1922,dpo_water_vapor,total,2.927653536,Gt/yr,krausmann2018,observed
1923,dpo_water_vapor,total,3.103172578,Gt/yr,krausmann2018,observed
1924,dpo_water_vapor,total,3.118511111,Gt/yr,krausmann2018,observed
1925,dpo_water_vapor,total,3.151782507,Gt/yr,krausmann2018,observed
1926,dpo_water_vapor,total,3.178443786,Gt/yr,krausmann2018,observed
1927,dpo_water_vapor,total,3.287801964,Gt/yr,krausmann2018,observed
1928,dpo_water_vapor,total,3.420024498,Gt/yr,krausmann2018,observed
1929,dpo_water_vapor,total,3.463418371,Gt/yr,krausmann2018,observed
1930,dpo_water_vapor,total,3.379356299,Gt/yr,krausmann2018,observed
1931,dpo_water_vapor,total,3.25145296,Gt/yr,krausmann2018,observed
1932,dpo_water_vapor,total,3.146148605,Gt/yr,krausmann2018,observed
1933,dpo_water_vapor,total,3.216749802,Gt/yr,krausmann2018,observed
1934,dpo_water_vapor,total,3.336034589,Gt/yr,krausmann2018,observed
1935,dpo_water_vapor,total,3.41692398,Gt/yr,krausmann2018,observed
1936,dpo_water_vapor,total,3.568193087,Gt/yr,krausmann2018,observed
1937,dpo_water_vapor,total,3.689081673,Gt/yr,krausmann2018,observed
1938,dpo_water_vapor,total,3.55360673,Gt/yr,krausmann2018,observed
1939,dpo_water_vapor,total,3.727178584,Gt/yr,krausmann2018,observed
1940,dpo_water_vapor,total,3.883208269,Gt/yr,krausmann2018,observed
1941,dpo_water_vapor,total,3.954341305,Gt/yr,krausmann2018,observed
1942,dpo_water_vapor,total,3.984069055,Gt/yr,krausmann2018,observed
1943,dpo_water_vapor,total,4.068833436,Gt/yr,krausmann2018,observed
1944,dpo_water_vapor,total,4.100166116,Gt/yr,krausmann2018,observed
1945,dpo_water_vapor,total,3.831328161,Gt/yr,krausmann2018,observed
1946,dpo_water_vapor,total,3.946431169,Gt/yr,krausmann2018,observed
1947,dpo_water_vapor,total,4.167342924,Gt/yr,krausmann2018,observed
1948,dpo_water_vapor,total,4.307319588,Gt/yr,krausmann2018,observed
1949,dpo_water_vapor,total,4.282630845,Gt/yr,krausmann2018,observed
1950,dpo_water_vapor,total,4.497035529,Gt/yr,krausmann2018,observed
1951,dpo_water_vapor,total,4.696833514,Gt/yr,krausmann2018,observed
1952,dpo_water_vapor,total,4.780763346,Gt/yr,krausmann2018,observed
1953,dpo_water_vapor,total,4.859888341,Gt/yr,krausmann2018,observed
1954,dpo_water_vapor,total,4.94180396,Gt/yr,krausmann2018,observed
1955,dpo_water_vapor,total,5.180938053,Gt/yr,krausmann2018,observed
1956,dpo_water_vapor,total,5.382642634,Gt/yr,krausmann2018,observed
1957,dpo_water_vapor,total,5.545847654,Gt/yr,krausmann2018,observed
1958,dpo_water_vapor,total,5.745130072,Gt/yr,krausmann2018,observed
1959,dpo_water_vapor,total,5.988499625,Gt/yr,krausmann2018,observed
1960,dpo_water_vapor,total,6.28431682,Gt/yr,krausmann2018,observed
1961,dpo_water_vapor,total,6.409544254,Gt/yr,krausmann2018,observed
1962,dpo_water_vapor,total,6.722664406,Gt/yr,krausmann2018,observed
1963,dpo_water_vapor,total,7.098479369,Gt/yr,krausmann2018,observed
1964,dpo_water_vapor,total,7.454595682,Gt/yr,krausmann2018,observed
1965,dpo_water_vapor,total,7.555443502,Gt/yr,krausmann2018,observed
1966,dpo_water_vapor,total,7.911037975,Gt/yr,krausmann2018,observed
1967,dpo_water_vapor,total,8.109333151,Gt/yr,krausmann2018,observed
1968,dpo_water_vapor,total,8.532805467,Gt/yr,krausmann2018,observed
1969,dpo_water_vapor,total,8.890324911,Gt/yr,krausmann2018,observed
1970,dpo_water_vapor,total,9.245322068,Gt/yr,krausmann2018,observed
1971,dpo_water_vapor,total,9.561451137,Gt/yr,krausmann2018,observed
1972,dpo_water_vapor,total,9.89797489,Gt/yr,krausmann2018,observed
1973,dpo_water_vapor,total,10.29979856,Gt/yr,krausmann2018,observed
1974,dpo_water_vapor,total,10.43035603,Gt/yr,krausmann2018,observed
1975,dpo_water_vapor,total,10.45689889,Gt/yr,krausmann2018,observed
1976,dpo_water_vapor,total,10.90443312,Gt/yr,krausmann2018,observed
1977,dpo_water_vapor,total,11.19754628,Gt/yr,krausmann2018,observed
1978,dpo_water_vapor,total,11.39721865,Gt/yr,krausmann2018,observed
1979,dpo_water_vapor,total,11.830166,Gt/yr,krausmann2018,observed
1980,dpo_water_vapor,total,11.86853614,Gt/yr,krausmann2018,observed
1981,dpo_water_vapor,total,11.80378316,Gt/yr,krausmann2018,observed
1982,dpo_water_vapor,total,11.99997785,Gt/yr,krausmann2018,observed
1983,dpo_water_vapor,total,12.0788776,Gt/yr,krausmann2018,observed
1984,dpo_water_vapor,total,12.6145583,Gt/yr,krausmann2018,observed
1985,dpo_water_vapor,total,12.70468893,Gt/yr,krausmann2018,observed
1986,dpo_water_vapor,total,13.00159323,Gt/yr,krausmann2018,observed
1987,dpo_water_vapor,total,13.31327283,Gt/yr,krausmann2018,observed
1988,dpo_water_vapor,total,13.73436039,Gt/yr,krausmann2018,observed
1989,dpo_water_vapor,total,14.00872021,Gt/yr,krausmann2018,observed
1990,dpo_water_vapor,total,14.14575808,Gt/yr,krausmann2018,observed
1991,dpo_water_vapor,total,14.00330924,Gt/yr,krausmann2018,observed
1992,dpo_water_vapor,total,13.96918519,Gt/yr,krausmann2018,observed
1993,dpo_water_vapor,total,14.07398866,Gt/yr,krausmann2018,observed
1994,dpo_water_vapor,total,14.24252463,Gt/yr,krausmann2018,observed
1995,dpo_water_vapor,total,14.80875721,Gt/yr,krausmann2018,observed
1996,dpo_water_vapor,total,15.08629006,Gt/yr,krausmann2018,observed
1997,dpo_water_vapor,total,15.07234601,Gt/yr,krausmann2018,observed
1998,dpo_water_vapor,total,15.3595832,Gt/yr,krausmann2018,observed
1999,dpo_water_vapor,total,15.40135441,Gt/yr,krausmann2018,observed
2000,dpo_water_vapor,total,15.75986288,Gt/yr,krausmann2018,observed
2001,dpo_water_vapor,total,15.9173052,Gt/yr,krausmann2018,observed
2002,dpo_water_vapor,total,15.94640026,Gt/yr,krausmann2018,observed
2003,dpo_water_vapor,total,16.55575682,Gt/yr,krausmann2018,observed
2004,dpo_water_vapor,total,17.03527987,Gt/yr,krausmann2018,observed
2005,dpo_water_vapor,total,17.51591612,Gt/yr,krausmann2018,observed
2006,dpo_water_vapor,total,17.9770236,Gt/yr,krausmann2018,observed
2007,dpo_water_vapor,total,18.29844591,Gt/yr,krausmann2018,observed
2008,dpo_water_vapor,total,18.75912526,Gt/yr,krausmann2018,observed
2009,dpo_water_vapor,total,18.56871443,Gt/yr,krausmann2018,observed
2010,dpo_water_vapor,total,19.3157408,Gt/yr,krausmann2018,observed
2011,dpo_water_vapor,total,19.81972889,Gt/yr,krausmann2018,observed
2012,dpo_water_vapor,total,20.18053848,Gt/yr,krausmann2018,observed
2013,dpo_water_vapor,total,20.44073183,Gt/yr,krausmann2018,observed
2014,dpo_water_vapor,total,20.58624581,Gt/yr,krausmann2018,observed
2015,dpo_water_vapor,total,20.78234629,Gt/yr,krausmann2018,observed
1900,dpostar_dissipative_use,total,0.755822363,Gt/yr,krausmann2018,observed
1901,dpostar_dissipative_use,total,0.7645143278,Gt/yr,krausmann2018,observed
1902,dpostar_dissipative_use,total,0.7768101955,Gt/yr,krausmann2018,observed
1903,dpostar_dissipative_use,total,0.7849146268,Gt/yr,krausmann2018,observed
1904,dpostar_dissipative_use,total,0.7919307801,Gt/yr,krausmann2018,observed
1905,dpostar_dissipative_use,total,0.8013814082,Gt/yr,krausmann2018,observed
1906,dpostar_dissipative_use,total,0.8094723084,Gt/yr,krausmann2018,observed
1907,dpostar_dissipative_use,total,0.8197214065,Gt/yr,krausmann2018,observed
1908,dpostar_dissipative_use,total,0.829604039,Gt/yr,krausmann2018,observed
1909,dpostar_dissipative_use,total,0.838691498,Gt/yr,krausmann2018,observed
1910,dpostar_dissipative_use,total,0.848043089,Gt/yr,krausmann2018,observed
1911,dpostar_dissipative_use,total,0.8566142979,Gt/yr,krausmann2018,observed
1912,dpostar_dissipative_use,total,0.866294281,Gt/yr,krausmann2018,observed
1913,dpostar_dissipative_use,total,0.8757839199,Gt/yr,krausmann2018,observed
1914,dpostar_dissipative_use,total,0.8811268645,Gt/yr,krausmann2018,observed
1915,dpostar_dissipative_use,total,0.8871165859,Gt/yr,krausmann2018,observed
1916,dpostar_dissipative_use,total,0.8978247762,Gt/yr,krausmann2018,observed
1917,dpostar_dissipative_use,total,0.9077801557,Gt/yr,krausmann2018,observed
1918,dpostar_dissipative_use,total,0.9159410834,Gt/yr,krausmann2018,observed
1919,dpostar_dissipative_use,total,0.9256704348,Gt/yr,krausmann2018,observed
1920,dpostar_dissipative_use,total,0.9381375508,Gt/yr,krausmann2018,observed
1921,dpostar_dissipative_use,total,0.9419604574,Gt/yr,krausmann2018,observed
1922,dpostar_dissipative_use,total,0.9565679896,Gt/yr,krausmann2018,observed
1923,dpostar_dissipative_use,total,0.9668843046,Gt/yr,krausmann2018,observed
1924,dpostar_dissipative_use,total,0.9856588365,Gt/yr,krausmann2018,observed
1925,dpostar_dissipative_use,total,0.9973916161,Gt/yr,krausmann2018,observed
1926,dpostar_dissipative_use,total,1.008261517,Gt/yr,krausmann2018,observed
1927,dpostar_dissipative_use,total,1.017768124,Gt/yr,krausmann2018,observed
1928,dpostar_dissipative_use,total,1.027190059,Gt/yr,krausmann2018,observed
1929,dpostar_dissipative_use,total,1.036299002,Gt/yr,krausmann2018,observed
1930,dpostar_dissipative_use,total,1.044503369,Gt/yr,krausmann2018,observed
1931,dpostar_dissipative_use,total,1.047068257,Gt/yr,krausmann2018,observed
1932,dpostar_dissipative_use,total,1.060811347,Gt/yr,krausmann2018,observed
1933,dpostar_dissipative_use,total,1.079817336,Gt/yr,krausmann2018,observed
1934,dpostar_dissipative_use,total,1.094883386,Gt/yr,krausmann2018,observed
1935,dpostar_dissipative_use,total,1.111405066,Gt/yr,krausmann2018,observed
1936,dpostar_dissipative_use,total,1.130540315,Gt/yr,krausmann2018,observed
1937,dpostar_dissipative_use,total,1.140912342,Gt/yr,krausmann2018,observed
1938,dpostar_dissipative_use,total,1.14357798,Gt/yr,krausmann2018,observed
1939,dpostar_dissipative_use,total,1.170029775,Gt/yr,krausmann2018,observed
1940,dpostar_dissipative_use,total,1.189481413,Gt/yr,krausmann2018,observed
1941,dpostar_dissipative_use,total,1.207975467,Gt/yr,krausmann2018,observed
1942,dpostar_dissipative_use,total,1.221201159,Gt/yr,krausmann2018,observed
1943,dpostar_dissipative_use,total,1.237956106,Gt/yr,krausmann2018,observed
1944,dpostar_dissipative_use,total,1.254477314,Gt/yr,krausmann2018,observed
1945,dpostar_dissipative_use,total,1.262850139,Gt/yr,krausmann2018,observed
1946,dpostar_dissipative_use,total,1.285248259,Gt/yr,krausmann2018,observed
1947,dpostar_dissipative_use,total,1.30681873,Gt/yr,krausmann2018,observed
1948,dpostar_dissipative_use,total,1.337093104,Gt/yr,krausmann2018,observed
1949,dpostar_dissipative_use,total,1.346767382,Gt/yr,krausmann2018,observed
1950,dpostar_dissipative_use,total,1.36801894,Gt/yr,krausmann2018,observed
1951,dpostar_dissipative_use,total,1.406768744,Gt/yr,krausmann2018,observed
1952,dpostar_dissipative_use,total,1.43609365,Gt/yr,krausmann2018,observed
1953,dpostar_dissipative_use,total,1.470245386,Gt/yr,krausmann2018,observed
1954,dpostar_dissipative_use,total,1.503029874,Gt/yr,krausmann2018,observed
1955,dpostar_dissipative_use,total,1.547317011,Gt/yr,krausmann2018,observed
1956,dpostar_dissipative_use,total,1.583105907,Gt/yr,krausmann2018,observed
1957,dpostar_dissipative_use,total,1.616903001,Gt/yr,krausmann2018,observed
1958,dpostar_dissipative_use,total,1.650248667,Gt/yr,krausmann2018,observed
1959,dpostar_dissipative_use,total,1.69946376,Gt/yr,krausmann2018,observed
1960,dpostar_dissipative_use,total,1.727062043,Gt/yr,krausmann2018,observed
1961,dpostar_dissipative_use,total,1.756558442,Gt/yr,krausmann2018,observed
1962,dpostar_dissipative_use,total,1.801773626,Gt/yr,krausmann2018,observed
1963,dpostar_dissipative_use,total,1.902406654,Gt/yr,krausmann2018,observed
1964,dpostar_dissipative_use,total,1.952146834,Gt/yr,krausmann2018,observed
1965,dpostar_dissipative_use,total,1.971479469,Gt/yr,krausmann2018,observed
1966,dpostar_dissipative_use,total,2.061604382,Gt/yr,krausmann2018,observed
1967,dpostar_dissipative_use,total,2.130772007,Gt/yr,krausmann2018,observed
1968,dpostar_dissipative_use,total,2.158840249,Gt/yr,krausmann2018,observed
1969,dpostar_dissipative_use,total,2.170978217,Gt/yr,krausmann2018,observed
1970,dpostar_dissipative_use,total,2.229720285,Gt/yr,krausmann2018,observed
1971,dpostar_dissipative_use,total,2.37960858,Gt/yr,krausmann2018,observed
1972,dpostar_dissipative_use,total,2.3438239,Gt/yr,krausmann2018,observed
1973,dpostar_dissipative_use,total,2.459066985,Gt/yr,krausmann2018,observed
1974,dpostar_dissipative_use,total,2.478565422,Gt/yr,krausmann2018,observed
1975,dpostar_dissipative_use,total,2.506868139,Gt/yr,krausmann2018,observed
1976,dpostar_dissipative_use,total,2.608259338,Gt/yr,krausmann2018,observed
1977,dpostar_dissipative_use,total,2.634262482,Gt/yr,krausmann2018,observed
1978,dpostar_dissipative_use,total,2.816773859,Gt/yr,krausmann2018,observed
1979,dpostar_dissipative_use,total,2.786572317,Gt/yr,krausmann2018,observed
1980,dpostar_dissipative_use,total,2.792067226,Gt/yr,krausmann2018,observed
1981,dpostar_dissipative_use,total,2.887244392,Gt/yr,krausmann2018,observed
1982,dpostar_dissipative_use,total,2.895651473,Gt/yr,krausmann2018,observed
1983,dpostar_dissipative_use,total,2.845329915,Gt/yr,krausmann2018,observed
1984,dpostar_dissipative_use,total,3.064792717,Gt/yr,krausmann2018,observed
1985,dpostar_dissipative_use,total,3.172111932,Gt/yr,krausmann2018,observed
1986,dpostar_dissipative_use,total,3.155417153,Gt/yr,krausmann2018,observed
1987,dpostar_dissipative_use,total,3.129858768,Gt/yr,krausmann2018,observed
1988,dpostar_dissipative_use,total,3.178132117,Gt/yr,krausmann2018,observed
1989,dpostar_dissipative_use,total,3.359355373,Gt/yr,krausmann2018,observed
1990,dpostar_dissipative_use,total,3.392301576,Gt/yr,krausmann2018,observed
1991,dpostar_dissipative_use,total,3.348743736,Gt/yr,krausmann2018,observed
1992,dpostar_dissipative_use,total,3.437045831,Gt/yr,krausmann2018,observed
1993,dpostar_dissipative_use,total,3.258263856,Gt/yr,krausmann2018,observed
1994,dpostar_dissipative_use,total,3.352196624,Gt/yr,krausmann2018,observed
1995,dpostar_dissipative_use,total,3.365811879,Gt/yr,krausmann2018,observed
1996,dpostar_dissipative_use,total,3.526032706,Gt/yr,krausmann2018,observed
1997,dpostar_dissipative_use,total,3.451180174,Gt/yr,krausmann2018,observed
1998,dpostar_dissipative_use,total,3.464309164,Gt/yr,krausmann2018,observed
1999,dpostar_dissipative_use,total,3.599702962,Gt/yr,krausmann2018,observed
2000,dpostar_dissipative_use,total,3.440493221,Gt/yr,krausmann2018,observed
2001,dpostar_dissipative_use,total,3.572220538,Gt/yr,krausmann2018,observed
2002,dpostar_dissipative_use,total,3.660804214,Gt/yr,krausmann2018,observed
2003,dpostar_dissipative_use,total,3.737411182,Gt/yr,krausmann2018,observed
2004,dpostar_dissipative_use,total,3.832507012,Gt/yr,krausmann2018,observed
2005,dpostar_dissipative_use,total,4.149165388,Gt/yr,krausmann2018,observed
2006,dpostar_dissipative_use,total,4.273935888,Gt/yr,krausmann2018,observed
2007,dpostar_dissipative_use,total,4.602495723,Gt/yr,krausmann2018,observed
2008,dpostar_dissipative_use,total,4.873311632,Gt/yr,krausmann2018,observed
2009,dpostar_dissipative_use,total,4.994661077,Gt/yr,krausmann2018,observed
2010,dpostar_dissipative_use,total,5.103049097,Gt/yr,krausmann2018,observed
2011,dpostar_dissipative_use,total,5.342654645,Gt/yr,krausmann2018,observed
2012,dpostar_dissipative_use,total,5.552605576,Gt/yr,krausmann2018,observed
2013,dpostar_dissipative_use,total,5.820623493,Gt/yr,krausmann2018,observed
2014,dpostar_dissipative_use,total,6.016070486,Gt/yr,krausmann2018,observed
2015,dpostar_dissipative_use,total,6.123675782,Gt/yr,krausmann2018,observed
1900,dpostar_emissions,total,1.477104095,Gt/yr,krausmann2018,observed
1901,dpostar_emissions,total,1.502820576,Gt/yr,krausmann2018,observed
1902,dpostar_emissions,total,1.525788285,Gt/yr,krausmann2018,observed
1903,dpostar_emissions,total,1.587988157,Gt/yr,krausmann2018,observed
1904,dpostar_emissions,total,1.605786496,Gt/yr,krausmann2018,observed
1905,dpostar_emissions,total,1.649988847,Gt/yr,krausmann2018,observed
1906,dpostar_emissions,total,1.709087273,Gt/yr,krausmann2018,observed
1907,dpostar_emissions,total,1.793167804,Gt/yr,krausmann2018,observed
1908,dpostar_emissions,total,1.769545607,Gt/yr,krausmann2018,observed
1909,dpostar_emissions,total,1.812085548,Gt/yr,krausmann2018,observed
1910,dpostar_emissions,total,1.85828664,Gt/yr,krausmann2018,observed
1911,dpostar_emissions,total,1.889064334,Gt/yr,krausmann2018,observed
1912,dpostar_emissions,total,1.94541794,Gt/yr,krausmann2018,observed
1913,dpostar_emissions,total,2.020550597,Gt/yr,krausmann2018,observed
1914,dpostar_emissions,total,1.943639273,Gt/yr,krausmann2018,observed
1915,dpostar_emissions,total,1.947825922,Gt/yr,krausmann2018,observed
1916,dpostar_emissions,total,2.020452929,Gt/yr,krausmann2018,observed
1917,dpostar_emissions,total,2.080543312,Gt/yr,krausmann2018,observed
1918,dpostar_emissions,total,2.077872109,Gt/yr,krausmann2018,observed
1919,dpostar_emissions,total,1.987123238,Gt/yr,krausmann2018,observed
1920,dpostar_emissions,total,2.127384699,Gt/yr,krausmann2018,observed
1921,dpostar_emissions,total,2.013583192,Gt/yr,krausmann2018,observed
1922,dpostar_emissions,total,2.090862038,Gt/yr,krausmann2018,observed
1923,dpostar_emissions,total,2.224078297,Gt/yr,krausmann2018,observed
1924,dpostar_emissions,total,2.234498574,Gt/yr,krausmann2018,observed
1925,dpostar_emissions,total,2.260560641,Gt/yr,krausmann2018,observed
1926,dpostar_emissions,total,2.277780584,Gt/yr,krausmann2018,observed
1927,dpostar_emissions,total,2.363539212,Gt/yr,krausmann2018,observed
1928,dpostar_emissions,total,2.467785409,Gt/yr,krausmann2018,observed
1929,dpostar_emissions,total,2.487636537,Gt/yr,krausmann2018,observed
1930,dpostar_emissions,total,2.412252876,Gt/yr,krausmann2018,observed
1931,dpostar_emissions,total,2.304741149,Gt/yr,krausmann2018,observed
1932,dpostar_emissions,total,2.213352917,Gt/yr,krausmann2018,observed
1933,dpostar_emissions,total,2.266593747,Gt/yr,krausmann2018,observed
1934,dpostar_emissions,total,2.360664952,Gt/yr,krausmann2018,observed
1935,dpostar_emissions,total,2.425625561,Gt/yr,krausmann2018,observed
1936,dpostar_emissions,total,2.531528069,Gt/yr,krausmann2018,observed
1937,dpostar_emissions,total,2.630257589,Gt/yr,krausmann2018,observed
1938,dpostar_emissions,total,2.521421983,Gt/yr,krausmann2018,observed
1939,dpostar_emissions,total,2.659156789,Gt/yr,krausmann2018,observed
1940,dpostar_emissions,total,2.77481442,Gt/yr,krausmann2018,observed
1941,dpostar_emissions,total,2.830958221,Gt/yr,krausmann2018,observed
1942,dpostar_emissions,total,2.843841026,Gt/yr,krausmann2018,observed
1943,dpostar_emissions,total,2.893134016,Gt/yr,krausmann2018,observed
1944,dpostar_emissions,total,2.897250242,Gt/yr,krausmann2018,observed
1945,dpostar_emissions,total,2.660549679,Gt/yr,krausmann2018,observed
1946,dpostar_emissions,total,2.761661626,Gt/yr,krausmann2018,observed
1947,dpostar_emissions,total,2.931900428,Gt/yr,krausmann2018,observed
1948,dpostar_emissions,total,3.032429934,Gt/yr,krausmann2018,observed
1949,dpostar_emissions,total,3.004381418,Gt/yr,krausmann2018,observed
1950,dpostar_emissions,total,3.158200665,Gt/yr,krausmann2018,observed
1951,dpostar_emissions,total,3.29163571,Gt/yr,krausmann2018,observed
1952,dpostar_emissions,total,3.34424082,Gt/yr,krausmann2018,observed
1953,dpostar_emissions,total,3.398366596,Gt/yr,krausmann2018,observed
1954,dpostar_emissions,total,3.45447519,Gt/yr,krausmann2018,observed
1955,dpostar_emissions,total,3.644228441,Gt/yr,krausmann2018,observed
1956,dpostar_emissions,total,3.789173088,Gt/yr,krausmann2018,observed
1957,dpostar_emissions,total,3.894847051,Gt/yr,krausmann2018,observed
1958,dpostar_emissions,total,4.029352306,Gt/yr,krausmann2018,observed
1959,dpostar_emissions,total,4.19354714,Gt/yr,krausmann2018,observed
1960,dpostar_emissions,total,4.400114544,Gt/yr,krausmann2018,observed
1961,dpostar_emissions,total,4.468590344,Gt/yr,krausmann2018,observed
1962,dpostar_emissions,total,4.67643208,Gt/yr,krausmann2018,observed
1963,dpostar_emissions,total,4.933771865,Gt/yr,krausmann2018,observed
1964,dpostar_emissions,total,5.17454846,Gt/yr,krausmann2018,observed
1965,dpostar_emissions,total,5.204840843,Gt/yr,krausmann2018,observed
1966,dpostar_emissions,total,5.430553377,Gt/yr,krausmann2018,observed
1967,dpostar_emissions,total,5.532403777,Gt/yr,krausmann2018,observed
1968,dpostar_emissions,total,5.810182186,Gt/yr,krausmann2018,observed
1969,dpostar_emissions,total,6.008922766,Gt/yr,krausmann2018,observed
1970,dpostar_emissions,total,6.245229722,Gt/yr,krausmann2018,observed
1971,dpostar_emissions,total,6.45690645,Gt/yr,krausmann2018,observed
1972,dpostar_emissions,total,6.689877744,Gt/yr,krausmann2018,observed
1973,dpostar_emissions,total,6.974673593,Gt/yr,krausmann2018,observed
1974,dpostar_emissions,total,7.04267096,Gt/yr,krausmann2018,observed
1975,dpostar_emissions,total,7.054280534,Gt/yr,krausmann2018,observed
1976,dpostar_emissions,total,7.341080352,Gt/yr,krausmann2018,observed
1977,dpostar_emissions,total,7.568024197,Gt/yr,krausmann2018,observed
1978,dpostar_emissions,total,7.681319371,Gt/yr,krausmann2018,observed
1979,dpostar_emissions,total,7.953118539,Gt/yr,krausmann2018,observed
1980,dpostar_emissions,total,7.930088757,Gt/yr,krausmann2018,observed
1981,dpostar_emissions,total,7.840990677,Gt/yr,krausmann2018,observed
1982,dpostar_emissions,total,7.944200352,Gt/yr,krausmann2018,observed
1983,dpostar_emissions,total,7.990836813,Gt/yr,krausmann2018,observed
1984,dpostar_emissions,total,8.253807483,Gt/yr,krausmann2018,observed
1985,dpostar_emissions,total,8.262037804,Gt/yr,krausmann2018,observed
1986,dpostar_emissions,total,8.47701211,Gt/yr,krausmann2018,observed
1987,dpostar_emissions,total,8.627954557,Gt/yr,krausmann2018,observed
1988,dpostar_emissions,total,8.855333499,Gt/yr,krausmann2018,observed
1989,dpostar_emissions,total,8.95794458,Gt/yr,krausmann2018,observed
1990,dpostar_emissions,total,8.986536024,Gt/yr,krausmann2018,observed
1991,dpostar_emissions,total,8.99520363,Gt/yr,krausmann2018,observed
1992,dpostar_emissions,total,8.885791949,Gt/yr,krausmann2018,observed
1993,dpostar_emissions,total,8.957118173,Gt/yr,krausmann2018,observed
1994,dpostar_emissions,total,9.096171657,Gt/yr,krausmann2018,observed
1995,dpostar_emissions,total,9.281273864,Gt/yr,krausmann2018,observed
1996,dpostar_emissions,total,9.464101723,Gt/yr,krausmann2018,observed
1997,dpostar_emissions,total,9.537095606,Gt/yr,krausmann2018,observed
1998,dpostar_emissions,total,9.593344117,Gt/yr,krausmann2018,observed
1999,dpostar_emissions,total,9.585938728,Gt/yr,krausmann2018,observed
2000,dpostar_emissions,total,9.834194915,Gt/yr,krausmann2018,observed
2001,dpostar_emissions,total,10.04817461,Gt/yr,krausmann2018,observed
2002,dpostar_emissions,total,10.16067051,Gt/yr,krausmann2018,observed
2003,dpostar_emissions,total,10.62853717,Gt/yr,krausmann2018,observed
2004,dpostar_emissions,total,11.12868346,Gt/yr,krausmann2018,observed
2005,dpostar_emissions,total,11.53338907,Gt/yr,krausmann2018,observed
2006,dpostar_emissions,total,11.95591548,Gt/yr,krausmann2018,observed
2007,dpostar_emissions,total,12.24020237,Gt/yr,krausmann2018,observed
2008,dpostar_emissions,total,12.51705865,Gt/yr,krausmann2018,observed
2009,dpostar_emissions,total,12.56193653,Gt/yr,krausmann2018,observed
2010,dpostar_emissions,total,13.08852665,Gt/yr,krausmann2018,observed
2011,dpostar_emissions,total,13.70448827,Gt/yr,krausmann2018,observed
2012,dpostar_emissions,total,13.96487316,Gt/yr,krausmann2018,observed
2013,dpostar_emissions,total,14.25095224,Gt/yr,krausmann2018,observed
2014,dpostar_emissions,total,14.39695869,Gt/yr,krausmann2018,observed
2015,dpostar_emissions,total,14.52915877,Gt/yr,krausmann2018,observed
1900,dpostar_eol_waste,total,0.4873217947,Gt/yr,krausmann2018,observed
1901,dpostar_eol_waste,total,0.4914111556,Gt/yr,krausmann2018,observed
1902,dpostar_eol_waste,total,0.4954359962,Gt/yr,krausmann2018,observed
1903,dpostar_eol_waste,total,0.5020420679,Gt/yr,krausmann2018,observed
1904,dpostar_eol_waste,total,0.5074077143,Gt/yr,krausmann2018,observed
1905,dpostar_eol_waste,total,0.5148187481,Gt/yr,krausmann2018,observed
1906,dpostar_eol_waste,total,0.5208389984,Gt/yr,krausmann2018,observed
1907,dpostar_eol_waste,total,0.5333885735,Gt/yr,krausmann2018,observed
1908,dpostar_eol_waste,total,0.5349066572,Gt/yr,krausmann2018,observed
1909,dpostar_eol_waste,total,0.5452054327,Gt/yr,krausmann2018,observed
1910,dpostar_eol_waste,total,0.5546431522,Gt/yr,krausmann2018,observed
1911,dpostar_eol_waste,total,0.5635154081,Gt/yr,krausmann2018,observed
1912,dpostar_eol_waste,total,0.5717082896,Gt/yr,krausmann2018,observed
1913,dpostar_eol_waste,total,0.5817133566,Gt/yr,krausmann2018,observed
1914,dpostar_eol_waste,total,0.5876317126,Gt/yr,krausmann2018,observed
1915,dpostar_eol_waste,total,0.5966398356,Gt/yr,krausmann2018,observed
1916,dpostar_eol_waste,total,0.6042836254,Gt/yr,krausmann2018,observed
1917,dpostar_eol_waste,total,0.6109785513,Gt/yr,krausmann2018,observed
1918,dpostar_eol_waste,total,0.6157805182,Gt/yr,krausmann2018,observed
1919,dpostar_eol_waste,total,0.62128949,Gt/yr,krausmann2018,observed
1920,dpostar_eol_waste,total,0.625457478,Gt/yr,krausmann2018,observed
1921,dpostar_eol_waste,total,0.6320743705,Gt/yr,krausmann2018,observed
1922,dpostar_eol_waste,total,0.6444018103,Gt/yr,krausmann2018,observed
1923,dpostar_eol_waste,total,0.6552863912,Gt/yr,krausmann2018,observed
1924,dpostar_eol_waste,total,0.6634537883,Gt/yr,krausmann2018,observed
1925,dpostar_eol_waste,total,0.6781587653,Gt/yr,krausmann2018,observed
1926,dpostar_eol_waste,total,0.6888920036,Gt/yr,krausmann2018,observed
1927,dpostar_eol_waste,total,0.703411009,Gt/yr,krausmann2018,observed
1928,dpostar_eol_waste,total,0.7203582976,Gt/yr,krausmann2018,observed
1929,dpostar_eol_waste,total,0.7360525595,Gt/yr,krausmann2018,observed
1930,dpostar_eol_waste,total,0.7484695961,Gt/yr,krausmann2018,observed
1931,dpostar_eol_waste,total,0.762310768,Gt/yr,krausmann2018,observed
1932,dpostar_eol_waste,total,0.7729026481,Gt/yr,krausmann2018,observed
1933,dpostar_eol_waste,total,0.7861672736,Gt/yr,krausmann2018,observed
1934,dpostar_eol_waste,total,0.8048346749,Gt/yr,krausmann2018,observed
1935,dpostar_eol_waste,total,0.8206972583,Gt/yr,krausmann2018,observed
1936,dpostar_eol_waste,total,0.8414955182,Gt/yr,krausmann2018,observed
1937,dpostar_eol_waste,total,0.8619229629,Gt/yr,krausmann2018,observed
1938,dpostar_eol_waste,total,0.8765154682,Gt/yr,krausmann2018,observed
1939,dpostar_eol_waste,total,0.8985017531,Gt/yr,krausmann2018,observed
1940,dpostar_eol_waste,total,0.921361077,Gt/yr,krausmann2018,observed
1941,dpostar_eol_waste,total,0.9402441412,Gt/yr,krausmann2018,observed
1942,dpostar_eol_waste,total,0.9630821951,Gt/yr,krausmann2018,observed
1943,dpostar_eol_waste,total,0.9824686868,Gt/yr,krausmann2018,observed
1944,dpostar_eol_waste,total,0.9996652251,Gt/yr,krausmann2018,observed
1945,dpostar_eol_waste,total,1.011206124,Gt/yr,krausmann2018,observed
1946,dpostar_eol_waste,total,1.027431527,Gt/yr,krausmann2018,observed
1947,dpostar_eol_waste,total,1.051068558,Gt/yr,krausmann2018,observed
1948,dpostar_eol_waste,total,1.073570107,Gt/yr,krausmann2018,observed
1949,dpostar_eol_waste,total,1.098021891,Gt/yr,krausmann2018,observed
1950,dpostar_eol_waste,total,1.125888312,Gt/yr,krausmann2018,observed
1951,dpostar_eol_waste,total,1.160662861,Gt/yr,krausmann2018,observed
1952,dpostar_eol_waste,total,1.193867911,Gt/yr,krausmann2018,observed
1953,dpostar_eol_waste,total,1.227355428,Gt/yr,krausmann2018,observed
1954,dpostar_eol_waste,total,1.270359104,Gt/yr,krausmann2018,observed
1955,dpostar_eol_waste,total,1.30236997,Gt/yr,krausmann2018,observed
1956,dpostar_eol_waste,total,1.347795793,Gt/yr,krausmann2018,observed
1957,dpostar_eol_waste,total,1.394114674,Gt/yr,krausmann2018,observed
1958,dpostar_eol_waste,total,1.435978378,Gt/yr,krausmann2018,observed
1959,dpostar_eol_waste,total,1.488702867,Gt/yr,krausmann2018,observed
1960,dpostar_eol_waste,total,1.543425646,Gt/yr,krausmann2018,observed
1961,dpostar_eol_waste,total,1.592607324,Gt/yr,krausmann2018,observed
1962,dpostar_eol_waste,total,1.649431487,Gt/yr,krausmann2018,observed
1963,dpostar_eol_waste,total,1.712505423,Gt/yr,krausmann2018,observed
1964,dpostar_eol_waste,total,1.775340652,Gt/yr,krausmann2018,observed
1965,dpostar_eol_waste,total,1.850713675,Gt/yr,krausmann2018,observed
1966,dpostar_eol_waste,total,1.925542186,Gt/yr,krausmann2018,observed
1967,dpostar_eol_waste,total,1.993685981,Gt/yr,krausmann2018,observed
1968,dpostar_eol_waste,total,2.079490804,Gt/yr,krausmann2018,observed
1969,dpostar_eol_waste,total,2.177407216,Gt/yr,krausmann2018,observed
1970,dpostar_eol_waste,total,2.266750034,Gt/yr,krausmann2018,observed
1971,dpostar_eol_waste,total,2.351443369,Gt/yr,krausmann2018,observed
1972,dpostar_eol_waste,total,2.440055533,Gt/yr,krausmann2018,observed
1973,dpostar_eol_waste,total,2.547098727,Gt/yr,krausmann2018,observed
1974,dpostar_eol_waste,total,2.648928424,Gt/yr,krausmann2018,observed
1975,dpostar_eol_waste,total,2.750831687,Gt/yr,krausmann2018,observed
1976,dpostar_eol_waste,total,2.840455706,Gt/yr,krausmann2018,observed
1977,dpostar_eol_waste,total,2.939636817,Gt/yr,krausmann2018,observed
1978,dpostar_eol_waste,total,3.053051574,Gt/yr,krausmann2018,observed
1979,dpostar_eol_waste,total,3.176953376,Gt/yr,krausmann2018,observed
1980,dpostar_eol_waste,total,3.281712003,Gt/yr,krausmann2018,observed
1981,dpostar_eol_waste,total,3.38718401,Gt/yr,krausmann2018,observed
1982,dpostar_eol_waste,total,3.493223053,Gt/yr,krausmann2018,observed
1983,dpostar_eol_waste,total,3.590110484,Gt/yr,krausmann2018,observed
1984,dpostar_eol_waste,total,3.708952842,Gt/yr,krausmann2018,observed
1985,dpostar_eol_waste,total,3.827697251,Gt/yr,krausmann2018,observed
1986,dpostar_eol_waste,total,3.94505193,Gt/yr,krausmann2018,observed
1987,dpostar_eol_waste,total,4.071429534,Gt/yr,krausmann2018,observed
1988,dpostar_eol_waste,total,4.207580613,Gt/yr,krausmann2018,observed
1989,dpostar_eol_waste,total,4.35259899,Gt/yr,krausmann2018,observed
1990,dpostar_eol_waste,total,4.491725028,Gt/yr,krausmann2018,observed
1991,dpostar_eol_waste,total,4.618765286,Gt/yr,krausmann2018,observed
1992,dpostar_eol_waste,total,4.74492195,Gt/yr,krausmann2018,observed
1993,dpostar_eol_waste,total,4.882954745,Gt/yr,krausmann2018,observed
1994,dpostar_eol_waste,total,5.040715219,Gt/yr,krausmann2018,observed
1995,dpostar_eol_waste,total,5.233520941,Gt/yr,krausmann2018,observed
1996,dpostar_eol_waste,total,5.405007094,Gt/yr,krausmann2018,observed
1997,dpostar_eol_waste,total,5.585994484,Gt/yr,krausmann2018,observed
1998,dpostar_eol_waste,total,5.766750176,Gt/yr,krausmann2018,observed
1999,dpostar_eol_waste,total,5.940754455,Gt/yr,krausmann2018,observed
2000,dpostar_eol_waste,total,6.122187514,Gt/yr,krausmann2018,observed
2001,dpostar_eol_waste,total,6.301619487,Gt/yr,krausmann2018,observed
2002,dpostar_eol_waste,total,6.505203475,Gt/yr,krausmann2018,observed
2003,dpostar_eol_waste,total,6.703938999,Gt/yr,krausmann2018,observed
2004,dpostar_eol_waste,total,6.931863962,Gt/yr,krausmann2018,observed
2005,dpostar_eol_waste,total,7.157488893,Gt/yr,krausmann2018,observed
2006,dpostar_eol_waste,total,7.416640228,Gt/yr,krausmann2018,observed
2007,dpostar_eol_waste,total,7.723306849,Gt/yr,krausmann2018,observed
2008,dpostar_eol_waste,total,8.007988634,Gt/yr,krausmann2018,observed
2009,dpostar_eol_waste,total,8.312187333,Gt/yr,krausmann2018,observed
2010,dpostar_eol_waste,total,8.620245206,Gt/yr,krausmann2018,observed
2011,dpostar_eol_waste,total,9.007069021,Gt/yr,krausmann2018,observed
2012,dpostar_eol_waste,total,9.37655709,Gt/yr,krausmann2018,observed
2013,dpostar_eol_waste,total,9.762591724,Gt/yr,krausmann2018,observed
2014,dpostar_eol_waste,total,10.16072083,Gt/yr,krausmann2018,observed
2015,dpostar_eol_waste,total,10.52371851,Gt/yr,krausmann2018,observed
1900,dpostar_excrements,total,1.765654863,Gt/yr,krausmann2018,observed
1901,dpostar_excrements,total,1.781711193,Gt/yr,krausmann2018,observed
1902,dpostar_excrements,total,1.797767462,Gt/yr,krausmann2018,observed
1903,dpostar_excrements,total,1.81382367,Gt/yr,krausmann2018,observed
1904,dpostar_excrements,total,1.829879816,Gt/yr,krausmann2018,observed
1905,dpostar_excrements,total,1.845935901,Gt/yr,krausmann2018,observed
1906,dpostar_excrements,total,1.861991924,Gt/yr,krausmann2018,observed
1907,dpostar_excrements,total,1.878047886,Gt/yr,krausmann2018,observed
1908,dpostar_excrements,total,1.894103786,Gt/yr,krausmann2018,observed
1909,dpostar_excrements,total,1.910159625,Gt/yr,krausmann2018,observed
1910,dpostar_excrements,total,1.926215402,Gt/yr,krausmann2018,observed
1911,dpostar_excrements,total,1.949015905,Gt/yr,krausmann2018,observed
1912,dpostar_excrements,total,1.97183847,Gt/yr,krausmann2018,observed
1913,dpostar_excrements,total,1.994683095,Gt/yr,krausmann2018,observed
1914,dpostar_excrements,total,2.01750235,Gt/yr,krausmann2018,observed
1915,dpostar_excrements,total,2.040391098,Gt/yr,krausmann2018,observed
1916,dpostar_excrements,total,2.063301908,Gt/yr,krausmann2018,observed
1917,dpostar_excrements,total,2.086234779,Gt/yr,krausmann2018,observed
1918,dpostar_excrements,total,2.109189711,Gt/yr,krausmann2018,observed
1919,dpostar_excrements,total,2.132166704,Gt/yr,krausmann2018,observed
1920,dpostar_excrements,total,2.155165759,Gt/yr,krausmann2018,observed
1921,dpostar_excrements,total,2.180336415,Gt/yr,krausmann2018,observed
1922,dpostar_excrements,total,2.205529238,Gt/yr,krausmann2018,observed
1923,dpostar_excrements,total,2.23074423,Gt/yr,krausmann2018,observed
1924,dpostar_excrements,total,2.25598139,Gt/yr,krausmann2018,observed
1925,dpostar_excrements,total,2.281240719,Gt/yr,krausmann2018,observed
1926,dpostar_excrements,total,2.306522215,Gt/yr,krausmann2018,observed
1927,dpostar_excrements,total,2.33182588,Gt/yr,krausmann2018,observed
1928,dpostar_excrements,total,2.357151713,Gt/yr,krausmann2018,observed
1929,dpostar_excrements,total,2.382499714,Gt/yr,krausmann2018,observed
1930,dpostar_excrements,total,2.407869883,Gt/yr,krausmann2018,observed
1931,dpostar_excrements,total,2.41966953,Gt/yr,krausmann2018,observed
1932,dpostar_excrements,total,2.431165644,Gt/yr,krausmann2018,observed
1933,dpostar_excrements,total,2.442661262,Gt/yr,krausmann2018,observed
1934,dpostar_excrements,total,2.454156385,Gt/yr,krausmann2018,observed
1935,dpostar_excrements,total,2.465651012,Gt/yr,krausmann2018,observed
1936,dpostar_excrements,total,2.477145144,Gt/yr,krausmann2018,observed
1937,dpostar_excrements,total,2.48863878,Gt/yr,krausmann2018,observed
1938,dpostar_excrements,total,2.500131921,Gt/yr,krausmann2018,observed
1939,dpostar_excrements,total,2.511624566,Gt/yr,krausmann2018,observed
1940,dpostar_excrements,total,2.523116715,Gt/yr,krausmann2018,observed
1941,dpostar_excrements,total,2.534728641,Gt/yr,krausmann2018,observed
1942,dpostar_excrements,total,2.546339785,Gt/yr,krausmann2018,observed
1943,dpostar_excrements,total,2.557950148,Gt/yr,krausmann2018,observed
1944,dpostar_excrements,total,2.569559728,Gt/yr,krausmann2018,observed
1945,dpostar_excrements,total,2.581168527,Gt/yr,krausmann2018,observed
1946,dpostar_excrements,total,2.592776543,Gt/yr,krausmann2018,observed
1947,dpostar_excrements,total,2.604383778,Gt/yr,krausmann2018,observed
1948,dpostar_excrements,total,2.615990231,Gt/yr,krausmann2018,observed
1949,dpostar_excrements,total,2.627595902,Gt/yr,krausmann2018,observed
1950,dpostar_excrements,total,2.639200791,Gt/yr,krausmann2018,observed
1951,dpostar_excrements,total,2.68096063,Gt/yr,krausmann2018,observed
1952,dpostar_excrements,total,2.725140433,Gt/yr,krausmann2018,observed
1953,dpostar_excrements,total,2.769472929,Gt/yr,krausmann2018,observed
1954,dpostar_excrements,total,2.814076842,Gt/yr,krausmann2018,observed
1955,dpostar_excrements,total,2.859048227,Gt/yr,krausmann2018,observed
1956,dpostar_excrements,total,2.904455471,Gt/yr,krausmann2018,observed
1957,dpostar_excrements,total,2.950357471,Gt/yr,krausmann2018,observed
1958,dpostar_excrements,total,2.996779466,Gt/yr,krausmann2018,observed
1959,dpostar_excrements,total,3.043734148,Gt/yr,krausmann2018,observed
1960,dpostar_excrements,total,3.091228173,Gt/yr,krausmann2018,observed
1961,dpostar_excrements,total,3.164320217,Gt/yr,krausmann2018,observed
1962,dpostar_excrements,total,3.199055183,Gt/yr,krausmann2018,observed
1963,dpostar_excrements,total,3.266795169,Gt/yr,krausmann2018,observed
1964,dpostar_excrements,total,3.403934023,Gt/yr,krausmann2018,observed
1965,dpostar_excrements,total,3.561331852,Gt/yr,krausmann2018,observed
1966,dpostar_excrements,total,3.654642388,Gt/yr,krausmann2018,observed
1967,dpostar_excrements,total,3.750448955,Gt/yr,krausmann2018,observed
1968,dpostar_excrements,total,3.854173117,Gt/yr,krausmann2018,observed
1969,dpostar_excrements,total,3.947025918,Gt/yr,krausmann2018,observed
1970,dpostar_excrements,total,4.090492928,Gt/yr,krausmann2018,observed
1971,dpostar_excrements,total,4.095105841,Gt/yr,krausmann2018,observed
1972,dpostar_excrements,total,4.210128719,Gt/yr,krausmann2018,observed
1973,dpostar_excrements,total,4.315067079,Gt/yr,krausmann2018,observed
1974,dpostar_excrements,total,4.405889456,Gt/yr,krausmann2018,observed
1975,dpostar_excrements,total,4.436585055,Gt/yr,krausmann2018,observed
1976,dpostar_excrements,total,4.488247736,Gt/yr,krausmann2018,observed
1977,dpostar_excrements,total,4.597075303,Gt/yr,krausmann2018,observed
1978,dpostar_excrements,total,4.646836987,Gt/yr,krausmann2018,observed
1979,dpostar_excrements,total,4.743893908,Gt/yr,krausmann2018,observed
1980,dpostar_excrements,total,4.753381855,Gt/yr,krausmann2018,observed
1981,dpostar_excrements,total,4.816203617,Gt/yr,krausmann2018,observed
1982,dpostar_excrements,total,4.930650927,Gt/yr,krausmann2018,observed
1983,dpostar_excrements,total,5.06117485,Gt/yr,krausmann2018,observed
1984,dpostar_excrements,total,5.080873425,Gt/yr,krausmann2018,observed
1985,dpostar_excrements,total,5.108293959,Gt/yr,krausmann2018,observed
1986,dpostar_excrements,total,5.228016119,Gt/yr,krausmann2018,observed
1987,dpostar_excrements,total,5.387710138,Gt/yr,krausmann2018,observed
1988,dpostar_excrements,total,5.457449248,Gt/yr,krausmann2018,observed
1989,dpostar_excrements,total,5.502816867,Gt/yr,krausmann2018,observed
1990,dpostar_excrements,total,5.55265753,Gt/yr,krausmann2018,observed
1991,dpostar_excrements,total,5.601790845,Gt/yr,krausmann2018,observed
1992,dpostar_excrements,total,5.602503915,Gt/yr,krausmann2018,observed
1993,dpostar_excrements,total,5.690033824,Gt/yr,krausmann2018,observed
1994,dpostar_excrements,total,5.704004924,Gt/yr,krausmann2018,observed
1995,dpostar_excrements,total,5.867898323,Gt/yr,krausmann2018,observed
1996,dpostar_excrements,total,5.902833792,Gt/yr,krausmann2018,observed
1997,dpostar_excrements,total,5.883242816,Gt/yr,krausmann2018,observed
1998,dpostar_excrements,total,5.939847168,Gt/yr,krausmann2018,observed
1999,dpostar_excrements,total,6.097274751,Gt/yr,krausmann2018,observed
2000,dpostar_excrements,total,6.272534318,Gt/yr,krausmann2018,observed
2001,dpostar_excrements,total,6.314905008,Gt/yr,krausmann2018,observed
2002,dpostar_excrements,total,6.530527709,Gt/yr,krausmann2018,observed
2003,dpostar_excrements,total,6.568312671,Gt/yr,krausmann2018,observed
2004,dpostar_excrements,total,6.620664112,Gt/yr,krausmann2018,observed
2005,dpostar_excrements,total,6.751517269,Gt/yr,krausmann2018,observed
2006,dpostar_excrements,total,6.958544675,Gt/yr,krausmann2018,observed
2007,dpostar_excrements,total,7.11600003,Gt/yr,krausmann2018,observed
2008,dpostar_excrements,total,7.161369226,Gt/yr,krausmann2018,observed
2009,dpostar_excrements,total,7.23501696,Gt/yr,krausmann2018,observed
2010,dpostar_excrements,total,7.368212953,Gt/yr,krausmann2018,observed
2011,dpostar_excrements,total,7.487760692,Gt/yr,krausmann2018,observed
2012,dpostar_excrements,total,7.551707817,Gt/yr,krausmann2018,observed
2013,dpostar_excrements,total,7.518978255,Gt/yr,krausmann2018,observed
2014,dpostar_excrements,total,7.584094345,Gt/yr,krausmann2018,observed
2015,dpostar_excrements,total,7.677329152,Gt/yr,krausmann2018,observed
1900,dpostar_processing_waste,total,0.5372328727,Gt/yr,krausmann2018,observed
1901,dpostar_processing_waste,total,0.5561705205,Gt/yr,krausmann2018,observed
1902,dpostar_processing_waste,total,0.5727306226,Gt/yr,krausmann2018,observed
1903,dpostar_processing_waste,total,0.5999442847,Gt/yr,krausmann2018,observed
1904,dpostar_processing_waste,total,0.6163325255,Gt/yr,krausmann2018,observed
1905,dpostar_processing_waste,total,0.649371874,Gt/yr,krausmann2018,observed
1906,dpostar_processing_waste,total,0.6698262226,Gt/yr,krausmann2018,observed
1907,dpostar_processing_waste,total,0.7124853198,Gt/yr,krausmann2018,observed
1908,dpostar_processing_waste,total,0.7140649621,Gt/yr,krausmann2018,observed
1909,dpostar_processing_waste,total,0.7447914144,Gt/yr,krausmann2018,observed
1910,dpostar_processing_waste,total,0.7767332574,Gt/yr,krausmann2018,observed
1911,dpostar_processing_waste,total,0.7908962716,Gt/yr,krausmann2018,observed
1912,dpostar_processing_waste,total,0.8282701878,Gt/yr,krausmann2018,observed
1913,dpostar_processing_waste,total,0.867282475,Gt/yr,krausmann2018,observed
1914,dpostar_processing_waste,total,0.819993859,Gt/yr,krausmann2018,observed
1915,dpostar_processing_waste,total,0.8305010185,Gt/yr,krausmann2018,observed
1916,dpostar_processing_waste,total,0.8807403658,Gt/yr,krausmann2018,observed
1917,dpostar_processing_waste,total,0.9026206221,Gt/yr,krausmann2018,observed
1918,dpostar_processing_waste,total,0.8965154656,Gt/yr,krausmann2018,observed
1919,dpostar_processing_waste,total,0.8438107235,Gt/yr,krausmann2018,observed
1920,dpostar_processing_waste,total,0.8878378251,Gt/yr,krausmann2018,observed
1921,dpostar_processing_waste,total,0.8104971177,Gt/yr,krausmann2018,observed
1922,dpostar_processing_waste,total,0.8694944654,Gt/yr,krausmann2018,observed
1923,dpostar_processing_waste,total,0.9358913872,Gt/yr,krausmann2018,observed
1924,dpostar_processing_waste,total,0.9500872757,Gt/yr,krausmann2018,observed
1925,dpostar_processing_waste,total,0.9840544021,Gt/yr,krausmann2018,observed
1926,dpostar_processing_waste,total,0.9916010749,Gt/yr,krausmann2018,observed
1927,dpostar_processing_waste,total,1.0240649,Gt/yr,krausmann2018,observed
1928,dpostar_processing_waste,total,1.070472713,Gt/yr,krausmann2018,observed
1929,dpostar_processing_waste,total,1.102933463,Gt/yr,krausmann2018,observed
1930,dpostar_processing_waste,total,1.055187498,Gt/yr,krausmann2018,observed
1931,dpostar_processing_waste,total,0.9706842163,Gt/yr,krausmann2018,observed
1932,dpostar_processing_waste,total,0.8798772102,Gt/yr,krausmann2018,observed
1933,dpostar_processing_waste,total,0.9062622394,Gt/yr,krausmann2018,observed
1934,dpostar_processing_waste,total,0.9716436279,Gt/yr,krausmann2018,observed
1935,dpostar_processing_waste,total,1.01567645,Gt/yr,krausmann2018,observed
1936,dpostar_processing_waste,total,1.08244774,Gt/yr,krausmann2018,observed
1937,dpostar_processing_waste,total,1.173544078,Gt/yr,krausmann2018,observed
1938,dpostar_processing_waste,total,1.109024186,Gt/yr,krausmann2018,observed
1939,dpostar_processing_waste,total,1.15427095,Gt/yr,krausmann2018,observed
1940,dpostar_processing_waste,total,1.215505284,Gt/yr,krausmann2018,observed
1941,dpostar_processing_waste,total,1.243266122,Gt/yr,krausmann2018,observed
1942,dpostar_processing_waste,total,1.214202263,Gt/yr,krausmann2018,observed
1943,dpostar_processing_waste,total,1.230688784,Gt/yr,krausmann2018,observed
1944,dpostar_processing_waste,total,1.165038105,Gt/yr,krausmann2018,observed
1945,dpostar_processing_waste,total,1.061824324,Gt/yr,krausmann2018,observed
1946,dpostar_processing_waste,total,1.058507763,Gt/yr,krausmann2018,observed
1947,dpostar_processing_waste,total,1.142240424,Gt/yr,krausmann2018,observed
1948,dpostar_processing_waste,total,1.195755338,Gt/yr,krausmann2018,observed
1949,dpostar_processing_waste,total,1.188822321,Gt/yr,krausmann2018,observed
1950,dpostar_processing_waste,total,1.255112697,Gt/yr,krausmann2018,observed
1951,dpostar_processing_waste,total,1.329984698,Gt/yr,krausmann2018,observed
1952,dpostar_processing_waste,total,1.375909325,Gt/yr,krausmann2018,observed
1953,dpostar_processing_waste,total,1.442010943,Gt/yr,krausmann2018,observed
1954,dpostar_processing_waste,total,1.510116018,Gt/yr,krausmann2018,observed
1955,dpostar_processing_waste,total,1.568491241,Gt/yr,krausmann2018,observed
1956,dpostar_processing_waste,total,1.64830393,Gt/yr,krausmann2018,observed
1957,dpostar_processing_waste,total,1.711437397,Gt/yr,krausmann2018,observed
1958,dpostar_processing_waste,total,1.695527744,Gt/yr,krausmann2018,observed
1959,dpostar_processing_waste,total,1.783520893,Gt/yr,krausmann2018,observed
1960,dpostar_processing_waste,total,1.918492567,Gt/yr,krausmann2018,observed
1961,dpostar_processing_waste,total,1.934104584,Gt/yr,krausmann2018,observed
1962,dpostar_processing_waste,total,2.005689207,Gt/yr,krausmann2018,observed
1963,dpostar_processing_waste,total,2.030273892,Gt/yr,krausmann2018,observed
1964,dpostar_processing_waste,total,2.204168672,Gt/yr,krausmann2018,observed
1965,dpostar_processing_waste,total,2.144143186,Gt/yr,krausmann2018,observed
1966,dpostar_processing_waste,total,2.297726478,Gt/yr,krausmann2018,observed
1967,dpostar_processing_waste,total,2.400957708,Gt/yr,krausmann2018,observed
1968,dpostar_processing_waste,total,2.481741393,Gt/yr,krausmann2018,observed
1969,dpostar_processing_waste,total,2.483515221,Gt/yr,krausmann2018,observed
1970,dpostar_processing_waste,total,2.640621836,Gt/yr,krausmann2018,observed
1971,dpostar_processing_waste,total,2.796525983,Gt/yr,krausmann2018,observed
1972,dpostar_processing_waste,total,2.696509035,Gt/yr,krausmann2018,observed
1973,dpostar_processing_waste,total,2.979304653,Gt/yr,krausmann2018,observed
1974,dpostar_processing_waste,total,3.062980156,Gt/yr,krausmann2018,observed
1975,dpostar_processing_waste,total,3.153706434,Gt/yr,krausmann2018,observed
1976,dpostar_processing_waste,total,3.324897394,Gt/yr,krausmann2018,observed
1977,dpostar_processing_waste,total,3.28194835,Gt/yr,krausmann2018,observed
1978,dpostar_processing_waste,total,3.433001724,Gt/yr,krausmann2018,observed
1979,dpostar_processing_waste,total,3.411004216,Gt/yr,krausmann2018,observed
1980,dpostar_processing_waste,total,3.417563547,Gt/yr,krausmann2018,observed
1981,dpostar_processing_waste,total,3.562652206,Gt/yr,krausmann2018,observed
1982,dpostar_processing_waste,total,3.577769234,Gt/yr,krausmann2018,observed
1983,dpostar_processing_waste,total,3.322975712,Gt/yr,krausmann2018,observed
1984,dpostar_processing_waste,total,3.753182249,Gt/yr,krausmann2018,observed
1985,dpostar_processing_waste,total,3.84019952,Gt/yr,krausmann2018,observed
1986,dpostar_processing_waste,total,3.855707077,Gt/yr,krausmann2018,observed
1987,dpostar_processing_waste,total,3.855980818,Gt/yr,krausmann2018,observed
1988,dpostar_processing_waste,total,3.984618173,Gt/yr,krausmann2018,observed
1989,dpostar_processing_waste,total,4.307246882,Gt/yr,krausmann2018,observed
1990,dpostar_processing_waste,total,4.446567653,Gt/yr,krausmann2018,observed
1991,dpostar_processing_waste,total,4.290672663,Gt/yr,krausmann2018,observed
1992,dpostar_processing_waste,total,4.372505295,Gt/yr,krausmann2018,observed
1993,dpostar_processing_waste,total,4.206826582,Gt/yr,krausmann2018,observed
1994,dpostar_processing_waste,total,4.328066176,Gt/yr,krausmann2018,observed
1995,dpostar_processing_waste,total,4.476000038,Gt/yr,krausmann2018,observed
1996,dpostar_processing_waste,total,4.813461465,Gt/yr,krausmann2018,observed
1997,dpostar_processing_waste,total,4.984066991,Gt/yr,krausmann2018,observed
1998,dpostar_processing_waste,total,5.088163768,Gt/yr,krausmann2018,observed
1999,dpostar_processing_waste,total,5.126272392,Gt/yr,krausmann2018,observed
2000,dpostar_processing_waste,total,5.230877426,Gt/yr,krausmann2018,observed
2001,dpostar_processing_waste,total,5.221283133,Gt/yr,krausmann2018,observed
2002,dpostar_processing_waste,total,5.15073509,Gt/yr,krausmann2018,observed
2003,dpostar_processing_waste,total,5.390563096,Gt/yr,krausmann2018,observed
2004,dpostar_processing_waste,total,6.037191273,Gt/yr,krausmann2018,observed
2005,dpostar_processing_waste,total,6.298438488,Gt/yr,krausmann2018,observed
2006,dpostar_processing_waste,total,6.485038085,Gt/yr,krausmann2018,observed
2007,dpostar_processing_waste,total,6.981827073,Gt/yr,krausmann2018,observed
2008,dpostar_processing_waste,total,7.499491199,Gt/yr,krausmann2018,observed
2009,dpostar_processing_waste,total,7.464857278,Gt/yr,krausmann2018,observed
2010,dpostar_processing_waste,total,7.894865897,Gt/yr,krausmann2018,observed
2011,dpostar_processing_waste,total,8.696538726,Gt/yr,krausmann2018,observed
2012,dpostar_processing_waste,total,8.635637318,Gt/yr,krausmann2018,observed
2013,dpostar_processing_waste,total,9.332711964,Gt/yr,krausmann2018,observed
2014,dpostar_processing_waste,total,9.493786269,Gt/yr,krausmann2018,observed
2015,dpostar_processing_waste,total,9.446594364,Gt/yr,krausmann2018,observed
1900,dpostar_water_vapor,total,1.804580248,Gt/yr,krausmann2018,observed
1901,dpostar_water_vapor,total,1.829478037,Gt/yr,krausmann2018,observed
1902,dpostar_water_vapor,total,1.851377069,Gt/yr,krausmann2018,observed
1903,dpostar_water_vapor,total,1.901869212,Gt/yr,krausmann2018,observed
1904,dpostar_water_vapor,total,1.919849186,Gt/yr,krausmann2018,observed
1905,dpostar_water_vapor,total,1.956617191,Gt/yr,krausmann2018,observed
1906,dpostar_water_vapor,total,2.005739317,Gt/yr,krausmann2018,observed
1907,dpostar_water_vapor,total,2.067389873,Gt/yr,krausmann2018,observed
1908,dpostar_water_vapor,total,2.058672764,Gt/yr,krausmann2018,observed
1909,dpostar_water_vapor,total,2.095256008,Gt/yr,krausmann2018,observed
1910,dpostar_water_vapor,total,2.132518271,Gt/yr,krausmann2018,observed
1911,dpostar_water_vapor,total,2.161833037,Gt/yr,krausmann2018,observed
1912,dpostar_water_vapor,total,2.210003423,Gt/yr,krausmann2018,observed
1913,dpostar_water_vapor,total,2.270114774,Gt/yr,krausmann2018,observed
1914,dpostar_water_vapor,total,2.226059624,Gt/yr,krausmann2018,observed
1915,dpostar_water_vapor,total,2.237165841,Gt/yr,krausmann2018,observed
1916,dpostar_water_vapor,total,2.297665762,Gt/yr,krausmann2018,observed
1917,dpostar_water_vapor,total,2.344960421,Gt/yr,krausmann2018,observed
1918,dpostar_water_vapor,total,2.355138544,Gt/yr,krausmann2018,observed
1919,dpostar_water_vapor,total,2.299065151,Gt/yr,krausmann2018,observed
1920,dpostar_water_vapor,total,2.393868512,Gt/yr,krausmann2018,observed
1921,dpostar_water_vapor,total,2.324660544,Gt/yr,krausmann2018,observed
1922,dpostar_water_vapor,total,2.376068278,Gt/yr,krausmann2018,observed
1923,dpostar_water_vapor,total,2.469783588,Gt/yr,krausmann2018,observed
1924,dpostar_water_vapor,total,2.48278017,Gt/yr,krausmann2018,observed
1925,dpostar_water_vapor,total,2.506464346,Gt/yr,krausmann2018,observed
1926,dpostar_water_vapor,total,2.52468155,Gt/yr,krausmann2018,observed
1927,dpostar_water_vapor,total,2.582499774,Gt/yr,krausmann2018,observed
1928,dpostar_water_vapor,total,2.659887585,Gt/yr,krausmann2018,observed
1929,dpostar_water_vapor,total,2.674143082,Gt/yr,krausmann2018,observed
1930,dpostar_water_vapor,total,2.636624175,Gt/yr,krausmann2018,observed
1931,dpostar_water_vapor,total,2.577003022,Gt/yr,krausmann2018,observed
1932,dpostar_water_vapor,total,2.52689358,Gt/yr,krausmann2018,observed
1933,dpostar_water_vapor,total,2.564621961,Gt/yr,krausmann2018,observed
1934,dpostar_water_vapor,total,2.627554457,Gt/yr,krausmann2018,observed
1935,dpostar_water_vapor,total,2.667837976,Gt/yr,krausmann2018,observed
1936,dpostar_water_vapor,total,2.740283053,Gt/yr,krausmann2018,observed
1937,dpostar_water_vapor,total,2.793119069,Gt/yr,krausmann2018,observed
1938,dpostar_water_vapor,total,2.756293943,Gt/yr,krausmann2018,observed
1939,dpostar_water_vapor,total,2.818225898,Gt/yr,krausmann2018,observed
1940,dpostar_water_vapor,total,2.90667303,Gt/yr,krausmann2018,observed
1941,dpostar_water_vapor,total,2.941078258,Gt/yr,krausmann2018,observed
1942,dpostar_water_vapor,total,2.96529951,Gt/yr,krausmann2018,observed
1943,dpostar_water_vapor,total,2.998563521,Gt/yr,krausmann2018,observed
1944,dpostar_water_vapor,total,2.993900264,Gt/yr,krausmann2018,observed
1945,dpostar_water_vapor,total,2.832288145,Gt/yr,krausmann2018,observed
1946,dpostar_water_vapor,total,2.888451964,Gt/yr,krausmann2018,observed
1947,dpostar_water_vapor,total,2.990387503,Gt/yr,krausmann2018,observed
1948,dpostar_water_vapor,total,3.035354158,Gt/yr,krausmann2018,observed
1949,dpostar_water_vapor,total,3.015609684,Gt/yr,krausmann2018,observed
1950,dpostar_water_vapor,total,3.103034387,Gt/yr,krausmann2018,observed
1951,dpostar_water_vapor,total,3.171923281,Gt/yr,krausmann2018,observed
1952,dpostar_water_vapor,total,3.198248574,Gt/yr,krausmann2018,observed
1953,dpostar_water_vapor,total,3.220427018,Gt/yr,krausmann2018,observed
1954,dpostar_water_vapor,total,3.24469643,Gt/yr,krausmann2018,observed
1955,dpostar_water_vapor,total,3.344258618,Gt/yr,krausmann2018,observed
1956,dpostar_water_vapor,total,3.421301929,Gt/yr,krausmann2018,observed
1957,dpostar_water_vapor,total,3.484707943,Gt/yr,krausmann2018,observed
1958,dpostar_water_vapor,total,3.556273488,Gt/yr,krausmann2018,observed
1959,dpostar_water_vapor,total,3.633293732,Gt/yr,krausmann2018,observed
1960,dpostar_water_vapor,total,3.744093446,Gt/yr,krausmann2018,observed
1961,dpostar_water_vapor,total,3.763661012,Gt/yr,krausmann2018,observed
1962,dpostar_water_vapor,total,3.876394338,Gt/yr,krausmann2018,observed
1963,dpostar_water_vapor,total,4.015272729,Gt/yr,krausmann2018,observed
1964,dpostar_water_vapor,total,4.154713769,Gt/yr,krausmann2018,observed
1965,dpostar_water_vapor,total,4.152295027,Gt/yr,krausmann2018,observed
1966,dpostar_water_vapor,total,4.285015552,Gt/yr,krausmann2018,observed
1967,dpostar_water_vapor,total,4.321447728,Gt/yr,krausmann2018,observed
1968,dpostar_water_vapor,total,4.460660959,Gt/yr,krausmann2018,observed
1969,dpostar_water_vapor,total,4.537591321,Gt/yr,krausmann2018,observed
1970,dpostar_water_vapor,total,4.638854095,Gt/yr,krausmann2018,observed
1971,dpostar_water_vapor,total,4.719273045,Gt/yr,krausmann2018,observed
1972,dpostar_water_vapor,total,4.838919708,Gt/yr,krausmann2018,observed
1973,dpostar_water_vapor,total,4.942761969,Gt/yr,krausmann2018,observed
1974,dpostar_water_vapor,total,5.021505875,Gt/yr,krausmann2018,observed
1975,dpostar_water_vapor,total,5.106409443,Gt/yr,krausmann2018,observed
1976,dpostar_water_vapor,total,5.255270703,Gt/yr,krausmann2018,observed
1977,dpostar_water_vapor,total,5.346972189,Gt/yr,krausmann2018,observed
1978,dpostar_water_vapor,total,5.442866677,Gt/yr,krausmann2018,observed
1979,dpostar_water_vapor,total,5.574977629,Gt/yr,krausmann2018,observed
1980,dpostar_water_vapor,total,5.654936835,Gt/yr,krausmann2018,observed
1981,dpostar_water_vapor,total,5.693110199,Gt/yr,krausmann2018,observed
1982,dpostar_water_vapor,total,5.910215743,Gt/yr,krausmann2018,observed
1983,dpostar_water_vapor,total,5.996286001,Gt/yr,krausmann2018,observed
1984,dpostar_water_vapor,total,6.210827038,Gt/yr,krausmann2018,observed
1985,dpostar_water_vapor,total,6.275297358,Gt/yr,krausmann2018,observed
1986,dpostar_water_vapor,total,6.381692131,Gt/yr,krausmann2018,observed
1987,dpostar_water_vapor,total,6.511421835,Gt/yr,krausmann2018,observed
1988,dpostar_water_vapor,total,6.674655596,Gt/yr,krausmann2018,observed
1989,dpostar_water_vapor,total,6.78098128,Gt/yr,krausmann2018,observed
1990,dpostar_water_vapor,total,6.838024024,Gt/yr,krausmann2018,observed
1991,dpostar_water_vapor,total,6.688897238,Gt/yr,krausmann2018,observed
1992,dpostar_water_vapor,total,6.673126059,Gt/yr,krausmann2018,observed
1993,dpostar_water_vapor,total,6.701976155,Gt/yr,krausmann2018,observed
1994,dpostar_water_vapor,total,6.795263445,Gt/yr,krausmann2018,observed
1995,dpostar_water_vapor,total,7.226832332,Gt/yr,krausmann2018,observed
1996,dpostar_water_vapor,total,7.26300029,Gt/yr,krausmann2018,observed
1997,dpostar_water_vapor,total,7.188841164,Gt/yr,krausmann2018,observed
1998,dpostar_water_vapor,total,7.338610201,Gt/yr,krausmann2018,observed
1999,dpostar_water_vapor,total,7.351034387,Gt/yr,krausmann2018,observed
2000,dpostar_water_vapor,total,7.439375929,Gt/yr,krausmann2018,observed
2001,dpostar_water_vapor,total,7.461739955,Gt/yr,krausmann2018,observed
2002,dpostar_water_vapor,total,7.41361453,Gt/yr,krausmann2018,observed
2003,dpostar_water_vapor,total,7.646570808,Gt/yr,krausmann2018,observed
2004,dpostar_water_vapor,total,7.780235614,Gt/yr,krausmann2018,observed
2005,dpostar_water_vapor,total,7.991381986,Gt/yr,krausmann2018,observed
2006,dpostar_water_vapor,total,8.204368268,Gt/yr,krausmann2018,observed
2007,dpostar_water_vapor,total,8.373750587,Gt/yr,krausmann2018,observed
2008,dpostar_water_vapor,total,8.524433262,Gt/yr,krausmann2018,observed
2009,dpostar_water_vapor,total,8.553622254,Gt/yr,krausmann2018,observed
2010,dpostar_water_vapor,total,8.792767906,Gt/yr,krausmann2018,observed
2011,dpostar_water_vapor,total,8.987345378,Gt/yr,krausmann2018,observed
2012,dpostar_water_vapor,total,9.159724141,Gt/yr,krausmann2018,observed
2013,dpostar_water_vapor,total,9.240145599,Gt/yr,krausmann2018,observed
2014,dpostar_water_vapor,total,9.303030085,Gt/yr,krausmann2018,observed
2015,dpostar_water_vapor,total,9.319453652,Gt/yr,krausmann2018,observed
1900,gdp,total,1.973681972,trillion 1990 international dollars,krausmann2018,observed
1901,gdp,total,2.033288144,trillion 1990 international dollars,krausmann2018,observed
1902,gdp,total,2.072301585,trillion 1990 international dollars,krausmann2018,observed
1903,gdp,total,2.134635119,trillion 1990 international dollars,krausmann2018,observed
1904,gdp,total,2.163592911,trillion 1990 international dollars,krausmann2018,observed
1905,gdp,total,2.228125103,trillion 1990 international dollars,krausmann2018,observed
1906,gdp,total,2.331051178,trillion 1990 international dollars,krausmann2018,observed
1907,gdp,total,2.377915969,trillion 1990 international dollars,krausmann2018,observed
1908,gdp,total,2.359491126,trillion 1990 international dollars,krausmann2018,observed
1909,gdp,total,2.482083541,trillion 1990 international dollars,krausmann2018,observed
1910,gdp,total,2.521126883,trillion 1990 international dollars,krausmann2018,observed
1911,gdp,total,2.595891271,trillion 1990 international dollars,krausmann2018,observed
1912,gdp,total,2.670701716,trillion 1990 international dollars,krausmann2018,observed
1913,gdp,total,2.733365637,trillion 1990 international dollars,krausmann2018,observed
1914,gdp,total,2.665096746,trillion 1990 international dollars,krausmann2018,observed
1915,gdp,total,2.718119059,trillion 1990 international dollars,krausmann2018,observed
1916,gdp,total,2.861135976,trillion 1990 international dollars,krausmann2018,observed
1917,gdp,total,2.843725085,trillion 1990 international dollars,krausmann2018,observed
1918,gdp,total,2.859370101,trillion 1990 international dollars,krausmann2018,observed
1919,gdp,total,2.867698972,trillion 1990 international dollars,krausmann2018,observed
1920,gdp,total,2.883332476,trillion 1990 international dollars,krausmann2018,observed
1921,gdp,total,2.911183489,trillion 1990 international dollars,krausmann2018,observed
1922,gdp,total,3.050833814,trillion 1990 international dollars,krausmann2018,observed
1923,gdp,total,3.150394043,trillion 1990 international dollars,krausmann2018,observed
1924,gdp,total,3.281385494,trillion 1990 international dollars,krausmann2018,observed
1925,gdp,total,3.384816451,trillion 1990 international dollars,krausmann2018,observed
1926,gdp,total,3.485436593,trillion 1990 international dollars,krausmann2018,observed
1927,gdp,total,3.572238289,trillion 1990 international dollars,krausmann2018,observed
1928,gdp,total,3.67668408,trillion 1990 international dollars,krausmann2018,observed
1929,gdp,total,3.792627677,trillion 1990 international dollars,krausmann2018,observed
1930,gdp,total,3.700118316,trillion 1990 international dollars,krausmann2018,observed
1931,gdp,total,3.582282625,trillion 1990 international dollars,krausmann2018,observed
1932,gdp,total,3.482509451,trillion 1990 international dollars,krausmann2018,observed
1933,gdp,total,3.548500104,trillion 1990 international dollars,krausmann2018,observed
1934,gdp,total,3.677687485,trillion 1990 international dollars,krausmann2018,observed
1935,gdp,total,3.810257649,trillion 1990 international dollars,krausmann2018,observed
1936,gdp,total,4.021184295,trillion 1990 international dollars,krausmann2018,observed
1937,gdp,total,4.159584657,trillion 1990 international dollars,krausmann2018,observed
1938,gdp,total,4.201242051,trillion 1990 international dollars,krausmann2018,observed
1939,gdp,total,4.400618667,trillion 1990 international dollars,krausmann2018,observed
1940,gdp,total,4.502584,trillion 1990 international dollars,krausmann2018,observed
1941,gdp,total,4.756673075,trillion 1990 international dollars,krausmann2018,observed
1942,gdp,total,4.933186773,trillion 1990 international dollars,krausmann2018,observed
1943,gdp,total,5.261909666,trillion 1990 international dollars,krausmann2018,observed
1944,gdp,total,5.386195311,trillion 1990 international dollars,krausmann2018,observed
1945,gdp,total,5.088680354,trillion 1990 international dollars,krausmann2018,observed
1946,gdp,total,4.743218692,trillion 1990 international dollars,krausmann2018,observed
1947,gdp,total,4.813993175,trillion 1990 international dollars,krausmann2018,observed
1948,gdp,total,5.021417843,trillion 1990 international dollars,krausmann2018,observed
1949,gdp,total,5.253275588,trillion 1990 international dollars,krausmann2018,observed
1950,gdp,total,5.313214598,trillion 1990 international dollars,krausmann2018,observed
1951,gdp,total,5.630527918,trillion 1990 international dollars,krausmann2018,observed
1952,gdp,total,5.886818598,trillion 1990 international dollars,krausmann2018,observed
1953,gdp,total,6.18137146,trillion 1990 international dollars,krausmann2018,observed
1954,gdp,total,6.389836791,trillion 1990 international dollars,krausmann2018,observed
1955,gdp,total,6.80047223,trillion 1990 international dollars,krausmann2018,observed
1956,gdp,total,7.1214677,trillion 1990 international dollars,krausmann2018,observed
1957,gdp,total,7.390422318,trillion 1990 international dollars,krausmann2018,observed
1958,gdp,total,7.627932563,trillion 1990 international dollars,krausmann2018,observed
1959,gdp,total,7.980844023,trillion 1990 international dollars,krausmann2018,observed
1960,gdp,total,8.403035866,trillion 1990 international dollars,krausmann2018,observed
1961,gdp,total,8.675350952,trillion 1990 international dollars,krausmann2018,observed
1962,gdp,total,9.094821165,trillion 1990 international dollars,krausmann2018,observed
1963,gdp,total,9.470573366,trillion 1990 international dollars,krausmann2018,observed
1964,gdp,total,10.15414282,trillion 1990 international dollars,krausmann2018,observed
1965,gdp,total,10.69114579,trillion 1990 international dollars,krausmann2018,observed
1966,gdp,total,11.2763634,trillion 1990 international dollars,krausmann2018,observed
1967,gdp,total,11.70331464,trillion 1990 international dollars,krausmann2018,observed
1968,gdp,total,12.34732596,trillion 1990 international dollars,krausmann2018,observed
1969,gdp,total,13.03487985,trillion 1990 international dollars,krausmann2018,observed
1970,gdp,total,13.71894629,trillion 1990 international dollars,krausmann2018,observed
1971,gdp,total,14.26928124,trillion 1990 international dollars,krausmann2018,observed
1972,gdp,total,14.95376748,trillion 1990 international dollars,krausmann2018,observed
1973,gdp,total,15.95556566,trillion 1990 international dollars,krausmann2018,observed
1974,gdp,total,16.32910174,trillion 1990 international dollars,krausmann2018,observed
1975,gdp,total,16.59584384,trillion 1990 international dollars,krausmann2018,observed
1976,gdp,total,17.4277503,trillion 1990 international dollars,krausmann2018,observed
1977,gdp,total,18.14438881,trillion 1990 international dollars,krausmann2018,observed
1978,gdp,total,18.95288477,trillion 1990 international dollars,krausmann2018,observed
1979,gdp,total,19.62781629,trillion 1990 international dollars,krausmann2018,observed
1980,gdp,total,20.02623576,trillion 1990 international dollars,krausmann2018,observed
1981,gdp,total,20.43564466,trillion 1990 international dollars,krausmann2018,observed
1982,gdp,total,20.69636013,trillion 1990 international dollars,krausmann2018,observed
1983,gdp,total,21.24804057,trillion 1990 international dollars,krausmann2018,observed
1984,gdp,total,22.24371888,trillion 1990 international dollars,krausmann2018,observed
1985,gdp,total,23.0375302,trillion 1990 international dollars,krausmann2018,observed
1986,gdp,total,23.88108889,trillion 1990 international dollars,krausmann2018,observed
1987,gdp,total,24.82601946,trillion 1990 international dollars,krausmann2018,observed
1988,gdp,total,25.92199347,trillion 1990 international dollars,krausmann2018,observed
1989,gdp,total,26.78913515,trillion 1990 international dollars,krausmann2018,observed
1990,gdp,total,27.34187887,trillion 1990 international dollars,krausmann2018,observed
1991,gdp,total,27.72652308,trillion 1990 international dollars,krausmann2018,observed
1992,gdp,total,28.21837606,trillion 1990 international dollars,krausmann2018,observed
1993,gdp,total,28.75998193,trillion 1990 international dollars,krausmann2018,observed
1994,gdp,total,29.61333119,trillion 1990 international dollars,krausmann2018,observed
1995,gdp,total,30.59369511,trillion 1990 international dollars,krausmann2018,observed
1996,gdp,total,31.76933318,trillion 1990 international dollars,krausmann2018,observed
1997,gdp,total,33.02374892,trillion 1990 international dollars,krausmann2018,observed
1998,gdp,total,33.83435137,trillion 1990 international dollars,krausmann2018,observed
1999,gdp,total,35.02776419,trillion 1990 international dollars,krausmann2018,observed
2000,gdp,total,36.69147903,trillion 1990 international dollars,krausmann2018,observed
2001,gdp,total,37.56712593,trillion 1990 international dollars,krausmann2018,observed
2002,gdp,total,38.58915187,trillion 1990 international dollars,krausmann2018,observed
2003,gdp,total,40.04793751,trillion 1990 international dollars,krausmann2018,observed
2004,gdp,total,42.21128345,trillion 1990 international dollars,krausmann2018,observed
2005,gdp,total,44.21886745,trillion 1990 international dollars,krausmann2018,observed
2006,gdp,total,46.58992173,trillion 1990 international dollars,krausmann2018,observed
2007,gdp,total,49.13159829,trillion 1990 international dollars,krausmann2018,observed
2008,gdp,total,50.54009012,trillion 1990 international dollars,krausmann2018,observed
2009,gdp,total,50.35248678,trillion 1990 international dollars,krausmann2018,observed
2010,gdp,total,53.01354244,trillion 1990 international dollars,krausmann2018,observed
2011,gdp,total,55.15994825,trillion 1990 international dollars,krausmann2018,observed
2012,gdp,total,56.94118258,trillion 1990 international dollars,krausmann2018,observed
2013,gdp,total,58.86275214,trillion 1990 international dollars,krausmann2018,observed
2014,gdp,total,60.94548841,trillion 1990 international dollars,krausmann2018,observed
2015,gdp,total,62.96249937,trillion 1990 international dollars,krausmann2018,observed
1900,population,total,1563622000,persons,krausmann2018,observed
1901,population,total,1581137462,persons,krausmann2018,observed
1902,population,total,1598652923,persons,krausmann2018,observed
1903,population,total,1616168385,persons,krausmann2018,observed
1904,population,total,1633683846,persons,krausmann2018,observed
1905,population,total,1651199308,persons,krausmann2018,observed
1906,population,total,1668714769,persons,krausmann2018,observed
1907,population,total,1686230231,persons,krausmann2018,observed
1908,population,total,1703745692,persons,krausmann2018,observed
1909,population,total,1721261154,persons,krausmann2018,observed
1910,population,total,1738776615,persons,krausmann2018,observed
1911,population,total,1756292077,persons,krausmann2018,observed
1912,population,total,1773807538,persons,krausmann2018,observed
1913,population,total,1791323000,persons,krausmann2018,observed
1914,population,total,1811165660,persons,krausmann2018,observed
1915,population,total,1831008321,persons,krausmann2018,observed
1916,population,total,1850850981,persons,krausmann2018,observed
1917,population,total,1870693642,persons,krausmann2018,observed
1918,population,total,1890536302,persons,krausmann2018,observed
1919,population,total,1910378963,persons,krausmann2018,observed
1920,population,total,1930221623,persons,krausmann2018,observed
1921,population,total,1950064284,persons,krausmann2018,observed
1922,population,total,1969906944,persons,krausmann2018,observed
1923,population,total,1989749605,persons,krausmann2018,observed
1924,population,total,2009592265,persons,krausmann2018,observed
1925,population,total,2029434926,persons,krausmann2018,observed
1926,population,total,2049277586,persons,krausmann2018,observed
1927,population,total,2069120246,persons,krausmann2018,observed
1928,population,total,2088962907,persons,krausmann2018,observed
1929,population,total,2108805567,persons,krausmann2018,observed
1930,population,total,2128648228,persons,krausmann2018,observed
1931,population,total,2148490888,persons,krausmann2018,observed
1932,population,total,2168333549,persons,krausmann2018,observed
1933,population,total,2188176209,persons,krausmann2018,observed
1934,population,total,2208018870,persons,krausmann2018,observed
1935,population,total,2227861530,persons,krausmann2018,observed
1936,population,total,2247704191,persons,krausmann2018,observed
1937,population,total,2267546851,persons,krausmann2018,observed
1938,population,total,2287389511,persons,krausmann2018,observed
1939,population,total,2307232172,persons,krausmann2018,observed
1940,population,total,2327074832,persons,krausmann2018,observed
1941,population,total,2346917493,persons,krausmann2018,observed
1942,population,total,2366760153,persons,krausmann2018,observed
1943,population,total,2386602814,persons,krausmann2018,observed
1944,population,total,2406445474,persons,krausmann2018,observed
1945,population,total,2426288135,persons,krausmann2018,observed
1946,population,total,2446130795,persons,krausmann2018,observed
1947,population,total,2465973456,persons,krausmann2018,observed
1948,population,total,2485816116,persons,krausmann2018,observed
1949,population,total,2505658777,persons,krausmann2018,observed
1950,population,total,2525501437,persons,krausmann2018,observed
1951,population,total,2569440912,persons,krausmann2018,observed
1952,population,total,2616074450,persons,krausmann2018,observed
1953,population,total,2664386768,persons,krausmann2018,observed
1954,population,total,2715496744,persons,krausmann2018,observed
1955,population,total,2767710815,persons,krausmann2018,observed
1956,population,total,2821200671,persons,krausmann2018,observed
1957,population,total,2878678075,persons,krausmann2018,observed
1958,population,total,2937975650,persons,krausmann2018,observed
1959,population,total,2994562036,persons,krausmann2018,observed
1960,population,total,3040118444,persons,krausmann2018,observed
1961,population,total,3075073170,persons,krausmann2018,observed
1962,population,total,3133554360,persons,krausmann2018,observed
1963,population,total,3194075350,persons,krausmann2018,observed
1964,population,total,3256988500,persons,krausmann2018,observed
1965,population,total,3322495120,persons,krausmann2018,observed
1966,population,total,3390685520,persons,krausmann2018,observed
1967,population,total,3461343170,persons,krausmann2018,observed
1968,population,total,3533966900,persons,krausmann2018,observed
1969,population,total,3607865510,persons,krausmann2018,observed
1970,population,total,3682487690,persons,krausmann2018,observed
1971,population,total,3757734670,persons,krausmann2018,observed
1972,population,total,3833594890,persons,krausmann2018,observed
1973,population,total,3909722120,persons,krausmann2018,observed
1974,population,total,3985733770,persons,krausmann2018,observed
1975,population,total,4061399230,persons,krausmann2018,observed
1976,population,total,4136542070,persons,krausmann2018,observed
1977,population,total,4211322430,persons,krausmann2018,observed
1978,population,total,4286282450,persons,krausmann2018,observed
1979,population,total,4362189530,persons,krausmann2018,observed
1980,population,total,4439632460,persons,krausmann2018,observed
1981,population,total,4518602040,persons,krausmann2018,observed
1982,population,total,4599003370,persons,krausmann2018,observed
1983,population,total,4681210510,persons,krausmann2018,observed
1984,population,total,4765657560,persons,krausmann2018,observed
1985,population,total,4852540570,persons,krausmann2018,observed
1986,population,total,4942056120,persons,krausmann2018,observed
1987,population,total,5033804940,persons,krausmann2018,observed
1988,population,total,5126632690,persons,krausmann2018,observed
1989,population,total,5218978020,persons,krausmann2018,observed
1990,population,total,5309667700,persons,krausmann2018,observed
1991,population,total,5398328750,persons,krausmann2018,observed
1992,population,total,5485115280,persons,krausmann2018,observed
1993,population,total,5570045380,persons,krausmann2018,observed
1994,population,total,5653315890,persons,krausmann2018,observed
1995,population,total,5735123080,persons,krausmann2018,observed
1996,population,total,5815392300,persons,krausmann2018,observed
1997,population,total,5894155110,persons,krausmann2018,observed
1998,population,total,5971882830,persons,krausmann2018,observed
1999,population,total,6049205200,persons,krausmann2018,observed
2000,population,total,6126622120,persons,krausmann2018,observed
2001,population,total,6204310740,persons,krausmann2018,observed
2002,population,total,6282301770,persons,krausmann2018,observed
2003,population,total,6360764680,persons,krausmann2018,observed
2004,population,total,6439842410,persons,krausmann2018,observed
2005,population,total,6519635850,persons,krausmann2018,observed
2006,population,total,6600220250,persons,krausmann2018,observed
2007,population,total,6681607320,persons,krausmann2018,observed
2008,population,total,6763732880,persons,krausmann2018,observed
2009,population,total,6846479520,persons,krausmann2018,observed
2010,population,total,6929725040,persons,krausmann2018,observed
2011,population,total,7013427050,persons,krausmann2018,observed
2012,population,total,7097500450,persons,krausmann2018,observed
2013,population,total,7181715140,persons,krausmann2018,observed
2014,population,total,7265785950,persons,krausmann2018,observed
2015,population,total,7349472100,persons,krausmann2018,observed
1900,use_all,total,7.281262027,Gt/yr,krausmann2018,observed
1901,use_all,total,7.402502529,Gt/yr,krausmann2018,observed
1902,use_all,total,7.501325273,Gt/yr,krausmann2018,observed
1903,use_all,total,7.691972084,Gt/yr,krausmann2018,observed
1904,use_all,total,7.779274113,Gt/yr,krausmann2018,observed
1905,use_all,total,7.971786085,Gt/yr,krausmann2018,observed
1906,use_all,total,8.136722568,Gt/yr,krausmann2018,observed
1907,use_all,total,8.396613628,Gt/yr,krausmann2018,observed
1908,use_all,total,8.406813134,Gt/yr,krausmann2018,observed
1909,use_all,total,8.587699931,Gt/yr,krausmann2018,observed
1910,use_all,total,8.747124079,Gt/yr,krausmann2018,observed
1911,use_all,total,8.857435956,Gt/yr,krausmann2018,observed
1912,use_all,total,9.059822328,Gt/yr,krausmann2018,observed
1913,use_all,total,9.301464763,Gt/yr,krausmann2018,observed
1914,use_all,total,9.111423404,Gt/yr,krausmann2018,observed
1915,use_all,total,9.14294769,Gt/yr,krausmann2018,observed
1916,use_all,total,9.380735227,Gt/yr,krausmann2018,observed
1917,use_all,total,9.509155965,Gt/yr,krausmann2018,observed
1918,use_all,total,9.554500509,Gt/yr,krausmann2018,observed
1919,use_all,total,9.294377385,Gt/yr,krausmann2018,observed
1920,use_all,total,9.683709204,Gt/yr,krausmann2018,observed
1921,use_all,total,9.431403358,Gt/yr,krausmann2018,observed
1922,use_all,total,9.7751722,Gt/yr,krausmann2018,observed
1923,use_all,total,10.14775122,Gt/yr,krausmann2018,observed
1924,use_all,total,10.32363582,Gt/yr,krausmann2018,observed
1925,use_all,total,10.52186014,Gt/yr,krausmann2018,observed
1926,use_all,total,10.6813256,Gt/yr,krausmann2018,observed
1927,use_all,total,10.98647892,Gt/yr,krausmann2018,observed
1928,use_all,total,11.29296211,Gt/yr,krausmann2018,observed
1929,use_all,total,11.4558046,Gt/yr,krausmann2018,observed
1930,use_all,total,11.30461227,Gt/yr,krausmann2018,observed
1931,use_all,total,11.01882162,Gt/yr,krausmann2018,observed
1932,use_all,total,10.71308999,Gt/yr,krausmann2018,observed
1933,use_all,total,10.87947286,Gt/yr,krausmann2018,observed
1934,use_all,total,11.256925,Gt/yr,krausmann2018,observed
1935,use_all,total,11.49833958,Gt/yr,krausmann2018,observed
1936,use_all,total,11.85146005,Gt/yr,krausmann2018,observed
1937,use_all,total,12.33367145,Gt/yr,krausmann2018,observed
1938,use_all,total,12.16295606,Gt/yr,krausmann2018,observed
1939,use_all,total,12.53721815,Gt/yr,krausmann2018,observed
1940,use_all,total,12.84606239,Gt/yr,krausmann2018,observed
1941,use_all,total,13.08400292,Gt/yr,krausmann2018,observed
1942,use_all,total,13.09770308,Gt/yr,krausmann2018,observed
1943,use_all,total,13.22306292,Gt/yr,krausmann2018,observed
1944,use_all,total,13.15016896,Gt/yr,krausmann2018,observed
1945,use_all,total,12.64295712,Gt/yr,krausmann2018,observed
1946,use_all,total,13.05343476,Gt/yr,krausmann2018,observed
1947,use_all,total,13.69404957,Gt/yr,krausmann2018,observed
1948,use_all,total,14.15370607,Gt/yr,krausmann2018,observed
1949,use_all,total,14.33128488,Gt/yr,krausmann2018,observed
1950,use_all,total,14.98945685,Gt/yr,krausmann2018,observed
1951,use_all,total,15.63922635,Gt/yr,krausmann2018,observed
1952,use_all,total,16.08032553,Gt/yr,krausmann2018,observed
1953,use_all,total,16.50993427,Gt/yr,krausmann2018,observed
1954,use_all,total,17.05367874,Gt/yr,krausmann2018,observed
1955,use_all,total,17.70593459,Gt/yr,krausmann2018,observed
1956,use_all,total,18.45553898,Gt/yr,krausmann2018,observed
1957,use_all,total,19.01734689,Gt/yr,krausmann2018,observed
1958,use_all,total,19.53526918,Gt/yr,krausmann2018,observed
1959,use_all,total,20.34125246,Gt/yr,krausmann2018,observed
1960,use_all,total,21.27379464,Gt/yr,krausmann2018,observed
1961,use_all,total,21.82592137,Gt/yr,krausmann2018,observed
1962,use_all,total,22.67795252,Gt/yr,krausmann2018,observed
1963,use_all,total,23.68982223,Gt/yr,krausmann2018,observed
1964,use_all,total,25.05214418,Gt/yr,krausmann2018,observed
1965,use_all,total,25.6279301,Gt/yr,krausmann2018,observed
1966,use_all,total,26.98654478,Gt/yr,krausmann2018,observed
1967,use_all,total,27.50298139,Gt/yr,krausmann2018,observed
1968,use_all,total,28.82397113,Gt/yr,krausmann2018,observed
1969,use_all,total,29.61849955,Gt/yr,krausmann2018,observed
1970,use_all,total,31.19700793,Gt/yr,krausmann2018,observed
1971,use_all,total,31.99215635,Gt/yr,krausmann2018,observed
1972,use_all,total,33.64892248,Gt/yr,krausmann2018,observed
1973,use_all,total,34.98198897,Gt/yr,krausmann2018,observed
1974,use_all,total,35.59786317,Gt/yr,krausmann2018,observed
1975,use_all,total,35.45574613,Gt/yr,krausmann2018,observed
1976,use_all,total,36.29020995,Gt/yr,krausmann2018,observed
1977,use_all,total,37.03497017,Gt/yr,krausmann2018,observed
1978,use_all,total,38.21873715,Gt/yr,krausmann2018,observed
1979,use_all,total,39.10850908,Gt/yr,krausmann2018,observed
1980,use_all,total,39.16208093,Gt/yr,krausmann2018,observed
1981,use_all,total,38.86754172,Gt/yr,krausmann2018,observed
1982,use_all,total,39.07552347,Gt/yr,krausmann2018,observed
1983,use_all,total,39.16888236,Gt/yr,krausmann2018,observed
1984,use_all,total,40.92896959,Gt/yr,krausmann2018,observed
1985,use_all,total,41.42160956,Gt/yr,krausmann2018,observed
1986,use_all,total,42.43057199,Gt/yr,krausmann2018,observed
1987,use_all,total,43.51615831,Gt/yr,krausmann2018,observed
1988,use_all,total,45.26677682,Gt/yr,krausmann2018,observed
1989,use_all,total,45.62795922,Gt/yr,krausmann2018,observed
1990,use_all,total,45.9620898,Gt/yr,krausmann2018,observed
1991,use_all,total,46.94918438,Gt/yr,krausmann2018,observed
1992,use_all,total,47.06854788,Gt/yr,krausmann2018,observed
1993,use_all,total,48.42539901,Gt/yr,krausmann2018,observed
1994,use_all,total,49.75365363,Gt/yr,krausmann2018,observed
1995,use_all,total,52.70309856,Gt/yr,krausmann2018,observed
1996,use_all,total,53.46427333,Gt/yr,krausmann2018,observed
1997,use_all,total,54.09420464,Gt/yr,krausmann2018,observed
1998,use_all,total,55.37204418,Gt/yr,krausmann2018,observed
1999,use_all,total,56.20039616,Gt/yr,krausmann2018,observed
2000,use_all,total,57.1705816,Gt/yr,krausmann2018,observed
2001,use_all,total,57.54975487,Gt/yr,krausmann2018,observed
2002,use_all,total,58.13417878,Gt/yr,krausmann2018,observed
2003,use_all,total,60.88263583,Gt/yr,krausmann2018,observed
2004,use_all,total,63.82462409,Gt/yr,krausmann2018,observed
2005,use_all,total,66.43581979,Gt/yr,krausmann2018,observed
2006,use_all,total,69.89720846,Gt/yr,krausmann2018,observed
2007,use_all,total,72.75333144,Gt/yr,krausmann2018,observed
2008,use_all,total,73.87874914,Gt/yr,krausmann2018,observed
2009,use_all,total,75.18374798,Gt/yr,krausmann2018,observed
2010,use_all,total,78.55962722,Gt/yr,krausmann2018,observed
2011,use_all,total,83.2492244,Gt/yr,krausmann2018,observed
2012,use_all,total,84.91511564,Gt/yr,krausmann2018,observed
2013,use_all,total,87.87265381,Gt/yr,krausmann2018,observed
2014,use_all,total,89.29127028,Gt/yr,krausmann2018,observed
2015,use_all,total,88.90689205,Gt/yr,krausmann2018,observed
1900,use_feed,total,3.079421816,Gt/yr,krausmann2018,observed
1901,use_feed,total,3.107364585,Gt/yr,krausmann2018,observed
1902,use_feed,total,3.135307354,Gt/yr,krausmann2018,observed
1903,use_feed,total,3.163250123,Gt/yr,krausmann2018,observed
1904,use_feed,total,3.191192893,Gt/yr,krausmann2018,observed
1905,use_feed,total,3.219135662,Gt/yr,krausmann2018,observed
1906,use_feed,total,3.247078431,Gt/yr,krausmann2018,observed
1907,use_feed,total,3.2750212,Gt/yr,krausmann2018,observed
1908,use_feed,total,3.302963969,Gt/yr,krausmann2018,observed
1909,use_feed,total,3.330906739,Gt/yr,krausmann2018,observed
1910,use_feed,total,3.358849508,Gt/yr,krausmann2018,observed
1911,use_feed,total,3.388497078,Gt/yr,krausmann2018,observed
1912,use_feed,total,3.418144648,Gt/yr,krausmann2018,observed
1913,use_feed,total,3.447792219,Gt/yr,krausmann2018,observed
1914,use_feed,total,3.477439789,Gt/yr,krausmann2018,observed
1915,use_feed,total,3.507087359,Gt/yr,krausmann2018,observed
1916,use_feed,total,3.536734929,Gt/yr,krausmann2018,observed
1917,use_feed,total,3.566382499,Gt/yr,krausmann2018,observed
1918,use_feed,total,3.59603007,Gt/yr,krausmann2018,observed
1919,use_feed,total,3.62567764,Gt/yr,krausmann2018,observed
1920,use_feed,total,3.65532521,Gt/yr,krausmann2018,observed
1921,use_feed,total,3.68497278,Gt/yr,krausmann2018,observed
1922,use_feed,total,3.714620351,Gt/yr,krausmann2018,observed
1923,use_feed,total,3.744267921,Gt/yr,krausmann2018,observed
1924,use_feed,total,3.773915491,Gt/yr,krausmann2018,observed
1925,use_feed,total,3.803563061,Gt/yr,krausmann2018,observed
1926,use_feed,total,3.833210632,Gt/yr,krausmann2018,observed
1927,use_feed,total,3.862858202,Gt/yr,krausmann2018,observed
1928,use_feed,total,3.892505772,Gt/yr,krausmann2018,observed
1929,use_feed,total,3.922153342,Gt/yr,krausmann2018,observed
1930,use_feed,total,3.951800912,Gt/yr,krausmann2018,observed
1931,use_feed,total,3.970836841,Gt/yr,krausmann2018,observed
1932,use_feed,total,3.98987277,Gt/yr,krausmann2018,observed
1933,use_feed,total,4.008908699,Gt/yr,krausmann2018,observed
1934,use_feed,total,4.027944628,Gt/yr,krausmann2018,observed
1935,use_feed,total,4.046980557,Gt/yr,krausmann2018,observed
1936,use_feed,total,4.066016486,Gt/yr,krausmann2018,observed
1937,use_feed,total,4.085052415,Gt/yr,krausmann2018,observed
1938,use_feed,total,4.104088344,Gt/yr,krausmann2018,observed
1939,use_feed,total,4.123124273,Gt/yr,krausmann2018,observed
1940,use_feed,total,4.142160202,Gt/yr,krausmann2018,observed
1941,use_feed,total,4.161196131,Gt/yr,krausmann2018,observed
1942,use_feed,total,4.18023206,Gt/yr,krausmann2018,observed
1943,use_feed,total,4.199267988,Gt/yr,krausmann2018,observed
1944,use_feed,total,4.218303917,Gt/yr,krausmann2018,observed
1945,use_feed,total,4.237339846,Gt/yr,krausmann2018,observed
1946,use_feed,total,4.256375775,Gt/yr,krausmann2018,observed
1947,use_feed,total,4.275411704,Gt/yr,krausmann2018,observed
1948,use_feed,total,4.294447633,Gt/yr,krausmann2018,observed
1949,use_feed,total,4.313483562,Gt/yr,krausmann2018,observed
1950,use_feed,total,4.332519491,Gt/yr,krausmann2018,observed
1951,use_feed,total,4.38946095,Gt/yr,krausmann2018,observed
1952,use_feed,total,4.446402409,Gt/yr,krausmann2018,observed
1953,use_feed,total,4.503343868,Gt/yr,krausmann2018,observed
1954,use_feed,total,4.560285327,Gt/yr,krausmann2018,observed
1955,use_feed,total,4.617226786,Gt/yr,krausmann2018,observed
1956,use_feed,total,4.674168245,Gt/yr,krausmann2018,observed
1957,use_feed,total,4.731109704,Gt/yr,krausmann2018,observed
1958,use_feed,total,4.788051163,Gt/yr,krausmann2018,observed
1959,use_feed,total,4.844992622,Gt/yr,krausmann2018,observed
1960,use_feed,total,4.901934082,Gt/yr,krausmann2018,observed
1961,use_feed,total,4.958875541,Gt/yr,krausmann2018,observed
1962,use_feed,total,5.041338955,Gt/yr,krausmann2018,observed
1963,use_feed,total,5.11801782,Gt/yr,krausmann2018,observed
1964,use_feed,total,5.30503918,Gt/yr,krausmann2018,observed
1965,use_feed,total,5.518159603,Gt/yr,krausmann2018,observed
1966,use_feed,total,5.714438177,Gt/yr,krausmann2018,observed
1967,use_feed,total,5.872714827,Gt/yr,krausmann2018,observed
1968,use_feed,total,6.051285535,Gt/yr,krausmann2018,observed
1969,use_feed,total,6.193823182,Gt/yr,krausmann2018,observed
1970,use_feed,total,6.351042562,Gt/yr,krausmann2018,observed
1971,use_feed,total,6.486227847,Gt/yr,krausmann2018,observed
1972,use_feed,total,6.645368698,Gt/yr,krausmann2018,observed
1973,use_feed,total,6.780044545,Gt/yr,krausmann2018,observed
1974,use_feed,total,6.920376879,Gt/yr,krausmann2018,observed
1975,use_feed,total,6.929132643,Gt/yr,krausmann2018,observed
1976,use_feed,total,7.052340783,Gt/yr,krausmann2018,observed
1977,use_feed,total,7.167993095,Gt/yr,krausmann2018,observed
1978,use_feed,total,7.256804627,Gt/yr,krausmann2018,observed
1979,use_feed,total,7.395966793,Gt/yr,krausmann2018,observed
1980,use_feed,total,7.451091964,Gt/yr,krausmann2018,observed
1981,use_feed,total,7.531971897,Gt/yr,krausmann2018,observed
1982,use_feed,total,7.642340643,Gt/yr,krausmann2018,observed
1983,use_feed,total,7.775009187,Gt/yr,krausmann2018,observed
1984,use_feed,total,7.845715923,Gt/yr,krausmann2018,observed
1985,use_feed,total,7.94955516,Gt/yr,krausmann2018,observed
1986,use_feed,total,8.097737409,Gt/yr,krausmann2018,observed
1987,use_feed,total,8.219150657,Gt/yr,krausmann2018,observed
1988,use_feed,total,8.27529209,Gt/yr,krausmann2018,observed
1989,use_feed,total,8.408378103,Gt/yr,krausmann2018,observed
1990,use_feed,total,8.531059025,Gt/yr,krausmann2018,observed
1991,use_feed,total,8.53161727,Gt/yr,krausmann2018,observed
1992,use_feed,total,8.516309153,Gt/yr,krausmann2018,observed
1993,use_feed,total,8.485351191,Gt/yr,krausmann2018,observed
1994,use_feed,total,8.569953607,Gt/yr,krausmann2018,observed
1995,use_feed,total,8.621574425,Gt/yr,krausmann2018,observed
1996,use_feed,total,8.702728022,Gt/yr,krausmann2018,observed
1997,use_feed,total,8.614205317,Gt/yr,krausmann2018,observed
1998,use_feed,total,8.616409716,Gt/yr,krausmann2018,observed
1999,use_feed,total,8.752886255,Gt/yr,krausmann2018,observed
2000,use_feed,total,8.895878745,Gt/yr,krausmann2018,observed
2001,use_feed,total,8.968475012,Gt/yr,krausmann2018,observed
2002,use_feed,total,9.141686619,Gt/yr,krausmann2018,observed
2003,use_feed,total,9.208607447,Gt/yr,krausmann2018,observed
2004,use_feed,total,9.421074634,Gt/yr,krausmann2018,observed
2005,use_feed,total,9.61233049,Gt/yr,krausmann2018,observed
2006,use_feed,total,9.811956339,Gt/yr,krausmann2018,observed
2007,use_feed,total,10.04417261,Gt/yr,krausmann2018,observed
2008,use_feed,total,10.18425574,Gt/yr,krausmann2018,observed
2009,use_feed,total,10.19736016,Gt/yr,krausmann2018,observed
2010,use_feed,total,10.33819579,Gt/yr,krausmann2018,observed
2011,use_feed,total,10.50944021,Gt/yr,krausmann2018,observed
2012,use_feed,total,10.70987081,Gt/yr,krausmann2018,observed
2013,use_feed,total,10.84407499,Gt/yr,krausmann2018,observed
2014,use_feed,total,11.05320702,Gt/yr,krausmann2018,observed
2015,use_feed,total,11.11492635,Gt/yr,krausmann2018,observed
1900,use_food,total,0.6551370141,Gt/yr,krausmann2018,observed
1901,use_food,total,0.6667657346,Gt/yr,krausmann2018,observed
1902,use_food,total,0.6783944551,Gt/yr,krausmann2018,observed
1903,use_food,total,0.6900231757,Gt/yr,krausmann2018,observed
1904,use_food,total,0.7016518962,Gt/yr,krausmann2018,observed
1905,use_food,total,0.7132806167,Gt/yr,krausmann2018,observed
1906,use_food,total,0.7249093373,Gt/yr,krausmann2018,observed
1907,use_food,total,0.7365380578,Gt/yr,krausmann2018,observed
1908,use_food,total,0.7481667783,Gt/yr,krausmann2018,observed
1909,use_food,total,0.7597954988,Gt/yr,krausmann2018,observed
1910,use_food,total,0.7714242194,Gt/yr,krausmann2018,observed
1911,use_food,total,0.7929595189,Gt/yr,krausmann2018,observed
1912,use_food,total,0.8144948184,Gt/yr,krausmann2018,observed
1913,use_food,total,0.836030118,Gt/yr,krausmann2018,observed
1914,use_food,total,0.8575654175,Gt/yr,krausmann2018,observed
1915,use_food,total,0.879100717,Gt/yr,krausmann2018,observed
1916,use_food,total,0.9006360165,Gt/yr,krausmann2018,observed
1917,use_food,total,0.9221713161,Gt/yr,krausmann2018,observed
1918,use_food,total,0.9437066156,Gt/yr,krausmann2018,observed
1919,use_food,total,0.9652419151,Gt/yr,krausmann2018,observed
1920,use_food,total,0.9867772146,Gt/yr,krausmann2018,observed
1921,use_food,total,1.008312514,Gt/yr,krausmann2018,observed
1922,use_food,total,1.029847814,Gt/yr,krausmann2018,observed
1923,use_food,total,1.051383113,Gt/yr,krausmann2018,observed
1924,use_food,total,1.072918413,Gt/yr,krausmann2018,observed
1925,use_food,total,1.094453712,Gt/yr,krausmann2018,observed
1926,use_food,total,1.115989012,Gt/yr,krausmann2018,observed
1927,use_food,total,1.137524311,Gt/yr,krausmann2018,observed
1928,use_food,total,1.159059611,Gt/yr,krausmann2018,observed
1929,use_food,total,1.18059491,Gt/yr,krausmann2018,observed
1930,use_food,total,1.20213021,Gt/yr,krausmann2018,observed
1931,use_food,total,1.203208544,Gt/yr,krausmann2018,observed
1932,use_food,total,1.204286878,Gt/yr,krausmann2018,observed
1933,use_food,total,1.205365212,Gt/yr,krausmann2018,observed
1934,use_food,total,1.206443546,Gt/yr,krausmann2018,observed
1935,use_food,total,1.20752188,Gt/yr,krausmann2018,observed
1936,use_food,total,1.208600214,Gt/yr,krausmann2018,observed
1937,use_food,total,1.209678548,Gt/yr,krausmann2018,observed
1938,use_food,total,1.210756882,Gt/yr,krausmann2018,observed
1939,use_food,total,1.211835217,Gt/yr,krausmann2018,observed
1940,use_food,total,1.212913551,Gt/yr,krausmann2018,observed
1941,use_food,total,1.213991885,Gt/yr,krausmann2018,observed
1942,use_food,total,1.215070219,Gt/yr,krausmann2018,observed
1943,use_food,total,1.216148553,Gt/yr,krausmann2018,observed
1944,use_food,total,1.217226887,Gt/yr,krausmann2018,observed
1945,use_food,total,1.218305221,Gt/yr,krausmann2018,observed
1946,use_food,total,1.219383555,Gt/yr,krausmann2018,observed
1947,use_food,total,1.220461889,Gt/yr,krausmann2018,observed
1948,use_food,total,1.221540223,Gt/yr,krausmann2018,observed
1949,use_food,total,1.222618557,Gt/yr,krausmann2018,observed
1950,use_food,total,1.223696891,Gt/yr,krausmann2018,observed
1951,use_food,total,1.246621487,Gt/yr,krausmann2018,observed
1952,use_food,total,1.269546082,Gt/yr,krausmann2018,observed
1953,use_food,total,1.292470677,Gt/yr,krausmann2018,observed
1954,use_food,total,1.315395272,Gt/yr,krausmann2018,observed
1955,use_food,total,1.338319868,Gt/yr,krausmann2018,observed
1956,use_food,total,1.361244463,Gt/yr,krausmann2018,observed
1957,use_food,total,1.384169058,Gt/yr,krausmann2018,observed
1958,use_food,total,1.407093653,Gt/yr,krausmann2018,observed
1959,use_food,total,1.430018249,Gt/yr,krausmann2018,observed
1960,use_food,total,1.452942844,Gt/yr,krausmann2018,observed
1961,use_food,total,1.479532997,Gt/yr,krausmann2018,observed
1962,use_food,total,1.508520296,Gt/yr,krausmann2018,observed
1963,use_food,total,1.524377483,Gt/yr,krausmann2018,observed
1964,use_food,total,1.648549132,Gt/yr,krausmann2018,observed
1965,use_food,total,1.606537586,Gt/yr,krausmann2018,observed
1966,use_food,total,1.705303934,Gt/yr,krausmann2018,observed
1967,use_food,total,1.767215857,Gt/yr,krausmann2018,observed
1968,use_food,total,1.782941271,Gt/yr,krausmann2018,observed
1969,use_food,total,1.749107452,Gt/yr,krausmann2018,observed
1970,use_food,total,1.818939172,Gt/yr,krausmann2018,observed
1971,use_food,total,1.898128628,Gt/yr,krausmann2018,observed
1972,use_food,total,1.793195422,Gt/yr,krausmann2018,observed
1973,use_food,total,2.013073632,Gt/yr,krausmann2018,observed
1974,use_food,total,2.011380688,Gt/yr,krausmann2018,observed
1975,use_food,total,2.067389331,Gt/yr,krausmann2018,observed
1976,use_food,total,2.207251887,Gt/yr,krausmann2018,observed
1977,use_food,total,2.203357976,Gt/yr,krausmann2018,observed
1978,use_food,total,2.331166144,Gt/yr,krausmann2018,observed
1979,use_food,total,2.230330685,Gt/yr,krausmann2018,observed
1980,use_food,total,2.176553006,Gt/yr,krausmann2018,observed
1981,use_food,total,2.366869271,Gt/yr,krausmann2018,observed
1982,use_food,total,2.500012175,Gt/yr,krausmann2018,observed
1983,use_food,total,2.355056844,Gt/yr,krausmann2018,observed
1984,use_food,total,2.593015472,Gt/yr,krausmann2018,observed
1985,use_food,total,2.609240584,Gt/yr,krausmann2018,observed
1986,use_food,total,2.60840842,Gt/yr,krausmann2018,observed
1987,use_food,total,2.577060376,Gt/yr,krausmann2018,observed
1988,use_food,total,2.567306373,Gt/yr,krausmann2018,observed
1989,use_food,total,2.783768779,Gt/yr,krausmann2018,observed
1990,use_food,total,2.885841205,Gt/yr,krausmann2018,observed
1991,use_food,total,2.853311918,Gt/yr,krausmann2018,observed
1992,use_food,total,3.033597908,Gt/yr,krausmann2018,observed
1993,use_food,total,2.931114423,Gt/yr,krausmann2018,observed
1994,use_food,total,2.986088274,Gt/yr,krausmann2018,observed
1995,use_food,total,3.043015189,Gt/yr,krausmann2018,observed
1996,use_food,total,3.277776995,Gt/yr,krausmann2018,observed
1997,use_food,total,3.37958024,Gt/yr,krausmann2018,observed
1998,use_food,total,3.425105137,Gt/yr,krausmann2018,observed
1999,use_food,total,3.501030233,Gt/yr,krausmann2018,observed
2000,use_food,total,3.492346012,Gt/yr,krausmann2018,observed
2001,use_food,total,3.507308026,Gt/yr,krausmann2018,observed
2002,use_food,total,3.496804335,Gt/yr,krausmann2018,observed
2003,use_food,total,3.592094332,Gt/yr,krausmann2018,observed
2004,use_food,total,3.802540642,Gt/yr,krausmann2018,observed
2005,use_food,total,3.795048057,Gt/yr,krausmann2018,observed
2006,use_food,total,3.836457337,Gt/yr,krausmann2018,observed
2007,use_food,total,4.019305223,Gt/yr,krausmann2018,observed
2008,use_food,total,4.26288435,Gt/yr,krausmann2018,observed
2009,use_food,total,4.233590865,Gt/yr,krausmann2018,observed
2010,use_food,total,4.255654896,Gt/yr,krausmann2018,observed
2011,use_food,total,4.44263956,Gt/yr,krausmann2018,observed
2012,use_food,total,4.277039085,Gt/yr,krausmann2018,observed
2013,use_food,total,4.477071097,Gt/yr,krausmann2018,observed
2014,use_food,total,4.360088848,Gt/yr,krausmann2018,observed
2015,use_food,total,4.338475739,Gt/yr,krausmann2018,observed
1900,use_other_dissipative,total,0.7478306549,Gt/yr,krausmann2018,observed
1901,use_other_dissipative,total,0.7564650401,Gt/yr,krausmann2018,observed
1902,use_other_dissipative,total,0.7687033282,Gt/yr,krausmann2018,observed
1903,use_other_dissipative,total,0.7767501799,Gt/yr,krausmann2018,observed
1904,use_other_dissipative,total,0.7837087535,Gt/yr,krausmann2018,observed
1905,use_other_dissipative,total,0.793101802,Gt/yr,krausmann2018,observed
1906,use_other_dissipative,total,0.8011351226,Gt/yr,krausmann2018,observed
1907,use_other_dissipative,total,0.8113266411,Gt/yr,krausmann2018,observed
1908,use_other_dissipative,total,0.821151694,Gt/yr,krausmann2018,observed
1909,use_other_dissipative,total,0.8301815733,Gt/yr,krausmann2018,observed
1910,use_other_dissipative,total,0.8394755847,Gt/yr,krausmann2018,observed
1911,use_other_dissipative,total,0.8479942059,Gt/yr,krausmann2018,observed
1912,use_other_dissipative,total,0.8576229841,Gt/yr,krausmann2018,observed
1913,use_other_dissipative,total,0.8670628009,Gt/yr,krausmann2018,observed
1914,use_other_dissipative,total,0.872357306,Gt/yr,krausmann2018,observed
1915,use_other_dissipative,total,0.8782999707,Gt/yr,krausmann2018,observed
1916,use_other_dissipative,total,0.888962487,Gt/yr,krausmann2018,observed
1917,use_other_dissipative,total,0.8988735752,Gt/yr,krausmann2018,observed
1918,use_other_dissipative,total,0.9069915944,Gt/yr,krausmann2018,observed
1919,use_other_dissipative,total,0.9166794202,Gt/yr,krausmann2018,observed
1920,use_other_dissipative,total,0.9291063931,Gt/yr,krausmann2018,observed
1921,use_other_dissipative,total,0.9328905394,Gt/yr,krausmann2018,observed
1922,use_other_dissipative,total,0.9474606941,Gt/yr,krausmann2018,observed
1923,use_other_dissipative,total,0.9577410143,Gt/yr,krausmann2018,observed
1924,use_other_dissipative,total,0.9764809342,Gt/yr,krausmann2018,observed
1925,use_other_dissipative,total,0.9881804844,Gt/yr,krausmann2018,observed
1926,use_other_dissipative,total,0.999018539,Gt/yr,krausmann2018,observed
1927,use_other_dissipative,total,1.008494682,Gt/yr,krausmann2018,observed
1928,use_other_dissipative,total,1.017887535,Gt/yr,krausmann2018,observed
1929,use_other_dissipative,total,1.02696878,Gt/yr,krausmann2018,observed
1930,use_other_dissipative,total,1.035146832,Gt/yr,krausmann2018,observed
1931,use_other_dissipative,total,1.037724922,Gt/yr,krausmann2018,observed
1932,use_other_dissipative,total,1.051481359,Gt/yr,krausmann2018,observed
1933,use_other_dissipative,total,1.070500839,Gt/yr,krausmann2018,observed
1934,use_other_dissipative,total,1.085580527,Gt/yr,krausmann2018,observed
1935,use_other_dissipative,total,1.102115989,Gt/yr,krausmann2018,observed
1936,use_other_dissipative,total,1.121265165,Gt/yr,krausmann2018,observed
1937,use_other_dissipative,total,1.131651264,Gt/yr,krausmann2018,observed
1938,use_other_dissipative,total,1.13433112,Gt/yr,krausmann2018,observed
1939,use_other_dissipative,total,1.160797277,Gt/yr,krausmann2018,observed
1940,use_other_dissipative,total,1.180263423,Gt/yr,krausmann2018,observed
1941,use_other_dissipative,total,1.198772129,Gt/yr,krausmann2018,observed
1942,use_other_dissipative,total,1.21201262,Gt/yr,krausmann2018,observed
1943,use_other_dissipative,total,1.228782509,Gt/yr,krausmann2018,observed
1944,use_other_dissipative,total,1.245318806,Gt/yr,krausmann2018,observed
1945,use_other_dissipative,total,1.253706863,Gt/yr,krausmann2018,observed
1946,use_other_dissipative,total,1.276120361,Gt/yr,krausmann2018,observed
1947,use_other_dissipative,total,1.297706355,Gt/yr,krausmann2018,observed
1948,use_other_dissipative,total,1.327996397,Gt/yr,krausmann2018,observed
1949,use_other_dissipative,total,1.337686489,Gt/yr,krausmann2018,observed
1950,use_other_dissipative,total,1.358954006,Gt/yr,krausmann2018,observed
1951,use_other_dissipative,total,1.397588224,Gt/yr,krausmann2018,observed
1952,use_other_dissipative,total,1.426795221,Gt/yr,krausmann2018,observed
1953,use_other_dissipative,total,1.460826722,Gt/yr,krausmann2018,observed
1954,use_other_dissipative,total,1.493488649,Gt/yr,krausmann2018,observed
1955,use_other_dissipative,total,1.537650901,Gt/yr,krausmann2018,observed
1956,use_other_dissipative,total,1.573312586,Gt/yr,krausmann2018,observed
1957,use_other_dissipative,total,1.606980143,Gt/yr,krausmann2018,observed
1958,use_other_dissipative,total,1.640193948,Gt/yr,krausmann2018,observed
1959,use_other_dissipative,total,1.689274854,Gt/yr,krausmann2018,observed
1960,use_other_dissipative,total,1.716736625,Gt/yr,krausmann2018,observed
1961,use_other_dissipative,total,1.746112463,Gt/yr,krausmann2018,observed
1962,use_other_dissipative,total,1.790629237,Gt/yr,krausmann2018,observed
1963,use_other_dissipative,total,1.891125548,Gt/yr,krausmann2018,observed
1964,use_other_dissipative,total,1.941566891,Gt/yr,krausmann2018,observed
1965,use_other_dissipative,total,1.959548331,Gt/yr,krausmann2018,observed
1966,use_other_dissipative,total,2.049172162,Gt/yr,krausmann2018,observed
1967,use_other_dissipative,total,2.118934221,Gt/yr,krausmann2018,observed
1968,use_other_dissipative,total,2.146605477,Gt/yr,krausmann2018,observed
1969,use_other_dissipative,total,2.15874144,Gt/yr,krausmann2018,observed
1970,use_other_dissipative,total,2.2168243,Gt/yr,krausmann2018,observed
1971,use_other_dissipative,total,2.365620491,Gt/yr,krausmann2018,observed
1972,use_other_dissipative,total,2.32997522,Gt/yr,krausmann2018,observed
1973,use_other_dissipative,total,2.444502832,Gt/yr,krausmann2018,observed
1974,use_other_dissipative,total,2.463044488,Gt/yr,krausmann2018,observed
1975,use_other_dissipative,total,2.4914679,Gt/yr,krausmann2018,observed
1976,use_other_dissipative,total,2.591632279,Gt/yr,krausmann2018,observed
1977,use_other_dissipative,total,2.617944102,Gt/yr,krausmann2018,observed
1978,use_other_dissipative,total,2.799873337,Gt/yr,krausmann2018,observed
1979,use_other_dissipative,total,2.769604393,Gt/yr,krausmann2018,observed
1980,use_other_dissipative,total,2.776314442,Gt/yr,krausmann2018,observed
1981,use_other_dissipative,total,2.871007026,Gt/yr,krausmann2018,observed
1982,use_other_dissipative,total,2.878893025,Gt/yr,krausmann2018,observed
1983,use_other_dissipative,total,2.8294455,Gt/yr,krausmann2018,observed
1984,use_other_dissipative,total,3.047455898,Gt/yr,krausmann2018,observed
1985,use_other_dissipative,total,3.154802617,Gt/yr,krausmann2018,observed
1986,use_other_dissipative,total,3.136381391,Gt/yr,krausmann2018,observed
1987,use_other_dissipative,total,3.110441298,Gt/yr,krausmann2018,observed
1988,use_other_dissipative,total,3.159910842,Gt/yr,krausmann2018,observed
1989,use_other_dissipative,total,3.341106096,Gt/yr,krausmann2018,observed
1990,use_other_dissipative,total,3.381649005,Gt/yr,krausmann2018,observed
1991,use_other_dissipative,total,3.338094046,Gt/yr,krausmann2018,observed
1992,use_other_dissipative,total,3.431431907,Gt/yr,krausmann2018,observed
1993,use_other_dissipative,total,3.256767413,Gt/yr,krausmann2018,observed
1994,use_other_dissipative,total,3.349364607,Gt/yr,krausmann2018,observed
1995,use_other_dissipative,total,3.359488102,Gt/yr,krausmann2018,observed
1996,use_other_dissipative,total,3.518520308,Gt/yr,krausmann2018,observed
1997,use_other_dissipative,total,3.445899068,Gt/yr,krausmann2018,observed
1998,use_other_dissipative,total,3.457648557,Gt/yr,krausmann2018,observed
1999,use_other_dissipative,total,3.590294717,Gt/yr,krausmann2018,observed
2000,use_other_dissipative,total,3.430948105,Gt/yr,krausmann2018,observed
2001,use_other_dissipative,total,3.561941605,Gt/yr,krausmann2018,observed
2002,use_other_dissipative,total,3.652121063,Gt/yr,krausmann2018,observed
2003,use_other_dissipative,total,3.728398451,Gt/yr,krausmann2018,observed
2004,use_other_dissipative,total,3.836144308,Gt/yr,krausmann2018,observed
2005,use_other_dissipative,total,4.15565767,Gt/yr,krausmann2018,observed
2006,use_other_dissipative,total,4.279898182,Gt/yr,krausmann2018,observed
2007,use_other_dissipative,total,4.613514934,Gt/yr,krausmann2018,observed
2008,use_other_dissipative,total,4.897592821,Gt/yr,krausmann2018,observed
2009,use_other_dissipative,total,5.018147877,Gt/yr,krausmann2018,observed
2010,use_other_dissipative,total,5.129641701,Gt/yr,krausmann2018,observed
2011,use_other_dissipative,total,5.377815563,Gt/yr,krausmann2018,observed
2012,use_other_dissipative,total,5.523616945,Gt/yr,krausmann2018,observed
2013,use_other_dissipative,total,5.791935881,Gt/yr,krausmann2018,observed
2014,use_other_dissipative,total,5.987680767,Gt/yr,krausmann2018,observed
2015,use_other_dissipative,total,6.095580862,Gt/yr,krausmann2018,observed
1900,use_stock_building,total,1.23625115,Gt/yr,krausmann2018,observed
1901,use_stock_building,total,1.269555424,Gt/yr,krausmann2018,observed
1902,use_stock_building,total,1.282285054,Gt/yr,krausmann2018,observed
1903,use_stock_building,total,1.315337367,Gt/yr,krausmann2018,observed
1904,use_stock_building,total,1.331233478,Gt/yr,krausmann2018,observed
1905,use_stock_building,total,1.387962546,Gt/yr,krausmann2018,observed
1906,use_stock_building,total,1.406322655,Gt/yr,krausmann2018,observed
1907,use_stock_building,total,1.453997399,Gt/yr,krausmann2018,observed
1908,use_stock_building,total,1.47669027,Gt/yr,krausmann2018,observed
1909,use_stock_building,total,1.527891102,Gt/yr,krausmann2018,observed
1910,use_stock_building,total,1.550670689,Gt/yr,krausmann2018,observed
1911,use_stock_building,total,1.560944289,Gt/yr,krausmann2018,observed
1912,use_stock_building,total,1.59309404,Gt/yr,krausmann2018,observed
1913,use_stock_building,total,1.632758602,Gt/yr,krausmann2018,observed
1914,use_stock_building,total,1.584622628,Gt/yr,krausmann2018,observed
1915,use_stock_building,total,1.560509645,Gt/yr,krausmann2018,observed
1916,use_stock_building,total,1.581273713,Gt/yr,krausmann2018,observed
1917,use_stock_building,total,1.545322492,Gt/yr,krausmann2018,observed
1918,use_stock_building,total,1.558409056,Gt/yr,krausmann2018,observed
1919,use_stock_building,total,1.465053192,Gt/yr,krausmann2018,observed
1920,use_stock_building,total,1.546940714,Gt/yr,krausmann2018,observed
1921,use_stock_building,total,1.53321433,Gt/yr,krausmann2018,observed
1922,use_stock_building,total,1.658813442,Gt/yr,krausmann2018,observed
1923,use_stock_building,total,1.70581202,Gt/yr,krausmann2018,observed
1924,use_stock_building,total,1.81155346,Gt/yr,krausmann2018,observed
1925,use_stock_building,total,1.901714911,Gt/yr,krausmann2018,observed
1926,use_stock_building,total,1.990306175,Gt/yr,krausmann2018,observed
1927,use_stock_building,total,2.091676297,Gt/yr,krausmann2018,observed
1928,use_stock_building,total,2.143538474,Gt/yr,krausmann2018,observed
1929,use_stock_building,total,2.211800201,Gt/yr,krausmann2018,observed
1930,use_stock_building,total,2.190274233,Gt/yr,krausmann2018,observed
1931,use_stock_building,total,2.140327244,Gt/yr,krausmann2018,observed
1932,use_stock_building,total,2.035429557,Gt/yr,krausmann2018,observed
1933,use_stock_building,total,2.056339483,Gt/yr,krausmann2018,observed
1934,use_stock_building,total,2.196472399,Gt/yr,krausmann2018,observed
1935,use_stock_building,total,2.268337452,Gt/yr,krausmann2018,observed
1936,use_stock_building,total,2.345644524,Gt/yr,krausmann2018,observed
1937,use_stock_building,total,2.582288477,Gt/yr,krausmann2018,observed
1938,use_stock_building,total,2.616983632,Gt/yr,krausmann2018,observed
1939,use_stock_building,total,2.714579426,Gt/yr,krausmann2018,observed
1940,use_stock_building,total,2.722119859,Gt/yr,krausmann2018,observed
1941,use_stock_building,total,2.818091329,Gt/yr,krausmann2018,observed
1942,use_stock_building,total,2.797497091,Gt/yr,krausmann2018,observed
1943,use_stock_building,total,2.792477485,Gt/yr,krausmann2018,observed
1944,use_stock_building,total,2.745881314,Gt/yr,krausmann2018,observed
1945,use_stock_building,total,2.719971141,Gt/yr,krausmann2018,observed
1946,use_stock_building,total,2.964923972,Gt/yr,krausmann2018,observed
1947,use_stock_building,total,3.230366308,Gt/yr,krausmann2018,observed
1948,use_stock_building,total,3.467305085,Gt/yr,krausmann2018,observed
1949,use_stock_building,total,3.693336039,Gt/yr,krausmann2018,observed
1950,use_stock_building,total,4.029869773,Gt/yr,krausmann2018,observed
1951,use_stock_building,total,4.340418272,Gt/yr,krausmann2018,observed
1952,use_stock_building,total,4.60238836,Gt/yr,krausmann2018,observed
1953,use_stock_building,total,4.831493868,Gt/yr,krausmann2018,observed
1954,use_stock_building,total,5.168973853,Gt/yr,krausmann2018,observed
1955,use_stock_building,total,5.414757412,Gt/yr,krausmann2018,observed
1956,use_stock_building,total,5.806256778,Gt/yr,krausmann2018,observed
1957,use_stock_building,total,6.075213841,Gt/yr,krausmann2018,observed
1958,use_stock_building,total,6.346970862,Gt/yr,krausmann2018,observed
1959,use_stock_building,total,6.760217063,Gt/yr,krausmann2018,observed
1960,use_stock_building,total,7.193090218,Gt/yr,krausmann2018,observed
1961,use_stock_building,total,7.569632749,Gt/yr,krausmann2018,observed
1962,use_stock_building,total,7.987717957,Gt/yr,krausmann2018,observed
1963,use_stock_building,total,8.429750438,Gt/yr,krausmann2018,observed
1964,use_stock_building,total,9.101841925,Gt/yr,krausmann2018,observed
1965,use_stock_building,total,9.538441158,Gt/yr,krausmann2018,observed
1966,use_stock_building,total,10.24761515,Gt/yr,krausmann2018,observed
1967,use_stock_building,total,10.42450927,Gt/yr,krausmann2018,observed
1968,use_stock_building,total,11.13370944,Gt/yr,krausmann2018,observed
1969,use_stock_building,total,11.57724414,Gt/yr,krausmann2018,observed
1970,use_stock_building,total,12.52224153,Gt/yr,krausmann2018,observed
1971,use_stock_building,total,12.76239897,Gt/yr,krausmann2018,observed
1972,use_stock_building,total,14.13721661,Gt/yr,krausmann2018,observed
1973,use_stock_building,total,14.62897452,Gt/yr,krausmann2018,observed
1974,use_stock_building,total,14.95354552,Gt/yr,krausmann2018,observed
1975,use_stock_building,total,14.63734536,Gt/yr,krausmann2018,observed
1976,use_stock_building,total,14.75842551,Gt/yr,krausmann2018,observed
1977,use_stock_building,total,15.09666701,Gt/yr,krausmann2018,observed
1978,use_stock_building,total,15.7331298,Gt/yr,krausmann2018,observed
1979,use_stock_building,total,16.19369089,Gt/yr,krausmann2018,observed
1980,use_stock_building,total,16.2220051,Gt/yr,krausmann2018,observed
1981,use_stock_building,total,15.65880161,Gt/yr,krausmann2018,observed
1982,use_stock_building,total,15.46421893,Gt/yr,krausmann2018,observed
1983,use_stock_building,total,15.65013347,Gt/yr,krausmann2018,observed
1984,use_stock_building,total,16.39270737,Gt/yr,krausmann2018,observed
1985,use_stock_building,total,16.62267713,Gt/yr,krausmann2018,observed
1986,use_stock_building,total,17.26624076,Gt/yr,krausmann2018,observed
1987,use_stock_building,total,18.0412851,Gt/yr,krausmann2018,observed
1988,use_stock_building,total,19.29854571,Gt/yr,krausmann2018,observed
1989,use_stock_building,total,18.86547261,Gt/yr,krausmann2018,observed
1990,use_stock_building,total,18.96692596,Gt/yr,krausmann2018,observed
1991,use_stock_building,total,20.22163646,Gt/yr,krausmann2018,observed
1992,use_stock_building,total,20.28626253,Gt/yr,krausmann2018,observed
1993,use_stock_building,total,22.03396355,Gt/yr,krausmann2018,observed
1994,use_stock_building,total,22.98756545,Gt/yr,krausmann2018,observed
1995,use_stock_building,total,25.47673291,Gt/yr,krausmann2018,observed
1996,use_stock_building,total,25.47254852,Gt/yr,krausmann2018,observed
1997,use_stock_building,total,25.97894468,Gt/yr,krausmann2018,observed
1998,use_stock_building,total,27.04182294,Gt/yr,krausmann2018,observed
1999,use_stock_building,total,27.54632056,Gt/yr,krausmann2018,observed
2000,use_stock_building,total,28.14737521,Gt/yr,krausmann2018,observed
2001,use_stock_building,total,28.01541814,Gt/yr,krausmann2018,observed
2002,use_stock_building,total,28.25465309,Gt/yr,krausmann2018,observed
2003,use_stock_building,total,30.10816866,Gt/yr,krausmann2018,observed
2004,use_stock_building,total,31.71779613,Gt/yr,krausmann2018,observed
2005,use_stock_building,total,33.18469576,Gt/yr,krausmann2018,observed
2006,use_stock_building,total,35.72357242,Gt/yr,krausmann2018,observed
2007,use_stock_building,total,37.34284012,Gt/yr,krausmann2018,observed
2008,use_stock_building,total,37.31597156,Gt/yr,krausmann2018,observed
2009,use_stock_building,total,38.61908195,Gt/yr,krausmann2018,observed
2010,use_stock_building,total,40.89288706,Gt/yr,krausmann2018,observed
2011,use_stock_building,total,43.97230478,Gt/yr,krausmann2018,observed
2012,use_stock_building,total,45.15483604,Gt/yr,krausmann2018,observed
2013,use_stock_building,total,47.03486615,Gt/yr,krausmann2018,observed
2014,use_stock_building,total,48.05255557,Gt/yr,krausmann2018,observed
2015,use_stock_building,total,47.51484192,Gt/yr,krausmann2018,observed
1900,use_tailings,total,0.1039266089,Gt/yr,krausmann2018,observed
1901,use_tailings,total,0.1080442917,Gt/yr,krausmann2018,observed
1902,use_tailings,total,0.1117113079,Gt/yr,krausmann2018,observed
1903,use_tailings,total,0.1154883283,Gt/yr,krausmann2018,observed
1904,use_tailings,total,0.1207785,Gt/yr,krausmann2018,observed
1905,use_tailings,total,0.1357188907,Gt/yr,krausmann2018,observed
1906,use_tailings,total,0.1341441374,Gt/yr,krausmann2018,observed
1907,use_tailings,total,0.1517650283,Gt/yr,krausmann2018,observed
1908,use_tailings,total,0.1495322721,Gt/yr,krausmann2018,observed
1909,use_tailings,total,0.1632247404,Gt/yr,krausmann2018,observed
1910,use_tailings,total,0.1775388681,Gt/yr,krausmann2018,observed
1911,use_tailings,total,0.1787896148,Gt/yr,krausmann2018,observed
1912,use_tailings,total,0.1989734002,Gt/yr,krausmann2018,observed
1913,use_tailings,total,0.2175497982,Gt/yr,krausmann2018,observed
1914,use_tailings,total,0.1804873558,Gt/yr,krausmann2018,observed
1915,use_tailings,total,0.1857515923,Gt/yr,krausmann2018,observed
1916,use_tailings,total,0.2167439842,Gt/yr,krausmann2018,observed
1917,use_tailings,total,0.2214583313,Gt/yr,krausmann2018,observed
1918,use_tailings,total,0.2110213523,Gt/yr,krausmann2018,observed
1919,use_tailings,total,0.173356681,Gt/yr,krausmann2018,observed
1920,use_tailings,total,0.1833266841,Gt/yr,krausmann2018,observed
1921,use_tailings,total,0.1287623044,Gt/yr,krausmann2018,observed
1922,use_tailings,total,0.1715725252,Gt/yr,krausmann2018,observed
1923,use_tailings,total,0.2133156361,Gt/yr,krausmann2018,observed
1924,use_tailings,total,0.2230564943,Gt/yr,krausmann2018,observed
1925,use_tailings,total,0.2500240889,Gt/yr,krausmann2018,observed
1926,use_tailings,total,0.2535693529,Gt/yr,krausmann2018,observed
1927,use_tailings,total,0.2703407339,Gt/yr,krausmann2018,observed
1928,use_tailings,total,0.2937001268,Gt/yr,krausmann2018,observed
1929,use_tailings,total,0.3263321752,Gt/yr,krausmann2018,observed
1930,use_tailings,total,0.2913281981,Gt/yr,krausmann2018,observed
1931,use_tailings,total,0.2287627389,Gt/yr,krausmann2018,observed
1932,use_tailings,total,0.1559557793,Gt/yr,krausmann2018,observed
1933,use_tailings,total,0.1765274742,Gt/yr,krausmann2018,observed
1934,use_tailings,total,0.2250912442,Gt/yr,krausmann2018,observed
1935,use_tailings,total,0.2591352022,Gt/yr,krausmann2018,observed
1936,use_tailings,total,0.3123961153,Gt/yr,krausmann2018,observed
1937,use_tailings,total,0.3884609238,Gt/yr,krausmann2018,observed
1938,use_tailings,total,0.3327886154,Gt/yr,krausmann2018,observed
1939,use_tailings,total,0.3652691421,Gt/yr,krausmann2018,observed
1940,use_tailings,total,0.4080335599,Gt/yr,krausmann2018,observed
1941,use_tailings,total,0.4268488016,Gt/yr,krausmann2018,observed
1942,use_tailings,total,0.3964745864,Gt/yr,krausmann2018,observed
1943,use_tailings,total,0.4101006735,Gt/yr,krausmann2018,observed
1944,use_tailings,total,0.3566256459,Gt/yr,krausmann2018,observed
1945,use_tailings,total,0.3022160695,Gt/yr,krausmann2018,observed
1946,use_tailings,total,0.2780045932,Gt/yr,krausmann2018,observed
1947,use_tailings,total,0.3360611506,Gt/yr,krausmann2018,observed
1948,use_tailings,total,0.3790098586,Gt/yr,krausmann2018,observed
1949,use_tailings,total,0.3788060622,Gt/yr,krausmann2018,observed
1950,use_tailings,total,0.4202779107,Gt/yr,krausmann2018,observed
1951,use_tailings,total,0.4587910099,Gt/yr,krausmann2018,observed
1952,use_tailings,total,0.4798227375,Gt/yr,krausmann2018,observed
1953,use_tailings,total,0.5203812471,Gt/yr,krausmann2018,observed
1954,use_tailings,total,0.5635755812,Gt/yr,krausmann2018,observed
1955,use_tailings,total,0.5737466225,Gt/yr,krausmann2018,observed
1956,use_tailings,total,0.6144182509,Gt/yr,krausmann2018,observed
1957,use_tailings,total,0.6451878835,Gt/yr,krausmann2018,observed
1958,use_tailings,total,0.5914745716,Gt/yr,krausmann2018,observed
1959,use_tailings,total,0.6411642365,Gt/yr,krausmann2018,observed
1960,use_tailings,total,0.7320000176,Gt/yr,krausmann2018,observed
1961,use_tailings,total,0.7420591578,Gt/yr,krausmann2018,observed
1962,use_tailings,total,0.7650871225,Gt/yr,krausmann2018,observed
1963,use_tailings,total,0.7786187641,Gt/yr,krausmann2018,observed
1964,use_tailings,total,0.8365058684,Gt/yr,krausmann2018,observed
1965,use_tailings,total,0.8973938997,Gt/yr,krausmann2018,observed
1966,use_tailings,total,0.9297773801,Gt/yr,krausmann2018,observed
1967,use_tailings,total,0.9513696738,Gt/yr,krausmann2018,observed
1968,use_tailings,total,1.026044135,Gt/yr,krausmann2018,observed
1969,use_tailings,total,1.089291507,Gt/yr,krausmann2018,observed
1970,use_tailings,total,1.198341732,Gt/yr,krausmann2018,observed
1971,use_tailings,total,1.207559507,Gt/yr,krausmann2018,observed
1972,use_tailings,total,1.250825791,Gt/yr,krausmann2018,observed
1973,use_tailings,total,1.335852665,Gt/yr,krausmann2018,observed
1974,use_tailings,total,1.408764017,Gt/yr,krausmann2018,observed
1975,use_tailings,total,1.41540873,Gt/yr,krausmann2018,observed
1976,use_tailings,total,1.439682041,Gt/yr,krausmann2018,observed
1977,use_tailings,total,1.456044817,Gt/yr,krausmann2018,observed
1978,use_tailings,total,1.486258001,Gt/yr,krausmann2018,observed
1979,use_tailings,total,1.549942011,Gt/yr,krausmann2018,observed
1980,use_tailings,total,1.586294521,Gt/yr,krausmann2018,observed
1981,use_tailings,total,1.593106057,Gt/yr,krausmann2018,observed
1982,use_tailings,total,1.511896096,Gt/yr,krausmann2018,observed
1983,use_tailings,total,1.464458911,Gt/yr,krausmann2018,observed
1984,use_tailings,total,1.585718622,Gt/yr,krausmann2018,observed
1985,use_tailings,total,1.634633385,Gt/yr,krausmann2018,observed
1986,use_tailings,total,1.643974074,Gt/yr,krausmann2018,observed
1987,use_tailings,total,1.729668928,Gt/yr,krausmann2018,observed
1988,use_tailings,total,1.894260567,Gt/yr,krausmann2018,observed
1989,use_tailings,total,1.991799206,Gt/yr,krausmann2018,observed
1990,use_tailings,total,2.004308044,Gt/yr,krausmann2018,observed
1991,use_tailings,total,1.948667791,Gt/yr,krausmann2018,observed
1992,use_tailings,total,1.925342246,Gt/yr,krausmann2018,observed
1993,use_tailings,total,1.897978897,Gt/yr,krausmann2018,observed
1994,use_tailings,total,1.931777556,Gt/yr,krausmann2018,observed
1995,use_tailings,total,2.059894261,Gt/yr,krausmann2018,observed
1996,use_tailings,total,2.161133983,Gt/yr,krausmann2018,observed
1997,use_tailings,total,2.280381785,Gt/yr,krausmann2018,observed
1998,use_tailings,total,2.370422191,Gt/yr,krausmann2018,observed
1999,use_tailings,total,2.432481591,Gt/yr,krausmann2018,observed
2000,use_tailings,total,2.551547567,Gt/yr,krausmann2018,observed
2001,use_tailings,total,2.585355705,Gt/yr,krausmann2018,observed
2002,use_tailings,total,2.610226099,Gt/yr,krausmann2018,observed
2003,use_tailings,total,2.714652433,Gt/yr,krausmann2018,observed
2004,use_tailings,total,2.965000391,Gt/yr,krausmann2018,observed
2005,use_tailings,total,3.161055288,Gt/yr,krausmann2018,observed
2006,use_tailings,total,3.316957635,Gt/yr,krausmann2018,observed
2007,use_tailings,total,3.555029263,Gt/yr,krausmann2018,observed
2008,use_tailings,total,3.687579492,Gt/yr,krausmann2018,observed
2009,use_tailings,total,3.662934896,Gt/yr,krausmann2018,observed
2010,use_tailings,total,3.912431854,Gt/yr,krausmann2018,observed
2011,use_tailings,total,4.24339839,Gt/yr,krausmann2018,observed
2012,use_tailings,total,4.312092631,Gt/yr,krausmann2018,observed
2013,use_tailings,total,4.616062649,Gt/yr,krausmann2018,observed
2014,use_tailings,total,4.683960619,Gt/yr,krausmann2018,observed
2015,use_tailings,total,4.766402684,Gt/yr,krausmann2018,observed
1900,use_technical_energy,total,1.458694783,Gt/yr,krausmann2018,observed
1901,use_technical_energy,total,1.494307454,Gt/yr,krausmann2018,observed
1902,use_technical_energy,total,1.524923774,Gt/yr,krausmann2018,observed
1903,use_technical_energy,total,1.63112291,Gt/yr,krausmann2018,observed
1904,use_technical_energy,total,1.650708593,Gt/yr,krausmann2018,observed
1905,use_technical_energy,total,1.722586568,Gt/yr,krausmann2018,observed
1906,use_technical_energy,total,1.823132885,Gt/yr,krausmann2018,observed
1907,use_technical_energy,total,1.967965301,Gt/yr,krausmann2018,observed
1908,use_technical_energy,total,1.90830815,Gt/yr,krausmann2018,observed
1909,use_technical_energy,total,1.975700277,Gt/yr,krausmann2018,observed
1910,use_technical_energy,total,2.04916521,Gt/yr,krausmann2018,observed
1911,use_technical_energy,total,2.088251249,Gt/yr,krausmann2018,observed
1912,use_technical_energy,total,2.177492436,Gt/yr,krausmann2018,observed
1913,use_technical_energy,total,2.300271226,Gt/yr,krausmann2018,observed
1914,use_technical_energy,total,2.138950908,Gt/yr,krausmann2018,observed
1915,use_technical_energy,total,2.132198406,Gt/yr,krausmann2018,observed
1916,use_technical_energy,total,2.256384097,Gt/yr,krausmann2018,observed
1917,use_technical_energy,total,2.354947751,Gt/yr,krausmann2018,observed
1918,use_technical_energy,total,2.33834182,Gt/yr,krausmann2018,observed
1919,use_technical_energy,total,2.148368537,Gt/yr,krausmann2018,observed
1920,use_technical_energy,total,2.382232988,Gt/yr,krausmann2018,observed
1921,use_technical_energy,total,2.14325089,Gt/yr,krausmann2018,observed
1922,use_technical_energy,total,2.252857375,Gt/yr,krausmann2018,observed
1923,use_technical_energy,total,2.47523152,Gt/yr,krausmann2018,observed
1924,use_technical_energy,total,2.46571103,Gt/yr,krausmann2018,observed
1925,use_technical_energy,total,2.48392388,Gt/yr,krausmann2018,observed
1926,use_technical_energy,total,2.48923189,Gt/yr,krausmann2018,observed
1927,use_technical_energy,total,2.615584692,Gt/yr,krausmann2018,observed
1928,use_technical_energy,total,2.786270593,Gt/yr,krausmann2018,observed
1929,use_technical_energy,total,2.787955193,Gt/yr,krausmann2018,observed
1930,use_technical_energy,total,2.633931888,Gt/yr,krausmann2018,observed
1931,use_technical_energy,total,2.437961329,Gt/yr,krausmann2018,observed
1932,use_technical_energy,total,2.27606365,Gt/yr,krausmann2018,observed
1933,use_technical_energy,total,2.361831149,Gt/yr,krausmann2018,observed
1934,use_technical_energy,total,2.515392653,Gt/yr,krausmann2018,observed
1935,use_technical_energy,total,2.614248503,Gt/yr,krausmann2018,observed
1936,use_technical_energy,total,2.797537548,Gt/yr,krausmann2018,observed
1937,use_technical_energy,total,2.936539819,Gt/yr,krausmann2018,observed
1938,use_technical_energy,total,2.764007469,Gt/yr,krausmann2018,observed
1939,use_technical_energy,total,2.961612814,Gt/yr,krausmann2018,observed
1940,use_technical_energy,total,3.180571799,Gt/yr,krausmann2018,observed
1941,use_technical_energy,total,3.265102642,Gt/yr,krausmann2018,observed
1942,use_technical_energy,total,3.296416501,Gt/yr,krausmann2018,observed
1943,use_technical_energy,total,3.37628571,Gt/yr,krausmann2018,observed
1944,use_technical_energy,total,3.366812389,Gt/yr,krausmann2018,observed
1945,use_technical_energy,total,2.911417976,Gt/yr,krausmann2018,observed
1946,use_technical_energy,total,3.058626505,Gt/yr,krausmann2018,observed
1947,use_technical_energy,total,3.33404216,Gt/yr,krausmann2018,observed
1948,use_technical_energy,total,3.46340687,Gt/yr,krausmann2018,observed
1949,use_technical_energy,total,3.385354168,Gt/yr,krausmann2018,observed
1950,use_technical_energy,total,3.624138783,Gt/yr,krausmann2018,observed
1951,use_technical_energy,total,3.806346404,Gt/yr,krausmann2018,observed
1952,use_technical_energy,total,3.85537072,Gt/yr,krausmann2018,observed
1953,use_technical_energy,total,3.901417893,Gt/yr,krausmann2018,observed
1954,use_technical_energy,total,3.951960056,Gt/yr,krausmann2018,observed
1955,use_technical_energy,total,4.224233004,Gt/yr,krausmann2018,observed
1956,use_technical_energy,total,4.426138656,Gt/yr,krausmann2018,observed
1957,use_technical_energy,total,4.574686265,Gt/yr,krausmann2018,observed
1958,use_technical_energy,total,4.761484986,Gt/yr,krausmann2018,observed
1959,use_technical_energy,total,4.975585439,Gt/yr,krausmann2018,observed
1960,use_technical_energy,total,5.277090851,Gt/yr,krausmann2018,observed
1961,use_technical_energy,total,5.329708462,Gt/yr,krausmann2018,observed
1962,use_technical_energy,total,5.584658953,Gt/yr,krausmann2018,observed
1963,use_technical_energy,total,5.947932181,Gt/yr,krausmann2018,observed
1964,use_technical_energy,total,6.218641188,Gt/yr,krausmann2018,observed
1965,use_technical_energy,total,6.107849521,Gt/yr,krausmann2018,observed
1966,use_technical_energy,total,6.340237972,Gt/yr,krausmann2018,observed
1967,use_technical_energy,total,6.36823754,Gt/yr,krausmann2018,observed
1968,use_technical_energy,total,6.683385275,Gt/yr,krausmann2018,observed
1969,use_technical_energy,total,6.850291825,Gt/yr,krausmann2018,observed
1970,use_technical_energy,total,7.089618636,Gt/yr,krausmann2018,observed
1971,use_technical_energy,total,7.272220901,Gt/yr,krausmann2018,observed
1972,use_technical_energy,total,7.49234074,Gt/yr,krausmann2018,observed
1973,use_technical_energy,total,7.779540771,Gt/yr,krausmann2018,observed
1974,use_technical_energy,total,7.840751584,Gt/yr,krausmann2018,observed
1975,use_technical_energy,total,7.915002168,Gt/yr,krausmann2018,observed
1976,use_technical_energy,total,8.240877454,Gt/yr,krausmann2018,observed
1977,use_technical_energy,total,8.49296317,Gt/yr,krausmann2018,observed
1978,use_technical_energy,total,8.611505248,Gt/yr,krausmann2018,observed
1979,use_technical_energy,total,8.968974312,Gt/yr,krausmann2018,observed
1980,use_technical_energy,total,8.949821894,Gt/yr,krausmann2018,observed
1981,use_technical_energy,total,8.845785857,Gt/yr,krausmann2018,observed
1982,use_technical_energy,total,9.078162595,Gt/yr,krausmann2018,observed
1983,use_technical_energy,total,9.094778451,Gt/yr,krausmann2018,observed
1984,use_technical_energy,total,9.464356299,Gt/yr,krausmann2018,observed
1985,use_technical_energy,total,9.450700684,Gt/yr,krausmann2018,observed
1986,use_technical_energy,total,9.677829942,Gt/yr,krausmann2018,observed
1987,use_technical_energy,total,9.838551951,Gt/yr,krausmann2018,observed
1988,use_technical_energy,total,10.07146124,Gt/yr,krausmann2018,observed
1989,use_technical_energy,total,10.23743443,Gt/yr,krausmann2018,observed
1990,use_technical_energy,total,10.19230657,Gt/yr,krausmann2018,observed
1991,use_technical_energy,total,10.05585689,Gt/yr,krausmann2018,observed
1992,use_technical_energy,total,9.875604135,Gt/yr,krausmann2018,observed
1993,use_technical_energy,total,9.820223545,Gt/yr,krausmann2018,observed
1994,use_technical_energy,total,9.928904139,Gt/yr,krausmann2018,observed
1995,use_technical_energy,total,10.14239367,Gt/yr,krausmann2018,observed
1996,use_technical_energy,total,10.33156549,Gt/yr,krausmann2018,observed
1997,use_technical_energy,total,10.39519354,Gt/yr,krausmann2018,observed
1998,use_technical_energy,total,10.46063563,Gt/yr,krausmann2018,observed
1999,use_technical_energy,total,10.3773828,Gt/yr,krausmann2018,observed
2000,use_technical_energy,total,10.65248596,Gt/yr,krausmann2018,observed
2001,use_technical_energy,total,10.91125639,Gt/yr,krausmann2018,observed
2002,use_technical_energy,total,10.97868758,Gt/yr,krausmann2018,observed
2003,use_technical_energy,total,11.53071451,Gt/yr,krausmann2018,observed
2004,use_technical_energy,total,12.08206799,Gt/yr,krausmann2018,observed
2005,use_technical_energy,total,12.52703253,Gt/yr,krausmann2018,observed
2006,use_technical_energy,total,12.92836655,Gt/yr,krausmann2018,observed
2007,use_technical_energy,total,13.17846928,Gt/yr,krausmann2018,observed
2008,use_technical_energy,total,13.53046517,Gt/yr,krausmann2018,observed
2009,use_technical_energy,total,13.45263223,Gt/yr,krausmann2018,observed
2010,use_technical_energy,total,14.03081592,Gt/yr,krausmann2018,observed
2011,use_technical_energy,total,14.70362591,Gt/yr,krausmann2018,observed
2012,use_technical_energy,total,14.93766013,Gt/yr,krausmann2018,observed
2013,use_technical_energy,total,15.10864304,Gt/yr,krausmann2018,observed
2014,use_technical_energy,total,15.15377745,Gt/yr,krausmann2018,observed
2015,use_technical_energy,total,15.0766645,Gt/yr,krausmann2018,observed
