year,series,category,value,unit,source,method
1900,DPO,biomass,5.258615008,Gt/yr,haas2020,observed
1901,DPO,biomass,5.315734994,Gt/yr,haas2020,observed
1902,DPO,biomass,5.373779915,Gt/yr,haas2020,observed
1903,DPO,biomass,5.433315796,Gt/yr,haas2020,observed
1904,DPO,biomass,5.492134354,Gt/yr,haas2020,observed
1905,DPO,biomass,5.551917331,Gt/yr,haas2020,observed
1906,DPO,biomass,5.611194565,Gt/yr,haas2020,observed
1907,DPO,biomass,5.67089665,Gt/yr,haas2020,observed
1908,DPO,biomass,5.730312849,Gt/yr,haas2020,observed
1909,DPO,biomass,5.789912187,Gt/yr,haas2020,observed
1910,DPO,biomass,5.849408549,Gt/yr,haas2020,observed
1911,DPO,biomass,5.919677371,Gt/yr,haas2020,observed
1912,DPO,biomass,5.989550291,Gt/yr,haas2020,observed
1913,DPO,biomass,6.059104116,Gt/yr,haas2020,observed
1914,DPO,biomass,6.128815245,Gt/yr,haas2020,observed
1915,DPO,biomass,6.198957886,Gt/yr,haas2020,observed
1916,DPO,biomass,6.268808869,Gt/yr,haas2020,observed
1917,DPO,biomass,6.338577008,Gt/yr,haas2020,observed
1918,DPO,biomass,6.408247195,Gt/yr,haas2020,observed
1919,DPO,biomass,6.478099242,Gt/yr,haas2020,observed
1920,DPO,biomass,6.547794146,Gt/yr,haas2020,observed
1921,DPO,biomass,6.616489563,Gt/yr,haas2020,observed
1922,DPO,biomass,6.68632212,Gt/yr,haas2020,observed
1923,DPO,biomass,6.7552691,Gt/yr,haas2020,observed
1924,DPO,biomass,6.824462298,Gt/yr,haas2020,observed
1925,DPO,biomass,6.894085545,Gt/yr,haas2020,observed
1926,DPO,biomass,6.963364112,Gt/yr,haas2020,observed
1927,DPO,biomass,7.032920889,Gt/yr,haas2020,observed
1928,DPO,biomass,7.10299253,Gt/yr,haas2020,observed
1929,DPO,biomass,7.172665921,Gt/yr,haas2020,observed
1930,DPO,biomass,7.243039883,Gt/yr,haas2020,observed
1931,DPO,biomass,7.28610075,Gt/yr,haas2020,observed
1932,DPO,biomass,7.331193727,Gt/yr,haas2020,observed
1933,DPO,biomass,7.374697755,Gt/yr,haas2020,observed
1934,DPO,biomass,7.419027713,Gt/yr,haas2020,observed
1935,DPO,biomass,7.464097725,Gt/yr,haas2020,observed
1936,DPO,biomass,7.507461199,Gt/yr,haas2020,observed
1937,DPO,biomass,7.551848705,Gt/yr,haas2020,observed
1938,DPO,biomass,7.596281045,Gt/yr,haas2020,observed
1939,DPO,biomass,7.640629934,Gt/yr,haas2020,observed
1940,DPO,biomass,7.685842662,Gt/yr,haas2020,observed
1941,DPO,biomass,7.730103341,Gt/yr,haas2020,observed
1942,DPO,biomass,7.775084281,Gt/yr,haas2020,observed
1943,DPO,biomass,7.820339443,Gt/yr,haas2020,observed
1944,DPO,biomass,7.863787582,Gt/yr,haas2020,observed
1945,DPO,biomass,7.909162451,Gt/yr,haas2020,observed
1946,DPO,biomass,7.954755369,Gt/yr,haas2020,observed
1947,DPO,biomass,7.998745293,Gt/yr,haas2020,observed
1948,DPO,biomass,8.043761426,Gt/yr,haas2020,observed
1949,DPO,biomass,8.088780212,Gt/yr,haas2020,observed
1950,DPO,biomass,8.13405478,Gt/yr,haas2020,observed
1951,DPO,biomass,8.24808304,Gt/yr,haas2020,observed
1952,DPO,biomass,8.360958353,Gt/yr,haas2020,observed
1953,DPO,biomass,8.474222598,Gt/yr,haas2020,observed
1954,DPO,biomass,8.587188992,Gt/yr,haas2020,observed
1955,DPO,biomass,8.700599012,Gt/yr,haas2020,observed
1956,DPO,biomass,8.813200329,Gt/yr,haas2020,observed
1957,DPO,biomass,8.925863922,Gt/yr,haas2020,observed
1958,DPO,biomass,9.039417674,Gt/yr,haas2020,observed
1959,DPO,biomass,9.152066543,Gt/yr,haas2020,observed
1960,DPO,biomass,9.265657821,Gt/yr,haas2020,observed
1961,DPO,biomass,9.378548824,Gt/yr,haas2020,observed
1962,DPO,biomass,9.515410046,Gt/yr,haas2020,observed
1963,DPO,biomass,9.626330075,Gt/yr,haas2020,observed
1964,DPO,biomass,9.989556809,Gt/yr,haas2020,observed
1965,DPO,biomass,10.14776345,Gt/yr,haas2020,observed
1966,DPO,biomass,10.5198099,Gt/yr,haas2020,observed
1967,DPO,biomass,10.82682876,Gt/yr,haas2020,observed
1968,DPO,biomass,11.00920284,Gt/yr,haas2020,observed
1969,DPO,biomass,11.10763056,Gt/yr,haas2020,observed
1970,DPO,biomass,11.38950549,Gt/yr,haas2020,observed
1971,DPO,biomass,11.73653571,Gt/yr,haas2020,observed
1972,DPO,biomass,11.71672465,Gt/yr,haas2020,observed
1973,DPO,biomass,12.17302531,Gt/yr,haas2020,observed
1974,DPO,biomass,12.3281546,Gt/yr,haas2020,observed
1975,DPO,biomass,12.45233567,Gt/yr,haas2020,observed
1976,DPO,biomass,12.77511192,Gt/yr,haas2020,observed
1977,DPO,biomass,12.88414323,Gt/yr,haas2020,observed
1978,DPO,biomass,13.251019,Gt/yr,haas2020,observed
1979,DPO,biomass,13.31299966,Gt/yr,haas2020,observed
1980,DPO,biomass,13.32974362,Gt/yr,haas2020,observed
1981,DPO,biomass,13.71870946,Gt/yr,haas2020,observed
1982,DPO,biomass,14.02965645,Gt/yr,haas2020,observed
1983,DPO,biomass,13.96647196,Gt/yr,haas2020,observed
1984,DPO,biomass,14.4914419,Gt/yr,haas2020,observed
1985,DPO,biomass,14.70710058,Gt/yr,haas2020,observed
1986,DPO,biomass,14.8521594,Gt/yr,haas2020,observed
1987,DPO,biomass,14.93372538,Gt/yr,haas2020,observed
1988,DPO,biomass,14.99126503,Gt/yr,haas2020,observed
1989,DPO,biomass,15.52181675,Gt/yr,haas2020,observed
1990,DPO,biomass,15.8542664,Gt/yr,haas2020,observed
1991,DPO,biomass,15.78623072,Gt/yr,haas2020,observed
1992,DPO,biomass,16.03286743,Gt/yr,haas2020,observed
1993,DPO,biomass,15.7681854,Gt/yr,haas2020,observed
1994,DPO,biomass,15.99683499,Gt/yr,haas2020,observed
1995,DPO,biomass,16.11170602,Gt/yr,haas2020,observed
1996,DPO,biomass,16.58899238,Gt/yr,haas2020,observed
1997,DPO,biomass,16.62243834,Gt/yr,haas2020,observed
1998,DPO,biomass,16.72483135,Gt/yr,haas2020,observed
1999,DPO,biomass,16.93595866,Gt/yr,haas2020,observed
2000,DPO,biomass,17.03472961,Gt/yr,haas2020,observed
2001,DPO,biomass,17.14362348,Gt/yr,haas2020,observed
2002,DPO,biomass,17.32630629,Gt/yr,haas2020,observed
2003,DPO,biomass,17.60863963,Gt/yr,haas2020,observed
2004,DPO,biomass,18.24330302,Gt/yr,haas2020,observed
2005,DPO,biomass,18.5448268,Gt/yr,haas2020,observed
2006,DPO,biomass,18.86273441,Gt/yr,haas2020,observed
2007,DPO,biomass,19.57954765,Gt/yr,haas2020,observed
2008,DPO,biomass,20.28820253,Gt/yr,haas2020,observed
2009,DPO,biomass,20.37959331,Gt/yr,haas2020,observed
2010,DPO,biomass,20.7217278,Gt/yr,haas2020,observed
2011,DPO,biomass,21.30888325,Gt/yr,haas2020,observed
2012,DPO,biomass,21.35019321,Gt/yr,haas2020,observed
2013,DPO,biomass,22.04951123,Gt/yr,haas2020,observed
2014,DPO,biomass,22.28601117,Gt/yr,haas2020,observed
2015,DPO,biomass,22.50332045,Gt/yr,haas2020,observed
1900,DPO,fossil,0.967444963,Gt/yr,haas2020,observed
1901,DPO,fossil,0.9945563339,Gt/yr,haas2020,observed
1902,DPO,fossil,1.016628579,Gt/yr,haas2020,observed
1903,DPO,fossil,1.114395693,Gt/yr,haas2020,observed
1904,DPO,fossil,1.125502716,Gt/yr,haas2020,observed
1905,DPO,fossil,1.188792326,Gt/yr,haas2020,observed
1906,DPO,fossil,1.280764473,Gt/yr,haas2020,observed
1907,DPO,fossil,1.417625727,Gt/yr,haas2020,observed
1908,DPO,fossil,1.349321262,Gt/yr,haas2020,observed
1909,DPO,fossil,1.40820668,Gt/yr,haas2020,observed
1910,DPO,fossil,1.473345563,Gt/yr,haas2020,observed
1911,DPO,fossil,1.503989375,Gt/yr,haas2020,observed
1912,DPO,fossil,1.584716221,Gt/yr,haas2020,observed
1913,DPO,fossil,1.699370061,Gt/yr,haas2020,observed
1914,DPO,fossil,1.529214891,Gt/yr,haas2020,observed
1915,DPO,fossil,1.514020971,Gt/yr,haas2020,observed
1916,DPO,fossil,1.629912111,Gt/yr,haas2020,observed
1917,DPO,fossil,1.720420503,Gt/yr,haas2020,observed
1918,DPO,fossil,1.694956301,Gt/yr,haas2020,observed
1919,DPO,fossil,1.496440284,Gt/yr,haas2020,observed
1920,DPO,fossil,1.723399927,Gt/yr,haas2020,observed
1921,DPO,fossil,1.475951533,Gt/yr,haas2020,observed
1922,DPO,fossil,1.5780055,Gt/yr,haas2020,observed
1923,DPO,fossil,1.79360068,Gt/yr,haas2020,observed
1924,DPO,fossil,1.775299402,Gt/yr,haas2020,observed
1925,DPO,fossil,1.785192111,Gt/yr,haas2020,observed
1926,DPO,fossil,1.782028066,Gt/yr,haas2020,observed
1927,DPO,fossil,1.901549216,Gt/yr,haas2020,observed
1928,DPO,fossil,2.064330304,Gt/yr,haas2020,observed
1929,DPO,fossil,2.058974952,Gt/yr,haas2020,observed
1930,DPO,fossil,1.895130438,Gt/yr,haas2020,observed
1931,DPO,fossil,1.690024795,Gt/yr,haas2020,observed
1932,DPO,fossil,1.518830893,Gt/yr,haas2020,observed
1933,DPO,fossil,1.59775197,Gt/yr,haas2020,observed
1934,DPO,fossil,1.744109962,Gt/yr,haas2020,observed
1935,DPO,fossil,1.836081291,Gt/yr,haas2020,observed
1936,DPO,fossil,2.012800105,Gt/yr,haas2020,observed
1937,DPO,fossil,2.146294254,Gt/yr,haas2020,observed
1938,DPO,fossil,1.958714837,Gt/yr,haas2020,observed
1939,DPO,fossil,2.155021217,Gt/yr,haas2020,observed
1940,DPO,fossil,2.366594003,Gt/yr,haas2020,observed
1941,DPO,fossil,2.443567317,Gt/yr,haas2020,observed
1942,DPO,fossil,2.465200518,Gt/yr,haas2020,observed
1943,DPO,fossil,2.538524116,Gt/yr,haas2020,observed
1944,DPO,fossil,2.523855161,Gt/yr,haas2020,observed
1945,DPO,fossil,2.059235694,Gt/yr,haas2020,observed
1946,DPO,fossil,2.199557054,Gt/yr,haas2020,observed
1947,DPO,fossil,2.469767344,Gt/yr,haas2020,observed
1948,DPO,fossil,2.595023737,Gt/yr,haas2020,observed
1949,DPO,fossil,2.507907758,Gt/yr,haas2020,observed
1950,DPO,fossil,2.738952271,Gt/yr,haas2020,observed
1951,DPO,fossil,2.921764108,Gt/yr,haas2020,observed
1952,DPO,fossil,2.968882906,Gt/yr,haas2020,observed
1953,DPO,fossil,3.01404826,Gt/yr,haas2020,observed
1954,DPO,fossil,3.063419252,Gt/yr,haas2020,observed
1955,DPO,fossil,3.338799842,Gt/yr,haas2020,observed
1956,DPO,fossil,3.541430146,Gt/yr,haas2020,observed
1957,DPO,fossil,3.688469153,Gt/yr,haas2020,observed
1958,DPO,fossil,3.875909766,Gt/yr,haas2020,observed
1959,DPO,fossil,4.091012421,Gt/yr,haas2020,observed
1960,DPO,fossil,4.39438464,Gt/yr,haas2020,observed
1961,DPO,fossil,4.44713362,Gt/yr,haas2020,observed
1962,DPO,fossil,4.712766341,Gt/yr,haas2020,observed
1963,DPO,fossil,5.076681844,Gt/yr,haas2020,observed
1964,DPO,fossil,5.345989255,Gt/yr,haas2020,observed
1965,DPO,fossil,5.239605523,Gt/yr,haas2020,observed
1966,DPO,fossil,5.469290889,Gt/yr,haas2020,observed
1967,DPO,fossil,5.502338541,Gt/yr,haas2020,observed
1968,DPO,fossil,5.823393051,Gt/yr,haas2020,observed
1969,DPO,fossil,6.000617893,Gt/yr,haas2020,observed
1970,DPO,fossil,6.239946002,Gt/yr,haas2020,observed
1971,DPO,fossil,6.441205658,Gt/yr,haas2020,observed
1972,DPO,fossil,6.664654617,Gt/yr,haas2020,observed
1973,DPO,fossil,6.973205314,Gt/yr,haas2020,observed
1974,DPO,fossil,7.019446225,Gt/yr,haas2020,observed
1975,DPO,fossil,7.090439523,Gt/yr,haas2020,observed
1976,DPO,fossil,7.425615068,Gt/yr,haas2020,observed
1977,DPO,fossil,7.690094759,Gt/yr,haas2020,observed
1978,DPO,fossil,7.827512722,Gt/yr,haas2020,observed
1979,DPO,fossil,8.172906777,Gt/yr,haas2020,observed
1980,DPO,fossil,8.130892162,Gt/yr,haas2020,observed
1981,DPO,fossil,8.019222914,Gt/yr,haas2020,observed
1982,DPO,fossil,8.213294843,Gt/yr,haas2020,observed
1983,DPO,fossil,8.239308985,Gt/yr,haas2020,observed
1984,DPO,fossil,8.607159771,Gt/yr,haas2020,observed
1985,DPO,fossil,8.608897078,Gt/yr,haas2020,observed
1986,DPO,fossil,8.8485653,Gt/yr,haas2020,observed
1987,DPO,fossil,9.029649359,Gt/yr,haas2020,observed
1988,DPO,fossil,9.270922039,Gt/yr,haas2020,observed
1989,DPO,fossil,9.438536956,Gt/yr,haas2020,observed
1990,DPO,fossil,9.377546213,Gt/yr,haas2020,observed
1991,DPO,fossil,9.217906575,Gt/yr,haas2020,observed
1992,DPO,fossil,9.058748566,Gt/yr,haas2020,observed
1993,DPO,fossil,9.001417987,Gt/yr,haas2020,observed
1994,DPO,fossil,9.121886709,Gt/yr,haas2020,observed
1995,DPO,fossil,9.345754416,Gt/yr,haas2020,observed
1996,DPO,fossil,9.559186712,Gt/yr,haas2020,observed
1997,DPO,fossil,9.626178399,Gt/yr,haas2020,observed
1998,DPO,fossil,9.682211667,Gt/yr,haas2020,observed
1999,DPO,fossil,9.596788317,Gt/yr,haas2020,observed
2000,DPO,fossil,9.910522676,Gt/yr,haas2020,observed
2001,DPO,fossil,10.16740845,Gt/yr,haas2020,observed
2002,DPO,fossil,10.23071636,Gt/yr,haas2020,observed
2003,DPO,fossil,10.78650997,Gt/yr,haas2020,observed
2004,DPO,fossil,11.36670075,Gt/yr,haas2020,observed
2005,DPO,fossil,11.81670028,Gt/yr,haas2020,observed
2006,DPO,fossil,12.21394124,Gt/yr,haas2020,observed
2007,DPO,fossil,12.44839313,Gt/yr,haas2020,observed
2008,DPO,fossil,12.74569297,Gt/yr,haas2020,observed
2009,DPO,fossil,12.69267561,Gt/yr,haas2020,observed
2010,DPO,fossil,13.27812969,Gt/yr,haas2020,observed
2011,DPO,fossil,13.97030389,Gt/yr,haas2020,observed
2012,DPO,fossil,14.19782074,Gt/yr,haas2020,observed
2013,DPO,fossil,14.3593207,Gt/yr,haas2020,observed
2014,DPO,fossil,14.38400768,Gt/yr,haas2020,observed
2015,DPO,fossil,14.34857146,Gt/yr,haas2020,observed
1900,DPO,metals,0.1078963682,Gt/yr,haas2020,observed
1901,DPO,metals,0.1125583074,Gt/yr,haas2020,observed
1902,DPO,metals,0.1163961476,Gt/yr,haas2020,observed
1903,DPO,metals,0.1203043224,Gt/yr,haas2020,observed
1904,DPO,metals,0.1255208595,Gt/yr,haas2020,observed
1905,DPO,metals,0.1413602369,Gt/yr,haas2020,observed
1906,DPO,metals,0.139306465,Gt/yr,haas2020,observed
1907,DPO,metals,0.1578855483,Gt/yr,haas2020,observed
1908,DPO,metals,0.1547399681,Gt/yr,haas2020,observed
1909,DPO,metals,0.1696023422,Gt/yr,haas2020,observed
1910,DPO,metals,0.1843378708,Gt/yr,haas2020,observed
1911,DPO,metals,0.1853903612,Gt/yr,haas2020,observed
1912,DPO,metals,0.2059612666,Gt/yr,haas2020,observed
1913,DPO,metals,0.2248038594,Gt/yr,haas2020,observed
1914,DPO,metals,0.1879199877,Gt/yr,haas2020,observed
1915,DPO,metals,0.1943653041,Gt/yr,haas2020,observed
1916,DPO,metals,0.2258556727,Gt/yr,haas2020,observed
1917,DPO,metals,0.2315030615,Gt/yr,haas2020,observed
1918,DPO,metals,0.221038388,Gt/yr,haas2020,observed
1919,DPO,metals,0.1827773133,Gt/yr,haas2020,observed
1920,DPO,metals,0.1917087539,Gt/yr,haas2020,observed
1921,DPO,metals,0.134290273,Gt/yr,haas2020,observed
1922,DPO,metals,0.1771597853,Gt/yr,haas2020,observed
1923,DPO,metals,0.2199637318,Gt/yr,haas2020,observed
1924,DPO,metals,0.230011189,Gt/yr,haas2020,observed
1925,DPO,metals,0.2564234519,Gt/yr,haas2020,observed
1926,DPO,metals,0.2597764111,Gt/yr,haas2020,observed
1927,DPO,metals,0.2762712086,Gt/yr,haas2020,observed
1928,DPO,metals,0.3004038361,Gt/yr,haas2020,observed
1929,DPO,metals,0.3341796833,Gt/yr,haas2020,observed
1930,DPO,metals,0.298328974,Gt/yr,haas2020,observed
1931,DPO,metals,0.2387991028,Gt/yr,haas2020,observed
1932,DPO,metals,0.166105607,Gt/yr,haas2020,observed
1933,DPO,metals,0.185756111,Gt/yr,haas2020,observed
1934,DPO,metals,0.2350600268,Gt/yr,haas2020,observed
1935,DPO,metals,0.2690882582,Gt/yr,haas2020,observed
1936,DPO,metals,0.3239621618,Gt/yr,haas2020,observed
1937,DPO,metals,0.3997471634,Gt/yr,haas2020,observed
1938,DPO,metals,0.3429895753,Gt/yr,haas2020,observed
1939,DPO,metals,0.3791715191,Gt/yr,haas2020,observed
1940,DPO,metals,0.4244132993,Gt/yr,haas2020,observed
1941,DPO,metals,0.4436874592,Gt/yr,haas2020,observed
1942,DPO,metals,0.4174662084,Gt/yr,haas2020,observed
1943,DPO,metals,0.4318619887,Gt/yr,haas2020,observed
1944,DPO,metals,0.3768126633,Gt/yr,haas2020,observed
1945,DPO,metals,0.3233574405,Gt/yr,haas2020,observed
1946,DPO,metals,0.295099306,Gt/yr,haas2020,observed
1947,DPO,metals,0.3526346137,Gt/yr,haas2020,observed
1948,DPO,metals,0.3963624278,Gt/yr,haas2020,observed
1949,DPO,metals,0.3971053674,Gt/yr,haas2020,observed
1950,DPO,metals,0.4370667607,Gt/yr,haas2020,observed
1951,DPO,metals,0.473113107,Gt/yr,haas2020,observed
1952,DPO,metals,0.4913685189,Gt/yr,haas2020,observed
1953,DPO,metals,0.5332271947,Gt/yr,haas2020,observed
1954,DPO,metals,0.5758402733,Gt/yr,haas2020,observed
1955,DPO,metals,0.5828137566,Gt/yr,haas2020,observed
1956,DPO,metals,0.6212433571,Gt/yr,haas2020,observed
1957,DPO,metals,0.6545039649,Gt/yr,haas2020,observed
1958,DPO,metals,0.6004080116,Gt/yr,haas2020,observed
1959,DPO,metals,0.6470498677,Gt/yr,haas2020,observed
1960,DPO,metals,0.7401380673,Gt/yr,haas2020,observed
1961,DPO,metals,0.746878382,Gt/yr,haas2020,observed
1962,DPO,metals,0.7576965129,Gt/yr,haas2020,observed
1963,DPO,metals,0.774082774,Gt/yr,haas2020,observed
1964,DPO,metals,0.8264129993,Gt/yr,haas2020,observed
1965,DPO,metals,0.8817742535,Gt/yr,haas2020,observed
1966,DPO,metals,0.9040050938,Gt/yr,haas2020,observed
1967,DPO,metals,0.9433939789,Gt/yr,haas2020,observed
1968,DPO,metals,0.9982808342,Gt/yr,haas2020,observed
1969,DPO,metals,1.05340294,Gt/yr,haas2020,observed
1970,DPO,metals,1.17158259,Gt/yr,haas2020,observed
1971,DPO,metals,1.193096339,Gt/yr,haas2020,observed
1972,DPO,metals,1.207067902,Gt/yr,haas2020,observed
1973,DPO,metals,1.289660774,Gt/yr,haas2020,observed
1974,DPO,metals,1.37408801,Gt/yr,haas2020,observed
1975,DPO,metals,1.411255495,Gt/yr,haas2020,observed
1976,DPO,metals,1.4185523,Gt/yr,haas2020,observed
1977,DPO,metals,1.400328071,Gt/yr,haas2020,observed
1978,DPO,metals,1.408641571,Gt/yr,haas2020,observed
1979,DPO,metals,1.483455097,Gt/yr,haas2020,observed
1980,DPO,metals,1.513000749,Gt/yr,haas2020,observed
1981,DPO,metals,1.520426996,Gt/yr,haas2020,observed
1982,DPO,metals,1.456005141,Gt/yr,haas2020,observed
1983,DPO,metals,1.368721278,Gt/yr,haas2020,observed
1984,DPO,metals,1.497639205,Gt/yr,haas2020,observed
1985,DPO,metals,1.561461749,Gt/yr,haas2020,observed
1986,DPO,metals,1.585416279,Gt/yr,haas2020,observed
1987,DPO,metals,1.675316411,Gt/yr,haas2020,observed
1988,DPO,metals,1.835385644,Gt/yr,haas2020,observed
1989,DPO,metals,1.96434558,Gt/yr,haas2020,observed
1990,DPO,metals,1.983296223,Gt/yr,haas2020,observed
1991,DPO,metals,1.948429203,Gt/yr,haas2020,observed
1992,DPO,metals,1.928873598,Gt/yr,haas2020,observed
1993,DPO,metals,1.942153777,Gt/yr,haas2020,observed
1994,DPO,metals,1.976061996,Gt/yr,haas2020,observed
1995,DPO,metals,2.106057949,Gt/yr,haas2020,observed
1996,DPO,metals,2.210586512,Gt/yr,haas2020,observed
1997,DPO,metals,2.325541671,Gt/yr,haas2020,observed
1998,DPO,metals,2.413530993,Gt/yr,haas2020,observed
1999,DPO,metals,2.461784573,Gt/yr,haas2020,observed
2000,DPO,metals,2.592910058,Gt/yr,haas2020,observed
2001,DPO,metals,2.613473839,Gt/yr,haas2020,observed
2002,DPO,metals,2.638518867,Gt/yr,haas2020,observed
2003,DPO,metals,2.721382186,Gt/yr,haas2020,observed
2004,DPO,metals,3.035561084,Gt/yr,haas2020,observed
2005,DPO,metals,3.257209845,Gt/yr,haas2020,observed
2006,DPO,metals,3.504857543,Gt/yr,haas2020,observed
2007,DPO,metals,3.768176175,Gt/yr,haas2020,observed
2008,DPO,metals,4.014335834,Gt/yr,haas2020,observed
2009,DPO,metals,4.079186035,Gt/yr,haas2020,observed
2010,DPO,metals,4.373330355,Gt/yr,haas2020,observed
2011,DPO,metals,4.834134235,Gt/yr,haas2020,observed
2012,DPO,metals,4.874660552,Gt/yr,haas2020,observed
2013,DPO,metals,5.208113161,Gt/yr,haas2020,observed
2014,DPO,metals,5.394252072,Gt/yr,haas2020,observed
2015,DPO,metals,5.461817019,Gt/yr,haas2020,observed
1900,DPO,non_metallic_minerals,0.4891285538,Gt/yr,haas2020,observed
1901,DPO,non_metallic_minerals,0.4985643375,Gt/yr,haas2020,observed
1902,DPO,non_metallic_minerals,0.5083531525,Gt/yr,haas2020,observed
1903,DPO,non_metallic_minerals,0.5177538314,Gt/yr,haas2020,observed
1904,DPO,non_metallic_minerals,0.5231562104,Gt/yr,haas2020,observed
1905,DPO,non_metallic_minerals,0.5311107309,Gt/yr,haas2020,observed
1906,DPO,non_metallic_minerals,0.540695792,Gt/yr,haas2020,observed
1907,DPO,non_metallic_minerals,0.5527387634,Gt/yr,haas2020,observed
1908,DPO,non_metallic_minerals,0.5614091037,Gt/yr,haas2020,observed
1909,DPO,non_metallic_minerals,0.5732928621,Gt/yr,haas2020,observed
1910,DPO,non_metallic_minerals,0.5841122738,Gt/yr,haas2020,observed
1911,DPO,non_metallic_minerals,0.5965929655,Gt/yr,haas2020,observed
1912,DPO,non_metallic_minerals,0.6079612603,Gt/yr,haas2020,observed
1913,DPO,non_metallic_minerals,0.6214573775,Gt/yr,haas2020,observed
1914,DPO,non_metallic_minerals,0.6247145074,Gt/yr,haas2020,observed
1915,DPO,non_metallic_minerals,0.6269582373,Gt/yr,haas2020,observed
1916,DPO,non_metallic_minerals,0.6343073205,Gt/yr,haas2020,observed
1917,DPO,non_metallic_minerals,0.6371859543,Gt/yr,haas2020,observed
1918,DPO,non_metallic_minerals,0.6407207731,Gt/yr,haas2020,observed
1919,DPO,non_metallic_minerals,0.6462909866,Gt/yr,haas2020,observed
1920,DPO,non_metallic_minerals,0.6593908519,Gt/yr,haas2020,observed
1921,DPO,non_metallic_minerals,0.670782158,Gt/yr,haas2020,observed
1922,DPO,non_metallic_minerals,0.6957992573,Gt/yr,haas2020,observed
1923,DPO,non_metallic_minerals,0.7081628415,Gt/yr,haas2020,observed
1924,DPO,non_metallic_minerals,0.7369797578,Gt/yr,haas2020,observed
1925,DPO,non_metallic_minerals,0.7664288426,Gt/yr,haas2020,observed
1926,DPO,non_metallic_minerals,0.7867970976,Gt/yr,haas2020,observed
1927,DPO,non_metallic_minerals,0.8065638551,Gt/yr,haas2020,observed
1928,DPO,non_metallic_minerals,0.829286454,Gt/yr,haas2020,observed
1929,DPO,non_metallic_minerals,0.8478844057,Gt/yr,haas2020,observed
1930,DPO,non_metallic_minerals,0.8625227765,Gt/yr,haas2020,observed
1931,DPO,non_metallic_minerals,0.8598187934,Gt/yr,haas2020,observed
1932,DPO,non_metallic_minerals,0.8621514265,Gt/yr,haas2020,observed
1933,DPO,non_metallic_minerals,0.881210577,Gt/yr,haas2020,observed
1934,DPO,non_metallic_minerals,0.9088461169,Gt/yr,haas2020,observed
1935,DPO,non_metallic_minerals,0.9309450329,Gt/yr,haas2020,observed
1936,DPO,non_metallic_minerals,0.9525487739,Gt/yr,haas2020,observed
1937,DPO,non_metallic_minerals,0.9838510913,Gt/yr,haas2020,observed
1938,DPO,non_metallic_minerals,1.002342578,Gt/yr,haas2020,observed
1939,DPO,non_metallic_minerals,1.030364283,Gt/yr,haas2020,observed
1940,DPO,non_metallic_minerals,1.047491819,Gt/yr,haas2020,observed
1941,DPO,non_metallic_minerals,1.074255471,Gt/yr,haas2020,observed
1942,DPO,non_metallic_minerals,1.089547944,Gt/yr,haas2020,observed
1943,DPO,non_metallic_minerals,1.10333686,Gt/yr,haas2020,observed
1944,DPO,non_metallic_minerals,1.108703528,Gt/yr,haas2020,observed
1945,DPO,non_metallic_minerals,1.111370938,Gt/yr,haas2020,observed
1946,DPO,non_metallic_minerals,1.157873286,Gt/yr,haas2020,observed
1947,DPO,non_metallic_minerals,1.198824197,Gt/yr,haas2020,observed
1948,DPO,non_metallic_minerals,1.248185962,Gt/yr,haas2020,observed
1949,DPO,non_metallic_minerals,1.280508748,Gt/yr,haas2020,observed
1950,DPO,non_metallic_minerals,1.332452032,Gt/yr,haas2020,observed
1951,DPO,non_metallic_minerals,1.398763968,Gt/yr,haas2020,observed
1952,DPO,non_metallic_minerals,1.451751542,Gt/yr,haas2020,observed
1953,DPO,non_metallic_minerals,1.505530492,Gt/yr,haas2020,observed
1954,DPO,non_metallic_minerals,1.569159995,Gt/yr,haas2020,observed
1955,DPO,non_metallic_minerals,1.642075469,Gt/yr,haas2020,observed
1956,DPO,non_metallic_minerals,1.716566809,Gt/yr,haas2020,observed
1957,DPO,non_metallic_minerals,1.78156292,Gt/yr,haas2020,observed
1958,DPO,non_metallic_minerals,1.846176119,Gt/yr,haas2020,observed
1959,DPO,non_metallic_minerals,1.949603159,Gt/yr,haas2020,observed
1960,DPO,non_metallic_minerals,2.021410278,Gt/yr,haas2020,observed
1961,DPO,non_metallic_minerals,2.104537367,Gt/yr,haas2020,observed
1962,DPO,non_metallic_minerals,2.21570749,Gt/yr,haas2020,observed
1963,DPO,non_metallic_minerals,2.380143188,Gt/yr,haas2020,observed
1964,DPO,non_metallic_minerals,2.506948659,Gt/yr,haas2020,observed
1965,DPO,non_metallic_minerals,2.618245853,Gt/yr,haas2020,observed
1966,DPO,non_metallic_minerals,2.758496909,Gt/yr,haas2020,observed
1967,DPO,non_metallic_minerals,2.861394867,Gt/yr,haas2020,observed
1968,DPO,non_metallic_minerals,3.011705338,Gt/yr,haas2020,observed
1969,DPO,non_metallic_minerals,3.158721966,Gt/yr,haas2020,observed
1970,DPO,non_metallic_minerals,3.311188068,Gt/yr,haas2020,observed
1971,DPO,non_metallic_minerals,3.438677801,Gt/yr,haas2020,observed
1972,DPO,non_metallic_minerals,3.636471278,Gt/yr,haas2020,observed
1973,DPO,non_metallic_minerals,3.782978679,Gt/yr,haas2020,observed
1974,DPO,non_metallic_minerals,3.932873887,Gt/yr,haas2020,observed
1975,DPO,non_metallic_minerals,4.032034614,Gt/yr,haas2020,observed
1976,DPO,non_metallic_minerals,4.229662699,Gt/yr,haas2020,observed
1977,DPO,non_metallic_minerals,4.384991269,Gt/yr,haas2020,observed
1978,DPO,non_metallic_minerals,4.579456793,Gt/yr,haas2020,observed
1979,DPO,non_metallic_minerals,4.680197868,Gt/yr,haas2020,observed
1980,DPO,non_metallic_minerals,4.855853675,Gt/yr,haas2020,observed
1981,DPO,non_metallic_minerals,4.919440326,Gt/yr,haas2020,observed
1982,DPO,non_metallic_minerals,5.0425264,Gt/yr,haas2020,observed
1983,DPO,non_metallic_minerals,5.228837983,Gt/yr,haas2020,observed
1984,DPO,non_metallic_minerals,5.466437819,Gt/yr,haas2020,observed
1985,DPO,non_metallic_minerals,5.602631993,Gt/yr,haas2020,observed
1986,DPO,non_metallic_minerals,5.746411466,Gt/yr,haas2020,observed
1987,DPO,non_metallic_minerals,5.944879294,Gt/yr,haas2020,observed
1988,DPO,non_metallic_minerals,6.258384408,Gt/yr,haas2020,observed
1989,DPO,non_metallic_minerals,6.340970461,Gt/yr,haas2020,observed
1990,DPO,non_metallic_minerals,6.495074836,Gt/yr,haas2020,observed
1991,DPO,non_metallic_minerals,6.586738497,Gt/yr,haas2020,observed
1992,DPO,non_metallic_minerals,6.699130333,Gt/yr,haas2020,observed
1993,DPO,non_metallic_minerals,6.971211397,Gt/yr,haas2020,observed
1994,DPO,non_metallic_minerals,7.230202654,Gt/yr,haas2020,observed
1995,DPO,non_metallic_minerals,7.896020646,Gt/yr,haas2020,observed
1996,DPO,non_metallic_minerals,8.01370391,Gt/yr,haas2020,observed
1997,DPO,non_metallic_minerals,8.045178702,Gt/yr,haas2020,observed
1998,DPO,non_metallic_minerals,8.361884431,Gt/yr,haas2020,observed
1999,DPO,non_metallic_minerals,8.706093521,Gt/yr,haas2020,observed
2000,DPO,non_metallic_minerals,8.807590635,Gt/yr,haas2020,observed
2001,DPO,non_metallic_minerals,8.995470927,Gt/yr,haas2020,observed
2002,DPO,non_metallic_minerals,9.239001844,Gt/yr,haas2020,observed
2003,DPO,non_metallic_minerals,9.566836496,Gt/yr,haas2020,observed
2004,DPO,non_metallic_minerals,9.715808357,Gt/yr,haas2020,observed
2005,DPO,non_metallic_minerals,10.29399579,Gt/yr,haas2020,observed
2006,DPO,non_metallic_minerals,10.73790332,Gt/yr,haas2020,observed
2007,DPO,non_metallic_minerals,11.27280831,Gt/yr,haas2020,observed
2008,DPO,non_metallic_minerals,11.56952564,Gt/yr,haas2020,observed
2009,DPO,non_metallic_minerals,12.00339311,Gt/yr,haas2020,observed
2010,DPO,non_metallic_minerals,12.53739578,Gt/yr,haas2020,observed
2011,DPO,non_metallic_minerals,13.22423393,Gt/yr,haas2020,observed
2012,DPO,non_metallic_minerals,13.79231184,Gt/yr,haas2020,observed
2013,DPO,non_metallic_minerals,14.28986659,Gt/yr,haas2020,observed
2014,DPO,non_metallic_minerals,14.87791596,Gt/yr,haas2020,observed
2015,DPO,non_metallic_minerals,15.36685111,Gt/yr,haas2020,observed
1900,DPO,total,6.823084893,Gt/yr,haas2020,observed
1900,DPO,total,6.827716236,Gt/yr,krausmann2018,observed
1901,DPO,total,6.921413973,Gt/yr,haas2020,observed
1901,DPO,total,6.92610581,Gt/yr,krausmann2018,observed
1902,DPO,total,7.015157794,Gt/yr,haas2020,observed
1902,DPO,total,7.01990963,Gt/yr,krausmann2018,observed
1903,DPO,total,7.185769642,Gt/yr,haas2020,observed
1903,DPO,total,7.190582018,Gt/yr,krausmann2018,observed
1904,DPO,total,7.26631414,Gt/yr,haas2020,observed
1904,DPO,total,7.271186518,Gt/yr,krausmann2018,observed
1905,DPO,total,7.413180625,Gt/yr,haas2020,observed
1905,DPO,total,7.418113969,Gt/yr,krausmann2018,observed
1906,DPO,total,7.571961295,Gt/yr,haas2020,observed
1906,DPO,total,7.576956043,Gt/yr,krausmann2018,observed
1907,DPO,total,7.799146689,Gt/yr,haas2020,observed
1907,DPO,total,7.804200863,Gt/yr,krausmann2018,observed
1908,DPO,total,7.795783183,Gt/yr,haas2020,observed
1908,DPO,total,7.800897816,Gt/yr,krausmann2018,observed
1909,DPO,total,7.941014071,Gt/yr,haas2020,observed
1909,DPO,total,7.946189526,Gt/yr,krausmann2018,observed
1910,DPO,total,8.091204257,Gt/yr,haas2020,observed
1910,DPO,total,8.096439812,Gt/yr,krausmann2018,observed
1911,DPO,total,8.205650073,Gt/yr,haas2020,observed
1911,DPO,total,8.210939254,Gt/yr,krausmann2018,observed
1912,DPO,total,8.388189039,Gt/yr,haas2020,observed
1912,DPO,total,8.393532591,Gt/yr,krausmann2018,observed
1913,DPO,total,8.604735414,Gt/yr,haas2020,observed
1913,DPO,total,8.610128218,Gt/yr,krausmann2018,observed
1914,DPO,total,8.470664631,Gt/yr,haas2020,observed
1914,DPO,total,8.475953683,Gt/yr,krausmann2018,observed
1915,DPO,total,8.534302399,Gt/yr,haas2020,observed
1915,DPO,total,8.539640301,Gt/yr,krausmann2018,observed
1916,DPO,total,8.758883974,Gt/yr,haas2020,observed
1916,DPO,total,8.764269367,Gt/yr,krausmann2018,observed
1917,DPO,total,8.927686527,Gt/yr,haas2020,observed
1917,DPO,total,8.933117841,Gt/yr,krausmann2018,observed
1918,DPO,total,8.964962657,Gt/yr,haas2020,observed
1918,DPO,total,8.970437431,Gt/yr,krausmann2018,observed
1919,DPO,total,8.803607826,Gt/yr,haas2020,observed
1919,DPO,total,8.809125742,Gt/yr,krausmann2018,observed
1920,DPO,total,9.122293678,Gt/yr,haas2020,observed
1920,DPO,total,9.127851825,Gt/yr,krausmann2018,observed
1921,DPO,total,8.897513527,Gt/yr,haas2020,observed
1921,DPO,total,8.903112096,Gt/yr,krausmann2018,observed
1922,DPO,total,9.137286662,Gt/yr,haas2020,observed
1922,DPO,total,9.14292382,Gt/yr,krausmann2018,observed
1923,DPO,total,9.476996353,Gt/yr,haas2020,observed
1923,DPO,total,9.482668198,Gt/yr,krausmann2018,observed
1924,DPO,total,9.566752647,Gt/yr,haas2020,observed
1924,DPO,total,9.572460035,Gt/yr,krausmann2018,observed
1925,DPO,total,9.70212995,Gt/yr,haas2020,observed
1925,DPO,total,9.707870489,Gt/yr,krausmann2018,observed
1926,DPO,total,9.791965687,Gt/yr,haas2020,observed
1926,DPO,total,9.797738944,Gt/yr,krausmann2018,observed
1927,DPO,total,10.01730517,Gt/yr,haas2020,observed
1927,DPO,total,10.0231089,Gt/yr,krausmann2018,observed
1928,DPO,total,10.29701312,Gt/yr,haas2020,observed
1928,DPO,total,10.30284577,Gt/yr,krausmann2018,observed
1929,DPO,total,10.41370496,Gt/yr,haas2020,observed
1929,DPO,total,10.41956436,Gt/yr,krausmann2018,observed
1930,DPO,total,10.29902207,Gt/yr,haas2020,observed
1930,DPO,total,10.3049074,Gt/yr,krausmann2018,observed
1931,DPO,total,10.07474344,Gt/yr,haas2020,observed
1931,DPO,total,10.08147694,Gt/yr,krausmann2018,observed
1932,DPO,total,9.878281654,Gt/yr,haas2020,observed
1932,DPO,total,9.885003346,Gt/yr,krausmann2018,observed
1933,DPO,total,10.03941641,Gt/yr,haas2020,observed
1933,DPO,total,10.04612382,Gt/yr,krausmann2018,observed
1934,DPO,total,10.30704382,Gt/yr,haas2020,observed
1934,DPO,total,10.31373748,Gt/yr,krausmann2018,observed
1935,DPO,total,10.50021231,Gt/yr,haas2020,observed
1935,DPO,total,10.50689332,Gt/yr,krausmann2018,observed
1936,DPO,total,10.79677224,Gt/yr,haas2020,observed
1936,DPO,total,10.80343984,Gt/yr,krausmann2018,observed
1937,DPO,total,11.08174121,Gt/yr,haas2020,observed
1937,DPO,total,11.08839482,Gt/yr,krausmann2018,observed
1938,DPO,total,10.90032803,Gt/yr,haas2020,observed
1938,DPO,total,10.90696548,Gt/yr,krausmann2018,observed
1939,DPO,total,11.20518695,Gt/yr,haas2020,observed
1939,DPO,total,11.21180973,Gt/yr,krausmann2018,observed
1940,DPO,total,11.52434178,Gt/yr,haas2020,observed
1940,DPO,total,11.53095194,Gt/yr,krausmann2018,observed
1941,DPO,total,11.69161359,Gt/yr,haas2020,observed
1941,DPO,total,11.69825085,Gt/yr,krausmann2018,observed
1942,DPO,total,11.74729895,Gt/yr,haas2020,observed
1942,DPO,total,11.75396594,Gt/yr,krausmann2018,observed
1943,DPO,total,11.89406241,Gt/yr,haas2020,observed
1943,DPO,total,11.90076126,Gt/yr,krausmann2018,observed
1944,DPO,total,11.87315893,Gt/yr,haas2020,observed
1944,DPO,total,11.87989088,Gt/yr,krausmann2018,observed
1945,DPO,total,11.40312652,Gt/yr,haas2020,observed
1945,DPO,total,11.40988694,Gt/yr,krausmann2018,observed
1946,DPO,total,11.60728502,Gt/yr,haas2020,observed
1946,DPO,total,11.61407768,Gt/yr,krausmann2018,observed
1947,DPO,total,12.01997145,Gt/yr,haas2020,observed
1947,DPO,total,12.02679942,Gt/yr,krausmann2018,observed
1948,DPO,total,12.28333355,Gt/yr,haas2020,observed
1948,DPO,total,12.29019287,Gt/yr,krausmann2018,observed
1949,DPO,total,12.27430209,Gt/yr,haas2020,observed
1949,DPO,total,12.2811986,Gt/yr,krausmann2018,observed
1950,DPO,total,12.64252584,Gt/yr,haas2020,observed
1950,DPO,total,12.64945579,Gt/yr,krausmann2018,observed
1951,DPO,total,13.04172422,Gt/yr,haas2020,observed
1951,DPO,total,13.04193592,Gt/yr,krausmann2018,observed
1952,DPO,total,13.27296132,Gt/yr,haas2020,observed
1952,DPO,total,13.27350071,Gt/yr,krausmann2018,observed
1953,DPO,total,13.52702854,Gt/yr,haas2020,observed
1953,DPO,total,13.5278783,Gt/yr,krausmann2018,observed
1954,DPO,total,13.79560851,Gt/yr,haas2020,observed
1954,DPO,total,13.79675346,Gt/yr,krausmann2018,observed
1955,DPO,total,14.26428808,Gt/yr,haas2020,observed
1955,DPO,total,14.26571351,Gt/yr,krausmann2018,observed
1956,DPO,total,14.69244064,Gt/yr,haas2020,observed
1956,DPO,total,14.69413612,Gt/yr,krausmann2018,observed
1957,DPO,total,15.05039996,Gt/yr,haas2020,observed
1957,DPO,total,15.05236754,Gt/yr,krausmann2018,observed
1958,DPO,total,15.36191157,Gt/yr,haas2020,observed
1958,DPO,total,15.36416005,Gt/yr,krausmann2018,observed
1959,DPO,total,15.83973199,Gt/yr,haas2020,observed
1959,DPO,total,15.84226254,Gt/yr,krausmann2018,observed
1960,DPO,total,16.42159081,Gt/yr,haas2020,observed
1960,DPO,total,16.42441642,Gt/yr,krausmann2018,observed
1961,DPO,total,16.67709819,Gt/yr,haas2020,observed
1961,DPO,total,16.67984192,Gt/yr,krausmann2018,observed
1962,DPO,total,17.20158039,Gt/yr,haas2020,observed
1962,DPO,total,17.20877592,Gt/yr,krausmann2018,observed
1963,DPO,total,17.85723788,Gt/yr,haas2020,observed
1963,DPO,total,17.86102573,Gt/yr,krausmann2018,observed
1964,DPO,total,18.66890772,Gt/yr,haas2020,observed
1964,DPO,total,18.66485241,Gt/yr,krausmann2018,observed
1965,DPO,total,18.88738908,Gt/yr,haas2020,observed
1965,DPO,total,18.88480405,Gt/yr,krausmann2018,observed
1966,DPO,total,19.65160279,Gt/yr,haas2020,observed
1966,DPO,total,19.65508436,Gt/yr,krausmann2018,observed
1967,DPO,total,20.13395615,Gt/yr,haas2020,observed
1967,DPO,total,20.12971616,Gt/yr,krausmann2018,observed
1968,DPO,total,20.84258206,Gt/yr,haas2020,observed
1968,DPO,total,20.84508871,Gt/yr,krausmann2018,observed
1969,DPO,total,21.32037336,Gt/yr,haas2020,observed
1969,DPO,total,21.32544066,Gt/yr,krausmann2018,observed
1970,DPO,total,22.11222216,Gt/yr,haas2020,observed
1970,DPO,total,22.1116689,Gt/yr,krausmann2018,observed
1971,DPO,total,22.80951551,Gt/yr,haas2020,observed
1971,DPO,total,22.79886327,Gt/yr,krausmann2018,observed
1972,DPO,total,23.22491845,Gt/yr,haas2020,observed
1972,DPO,total,23.21931464,Gt/yr,krausmann2018,observed
1973,DPO,total,24.21887008,Gt/yr,haas2020,observed
1973,DPO,total,24.217973,Gt/yr,krausmann2018,observed
1974,DPO,total,24.65456273,Gt/yr,haas2020,observed
1974,DPO,total,24.66054029,Gt/yr,krausmann2018,observed
1975,DPO,total,24.98606531,Gt/yr,haas2020,observed
1975,DPO,total,25.00868129,Gt/yr,krausmann2018,observed
1976,DPO,total,25.84894199,Gt/yr,haas2020,observed
1976,DPO,total,25.85821123,Gt/yr,krausmann2018,observed
1977,DPO,total,26.35955733,Gt/yr,haas2020,observed
1977,DPO,total,26.36791934,Gt/yr,krausmann2018,observed
1978,DPO,total,27.06663009,Gt/yr,haas2020,observed
1978,DPO,total,27.07385019,Gt/yr,krausmann2018,observed
1979,DPO,total,27.64955941,Gt/yr,haas2020,observed
1979,DPO,total,27.64651999,Gt/yr,krausmann2018,observed
1980,DPO,total,27.8294902,Gt/yr,haas2020,observed
1980,DPO,total,27.82975022,Gt/yr,krausmann2018,observed
1981,DPO,total,28.1777997,Gt/yr,haas2020,observed
1981,DPO,total,28.1873851,Gt/yr,krausmann2018,observed
1982,DPO,total,28.74148284,Gt/yr,haas2020,observed
1982,DPO,total,28.75171078,Gt/yr,krausmann2018,observed
1983,DPO,total,28.8033402,Gt/yr,haas2020,observed
1983,DPO,total,28.80671377,Gt/yr,krausmann2018,observed
1984,DPO,total,30.06267869,Gt/yr,haas2020,observed
1984,DPO,total,30.07243576,Gt/yr,krausmann2018,observed
1985,DPO,total,30.4800914,Gt/yr,haas2020,observed
1985,DPO,total,30.48563782,Gt/yr,krausmann2018,observed
1986,DPO,total,31.03255244,Gt/yr,haas2020,observed
1986,DPO,total,31.04289652,Gt/yr,krausmann2018,observed
1987,DPO,total,31.58357044,Gt/yr,haas2020,observed
1987,DPO,total,31.58435565,Gt/yr,krausmann2018,observed
1988,DPO,total,32.35595712,Gt/yr,haas2020,observed
1988,DPO,total,32.35776925,Gt/yr,krausmann2018,observed
1989,DPO,total,33.26566974,Gt/yr,haas2020,observed
1989,DPO,total,33.26094397,Gt/yr,krausmann2018,observed
1990,DPO,total,33.71018367,Gt/yr,haas2020,observed
1990,DPO,total,33.70781184,Gt/yr,krausmann2018,observed
1991,DPO,total,33.539305,Gt/yr,haas2020,observed
1991,DPO,total,33.5440734,Gt/yr,krausmann2018,observed
1992,DPO,total,33.71961993,Gt/yr,haas2020,observed
1992,DPO,total,33.715895,Gt/yr,krausmann2018,observed
1993,DPO,total,33.68296856,Gt/yr,haas2020,observed
1993,DPO,total,33.69717334,Gt/yr,krausmann2018,observed
1994,DPO,total,34.32498635,Gt/yr,haas2020,observed
1994,DPO,total,34.31641805,Gt/yr,krausmann2018,observed
1995,DPO,total,35.45953903,Gt/yr,haas2020,observed
1995,DPO,total,35.45133738,Gt/yr,krausmann2018,observed
1996,DPO,total,36.37246951,Gt/yr,haas2020,observed
1996,DPO,total,36.37443707,Gt/yr,krausmann2018,observed
1997,DPO,total,36.61933711,Gt/yr,haas2020,observed
1997,DPO,total,36.63042123,Gt/yr,krausmann2018,observed
1998,DPO,total,37.18245844,Gt/yr,haas2020,observed
1998,DPO,total,37.19102459,Gt/yr,krausmann2018,observed
1999,DPO,total,37.70062507,Gt/yr,haas2020,observed
1999,DPO,total,37.70097768,Gt/yr,krausmann2018,observed
2000,DPO,total,38.34575298,Gt/yr,haas2020,observed
2000,DPO,total,38.33966332,Gt/yr,krausmann2018,observed
2001,DPO,total,38.91997669,Gt/yr,haas2020,observed
2001,DPO,total,38.91994273,Gt/yr,krausmann2018,observed
2002,DPO,total,39.43454336,Gt/yr,haas2020,observed
2002,DPO,total,39.42155553,Gt/yr,krausmann2018,observed
2003,DPO,total,40.68336829,Gt/yr,haas2020,observed
2003,DPO,total,40.67533392,Gt/yr,krausmann2018,observed
2004,DPO,total,42.36137321,Gt/yr,haas2020,observed
2004,DPO,total,42.33114543,Gt/yr,krausmann2018,observed
2005,DPO,total,43.91273271,Gt/yr,haas2020,observed
2005,DPO,total,43.8813811,Gt/yr,krausmann2018,observed
2006,DPO,total,45.31943652,Gt/yr,haas2020,observed
2006,DPO,total,45.29444262,Gt/yr,krausmann2018,observed
2007,DPO,total,47.06892525,Gt/yr,haas2020,observed
2007,DPO,total,47.03758263,Gt/yr,krausmann2018,observed
2008,DPO,total,48.61775698,Gt/yr,haas2020,observed
2008,DPO,total,48.5836526,Gt/yr,krausmann2018,observed
2009,DPO,total,49.15484808,Gt/yr,haas2020,observed
2009,DPO,total,49.12228143,Gt/yr,krausmann2018,observed
2010,DPO,total,50.91058362,Gt/yr,haas2020,observed
2010,DPO,total,50.86766771,Gt/yr,krausmann2018,observed
2011,DPO,total,53.3375553,Gt/yr,haas2020,observed
2011,DPO,total,53.22585674,Gt/yr,krausmann2018,observed
2012,DPO,total,54.21498634,Gt/yr,haas2020,observed
2012,DPO,total,54.2411051,Gt/yr,krausmann2018,observed
2013,DPO,total,55.90681169,Gt/yr,haas2020,observed
2013,DPO,total,55.92600328,Gt/yr,krausmann2018,observed
2014,DPO,total,56.94218688,Gt/yr,haas2020,observed
2014,DPO,total,56.9546607,Gt/yr,krausmann2018,observed
2015,DPO,total,57.68056003,Gt/yr,haas2020,observed
2015,DPO,total,57.61993023,Gt/yr,krausmann2018,observed
1900,DPO_incl_balancing,total,13.6294012,Gt/yr,krausmann2018,observed
1901,DPO_incl_balancing,total,13.82579026,Gt/yr,krausmann2018,observed
1902,DPO_incl_balancing,total,14.00451064,Gt/yr,krausmann2018,observed
1903,DPO_incl_balancing,total,14.38242894,Gt/yr,krausmann2018,observed
1904,DPO_incl_balancing,total,14.53455514,Gt/yr,krausmann2018,observed
1905,DPO_incl_balancing,total,14.83348334,Gt/yr,krausmann2018,observed
1906,DPO_incl_balancing,total,15.19123103,Gt/yr,krausmann2018,observed
1907,DPO_incl_balancing,total,15.69673184,Gt/yr,krausmann2018,observed
1908,DPO_incl_balancing,total,15.63449492,Gt/yr,krausmann2018,observed
1909,DPO_incl_balancing,total,15.92923256,Gt/yr,krausmann2018,observed
1910,DPO_incl_balancing,total,16.23914195,Gt/yr,krausmann2018,observed
1911,DPO_incl_balancing,total,16.47379753,Gt/yr,krausmann2018,observed
1912,DPO_incl_balancing,total,16.85466012,Gt/yr,krausmann2018,observed
1913,DPO_incl_balancing,total,17.32956296,Gt/yr,krausmann2018,observed
1914,DPO_incl_balancing,total,16.99174479,Gt/yr,krausmann2018,observed
1915,DPO_incl_balancing,total,17.10322868,Gt/yr,krausmann2018,observed
1916,DPO_incl_balancing,total,17.5909669,Gt/yr,krausmann2018,observed
1917,DPO_incl_balancing,total,17.9826879,Gt/yr,krausmann2018,observed
1918,DPO_incl_balancing,total,18.04100674,Gt/yr,krausmann2018,observed
1919,DPO_incl_balancing,total,17.63537491,Gt/yr,krausmann2018,observed
1920,DPO_incl_balancing,total,18.41326399,Gt/yr,krausmann2018,observed
1921,DPO_incl_balancing,total,17.8604347,Gt/yr,krausmann2018,observed
1922,DPO_incl_balancing,total,18.35454751,Gt/yr,krausmann2018,observed
1923,DPO_incl_balancing,total,19.150539,Gt/yr,krausmann2018,observed
1924,DPO_incl_balancing,total,19.28671078,Gt/yr,krausmann2018,observed
1925,DPO_incl_balancing,total,19.51665696,Gt/yr,krausmann2018,observed
1926,DPO_incl_balancing,total,19.68191307,Gt/yr,krausmann2018,observed
1927,DPO_incl_balancing,total,20.20390142,Gt/yr,krausmann2018,observed
1928,DPO_incl_balancing,total,20.83208899,Gt/yr,krausmann2018,observed
1929,DPO_incl_balancing,total,21.05702905,Gt/yr,krausmann2018,observed
1930,DPO_incl_balancing,total,20.73542661,Gt/yr,krausmann2018,observed
1931,DPO_incl_balancing,total,20.18603556,Gt/yr,krausmann2018,observed
1932,DPO_incl_balancing,total,19.72222996,Gt/yr,krausmann2018,observed
1933,DPO_incl_balancing,total,20.0615194,Gt/yr,krausmann2018,observed
1934,DPO_incl_balancing,total,20.62007915,Gt/yr,krausmann2018,observed
1935,DPO_incl_balancing,total,21.01776576,Gt/yr,krausmann2018,observed
1936,DPO_incl_balancing,total,21.67667091,Gt/yr,krausmann2018,observed
1937,DPO_incl_balancing,total,22.26325722,Gt/yr,krausmann2018,observed
1938,DPO_incl_balancing,total,21.70065653,Gt/yr,krausmann2018,observed
1939,DPO_incl_balancing,total,22.47140872,Gt/yr,krausmann2018,observed
1940,DPO_incl_balancing,total,23.17957595,Gt/yr,krausmann2018,observed
1941,DPO_incl_balancing,total,23.5246057,Gt/yr,krausmann2018,observed
1942,DPO_incl_balancing,total,23.63428246,Gt/yr,krausmann2018,observed
1943,DPO_incl_balancing,total,23.98022623,Gt/yr,krausmann2018,observed
1944,DPO_incl_balancing,total,24.03656414,Gt/yr,krausmann2018,observed
1945,DPO_incl_balancing,total,22.86254704,Gt/yr,krausmann2018,observed
1946,DPO_incl_balancing,total,23.36032056,Gt/yr,krausmann2018,observed
1947,DPO_incl_balancing,total,24.31959885,Gt/yr,krausmann2018,observed
1948,DPO_incl_balancing,total,24.92245251,Gt/yr,krausmann2018,observed
1949,DPO_incl_balancing,total,24.82363083,Gt/yr,krausmann2018,observed
1950,DPO_incl_balancing,total,25.69750347,Gt/yr,krausmann2018,observed
1951,DPO_incl_balancing,total,26.6267462,Gt/yr,krausmann2018,observed
1952,DPO_incl_balancing,total,27.11652226,Gt/yr,krausmann2018,observed
1953,DPO_incl_balancing,total,27.62643695,Gt/yr,krausmann2018,observed
1954,DPO_incl_balancing,total,28.15769475,Gt/yr,krausmann2018,observed
1955,DPO_incl_balancing,total,29.31042945,Gt/yr,krausmann2018,observed
1956,DPO_incl_balancing,total,30.29845474,Gt/yr,krausmann2018,observed
1957,DPO_incl_balancing,total,31.09933554,Gt/yr,krausmann2018,observed
1958,DPO_incl_balancing,total,31.95186831,Gt/yr,krausmann2018,observed
1959,DPO_incl_balancing,total,33.0646072,Gt/yr,krausmann2018,observed
1960,DPO_incl_balancing,total,34.42388484,Gt/yr,krausmann2018,observed
1961,DPO_incl_balancing,total,34.99423414,Gt/yr,krausmann2018,observed
1962,DPO_incl_balancing,total,36.36370207,Gt/yr,krausmann2018,observed
1963,DPO_incl_balancing,total,37.95709405,Gt/yr,krausmann2018,observed
1964,DPO_incl_balancing,total,39.71856101,Gt/yr,krausmann2018,observed
1965,DPO_incl_balancing,total,40.27103092,Gt/yr,krausmann2018,observed
1966,DPO_incl_balancing,total,42.0531242,Gt/yr,krausmann2018,observed
1967,DPO_incl_balancing,total,43.11050685,Gt/yr,krausmann2018,observed
1968,DPO_incl_balancing,total,44.97366826,Gt/yr,krausmann2018,observed
1969,DPO_incl_balancing,total,46.37099627,Gt/yr,krausmann2018,observed
1970,DPO_incl_balancing,total,48.08671613,Gt/yr,krausmann2018,observed
1971,DPO_incl_balancing,total,49.8154632,Gt/yr,krausmann2018,observed
1972,DPO_incl_balancing,total,51.09656464,Gt/yr,krausmann2018,observed
1973,DPO_incl_balancing,total,53.20297083,Gt/yr,krausmann2018,observed
1974,DPO_incl_balancing,total,54.04243508,Gt/yr,krausmann2018,observed
1975,DPO_incl_balancing,total,54.37696303,Gt/yr,krausmann2018,observed
1976,DPO_incl_balancing,total,56.37914219,Gt/yr,krausmann2018,observed
1977,DPO_incl_balancing,total,57.6402701,Gt/yr,krausmann2018,observed
1978,DPO_incl_balancing,total,58.75300206,Gt/yr,krausmann2018,observed
1979,DPO_incl_balancing,total,60.41806079,Gt/yr,krausmann2018,observed
1980,DPO_incl_balancing,total,60.61090408,Gt/yr,krausmann2018,observed
1981,DPO_incl_balancing,total,60.73106782,Gt/yr,krausmann2018,observed
1982,DPO_incl_balancing,total,61.59228615,Gt/yr,krausmann2018,observed
1983,DPO_incl_balancing,total,61.83022515,Gt/yr,krausmann2018,observed
1984,DPO_incl_balancing,total,64.2040869,Gt/yr,krausmann2018,observed
1985,DPO_incl_balancing,total,64.84233942,Gt/yr,krausmann2018,observed
1986,DPO_incl_balancing,total,66.17428462,Gt/yr,krausmann2018,observed
1987,DPO_incl_balancing,total,67.22291417,Gt/yr,krausmann2018,observed
1988,DPO_incl_balancing,total,68.81088593,Gt/yr,krausmann2018,observed
1989,DPO_incl_balancing,total,70.47284754,Gt/yr,krausmann2018,observed
1990,DPO_incl_balancing,total,71.25002837,Gt/yr,krausmann2018,observed
1991,DPO_incl_balancing,total,70.86438567,Gt/yr,krausmann2018,observed
1992,DPO_incl_balancing,total,70.80577465,Gt/yr,krausmann2018,observed
1993,DPO_incl_balancing,total,70.62292636,Gt/yr,krausmann2018,observed
1994,DPO_incl_balancing,total,71.69903068,Gt/yr,krausmann2018,observed
1995,DPO_incl_balancing,total,73.21494287,Gt/yr,krausmann2018,observed
1996,DPO_incl_balancing,total,74.90667654,Gt/yr,krausmann2018,observed
1997,DPO_incl_balancing,total,75.24254088,Gt/yr,krausmann2018,observed
1998,DPO_incl_balancing,total,76.03586715,Gt/yr,krausmann2018,observed
1999,DPO_incl_balancing,total,76.50652647,Gt/yr,krausmann2018,observed
2000,DPO_incl_balancing,total,77.97644378,Gt/yr,krausmann2018,observed
2001,DPO_incl_balancing,total,79.19376557,Gt/yr,krausmann2018,observed
2002,DPO_incl_balancing,total,79.92733882,Gt/yr,krausmann2018,observed
2003,DPO_incl_balancing,total,82.60960644,Gt/yr,krausmann2018,observed
2004,DPO_incl_balancing,total,85.99743655,Gt/yr,krausmann2018,observed
2005,DPO_incl_balancing,total,88.83967692,Gt/yr,krausmann2018,observed
2006,DPO_incl_balancing,total,91.28827465,Gt/yr,krausmann2018,observed
2007,DPO_incl_balancing,total,93.82266192,Gt/yr,krausmann2018,observed
2008,DPO_incl_balancing,total,96.49650793,Gt/yr,krausmann2018,observed
2009,DPO_incl_balancing,total,96.58242377,Gt/yr,krausmann2018,observed
2010,DPO_incl_balancing,total,99.9218545,Gt/yr,krausmann2018,observed
2011,DPO_incl_balancing,total,103.7295579,Gt/yr,krausmann2018,observed
2012,DPO_incl_balancing,total,105.3396392,Gt/yr,krausmann2018,observed
2013,DPO_incl_balancing,total,107.8388757,Gt/yr,krausmann2018,observed
2014,DPO_incl_balancing,total,109.3863778,Gt/yr,krausmann2018,observed
2015,DPO_incl_balancing,total,110.5508453,Gt/yr,krausmann2018,observed
1900,MK,metals,0.8833648254,Gt,krausmann2018,observed
1901,MK,metals,0.9283418048,Gt,krausmann2018,observed
1902,MK,metals,0.9736957548,Gt,krausmann2018,observed
1903,MK,metals,1.01928819,Gt,krausmann2018,observed
1904,MK,metals,1.065312445,Gt,krausmann2018,observed
1905,MK,metals,1.121549376,Gt,krausmann2018,observed
1906,MK,metals,1.170057709,Gt,krausmann2018,observed
1907,MK,metals,1.235990273,Gt,krausmann2018,observed
1908,MK,metals,1.288438641,Gt,krausmann2018,observed
1909,MK,metals,1.349141166,Gt,krausmann2018,observed
1910,MK,metals,1.417791319,Gt,krausmann2018,observed
1911,MK,metals,1.481502821,Gt,krausmann2018,observed
1912,MK,metals,1.55424324,Gt,krausmann2018,observed
1913,MK,metals,1.640889468,Gt,krausmann2018,observed
1914,MK,metals,1.696640815,Gt,krausmann2018,observed
1915,MK,metals,1.750828284,Gt,krausmann2018,observed
1916,MK,metals,1.817352121,Gt,krausmann2018,observed
1917,MK,metals,1.884855809,Gt,krausmann2018,observed
1918,MK,metals,1.944279223,Gt,krausmann2018,observed
1919,MK,metals,1.993658492,Gt,krausmann2018,observed
1920,MK,metals,2.04991474,Gt,krausmann2018,observed
1921,MK,metals,2.079331733,Gt,krausmann2018,observed
1922,MK,metals,2.124661776,Gt,krausmann2018,observed
1923,MK,metals,2.186603694,Gt,krausmann2018,observed
1924,MK,metals,2.245571033,Gt,krausmann2018,observed
1925,MK,metals,2.315132617,Gt,krausmann2018,observed
1926,MK,metals,2.386788216,Gt,krausmann2018,observed
1927,MK,metals,2.466383498,Gt,krausmann2018,observed
1928,MK,metals,2.546872915,Gt,krausmann2018,observed
1929,MK,metals,2.640582428,Gt,krausmann2018,observed
1930,MK,metals,2.722015437,Gt,krausmann2018,observed
1931,MK,metals,2.771465398,Gt,krausmann2018,observed
1932,MK,metals,2.797647423,Gt,krausmann2018,observed
1933,MK,metals,2.831016208,Gt,krausmann2018,observed
1934,MK,metals,2.879175749,Gt,krausmann2018,observed
1935,MK,metals,2.936950089,Gt,krausmann2018,observed
1936,MK,metals,3.011081869,Gt,krausmann2018,observed
1937,MK,metals,3.107191328,Gt,krausmann2018,observed
1938,MK,metals,3.176482156,Gt,krausmann2018,observed
1939,MK,metals,3.264630398,Gt,krausmann2018,observed
1940,MK,metals,3.353605191,Gt,krausmann2018,observed
1941,MK,metals,3.449947582,Gt,krausmann2018,observed
1942,MK,metals,3.552787277,Gt,krausmann2018,observed
1943,MK,metals,3.654086227,Gt,krausmann2018,observed
1944,MK,metals,3.738799661,Gt,krausmann2018,observed
1945,MK,metals,3.800605507,Gt,krausmann2018,observed
1946,MK,metals,3.857431019,Gt,krausmann2018,observed
1947,MK,metals,3.93158877,Gt,krausmann2018,observed
1948,MK,metals,4.022281445,Gt,krausmann2018,observed
1949,MK,metals,4.115133986,Gt,krausmann2018,observed
1950,MK,metals,4.220550992,Gt,krausmann2018,observed
1951,MK,metals,4.346891854,Gt,krausmann2018,observed
1952,MK,metals,4.477489578,Gt,krausmann2018,observed
1953,MK,metals,4.628772102,Gt,krausmann2018,observed
1954,MK,metals,4.812214559,Gt,krausmann2018,observed
1955,MK,metals,4.979874477,Gt,krausmann2018,observed
1956,MK,metals,5.162475846,Gt,krausmann2018,observed
1957,MK,metals,5.364573062,Gt,krausmann2018,observed
1958,MK,metals,5.550255238,Gt,krausmann2018,observed
1959,MK,metals,5.754748449,Gt,krausmann2018,observed
1960,MK,metals,6.002919586,Gt,krausmann2018,observed
1961,MK,metals,6.241469246,Gt,krausmann2018,observed
1962,MK,metals,6.483815254,Gt,krausmann2018,observed
1963,MK,metals,6.734737219,Gt,krausmann2018,observed
1964,MK,metals,7.016631438,Gt,krausmann2018,observed
1965,MK,metals,7.318322898,Gt,krausmann2018,observed
1966,MK,metals,7.627940461,Gt,krausmann2018,observed
1967,MK,metals,7.90929418,Gt,krausmann2018,observed
1968,MK,metals,8.236501039,Gt,krausmann2018,observed
1969,MK,metals,8.590436211,Gt,krausmann2018,observed
1970,MK,metals,8.961942039,Gt,krausmann2018,observed
1971,MK,metals,9.330011188,Gt,krausmann2018,observed
1972,MK,metals,9.718578602,Gt,krausmann2018,observed
1973,MK,metals,10.1464792,Gt,krausmann2018,observed
1974,MK,metals,10.57850825,Gt,krausmann2018,observed
1975,MK,metals,10.97923687,Gt,krausmann2018,observed
1976,MK,metals,11.39819935,Gt,krausmann2018,observed
1977,MK,metals,11.81241677,Gt,krausmann2018,observed
1978,MK,metals,12.24541811,Gt,krausmann2018,observed
1979,MK,metals,12.69673855,Gt,krausmann2018,observed
1980,MK,metals,13.1350708,Gt,krausmann2018,observed
1981,MK,metals,13.55596961,Gt,krausmann2018,observed
1982,MK,metals,13.93509311,Gt,krausmann2018,observed
1983,MK,metals,14.31413447,Gt,krausmann2018,observed
1984,MK,metals,14.72603588,Gt,krausmann2018,observed
1985,MK,metals,15.14276205,Gt,krausmann2018,observed
1986,MK,metals,15.55580323,Gt,krausmann2018,observed
1987,MK,metals,15.97842086,Gt,krausmann2018,observed
1988,MK,metals,16.42726917,Gt,krausmann2018,observed
1989,MK,metals,16.88088453,Gt,krausmann2018,observed
1990,MK,metals,17.31946669,Gt,krausmann2018,observed
1991,MK,metals,17.73317528,Gt,krausmann2018,observed
1992,MK,metals,18.13929462,Gt,krausmann2018,observed
1993,MK,metals,18.5413833,Gt,krausmann2018,observed
1994,MK,metals,18.94998691,Gt,krausmann2018,observed
1995,MK,metals,19.37701106,Gt,krausmann2018,observed
1996,MK,metals,19.79767617,Gt,krausmann2018,observed
1997,MK,metals,20.24040611,Gt,krausmann2018,observed
1998,MK,metals,20.67627989,Gt,krausmann2018,observed
1999,MK,metals,21.11177272,Gt,krausmann2018,observed
2000,MK,metals,21.57922103,Gt,krausmann2018,observed
2001,MK,metals,22.04907259,Gt,krausmann2018,observed
2002,MK,metals,22.54336941,Gt,krausmann2018,observed
2003,MK,metals,23.09099563,Gt,krausmann2018,observed
2004,MK,metals,23.68758759,Gt,krausmann2018,observed
2005,MK,metals,24.35479719,Gt,krausmann2018,observed
2006,MK,metals,25.08880241,Gt,krausmann2018,observed
2007,MK,metals,25.90600262,Gt,krausmann2018,observed
2008,MK,metals,26.71692925,Gt,krausmann2018,observed
2009,MK,metals,27.49185228,Gt,krausmann2018,observed
2010,MK,metals,28.37152531,Gt,krausmann2018,observed
2011,MK,metals,29.32183744,Gt,krausmann2018,observed
2012,MK,metals,30.28295878,Gt,krausmann2018,observed
2013,MK,metals,31.32160981,Gt,krausmann2018,observed
2014,MK,metals,32.3452635,Gt,krausmann2018,observed
2015,MK,metals,33.34610747,Gt,krausmann2018,observed
1900,MK,non_metallic_minerals,30.43977475,Gt,krausmann2018,reconstructed
1901,MK,non_metallic_minerals,30.8576065,Gt,krausmann2018,reconstructed
1902,MK,non_metallic_minerals,31.27752825,Gt,krausmann2018,reconstructed
1903,MK,non_metallic_minerals,31.71612225,Gt,krausmann2018,reconstructed
1904,MK,non_metallic_minerals,32.159217,Gt,krausmann2018,reconstructed
1905,MK,non_metallic_minerals,32.63686625,Gt,krausmann2018,reconstructed
1906,MK,non_metallic_minerals,33.1270905,Gt,krausmann2018,reconstructed
1907,MK,non_metallic_minerals,33.63170475,Gt,krausmann2018,reconstructed
1908,MK,non_metallic_minerals,34.1621715,Gt,krausmann2018,reconstructed
1909,MK,non_metallic_minerals,34.71909025,Gt,krausmann2018,reconstructed
1910,MK,non_metallic_minerals,35.276126,Gt,krausmann2018,reconstructed
1911,MK,non_metallic_minerals,35.83306025,Gt,krausmann2018,reconstructed
1912,MK,non_metallic_minerals,36.3994485,Gt,krausmann2018,reconstructed
1913,MK,non_metallic_minerals,36.97536975,Gt,krausmann2018,reconstructed
1914,MK,non_metallic_minerals,37.52471775,Gt,krausmann2018,reconstructed
1915,MK,non_metallic_minerals,38.042497,Gt,krausmann2018,reconstructed
1916,MK,non_metallic_minerals,38.5598125,Gt,krausmann2018,reconstructed
1917,MK,non_metallic_minerals,39.034348,Gt,krausmann2018,reconstructed
1918,MK,non_metallic_minerals,39.5235765,Gt,krausmann2018,reconstructed
1919,MK,non_metallic_minerals,39.9227775,Gt,krausmann2018,reconstructed
1920,MK,non_metallic_minerals,40.384213,Gt,krausmann2018,reconstructed
1921,MK,non_metallic_minerals,40.841095,Gt,krausmann2018,reconstructed
1922,MK,non_metallic_minerals,41.3832285,Gt,krausmann2018,reconstructed
1923,MK,non_metallic_minerals,41.93648,Gt,krausmann2018,reconstructed
1924,MK,non_metallic_minerals,42.573989,Gt,krausmann2018,reconstructed
1925,MK,non_metallic_minerals,43.2593325,Gt,krausmann2018,reconstructed
1926,MK,non_metallic_minerals,44.0074505,Gt,krausmann2018,reconstructed
1927,MK,non_metallic_minerals,44.823088,Gt,krausmann2018,reconstructed
1928,MK,non_metallic_minerals,45.660478,Gt,krausmann2018,reconstructed
1929,MK,non_metallic_minerals,46.5265835,Gt,krausmann2018,reconstructed
1930,MK,non_metallic_minerals,47.3648495,Gt,krausmann2018,reconstructed
1931,MK,non_metallic_minerals,48.168893,Gt,krausmann2018,reconstructed
1932,MK,non_metallic_minerals,48.8839235,Gt,krausmann2018,reconstructed
1933,MK,non_metallic_minerals,49.5921235,Gt,krausmann2018,reconstructed
1934,MK,non_metallic_minerals,50.3906765,Gt,krausmann2018,reconstructed
1935,MK,non_metallic_minerals,51.2234555,Gt,krausmann2018,reconstructed
1936,MK,non_metallic_minerals,52.0899915,Gt,krausmann2018,reconstructed
1937,MK,non_metallic_minerals,53.125729,Gt,krausmann2018,reconstructed
1938,MK,non_metallic_minerals,54.192288,Gt,krausmann2018,reconstructed
1939,MK,non_metallic_minerals,55.301589,Gt,krausmann2018,reconstructed
1940,MK,non_metallic_minerals,56.3927035,Gt,krausmann2018,reconstructed
1941,MK,non_metallic_minerals,57.538105,Gt,krausmann2018,reconstructed
1942,MK,non_metallic_minerals,58.6255855,Gt,krausmann2018,reconstructed
1943,MK,non_metallic_minerals,59.6832405,Gt,krausmann2018,reconstructed
1944,MK,non_metallic_minerals,60.692542,Gt,krausmann2018,reconstructed
1945,MK,non_metallic_minerals,61.6761055,Gt,krausmann2018,reconstructed
1946,MK,non_metallic_minerals,62.85814,Gt,krausmann2018,reconstructed
1947,MK,non_metallic_minerals,64.234782,Gt,krausmann2018,reconstructed
1948,MK,non_metallic_minerals,65.7745775,Gt,krausmann2018,reconstructed
1949,MK,non_metallic_minerals,67.4804385,Gt,krausmann2018,reconstructed
1950,MK,non_metallic_minerals,69.4319705,Gt,krausmann2018,reconstructed
1951,MK,non_metallic_minerals,71.596657,Gt,krausmann2018,reconstructed
1952,MK,non_metallic_minerals,73.9386895,Gt,krausmann2018,reconstructed
1953,MK,non_metallic_minerals,76.416283,Gt,krausmann2018,reconstructed
1954,MK,non_metallic_minerals,79.1170825,Gt,krausmann2018,reconstructed
1955,MK,non_metallic_minerals,81.997328,Gt,krausmann2018,reconstructed
1956,MK,non_metallic_minerals,85.14199,Gt,krausmann2018,reconstructed
1957,MK,non_metallic_minerals,88.440334,Gt,krausmann2018,reconstructed
1958,MK,non_metallic_minerals,91.942802,Gt,krausmann2018,reconstructed
1959,MK,non_metallic_minerals,95.727245,Gt,krausmann2018,reconstructed
1960,MK,non_metallic_minerals,99.7852325,Gt,krausmann2018,reconstructed
1961,MK,non_metallic_minerals,104.1126635,Gt,krausmann2018,reconstructed
1962,MK,non_metallic_minerals,108.728385,Gt,krausmann2018,reconstructed
1963,MK,non_metallic_minerals,113.642574,Gt,krausmann2018,reconstructed
1964,MK,non_metallic_minerals,119.00729,Gt,krausmann2018,reconstructed
1965,MK,non_metallic_minerals,124.637823,Gt,krausmann2018,reconstructed
1966,MK,non_metallic_minerals,130.7844045,Gt,krausmann2018,reconstructed
1967,MK,non_metallic_minerals,136.9864235,Gt,krausmann2018,reconstructed
1968,MK,non_metallic_minerals,143.669399,Gt,krausmann2018,reconstructed
1969,MK,non_metallic_minerals,150.607477,Gt,krausmann2018,reconstructed
1970,MK,non_metallic_minerals,158.2070105,Gt,krausmann2018,reconstructed
1971,MK,non_metallic_minerals,165.907566,Gt,krausmann2018,reconstructed
1972,MK,non_metallic_minerals,174.6617975,Gt,krausmann2018,reconstructed
1973,MK,non_metallic_minerals,183.666315,Gt,krausmann2018,reconstructed
1974,MK,non_metallic_minerals,192.821023,Gt,krausmann2018,reconstructed
1975,MK,non_metallic_minerals,201.641739,Gt,krausmann2018,reconstructed
1976,MK,non_metallic_minerals,210.465589,Gt,krausmann2018,reconstructed
1977,MK,non_metallic_minerals,219.552102,Gt,krausmann2018,reconstructed
1978,MK,non_metallic_minerals,229.0301535,Gt,krausmann2018,reconstructed
1979,MK,non_metallic_minerals,238.715614,Gt,krausmann2018,reconstructed
1980,MK,non_metallic_minerals,248.320537,Gt,krausmann2018,reconstructed
1981,MK,non_metallic_minerals,257.437081,Gt,krausmann2018,reconstructed
1982,MK,non_metallic_minerals,266.351291,Gt,krausmann2018,reconstructed
1983,MK,non_metallic_minerals,275.301202,Gt,krausmann2018,reconstructed
1984,MK,non_metallic_minerals,284.648968,Gt,krausmann2018,reconstructed
1985,MK,non_metallic_minerals,294.075862,Gt,krausmann2018,reconstructed
1986,MK,non_metallic_minerals,303.900873,Gt,krausmann2018,reconstructed
1987,MK,non_metallic_minerals,314.23111,Gt,krausmann2018,reconstructed
1988,MK,non_metallic_minerals,325.48065,Gt,krausmann2018,reconstructed
1989,MK,non_metallic_minerals,336.154281,Gt,krausmann2018,reconstructed
1990,MK,non_metallic_minerals,346.825663,Gt,krausmann2018,reconstructed
1991,MK,non_metallic_minerals,358.541564,Gt,krausmann2018,reconstructed
1992,MK,non_metallic_minerals,370.220494,Gt,krausmann2018,reconstructed
1993,MK,non_metallic_minerals,383.299719,Gt,krausmann2018,reconstructed
1994,MK,non_metallic_minerals,397.07313,Gt,krausmann2018,reconstructed
1995,MK,non_metallic_minerals,412.652176,Gt,krausmann2018,reconstructed
1996,MK,non_metallic_minerals,428.117879,Gt,krausmann2018,reconstructed
1997,MK,non_metallic_minerals,443.829113,Gt,krausmann2018,reconstructed
1998,MK,non_metallic_minerals,460.223574,Gt,krausmann2018,reconstructed
1999,MK,non_metallic_minerals,476.894632,Gt,krausmann2018,reconstructed
2000,MK,non_metallic_minerals,493.80098,Gt,krausmann2018,reconstructed
2001,MK,non_metallic_minerals,510.592134,Gt,krausmann2018,reconstructed
2002,MK,non_metallic_minerals,527.418684,Gt,krausmann2018,reconstructed
2003,MK,non_metallic_minerals,545.632656,Gt,krausmann2018,reconstructed
2004,MK,non_metallic_minerals,564.856718,Gt,krausmann2018,reconstructed
2005,MK,non_metallic_minerals,585.016916,Gt,krausmann2018,reconstructed
2006,MK,non_metallic_minerals,607.0815,Gt,krausmann2018,reconstructed
2007,MK,non_metallic_minerals,630.176118,Gt,krausmann2018,reconstructed
2008,MK,non_metallic_minerals,652.988976,Gt,krausmann2018,reconstructed
2009,MK,non_metallic_minerals,676.797124,Gt,krausmann2018,reconstructed
2010,MK,non_metallic_minerals,702.06412,Gt,krausmann2018,reconstructed
2011,MK,non_metallic_minerals,729.62412,Gt,krausmann2018,reconstructed
2012,MK,non_metallic_minerals,757.8778,Gt,krausmann2018,reconstructed
2013,MK,non_metallic_minerals,787.35748,Gt,krausmann2018,reconstructed
2014,MK,non_metallic_minerals,817.236208,Gt,krausmann2018,reconstructed
2015,MK,non_metallic_minerals,846.0893646,Gt,krausmann2018,reconstructed
1900,MK,total,35.60524415,Gt,krausmann2018,observed
1901,MK,total,36.0792218,Gt,krausmann2018,observed
1902,MK,total,36.55821837,Gt,krausmann2018,observed
1903,MK,total,37.05718937,Gt,krausmann2018,observed
1904,MK,total,37.5628579,Gt,krausmann2018,observed
1905,MK,total,38.11411095,Gt,krausmann2018,observed
1906,MK,total,38.6714584,Gt,krausmann2018,observed
1907,MK,total,39.2614521,Gt,krausmann2018,observed
1908,MK,total,39.86494835,Gt,krausmann2018,observed
1909,MK,total,40.50403969,Gt,krausmann2018,observed
1910,MK,total,41.15230489,Gt,krausmann2018,observed
1911,MK,total,41.79638252,Gt,krausmann2018,observed
1912,MK,total,42.46025319,Gt,krausmann2018,observed
1913,MK,total,43.14917067,Gt,krausmann2018,observed
1914,MK,total,43.78211545,Gt,krausmann2018,observed
1915,MK,total,44.38289789,Gt,krausmann2018,observed
1916,MK,total,44.99683881,Gt,krausmann2018,observed
1917,MK,total,45.57035199,Gt,krausmann2018,observed
1918,MK,total,46.15189012,Gt,krausmann2018,observed
1919,MK,total,46.63461682,Gt,krausmann2018,observed
1920,MK,total,47.18794926,Gt,krausmann2018,observed
1921,MK,total,47.71371557,Gt,krausmann2018,observed
1922,MK,total,48.34343901,Gt,krausmann2018,observed
1923,MK,total,49.00599709,Gt,krausmann2018,observed
1924,MK,total,49.75464794,Gt,krausmann2018,observed
1925,MK,total,50.56611264,Gt,krausmann2018,observed
1926,MK,total,51.44717435,Gt,krausmann2018,observed
1927,MK,total,52.40801943,Gt,krausmann2018,observed
1928,MK,total,53.39561082,Gt,krausmann2018,observed
1929,MK,total,54.42932612,Gt,krausmann2018,observed
1930,MK,total,55.42650605,Gt,krausmann2018,observed
1931,MK,total,56.36188329,Gt,krausmann2018,observed
1932,MK,total,57.18800249,Gt,krausmann2018,observed
1933,MK,total,58.01938409,Gt,krausmann2018,observed
1934,MK,total,58.96060416,Gt,krausmann2018,observed
1935,MK,total,59.95008298,Gt,krausmann2018,observed
1936,MK,total,60.99613575,Gt,krausmann2018,observed
1937,MK,total,62.23944494,Gt,krausmann2018,observed
1938,MK,total,63.49346808,Gt,krausmann2018,observed
1939,MK,total,64.81690905,Gt,krausmann2018,observed
1940,MK,total,66.13005207,Gt,krausmann2018,observed
1941,MK,total,67.51383669,Gt,krausmann2018,observed
1942,MK,total,68.85560639,Gt,krausmann2018,observed
1943,MK,total,70.1759406,Gt,krausmann2018,observed
1944,MK,total,71.44425124,Gt,krausmann2018,observed
1945,MK,total,72.67535398,Gt,krausmann2018,observed
1946,MK,total,74.11274361,Gt,krausmann2018,observed
1947,MK,total,75.77802632,Gt,krausmann2018,observed
1948,MK,total,77.63957207,Gt,krausmann2018,observed
1949,MK,total,79.68769091,Gt,krausmann2018,observed
1950,MK,total,82.02572453,Gt,krausmann2018,observed
1951,MK,total,84.61641115,Gt,krausmann2018,observed
1952,MK,total,87.41664091,Gt,krausmann2018,observed
1953,MK,total,90.39209242,Gt,krausmann2018,observed
1954,MK,total,93.64238871,Gt,krausmann2018,observed
1955,MK,total,97.0759443,Gt,krausmann2018,observed
1956,MK,total,100.8306266,Gt,krausmann2018,observed
1957,MK,total,104.7888345,Gt,krausmann2018,observed
1958,MK,total,108.9531186,Gt,krausmann2018,observed
1959,MK,total,113.4452295,Gt,krausmann2018,observed
1960,MK,total,118.2876748,Gt,krausmann2018,observed
1961,MK,total,123.4265201,Gt,krausmann2018,observed
1962,MK,total,128.8910081,Gt,krausmann2018,observed
1963,MK,total,134.7133277,Gt,krausmann2018,observed
1964,MK,total,141.0868563,Gt,krausmann2018,observed
1965,MK,total,147.8153137,Gt,krausmann2018,observed
1966,MK,total,155.1356903,Gt,krausmann2018,observed
1967,MK,total,162.4946492,Gt,krausmann2018,observed
1968,MK,total,170.4633324,Gt,krausmann2018,observed
1969,MK,total,178.7468139,Gt,krausmann2018,observed
1970,MK,total,187.8191861,Gt,krausmann2018,observed
1971,MK,total,196.9922258,Gt,krausmann2018,observed
1972,MK,total,207.4040516,Gt,krausmann2018,observed
1973,MK,total,218.1509481,Gt,krausmann2018,observed
1974,MK,total,229.0763115,Gt,krausmann2018,observed
1975,MK,total,239.5264085,Gt,krausmann2018,observed
1976,MK,total,249.9505266,Gt,krausmann2018,observed
1977,MK,total,260.6095128,Gt,krausmann2018,observed
1978,MK,total,271.744894,Gt,krausmann2018,observed
1979,MK,total,283.1896233,Gt,krausmann2018,observed
1980,MK,total,294.5070663,Gt,krausmann2018,observed
1981,MK,total,305.1775736,Gt,krausmann2018,observed
1982,MK,total,315.4915198,Gt,krausmann2018,observed
1983,MK,total,325.8412944,Gt,krausmann2018,observed
1984,MK,total,336.6893783,Gt,krausmann2018,observed
1985,MK,total,347.614282,Gt,krausmann2018,observed
1986,MK,total,358.9926333,Gt,krausmann2018,observed
1987,MK,total,370.9090472,Gt,krausmann2018,observed
1988,MK,total,383.8058409,Gt,krausmann2018,observed
1989,MK,total,396.1545388,Gt,krausmann2018,observed
1990,MK,total,408.3964376,Gt,krausmann2018,observed
1991,MK,total,421.7931645,Gt,krausmann2018,observed
1992,MK,total,435.1348274,Gt,krausmann2018,observed
1993,MK,total,449.8678576,Gt,krausmann2018,observed
1994,MK,total,465.2940164,Gt,krausmann2018,observed
1995,MK,total,482.5337584,Gt,krausmann2018,observed
1996,MK,total,499.614954,Gt,krausmann2018,observed
1997,MK,total,517.0800316,Gt,krausmann2018,observed
1998,MK,total,535.262777,Gt,krausmann2018,observed
1999,MK,total,553.7551827,Gt,krausmann2018,observed
2000,MK,total,572.573378,Gt,krausmann2018,observed
2001,MK,total,591.1931117,Gt,krausmann2018,observed
2002,MK,total,609.8890756,Gt,krausmann2018,observed
2003,MK,total,630.0843633,Gt,krausmann2018,observed
2004,MK,total,651.5564318,Gt,krausmann2018,observed
2005,MK,total,674.0892348,Gt,krausmann2018,observed
2006,MK,total,698.6737359,Gt,krausmann2018,observed
2007,MK,total,724.370936,Gt,krausmann2018,observed
2008,MK,total,749.6552391,Gt,krausmann2018,observed
2009,MK,total,775.70772,Gt,krausmann2018,observed
2010,MK,total,803.3874067,Gt,krausmann2018,observed
2011,MK,total,833.4031519,Gt,krausmann2018,observed
2012,MK,total,864.0753459,Gt,krausmann2018,observed
2013,MK,total,896.0151036,Gt,krausmann2018,observed
2014,MK,total,928.3383179,Gt,krausmann2018,observed
2015,MK,total,959.6117808,Gt,krausmann2018,observed
1900,N,biomass,5.271598443,Gt/yr,krausmann2018,observed
1900,N,biomass,5.271598443,Gt/yr,krausmann2009,observed
1900,N,biomass,5.271598443,Gt/yr,haas2020,observed
1901,N,biomass,5.332061472,Gt/yr,krausmann2018,observed
1901,N,biomass,5.332061472,Gt/yr,krausmann2009,observed
1901,N,biomass,5.332061472,Gt/yr,haas2020,observed
1902,N,biomass,5.392524501,Gt/yr,krausmann2018,observed
1902,N,biomass,5.392524501,Gt/yr,krausmann2009,observed
1902,N,biomass,5.392524501,Gt/yr,haas2020,observed
1903,N,biomass,5.452987529,Gt/yr,krausmann2018,observed
1903,N,biomass,5.452987529,Gt/yr,krausmann2009,observed
1903,N,biomass,5.452987529,Gt/yr,haas2020,observed
1904,N,biomass,5.513450558,Gt/yr,krausmann2018,observed
1904,N,biomass,5.513450558,Gt/yr,krausmann2009,observed
1904,N,biomass,5.513450558,Gt/yr,haas2020,observed
1905,N,biomass,5.573913587,Gt/yr,krausmann2018,observed
1905,N,biomass,5.573913587,Gt/yr,krausmann2009,observed
1905,N,biomass,5.573913587,Gt/yr,haas2020,observed
1906,N,biomass,5.634376615,Gt/yr,krausmann2018,observed
1906,N,biomass,5.634376615,Gt/yr,krausmann2009,observed
1906,N,biomass,5.634376615,Gt/yr,haas2020,observed
1907,N,biomass,5.694839644,Gt/yr,krausmann2018,observed
1907,N,biomass,5.694839644,Gt/yr,krausmann2009,observed
1907,N,biomass,5.694839644,Gt/yr,haas2020,observed
1908,N,biomass,5.755302673,Gt/yr,krausmann2018,observed
1908,N,biomass,5.755302673,Gt/yr,krausmann2009,observed
1908,N,biomass,5.755302673,Gt/yr,haas2020,observed
1909,N,biomass,5.815765702,Gt/yr,krausmann2018,observed
1909,N,biomass,5.815765702,Gt/yr,krausmann2009,observed
1909,N,biomass,5.815765702,Gt/yr,haas2020,observed
1910,N,biomass,5.87622873,Gt/yr,krausmann2018,observed
1910,N,biomass,5.87622873,Gt/yr,krausmann2009,observed
1910,N,biomass,5.87622873,Gt/yr,haas2020,observed
1911,N,biomass,5.947307715,Gt/yr,krausmann2018,observed
1911,N,biomass,5.947307715,Gt/yr,krausmann2009,observed
1911,N,biomass,5.947307715,Gt/yr,haas2020,observed
1912,N,biomass,6.0183867,Gt/yr,krausmann2018,observed
1912,N,biomass,6.0183867,Gt/yr,krausmann2009,observed
1912,N,biomass,6.0183867,Gt/yr,haas2020,observed
1913,N,biomass,6.089465684,Gt/yr,krausmann2018,observed
1913,N,biomass,6.089465684,Gt/yr,krausmann2009,observed
1913,N,biomass,6.089465684,Gt/yr,haas2020,observed
1914,N,biomass,6.160544669,Gt/yr,krausmann2018,observed
1914,N,biomass,6.160544669,Gt/yr,krausmann2009,observed
1914,N,biomass,6.160544669,Gt/yr,haas2020,observed
1915,N,biomass,6.231623654,Gt/yr,krausmann2018,observed
1915,N,biomass,6.231623654,Gt/yr,krausmann2009,observed
1915,N,biomass,6.231623654,Gt/yr,haas2020,observed
1916,N,biomass,6.302702638,Gt/yr,krausmann2018,observed
1916,N,biomass,6.302702638,Gt/yr,krausmann2009,observed
1916,N,biomass,6.302702638,Gt/yr,haas2020,observed
1917,N,biomass,6.373781623,Gt/yr,krausmann2018,observed
1917,N,biomass,6.373781623,Gt/yr,krausmann2009,observed
1917,N,biomass,6.373781623,Gt/yr,haas2020,observed
1918,N,biomass,6.444860608,Gt/yr,krausmann2018,observed
1918,N,biomass,6.444860608,Gt/yr,krausmann2009,observed
1918,N,biomass,6.444860608,Gt/yr,haas2020,observed
1919,N,biomass,6.515939593,Gt/yr,krausmann2018,observed
1919,N,biomass,6.515939593,Gt/yr,krausmann2009,observed
1919,N,biomass,6.515939593,Gt/yr,haas2020,observed
1920,N,biomass,6.587018577,Gt/yr,krausmann2018,observed
1920,N,biomass,6.587018577,Gt/yr,krausmann2009,observed
1920,N,biomass,6.587018577,Gt/yr,haas2020,observed
1921,N,biomass,6.658097562,Gt/yr,krausmann2018,observed
1921,N,biomass,6.658097562,Gt/yr,krausmann2009,observed
1921,N,biomass,6.658097562,Gt/yr,haas2020,observed
1922,N,biomass,6.729176547,Gt/yr,krausmann2018,observed
1922,N,biomass,6.729176547,Gt/yr,krausmann2009,observed
1922,N,biomass,6.729176547,Gt/yr,haas2020,observed
1923,N,biomass,6.800255531,Gt/yr,krausmann2018,observed
1923,N,biomass,6.800255531,Gt/yr,krausmann2009,observed
1923,N,biomass,6.800255531,Gt/yr,haas2020,observed
1924,N,biomass,6.871334516,Gt/yr,krausmann2018,observed
1924,N,biomass,6.871334516,Gt/yr,krausmann2009,observed
1924,N,biomass,6.871334516,Gt/yr,haas2020,observed
1925,N,biomass,6.942413501,Gt/yr,krausmann2018,observed
1925,N,biomass,6.942413501,Gt/yr,krausmann2009,observed
1925,N,biomass,6.942413501,Gt/yr,haas2020,observed
1926,N,biomass,7.013492485,Gt/yr,krausmann2018,observed
1926,N,biomass,7.013492485,Gt/yr,krausmann2009,observed
1926,N,biomass,7.013492485,Gt/yr,haas2020,observed
1927,N,biomass,7.08457147,Gt/yr,krausmann2018,observed
1927,N,biomass,7.08457147,Gt/yr,krausmann2009,observed
1927,N,biomass,7.08457147,Gt/yr,haas2020,observed
1928,N,biomass,7.155650455,Gt/yr,krausmann2018,observed
1928,N,biomass,7.155650455,Gt/yr,krausmann2009,observed
1928,N,biomass,7.155650455,Gt/yr,haas2020,observed
1929,N,biomass,7.22672944,Gt/yr,krausmann2018,observed
1929,N,biomass,7.22672944,Gt/yr,krausmann2009,observed
1929,N,biomass,7.22672944,Gt/yr,haas2020,observed
1930,N,biomass,7.297808424,Gt/yr,krausmann2018,observed
1930,N,biomass,7.297808424,Gt/yr,krausmann2009,observed
1930,N,biomass,7.297808424,Gt/yr,haas2020,observed
1931,N,biomass,7.342558234,Gt/yr,krausmann2018,observed
1931,N,biomass,7.342558234,Gt/yr,krausmann2009,observed
1931,N,biomass,7.342558234,Gt/yr,haas2020,observed
1932,N,biomass,7.387308043,Gt/yr,krausmann2018,observed
1932,N,biomass,7.387308043,Gt/yr,krausmann2009,observed
1932,N,biomass,7.387308043,Gt/yr,haas2020,observed
1933,N,biomass,7.432057852,Gt/yr,krausmann2018,observed
1933,N,biomass,7.432057852,Gt/yr,krausmann2009,observed
1933,N,biomass,7.432057852,Gt/yr,haas2020,observed
1934,N,biomass,7.476807662,Gt/yr,krausmann2018,observed
1934,N,biomass,7.476807662,Gt/yr,krausmann2009,observed
1934,N,biomass,7.476807662,Gt/yr,haas2020,observed
1935,N,biomass,7.521557471,Gt/yr,krausmann2018,observed
1935,N,biomass,7.521557471,Gt/yr,krausmann2009,observed
1935,N,biomass,7.521557471,Gt/yr,haas2020,observed
1936,N,biomass,7.566307281,Gt/yr,krausmann2018,observed
1936,N,biomass,7.566307281,Gt/yr,krausmann2009,observed
1936,N,biomass,7.566307281,Gt/yr,haas2020,observed
1937,N,biomass,7.61105709,Gt/yr,krausmann2018,observed
1937,N,biomass,7.61105709,Gt/yr,krausmann2009,observed
1937,N,biomass,7.61105709,Gt/yr,haas2020,observed
1938,N,biomass,7.6558069,Gt/yr,krausmann2018,observed
1938,N,biomass,7.6558069,Gt/yr,krausmann2009,observed
1938,N,biomass,7.6558069,Gt/yr,haas2020,observed
1939,N,biomass,7.700556709,Gt/yr,krausmann2018,observed
1939,N,biomass,7.700556709,Gt/yr,krausmann2009,observed
1939,N,biomass,7.700556709,Gt/yr,haas2020,observed
1940,N,biomass,7.745306518,Gt/yr,krausmann2018,observed
1940,N,biomass,7.745306518,Gt/yr,krausmann2009,observed
1940,N,biomass,7.745306518,Gt/yr,haas2020,observed
1941,N,biomass,7.790056328,Gt/yr,krausmann2018,observed
1941,N,biomass,7.790056328,Gt/yr,krausmann2009,observed
1941,N,biomass,7.790056328,Gt/yr,haas2020,observed
1942,N,biomass,7.834806137,Gt/yr,krausmann2018,observed
1942,N,biomass,7.834806137,Gt/yr,krausmann2009,observed
1942,N,biomass,7.834806137,Gt/yr,haas2020,observed
1943,N,biomass,7.879555947,Gt/yr,krausmann2018,observed
1943,N,biomass,7.879555947,Gt/yr,krausmann2009,observed
1943,N,biomass,7.879555947,Gt/yr,haas2020,observed
1944,N,biomass,7.924305756,Gt/yr,krausmann2018,observed
1944,N,biomass,7.924305756,Gt/yr,krausmann2009,observed
1944,N,biomass,7.924305756,Gt/yr,haas2020,observed
1945,N,biomass,7.969055566,Gt/yr,krausmann2018,observed
1945,N,biomass,7.969055566,Gt/yr,krausmann2009,observed
1945,N,biomass,7.969055566,Gt/yr,haas2020,observed
1946,N,biomass,8.013805375,Gt/yr,krausmann2018,observed
1946,N,biomass,8.013805375,Gt/yr,krausmann2009,observed
1946,N,biomass,8.013805375,Gt/yr,haas2020,observed
1947,N,biomass,8.058555184,Gt/yr,krausmann2018,observed
1947,N,biomass,8.058555184,Gt/yr,krausmann2009,observed
1947,N,biomass,8.058555184,Gt/yr,haas2020,observed
1948,N,biomass,8.103304994,Gt/yr,krausmann2018,observed
1948,N,biomass,8.103304994,Gt/yr,krausmann2009,observed
1948,N,biomass,8.103304994,Gt/yr,haas2020,observed
1949,N,biomass,8.148054803,Gt/yr,krausmann2018,observed
1949,N,biomass,8.148054803,Gt/yr,krausmann2009,observed
1949,N,biomass,8.148054803,Gt/yr,haas2020,observed
1950,N,biomass,8.192804613,Gt/yr,krausmann2018,observed
1950,N,biomass,8.192804613,Gt/yr,krausmann2009,observed
1950,N,biomass,8.192804613,Gt/yr,haas2020,observed
1951,N,biomass,8.309263353,Gt/yr,krausmann2018,observed
1951,N,biomass,8.300873328,Gt/yr,krausmann2009,observed
1951,N,biomass,8.309263353,Gt/yr,haas2020,observed
1952,N,biomass,8.425722093,Gt/yr,krausmann2018,observed
1952,N,biomass,8.408942043,Gt/yr,krausmann2009,observed
1952,N,biomass,8.425722093,Gt/yr,haas2020,observed
1953,N,biomass,8.542180833,Gt/yr,krausmann2018,observed
1953,N,biomass,8.517010758,Gt/yr,krausmann2009,observed
1953,N,biomass,8.542180833,Gt/yr,haas2020,observed
1954,N,biomass,8.658639574,Gt/yr,krausmann2018,observed
1954,N,biomass,8.625079473,Gt/yr,krausmann2009,observed
1954,N,biomass,8.658639574,Gt/yr,haas2020,observed
1955,N,biomass,8.775098314,Gt/yr,krausmann2018,observed
1955,N,biomass,8.733148188,Gt/yr,krausmann2009,observed
1955,N,biomass,8.775098314,Gt/yr,haas2020,observed
1956,N,biomass,8.891557054,Gt/yr,krausmann2018,observed
1956,N,biomass,8.841216903,Gt/yr,krausmann2009,observed
1956,N,biomass,8.891557054,Gt/yr,haas2020,observed
1957,N,biomass,9.008015794,Gt/yr,krausmann2018,observed
1957,N,biomass,8.949285618,Gt/yr,krausmann2009,observed
1957,N,biomass,9.008015794,Gt/yr,haas2020,observed
1958,N,biomass,9.124474534,Gt/yr,krausmann2018,observed
1958,N,biomass,9.057354333,Gt/yr,krausmann2009,observed
1958,N,biomass,9.124474534,Gt/yr,haas2020,observed
1959,N,biomass,9.240933275,Gt/yr,krausmann2018,observed
1959,N,biomass,9.165423048,Gt/yr,krausmann2009,observed
1959,N,biomass,9.240933275,Gt/yr,haas2020,observed
1960,N,biomass,9.357392015,Gt/yr,krausmann2018,observed
1960,N,biomass,9.273491763,Gt/yr,krausmann2009,observed
1960,N,biomass,9.357392015,Gt/yr,haas2020,observed
1961,N,biomass,9.473850755,Gt/yr,krausmann2018,observed
1961,N,biomass,9.381560478,Gt/yr,krausmann2009,observed
1961,N,biomass,9.473850755,Gt/yr,haas2020,observed
1962,N,biomass,9.616477254,Gt/yr,krausmann2018,observed
1962,N,biomass,9.462723148,Gt/yr,krausmann2009,observed
1962,N,biomass,9.616477254,Gt/yr,haas2020,observed
1963,N,biomass,9.737299986,Gt/yr,krausmann2018,observed
1963,N,biomass,9.588093862,Gt/yr,krausmann2009,observed
1963,N,biomass,9.737299986,Gt/yr,haas2020,observed
1964,N,biomass,10.11986499,Gt/yr,krausmann2018,observed
1964,N,biomass,9.979398523,Gt/yr,krausmann2009,observed
1964,N,biomass,10.11986499,Gt/yr,haas2020,observed
1965,N,biomass,10.30190887,Gt/yr,krausmann2018,observed
1965,N,biomass,10.18514651,Gt/yr,krausmann2009,observed
1965,N,biomass,10.30190887,Gt/yr,haas2020,observed
1966,N,biomass,10.68614457,Gt/yr,krausmann2018,observed
1966,N,biomass,10.54653344,Gt/yr,krausmann2009,observed
1966,N,biomass,10.68614457,Gt/yr,haas2020,observed
1967,N,biomass,10.98178634,Gt/yr,krausmann2018,observed
1967,N,biomass,10.81487182,Gt/yr,krausmann2009,observed
1967,N,biomass,10.98178634,Gt/yr,haas2020,observed
1968,N,biomass,11.18348722,Gt/yr,krausmann2018,observed
1968,N,biomass,11.03771616,Gt/yr,krausmann2009,observed
1968,N,biomass,11.18348722,Gt/yr,haas2020,observed
1969,N,biomass,11.28885261,Gt/yr,krausmann2018,observed
1969,N,biomass,11.14972781,Gt/yr,krausmann2009,observed
1969,N,biomass,11.28885261,Gt/yr,haas2020,observed
1970,N,biomass,11.57350618,Gt/yr,krausmann2018,observed
1970,N,biomass,11.46514762,Gt/yr,krausmann2009,observed
1970,N,biomass,12.58171182,Gt/yr,unep_irp,observed
1970,N,biomass,11.57350618,Gt/yr,haas2020,observed
1971,N,biomass,11.92007202,Gt/yr,krausmann2018,observed
1971,N,biomass,11.73528511,Gt/yr,krausmann2009,observed
1971,N,biomass,12.82562557,Gt/yr,unep_irp,observed
1971,N,biomass,11.92007202,Gt/yr,haas2020,observed
1972,N,biomass,11.91285869,Gt/yr,krausmann2018,observed
1972,N,biomass,11.80265646,Gt/yr,krausmann2009,observed
1972,N,biomass,12.77475209,Gt/yr,unep_irp,observed
1972,N,biomass,11.91285869,Gt/yr,haas2020,observed
1973,N,biomass,12.38955295,Gt/yr,krausmann2018,observed
1973,N,biomass,12.26920466,Gt/yr,krausmann2009,observed
1973,N,biomass,13.38619267,Gt/yr,unep_irp,observed
1973,N,biomass,12.38955295,Gt/yr,haas2020,observed
1974,N,biomass,12.5200675,Gt/yr,krausmann2018,observed
1974,N,biomass,12.45368371,Gt/yr,krausmann2009,observed
1974,N,biomass,13.47906097,Gt/yr,unep_irp,observed
1974,N,biomass,12.5200675,Gt/yr,haas2020,observed
1975,N,biomass,12.59878556,Gt/yr,krausmann2018,observed
1975,N,biomass,12.51889102,Gt/yr,krausmann2009,observed
1975,N,biomass,13.6811816,Gt/yr,unep_irp,observed
1975,N,biomass,12.59878556,Gt/yr,haas2020,observed
1976,N,biomass,12.96998909,Gt/yr,krausmann2018,observed
1976,N,biomass,12.86560401,Gt/yr,krausmann2009,observed
1976,N,biomass,14.11846403,Gt/yr,unep_irp,observed
1976,N,biomass,12.96998909,Gt/yr,haas2020,observed
1977,N,biomass,13.08525345,Gt/yr,krausmann2018,observed
1977,N,biomass,12.92536535,Gt/yr,krausmann2009,observed
1977,N,biomass,14.25194631,Gt/yr,unep_irp,observed
1977,N,biomass,13.08525345,Gt/yr,haas2020,observed
1978,N,biomass,13.4567124,Gt/yr,krausmann2018,observed
1978,N,biomass,13.25415945,Gt/yr,krausmann2009,observed
1978,N,biomass,14.67582886,Gt/yr,unep_irp,observed
1978,N,biomass,13.4567124,Gt/yr,haas2020,observed
1979,N,biomass,13.5171866,Gt/yr,krausmann2018,observed
1979,N,biomass,13.33797243,Gt/yr,krausmann2009,observed
1979,N,biomass,14.5701022,Gt/yr,unep_irp,observed
1979,N,biomass,13.5171866,Gt/yr,haas2020,observed
1980,N,biomass,13.51803751,Gt/yr,krausmann2018,observed
1980,N,biomass,13.38248363,Gt/yr,krausmann2009,observed
1980,N,biomass,14.5607568,Gt/yr,unep_irp,observed
1980,N,biomass,13.51803751,Gt/yr,haas2020,observed
1981,N,biomass,13.89319371,Gt/yr,krausmann2018,observed
1981,N,biomass,13.72556608,Gt/yr,krausmann2009,observed
1981,N,biomass,14.97613019,Gt/yr,unep_irp,observed
1981,N,biomass,13.89319371,Gt/yr,haas2020,observed
1982,N,biomass,14.18902226,Gt/yr,krausmann2018,observed
1982,N,biomass,14.0698035,Gt/yr,krausmann2009,observed
1982,N,biomass,15.42623851,Gt/yr,unep_irp,observed
1982,N,biomass,14.18902226,Gt/yr,haas2020,observed
1983,N,biomass,14.1474248,Gt/yr,krausmann2018,observed
1983,N,biomass,14.15990481,Gt/yr,krausmann2009,observed
1983,N,biomass,15.37507672,Gt/yr,unep_irp,observed
1983,N,biomass,14.1474248,Gt/yr,haas2020,observed
1984,N,biomass,14.6905423,Gt/yr,krausmann2018,observed
1984,N,biomass,14.61294497,Gt/yr,krausmann2009,observed
1984,N,biomass,15.95728659,Gt/yr,unep_irp,observed
1984,N,biomass,14.6905423,Gt/yr,haas2020,observed
1985,N,biomass,14.89941964,Gt/yr,krausmann2018,observed
1985,N,biomass,15.29921835,Gt/yr,krausmann2009,observed
1985,N,biomass,16.09278251,Gt/yr,unep_irp,observed
1985,N,biomass,14.89941964,Gt/yr,haas2020,observed
1986,N,biomass,15.06484129,Gt/yr,krausmann2018,observed
1986,N,biomass,15.50073749,Gt/yr,krausmann2009,observed
1986,N,biomass,16.25514479,Gt/yr,unep_irp,observed
1986,N,biomass,15.06484129,Gt/yr,haas2020,observed
1987,N,biomass,15.15500489,Gt/yr,krausmann2018,observed
1987,N,biomass,15.6453646,Gt/yr,krausmann2009,observed
1987,N,biomass,16.34465566,Gt/yr,unep_irp,observed
1987,N,biomass,15.15500489,Gt/yr,haas2020,observed
1988,N,biomass,15.21320124,Gt/yr,krausmann2018,observed
1988,N,biomass,15.75410901,Gt/yr,krausmann2009,observed
1988,N,biomass,16.34108282,Gt/yr,unep_irp,observed
1988,N,biomass,15.21320124,Gt/yr,haas2020,observed
1989,N,biomass,15.74169017,Gt/yr,krausmann2018,observed
1989,N,biomass,16.21371911,Gt/yr,krausmann2009,observed
1989,N,biomass,16.87984146,Gt/yr,unep_irp,observed
1989,N,biomass,15.74169017,Gt/yr,haas2020,observed
1990,N,biomass,16.04596797,Gt/yr,krausmann2018,observed
1990,N,biomass,16.53521209,Gt/yr,krausmann2009,observed
1990,N,biomass,17.20657813,Gt/yr,unep_irp,observed
1990,N,biomass,16.04596797,Gt/yr,haas2020,observed
1991,N,biomass,15.94001386,Gt/yr,krausmann2018,observed
1991,N,biomass,16.46049983,Gt/yr,krausmann2009,observed
1991,N,biomass,17.10280297,Gt/yr,unep_irp,observed
1991,N,biomass,15.94001386,Gt/yr,haas2020,observed
1992,N,biomass,16.14785439,Gt/yr,krausmann2018,observed
1992,N,biomass,16.6095297,Gt/yr,krausmann2009,observed
1992,N,biomass,17.25094372,Gt/yr,unep_irp,observed
1992,N,biomass,16.14785439,Gt/yr,haas2020,observed
1993,N,biomass,15.87673699,Gt/yr,krausmann2018,observed
1993,N,biomass,16.50054634,Gt/yr,krausmann2009,observed
1993,N,biomass,17.08663525,Gt/yr,unep_irp,observed
1993,N,biomass,15.87673699,Gt/yr,haas2020,observed
1994,N,biomass,16.10603627,Gt/yr,krausmann2018,observed
1994,N,biomass,16.6440277,Gt/yr,krausmann2009,observed
1994,N,biomass,17.31943209,Gt/yr,unep_irp,observed
1994,N,biomass,16.10603627,Gt/yr,haas2020,observed
1995,N,biomass,16.2174489,Gt/yr,krausmann2018,observed
1995,N,biomass,16.761521,Gt/yr,krausmann2009,observed
1995,N,biomass,17.53102934,Gt/yr,unep_irp,observed
1995,N,biomass,16.2174489,Gt/yr,haas2020,observed
1996,N,biomass,16.68329088,Gt/yr,krausmann2018,observed
1996,N,biomass,17.16593534,Gt/yr,krausmann2009,observed
1996,N,biomass,18.09435644,Gt/yr,unep_irp,observed
1996,N,biomass,16.68329088,Gt/yr,haas2020,observed
1997,N,biomass,16.75297711,Gt/yr,krausmann2018,observed
1997,N,biomass,17.23184644,Gt/yr,krausmann2009,observed
1997,N,biomass,18.1453386,Gt/yr,unep_irp,observed
1997,N,biomass,16.75297711,Gt/yr,haas2020,observed
1998,N,biomass,16.79842385,Gt/yr,krausmann2018,observed
1998,N,biomass,17.30698709,Gt/yr,krausmann2009,observed
1998,N,biomass,18.47580187,Gt/yr,unep_irp,observed
1998,N,biomass,16.79842385,Gt/yr,haas2020,observed
1999,N,biomass,17.04088603,Gt/yr,krausmann2018,observed
1999,N,biomass,17.66702665,Gt/yr,krausmann2009,observed
1999,N,biomass,18.70684707,Gt/yr,unep_irp,observed
1999,N,biomass,17.04088603,Gt/yr,haas2020,observed
2000,N,biomass,17.14054848,Gt/yr,krausmann2018,observed
2000,N,biomass,17.79958355,Gt/yr,krausmann2009,observed
2000,N,biomass,18.80603053,Gt/yr,unep_irp,observed
2000,N,biomass,17.14054848,Gt/yr,haas2020,observed
2001,N,biomass,17.22129193,Gt/yr,krausmann2018,observed
2001,N,biomass,17.84443818,Gt/yr,krausmann2009,observed
2001,N,biomass,18.96209263,Gt/yr,unep_irp,observed
2001,N,biomass,17.22129193,Gt/yr,haas2020,observed
2002,N,biomass,17.41902762,Gt/yr,krausmann2018,observed
2002,N,biomass,18.07533865,Gt/yr,krausmann2009,observed
2002,N,biomass,19.1347034,Gt/yr,unep_irp,observed
2002,N,biomass,17.41902762,Gt/yr,haas2020,observed
2003,N,biomass,17.73274993,Gt/yr,krausmann2018,observed
2003,N,biomass,18.31308161,Gt/yr,krausmann2009,observed
2003,N,biomass,19.50462778,Gt/yr,unep_irp,observed
2003,N,biomass,17.73274993,Gt/yr,haas2020,observed
2004,N,biomass,18.38029679,Gt/yr,krausmann2018,observed
2004,N,biomass,18.92203895,Gt/yr,krausmann2009,observed
2004,N,biomass,20.20180337,Gt/yr,unep_irp,observed
2004,N,biomass,18.38029679,Gt/yr,haas2020,observed
2005,N,biomass,18.68878601,Gt/yr,krausmann2018,observed
2005,N,biomass,19.14199961,Gt/yr,krausmann2009,observed
2005,N,biomass,20.35605586,Gt/yr,unep_irp,observed
2005,N,biomass,18.68878601,Gt/yr,haas2020,observed
2006,N,biomass,19.02984543,Gt/yr,krausmann2018,observed
2006,N,biomass,19.4067684,Gt/yr,krausmann2009,observed
2006,N,biomass,20.69977717,Gt/yr,unep_irp,observed
2006,N,biomass,19.02984543,Gt/yr,haas2020,observed
2007,N,biomass,19.7396055,Gt/yr,krausmann2018,observed
2007,N,biomass,19.92053444,Gt/yr,krausmann2009,observed
2007,N,biomass,21.31715231,Gt/yr,unep_irp,observed
2007,N,biomass,19.7396055,Gt/yr,haas2020,observed
2008,N,biomass,20.38369123,Gt/yr,krausmann2018,observed
2008,N,biomass,20.42148273,Gt/yr,krausmann2009,observed
2008,N,biomass,22.07607589,Gt/yr,unep_irp,observed
2008,N,biomass,20.38369123,Gt/yr,haas2020,observed
2009,N,biomass,20.41650414,Gt/yr,krausmann2018,observed
2009,N,biomass,20.28118419,Gt/yr,krausmann2009,observed
2009,N,biomass,21.80793617,Gt/yr,unep_irp,observed
2009,N,biomass,20.41650414,Gt/yr,haas2020,observed
2010,N,biomass,20.81683143,Gt/yr,krausmann2018,observed
2010,N,biomass,22.13615439,Gt/yr,unep_irp,observed
2010,N,biomass,20.81683143,Gt/yr,haas2020,observed
2011,N,biomass,21.34257868,Gt/yr,krausmann2018,observed
2011,N,biomass,23.00233991,Gt/yr,unep_irp,observed
2011,N,biomass,21.34257868,Gt/yr,haas2020,observed
2012,N,biomass,21.53982488,Gt/yr,krausmann2018,observed
2012,N,biomass,23.14314909,Gt/yr,unep_irp,observed
2012,N,biomass,21.53982488,Gt/yr,haas2020,observed
2013,N,biomass,22.250732,Gt/yr,krausmann2018,observed
2013,N,biomass,23.99200328,Gt/yr,unep_irp,observed
2013,N,biomass,22.250732,Gt/yr,haas2020,observed
2014,N,biomass,22.52203074,Gt/yr,krausmann2018,observed
2014,N,biomass,24.36443376,Gt/yr,unep_irp,observed
2014,N,biomass,22.52203074,Gt/yr,haas2020,observed
2015,N,biomass,22.6824349,Gt/yr,krausmann2018,observed
2015,N,biomass,24.51546735,Gt/yr,unep_irp,observed
2015,N,biomass,22.6824349,Gt/yr,haas2020,observed
2016,N,biomass,24.83314096,Gt/yr,unep_irp,observed
2017,N,biomass,25.29760543,Gt/yr,unep_irp,observed
2018,N,biomass,25.35692118,Gt/yr,unep_irp,observed
2019,N,biomass,25.75305004,Gt/yr,unep_irp,observed
1900,N,fossil,0.9674449631,Gt/yr,krausmann2018,observed
1900,N,fossil,0.9689801835,Gt/yr,krausmann2009,observed
1900,N,fossil,0.9674449631,Gt/yr,haas2020,observed
1901,N,fossil,0.9945563339,Gt/yr,krausmann2018,observed
1901,N,fossil,0.9961328697,Gt/yr,krausmann2009,observed
1901,N,fossil,0.9945563339,Gt/yr,haas2020,observed
1902,N,fossil,1.016628579,Gt/yr,krausmann2018,observed
1902,N,fossil,1.018237614,Gt/yr,krausmann2009,observed
1902,N,fossil,1.016628579,Gt/yr,haas2020,observed
1903,N,fossil,1.114395693,Gt/yr,krausmann2018,observed
1903,N,fossil,1.116160368,Gt/yr,krausmann2009,observed
1903,N,fossil,1.114395693,Gt/yr,haas2020,observed
1904,N,fossil,1.125502716,Gt/yr,krausmann2018,observed
1904,N,fossil,1.127281163,Gt/yr,krausmann2009,observed
1904,N,fossil,1.125502716,Gt/yr,haas2020,observed
1905,N,fossil,1.188792326,Gt/yr,krausmann2018,observed
1905,N,fossil,1.190672881,Gt/yr,krausmann2009,observed
1905,N,fossil,1.188792326,Gt/yr,haas2020,observed
1906,N,fossil,1.280764473,Gt/yr,krausmann2018,observed
1906,N,fossil,1.282794559,Gt/yr,krausmann2009,observed
1906,N,fossil,1.280764473,Gt/yr,haas2020,observed
1907,N,fossil,1.417625727,Gt/yr,krausmann2018,observed
1907,N,fossil,1.41986729,Gt/yr,krausmann2009,observed
1907,N,fossil,1.417625727,Gt/yr,haas2020,observed
1908,N,fossil,1.349321262,Gt/yr,krausmann2018,observed
1908,N,fossil,1.351448098,Gt/yr,krausmann2009,observed
1908,N,fossil,1.349321262,Gt/yr,haas2020,observed
1909,N,fossil,1.40820668,Gt/yr,krausmann2018,observed
1909,N,fossil,1.410427411,Gt/yr,krausmann2009,observed
1909,N,fossil,1.40820668,Gt/yr,haas2020,observed
1910,N,fossil,1.473345563,Gt/yr,krausmann2018,observed
1910,N,fossil,1.4756663,Gt/yr,krausmann2009,observed
1910,N,fossil,1.473345563,Gt/yr,haas2020,observed
1911,N,fossil,1.503989375,Gt/yr,krausmann2018,observed
1911,N,fossil,1.506355432,Gt/yr,krausmann2009,observed
1911,N,fossil,1.503989375,Gt/yr,haas2020,observed
1912,N,fossil,1.584716221,Gt/yr,krausmann2018,observed
1912,N,fossil,1.587211727,Gt/yr,krausmann2009,observed
1912,N,fossil,1.584716221,Gt/yr,haas2020,observed
1913,N,fossil,1.699370061,Gt/yr,krausmann2018,observed
1913,N,fossil,1.702043392,Gt/yr,krausmann2009,observed
1913,N,fossil,1.699370061,Gt/yr,haas2020,observed
1914,N,fossil,1.529214891,Gt/yr,krausmann2018,observed
1914,N,fossil,1.531609643,Gt/yr,krausmann2009,observed
1914,N,fossil,1.529214891,Gt/yr,haas2020,observed
1915,N,fossil,1.514020971,Gt/yr,krausmann2018,observed
1915,N,fossil,1.516385327,Gt/yr,krausmann2009,observed
1915,N,fossil,1.514020971,Gt/yr,haas2020,observed
1916,N,fossil,1.629912112,Gt/yr,krausmann2018,observed
1916,N,fossil,1.632461005,Gt/yr,krausmann2009,observed
1916,N,fossil,1.629912112,Gt/yr,haas2020,observed
1917,N,fossil,1.720420503,Gt/yr,krausmann2018,observed
1917,N,fossil,1.723106309,Gt/yr,krausmann2009,observed
1917,N,fossil,1.720420503,Gt/yr,haas2020,observed
1918,N,fossil,1.694956301,Gt/yr,krausmann2018,observed
1918,N,fossil,1.697601943,Gt/yr,krausmann2009,observed
1918,N,fossil,1.694956301,Gt/yr,haas2020,observed
1919,N,fossil,1.496440284,Gt/yr,krausmann2018,observed
1919,N,fossil,1.498754767,Gt/yr,krausmann2009,observed
1919,N,fossil,1.496440284,Gt/yr,haas2020,observed
1920,N,fossil,1.723399927,Gt/yr,krausmann2018,observed
1920,N,fossil,1.726054385,Gt/yr,krausmann2009,observed
1920,N,fossil,1.723399927,Gt/yr,haas2020,observed
1921,N,fossil,1.476020173,Gt/yr,krausmann2018,observed
1921,N,fossil,1.478257586,Gt/yr,krausmann2009,observed
1921,N,fossil,1.476020173,Gt/yr,haas2020,observed
1922,N,fossil,1.57814278,Gt/yr,krausmann2018,observed
1922,N,fossil,1.580525718,Gt/yr,krausmann2009,observed
1922,N,fossil,1.57814278,Gt/yr,haas2020,observed
1923,N,fossil,1.79387524,Gt/yr,krausmann2018,observed
1923,N,fossil,1.796576775,Gt/yr,krausmann2009,observed
1923,N,fossil,1.79387524,Gt/yr,haas2020,observed
1924,N,fossil,1.775711243,Gt/yr,krausmann2018,observed
1924,N,fossil,1.778382784,Gt/yr,krausmann2009,observed
1924,N,fossil,1.775711243,Gt/yr,haas2020,observed
1925,N,fossil,1.785741231,Gt/yr,krausmann2018,observed
1925,N,fossil,1.788419284,Gt/yr,krausmann2009,observed
1925,N,fossil,1.785741231,Gt/yr,haas2020,observed
1926,N,fossil,1.782714467,Gt/yr,krausmann2018,observed
1926,N,fossil,1.785381455,Gt/yr,krausmann2009,observed
1926,N,fossil,1.782714467,Gt/yr,haas2020,observed
1927,N,fossil,1.902372897,Gt/yr,krausmann2018,observed
1927,N,fossil,1.905199183,Gt/yr,krausmann2009,observed
1927,N,fossil,1.902372897,Gt/yr,haas2020,observed
1928,N,fossil,2.065291264,Gt/yr,krausmann2018,observed
1928,N,fossil,2.068369392,Gt/yr,krausmann2009,observed
1928,N,fossil,2.065291264,Gt/yr,haas2020,observed
1929,N,fossil,2.060073193,Gt/yr,krausmann2018,observed
1929,N,fossil,2.063111818,Gt/yr,krausmann2009,observed
1929,N,fossil,2.060073193,Gt/yr,haas2020,observed
1930,N,fossil,1.896365959,Gt/yr,krausmann2018,observed
1930,N,fossil,1.899153347,Gt/yr,krausmann2009,observed
1930,N,fossil,1.896365959,Gt/yr,haas2020,observed
1931,N,fossil,1.691397595,Gt/yr,krausmann2018,observed
1931,N,fossil,1.693857974,Gt/yr,krausmann2009,observed
1931,N,fossil,1.691397595,Gt/yr,haas2020,observed
1932,N,fossil,1.520362939,Gt/yr,krausmann2018,observed
1932,N,fossil,1.522556754,Gt/yr,krausmann2009,observed
1932,N,fossil,1.520362939,Gt/yr,haas2020,observed
1933,N,fossil,1.599461733,Gt/yr,krausmann2018,observed
1933,N,fossil,1.601755553,Gt/yr,krausmann2009,observed
1933,N,fossil,1.599461733,Gt/yr,haas2020,observed
1934,N,fossil,1.746018057,Gt/yr,krausmann2018,observed
1934,N,fossil,1.748532572,Gt/yr,krausmann2009,observed
1934,N,fossil,1.746018057,Gt/yr,haas2020,observed
1935,N,fossil,1.838210724,Gt/yr,krausmann2018,observed
1935,N,fossil,1.840810924,Gt/yr,krausmann2009,observed
1935,N,fossil,1.838210724,Gt/yr,haas2020,observed
1936,N,fossil,2.015176554,Gt/yr,krausmann2018,observed
1936,N,fossil,2.018037265,Gt/yr,krausmann2009,observed
1936,N,fossil,2.015176554,Gt/yr,haas2020,observed
1937,N,fossil,2.14894637,Gt/yr,krausmann2018,observed
1937,N,fossil,2.151962777,Gt/yr,krausmann2009,observed
1937,N,fossil,2.14894637,Gt/yr,haas2020,observed
1938,N,fossil,1.961674599,Gt/yr,krausmann2018,observed
1938,N,fossil,1.964509724,Gt/yr,krausmann2009,observed
1938,N,fossil,1.961674599,Gt/yr,haas2020,observed
1939,N,fossil,2.158324311,Gt/yr,krausmann2018,observed
1939,N,fossil,2.161381082,Gt/yr,krausmann2009,observed
1939,N,fossil,2.158324311,Gt/yr,haas2020,observed
1940,N,fossil,2.370280257,Gt/yr,krausmann2018,observed
1940,N,fossil,2.373608749,Gt/yr,krausmann2009,observed
1940,N,fossil,2.370280257,Gt/yr,haas2020,observed
1941,N,fossil,2.447681176,Gt/yr,krausmann2018,observed
1941,N,fossil,2.451161907,Gt/yr,krausmann2009,observed
1941,N,fossil,2.447681176,Gt/yr,haas2020,observed
1942,N,fossil,2.469791584,Gt/yr,krausmann2018,observed
1942,N,fossil,2.473329707,Gt/yr,krausmann2009,observed
1942,N,fossil,2.469791584,Gt/yr,haas2020,observed
1943,N,fossil,2.543647746,Gt/yr,krausmann2018,observed
1943,N,fossil,2.547264147,Gt/yr,krausmann2009,observed
1943,N,fossil,2.543647746,Gt/yr,haas2020,observed
1944,N,fossil,2.529573132,Gt/yr,krausmann2018,observed
1944,N,fossil,2.533100303,Gt/yr,krausmann2009,observed
1944,N,fossil,2.529573132,Gt/yr,haas2020,observed
1945,N,fossil,2.065616949,Gt/yr,krausmann2018,observed
1945,N,fossil,2.068388162,Gt/yr,krausmann2009,observed
1945,N,fossil,2.065616949,Gt/yr,haas2020,observed
1946,N,fossil,2.206678535,Gt/yr,krausmann2018,observed
1946,N,fossil,2.209605041,Gt/yr,krausmann2009,observed
1946,N,fossil,2.206678535,Gt/yr,haas2020,observed
1947,N,fossil,2.477714917,Gt/yr,krausmann2018,observed
1947,N,fossil,2.481005194,Gt/yr,krausmann2009,observed
1947,N,fossil,2.477714917,Gt/yr,haas2020,observed
1948,N,fossil,2.603893228,Gt/yr,krausmann2018,observed
1948,N,fossil,2.607303703,Gt/yr,krausmann2009,observed
1948,N,fossil,2.603893228,Gt/yr,haas2020,observed
1949,N,fossil,2.517806111,Gt/yr,krausmann2018,observed
1949,N,fossil,2.521074976,Gt/yr,krausmann2009,observed
1949,N,fossil,2.517806111,Gt/yr,haas2020,observed
1950,N,fossil,2.751761411,Gt/yr,krausmann2018,observed
1950,N,fossil,2.755352844,Gt/yr,krausmann2009,observed
1950,N,fossil,2.751761411,Gt/yr,haas2020,observed
1951,N,fossil,2.935821511,Gt/yr,krausmann2018,observed
1951,N,fossil,2.939626748,Gt/yr,krausmann2009,observed
1951,N,fossil,2.935821511,Gt/yr,haas2020,observed
1952,N,fossil,2.984792357,Gt/yr,krausmann2018,observed
1952,N,fossil,2.988622946,Gt/yr,krausmann2009,observed
1952,N,fossil,2.984792357,Gt/yr,haas2020,observed
1953,N,fossil,3.030953097,Gt/yr,krausmann2018,observed
1953,N,fossil,3.034812091,Gt/yr,krausmann2009,observed
1953,N,fossil,3.030953097,Gt/yr,haas2020,observed
1954,N,fossil,3.081555162,Gt/yr,krausmann2018,observed
1954,N,fossil,3.085429941,Gt/yr,krausmann2009,observed
1954,N,fossil,3.081555162,Gt/yr,haas2020,observed
1955,N,fossil,3.358170969,Gt/yr,krausmann2018,observed
1955,N,fossil,3.362346971,Gt/yr,krausmann2009,observed
1955,N,fossil,3.358170969,Gt/yr,haas2020,observed
1956,N,fossil,3.562493412,Gt/yr,krausmann2018,observed
1956,N,fossil,3.56691546,Gt/yr,krausmann2009,observed
1956,N,fossil,3.562493412,Gt/yr,haas2020,observed
1957,N,fossil,3.71122275,Gt/yr,krausmann2018,observed
1957,N,fossil,3.715818785,Gt/yr,krausmann2009,observed
1957,N,fossil,3.71122275,Gt/yr,haas2020,observed
1958,N,fossil,3.899910043,Gt/yr,krausmann2018,observed
1958,N,fossil,3.904738409,Gt/yr,krausmann2009,observed
1958,N,fossil,3.899910043,Gt/yr,haas2020,observed
1959,N,fossil,4.117225628,Gt/yr,krausmann2018,observed
1959,N,fossil,4.122288339,Gt/yr,krausmann2009,observed
1959,N,fossil,4.117225628,Gt/yr,haas2020,observed
1960,N,fossil,4.422777226,Gt/yr,krausmann2018,observed
1960,N,fossil,4.428089149,Gt/yr,krausmann2009,observed
1960,N,fossil,4.422777226,Gt/yr,haas2020,observed
1961,N,fossil,4.47803806,Gt/yr,krausmann2018,observed
1961,N,fossil,4.483341045,Gt/yr,krausmann2009,observed
1961,N,fossil,4.47803806,Gt/yr,haas2020,observed
1962,N,fossil,4.746241353,Gt/yr,krausmann2018,observed
1962,N,fossil,4.751874682,Gt/yr,krausmann2009,observed
1962,N,fossil,4.746241353,Gt/yr,haas2020,observed
1963,N,fossil,5.113097356,Gt/yr,krausmann2018,observed
1963,N,fossil,5.119111507,Gt/yr,krausmann2009,observed
1963,N,fossil,5.113097356,Gt/yr,haas2020,observed
1964,N,fossil,5.385983445,Gt/yr,krausmann2018,observed
1964,N,fossil,5.392266599,Gt/yr,krausmann2009,observed
1964,N,fossil,5.385983445,Gt/yr,haas2020,observed
1965,N,fossil,5.28333271,Gt/yr,krausmann2018,observed
1965,N,fossil,5.289278315,Gt/yr,krausmann2009,observed
1965,N,fossil,5.28333271,Gt/yr,haas2020,observed
1966,N,fossil,5.517977697,Gt/yr,krausmann2018,observed
1966,N,fossil,5.52409988,Gt/yr,krausmann2009,observed
1966,N,fossil,5.517977697,Gt/yr,haas2020,observed
1967,N,fossil,5.554445515,Gt/yr,krausmann2018,observed
1967,N,fossil,5.560445161,Gt/yr,krausmann2009,observed
1967,N,fossil,5.554445515,Gt/yr,haas2020,observed
1968,N,fossil,5.881066318,Gt/yr,krausmann2018,observed
1968,N,fossil,5.887386236,Gt/yr,krausmann2009,observed
1968,N,fossil,5.881066318,Gt/yr,haas2020,observed
1969,N,fossil,6.063904955,Gt/yr,krausmann2018,observed
1969,N,fossil,6.070447281,Gt/yr,krausmann2009,observed
1969,N,fossil,6.063904955,Gt/yr,haas2020,observed
1970,N,fossil,6.309324811,Gt/yr,krausmann2018,observed
1970,N,fossil,6.315987851,Gt/yr,krausmann2009,observed
1970,N,fossil,6.144125765,Gt/yr,unep_irp,observed
1970,N,fossil,6.309324811,Gt/yr,haas2020,observed
1971,N,fossil,6.5127011,Gt/yr,krausmann2018,observed
1971,N,fossil,6.51283674,Gt/yr,krausmann2009,observed
1971,N,fossil,6.298909204,Gt/yr,unep_irp,observed
1971,N,fossil,6.5127011,Gt/yr,haas2020,observed
1972,N,fossil,6.74671812,Gt/yr,krausmann2018,observed
1972,N,fossil,6.7466429,Gt/yr,krausmann2009,observed
1972,N,fossil,6.546390132,Gt/yr,unep_irp,observed
1972,N,fossil,6.74671812,Gt/yr,haas2020,observed
1973,N,fossil,7.06038594,Gt/yr,krausmann2018,observed
1973,N,fossil,7.06062718,Gt/yr,krausmann2009,observed
1973,N,fossil,6.853066092,Gt/yr,unep_irp,observed
1973,N,fossil,7.06038594,Gt/yr,haas2020,observed
1974,N,fossil,7.10872088,Gt/yr,krausmann2018,observed
1974,N,fossil,7.10956408,Gt/yr,krausmann2009,observed
1974,N,fossil,6.877469492,Gt/yr,unep_irp,observed
1974,N,fossil,7.10872088,Gt/yr,haas2020,observed
1975,N,fossil,7.17154368,Gt/yr,krausmann2018,observed
1975,N,fossil,7.17247366,Gt/yr,krausmann2009,observed
1975,N,fossil,6.952658037,Gt/yr,unep_irp,observed
1975,N,fossil,7.17154368,Gt/yr,haas2020,observed
1976,N,fossil,7.5060362,Gt/yr,krausmann2018,observed
1976,N,fossil,7.508057,Gt/yr,krausmann2009,observed
1976,N,fossil,7.26878494,Gt/yr,unep_irp,observed
1976,N,fossil,7.5060362,Gt/yr,haas2020,observed
1977,N,fossil,7.77196226,Gt/yr,krausmann2018,observed
1977,N,fossil,7.77437304,Gt/yr,krausmann2009,observed
1977,N,fossil,7.539212775,Gt/yr,unep_irp,observed
1977,N,fossil,7.77196226,Gt/yr,haas2020,observed
1978,N,fossil,7.91417494,Gt/yr,krausmann2018,observed
1978,N,fossil,7.91711176,Gt/yr,krausmann2009,observed
1978,N,fossil,7.627160416,Gt/yr,unep_irp,observed
1978,N,fossil,7.91417494,Gt/yr,haas2020,observed
1979,N,fossil,8.26891386,Gt/yr,krausmann2018,observed
1979,N,fossil,8.27277068,Gt/yr,krausmann2009,observed
1979,N,fossil,8.084806676,Gt/yr,unep_irp,observed
1979,N,fossil,8.26891386,Gt/yr,haas2020,observed
1980,N,fossil,8.22607866,Gt/yr,krausmann2018,observed
1980,N,fossil,8.22930268,Gt/yr,krausmann2009,observed
1980,N,fossil,8.016124334,Gt/yr,unep_irp,observed
1980,N,fossil,8.22607866,Gt/yr,haas2020,observed
1981,N,fossil,8.10932272,Gt/yr,krausmann2018,observed
1981,N,fossil,8.11227692,Gt/yr,krausmann2009,observed
1981,N,fossil,7.901889881,Gt/yr,unep_irp,observed
1981,N,fossil,8.10932272,Gt/yr,haas2020,observed
1982,N,fossil,8.29872746,Gt/yr,krausmann2018,observed
1982,N,fossil,8.30255472,Gt/yr,krausmann2009,observed
1982,N,fossil,7.92158458,Gt/yr,unep_irp,observed
1982,N,fossil,8.29872746,Gt/yr,haas2020,observed
1983,N,fossil,8.32600336,Gt/yr,krausmann2018,observed
1983,N,fossil,8.32994176,Gt/yr,krausmann2009,observed
1983,N,fossil,7.961726854,Gt/yr,unep_irp,observed
1983,N,fossil,8.32600336,Gt/yr,haas2020,observed
1984,N,fossil,8.7003234,Gt/yr,krausmann2018,observed
1984,N,fossil,8.70473936,Gt/yr,krausmann2009,observed
1984,N,fossil,8.237975396,Gt/yr,unep_irp,observed
1984,N,fossil,8.7003234,Gt/yr,haas2020,observed
1985,N,fossil,8.7049467,Gt/yr,krausmann2018,observed
1985,N,fossil,8.70986256,Gt/yr,krausmann2009,observed
1985,N,fossil,8.419867008,Gt/yr,unep_irp,observed
1985,N,fossil,8.7049467,Gt/yr,haas2020,observed
1986,N,fossil,8.9512068,Gt/yr,krausmann2018,observed
1986,N,fossil,8.95462212,Gt/yr,krausmann2009,observed
1986,N,fossil,8.675931525,Gt/yr,unep_irp,observed
1986,N,fossil,8.9512068,Gt/yr,haas2020,observed
1987,N,fossil,9.13932162,Gt/yr,krausmann2018,observed
1987,N,fossil,9.14325888,Gt/yr,krausmann2009,observed
1987,N,fossil,8.872293752,Gt/yr,unep_irp,observed
1987,N,fossil,9.13932162,Gt/yr,haas2020,observed
1988,N,fossil,9.3876675,Gt/yr,krausmann2018,observed
1988,N,fossil,9.37033578,Gt/yr,krausmann2009,observed
1988,N,fossil,9.172355937,Gt/yr,unep_irp,observed
1988,N,fossil,9.3876675,Gt/yr,haas2020,observed
1989,N,fossil,9.55830828,Gt/yr,krausmann2018,observed
1989,N,fossil,9.5572866,Gt/yr,krausmann2009,observed
1989,N,fossil,9.379953438,Gt/yr,unep_irp,observed
1989,N,fossil,9.55830828,Gt/yr,haas2020,observed
1990,N,fossil,9.49776058,Gt/yr,krausmann2018,observed
1990,N,fossil,9.52617852,Gt/yr,krausmann2009,observed
1990,N,fossil,9.345313769,Gt/yr,unep_irp,observed
1990,N,fossil,9.49776058,Gt/yr,haas2020,observed
1991,N,fossil,9.351519,Gt/yr,krausmann2018,observed
1991,N,fossil,9.38755844,Gt/yr,krausmann2009,observed
1991,N,fossil,9.204506914,Gt/yr,unep_irp,observed
1991,N,fossil,9.351519,Gt/yr,haas2020,observed
1992,N,fossil,9.1966478,Gt/yr,krausmann2018,observed
1992,N,fossil,9.2231939,Gt/yr,krausmann2009,observed
1992,N,fossil,9.071835922,Gt/yr,unep_irp,observed
1992,N,fossil,9.1966478,Gt/yr,haas2020,observed
1993,N,fossil,9.14349198,Gt/yr,krausmann2018,observed
1993,N,fossil,9.15726742,Gt/yr,krausmann2009,observed
1993,N,fossil,9.036828035,Gt/yr,unep_irp,observed
1993,N,fossil,9.14349198,Gt/yr,haas2020,observed
1994,N,fossil,9.27028622,Gt/yr,krausmann2018,observed
1994,N,fossil,9.2854361,Gt/yr,krausmann2009,observed
1994,N,fossil,9.20144835,Gt/yr,unep_irp,observed
1994,N,fossil,9.27028622,Gt/yr,haas2020,observed
1995,N,fossil,9.50074372,Gt/yr,krausmann2018,observed
1995,N,fossil,9.5016264,Gt/yr,krausmann2009,observed
1995,N,fossil,9.41884598,Gt/yr,unep_irp,observed
1995,N,fossil,9.50074372,Gt/yr,haas2020,observed
1996,N,fossil,9.7182689,Gt/yr,krausmann2018,observed
1996,N,fossil,9.72812256,Gt/yr,krausmann2009,observed
1996,N,fossil,9.640960716,Gt/yr,unep_irp,observed
1996,N,fossil,9.7182689,Gt/yr,haas2020,observed
1997,N,fossil,9.79176704,Gt/yr,krausmann2018,observed
1997,N,fossil,9.82225106,Gt/yr,krausmann2009,observed
1997,N,fossil,9.712847827,Gt/yr,unep_irp,observed
1997,N,fossil,9.79176704,Gt/yr,haas2020,observed
1998,N,fossil,9.85659494,Gt/yr,krausmann2018,observed
1998,N,fossil,9.87470106,Gt/yr,krausmann2009,observed
1998,N,fossil,9.802369216,Gt/yr,unep_irp,observed
1998,N,fossil,9.85659494,Gt/yr,haas2020,observed
1999,N,fossil,9.78153448,Gt/yr,krausmann2018,observed
1999,N,fossil,9.75936304,Gt/yr,krausmann2009,observed
1999,N,fossil,9.779067296,Gt/yr,unep_irp,observed
1999,N,fossil,9.78153448,Gt/yr,haas2020,observed
2000,N,fossil,10.10193684,Gt/yr,krausmann2018,observed
2000,N,fossil,9.97411442,Gt/yr,krausmann2009,observed
2000,N,fossil,10.06796779,Gt/yr,unep_irp,observed
2000,N,fossil,10.10193684,Gt/yr,haas2020,observed
2001,N,fossil,10.36266516,Gt/yr,krausmann2018,observed
2001,N,fossil,10.18764404,Gt/yr,krausmann2009,observed
2001,N,fossil,10.36339381,Gt/yr,unep_irp,observed
2001,N,fossil,10.36266516,Gt/yr,haas2020,observed
2002,N,fossil,10.42901334,Gt/yr,krausmann2018,observed
2002,N,fossil,10.3049708,Gt/yr,krausmann2009,observed
2002,N,fossil,10.49108145,Gt/yr,unep_irp,observed
2002,N,fossil,10.42901334,Gt/yr,haas2020,observed
2003,N,fossil,10.98797416,Gt/yr,krausmann2018,observed
2003,N,fossil,10.82490986,Gt/yr,krausmann2009,observed
2003,N,fossil,11.05220041,Gt/yr,unep_irp,observed
2003,N,fossil,10.98797416,Gt/yr,haas2020,observed
2004,N,fossil,11.57643716,Gt/yr,krausmann2018,observed
2004,N,fossil,11.41545474,Gt/yr,krausmann2009,observed
2004,N,fossil,11.61258374,Gt/yr,unep_irp,observed
2004,N,fossil,11.57643716,Gt/yr,haas2020,observed
2005,N,fossil,12.03213362,Gt/yr,krausmann2018,observed
2005,N,fossil,11.85120692,Gt/yr,krausmann2009,observed
2005,N,fossil,12.04953943,Gt/yr,unep_irp,observed
2005,N,fossil,12.03213362,Gt/yr,haas2020,observed
2006,N,fossil,12.43660204,Gt/yr,krausmann2018,observed
2006,N,fossil,12.21326768,Gt/yr,krausmann2009,observed
2006,N,fossil,12.60480021,Gt/yr,unep_irp,observed
2006,N,fossil,12.43660204,Gt/yr,haas2020,observed
2007,N,fossil,12.6862178,Gt/yr,krausmann2018,observed
2007,N,fossil,12.48714744,Gt/yr,krausmann2009,observed
2007,N,fossil,13.05799763,Gt/yr,unep_irp,observed
2007,N,fossil,12.6862178,Gt/yr,haas2020,observed
2008,N,fossil,12.9855631,Gt/yr,krausmann2018,observed
2008,N,fossil,12.97801458,Gt/yr,krausmann2009,observed
2008,N,fossil,13.34793083,Gt/yr,unep_irp,observed
2008,N,fossil,12.9855631,Gt/yr,haas2020,observed
2009,N,fossil,12.90849438,Gt/yr,krausmann2018,observed
2009,N,fossil,12.96624412,Gt/yr,krausmann2009,observed
2009,N,fossil,13.40054081,Gt/yr,unep_irp,observed
2009,N,fossil,12.90849438,Gt/yr,haas2020,observed
2010,N,fossil,13.49564792,Gt/yr,krausmann2018,observed
2010,N,fossil,14.04969031,Gt/yr,unep_irp,observed
2010,N,fossil,13.49564792,Gt/yr,haas2020,observed
2011,N,fossil,14.20065708,Gt/yr,krausmann2018,observed
2011,N,fossil,14.70335436,Gt/yr,unep_irp,observed
2011,N,fossil,14.20065708,Gt/yr,haas2020,observed
2012,N,fossil,14.42767576,Gt/yr,krausmann2018,observed
2012,N,fossil,14.95252262,Gt/yr,unep_irp,observed
2012,N,fossil,14.42767576,Gt/yr,haas2020,observed
2013,N,fossil,14.591768,Gt/yr,krausmann2018,observed
2013,N,fossil,15.08300904,Gt/yr,unep_irp,observed
2013,N,fossil,14.591768,Gt/yr,haas2020,observed
2014,N,fossil,14.62459504,Gt/yr,krausmann2018,observed
2014,N,fossil,15.15539187,Gt/yr,unep_irp,observed
2014,N,fossil,14.62459504,Gt/yr,haas2020,observed
2015,N,fossil,14.51123148,Gt/yr,krausmann2018,observed
2015,N,fossil,15.11737887,Gt/yr,unep_irp,observed
2015,N,fossil,14.59789782,Gt/yr,haas2020,observed
2016,N,fossil,14.67583608,Gt/yr,unep_irp,observed
2017,N,fossil,15.1945162,Gt/yr,unep_irp,observed
2018,N,fossil,15.61651119,Gt/yr,unep_irp,observed
2019,N,fossil,15.88223027,Gt/yr,unep_irp,observed
1900,N,metals,0.1528495985,Gt/yr,krausmann2018,observed
1900,N,metals,0.1528495985,Gt/yr,haas2020,observed
1901,N,metals,0.1575352451,Gt/yr,krausmann2018,observed
1901,N,metals,0.1575352451,Gt/yr,haas2020,observed
1902,N,metals,0.1617502122,Gt/yr,krausmann2018,observed
1902,N,metals,0.1617502122,Gt/yr,haas2020,observed
1903,N,metals,0.1658964368,Gt/yr,krausmann2018,observed
1903,N,metals,0.1658964368,Gt/yr,haas2020,observed
1904,N,metals,0.171545121,Gt/yr,krausmann2018,observed
1904,N,metals,0.171545121,Gt/yr,haas2020,observed
1905,N,metals,0.1975973477,Gt/yr,krausmann2018,observed
1905,N,metals,0.1975973477,Gt/yr,haas2020,observed
1906,N,metals,0.1878147738,Gt/yr,krausmann2018,observed
1906,N,metals,0.1878147738,Gt/yr,haas2020,observed
1907,N,metals,0.2238182507,Gt/yr,krausmann2018,observed
1907,N,metals,0.2238182507,Gt/yr,haas2020,observed
1908,N,metals,0.2071882511,Gt/yr,krausmann2018,observed
1908,N,metals,0.2071882511,Gt/yr,haas2020,observed
1909,N,metals,0.2303050859,Gt/yr,krausmann2018,observed
1909,N,metals,0.2303050859,Gt/yr,haas2020,observed
1910,N,metals,0.25298784,Gt/yr,krausmann2018,observed
1910,N,metals,0.25298784,Gt/yr,haas2020,observed
1911,N,metals,0.2491021195,Gt/yr,krausmann2018,observed
1911,N,metals,0.2491021195,Gt/yr,haas2020,observed
1912,N,metals,0.278701475,Gt/yr,krausmann2018,observed
1912,N,metals,0.278701475,Gt/yr,haas2020,observed
1913,N,metals,0.3114502575,Gt/yr,krausmann2018,observed
1913,N,metals,0.3114502575,Gt/yr,haas2020,observed
1914,N,metals,0.2436711256,Gt/yr,krausmann2018,observed
1914,N,metals,0.2436711256,Gt/yr,haas2020,observed
1915,N,metals,0.2485528041,Gt/yr,krausmann2018,observed
1915,N,metals,0.2485528041,Gt/yr,haas2020,observed
1916,N,metals,0.292379766,Gt/yr,krausmann2018,observed
1916,N,metals,0.292379766,Gt/yr,haas2020,observed
1917,N,metals,0.2990065405,Gt/yr,krausmann2018,observed
1917,N,metals,0.2990065405,Gt/yr,haas2020,observed
1918,N,metals,0.2804621626,Gt/yr,krausmann2018,observed
1918,N,metals,0.2804621626,Gt/yr,haas2020,observed
1919,N,metals,0.2321566311,Gt/yr,krausmann2018,observed
1919,N,metals,0.2321566311,Gt/yr,haas2020,observed
1920,N,metals,0.2479648324,Gt/yr,krausmann2018,observed
1920,N,metals,0.2479648324,Gt/yr,haas2020,observed
1921,N,metals,0.1637071007,Gt/yr,krausmann2018,observed
1921,N,metals,0.1637071007,Gt/yr,haas2020,observed
1922,N,metals,0.2224898312,Gt/yr,krausmann2018,observed
1922,N,metals,0.2224898312,Gt/yr,haas2020,observed
1923,N,metals,0.2819053746,Gt/yr,krausmann2018,observed
1923,N,metals,0.2819053746,Gt/yr,haas2020,observed
1924,N,metals,0.2889787749,Gt/yr,krausmann2018,observed
1924,N,metals,0.2889787749,Gt/yr,haas2020,observed
1925,N,metals,0.3259848911,Gt/yr,krausmann2018,observed
1925,N,metals,0.3259848911,Gt/yr,haas2020,observed
1926,N,metals,0.3314322752,Gt/yr,krausmann2018,observed
1926,N,metals,0.3314322752,Gt/yr,haas2020,observed
1927,N,metals,0.3558663803,Gt/yr,krausmann2018,observed
1927,N,metals,0.3558663803,Gt/yr,haas2020,observed
1928,N,metals,0.3808933454,Gt/yr,krausmann2018,observed
1928,N,metals,0.3808933454,Gt/yr,haas2020,observed
1929,N,metals,0.4278886559,Gt/yr,krausmann2018,observed
1929,N,metals,0.4278886559,Gt/yr,haas2020,observed
1930,N,metals,0.3797616024,Gt/yr,krausmann2018,observed
1930,N,metals,0.3797616024,Gt/yr,haas2020,observed
1931,N,metals,0.2882490389,Gt/yr,krausmann2018,observed
1931,N,metals,0.2882490389,Gt/yr,haas2020,observed
1932,N,metals,0.1922882163,Gt/yr,krausmann2018,observed
1932,N,metals,0.1922882163,Gt/yr,haas2020,observed
1933,N,metals,0.2191245358,Gt/yr,krausmann2018,observed
1933,N,metals,0.2191245358,Gt/yr,haas2020,observed
1934,N,metals,0.2832197412,Gt/yr,krausmann2018,observed
1934,N,metals,0.2832197412,Gt/yr,haas2020,observed
1935,N,metals,0.3268623823,Gt/yr,krausmann2018,observed
1935,N,metals,0.3268623823,Gt/yr,haas2020,observed
1936,N,metals,0.3980943383,Gt/yr,krausmann2018,observed
1936,N,metals,0.3980943383,Gt/yr,haas2020,observed
1937,N,metals,0.4958571527,Gt/yr,krausmann2018,observed
1937,N,metals,0.4958571527,Gt/yr,haas2020,observed
1938,N,metals,0.4122798428,Gt/yr,krausmann2018,observed
1938,N,metals,0.4122798428,Gt/yr,haas2020,observed
1939,N,metals,0.4673195809,Gt/yr,krausmann2018,observed
1939,N,metals,0.4673195809,Gt/yr,haas2020,observed
1940,N,metals,0.5133880209,Gt/yr,krausmann2018,observed
1940,N,metals,0.5133880209,Gt/yr,haas2020,observed
1941,N,metals,0.5400300982,Gt/yr,krausmann2018,observed
1941,N,metals,0.5400300982,Gt/yr,haas2020,observed
1942,N,metals,0.5203051653,Gt/yr,krausmann2018,observed
1942,N,metals,0.5203051653,Gt/yr,haas2020,observed
1943,N,metals,0.5331612309,Gt/yr,krausmann2018,observed
1943,N,metals,0.5331612309,Gt/yr,haas2020,observed
1944,N,metals,0.4615269668,Gt/yr,krausmann2018,observed
1944,N,metals,0.4615269668,Gt/yr,haas2020,observed
1945,N,metals,0.3851630138,Gt/yr,krausmann2018,observed
1945,N,metals,0.3851630138,Gt/yr,haas2020,observed
1946,N,metals,0.3519248276,Gt/yr,krausmann2018,observed
1946,N,metals,0.3519248276,Gt/yr,haas2020,observed
1947,N,metals,0.426792233,Gt/yr,krausmann2018,observed
1947,N,metals,0.426792233,Gt/yr,haas2020,observed
1948,N,metals,0.4870549377,Gt/yr,krausmann2018,observed
1948,N,metals,0.4870549377,Gt/yr,haas2020,observed
1949,N,metals,0.4899577242,Gt/yr,krausmann2018,observed
1949,N,metals,0.4899577242,Gt/yr,haas2020,observed
1950,N,metals,0.5424840887,Gt/yr,krausmann2018,observed
1950,N,metals,0.5424840887,Gt/yr,haas2020,observed
1951,N,metals,0.5994543738,Gt/yr,krausmann2018,observed
1951,N,metals,0.5994543738,Gt/yr,haas2020,observed
1952,N,metals,0.6219664688,Gt/yr,krausmann2018,observed
1952,N,metals,0.6219664688,Gt/yr,haas2020,observed
1953,N,metals,0.6845096954,Gt/yr,krausmann2018,observed
1953,N,metals,0.6845096954,Gt/yr,haas2020,observed
1954,N,metals,0.7592830486,Gt/yr,krausmann2018,observed
1954,N,metals,0.7592830486,Gt/yr,haas2020,observed
1955,N,metals,0.7504720596,Gt/yr,krausmann2018,observed
1955,N,metals,0.7504720596,Gt/yr,haas2020,observed
1956,N,metals,0.8038461524,Gt/yr,krausmann2018,observed
1956,N,metals,0.8038461524,Gt/yr,haas2020,observed
1957,N,metals,0.8566004864,Gt/yr,krausmann2018,observed
1957,N,metals,0.8566004864,Gt/yr,haas2020,observed
1958,N,metals,0.786092002,Gt/yr,krausmann2018,observed
1958,N,metals,0.786092002,Gt/yr,haas2020,observed
1959,N,metals,0.8515419746,Gt/yr,krausmann2018,observed
1959,N,metals,0.8515419746,Gt/yr,haas2020,observed
1960,N,metals,0.9883093056,Gt/yr,krausmann2018,observed
1960,N,metals,0.9883093056,Gt/yr,haas2020,observed
1961,N,metals,0.9854270964,Gt/yr,krausmann2018,observed
1961,N,metals,0.9854270964,Gt/yr,haas2020,observed
1962,N,metals,1.000042102,Gt/yr,krausmann2018,observed
1962,N,metals,1.000042102,Gt/yr,haas2020,observed
1963,N,metals,1.025004719,Gt/yr,krausmann2018,observed
1963,N,metals,1.025004719,Gt/yr,haas2020,observed
1964,N,metals,1.108309066,Gt/yr,krausmann2018,observed
1964,N,metals,1.108309066,Gt/yr,haas2020,observed
1965,N,metals,1.183464967,Gt/yr,krausmann2018,observed
1965,N,metals,1.183464967,Gt/yr,haas2020,observed
1966,N,metals,1.213622438,Gt/yr,krausmann2018,observed
1966,N,metals,1.213622438,Gt/yr,haas2020,observed
1967,N,metals,1.224746994,Gt/yr,krausmann2018,observed
1967,N,metals,1.224746994,Gt/yr,haas2020,observed
1968,N,metals,1.325486454,Gt/yr,krausmann2018,observed
1968,N,metals,1.325486454,Gt/yr,haas2020,observed
1969,N,metals,1.407338669,Gt/yr,krausmann2018,observed
1969,N,metals,1.407338669,Gt/yr,haas2020,observed
1970,N,metals,1.54308837,Gt/yr,krausmann2018,observed
1970,N,metals,2.655734908,Gt/yr,unep_irp,observed
1970,N,metals,1.54308837,Gt/yr,haas2020,observed
1971,N,metals,1.561165909,Gt/yr,krausmann2018,observed
1971,N,metals,2.669072771,Gt/yr,unep_irp,observed
1971,N,metals,1.561165909,Gt/yr,haas2020,observed
1972,N,metals,1.595636301,Gt/yr,krausmann2018,observed
1972,N,metals,2.792168749,Gt/yr,unep_irp,observed
1972,N,metals,1.595636301,Gt/yr,haas2020,observed
1973,N,metals,1.717560089,Gt/yr,krausmann2018,observed
1973,N,metals,2.929051437,Gt/yr,unep_irp,observed
1973,N,metals,1.717560089,Gt/yr,haas2020,observed
1974,N,metals,1.806117468,Gt/yr,krausmann2018,observed
1974,N,metals,2.926366384,Gt/yr,unep_irp,observed
1974,N,metals,1.806117468,Gt/yr,haas2020,observed
1975,N,metals,1.811983902,Gt/yr,krausmann2018,observed
1975,N,metals,2.809949466,Gt/yr,unep_irp,observed
1975,N,metals,1.811983902,Gt/yr,haas2020,observed
1976,N,metals,1.837513839,Gt/yr,krausmann2018,observed
1976,N,metals,2.902396549,Gt/yr,unep_irp,observed
1976,N,metals,1.837513839,Gt/yr,haas2020,observed
1977,N,metals,1.814546279,Gt/yr,krausmann2018,observed
1977,N,metals,2.82405161,Gt/yr,unep_irp,observed
1977,N,metals,1.814546279,Gt/yr,haas2020,observed
1978,N,metals,1.841645494,Gt/yr,krausmann2018,observed
1978,N,metals,2.828169259,Gt/yr,unep_irp,observed
1978,N,metals,1.841645494,Gt/yr,haas2020,observed
1979,N,metals,1.93477447,Gt/yr,krausmann2018,observed
1979,N,metals,2.917260222,Gt/yr,unep_irp,observed
1979,N,metals,1.93477447,Gt/yr,haas2020,observed
1980,N,metals,1.951333151,Gt/yr,krausmann2018,observed
1980,N,metals,2.917930463,Gt/yr,unep_irp,observed
1980,N,metals,1.951333151,Gt/yr,haas2020,observed
1981,N,metals,1.941325024,Gt/yr,krausmann2018,observed
1981,N,metals,2.957856247,Gt/yr,unep_irp,observed
1981,N,metals,1.941325024,Gt/yr,haas2020,observed
1982,N,metals,1.835129006,Gt/yr,krausmann2018,observed
1982,N,metals,2.881586234,Gt/yr,unep_irp,observed
1982,N,metals,1.835129006,Gt/yr,haas2020,observed
1983,N,metals,1.747762526,Gt/yr,krausmann2018,observed
1983,N,metals,2.911888035,Gt/yr,unep_irp,observed
1983,N,metals,1.747762526,Gt/yr,haas2020,observed
1984,N,metals,1.90953957,Gt/yr,krausmann2018,observed
1984,N,metals,3.138244852,Gt/yr,unep_irp,observed
1984,N,metals,1.90953957,Gt/yr,haas2020,observed
1985,N,metals,1.978188351,Gt/yr,krausmann2018,observed
1985,N,metals,3.267681921,Gt/yr,unep_irp,observed
1985,N,metals,1.978188351,Gt/yr,haas2020,observed
1986,N,metals,1.998456441,Gt/yr,krausmann2018,observed
1986,N,metals,3.34990892,Gt/yr,unep_irp,observed
1986,N,metals,1.998456441,Gt/yr,haas2020,observed
1987,N,metals,2.097932947,Gt/yr,krausmann2018,observed
1987,N,metals,3.513872445,Gt/yr,unep_irp,observed
1987,N,metals,2.097932947,Gt/yr,haas2020,observed
1988,N,metals,2.284236234,Gt/yr,krausmann2018,observed
1988,N,metals,3.712631272,Gt/yr,unep_irp,observed
1988,N,metals,2.284236234,Gt/yr,haas2020,observed
1989,N,metals,2.41795825,Gt/yr,krausmann2018,observed
1989,N,metals,3.850225072,Gt/yr,unep_irp,observed
1989,N,metals,2.41795825,Gt/yr,haas2020,observed
1990,N,metals,2.421878166,Gt/yr,krausmann2018,observed
1990,N,metals,3.941805106,Gt/yr,unep_irp,observed
1990,N,metals,2.421878166,Gt/yr,haas2020,observed
1991,N,metals,2.362139085,Gt/yr,krausmann2018,observed
1991,N,metals,3.854011197,Gt/yr,unep_irp,observed
1991,N,metals,2.362139085,Gt/yr,haas2020,observed
1992,N,metals,2.334994354,Gt/yr,krausmann2018,observed
1992,N,metals,3.956514858,Gt/yr,unep_irp,observed
1992,N,metals,2.334994354,Gt/yr,haas2020,observed
1993,N,metals,2.344241776,Gt/yr,krausmann2018,observed
1993,N,metals,3.963746949,Gt/yr,unep_irp,observed
1993,N,metals,2.344241776,Gt/yr,haas2020,observed
1994,N,metals,2.384664672,Gt/yr,krausmann2018,observed
1994,N,metals,4.020495767,Gt/yr,unep_irp,observed
1994,N,metals,2.384664672,Gt/yr,haas2020,observed
1995,N,metals,2.533081979,Gt/yr,krausmann2018,observed
1995,N,metals,4.178594486,Gt/yr,unep_irp,observed
1995,N,metals,2.533081979,Gt/yr,haas2020,observed
1996,N,metals,2.631250765,Gt/yr,krausmann2018,observed
1996,N,metals,4.308207834,Gt/yr,unep_irp,observed
1996,N,metals,2.631250765,Gt/yr,haas2020,observed
1997,N,metals,2.768273159,Gt/yr,krausmann2018,observed
1997,N,metals,4.558120986,Gt/yr,unep_irp,observed
1997,N,metals,2.768273159,Gt/yr,haas2020,observed
1998,N,metals,2.84940539,Gt/yr,krausmann2018,observed
1998,N,metals,4.690064456,Gt/yr,unep_irp,observed
1998,N,metals,2.84940539,Gt/yr,haas2020,observed
1999,N,metals,2.897275815,Gt/yr,krausmann2018,observed
1999,N,metals,4.759078523,Gt/yr,unep_irp,observed
1999,N,metals,2.897275815,Gt/yr,haas2020,observed
2000,N,metals,3.060359264,Gt/yr,krausmann2018,observed
2000,N,metals,5.013922097,Gt/yr,unep_irp,observed
2000,N,metals,3.060359264,Gt/yr,haas2020,observed
2001,N,metals,3.083325036,Gt/yr,krausmann2018,observed
2001,N,metals,5.072196861,Gt/yr,unep_irp,observed
2001,N,metals,3.083325036,Gt/yr,haas2020,observed
2002,N,metals,3.132815039,Gt/yr,krausmann2018,observed
2002,N,metals,5.111828865,Gt/yr,unep_irp,observed
2002,N,metals,3.132815039,Gt/yr,haas2020,observed
2003,N,metals,3.269009496,Gt/yr,krausmann2018,observed
2003,N,metals,5.308118917,Gt/yr,unep_irp,observed
2003,N,metals,3.269009496,Gt/yr,haas2020,observed
2004,N,metals,3.632155218,Gt/yr,krausmann2018,observed
2004,N,metals,5.617109085,Gt/yr,unep_irp,observed
2004,N,metals,3.632155218,Gt/yr,haas2020,observed
2005,N,metals,3.92441831,Gt/yr,krausmann2018,observed
2005,N,metals,5.959010859,Gt/yr,unep_irp,observed
2005,N,metals,3.92441831,Gt/yr,haas2020,observed
2006,N,metals,4.238860668,Gt/yr,krausmann2018,observed
2006,N,metals,6.327064605,Gt/yr,unep_irp,observed
2006,N,metals,4.238860668,Gt/yr,haas2020,observed
2007,N,metals,4.58537758,Gt/yr,krausmann2018,observed
2007,N,metals,6.674502453,Gt/yr,unep_irp,observed
2007,N,metals,4.58537758,Gt/yr,haas2020,observed
2008,N,metals,4.825261419,Gt/yr,krausmann2018,observed
2008,N,metals,6.899045951,Gt/yr,unep_irp,observed
2008,N,metals,4.825261419,Gt/yr,haas2020,observed
2009,N,metals,4.854106726,Gt/yr,krausmann2018,observed
2009,N,metals,7.033333985,Gt/yr,unep_irp,observed
2009,N,metals,4.854106726,Gt/yr,haas2020,observed
2010,N,metals,5.253004725,Gt/yr,krausmann2018,observed
2010,N,metals,7.642370101,Gt/yr,unep_irp,observed
2010,N,metals,5.253004725,Gt/yr,haas2020,observed
2011,N,metals,5.784444466,Gt/yr,krausmann2018,observed
2011,N,metals,8.223994483,Gt/yr,unep_irp,observed
2011,N,metals,5.784444466,Gt/yr,haas2020,observed
2012,N,metals,5.835787412,Gt/yr,krausmann2018,observed
2012,N,metals,8.424896937,Gt/yr,unep_irp,observed
2012,N,metals,5.835787412,Gt/yr,haas2020,observed
2013,N,metals,6.246761714,Gt/yr,krausmann2018,observed
2013,N,metals,9.028677933,Gt/yr,unep_irp,observed
2013,N,metals,6.246761714,Gt/yr,haas2020,observed
2014,N,metals,6.417903538,Gt/yr,krausmann2018,observed
2014,N,metals,9.347119252,Gt/yr,unep_irp,observed
2014,N,metals,6.417903538,Gt/yr,haas2020,observed
2015,N,metals,6.462668367,Gt/yr,krausmann2018,observed
2015,N,metals,9.405381707,Gt/yr,unep_irp,observed
2015,N,metals,6.462668367,Gt/yr,haas2020,observed
2016,N,metals,9.607004533,Gt/yr,unep_irp,observed
2017,N,metals,9.684806451,Gt/yr,unep_irp,observed
2018,N,metals,9.397091984,Gt/yr,unep_irp,observed
2019,N,metals,9.709919364,Gt/yr,unep_irp,observed
1900,N,non_metallic_minerals,0.8893690225,Gt/yr,krausmann2018,observed
1900,N,non_metallic_minerals,0.8893690225,Gt/yr,haas2020,observed
1901,N,non_metallic_minerals,0.9183494781,Gt/yr,krausmann2018,observed
1901,N,non_metallic_minerals,0.9183494781,Gt/yr,haas2020,observed
1902,N,non_metallic_minerals,0.9304219806,Gt/yr,krausmann2018,observed
1902,N,non_metallic_minerals,0.9304219806,Gt/yr,haas2020,observed
1903,N,non_metallic_minerals,0.9586924252,Gt/yr,krausmann2018,observed
1903,N,non_metallic_minerals,0.9586924252,Gt/yr,haas2020,observed
1904,N,non_metallic_minerals,0.9687757182,Gt/yr,krausmann2018,observed
1904,N,non_metallic_minerals,0.9687757182,Gt/yr,haas2020,observed
1905,N,non_metallic_minerals,1.011482825,Gt/yr,krausmann2018,observed
1905,N,non_metallic_minerals,1.011482825,Gt/yr,haas2020,observed
1906,N,non_metallic_minerals,1.033766706,Gt/yr,krausmann2018,observed
1906,N,non_metallic_minerals,1.033766706,Gt/yr,haas2020,observed
1907,N,non_metallic_minerals,1.060330006,Gt/yr,krausmann2018,observed
1907,N,non_metallic_minerals,1.060330006,Gt/yr,haas2020,observed
1908,N,non_metallic_minerals,1.095000947,Gt/yr,krausmann2018,observed
1908,N,non_metallic_minerals,1.095000947,Gt/yr,haas2020,observed
1909,N,non_metallic_minerals,1.133422464,Gt/yr,krausmann2018,observed
1909,N,non_metallic_minerals,1.133422464,Gt/yr,haas2020,observed
1910,N,non_metallic_minerals,1.144561946,Gt/yr,krausmann2018,observed
1910,N,non_metallic_minerals,1.144561946,Gt/yr,haas2020,observed
1911,N,non_metallic_minerals,1.157036747,Gt/yr,krausmann2018,observed
1911,N,non_metallic_minerals,1.157036747,Gt/yr,haas2020,observed
1912,N,non_metallic_minerals,1.178017932,Gt/yr,krausmann2018,observed
1912,N,non_metallic_minerals,1.178017932,Gt/yr,haas2020,observed
1913,N,non_metallic_minerals,1.20117876,Gt/yr,krausmann2018,observed
1913,N,non_metallic_minerals,1.20117876,Gt/yr,haas2020,observed
1914,N,non_metallic_minerals,1.177992718,Gt/yr,krausmann2018,observed
1914,N,non_metallic_minerals,1.177992718,Gt/yr,haas2020,observed
1915,N,non_metallic_minerals,1.148750261,Gt/yr,krausmann2018,observed
1915,N,non_metallic_minerals,1.148750261,Gt/yr,haas2020,observed
1916,N,non_metallic_minerals,1.155740711,Gt/yr,krausmann2018,observed
1916,N,non_metallic_minerals,1.155740711,Gt/yr,haas2020,observed
1917,N,non_metallic_minerals,1.115947298,Gt/yr,krausmann2018,observed
1917,N,non_metallic_minerals,1.115947298,Gt/yr,haas2020,observed
1918,N,non_metallic_minerals,1.134221437,Gt/yr,krausmann2018,observed
1918,N,non_metallic_minerals,1.134221437,Gt/yr,haas2020,observed
1919,N,non_metallic_minerals,1.049840877,Gt/yr,krausmann2018,observed
1919,N,non_metallic_minerals,1.049840877,Gt/yr,haas2020,observed
1920,N,non_metallic_minerals,1.125325868,Gt/yr,krausmann2018,observed
1920,N,non_metallic_minerals,1.125325868,Gt/yr,haas2020,observed
1921,N,non_metallic_minerals,1.133578522,Gt/yr,krausmann2018,observed
1921,N,non_metallic_minerals,1.133578522,Gt/yr,haas2020,observed
1922,N,non_metallic_minerals,1.245363042,Gt/yr,krausmann2018,observed
1922,N,non_metallic_minerals,1.245363042,Gt/yr,haas2020,observed
1923,N,non_metallic_minerals,1.271715079,Gt/yr,krausmann2018,observed
1923,N,non_metallic_minerals,1.271715079,Gt/yr,haas2020,observed
1924,N,non_metallic_minerals,1.387611289,Gt/yr,krausmann2018,observed
1924,N,non_metallic_minerals,1.387611289,Gt/yr,haas2020,observed
1925,N,non_metallic_minerals,1.467720515,Gt/yr,krausmann2018,observed
1925,N,non_metallic_minerals,1.467720515,Gt/yr,haas2020,observed
1926,N,non_metallic_minerals,1.553686373,Gt/yr,krausmann2018,observed
1926,N,non_metallic_minerals,1.553686373,Gt/yr,haas2020,observed
1927,N,non_metallic_minerals,1.643668171,Gt/yr,krausmann2018,observed
1927,N,non_metallic_minerals,1.643668171,Gt/yr,haas2020,observed
1928,N,non_metallic_minerals,1.691127048,Gt/yr,krausmann2018,observed
1928,N,non_metallic_minerals,1.691127048,Gt/yr,haas2020,observed
1929,N,non_metallic_minerals,1.741113314,Gt/yr,krausmann2018,observed
1929,N,non_metallic_minerals,1.741113314,Gt/yr,haas2020,observed
1930,N,non_metallic_minerals,1.730676287,Gt/yr,krausmann2018,observed
1930,N,non_metallic_minerals,1.730676287,Gt/yr,haas2020,observed
1931,N,non_metallic_minerals,1.696616751,Gt/yr,krausmann2018,observed
1931,N,non_metallic_minerals,1.696616751,Gt/yr,haas2020,observed
1932,N,non_metallic_minerals,1.613130795,Gt/yr,krausmann2018,observed
1932,N,non_metallic_minerals,1.613130795,Gt/yr,haas2020,observed
1933,N,non_metallic_minerals,1.628828736,Gt/yr,krausmann2018,observed
1933,N,non_metallic_minerals,1.628828736,Gt/yr,haas2020,observed
1934,N,non_metallic_minerals,1.750879537,Gt/yr,krausmann2018,observed
1934,N,non_metallic_minerals,1.750879537,Gt/yr,haas2020,observed
1935,N,non_metallic_minerals,1.811709005,Gt/yr,krausmann2018,observed
1935,N,non_metallic_minerals,1.811709005,Gt/yr,haas2020,observed
1936,N,non_metallic_minerals,1.87188188,Gt/yr,krausmann2018,observed
1936,N,non_metallic_minerals,1.87188188,Gt/yr,haas2020,observed
1937,N,non_metallic_minerals,2.077810834,Gt/yr,krausmann2018,observed
1937,N,non_metallic_minerals,2.077810834,Gt/yr,haas2020,observed
1938,N,non_metallic_minerals,2.133194722,Gt/yr,krausmann2018,observed
1938,N,non_metallic_minerals,2.133194722,Gt/yr,haas2020,observed
1939,N,non_metallic_minerals,2.211017548,Gt/yr,krausmann2018,observed
1939,N,non_metallic_minerals,2.211017548,Gt/yr,haas2020,observed
1940,N,non_metallic_minerals,2.217087597,Gt/yr,krausmann2018,observed
1940,N,non_metallic_minerals,2.217087597,Gt/yr,haas2020,observed
1941,N,non_metallic_minerals,2.306235315,Gt/yr,krausmann2018,observed
1941,N,non_metallic_minerals,2.306235315,Gt/yr,haas2020,observed
1942,N,non_metallic_minerals,2.27280019,Gt/yr,krausmann2018,observed
1942,N,non_metallic_minerals,2.27280019,Gt/yr,haas2020,observed
1943,N,non_metallic_minerals,2.266697995,Gt/yr,krausmann2018,observed
1943,N,non_metallic_minerals,2.266697995,Gt/yr,haas2020,observed
1944,N,non_metallic_minerals,2.234763103,Gt/yr,krausmann2018,observed
1944,N,non_metallic_minerals,2.234763103,Gt/yr,haas2020,observed
1945,N,non_metallic_minerals,2.223121588,Gt/yr,krausmann2018,observed
1945,N,non_metallic_minerals,2.223121588,Gt/yr,haas2020,observed
1946,N,non_metallic_minerals,2.481026023,Gt/yr,krausmann2018,observed
1946,N,non_metallic_minerals,2.481026023,Gt/yr,haas2020,observed
1947,N,non_metallic_minerals,2.730987233,Gt/yr,krausmann2018,observed
1947,N,non_metallic_minerals,2.730987233,Gt/yr,haas2020,observed
1948,N,non_metallic_minerals,2.959452908,Gt/yr,krausmann2018,observed
1948,N,non_metallic_minerals,2.959452908,Gt/yr,haas2020,observed
1949,N,non_metallic_minerals,3.175466239,Gt/yr,krausmann2018,observed
1949,N,non_metallic_minerals,3.175466239,Gt/yr,haas2020,observed
1950,N,non_metallic_minerals,3.502406742,Gt/yr,krausmann2018,observed
1950,N,non_metallic_minerals,3.502406742,Gt/yr,haas2020,observed
1951,N,non_metallic_minerals,3.794687109,Gt/yr,krausmann2018,observed
1951,N,non_metallic_minerals,3.794687109,Gt/yr,haas2020,observed
1952,N,non_metallic_minerals,4.04784461,Gt/yr,krausmann2018,observed
1952,N,non_metallic_minerals,4.04784461,Gt/yr,haas2020,observed
1953,N,non_metallic_minerals,4.252290649,Gt/yr,krausmann2018,observed
1953,N,non_metallic_minerals,4.252290649,Gt/yr,haas2020,observed
1954,N,non_metallic_minerals,4.554200955,Gt/yr,krausmann2018,observed
1954,N,non_metallic_minerals,4.554200955,Gt/yr,haas2020,observed
1955,N,non_metallic_minerals,4.822193251,Gt/yr,krausmann2018,observed
1955,N,non_metallic_minerals,4.822193251,Gt/yr,haas2020,observed
1956,N,non_metallic_minerals,5.197642361,Gt/yr,krausmann2018,observed
1956,N,non_metallic_minerals,5.197642361,Gt/yr,haas2020,observed
1957,N,non_metallic_minerals,5.441507864,Gt/yr,krausmann2018,observed
1957,N,non_metallic_minerals,5.441507864,Gt/yr,haas2020,observed
1958,N,non_metallic_minerals,5.724792606,Gt/yr,krausmann2018,observed
1958,N,non_metallic_minerals,5.724792606,Gt/yr,haas2020,observed
1959,N,non_metallic_minerals,6.131551587,Gt/yr,krausmann2018,observed
1959,N,non_metallic_minerals,6.131551587,Gt/yr,haas2020,observed
1960,N,non_metallic_minerals,6.505316091,Gt/yr,krausmann2018,observed
1960,N,non_metallic_minerals,6.505316091,Gt/yr,haas2020,observed
1961,N,non_metallic_minerals,6.888605458,Gt/yr,krausmann2018,observed
1961,N,non_metallic_minerals,6.888605458,Gt/yr,haas2020,observed
1962,N,non_metallic_minerals,7.315191812,Gt/yr,krausmann2018,observed
1962,N,non_metallic_minerals,7.315191812,Gt/yr,haas2020,observed
1963,N,non_metallic_minerals,7.814420173,Gt/yr,krausmann2018,observed
1963,N,non_metallic_minerals,7.814420173,Gt/yr,haas2020,observed
1964,N,non_metallic_minerals,8.437986687,Gt/yr,krausmann2018,observed
1964,N,non_metallic_minerals,8.437986687,Gt/yr,haas2020,observed
1965,N,non_metallic_minerals,8.859223556,Gt/yr,krausmann2018,observed
1965,N,non_metallic_minerals,8.859223556,Gt/yr,haas2020,observed
1966,N,non_metallic_minerals,9.568800078,Gt/yr,krausmann2018,observed
1966,N,non_metallic_minerals,9.568800078,Gt/yr,haas2020,observed
1967,N,non_metallic_minerals,9.742002538,Gt/yr,krausmann2018,observed
1967,N,non_metallic_minerals,9.742002538,Gt/yr,haas2020,observed
1968,N,non_metallic_minerals,10.43393114,Gt/yr,krausmann2018,observed
1968,N,non_metallic_minerals,10.43393114,Gt/yr,haas2020,observed
1969,N,non_metallic_minerals,10.85840331,Gt/yr,krausmann2018,observed
1969,N,non_metallic_minerals,10.85840331,Gt/yr,haas2020,observed
1970,N,non_metallic_minerals,11.77108857,Gt/yr,krausmann2018,observed
1970,N,non_metallic_minerals,9.56080484,Gt/yr,unep_irp,observed
1970,N,non_metallic_minerals,11.77108857,Gt/yr,haas2020,observed
1971,N,non_metallic_minerals,11.99821731,Gt/yr,krausmann2018,observed
1971,N,non_metallic_minerals,10.15985174,Gt/yr,unep_irp,observed
1971,N,non_metallic_minerals,11.99821731,Gt/yr,haas2020,observed
1972,N,non_metallic_minerals,13.39370937,Gt/yr,krausmann2018,observed
1972,N,non_metallic_minerals,10.5889528,Gt/yr,unep_irp,observed
1972,N,non_metallic_minerals,13.39370937,Gt/yr,haas2020,observed
1973,N,non_metallic_minerals,13.81448999,Gt/yr,krausmann2018,observed
1973,N,non_metallic_minerals,11.36872444,Gt/yr,unep_irp,observed
1973,N,non_metallic_minerals,13.81448999,Gt/yr,haas2020,observed
1974,N,non_metallic_minerals,14.16295732,Gt/yr,krausmann2018,observed
1974,N,non_metallic_minerals,11.32975481,Gt/yr,unep_irp,observed
1974,N,non_metallic_minerals,14.16295732,Gt/yr,haas2020,observed
1975,N,non_metallic_minerals,13.87343299,Gt/yr,krausmann2018,observed
1975,N,non_metallic_minerals,10.93716138,Gt/yr,unep_irp,observed
1975,N,non_metallic_minerals,13.87343299,Gt/yr,haas2020,observed
1976,N,non_metallic_minerals,13.97667082,Gt/yr,krausmann2018,observed
1976,N,non_metallic_minerals,11.4372485,Gt/yr,unep_irp,observed
1976,N,non_metallic_minerals,13.97667082,Gt/yr,haas2020,observed
1977,N,non_metallic_minerals,14.36320818,Gt/yr,krausmann2018,observed
1977,N,non_metallic_minerals,11.99970073,Gt/yr,unep_irp,observed
1977,N,non_metallic_minerals,14.36320818,Gt/yr,haas2020,observed
1978,N,non_metallic_minerals,15.00620432,Gt/yr,krausmann2018,observed
1978,N,non_metallic_minerals,12.92070051,Gt/yr,unep_irp,observed
1978,N,non_metallic_minerals,15.00620432,Gt/yr,haas2020,observed
1979,N,non_metallic_minerals,15.38763415,Gt/yr,krausmann2018,observed
1979,N,non_metallic_minerals,13.09759394,Gt/yr,unep_irp,observed
1979,N,non_metallic_minerals,15.38763415,Gt/yr,haas2020,observed
1980,N,non_metallic_minerals,15.46663161,Gt/yr,krausmann2018,observed
1980,N,non_metallic_minerals,12.95922228,Gt/yr,unep_irp,observed
1980,N,non_metallic_minerals,15.46663161,Gt/yr,haas2020,observed
1981,N,non_metallic_minerals,14.92370026,Gt/yr,krausmann2018,observed
1981,N,non_metallic_minerals,12.58267995,Gt/yr,unep_irp,observed
1981,N,non_metallic_minerals,14.92370026,Gt/yr,haas2020,observed
1982,N,non_metallic_minerals,14.75264474,Gt/yr,krausmann2018,observed
1982,N,non_metallic_minerals,12.36874641,Gt/yr,unep_irp,observed
1982,N,non_metallic_minerals,14.75264474,Gt/yr,haas2020,observed
1983,N,non_metallic_minerals,14.94769167,Gt/yr,krausmann2018,observed
1983,N,non_metallic_minerals,13.00985632,Gt/yr,unep_irp,observed
1983,N,non_metallic_minerals,14.94769167,Gt/yr,haas2020,observed
1984,N,non_metallic_minerals,15.62856432,Gt/yr,krausmann2018,observed
1984,N,non_metallic_minerals,13.52621701,Gt/yr,unep_irp,observed
1984,N,non_metallic_minerals,15.62856432,Gt/yr,haas2020,observed
1985,N,non_metallic_minerals,15.83905487,Gt/yr,krausmann2018,observed
1985,N,non_metallic_minerals,14.25046046,Gt/yr,unep_irp,observed
1985,N,non_metallic_minerals,15.83905487,Gt/yr,haas2020,observed
1986,N,non_metallic_minerals,16.41606747,Gt/yr,krausmann2018,observed
1986,N,non_metallic_minerals,15.00848187,Gt/yr,unep_irp,observed
1986,N,non_metallic_minerals,16.41606747,Gt/yr,haas2020,observed
1987,N,non_metallic_minerals,17.12389886,Gt/yr,krausmann2018,observed
1987,N,non_metallic_minerals,15.9515585,Gt/yr,unep_irp,observed
1987,N,non_metallic_minerals,17.12389886,Gt/yr,haas2020,observed
1988,N,non_metallic_minerals,18.38167184,Gt/yr,krausmann2018,observed
1988,N,non_metallic_minerals,16.85298024,Gt/yr,unep_irp,observed
1988,N,non_metallic_minerals,18.38167184,Gt/yr,haas2020,observed
1989,N,non_metallic_minerals,17.91000252,Gt/yr,krausmann2018,observed
1989,N,non_metallic_minerals,16.85185394,Gt/yr,unep_irp,observed
1989,N,non_metallic_minerals,17.91000252,Gt/yr,haas2020,observed
1990,N,non_metallic_minerals,17.99648309,Gt/yr,krausmann2018,observed
1990,N,non_metallic_minerals,16.94442965,Gt/yr,unep_irp,observed
1990,N,non_metallic_minerals,17.99648309,Gt/yr,haas2020,observed
1991,N,non_metallic_minerals,19.29551243,Gt/yr,krausmann2018,observed
1991,N,non_metallic_minerals,16.81729528,Gt/yr,unep_irp,observed
1991,N,non_metallic_minerals,19.29551243,Gt/yr,haas2020,observed
1992,N,non_metallic_minerals,19.38905133,Gt/yr,krausmann2018,observed
1992,N,non_metallic_minerals,18.19314136,Gt/yr,unep_irp,observed
1992,N,non_metallic_minerals,19.38905133,Gt/yr,haas2020,observed
1993,N,non_metallic_minerals,21.06092827,Gt/yr,krausmann2018,observed
1993,N,non_metallic_minerals,19.15453695,Gt/yr,unep_irp,observed
1993,N,non_metallic_minerals,21.06092827,Gt/yr,haas2020,observed
1994,N,non_metallic_minerals,21.99266647,Gt/yr,krausmann2018,observed
1994,N,non_metallic_minerals,20.14719201,Gt/yr,unep_irp,observed
1994,N,non_metallic_minerals,21.99266647,Gt/yr,haas2020,observed
1995,N,non_metallic_minerals,24.45182396,Gt/yr,krausmann2018,observed
1995,N,non_metallic_minerals,20.98795417,Gt/yr,unep_irp,observed
1995,N,non_metallic_minerals,24.45182396,Gt/yr,haas2020,observed
1996,N,non_metallic_minerals,24.43146278,Gt/yr,krausmann2018,observed
1996,N,non_metallic_minerals,21.27745262,Gt/yr,unep_irp,observed
1996,N,non_metallic_minerals,24.43146278,Gt/yr,haas2020,observed
1997,N,non_metallic_minerals,24.78118733,Gt/yr,krausmann2018,observed
1997,N,non_metallic_minerals,21.96139587,Gt/yr,unep_irp,observed
1997,N,non_metallic_minerals,24.78118733,Gt/yr,haas2020,observed
1998,N,non_metallic_minerals,25.86761999,Gt/yr,krausmann2018,observed
1998,N,non_metallic_minerals,22.59973181,Gt/yr,unep_irp,observed
1998,N,non_metallic_minerals,25.86761999,Gt/yr,haas2020,observed
1999,N,non_metallic_minerals,26.48069983,Gt/yr,krausmann2018,observed
1999,N,non_metallic_minerals,23.36600693,Gt/yr,unep_irp,observed
1999,N,non_metallic_minerals,26.48069983,Gt/yr,haas2020,observed
2000,N,non_metallic_minerals,26.86773701,Gt/yr,krausmann2018,observed
2000,N,non_metallic_minerals,23.95412176,Gt/yr,unep_irp,observed
2000,N,non_metallic_minerals,26.86773701,Gt/yr,haas2020,observed
2001,N,non_metallic_minerals,26.88247274,Gt/yr,krausmann2018,observed
2001,N,non_metallic_minerals,24.38179287,Gt/yr,unep_irp,observed
2001,N,non_metallic_minerals,26.88247274,Gt/yr,haas2020,observed
2002,N,non_metallic_minerals,27.15332278,Gt/yr,krausmann2018,observed
2002,N,non_metallic_minerals,25.27255846,Gt/yr,unep_irp,observed
2002,N,non_metallic_minerals,27.15332278,Gt/yr,haas2020,observed
2003,N,non_metallic_minerals,28.89290225,Gt/yr,krausmann2018,observed
2003,N,non_metallic_minerals,26.56839678,Gt/yr,unep_irp,observed
2003,N,non_metallic_minerals,28.89290225,Gt/yr,haas2020,observed
2004,N,non_metallic_minerals,30.23573492,Gt/yr,krausmann2018,observed
2004,N,non_metallic_minerals,28.35905091,Gt/yr,unep_irp,observed
2004,N,non_metallic_minerals,30.23573492,Gt/yr,haas2020,observed
2005,N,non_metallic_minerals,31.79048185,Gt/yr,krausmann2018,observed
2005,N,non_metallic_minerals,29.94190463,Gt/yr,unep_irp,observed
2005,N,non_metallic_minerals,31.79048185,Gt/yr,haas2020,observed
2006,N,non_metallic_minerals,34.19190032,Gt/yr,krausmann2018,observed
2006,N,non_metallic_minerals,31.79221358,Gt/yr,unep_irp,observed
2006,N,non_metallic_minerals,34.19190032,Gt/yr,haas2020,observed
2007,N,non_metallic_minerals,35.74213056,Gt/yr,krausmann2018,observed
2007,N,non_metallic_minerals,33.20541498,Gt/yr,unep_irp,observed
2007,N,non_metallic_minerals,35.74213056,Gt/yr,haas2020,observed
2008,N,non_metallic_minerals,35.68423339,Gt/yr,krausmann2018,observed
2008,N,non_metallic_minerals,33.04874988,Gt/yr,unep_irp,observed
2008,N,non_metallic_minerals,35.68423339,Gt/yr,haas2020,observed
2009,N,non_metallic_minerals,37.00464274,Gt/yr,krausmann2018,observed
2009,N,non_metallic_minerals,33.50382376,Gt/yr,unep_irp,observed
2009,N,non_metallic_minerals,37.00464274,Gt/yr,haas2020,observed
2010,N,non_metallic_minerals,38.99414315,Gt/yr,krausmann2018,observed
2010,N,non_metallic_minerals,36.10051482,Gt/yr,unep_irp,observed
2010,N,non_metallic_minerals,38.99414315,Gt/yr,haas2020,observed
2011,N,non_metallic_minerals,41.92154418,Gt/yr,krausmann2018,observed
2011,N,non_metallic_minerals,39.06706546,Gt/yr,unep_irp,observed
2011,N,non_metallic_minerals,41.92154418,Gt/yr,haas2020,observed
2012,N,non_metallic_minerals,43.11182759,Gt/yr,krausmann2018,observed
2012,N,non_metallic_minerals,41.22199883,Gt/yr,unep_irp,observed
2012,N,non_metallic_minerals,43.11182759,Gt/yr,haas2020,observed
2013,N,non_metallic_minerals,44.78339209,Gt/yr,krausmann2018,observed
2013,N,non_metallic_minerals,42.78199779,Gt/yr,unep_irp,observed
2013,N,non_metallic_minerals,44.78339209,Gt/yr,haas2020,observed
2014,N,non_metallic_minerals,45.72674096,Gt/yr,krausmann2018,observed
2014,N,non_metallic_minerals,43.47462796,Gt/yr,unep_irp,observed
2014,N,non_metallic_minerals,45.72674096,Gt/yr,haas2020,observed
2015,N,non_metallic_minerals,45.25055731,Gt/yr,krausmann2018,observed
2015,N,non_metallic_minerals,43.15331096,Gt/yr,unep_irp,observed
2015,N,non_metallic_minerals,45.16787731,Gt/yr,haas2020,observed
2016,N,non_metallic_minerals,43.34454187,Gt/yr,unep_irp,observed
2017,N,non_metallic_minerals,43.4216301,Gt/yr,unep_irp,observed
2018,N,non_metallic_minerals,43.61407654,Gt/yr,unep_irp,observed
2019,N,non_metallic_minerals,44.84354142,Gt/yr,unep_irp,observed
1900,N,total,7.281262027,Gt/yr,krausmann2018,observed
1900,N,total,7.118102292,Gt/yr,krausmann2009,observed
1900,N,total,7.281262027,Gt/yr,haas2020,observed
1901,N,total,7.402502529,Gt/yr,krausmann2018,observed
1901,N,total,7.236701851,Gt/yr,krausmann2009,observed
1901,N,total,7.402502529,Gt/yr,haas2020,observed
1902,N,total,7.501325273,Gt/yr,krausmann2018,observed
1902,N,total,7.352989997,Gt/yr,krausmann2009,observed
1902,N,total,7.501325273,Gt/yr,haas2020,observed
1903,N,total,7.691972084,Gt/yr,krausmann2018,observed
1903,N,total,7.542770728,Gt/yr,krausmann2009,observed
1903,N,total,7.691972084,Gt/yr,haas2020,observed
1904,N,total,7.779274113,Gt/yr,krausmann2018,observed
1904,N,total,7.646675547,Gt/yr,krausmann2009,observed
1904,N,total,7.779274113,Gt/yr,haas2020,observed
1905,N,total,7.971786085,Gt/yr,krausmann2018,observed
1905,N,total,7.824605632,Gt/yr,krausmann2009,observed
1905,N,total,7.971786086,Gt/yr,haas2020,observed
1906,N,total,8.136722568,Gt/yr,krausmann2018,observed
1906,N,total,7.991961483,Gt/yr,krausmann2009,observed
1906,N,total,8.136722568,Gt/yr,haas2020,observed
1907,N,total,8.396613628,Gt/yr,krausmann2018,observed
1907,N,total,8.249432843,Gt/yr,krausmann2009,observed
1907,N,total,8.396613628,Gt/yr,haas2020,observed
1908,N,total,8.406813134,Gt/yr,krausmann2018,observed
1908,N,total,8.250289042,Gt/yr,krausmann2009,observed
1908,N,total,8.406813133,Gt/yr,haas2020,observed
1909,N,total,8.587699931,Gt/yr,krausmann2018,observed
1909,N,total,8.420794008,Gt/yr,krausmann2009,observed
1909,N,total,8.587699932,Gt/yr,haas2020,observed
1910,N,total,8.747124079,Gt/yr,krausmann2018,observed
1910,N,total,8.593572954,Gt/yr,krausmann2009,observed
1910,N,total,8.747124079,Gt/yr,haas2020,observed
1911,N,total,8.857435956,Gt/yr,krausmann2018,observed
1911,N,total,8.719758893,Gt/yr,krausmann2009,observed
1911,N,total,8.857435956,Gt/yr,haas2020,observed
1912,N,total,9.059822328,Gt/yr,krausmann2018,observed
1912,N,total,8.934590377,Gt/yr,krausmann2009,observed
1912,N,total,9.059822328,Gt/yr,haas2020,observed
1913,N,total,9.301464763,Gt/yr,krausmann2018,observed
1913,N,total,9.180274622,Gt/yr,krausmann2009,observed
1913,N,total,9.301464763,Gt/yr,haas2020,observed
1914,N,total,9.111423404,Gt/yr,krausmann2018,observed
1914,N,total,8.99266671,Gt/yr,krausmann2009,observed
1914,N,total,9.111423404,Gt/yr,haas2020,observed
1915,N,total,9.14294769,Gt/yr,krausmann2018,observed
1915,N,total,9.044447643,Gt/yr,krausmann2009,observed
1915,N,total,9.14294769,Gt/yr,haas2020,observed
1916,N,total,9.380735227,Gt/yr,krausmann2018,observed
1916,N,total,9.286110608,Gt/yr,krausmann2009,observed
1916,N,total,9.380735227,Gt/yr,haas2020,observed
1917,N,total,9.509155965,Gt/yr,krausmann2018,observed
1917,N,total,9.442845948,Gt/yr,krausmann2009,observed
1917,N,total,9.509155964,Gt/yr,haas2020,observed
1918,N,total,9.554500509,Gt/yr,krausmann2018,observed
1918,N,total,9.456492987,Gt/yr,krausmann2009,observed
1918,N,total,9.554500509,Gt/yr,haas2020,observed
1919,N,total,9.294377385,Gt/yr,krausmann2018,observed
1919,N,total,9.243400135,Gt/yr,krausmann2009,observed
1919,N,total,9.294377385,Gt/yr,haas2020,observed
1920,N,total,9.683709204,Gt/yr,krausmann2018,observed
1920,N,total,9.624727412,Gt/yr,krausmann2009,observed
1920,N,total,9.683709204,Gt/yr,haas2020,observed
1921,N,total,9.431403358,Gt/yr,krausmann2018,observed
1921,N,total,9.346152972,Gt/yr,krausmann2009,observed
1921,N,total,9.431403358,Gt/yr,haas2020,observed
1922,N,total,9.7751722,Gt/yr,krausmann2018,observed
1922,N,total,9.703453349,Gt/yr,krausmann2009,observed
1922,N,total,9.7751722,Gt/yr,haas2020,observed
1923,N,total,10.14775122,Gt/yr,krausmann2018,observed
1923,N,total,10.09328429,Gt/yr,krausmann2009,observed
1923,N,total,10.14775122,Gt/yr,haas2020,observed
1924,N,total,10.32363582,Gt/yr,krausmann2018,observed
1924,N,total,10.25588454,Gt/yr,krausmann2009,observed
1924,N,total,10.32363582,Gt/yr,haas2020,observed
1925,N,total,10.52186014,Gt/yr,krausmann2018,observed
1925,N,total,10.4728191,Gt/yr,krausmann2009,observed
1925,N,total,10.52186014,Gt/yr,haas2020,observed
1926,N,total,10.6813256,Gt/yr,krausmann2018,observed
1926,N,total,10.60682196,Gt/yr,krausmann2009,observed
1926,N,total,10.6813256,Gt/yr,haas2020,observed
1927,N,total,10.98647892,Gt/yr,krausmann2018,observed
1927,N,total,10.87916026,Gt/yr,krausmann2009,observed
1927,N,total,10.98647892,Gt/yr,haas2020,observed
1928,N,total,11.29296211,Gt/yr,krausmann2018,observed
1928,N,total,11.20054577,Gt/yr,krausmann2009,observed
1928,N,total,11.29296211,Gt/yr,haas2020,observed
1929,N,total,11.4558046,Gt/yr,krausmann2018,observed
1929,N,total,11.36268975,Gt/yr,krausmann2009,observed
1929,N,total,11.4558046,Gt/yr,haas2020,observed
1930,N,total,11.30461227,Gt/yr,krausmann2018,observed
1930,N,total,11.20135823,Gt/yr,krausmann2009,observed
1930,N,total,11.30461227,Gt/yr,haas2020,observed
1931,N,total,11.01882162,Gt/yr,krausmann2018,observed
1931,N,total,10.86587969,Gt/yr,krausmann2009,observed
1931,N,total,11.01882162,Gt/yr,haas2020,observed
1932,N,total,10.71308999,Gt/yr,krausmann2018,observed
1932,N,total,10.53542127,Gt/yr,krausmann2009,observed
1932,N,total,10.71308999,Gt/yr,haas2020,observed
1933,N,total,10.87947286,Gt/yr,krausmann2018,observed
1933,N,total,10.70947235,Gt/yr,krausmann2009,observed
1933,N,total,10.87947286,Gt/yr,haas2020,observed
1934,N,total,11.256925,Gt/yr,krausmann2018,observed
1934,N,total,11.07402039,Gt/yr,krausmann2009,observed
1934,N,total,11.256925,Gt/yr,haas2020,observed
1935,N,total,11.49833958,Gt/yr,krausmann2018,observed
1935,N,total,11.34084537,Gt/yr,krausmann2009,observed
1935,N,total,11.49833958,Gt/yr,haas2020,observed
1936,N,total,11.85146005,Gt/yr,krausmann2018,observed
1936,N,total,11.65068385,Gt/yr,krausmann2009,observed
1936,N,total,11.85146005,Gt/yr,haas2020,observed
1937,N,total,12.33367145,Gt/yr,krausmann2018,observed
1937,N,total,12.12578685,Gt/yr,krausmann2009,observed
1937,N,total,12.33367145,Gt/yr,haas2020,observed
1938,N,total,12.16295606,Gt/yr,krausmann2018,observed
1938,N,total,11.92058973,Gt/yr,krausmann2009,observed
1938,N,total,12.16295606,Gt/yr,haas2020,observed
1939,N,total,12.53721815,Gt/yr,krausmann2018,observed
1939,N,total,12.30545541,Gt/yr,krausmann2009,observed
1939,N,total,12.53721815,Gt/yr,haas2020,observed
1940,N,total,12.84606239,Gt/yr,krausmann2018,observed
1940,N,total,12.55991622,Gt/yr,krausmann2009,observed
1940,N,total,12.84606239,Gt/yr,haas2020,observed
1941,N,total,13.08400292,Gt/yr,krausmann2018,observed
1941,N,total,12.79261186,Gt/yr,krausmann2009,observed
1941,N,total,13.08400292,Gt/yr,haas2020,observed
1942,N,total,13.09770308,Gt/yr,krausmann2018,observed
1942,N,total,12.81973042,Gt/yr,krausmann2009,observed
1942,N,total,13.09770308,Gt/yr,haas2020,observed
1943,N,total,13.22306292,Gt/yr,krausmann2018,observed
1943,N,total,12.90929435,Gt/yr,krausmann2009,observed
1943,N,total,13.22306292,Gt/yr,haas2020,observed
1944,N,total,13.15016896,Gt/yr,krausmann2018,observed
1944,N,total,12.76558577,Gt/yr,krausmann2009,observed
1944,N,total,13.15016896,Gt/yr,haas2020,observed
1945,N,total,12.64295712,Gt/yr,krausmann2018,observed
1945,N,total,12.23187321,Gt/yr,krausmann2009,observed
1945,N,total,12.64295712,Gt/yr,haas2020,observed
1946,N,total,13.05343476,Gt/yr,krausmann2018,observed
1946,N,total,12.574355,Gt/yr,krausmann2009,observed
1946,N,total,13.05343476,Gt/yr,haas2020,observed
1947,N,total,13.69404957,Gt/yr,krausmann2018,observed
1947,N,total,13.12530953,Gt/yr,krausmann2009,observed
1947,N,total,13.69404957,Gt/yr,haas2020,observed
1948,N,total,14.15370607,Gt/yr,krausmann2018,observed
1948,N,total,13.52580465,Gt/yr,krausmann2009,observed
1948,N,total,14.15370607,Gt/yr,haas2020,observed
1949,N,total,14.33128488,Gt/yr,krausmann2018,observed
1949,N,total,13.61127284,Gt/yr,krausmann2009,observed
1949,N,total,14.33128488,Gt/yr,haas2020,observed
1950,N,total,14.98945685,Gt/yr,krausmann2018,observed
1950,N,total,14.14954761,Gt/yr,krausmann2009,observed
1950,N,total,14.98945685,Gt/yr,haas2020,observed
1951,N,total,15.63922635,Gt/yr,krausmann2018,observed
1951,N,total,14.67451233,Gt/yr,krausmann2009,observed
1951,N,total,15.63922635,Gt/yr,haas2020,observed
1952,N,total,16.08032553,Gt/yr,krausmann2018,observed
1952,N,total,15.01025548,Gt/yr,krausmann2009,observed
1952,N,total,16.08032553,Gt/yr,haas2020,observed
1953,N,total,16.50993427,Gt/yr,krausmann2018,observed
1953,N,total,15.41121842,Gt/yr,krausmann2009,observed
1953,N,total,16.50993427,Gt/yr,haas2020,observed
1954,N,total,17.05367874,Gt/yr,krausmann2018,observed
1954,N,total,15.83154193,Gt/yr,krausmann2009,observed
1954,N,total,17.05367874,Gt/yr,haas2020,observed
1955,N,total,17.70593459,Gt/yr,krausmann2018,observed
1955,N,total,16.46568308,Gt/yr,krausmann2009,observed
1955,N,total,17.70593459,Gt/yr,haas2020,observed
1956,N,total,18.45553898,Gt/yr,krausmann2018,observed
1956,N,total,17.05851702,Gt/yr,krausmann2009,observed
1956,N,total,18.45553898,Gt/yr,haas2020,observed
1957,N,total,19.01734689,Gt/yr,krausmann2018,observed
1957,N,total,17.53042911,Gt/yr,krausmann2009,observed
1957,N,total,19.01734689,Gt/yr,haas2020,observed
1958,N,total,19.53526918,Gt/yr,krausmann2018,observed
1958,N,total,17.92379459,Gt/yr,krausmann2009,observed
1958,N,total,19.53526919,Gt/yr,haas2020,observed
1959,N,total,20.34125246,Gt/yr,krausmann2018,observed
1959,N,total,18.6590153,Gt/yr,krausmann2009,observed
1959,N,total,20.34125246,Gt/yr,haas2020,observed
1960,N,total,21.27379464,Gt/yr,krausmann2018,observed
1960,N,total,19.4666473,Gt/yr,krausmann2009,observed
1960,N,total,21.27379464,Gt/yr,haas2020,observed
1961,N,total,21.82592137,Gt/yr,krausmann2018,observed
1961,N,total,19.8402998,Gt/yr,krausmann2009,observed
1961,N,total,21.82592137,Gt/yr,haas2020,observed
1962,N,total,22.67795252,Gt/yr,krausmann2018,observed
1962,N,total,20.4933888,Gt/yr,krausmann2009,observed
1962,N,total,22.67795252,Gt/yr,haas2020,observed
1963,N,total,23.68982223,Gt/yr,krausmann2018,observed
1963,N,total,21.3172402,Gt/yr,krausmann2009,observed
1963,N,total,23.68982223,Gt/yr,haas2020,observed
1964,N,total,25.05214418,Gt/yr,krausmann2018,observed
1964,N,total,22.47642641,Gt/yr,krausmann2009,observed
1964,N,total,25.05214419,Gt/yr,haas2020,observed
1965,N,total,25.6279301,Gt/yr,krausmann2018,observed
1965,N,total,22.90870654,Gt/yr,krausmann2009,observed
1965,N,total,25.6279301,Gt/yr,haas2020,observed
1966,N,total,26.98654478,Gt/yr,krausmann2018,observed
1966,N,total,23.87866176,Gt/yr,krausmann2009,observed
1966,N,total,26.98654478,Gt/yr,haas2020,observed
1967,N,total,27.50298139,Gt/yr,krausmann2018,observed
1967,N,total,24.390663,Gt/yr,krausmann2009,observed
1967,N,total,27.50298139,Gt/yr,haas2020,observed
1968,N,total,28.82397113,Gt/yr,krausmann2018,observed
1968,N,total,25.46337532,Gt/yr,krausmann2009,observed
1968,N,total,28.82397113,Gt/yr,haas2020,observed
1969,N,total,29.61849955,Gt/yr,krausmann2018,observed
1969,N,total,26.17462168,Gt/yr,krausmann2009,observed
1969,N,total,29.61849954,Gt/yr,haas2020,observed
1970,N,total,31.19700793,Gt/yr,krausmann2018,observed
1970,N,total,27.31248987,Gt/yr,krausmann2009,observed
1970,N,total,30.94237733,Gt/yr,unep_irp,observed
1970,N,total,31.19700793,Gt/yr,haas2020,observed
1971,N,total,31.99215635,Gt/yr,krausmann2018,observed
1971,N,total,27.98617621,Gt/yr,krausmann2009,observed
1971,N,total,31.95345929,Gt/yr,unep_irp,observed
1971,N,total,31.99215634,Gt/yr,haas2020,observed
1972,N,total,33.64892248,Gt/yr,krausmann2018,observed
1972,N,total,29.11365354,Gt/yr,krausmann2009,observed
1972,N,total,32.70226377,Gt/yr,unep_irp,observed
1972,N,total,33.64892248,Gt/yr,haas2020,observed
1973,N,total,34.98198897,Gt/yr,krausmann2018,observed
1973,N,total,30.44569347,Gt/yr,krausmann2009,observed
1973,N,total,34.53703463,Gt/yr,unep_irp,observed
1973,N,total,34.98198897,Gt/yr,haas2020,observed
1974,N,total,35.59786317,Gt/yr,krausmann2018,observed
1974,N,total,30.9356826,Gt/yr,krausmann2009,observed
1974,N,total,34.61265165,Gt/yr,unep_irp,observed
1974,N,total,35.59786317,Gt/yr,haas2020,observed
1975,N,total,35.45574613,Gt/yr,krausmann2018,observed
1975,N,total,31.02211912,Gt/yr,krausmann2009,observed
1975,N,total,34.38095049,Gt/yr,unep_irp,observed
1975,N,total,35.45574613,Gt/yr,haas2020,observed
1976,N,total,36.29020995,Gt/yr,krausmann2018,observed
1976,N,total,31.97477227,Gt/yr,krausmann2009,observed
1976,N,total,35.72689402,Gt/yr,unep_irp,observed
1976,N,total,36.29020995,Gt/yr,haas2020,observed
1977,N,total,37.03497017,Gt/yr,krausmann2018,observed
1977,N,total,32.79813503,Gt/yr,krausmann2009,observed
1977,N,total,36.61491143,Gt/yr,unep_irp,observed
1977,N,total,37.03497017,Gt/yr,haas2020,observed
1978,N,total,38.21873715,Gt/yr,krausmann2018,observed
1978,N,total,33.84804822,Gt/yr,krausmann2009,observed
1978,N,total,38.05185905,Gt/yr,unep_irp,observed
1978,N,total,38.21873715,Gt/yr,haas2020,observed
1979,N,total,39.10850908,Gt/yr,krausmann2018,observed
1979,N,total,34.67427764,Gt/yr,krausmann2009,observed
1979,N,total,38.66976304,Gt/yr,unep_irp,observed
1979,N,total,39.10850908,Gt/yr,haas2020,observed
1980,N,total,39.16208093,Gt/yr,krausmann2018,observed
1980,N,total,34.81822741,Gt/yr,krausmann2009,observed
1980,N,total,38.45403387,Gt/yr,unep_irp,observed
1980,N,total,39.16208093,Gt/yr,haas2020,observed
1981,N,total,38.86754172,Gt/yr,krausmann2018,observed
1981,N,total,35.02312508,Gt/yr,krausmann2009,observed
1981,N,total,38.41855627,Gt/yr,unep_irp,observed
1981,N,total,38.86754171,Gt/yr,haas2020,observed
1982,N,total,39.07552347,Gt/yr,krausmann2018,observed
1982,N,total,35.34985068,Gt/yr,krausmann2009,observed
1982,N,total,38.59815573,Gt/yr,unep_irp,observed
1982,N,total,39.07552347,Gt/yr,haas2020,observed
1983,N,total,39.16888236,Gt/yr,krausmann2018,observed
1983,N,total,35.65358943,Gt/yr,krausmann2009,observed
1983,N,total,39.25854792,Gt/yr,unep_irp,observed
1983,N,total,39.16888236,Gt/yr,haas2020,observed
1984,N,total,40.92896959,Gt/yr,krausmann2018,observed
1984,N,total,37.00197082,Gt/yr,krausmann2009,observed
1984,N,total,40.85972385,Gt/yr,unep_irp,observed
1984,N,total,40.92896959,Gt/yr,haas2020,observed
1985,N,total,41.42160956,Gt/yr,krausmann2018,observed
1985,N,total,37.97819657,Gt/yr,krausmann2009,observed
1985,N,total,42.0307919,Gt/yr,unep_irp,observed
1985,N,total,41.42160956,Gt/yr,haas2020,observed
1986,N,total,42.43057199,Gt/yr,krausmann2018,observed
1986,N,total,38.90271665,Gt/yr,krausmann2009,observed
1986,N,total,43.2894671,Gt/yr,unep_irp,observed
1986,N,total,42.430572,Gt/yr,haas2020,observed
1987,N,total,43.51615831,Gt/yr,krausmann2018,observed
1987,N,total,39.78283203,Gt/yr,krausmann2009,observed
1987,N,total,44.68238035,Gt/yr,unep_irp,observed
1987,N,total,43.51615832,Gt/yr,haas2020,observed
1988,N,total,45.26677682,Gt/yr,krausmann2018,observed
1988,N,total,40.96340214,Gt/yr,krausmann2009,observed
1988,N,total,46.07905027,Gt/yr,unep_irp,observed
1988,N,total,45.26677681,Gt/yr,haas2020,observed
1989,N,total,45.62795922,Gt/yr,krausmann2018,observed
1989,N,total,41.30659927,Gt/yr,krausmann2009,observed
1989,N,total,46.96187391,Gt/yr,unep_irp,observed
1989,N,total,45.62795922,Gt/yr,haas2020,observed
1990,N,total,45.9620898,Gt/yr,krausmann2018,observed
1990,N,total,41.60435614,Gt/yr,krausmann2009,observed
1990,N,total,47.43812665,Gt/yr,unep_irp,observed
1990,N,total,45.96208981,Gt/yr,haas2020,observed
1991,N,total,46.94918438,Gt/yr,krausmann2018,observed
1991,N,total,42.62337554,Gt/yr,krausmann2009,observed
1991,N,total,46.97861636,Gt/yr,unep_irp,observed
1991,N,total,46.94918438,Gt/yr,haas2020,observed
1992,N,total,47.06854788,Gt/yr,krausmann2018,observed
1992,N,total,42.21820233,Gt/yr,krausmann2009,observed
1992,N,total,48.47243586,Gt/yr,unep_irp,observed
1992,N,total,47.06854787,Gt/yr,haas2020,observed
1993,N,total,48.42539901,Gt/yr,krausmann2018,observed
1993,N,total,43.31501651,Gt/yr,krausmann2009,observed
1993,N,total,49.24174718,Gt/yr,unep_irp,observed
1993,N,total,48.42539902,Gt/yr,haas2020,observed
1994,N,total,49.75365363,Gt/yr,krausmann2018,observed
1994,N,total,44.28845064,Gt/yr,krausmann2009,observed
1994,N,total,50.68856822,Gt/yr,unep_irp,observed
1994,N,total,49.75365363,Gt/yr,haas2020,observed
1995,N,total,52.70309856,Gt/yr,krausmann2018,observed
1995,N,total,45.44536055,Gt/yr,krausmann2009,observed
1995,N,total,52.11642398,Gt/yr,unep_irp,observed
1995,N,total,52.70309856,Gt/yr,haas2020,observed
1996,N,total,53.46427333,Gt/yr,krausmann2018,observed
1996,N,total,46.67319911,Gt/yr,krausmann2009,observed
1996,N,total,53.32097761,Gt/yr,unep_irp,observed
1996,N,total,53.46427333,Gt/yr,haas2020,observed
1997,N,total,54.09420464,Gt/yr,krausmann2018,observed
1997,N,total,47.46028861,Gt/yr,krausmann2009,observed
1997,N,total,54.37770328,Gt/yr,unep_irp,observed
1997,N,total,54.09420464,Gt/yr,haas2020,observed
1998,N,total,55.37204418,Gt/yr,krausmann2018,observed
1998,N,total,47.77075077,Gt/yr,krausmann2009,observed
1998,N,total,55.56796736,Gt/yr,unep_irp,observed
1998,N,total,55.37204417,Gt/yr,haas2020,observed
1999,N,total,56.20039616,Gt/yr,krausmann2018,observed
1999,N,total,48.69299611,Gt/yr,krausmann2009,observed
1999,N,total,56.61099981,Gt/yr,unep_irp,observed
1999,N,total,56.20039615,Gt/yr,haas2020,observed
2000,N,total,57.1705816,Gt/yr,krausmann2018,observed
2000,N,total,49.69791253,Gt/yr,krausmann2009,observed
2000,N,total,57.84204218,Gt/yr,unep_irp,observed
2000,N,total,57.17058159,Gt/yr,haas2020,observed
2001,N,total,57.54975487,Gt/yr,krausmann2018,observed
2001,N,total,50.74388742,Gt/yr,krausmann2009,observed
2001,N,total,58.77947618,Gt/yr,unep_irp,observed
2001,N,total,57.54975487,Gt/yr,haas2020,observed
2002,N,total,58.13417878,Gt/yr,krausmann2018,observed
2002,N,total,52.015617,Gt/yr,krausmann2009,observed
2002,N,total,60.01017218,Gt/yr,unep_irp,observed
2002,N,total,58.13417878,Gt/yr,haas2020,observed
2003,N,total,60.88263583,Gt/yr,krausmann2018,observed
2003,N,total,54.29396379,Gt/yr,krausmann2009,observed
2003,N,total,62.43334388,Gt/yr,unep_irp,observed
2003,N,total,60.88263584,Gt/yr,haas2020,observed
2004,N,total,63.82462409,Gt/yr,krausmann2018,observed
2004,N,total,57.22548458,Gt/yr,krausmann2009,observed
2004,N,total,65.79054711,Gt/yr,unep_irp,observed
2004,N,total,63.82462409,Gt/yr,haas2020,observed
2005,N,total,66.43581979,Gt/yr,krausmann2018,observed
2005,N,total,59.62960776,Gt/yr,krausmann2009,observed
2005,N,total,68.30651078,Gt/yr,unep_irp,observed
2005,N,total,66.43581979,Gt/yr,haas2020,observed
2006,N,total,69.89720846,Gt/yr,krausmann2018,observed
2006,N,total,62.62137034,Gt/yr,krausmann2009,observed
2006,N,total,71.42385556,Gt/yr,unep_irp,observed
2006,N,total,69.89720846,Gt/yr,haas2020,observed
2007,N,total,72.75333144,Gt/yr,krausmann2018,observed
2007,N,total,65.27231038,Gt/yr,krausmann2009,observed
2007,N,total,74.25506736,Gt/yr,unep_irp,observed
2007,N,total,72.75333144,Gt/yr,haas2020,observed
2008,N,total,73.87874914,Gt/yr,krausmann2018,observed
2008,N,total,66.83880549,Gt/yr,krausmann2009,observed
2008,N,total,75.37180256,Gt/yr,unep_irp,observed
2008,N,total,73.87874914,Gt/yr,haas2020,observed
2009,N,total,75.18374798,Gt/yr,krausmann2018,observed
2009,N,total,68.14068489,Gt/yr,krausmann2009,observed
2009,N,total,75.74563472,Gt/yr,unep_irp,observed
2009,N,total,75.18374799,Gt/yr,haas2020,observed
2010,N,total,78.55962722,Gt/yr,krausmann2018,observed
2010,N,total,79.92872961,Gt/yr,unep_irp,observed
2010,N,total,78.55962722,Gt/yr,haas2020,observed
2011,N,total,83.2492244,Gt/yr,krausmann2018,observed
2011,N,total,84.99675422,Gt/yr,unep_irp,observed
2011,N,total,83.24922441,Gt/yr,haas2020,observed
2012,N,total,84.91511564,Gt/yr,krausmann2018,observed
2012,N,total,87.74256748,Gt/yr,unep_irp,observed
2012,N,total,84.91511564,Gt/yr,haas2020,observed
2013,N,total,87.87265381,Gt/yr,krausmann2018,observed
2013,N,total,90.88568805,Gt/yr,unep_irp,observed
2013,N,total,87.8726538,Gt/yr,haas2020,observed
2014,N,total,89.29127028,Gt/yr,krausmann2018,observed
2014,N,total,92.34157283,Gt/yr,unep_irp,observed
2014,N,total,89.29127028,Gt/yr,haas2020,observed
2015,N,total,88.90689205,Gt/yr,krausmann2018,observed
2015,N,total,92.19153888,Gt/yr,unep_irp,observed
2015,N,total,88.9108784,Gt/yr,haas2020,observed
2016,N,total,92.46052344,Gt/yr,unep_irp,observed
2017,N,total,93.59855818,Gt/yr,unep_irp,observed
2018,N,total,93.98460089,Gt/yr,unep_irp,observed
2019,N,total,96.18874109,Gt/yr,unep_irp,observed
1900,NAS,total,0.4511267238,Gt/yr,krausmann2018,observed
1901,NAS,total,0.4739776513,Gt/yr,krausmann2018,observed
1902,NAS,total,0.478996575,Gt/yr,krausmann2018,observed
1903,NAS,total,0.4989709981,Gt/yr,krausmann2018,observed
1904,NAS,total,0.5056685279,Gt/yr,krausmann2018,observed
1905,NAS,total,0.5512530485,Gt/yr,krausmann2018,observed
1906,NAS,total,0.5573474576,Gt/yr,krausmann2018,observed
1907,NAS,total,0.5899936975,Gt/yr,krausmann2018,observed
1908,NAS,total,0.6034962506,Gt/yr,krausmann2018,observed
1909,NAS,total,0.6390913376,Gt/yr,krausmann2018,observed
1910,NAS,total,0.6482652,Gt/yr,krausmann2018,observed
1911,NAS,total,0.6440776348,Gt/yr,krausmann2018,observed
1912,NAS,total,0.663870669,Gt/yr,krausmann2018,observed
1913,NAS,total,0.6889174778,Gt/yr,krausmann2018,observed
1914,NAS,total,0.6329447766,Gt/yr,krausmann2018,observed
1915,NAS,total,0.6007824451,Gt/yr,krausmann2018,observed
1916,NAS,total,0.6139409158,Gt/yr,krausmann2018,observed
1917,NAS,total,0.5735131797,Gt/yr,krausmann2018,observed
1918,NAS,total,0.5815381332,Gt/yr,krausmann2018,observed
1919,NAS,total,0.4827266987,Gt/yr,krausmann2018,observed
1920,NAS,total,0.5533324349,Gt/yr,krausmann2018,observed
1921,NAS,total,0.5257663181,Gt/yr,krausmann2018,observed
1922,NAS,total,0.6297234362,Gt/yr,krausmann2018,observed
1923,NAS,total,0.6625580829,Gt/yr,krausmann2018,observed
1924,NAS,total,0.748650843,Gt/yr,krausmann2018,observed
1925,NAS,total,0.8114647051,Gt/yr,krausmann2018,observed
1926,NAS,total,0.8810617122,Gt/yr,krausmann2018,observed
1927,NAS,total,0.9608450747,Gt/yr,krausmann2018,observed
1928,NAS,total,0.9875913938,Gt/yr,krausmann2018,observed
1929,NAS,total,1.033715302,Gt/yr,krausmann2018,observed
1930,NAS,total,0.9971799312,Gt/yr,krausmann2018,observed
1931,NAS,total,0.9353772344,Gt/yr,krausmann2018,observed
1932,NAS,total,0.8261192048,Gt/yr,krausmann2018,observed
1933,NAS,total,0.8313815967,Gt/yr,krausmann2018,observed
1934,NAS,total,0.9412200723,Gt/yr,krausmann2018,observed
1935,NAS,total,0.9894788174,Gt/yr,krausmann2018,observed
1936,NAS,total,1.046052772,Gt/yr,krausmann2018,observed
1937,NAS,total,1.243309186,Gt/yr,krausmann2018,observed
1938,NAS,total,1.254023141,Gt/yr,krausmann2018,observed
1939,NAS,total,1.323440976,Gt/yr,krausmann2018,observed
1940,NAS,total,1.313143012,Gt/yr,krausmann2018,observed
1941,NAS,total,1.383784625,Gt/yr,krausmann2018,observed
1942,NAS,total,1.341769695,Gt/yr,krausmann2018,observed
1943,NAS,total,1.320334215,Gt/yr,krausmann2018,observed
1944,NAS,total,1.268310638,Gt/yr,krausmann2018,observed
1945,NAS,total,1.231102736,Gt/yr,krausmann2018,observed
1946,NAS,total,1.437389637,Gt/yr,krausmann2018,observed
1947,NAS,total,1.665282704,Gt/yr,krausmann2018,observed
1948,NAS,total,1.861545754,Gt/yr,krausmann2018,observed
1949,NAS,total,2.048118838,Gt/yr,krausmann2018,observed
1950,NAS,total,2.33803362,Gt/yr,krausmann2018,observed
1951,NAS,total,2.590686624,Gt/yr,krausmann2018,observed
1952,NAS,total,2.800229761,Gt/yr,krausmann2018,observed
1953,NAS,total,2.975451503,Gt/yr,krausmann2018,observed
1954,NAS,total,3.250296295,Gt/yr,krausmann2018,observed
1955,NAS,total,3.433555588,Gt/yr,krausmann2018,observed
1956,NAS,total,3.75468227,Gt/yr,krausmann2018,observed
1957,NAS,total,3.958207912,Gt/yr,krausmann2018,observed
1958,NAS,total,4.164284125,Gt/yr,krausmann2018,observed
1959,NAS,total,4.492110922,Gt/yr,krausmann2018,observed
1960,NAS,total,4.842445287,Gt/yr,krausmann2018,observed
1961,NAS,total,5.138845283,Gt/yr,krausmann2018,observed
1962,NAS,total,5.464488023,Gt/yr,krausmann2018,observed
1963,NAS,total,5.822319555,Gt/yr,krausmann2018,observed
1964,NAS,total,6.37352866,Gt/yr,krausmann2018,observed
1965,NAS,total,6.728457336,Gt/yr,krausmann2018,observed
1966,NAS,total,7.320376641,Gt/yr,krausmann2018,observed
1967,NAS,total,7.358958922,Gt/yr,krausmann2018,observed
1968,NAS,total,7.968683156,Gt/yr,krausmann2018,observed
1969,NAS,total,8.2834815,Gt/yr,krausmann2018,observed
1970,NAS,total,9.07237218,Gt/yr,krausmann2018,observed
1971,NAS,total,9.173039742,Gt/yr,krausmann2018,observed
1972,NAS,total,10.41182582,Gt/yr,krausmann2018,observed
1973,NAS,total,10.74689644,Gt/yr,krausmann2018,observed
1974,NAS,total,10.92536346,Gt/yr,krausmann2018,observed
1975,NAS,total,10.450097,Gt/yr,krausmann2018,observed
1976,NAS,total,10.42411807,Gt/yr,krausmann2018,observed
1977,NAS,total,10.6589862,Gt/yr,krausmann2018,observed
1978,NAS,total,11.13538122,Gt/yr,krausmann2018,observed
1979,NAS,total,11.44472928,Gt/yr,krausmann2018,observed
1980,NAS,total,11.31744297,Gt/yr,krausmann2018,observed
1981,NAS,total,10.67050737,Gt/yr,krausmann2018,observed
1982,NAS,total,10.31394613,Gt/yr,krausmann2018,observed
1983,NAS,total,10.34977461,Gt/yr,krausmann2018,observed
1984,NAS,total,10.84808387,Gt/yr,krausmann2018,observed
1985,NAS,total,10.9249038,Gt/yr,krausmann2018,observed
1986,NAS,total,11.37835125,Gt/yr,krausmann2018,observed
1987,NAS,total,11.91641394,Gt/yr,krausmann2018,observed
1988,NAS,total,12.89679363,Gt/yr,krausmann2018,observed
1989,NAS,total,12.34869792,Gt/yr,krausmann2018,observed
1990,NAS,total,12.24189878,Gt/yr,krausmann2018,observed
1991,NAS,total,13.39672691,Gt/yr,krausmann2018,observed
1992,NAS,total,13.34166297,Gt/yr,krausmann2018,observed
1993,NAS,total,14.73303017,Gt/yr,krausmann2018,observed
1994,NAS,total,15.4261588,Gt/yr,krausmann2018,observed
1995,NAS,total,17.23974203,Gt/yr,krausmann2018,observed
1996,NAS,total,17.08119561,Gt/yr,krausmann2018,observed
1997,NAS,total,17.46507756,Gt/yr,krausmann2018,observed
1998,NAS,total,18.18274534,Gt/yr,krausmann2018,observed
1999,NAS,total,18.49240577,Gt/yr,krausmann2018,observed
2000,NAS,total,18.81819525,Gt/yr,krausmann2018,observed
2001,NAS,total,18.61973369,Gt/yr,krausmann2018,observed
2002,NAS,total,18.69596394,Gt/yr,krausmann2018,observed
2003,NAS,total,20.19528766,Gt/yr,krausmann2018,observed
2004,NAS,total,21.47206853,Gt/yr,krausmann2018,observed
2005,NAS,total,22.53280303,Gt/yr,krausmann2018,observed
2006,NAS,total,24.58450109,Gt/yr,krausmann2018,observed
2007,NAS,total,25.69720009,Gt/yr,krausmann2018,observed
2008,NAS,total,25.28430312,Gt/yr,krausmann2018,observed
2009,NAS,total,26.05248091,Gt/yr,krausmann2018,observed
2010,NAS,total,27.67968666,Gt/yr,krausmann2018,observed
2011,NAS,total,30.01574525,Gt/yr,krausmann2018,observed
2012,NAS,total,30.67219397,Gt/yr,krausmann2018,observed
2013,NAS,total,31.93975766,Gt/yr,krausmann2018,observed
2014,NAS,total,32.32321431,Gt/yr,krausmann2018,observed
2015,NAS,total,31.27346291,Gt/yr,krausmann2018,observed
1900,NAS_demolition,biomass,0.180502999,Gt/yr,haas2020,observed
1901,NAS_demolition,biomass,0.1790923018,Gt/yr,haas2020,observed
1902,NAS_demolition,biomass,0.179359335,Gt/yr,haas2020,observed
1903,NAS_demolition,biomass,0.1800887402,Gt/yr,haas2020,observed
1904,NAS_demolition,biomass,0.1813808945,Gt/yr,haas2020,observed
1905,NAS_demolition,biomass,0.1823644336,Gt/yr,haas2020,observed
1906,NAS_demolition,biomass,0.183953708,Gt/yr,haas2020,observed
1907,NAS_demolition,biomass,0.1854555264,Gt/yr,haas2020,observed
1908,NAS_demolition,biomass,0.1868073486,Gt/yr,haas2020,observed
1909,NAS_demolition,biomass,0.1881971084,Gt/yr,haas2020,observed
1910,NAS_demolition,biomass,0.1896476543,Gt/yr,haas2020,observed
1911,NAS_demolition,biomass,0.1906970137,Gt/yr,haas2020,observed
1912,NAS_demolition,biomass,0.1920846201,Gt/yr,haas2020,observed
1913,NAS_demolition,biomass,0.1931807041,Gt/yr,haas2020,observed
1914,NAS_demolition,biomass,0.1943337842,Gt/yr,haas2020,observed
1915,NAS_demolition,biomass,0.1952507676,Gt/yr,haas2020,observed
1916,NAS_demolition,biomass,0.1961271074,Gt/yr,haas2020,observed
1917,NAS_demolition,biomass,0.1973593848,Gt/yr,haas2020,observed
1918,NAS_demolition,biomass,0.1983583984,Gt/yr,haas2020,observed
1919,NAS_demolition,biomass,0.1990512422,Gt/yr,haas2020,observed
1920,NAS_demolition,biomass,0.1996347334,Gt/yr,haas2020,observed
1921,NAS_demolition,biomass,0.2001430586,Gt/yr,haas2020,observed
1922,NAS_demolition,biomass,0.2007230928,Gt/yr,haas2020,observed
1923,NAS_demolition,biomass,0.2012633867,Gt/yr,haas2020,observed
1924,NAS_demolition,biomass,0.2020912148,Gt/yr,haas2020,observed
1925,NAS_demolition,biomass,0.2026220576,Gt/yr,haas2020,observed
1926,NAS_demolition,biomass,0.2033659473,Gt/yr,haas2020,observed
1927,NAS_demolition,biomass,0.204120585,Gt/yr,haas2020,observed
1928,NAS_demolition,biomass,0.2051096914,Gt/yr,haas2020,observed
1929,NAS_demolition,biomass,0.2063203867,Gt/yr,haas2020,observed
1930,NAS_demolition,biomass,0.2073674365,Gt/yr,haas2020,observed
1931,NAS_demolition,biomass,0.208573791,Gt/yr,haas2020,observed
1932,NAS_demolition,biomass,0.2100074365,Gt/yr,haas2020,observed
1933,NAS_demolition,biomass,0.2116408838,Gt/yr,haas2020,observed
1934,NAS_demolition,biomass,0.2130919844,Gt/yr,haas2020,observed
1935,NAS_demolition,biomass,0.2146350596,Gt/yr,haas2020,observed
1936,NAS_demolition,biomass,0.2163468604,Gt/yr,haas2020,observed
1937,NAS_demolition,biomass,0.2177767822,Gt/yr,haas2020,observed
1938,NAS_demolition,biomass,0.2196286787,Gt/yr,haas2020,observed
1939,NAS_demolition,biomass,0.22182271,Gt/yr,haas2020,observed
1940,NAS_demolition,biomass,0.2237475371,Gt/yr,haas2020,observed
1941,NAS_demolition,biomass,0.2255499912,Gt/yr,haas2020,observed
1942,NAS_demolition,biomass,0.2279139941,Gt/yr,haas2020,observed
1943,NAS_demolition,biomass,0.2302118457,Gt/yr,haas2020,observed
1944,NAS_demolition,biomass,0.2321874072,Gt/yr,haas2020,observed
1945,NAS_demolition,biomass,0.2345010332,Gt/yr,haas2020,observed
1946,NAS_demolition,biomass,0.2367364346,Gt/yr,haas2020,observed
1947,NAS_demolition,biomass,0.2388442988,Gt/yr,haas2020,observed
1948,NAS_demolition,biomass,0.2411289707,Gt/yr,haas2020,observed
1949,NAS_demolition,biomass,0.2432986924,Gt/yr,haas2020,observed
1950,NAS_demolition,biomass,0.245667248,Gt/yr,haas2020,observed
1951,NAS_demolition,biomass,0.2477693213,Gt/yr,haas2020,observed
1952,NAS_demolition,biomass,0.2503567646,Gt/yr,haas2020,observed
1953,NAS_demolition,biomass,0.2532455029,Gt/yr,haas2020,observed
1954,NAS_demolition,biomass,0.2560768682,Gt/yr,haas2020,observed
1955,NAS_demolition,biomass,0.2591839756,Gt/yr,haas2020,observed
1956,NAS_demolition,biomass,0.2619240352,Gt/yr,haas2020,observed
1957,NAS_demolition,biomass,0.2646667461,Gt/yr,haas2020,observed
1958,NAS_demolition,biomass,0.2678092334,Gt/yr,haas2020,observed
1959,NAS_demolition,biomass,0.2709436143,Gt/yr,haas2020,observed
1960,NAS_demolition,biomass,0.2738429551,Gt/yr,haas2020,observed
1961,NAS_demolition,biomass,0.2767600586,Gt/yr,haas2020,observed
1962,NAS_demolition,biomass,0.2795409824,Gt/yr,haas2020,observed
1963,NAS_demolition,biomass,0.2835269541,Gt/yr,haas2020,observed
1964,NAS_demolition,biomass,0.288631,Gt/yr,haas2020,observed
1965,NAS_demolition,biomass,0.297025127,Gt/yr,haas2020,observed
1966,NAS_demolition,biomass,0.3051759023,Gt/yr,haas2020,observed
1967,NAS_demolition,biomass,0.3148055625,Gt/yr,haas2020,observed
1968,NAS_demolition,biomass,0.3208856426,Gt/yr,haas2020,observed
1969,NAS_demolition,biomass,0.3308526562,Gt/yr,haas2020,observed
1970,NAS_demolition,biomass,0.3418472227,Gt/yr,haas2020,observed
1971,NAS_demolition,biomass,0.3546623418,Gt/yr,haas2020,observed
1972,NAS_demolition,biomass,0.3639859258,Gt/yr,haas2020,observed
1973,NAS_demolition,biomass,0.3758896484,Gt/yr,haas2020,observed
1974,NAS_demolition,biomass,0.3906104102,Gt/yr,haas2020,observed
1975,NAS_demolition,biomass,0.4005120117,Gt/yr,haas2020,observed
1976,NAS_demolition,biomass,0.3945207031,Gt/yr,haas2020,observed
1977,NAS_demolition,biomass,0.4064235078,Gt/yr,haas2020,observed
1978,NAS_demolition,biomass,0.4172185664,Gt/yr,haas2020,observed
1979,NAS_demolition,biomass,0.4303973789,Gt/yr,haas2020,observed
1980,NAS_demolition,biomass,0.444550207,Gt/yr,haas2020,observed
1981,NAS_demolition,biomass,0.4566047891,Gt/yr,haas2020,observed
1982,NAS_demolition,biomass,0.465679793,Gt/yr,haas2020,observed
1983,NAS_demolition,biomass,0.4727437461,Gt/yr,haas2020,observed
1984,NAS_demolition,biomass,0.4861348711,Gt/yr,haas2020,observed
1985,NAS_demolition,biomass,0.5042823281,Gt/yr,haas2020,observed
1986,NAS_demolition,biomass,0.5187980781,Gt/yr,haas2020,observed
1987,NAS_demolition,biomass,0.5373732031,Gt/yr,haas2020,observed
1988,NAS_demolition,biomass,0.5566027578,Gt/yr,haas2020,observed
1989,NAS_demolition,biomass,0.5791492344,Gt/yr,haas2020,observed
1990,NAS_demolition,biomass,0.6004138437,Gt/yr,haas2020,observed
1991,NAS_demolition,biomass,0.6188624062,Gt/yr,haas2020,observed
1992,NAS_demolition,biomass,0.6345161406,Gt/yr,haas2020,observed
1993,NAS_demolition,biomass,0.6491686016,Gt/yr,haas2020,observed
1994,NAS_demolition,biomass,0.6643341328,Gt/yr,haas2020,observed
1995,NAS_demolition,biomass,0.6873469219,Gt/yr,haas2020,observed
1996,NAS_demolition,biomass,0.7103865547,Gt/yr,haas2020,observed
1997,NAS_demolition,biomass,0.7270894141,Gt/yr,haas2020,observed
1998,NAS_demolition,biomass,0.7499219687,Gt/yr,haas2020,observed
1999,NAS_demolition,biomass,0.7655364922,Gt/yr,haas2020,observed
2000,NAS_demolition,biomass,0.7893807031,Gt/yr,haas2020,observed
2001,NAS_demolition,biomass,0.8104859063,Gt/yr,haas2020,observed
2002,NAS_demolition,biomass,0.820512375,Gt/yr,haas2020,observed
2003,NAS_demolition,biomass,0.8377351094,Gt/yr,haas2020,observed
2004,NAS_demolition,biomass,0.8562836719,Gt/yr,haas2020,observed
2005,NAS_demolition,biomass,0.8788200312,Gt/yr,haas2020,observed
2006,NAS_demolition,biomass,0.9008287344,Gt/yr,haas2020,observed
2007,NAS_demolition,biomass,0.9288021406,Gt/yr,haas2020,observed
2008,NAS_demolition,biomass,0.9514604844,Gt/yr,haas2020,observed
2009,NAS_demolition,biomass,0.9665606875,Gt/yr,haas2020,observed
2010,NAS_demolition,biomass,0.9654825312,Gt/yr,haas2020,observed
2011,NAS_demolition,biomass,0.980898625,Gt/yr,haas2020,observed
2012,NAS_demolition,biomass,0.9936486875,Gt/yr,haas2020,observed
2013,NAS_demolition,biomass,0.9979707187,Gt/yr,haas2020,observed
2014,NAS_demolition,biomass,0.9987586563,Gt/yr,haas2020,observed
2015,NAS_demolition,biomass,1.003850641,Gt/yr,haas2020,observed
1900,NAS_demolition,fossil,0,Gt/yr,haas2020,observed
1901,NAS_demolition,fossil,0,Gt/yr,haas2020,observed
1902,NAS_demolition,fossil,0,Gt/yr,haas2020,observed
1903,NAS_demolition,fossil,0,Gt/yr,haas2020,observed
1904,NAS_demolition,fossil,0,Gt/yr,haas2020,observed
1905,NAS_demolition,fossil,0,Gt/yr,haas2020,observed
1906,NAS_demolition,fossil,0,Gt/yr,haas2020,observed
1907,NAS_demolition,fossil,0,Gt/yr,haas2020,observed
1908,NAS_demolition,fossil,0,Gt/yr,haas2020,observed
1909,NAS_demolition,fossil,0,Gt/yr,haas2020,observed
1910,NAS_demolition,fossil,0,Gt/yr,haas2020,observed
1911,NAS_demolition,fossil,0,Gt/yr,haas2020,observed
1912,NAS_demolition,fossil,0,Gt/yr,haas2020,observed
1913,NAS_demolition,fossil,0,Gt/yr,haas2020,observed
1914,NAS_demolition,fossil,0,Gt/yr,haas2020,observed
1915,NAS_demolition,fossil,0,Gt/yr,haas2020,observed
1916,NAS_demolition,fossil,0,Gt/yr,haas2020,observed
1917,NAS_demolition,fossil,0,Gt/yr,haas2020,observed
1918,NAS_demolition,fossil,0,Gt/yr,haas2020,observed
1919,NAS_demolition,fossil,0,Gt/yr,haas2020,observed
1920,NAS_demolition,fossil,0,Gt/yr,haas2020,observed
1921,NAS_demolition,fossil,0,Gt/yr,haas2020,observed
1922,NAS_demolition,fossil,0,Gt/yr,haas2020,observed
1923,NAS_demolition,fossil,0,Gt/yr,haas2020,observed
1924,NAS_demolition,fossil,0,Gt/yr,haas2020,observed
1925,NAS_demolition,fossil,0,Gt/yr,haas2020,observed
1926,NAS_demolition,fossil,0,Gt/yr,haas2020,observed
1927,NAS_demolition,fossil,0,Gt/yr,haas2020,observed
1928,NAS_demolition,fossil,0,Gt/yr,haas2020,observed
1929,NAS_demolition,fossil,0,Gt/yr,haas2020,observed
1930,NAS_demolition,fossil,0,Gt/yr,haas2020,observed
1931,NAS_demolition,fossil,0,Gt/yr,haas2020,observed
1932,NAS_demolition,fossil,0,Gt/yr,haas2020,observed
1933,NAS_demolition,fossil,0,Gt/yr,haas2020,observed
1934,NAS_demolition,fossil,0,Gt/yr,haas2020,observed
1935,NAS_demolition,fossil,0,Gt/yr,haas2020,observed
1936,NAS_demolition,fossil,0,Gt/yr,haas2020,observed
1937,NAS_demolition,fossil,0,Gt/yr,haas2020,observed
1938,NAS_demolition,fossil,0,Gt/yr,haas2020,observed
1939,NAS_demolition,fossil,0,Gt/yr,haas2020,observed
1940,NAS_demolition,fossil,0,Gt/yr,haas2020,observed
1941,NAS_demolition,fossil,0,Gt/yr,haas2020,observed
1942,NAS_demolition,fossil,0,Gt/yr,haas2020,observed
1943,NAS_demolition,fossil,0,Gt/yr,haas2020,observed
1944,NAS_demolition,fossil,0,Gt/yr,haas2020,observed
1945,NAS_demolition,fossil,0,Gt/yr,haas2020,observed
1946,NAS_demolition,fossil,0,Gt/yr,haas2020,observed
1947,NAS_demolition,fossil,0,Gt/yr,haas2020,observed
1948,NAS_demolition,fossil,0,Gt/yr,haas2020,observed
1949,NAS_demolition,fossil,0,Gt/yr,haas2020,observed
1950,NAS_demolition,fossil,0.0001501391907,Gt/yr,haas2020,observed
1951,NAS_demolition,fossil,0.0002006360474,Gt/yr,haas2020,observed
1952,NAS_demolition,fossil,0.0002630848083,Gt/yr,haas2020,observed
1953,NAS_demolition,fossil,0.0002865895996,Gt/yr,haas2020,observed
1954,NAS_demolition,fossil,0.0004212875061,Gt/yr,haas2020,observed
1955,NAS_demolition,fossil,0.0008571171875,Gt/yr,haas2020,observed
1956,NAS_demolition,fossil,0.001357650879,Gt/yr,haas2020,observed
1957,NAS_demolition,fossil,0.001773846802,Gt/yr,haas2020,observed
1958,NAS_demolition,fossil,0.002140297119,Gt/yr,haas2020,observed
1959,NAS_demolition,fossil,0.002481043457,Gt/yr,haas2020,observed
1960,NAS_demolition,fossil,0.002882605469,Gt/yr,haas2020,observed
1961,NAS_demolition,fossil,0.003281463379,Gt/yr,haas2020,observed
1962,NAS_demolition,fossil,0.00371932959,Gt/yr,haas2020,observed
1963,NAS_demolition,fossil,0.004205464355,Gt/yr,haas2020,observed
1964,NAS_demolition,fossil,0.004916648926,Gt/yr,haas2020,observed
1965,NAS_demolition,fossil,0.005724694824,Gt/yr,haas2020,observed
1966,NAS_demolition,fossil,0.006603434082,Gt/yr,haas2020,observed
1967,NAS_demolition,fossil,0.007648231445,Gt/yr,haas2020,observed
1968,NAS_demolition,fossil,0.008750448242,Gt/yr,haas2020,observed
1969,NAS_demolition,fossil,0.01008974316,Gt/yr,haas2020,observed
1970,NAS_demolition,fossil,0.01146681535,Gt/yr,haas2020,observed
1971,NAS_demolition,fossil,0.0133213167,Gt/yr,haas2020,observed
1972,NAS_demolition,fossil,0.01539734282,Gt/yr,haas2020,observed
1973,NAS_demolition,fossil,0.01799121204,Gt/yr,haas2020,observed
1974,NAS_demolition,fossil,0.02026374109,Gt/yr,haas2020,observed
1975,NAS_demolition,fossil,0.02150964966,Gt/yr,haas2020,observed
1976,NAS_demolition,fossil,0.02419691235,Gt/yr,haas2020,observed
1977,NAS_demolition,fossil,0.02707595929,Gt/yr,haas2020,observed
1978,NAS_demolition,fossil,0.03005994495,Gt/yr,haas2020,observed
1979,NAS_demolition,fossil,0.03202192493,Gt/yr,haas2020,observed
1980,NAS_demolition,fossil,0.03240731433,Gt/yr,haas2020,observed
1981,NAS_demolition,fossil,0.03337790649,Gt/yr,haas2020,observed
1982,NAS_demolition,fossil,0.03584943127,Gt/yr,haas2020,observed
1983,NAS_demolition,fossil,0.03918161133,Gt/yr,haas2020,observed
1984,NAS_demolition,fossil,0.04211630591,Gt/yr,haas2020,observed
1985,NAS_demolition,fossil,0.04452264795,Gt/yr,haas2020,observed
1986,NAS_demolition,fossil,0.04630741748,Gt/yr,haas2020,observed
1987,NAS_demolition,fossil,0.04726922754,Gt/yr,haas2020,observed
1988,NAS_demolition,fossil,0.05007948853,Gt/yr,haas2020,observed
1989,NAS_demolition,fossil,0.05365409326,Gt/yr,haas2020,observed
1990,NAS_demolition,fossil,0.05695444385,Gt/yr,haas2020,observed
1991,NAS_demolition,fossil,0.05959734766,Gt/yr,haas2020,observed
1992,NAS_demolition,fossil,0.06462366406,Gt/yr,haas2020,observed
1993,NAS_demolition,fossil,0.06873929346,Gt/yr,haas2020,observed
1994,NAS_demolition,fossil,0.07255931592,Gt/yr,haas2020,observed
1995,NAS_demolition,fossil,0.07657521045,Gt/yr,haas2020,observed
1996,NAS_demolition,fossil,0.08079762012,Gt/yr,haas2020,observed
1997,NAS_demolition,fossil,0.08494887012,Gt/yr,haas2020,observed
1998,NAS_demolition,fossil,0.09018839648,Gt/yr,haas2020,observed
1999,NAS_demolition,fossil,0.09632571387,Gt/yr,haas2020,observed
2000,NAS_demolition,fossil,0.1020714287,Gt/yr,haas2020,observed
2001,NAS_demolition,fossil,0.1097300586,Gt/yr,haas2020,observed
2002,NAS_demolition,fossil,0.1165841504,Gt/yr,haas2020,observed
2003,NAS_demolition,fossil,0.120974375,Gt/yr,haas2020,observed
2004,NAS_demolition,fossil,0.129727,Gt/yr,haas2020,observed
2005,NAS_demolition,fossil,0.1396568086,Gt/yr,haas2020,observed
2006,NAS_demolition,fossil,0.1421629395,Gt/yr,haas2020,observed
2007,NAS_demolition,fossil,0.151459377,Gt/yr,haas2020,observed
2008,NAS_demolition,fossil,0.1587473145,Gt/yr,haas2020,observed
2009,NAS_demolition,fossil,0.16674325,Gt/yr,haas2020,observed
2010,NAS_demolition,fossil,0.1746041582,Gt/yr,haas2020,observed
2011,NAS_demolition,fossil,0.1804836426,Gt/yr,haas2020,observed
2012,NAS_demolition,fossil,0.1908149766,Gt/yr,haas2020,observed
2013,NAS_demolition,fossil,0.1975952969,Gt/yr,haas2020,observed
2014,NAS_demolition,fossil,0.2008008242,Gt/yr,haas2020,observed
2015,NAS_demolition,fossil,0.2038701953,Gt/yr,haas2020,observed
1900,NAS_demolition,metals,0.01661678825,Gt/yr,haas2020,observed
1901,NAS_demolition,metals,0.01721191624,Gt/yr,haas2020,observed
1902,NAS_demolition,metals,0.01788483466,Gt/yr,haas2020,observed
1903,NAS_demolition,metals,0.01856493276,Gt/yr,haas2020,observed
1904,NAS_demolition,metals,0.01922283201,Gt/yr,haas2020,observed
1905,NAS_demolition,metals,0.02114900293,Gt/yr,haas2020,observed
1906,NAS_demolition,metals,0.0207972424,Gt/yr,haas2020,observed
1907,NAS_demolition,metals,0.02378651562,Gt/yr,haas2020,observed
1908,NAS_demolition,metals,0.02264289894,Gt/yr,haas2020,observed
1909,NAS_demolition,metals,0.0244530721,Gt/yr,haas2020,observed
1910,NAS_demolition,metals,0.02627179979,Gt/yr,haas2020,observed
1911,NAS_demolition,metals,0.02632060506,Gt/yr,haas2020,observed
1912,NAS_demolition,metals,0.02830360582,Gt/yr,haas2020,observed
1913,NAS_demolition,metals,0.03093357696,Gt/yr,haas2020,observed
1914,NAS_demolition,metals,0.02733470918,Gt/yr,haas2020,observed
1915,NAS_demolition,metals,0.0279662247,Gt/yr,haas2020,observed
1916,NAS_demolition,metals,0.03051922696,Gt/yr,haas2020,observed
1917,NAS_demolition,metals,0.03152975722,Gt/yr,haas2020,observed
1918,NAS_demolition,metals,0.0312085429,Gt/yr,haas2020,observed
1919,NAS_demolition,metals,0.03070869398,Gt/yr,haas2020,observed
1920,NAS_demolition,metals,0.03274050688,Gt/yr,haas2020,observed
1921,NAS_demolition,metals,0.02972670094,Gt/yr,haas2020,observed
1922,NAS_demolition,metals,0.03314509703,Gt/yr,haas2020,observed
1923,NAS_demolition,metals,0.03673386725,Gt/yr,haas2020,observed
1924,NAS_demolition,metals,0.03746193007,Gt/yr,haas2020,observed
1925,NAS_demolition,metals,0.04035231915,Gt/yr,haas2020,observed
1926,NAS_demolition,metals,0.04186744399,Gt/yr,haas2020,observed
1927,NAS_demolition,metals,0.04471179095,Gt/yr,haas2020,observed
1928,NAS_demolition,metals,0.04639546544,Gt/yr,haas2020,observed
1929,NAS_demolition,metals,0.05018345503,Gt/yr,haas2020,observed
1930,NAS_demolition,metals,0.05010776907,Gt/yr,haas2020,observed
1931,NAS_demolition,metals,0.04699289759,Gt/yr,haas2020,observed
1932,NAS_demolition,metals,0.04538198513,Gt/yr,haas2020,observed
1933,NAS_demolition,metals,0.04874385635,Gt/yr,haas2020,observed
1934,NAS_demolition,metals,0.05346345452,Gt/yr,haas2020,observed
1935,NAS_demolition,metals,0.05745729211,Gt/yr,haas2020,observed
1936,NAS_demolition,metals,0.06267278549,Gt/yr,haas2020,observed
1937,NAS_demolition,metals,0.06892448788,Gt/yr,haas2020,observed
1938,NAS_demolition,metals,0.06729772279,Gt/yr,haas2020,observed
1939,NAS_demolition,metals,0.07348761951,Gt/yr,haas2020,observed
1940,NAS_demolition,metals,0.07639238766,Gt/yr,haas2020,observed
1941,NAS_demolition,metals,0.08041447888,Gt/yr,haas2020,observed
1942,NAS_demolition,metals,0.08449903409,Gt/yr,haas2020,observed
1943,NAS_demolition,metals,0.08692574207,Gt/yr,haas2020,observed
1944,NAS_demolition,metals,0.08689825101,Gt/yr,haas2020,observed
1945,NAS_demolition,metals,0.08555491136,Gt/yr,haas2020,observed
1946,NAS_demolition,metals,0.08702230911,Gt/yr,haas2020,observed
1947,NAS_demolition,metals,0.09218807013,Gt/yr,haas2020,observed
1948,NAS_demolition,metals,0.09703389996,Gt/yr,haas2020,observed
1949,NAS_demolition,metals,0.09920382993,Gt/yr,haas2020,observed
1950,NAS_demolition,metals,0.1032460005,Gt/yr,haas2020,observed
1951,NAS_demolition,metals,0.1085772257,Gt/yr,haas2020,observed
1952,NAS_demolition,metals,0.1104434526,Gt/yr,haas2020,observed
1953,NAS_demolition,metals,0.1154189501,Gt/yr,haas2020,observed
1954,NAS_demolition,metals,0.1226634001,Gt/yr,haas2020,observed
1955,NAS_demolition,metals,0.1208561207,Gt/yr,haas2020,observed
1956,NAS_demolition,metals,0.1246895703,Gt/yr,haas2020,observed
1957,NAS_demolition,metals,0.1298261698,Gt/yr,haas2020,observed
1958,NAS_demolition,metals,0.1285330328,Gt/yr,haas2020,observed
1959,NAS_demolition,metals,0.1334694812,Gt/yr,haas2020,observed
1960,NAS_demolition,metals,0.1434736322,Gt/yr,haas2020,observed
1961,NAS_demolition,metals,0.1434275669,Gt/yr,haas2020,observed
1962,NAS_demolition,metals,0.14626504,Gt/yr,haas2020,observed
1963,NAS_demolition,metals,0.1498059478,Gt/yr,haas2020,observed
1964,NAS_demolition,metals,0.1577973578,Gt/yr,haas2020,observed
1965,NAS_demolition,metals,0.1635635138,Gt/yr,haas2020,observed
1966,NAS_demolition,metals,0.1673995773,Gt/yr,haas2020,observed
1967,NAS_demolition,metals,0.1643033523,Gt/yr,haas2020,observed
1968,NAS_demolition,metals,0.175308415,Gt/yr,haas2020,observed
1969,NAS_demolition,metals,0.1837612733,Gt/yr,haas2020,observed
1970,NAS_demolition,metals,0.1898506126,Gt/yr,haas2020,observed
1971,NAS_demolition,metals,0.1927394869,Gt/yr,haas2020,observed
1972,NAS_demolition,metals,0.2008673941,Gt/yr,haas2020,observed
1973,NAS_demolition,metals,0.2131989042,Gt/yr,haas2020,observed
1974,NAS_demolition,metals,0.2181773891,Gt/yr,haas2020,observed
1975,NAS_demolition,metals,0.2176056909,Gt/yr,haas2020,observed
1976,NAS_demolition,metals,0.2267122078,Gt/yr,haas2020,observed
1977,NAS_demolition,metals,0.2315315474,Gt/yr,haas2020,observed
1978,NAS_demolition,metals,0.2411443077,Gt/yr,haas2020,observed
1979,NAS_demolition,metals,0.2512687332,Gt/yr,haas2020,observed
1980,NAS_demolition,metals,0.254962611,Gt/yr,haas2020,observed
1981,NAS_demolition,metals,0.2590373419,Gt/yr,haas2020,observed
1982,NAS_demolition,metals,0.2586076826,Gt/yr,haas2020,observed
1983,NAS_demolition,metals,0.2672173694,Gt/yr,haas2020,observed
1984,NAS_demolition,metals,0.2819330679,Gt/yr,haas2020,observed
1985,NAS_demolition,metals,0.2925175098,Gt/yr,haas2020,observed
1986,NAS_demolition,metals,0.3017989819,Gt/yr,haas2020,observed
1987,NAS_demolition,metals,0.3147663784,Gt/yr,haas2020,observed
1988,NAS_demolition,metals,0.3311511301,Gt/yr,haas2020,observed
1989,NAS_demolition,metals,0.343549127,Gt/yr,haas2020,observed
1990,NAS_demolition,metals,0.3536578386,Gt/yr,haas2020,observed
1991,NAS_demolition,metals,0.3617768186,Gt/yr,haas2020,observed
1992,NAS_demolition,metals,0.3737358784,Gt/yr,haas2020,observed
1993,NAS_demolition,metals,0.387098689,Gt/yr,haas2020,observed
1994,NAS_demolition,metals,0.4026397751,Gt/yr,haas2020,observed
1995,NAS_demolition,metals,0.4195394382,Gt/yr,haas2020,observed
1996,NAS_demolition,metals,0.4316742351,Gt/yr,haas2020,observed
1997,NAS_demolition,metals,0.4524817847,Gt/yr,haas2020,observed
1998,NAS_demolition,metals,0.4639856189,Gt/yr,haas2020,observed
1999,NAS_demolition,metals,0.4788154033,Gt/yr,haas2020,observed
2000,NAS_demolition,metals,0.5012431965,Gt/yr,haas2020,observed
2001,NAS_demolition,metals,0.5160782178,Gt/yr,haas2020,observed
2002,NAS_demolition,metals,0.537238364,Gt/yr,haas2020,observed
2003,NAS_demolition,metals,0.5633317598,Gt/yr,haas2020,observed
2004,NAS_demolition,metals,0.5886826091,Gt/yr,haas2020,observed
2005,NAS_demolition,metals,0.6186091204,Gt/yr,haas2020,observed
2006,NAS_demolition,metals,0.6482893721,Gt/yr,haas2020,observed
2007,NAS_demolition,metals,0.6803690234,Gt/yr,haas2020,observed
2008,NAS_demolition,metals,0.6929243066,Gt/yr,haas2020,observed
2009,NAS_demolition,metals,0.7025058418,Gt/yr,haas2020,observed
2010,NAS_demolition,metals,0.7354431328,Gt/yr,haas2020,observed
2011,NAS_demolition,metals,0.7635332661,Gt/yr,haas2020,observed
2012,NAS_demolition,metals,0.7795283877,Gt/yr,haas2020,observed
2013,NAS_demolition,metals,0.8055312974,Gt/yr,haas2020,observed
2014,NAS_demolition,metals,0.8136364722,Gt/yr,haas2020,observed
2015,NAS_demolition,metals,0.817380437,Gt/yr,haas2020,observed
1900,NAS_demolition,non_metallic_minerals,0.5908700415,Gt/yr,haas2020,observed
1901,NAS_demolition,non_metallic_minerals,0.5995627551,Gt/yr,haas2020,observed
1902,NAS_demolition,non_metallic_minerals,0.608156231,Gt/yr,haas2020,observed
1903,NAS_demolition,non_metallic_minerals,0.6175041884,Gt/yr,haas2020,observed
1904,NAS_demolition,non_metallic_minerals,0.6268633354,Gt/yr,haas2020,observed
1905,NAS_demolition,non_metallic_minerals,0.6363437681,Gt/yr,haas2020,observed
1906,NAS_demolition,non_metallic_minerals,0.6465639785,Gt/yr,haas2020,observed
1907,NAS_demolition,non_metallic_minerals,0.6568220399,Gt/yr,haas2020,observed
1908,NAS_demolition,non_metallic_minerals,0.6675806572,Gt/yr,haas2020,observed
1909,NAS_demolition,non_metallic_minerals,0.6785099279,Gt/yr,haas2020,observed
1910,NAS_demolition,non_metallic_minerals,0.6899092659,Gt/yr,haas2020,observed
1911,NAS_demolition,non_metallic_minerals,0.7010337152,Gt/yr,haas2020,observed
1912,NAS_demolition,non_metallic_minerals,0.7124297222,Gt/yr,haas2020,observed
1913,NAS_demolition,non_metallic_minerals,0.7248516235,Gt/yr,haas2020,observed
1914,NAS_demolition,non_metallic_minerals,0.7351860681,Gt/yr,haas2020,observed
1915,NAS_demolition,non_metallic_minerals,0.7447559558,Gt/yr,haas2020,observed
1916,NAS_demolition,non_metallic_minerals,0.7541285593,Gt/yr,haas2020,observed
1917,NAS_demolition,non_metallic_minerals,0.7633572893,Gt/yr,haas2020,observed
1918,NAS_demolition,non_metallic_minerals,0.7713533862,Gt/yr,haas2020,observed
1919,NAS_demolition,non_metallic_minerals,0.7793488378,Gt/yr,haas2020,observed
1920,NAS_demolition,non_metallic_minerals,0.7898966003,Gt/yr,haas2020,observed
1921,NAS_demolition,non_metallic_minerals,0.7995443093,Gt/yr,haas2020,observed
1922,NAS_demolition,non_metallic_minerals,0.8116458333,Gt/yr,haas2020,observed
1923,NAS_demolition,non_metallic_minerals,0.823372212,Gt/yr,haas2020,observed
1924,NAS_demolition,non_metallic_minerals,0.8374460004,Gt/yr,haas2020,observed
1925,NAS_demolition,non_metallic_minerals,0.8525873235,Gt/yr,haas2020,observed
1926,NAS_demolition,non_metallic_minerals,0.8677934002,Gt/yr,haas2020,observed
1927,NAS_demolition,non_metallic_minerals,0.884294897,Gt/yr,haas2020,observed
1928,NAS_demolition,non_metallic_minerals,0.9012872047,Gt/yr,haas2020,observed
1929,NAS_demolition,non_metallic_minerals,0.9180137885,Gt/yr,haas2020,observed
1930,NAS_demolition,non_metallic_minerals,0.9335716315,Gt/yr,haas2020,observed
1931,NAS_demolition,non_metallic_minerals,0.9465212755,Gt/yr,haas2020,observed
1932,NAS_demolition,non_metallic_minerals,0.9575419393,Gt/yr,haas2020,observed
1933,NAS_demolition,non_metallic_minerals,0.9698559708,Gt/yr,haas2020,observed
1934,NAS_demolition,non_metallic_minerals,0.9854212181,Gt/yr,haas2020,observed
1935,NAS_demolition,non_metallic_minerals,1.001412965,Gt/yr,haas2020,observed
1936,NAS_demolition,non_metallic_minerals,1.01562078,Gt/yr,haas2020,observed
1937,NAS_demolition,non_metallic_minerals,1.036556372,Gt/yr,haas2020,observed
1938,NAS_demolition,non_metallic_minerals,1.054998842,Gt/yr,haas2020,observed
1939,NAS_demolition,non_metallic_minerals,1.074758094,Gt/yr,haas2020,observed
1940,NAS_demolition,non_metallic_minerals,1.090009049,Gt/yr,haas2020,observed
1941,NAS_demolition,non_metallic_minerals,1.109662034,Gt/yr,haas2020,observed
1942,NAS_demolition,non_metallic_minerals,1.125855421,Gt/yr,haas2020,observed
1943,NAS_demolition,non_metallic_minerals,1.140020953,Gt/yr,haas2020,observed
1944,NAS_demolition,non_metallic_minerals,1.152036385,Gt/yr,haas2020,observed
1945,NAS_demolition,non_metallic_minerals,1.164677365,Gt/yr,haas2020,observed
1946,NAS_demolition,non_metallic_minerals,1.185773277,Gt/yr,haas2020,observed
1947,NAS_demolition,non_metallic_minerals,1.207469338,Gt/yr,haas2020,observed
1948,NAS_demolition,non_metallic_minerals,1.231896786,Gt/yr,haas2020,observed
1949,NAS_demolition,non_metallic_minerals,1.257667347,Gt/yr,haas2020,observed
1950,NAS_demolition,non_metallic_minerals,1.287444849,Gt/yr,haas2020,observed
1951,NAS_demolition,non_metallic_minerals,1.318923473,Gt/yr,haas2020,observed
1952,NAS_demolition,non_metallic_minerals,1.351231245,Gt/yr,haas2020,observed
1953,NAS_demolition,non_metallic_minerals,1.387349211,Gt/yr,haas2020,observed
1954,NAS_demolition,non_metallic_minerals,1.425934867,Gt/yr,haas2020,observed
1955,NAS_demolition,non_metallic_minerals,1.468108944,Gt/yr,haas2020,observed
1956,NAS_demolition,non_metallic_minerals,1.514200587,Gt/yr,haas2020,observed
1957,NAS_demolition,non_metallic_minerals,1.559765971,Gt/yr,haas2020,observed
1958,NAS_demolition,non_metallic_minerals,1.606060564,Gt/yr,haas2020,observed
1959,NAS_demolition,non_metallic_minerals,1.661318434,Gt/yr,haas2020,observed
1960,NAS_demolition,non_metallic_minerals,1.71854017,Gt/yr,haas2020,observed
1961,NAS_demolition,non_metallic_minerals,1.778731916,Gt/yr,haas2020,observed
1962,NAS_demolition,non_metallic_minerals,1.842375064,Gt/yr,haas2020,observed
1963,NAS_demolition,non_metallic_minerals,1.909508833,Gt/yr,haas2020,observed
1964,NAS_demolition,non_metallic_minerals,1.987759206,Gt/yr,haas2020,observed
1965,NAS_demolition,non_metallic_minerals,2.060547083,Gt/yr,haas2020,observed
1966,NAS_demolition,non_metallic_minerals,2.147830914,Gt/yr,haas2020,observed
1967,NAS_demolition,non_metallic_minerals,2.229293432,Gt/yr,haas2020,observed
1968,NAS_demolition,non_metallic_minerals,2.32603965,Gt/yr,haas2020,observed
1969,NAS_demolition,non_metallic_minerals,2.42220067,Gt/yr,haas2020,observed
1970,NAS_demolition,non_metallic_minerals,2.528338458,Gt/yr,haas2020,observed
1971,NAS_demolition,non_metallic_minerals,2.632210519,Gt/yr,haas2020,observed
1972,NAS_demolition,non_metallic_minerals,2.763110357,Gt/yr,haas2020,observed
1973,NAS_demolition,non_metallic_minerals,2.889195186,Gt/yr,haas2020,observed
1974,NAS_demolition,non_metallic_minerals,3.00991721,Gt/yr,haas2020,observed
1975,NAS_demolition,non_metallic_minerals,3.130982807,Gt/yr,haas2020,observed
1976,NAS_demolition,non_metallic_minerals,3.262405129,Gt/yr,haas2020,observed
1977,NAS_demolition,non_metallic_minerals,3.403957048,Gt/yr,haas2020,observed
1978,NAS_demolition,non_metallic_minerals,3.557132831,Gt/yr,haas2020,observed
1979,NAS_demolition,non_metallic_minerals,3.708794534,Gt/yr,haas2020,observed
1980,NAS_demolition,non_metallic_minerals,3.868460134,Gt/yr,haas2020,observed
1981,NAS_demolition,non_metallic_minerals,4.013532624,Gt/yr,haas2020,observed
1982,NAS_demolition,non_metallic_minerals,4.172393491,Gt/yr,haas2020,observed
1983,NAS_demolition,non_metallic_minerals,4.34262071,Gt/yr,haas2020,observed
1984,NAS_demolition,non_metallic_minerals,4.524012372,Gt/yr,haas2020,observed
1985,NAS_demolition,non_metallic_minerals,4.703105341,Gt/yr,haas2020,observed
1986,NAS_demolition,non_metallic_minerals,4.90406275,Gt/yr,haas2020,observed
1987,NAS_demolition,non_metallic_minerals,5.114404147,Gt/yr,haas2020,observed
1988,NAS_demolition,non_metallic_minerals,5.342655355,Gt/yr,haas2020,observed
1989,NAS_demolition,non_metallic_minerals,5.540033428,Gt/yr,haas2020,observed
1990,NAS_demolition,non_metallic_minerals,5.748733103,Gt/yr,haas2020,observed
1991,NAS_demolition,non_metallic_minerals,6.002687517,Gt/yr,haas2020,observed
1992,NAS_demolition,non_metallic_minerals,6.230467427,Gt/yr,haas2020,observed
1993,NAS_demolition,non_metallic_minerals,6.519918923,Gt/yr,haas2020,observed
1994,NAS_demolition,non_metallic_minerals,6.80598115,Gt/yr,haas2020,observed
1995,NAS_demolition,non_metallic_minerals,7.154364596,Gt/yr,haas2020,observed
1996,NAS_demolition,non_metallic_minerals,7.443885714,Gt/yr,haas2020,observed
1997,NAS_demolition,non_metallic_minerals,7.725491112,Gt/yr,haas2020,observed
1998,NAS_demolition,non_metallic_minerals,8.011559351,Gt/yr,haas2020,observed
1999,NAS_demolition,non_metallic_minerals,8.297089537,Gt/yr,haas2020,observed
2000,NAS_demolition,non_metallic_minerals,8.591688736,Gt/yr,haas2020,observed
2001,NAS_demolition,non_metallic_minerals,8.874913884,Gt/yr,haas2020,observed
2002,NAS_demolition,non_metallic_minerals,9.190322274,Gt/yr,haas2020,observed
2003,NAS_demolition,non_metallic_minerals,9.549025329,Gt/yr,haas2020,observed
2004,NAS_demolition,non_metallic_minerals,9.917803446,Gt/yr,haas2020,observed
2005,NAS_demolition,non_metallic_minerals,10.32137008,Gt/yr,haas2020,observed
2006,NAS_demolition,non_metallic_minerals,10.75631254,Gt/yr,haas2020,observed
2007,NAS_demolition,non_metallic_minerals,11.23702285,Gt/yr,haas2020,observed
2008,NAS_demolition,non_metallic_minerals,11.69314626,Gt/yr,haas2020,observed
2009,NAS_demolition,non_metallic_minerals,12.21178977,Gt/yr,haas2020,observed
2010,NAS_demolition,non_metallic_minerals,12.78221807,Gt/yr,haas2020,observed
2011,NAS_demolition,non_metallic_minerals,13.41308134,Gt/yr,haas2020,observed
2012,NAS_demolition,non_metallic_minerals,14.04260727,Gt/yr,haas2020,observed
2013,NAS_demolition,non_metallic_minerals,14.71638205,Gt/yr,haas2020,observed
2014,NAS_demolition,non_metallic_minerals,15.41015073,Gt/yr,haas2020,observed
2015,NAS_demolition,non_metallic_minerals,16.05280638,Gt/yr,haas2020,observed
1900,NAS_gross,biomass,0.1864360146,Gt/yr,haas2020,observed
1901,NAS_gross,biomass,0.1883079814,Gt/yr,haas2020,observed
1902,NAS_gross,biomass,0.1909327295,Gt/yr,haas2020,observed
1903,NAS_gross,biomass,0.1925288809,Gt/yr,haas2020,observed
1904,NAS_gross,biomass,0.1954050898,Gt/yr,haas2020,observed
1905,NAS_gross,biomass,0.1970082539,Gt/yr,haas2020,observed
1906,NAS_gross,biomass,0.1997228838,Gt/yr,haas2020,observed
1907,NAS_gross,biomass,0.2019251943,Gt/yr,haas2020,observed
1908,NAS_gross,biomass,0.2042633838,Gt/yr,haas2020,observed
1909,NAS_gross,biomass,0.2064563584,Gt/yr,haas2020,observed
1910,NAS_gross,biomass,0.208813084,Gt/yr,haas2020,observed
1911,NAS_gross,biomass,0.2106186621,Gt/yr,haas2020,observed
1912,NAS_gross,biomass,0.2131597803,Gt/yr,haas2020,observed
1913,NAS_gross,biomass,0.2157298643,Gt/yr,haas2020,observed
1914,NAS_gross,biomass,0.2182484639,Gt/yr,haas2020,observed
1915,NAS_gross,biomass,0.2200534121,Gt/yr,haas2020,observed
1916,NAS_gross,biomass,0.2221107676,Gt/yr,haas2020,observed
1917,NAS_gross,biomass,0.2246082949,Gt/yr,haas2020,observed
1918,NAS_gross,biomass,0.2269719023,Gt/yr,haas2020,observed
1919,NAS_gross,biomass,0.2288488711,Gt/yr,haas2020,observed
1920,NAS_gross,biomass,0.2307750225,Gt/yr,haas2020,observed
1921,NAS_gross,biomass,0.2336276641,Gt/yr,haas2020,observed
1922,NAS_gross,biomass,0.2354163311,Gt/yr,haas2020,observed
1923,NAS_gross,biomass,0.238052293,Gt/yr,haas2020,observed
1924,NAS_gross,biomass,0.2407310273,Gt/yr,haas2020,observed
1925,NAS_gross,biomass,0.2426841865,Gt/yr,haas2020,observed
1926,NAS_gross,biomass,0.2451965293,Gt/yr,haas2020,observed
1927,NAS_gross,biomass,0.2474428662,Gt/yr,haas2020,observed
1928,NAS_gross,biomass,0.2494102656,Gt/yr,haas2020,observed
1929,NAS_gross,biomass,0.2519989609,Gt/yr,haas2020,observed
1930,NAS_gross,biomass,0.2537248975,Gt/yr,haas2020,observed
1931,NAS_gross,biomass,0.2563299316,Gt/yr,haas2020,observed
1932,NAS_gross,biomass,0.2574334014,Gt/yr,haas2020,observed
1933,NAS_gross,biomass,0.2603258408,Gt/yr,haas2020,observed
1934,NAS_gross,biomass,0.2622102227,Gt/yr,haas2020,observed
1935,NAS_gross,biomass,0.2634467432,Gt/yr,haas2020,observed
1936,NAS_gross,biomass,0.2665587471,Gt/yr,haas2020,observed
1937,NAS_gross,biomass,0.2683650596,Gt/yr,haas2020,observed
1938,NAS_gross,biomass,0.2705487295,Gt/yr,haas2020,observed
1939,NAS_gross,biomass,0.2731582061,Gt/yr,haas2020,observed
1940,NAS_gross,biomass,0.2746348574,Gt/yr,haas2020,observed
1941,NAS_gross,biomass,0.2768973389,Gt/yr,haas2020,observed
1942,NAS_gross,biomass,0.2790004355,Gt/yr,haas2020,observed
1943,NAS_gross,biomass,0.2807624863,Gt/yr,haas2020,observed
1944,NAS_gross,biomass,0.2840085947,Gt/yr,haas2020,observed
1945,NAS_gross,biomass,0.2856653652,Gt/yr,haas2020,observed
1946,NAS_gross,biomass,0.2870251885,Gt/yr,haas2020,observed
1947,NAS_gross,biomass,0.2898597949,Gt/yr,haas2020,observed
1948,NAS_gross,biomass,0.2918443262,Gt/yr,haas2020,observed
1949,NAS_gross,biomass,0.293710583,Gt/yr,haas2020,observed
1950,NAS_gross,biomass,0.2955192168,Gt/yr,haas2020,observed
1951,NAS_gross,biomass,0.302135626,Gt/yr,haas2020,observed
1952,NAS_gross,biomass,0.3079853232,Gt/yr,haas2020,observed
1953,NAS_gross,biomass,0.3137492725,Gt/yr,haas2020,observed
1954,NAS_gross,biomass,0.3197540322,Gt/yr,haas2020,observed
1955,NAS_gross,biomass,0.3255897061,Gt/yr,haas2020,observed
1956,NAS_gross,biomass,0.3318686719,Gt/yr,haas2020,observed
1957,NAS_gross,biomass,0.3380793398,Gt/yr,haas2020,observed
1958,NAS_gross,biomass,0.3437940146,Gt/yr,haas2020,observed
1959,NAS_gross,biomass,0.3503988096,Gt/yr,haas2020,observed
1960,NAS_gross,biomass,0.3558192598,Gt/yr,haas2020,observed
1961,NAS_gross,biomass,0.3620828164,Gt/yr,haas2020,observed
1962,NAS_gross,biomass,0.368724209,Gt/yr,haas2020,observed
1963,NAS_gross,biomass,0.3842325713,Gt/yr,haas2020,observed
1964,NAS_gross,biomass,0.4092320156,Gt/yr,haas2020,observed
1965,NAS_gross,biomass,0.4390876426,Gt/yr,haas2020,observed
1966,NAS_gross,biomass,0.4569427617,Gt/yr,haas2020,observed
1967,NAS_gross,biomass,0.4596973047,Gt/yr,haas2020,observed
1968,NAS_gross,biomass,0.4824622051,Gt/yr,haas2020,observed
1969,NAS_gross,biomass,0.4974299766,Gt/yr,haas2020,observed
1970,NAS_gross,biomass,0.5134349102,Gt/yr,haas2020,observed
1971,NAS_gross,biomass,0.5285973262,Gt/yr,haas2020,observed
1972,NAS_gross,biomass,0.547942918,Gt/yr,haas2020,observed
1973,NAS_gross,biomass,0.5761945625,Gt/yr,haas2020,observed
1974,NAS_gross,biomass,0.5645882852,Gt/yr,haas2020,observed
1975,NAS_gross,biomass,0.5273738086,Gt/yr,haas2020,observed
1976,NAS_gross,biomass,0.57225025,Gt/yr,haas2020,observed
1977,NAS_gross,biomass,0.5911057578,Gt/yr,haas2020,observed
1978,NAS_gross,biomass,0.6061888633,Gt/yr,haas2020,observed
1979,NAS_gross,biomass,0.6203628008,Gt/yr,haas2020,observed
1980,NAS_gross,biomass,0.6176962539,Gt/yr,haas2020,observed
1981,NAS_gross,biomass,0.6118531484,Gt/yr,haas2020,observed
1982,NAS_gross,biomass,0.6049527461,Gt/yr,haas2020,observed
1983,NAS_gross,biomass,0.6379313398,Gt/yr,haas2020,observed
1984,NAS_gross,biomass,0.6670234023,Gt/yr,haas2020,observed
1985,NAS_gross,biomass,0.6799870156,Gt/yr,haas2020,observed
1986,NAS_gross,biomass,0.711812125,Gt/yr,haas2020,observed
1987,NAS_gross,biomass,0.7424771719,Gt/yr,haas2020,observed
1988,NAS_gross,biomass,0.7645134297,Gt/yr,haas2020,observed
1989,NAS_gross,biomass,0.7854310625,Gt/yr,haas2020,observed
1990,NAS_gross,biomass,0.7821105312,Gt/yr,haas2020,observed
1991,NAS_gross,biomass,0.7594894063,Gt/yr,haas2020,observed
1992,NAS_gross,biomass,0.7422410312,Gt/yr,haas2020,observed
1993,NAS_gross,biomass,0.7483161328,Gt/yr,haas2020,observed
1994,NAS_gross,biomass,0.7710267891,Gt/yr,haas2020,observed
1995,NAS_gross,biomass,0.7892734688,Gt/yr,haas2020,observed
1996,NAS_gross,biomass,0.7940736328,Gt/yr,haas2020,observed
1997,NAS_gross,biomass,0.8478416016,Gt/yr,haas2020,observed
1998,NAS_gross,biomass,0.8166745313,Gt/yr,haas2020,observed
1999,NAS_gross,biomass,0.8630968359,Gt/yr,haas2020,observed
2000,NAS_gross,biomass,0.8885683281,Gt/yr,haas2020,observed
2001,NAS_gross,biomass,0.87810925,Gt/yr,haas2020,observed
2002,NAS_gross,biomass,0.9095585,Gt/yr,haas2020,observed
2003,NAS_gross,biomass,0.9578703594,Gt/yr,haas2020,observed
2004,NAS_gross,biomass,1.002097234,Gt/yr,haas2020,observed
2005,NAS_gross,biomass,1.032496312,Gt/yr,haas2020,observed
2006,NAS_gross,biomass,1.074664234,Gt/yr,haas2020,observed
2007,NAS_gross,biomass,1.101652422,Gt/yr,haas2020,observed
2008,NAS_gross,biomass,1.070259234,Gt/yr,haas2020,observed
2009,NAS_gross,biomass,1.02705125,Gt/yr,haas2020,observed
2010,NAS_gross,biomass,1.091230813,Gt/yr,haas2020,observed
2011,NAS_gross,biomass,1.118667281,Gt/yr,haas2020,observed
2012,NAS_gross,biomass,1.155350406,Gt/yr,haas2020,observed
2013,NAS_gross,biomass,1.173105781,Gt/yr,haas2020,observed
2014,NAS_gross,biomass,1.208905875,Gt/yr,haas2020,observed
2015,NAS_gross,biomass,1.218132891,Gt/yr,haas2020,observed
1900,NAS_gross,fossil,0,Gt/yr,haas2020,observed
1901,NAS_gross,fossil,0,Gt/yr,haas2020,observed
1902,NAS_gross,fossil,0,Gt/yr,haas2020,observed
1903,NAS_gross,fossil,0,Gt/yr,haas2020,observed
1904,NAS_gross,fossil,0,Gt/yr,haas2020,observed
1905,NAS_gross,fossil,0,Gt/yr,haas2020,observed
1906,NAS_gross,fossil,0,Gt/yr,haas2020,observed
1907,NAS_gross,fossil,0,Gt/yr,haas2020,observed
1908,NAS_gross,fossil,0,Gt/yr,haas2020,observed
1909,NAS_gross,fossil,0,Gt/yr,haas2020,observed
1910,NAS_gross,fossil,0,Gt/yr,haas2020,observed
1911,NAS_gross,fossil,0,Gt/yr,haas2020,observed
1912,NAS_gross,fossil,0,Gt/yr,haas2020,observed
1913,NAS_gross,fossil,0,Gt/yr,haas2020,observed
1914,NAS_gross,fossil,0,Gt/yr,haas2020,observed
1915,NAS_gross,fossil,0,Gt/yr,haas2020,observed
1916,NAS_gross,fossil,0,Gt/yr,haas2020,observed
1917,NAS_gross,fossil,0,Gt/yr,haas2020,observed
1918,NAS_gross,fossil,0,Gt/yr,haas2020,observed
1919,NAS_gross,fossil,0,Gt/yr,haas2020,observed
1920,NAS_gross,fossil,0,Gt/yr,haas2020,observed
1921,NAS_gross,fossil,6.864002529e-05,Gt/yr,haas2020,observed
1922,NAS_gross,fossil,0.0001372800506,Gt/yr,haas2020,observed
1923,NAS_gross,fossil,0.0002745601012,Gt/yr,haas2020,observed
1924,NAS_gross,fossil,0.0004118401518,Gt/yr,haas2020,observed
1925,NAS_gross,fossil,0.0005491202023,Gt/yr,haas2020,observed
1926,NAS_gross,fossil,0.0006864002529,Gt/yr,haas2020,observed
1927,NAS_gross,fossil,0.0008236803035,Gt/yr,haas2020,observed
1928,NAS_gross,fossil,0.0009609603541,Gt/yr,haas2020,observed
1929,NAS_gross,fossil,0.001098240405,Gt/yr,haas2020,observed
1930,NAS_gross,fossil,0.001235520455,Gt/yr,haas2020,observed
1931,NAS_gross,fossil,0.001372800506,Gt/yr,haas2020,observed
1932,NAS_gross,fossil,0.001532045365,Gt/yr,haas2020,observed
1933,NAS_gross,fossil,0.001709762627,Gt/yr,haas2020,observed
1934,NAS_gross,fossil,0.001908095092,Gt/yr,haas2020,observed
1935,NAS_gross,fossil,0.002129434122,Gt/yr,haas2020,observed
1936,NAS_gross,fossil,0.00237644848,Gt/yr,haas2020,observed
1937,NAS_gross,fossil,0.002652116504,Gt/yr,haas2020,observed
1938,NAS_gross,fossil,0.002959762019,Gt/yr,haas2020,observed
1939,NAS_gross,fossil,0.003303094413,Gt/yr,haas2020,observed
1940,NAS_gross,fossil,0.003686253365,Gt/yr,haas2020,observed
1941,NAS_gross,fossil,0.004113858755,Gt/yr,haas2020,observed
1942,NAS_gross,fossil,0.00459106637,Gt/yr,haas2020,observed
1943,NAS_gross,fossil,0.005123630069,Gt/yr,haas2020,observed
1944,NAS_gross,fossil,0.005717971157,Gt/yr,haas2020,observed
1945,NAS_gross,fossil,0.006381255812,Gt/yr,haas2020,observed
1946,NAS_gross,fossil,0.007121481486,Gt/yr,haas2020,observed
1947,NAS_gross,fossil,0.007947573338,Gt/yr,haas2020,observed
1948,NAS_gross,fossil,0.008869491845,Gt/yr,haas2020,observed
1949,NAS_gross,fossil,0.009898352899,Gt/yr,haas2020,observed
1950,NAS_gross,fossil,0.01295927904,Gt/yr,haas2020,observed
1951,NAS_gross,fossil,0.01425803863,Gt/yr,haas2020,observed
1952,NAS_gross,fossil,0.01617253568,Gt/yr,haas2020,observed
1953,NAS_gross,fossil,0.01719142663,Gt/yr,haas2020,observed
1954,NAS_gross,fossil,0.0185571976,Gt/yr,haas2020,observed
1955,NAS_gross,fossil,0.02022824504,Gt/yr,haas2020,observed
1956,NAS_gross,fossil,0.0224209166,Gt/yr,haas2020,observed
1957,NAS_gross,fossil,0.02452744345,Gt/yr,haas2020,observed
1958,NAS_gross,fossil,0.02614057341,Gt/yr,haas2020,observed
1959,NAS_gross,fossil,0.02869425067,Gt/yr,haas2020,observed
1960,NAS_gross,fossil,0.03127519169,Gt/yr,haas2020,observed
1961,NAS_gross,fossil,0.03418590291,Gt/yr,haas2020,observed
1962,NAS_gross,fossil,0.0371943421,Gt/yr,haas2020,observed
1963,NAS_gross,fossil,0.04062097578,Gt/yr,haas2020,observed
1964,NAS_gross,fossil,0.0449108389,Gt/yr,haas2020,observed
1965,NAS_gross,fossil,0.04945188215,Gt/yr,haas2020,observed
1966,NAS_gross,fossil,0.05529024306,Gt/yr,haas2020,observed
1967,NAS_gross,fossil,0.05975520547,Gt/yr,haas2020,observed
1968,NAS_gross,fossil,0.06642371476,Gt/yr,haas2020,observed
1969,NAS_gross,fossil,0.07337680571,Gt/yr,haas2020,observed
1970,NAS_gross,fossil,0.08084562492,Gt/yr,haas2020,observed
1971,NAS_gross,fossil,0.08481675818,Gt/yr,haas2020,observed
1972,NAS_gross,fossil,0.09746084575,Gt/yr,haas2020,observed
1973,NAS_gross,fossil,0.105171837,Gt/yr,haas2020,observed
1974,NAS_gross,fossil,0.1095383954,Gt/yr,haas2020,observed
1975,NAS_gross,fossil,0.1026138059,Gt/yr,haas2020,observed
1976,NAS_gross,fossil,0.1046180452,Gt/yr,haas2020,observed
1977,NAS_gross,fossil,0.1089434612,Gt/yr,haas2020,observed
1978,NAS_gross,fossil,0.1167221637,Gt/yr,haas2020,observed
1979,NAS_gross,fossil,0.128029007,Gt/yr,haas2020,observed
1980,NAS_gross,fossil,0.1275938124,Gt/yr,haas2020,observed
1981,NAS_gross,fossil,0.1234777131,Gt/yr,haas2020,observed
1982,NAS_gross,fossil,0.1212820485,Gt/yr,haas2020,observed
1983,NAS_gross,fossil,0.1258759863,Gt/yr,haas2020,observed
1984,NAS_gross,fossil,0.1352799348,Gt/yr,haas2020,observed
1985,NAS_gross,fossil,0.140572269,Gt/yr,haas2020,observed
1986,NAS_gross,fossil,0.1489489175,Gt/yr,haas2020,observed
1987,NAS_gross,fossil,0.1569414893,Gt/yr,haas2020,observed
1988,NAS_gross,fossil,0.1668249495,Gt/yr,haas2020,observed
1989,NAS_gross,fossil,0.1734254175,Gt/yr,haas2020,observed
1990,NAS_gross,fossil,0.177168811,Gt/yr,haas2020,observed
1991,NAS_gross,fossil,0.1932097734,Gt/yr,haas2020,observed
1992,NAS_gross,fossil,0.2025228984,Gt/yr,haas2020,observed
1993,NAS_gross,fossil,0.2108132856,Gt/yr,haas2020,observed
1994,NAS_gross,fossil,0.2209588276,Gt/yr,haas2020,observed
1995,NAS_gross,fossil,0.2315645151,Gt/yr,haas2020,observed
1996,NAS_gross,fossil,0.2398798076,Gt/yr,haas2020,observed
1997,NAS_gross,fossil,0.2505375107,Gt/yr,haas2020,observed
1998,NAS_gross,fossil,0.2645716699,Gt/yr,haas2020,observed
1999,NAS_gross,fossil,0.2810718779,Gt/yr,haas2020,observed
2000,NAS_gross,fossil,0.2934855928,Gt/yr,haas2020,observed
2001,NAS_gross,fossil,0.3049867695,Gt/yr,haas2020,observed
2002,NAS_gross,fossil,0.314881127,Gt/yr,haas2020,observed
2003,NAS_gross,fossil,0.3224385625,Gt/yr,haas2020,observed
2004,NAS_gross,fossil,0.3394634141,Gt/yr,haas2020,observed
2005,NAS_gross,fossil,0.3550901523,Gt/yr,haas2020,observed
2006,NAS_gross,fossil,0.3648237363,Gt/yr,haas2020,observed
2007,NAS_gross,fossil,0.3892840488,Gt/yr,haas2020,observed
2008,NAS_gross,fossil,0.3986174395,Gt/yr,haas2020,observed
2009,NAS_gross,fossil,0.3825620156,Gt/yr,haas2020,observed
2010,NAS_gross,fossil,0.3921223926,Gt/yr,haas2020,observed
2011,NAS_gross,fossil,0.4108368301,Gt/yr,haas2020,observed
2012,NAS_gross,fossil,0.4206699922,Gt/yr,haas2020,observed
2013,NAS_gross,fossil,0.4300425937,Gt/yr,haas2020,observed
2014,NAS_gross,fossil,0.4413881836,Gt/yr,haas2020,observed
2015,NAS_gross,fossil,0.4531965574,Gt/yr,haas2020,observed
1900,NAS_gross,metals,0.06157001854,Gt/yr,haas2020,observed
1901,NAS_gross,metals,0.0621888539,Gt/yr,haas2020,observed
1902,NAS_gross,metals,0.06323889927,Gt/yr,haas2020,observed
1903,NAS_gross,metals,0.06415704712,Gt/yr,haas2020,observed
1904,NAS_gross,metals,0.06524709353,Gt/yr,haas2020,observed
1905,NAS_gross,metals,0.07738611377,Gt/yr,haas2020,observed
1906,NAS_gross,metals,0.06930555118,Gt/yr,haas2020,observed
1907,NAS_gross,metals,0.08971921805,Gt/yr,haas2020,observed
1908,NAS_gross,metals,0.07509118191,Gt/yr,haas2020,observed
1909,NAS_gross,metals,0.08515581581,Gt/yr,haas2020,observed
1910,NAS_gross,metals,0.09492176901,Gt/yr,haas2020,observed
1911,NAS_gross,metals,0.09003236335,Gt/yr,haas2020,observed
1912,NAS_gross,metals,0.1010438142,Gt/yr,haas2020,observed
1913,NAS_gross,metals,0.117579975,Gt/yr,haas2020,observed
1914,NAS_gross,metals,0.08308584708,Gt/yr,haas2020,observed
1915,NAS_gross,metals,0.08215372468,Gt/yr,haas2020,observed
1916,NAS_gross,metals,0.09704332021,Gt/yr,haas2020,observed
1917,NAS_gross,metals,0.09903323627,Gt/yr,haas2020,observed
1918,NAS_gross,metals,0.09063231747,Gt/yr,haas2020,observed
1919,NAS_gross,metals,0.0800880118,Gt/yr,haas2020,observed
1920,NAS_gross,metals,0.08899658539,Gt/yr,haas2020,observed
1921,NAS_gross,metals,0.05914352859,Gt/yr,haas2020,observed
1922,NAS_gross,metals,0.07847514293,Gt/yr,haas2020,observed
1923,NAS_gross,metals,0.09867551012,Gt/yr,haas2020,observed
1924,NAS_gross,metals,0.09642951596,Gt/yr,haas2020,observed
1925,NAS_gross,metals,0.1099137584,Gt/yr,haas2020,observed
1926,NAS_gross,metals,0.1135233082,Gt/yr,haas2020,observed
1927,NAS_gross,metals,0.1243069627,Gt/yr,haas2020,observed
1928,NAS_gross,metals,0.1268849747,Gt/yr,haas2020,observed
1929,NAS_gross,metals,0.1438924276,Gt/yr,haas2020,observed
1930,NAS_gross,metals,0.1315403975,Gt/yr,haas2020,observed
1931,NAS_gross,metals,0.09644283369,Gt/yr,haas2020,observed
1932,NAS_gross,metals,0.07156459444,Gt/yr,haas2020,observed
1933,NAS_gross,metals,0.08211228117,Gt/yr,haas2020,observed
1934,NAS_gross,metals,0.1016231689,Gt/yr,haas2020,observed
1935,NAS_gross,metals,0.1152314161,Gt/yr,haas2020,observed
1936,NAS_gross,metals,0.1368049619,Gt/yr,haas2020,observed
1937,NAS_gross,metals,0.1650344771,Gt/yr,haas2020,observed
1938,NAS_gross,metals,0.1365879904,Gt/yr,haas2020,observed
1939,NAS_gross,metals,0.1616356812,Gt/yr,haas2020,observed
1940,NAS_gross,metals,0.1653671094,Gt/yr,haas2020,observed
1941,NAS_gross,metals,0.1767571179,Gt/yr,haas2020,observed
1942,NAS_gross,metals,0.1873379911,Gt/yr,haas2020,observed
1943,NAS_gross,metals,0.1882249842,Gt/yr,haas2020,observed
1944,NAS_gross,metals,0.1716125545,Gt/yr,haas2020,observed
1945,NAS_gross,metals,0.1473604846,Gt/yr,haas2020,observed
1946,NAS_gross,metals,0.1438478307,Gt/yr,haas2020,observed
1947,NAS_gross,metals,0.1663456895,Gt/yr,haas2020,observed
1948,NAS_gross,metals,0.1877264099,Gt/yr,haas2020,observed
1949,NAS_gross,metals,0.1920561867,Gt/yr,haas2020,observed
1950,NAS_gross,metals,0.2086633284,Gt/yr,haas2020,observed
1951,NAS_gross,metals,0.2349184925,Gt/yr,haas2020,observed
1952,NAS_gross,metals,0.2410414025,Gt/yr,haas2020,observed
1953,NAS_gross,metals,0.2667014508,Gt/yr,haas2020,observed
1954,NAS_gross,metals,0.3061061754,Gt/yr,haas2020,observed
1955,NAS_gross,metals,0.2885144236,Gt/yr,haas2020,observed
1956,NAS_gross,metals,0.3072923657,Gt/yr,haas2020,observed
1957,NAS_gross,metals,0.3319226913,Gt/yr,haas2020,observed
1958,NAS_gross,metals,0.3142170231,Gt/yr,haas2020,observed
1959,NAS_gross,metals,0.3379615881,Gt/yr,haas2020,observed
1960,NAS_gross,metals,0.3916448705,Gt/yr,haas2020,observed
1961,NAS_gross,metals,0.3819762812,Gt/yr,haas2020,observed
1962,NAS_gross,metals,0.3886106287,Gt/yr,haas2020,observed
1963,NAS_gross,metals,0.4007278926,Gt/yr,haas2020,observed
1964,NAS_gross,metals,0.4396934244,Gt/yr,haas2020,observed
1965,NAS_gross,metals,0.4652542271,Gt/yr,haas2020,observed
1966,NAS_gross,metals,0.4770169219,Gt/yr,haas2020,observed
1967,NAS_gross,metals,0.4456563678,Gt/yr,haas2020,observed
1968,NAS_gross,metals,0.502514035,Gt/yr,haas2020,observed
1969,NAS_gross,metals,0.5376970026,Gt/yr,haas2020,observed
1970,NAS_gross,metals,0.5613563925,Gt/yr,haas2020,observed
1971,NAS_gross,metals,0.560809057,Gt/yr,haas2020,observed
1972,NAS_gross,metals,0.5894357938,Gt/yr,haas2020,observed
1973,NAS_gross,metals,0.6410982192,Gt/yr,haas2020,observed
1974,NAS_gross,metals,0.6502068476,Gt/yr,haas2020,observed
1975,NAS_gross,metals,0.6183340983,Gt/yr,haas2020,observed
1976,NAS_gross,metals,0.6456737463,Gt/yr,haas2020,observed
1977,NAS_gross,metals,0.6457497549,Gt/yr,haas2020,observed
1978,NAS_gross,metals,0.6741482306,Gt/yr,haas2020,observed
1979,NAS_gross,metals,0.7025881062,Gt/yr,haas2020,observed
1980,NAS_gross,metals,0.6932950131,Gt/yr,haas2020,observed
1981,NAS_gross,metals,0.67993537,Gt/yr,haas2020,observed
1982,NAS_gross,metals,0.6377315476,Gt/yr,haas2020,observed
1983,NAS_gross,metals,0.6462586174,Gt/yr,haas2020,observed
1984,NAS_gross,metals,0.6938334336,Gt/yr,haas2020,observed
1985,NAS_gross,metals,0.7092441121,Gt/yr,haas2020,observed
1986,NAS_gross,metals,0.7148391443,Gt/yr,haas2020,observed
1987,NAS_gross,metals,0.7373829141,Gt/yr,haas2020,observed
1988,NAS_gross,metals,0.7800017202,Gt/yr,haas2020,observed
1989,NAS_gross,metals,0.7971617966,Gt/yr,haas2020,observed
1990,NAS_gross,metals,0.7922397812,Gt/yr,haas2020,observed
1991,NAS_gross,metals,0.7754867009,Gt/yr,haas2020,observed
1992,NAS_gross,metals,0.7798566338,Gt/yr,haas2020,observed
1993,NAS_gross,metals,0.789186688,Gt/yr,haas2020,observed
1994,NAS_gross,metals,0.8112424517,Gt/yr,haas2020,observed
1995,NAS_gross,metals,0.8465634683,Gt/yr,haas2020,observed
1996,NAS_gross,metals,0.852338488,Gt/yr,haas2020,observed
1997,NAS_gross,metals,0.895213272,Gt/yr,haas2020,observed
1998,NAS_gross,metals,0.8998600161,Gt/yr,haas2020,observed
1999,NAS_gross,metals,0.9143066455,Gt/yr,haas2020,observed
2000,NAS_gross,metals,0.9686924021,Gt/yr,haas2020,observed
2001,NAS_gross,metals,0.985929415,Gt/yr,haas2020,observed
2002,NAS_gross,metals,1.031534537,Gt/yr,haas2020,observed
2003,NAS_gross,metals,1.110959069,Gt/yr,haas2020,observed
2004,NAS_gross,metals,1.185276743,Gt/yr,haas2020,observed
2005,NAS_gross,metals,1.285817585,Gt/yr,haas2020,observed
2006,NAS_gross,metals,1.382292498,Gt/yr,haas2020,observed
2007,NAS_gross,metals,1.497570429,Gt/yr,haas2020,observed
2008,NAS_gross,metals,1.503849892,Gt/yr,haas2020,observed
2009,NAS_gross,metals,1.477426533,Gt/yr,haas2020,observed
2010,NAS_gross,metals,1.615117503,Gt/yr,haas2020,observed
2011,NAS_gross,metals,1.713843497,Gt/yr,haas2020,observed
2012,NAS_gross,metals,1.740655248,Gt/yr,haas2020,observed
2013,NAS_gross,metals,1.84417985,Gt/yr,haas2020,observed
2014,NAS_gross,metals,1.837287938,Gt/yr,haas2020,observed
2015,NAS_gross,metals,1.818231786,Gt/yr,haas2020,observed
1900,NAS_gross,non_metallic_minerals,0.9911097607,Gt/yr,haas2020,observed
1901,NAS_gross,non_metallic_minerals,1.019344455,Gt/yr,haas2020,observed
1902,NAS_gross,non_metallic_minerals,1.030230043,Gt/yr,haas2020,observed
1903,NAS_gross,non_metallic_minerals,1.058445558,Gt/yr,haas2020,observed
1904,NAS_gross,non_metallic_minerals,1.072478081,Gt/yr,haas2020,observed
1905,NAS_gross,non_metallic_minerals,1.116717115,Gt/yr,haas2020,observed
1906,NAS_gross,non_metallic_minerals,1.139641766,Gt/yr,haas2020,observed
1907,NAS_gross,non_metallic_minerals,1.164412477,Gt/yr,haas2020,observed
1908,NAS_gross,non_metallic_minerals,1.201169835,Gt/yr,haas2020,observed
1909,NAS_gross,non_metallic_minerals,1.238636818,Gt/yr,haas2020,observed
1910,NAS_gross,non_metallic_minerals,1.250361054,Gt/yr,haas2020,observed
1911,NAS_gross,non_metallic_minerals,1.261475541,Gt/yr,haas2020,observed
1912,NAS_gross,non_metallic_minerals,1.282489929,Gt/yr,haas2020,observed
1913,NAS_gross,non_metallic_minerals,1.304568953,Gt/yr,haas2020,observed
1914,NAS_gross,non_metallic_minerals,1.288463342,Gt/yr,haas2020,observed
1915,NAS_gross,non_metallic_minerals,1.266554426,Gt/yr,haas2020,observed
1916,NAS_gross,non_metallic_minerals,1.275557787,Gt/yr,haas2020,observed
1917,NAS_gross,non_metallic_minerals,1.242118032,Gt/yr,haas2020,observed
1918,NAS_gross,non_metallic_minerals,1.264855853,Gt/yr,haas2020,observed
1919,NAS_gross,non_metallic_minerals,1.182899048,Gt/yr,haas2020,observed
1920,NAS_gross,non_metallic_minerals,1.255832172,Gt/yr,haas2020,observed
1921,NAS_gross,non_metallic_minerals,1.262340608,Gt/yr,haas2020,observed
1922,NAS_gross,non_metallic_minerals,1.361207053,Gt/yr,haas2020,observed
1923,NAS_gross,non_metallic_minerals,1.386926161,Gt/yr,haas2020,observed
1924,NAS_gross,non_metallic_minerals,1.488076836,Gt/yr,haas2020,observed
1925,NAS_gross,non_metallic_minerals,1.553881104,Gt/yr,haas2020,observed
1926,NAS_gross,non_metallic_minerals,1.634676825,Gt/yr,haas2020,observed
1927,NAS_gross,non_metallic_minerals,1.721403415,Gt/yr,haas2020,observed
1928,NAS_gross,non_metallic_minerals,1.763125928,Gt/yr,haas2020,observed
1929,NAS_gross,non_metallic_minerals,1.811240003,Gt/yr,haas2020,observed
1930,NAS_gross,non_metallic_minerals,1.801729408,Gt/yr,haas2020,observed
1931,NAS_gross,non_metallic_minerals,1.783315709,Gt/yr,haas2020,observed
1932,NAS_gross,non_metallic_minerals,1.708527877,Gt/yr,haas2020,observed
1933,NAS_gross,non_metallic_minerals,1.717476916,Gt/yr,haas2020,observed
1934,NAS_gross,non_metallic_minerals,1.827447169,Gt/yr,haas2020,observed
1935,NAS_gross,non_metallic_minerals,1.882180815,Gt/yr,haas2020,observed
1936,NAS_gross,non_metallic_minerals,1.93494734,Gt/yr,haas2020,observed
1937,NAS_gross,non_metallic_minerals,2.130519756,Gt/yr,haas2020,observed
1938,NAS_gross,non_metallic_minerals,2.185847371,Gt/yr,haas2020,observed
1939,NAS_gross,non_metallic_minerals,2.25542253,Gt/yr,haas2020,observed
1940,NAS_gross,non_metallic_minerals,2.259602539,Gt/yr,haas2020,observed
1941,NAS_gross,non_metallic_minerals,2.341635074,Gt/yr,haas2020,observed
1942,NAS_gross,non_metallic_minerals,2.309112146,Gt/yr,haas2020,observed
1943,NAS_gross,non_metallic_minerals,2.303390984,Gt/yr,haas2020,observed
1944,NAS_gross,non_metallic_minerals,2.278089253,Gt/yr,haas2020,observed
1945,NAS_gross,non_metallic_minerals,2.276430885,Gt/yr,haas2020,observed
1946,NAS_gross,non_metallic_minerals,2.508917967,Gt/yr,haas2020,observed
1947,NAS_gross,non_metallic_minerals,2.739632691,Gt/yr,haas2020,observed
1948,NAS_gross,non_metallic_minerals,2.943169292,Gt/yr,haas2020,observed
1949,NAS_gross,non_metallic_minerals,3.15261743,Gt/yr,haas2020,observed
1950,NAS_gross,non_metallic_minerals,3.457404586,Gt/yr,haas2020,observed
1951,NAS_gross,non_metallic_minerals,3.714852379,Gt/yr,haas2020,observed
1952,NAS_gross,non_metallic_minerals,3.947321547,Gt/yr,haas2020,observed
1953,NAS_gross,non_metallic_minerals,4.134108281,Gt/yr,haas2020,observed
1954,NAS_gross,non_metallic_minerals,4.410977778,Gt/yr,haas2020,observed
1955,NAS_gross,non_metallic_minerals,4.648222531,Gt/yr,haas2020,observed
1956,NAS_gross,non_metallic_minerals,4.995281136,Gt/yr,haas2020,observed
1957,NAS_gross,non_metallic_minerals,5.219709865,Gt/yr,haas2020,observed
1958,NAS_gross,non_metallic_minerals,5.484670781,Gt/yr,haas2020,observed
1959,NAS_gross,non_metallic_minerals,5.843266097,Gt/yr,haas2020,observed
1960,NAS_gross,non_metallic_minerals,6.202433082,Gt/yr,haas2020,observed
1961,NAS_gross,non_metallic_minerals,6.562821501,Gt/yr,haas2020,observed
1962,NAS_gross,non_metallic_minerals,6.941855891,Gt/yr,haas2020,observed
1963,NAS_gross,non_metallic_minerals,7.343780615,Gt/yr,haas2020,observed
1964,NAS_gross,non_metallic_minerals,7.918792173,Gt/yr,haas2020,observed
1965,NAS_gross,non_metallic_minerals,8.301522626,Gt/yr,haas2020,observed
1966,NAS_gross,non_metallic_minerals,8.958140748,Gt/yr,haas2020,observed
1967,NAS_gross,non_metallic_minerals,9.109912064,Gt/yr,haas2020,observed
1968,NAS_gross,non_metallic_minerals,9.748259923,Gt/yr,haas2020,observed
1969,NAS_gross,non_metallic_minerals,10.12187358,Gt/yr,haas2020,observed
1970,NAS_gross,non_metallic_minerals,10.98824661,Gt/yr,haas2020,observed
1971,NAS_gross,non_metallic_minerals,11.19173206,Gt/yr,haas2020,observed
1972,NAS_gross,non_metallic_minerals,12.52033949,Gt/yr,haas2020,observed
1973,NAS_gross,non_metallic_minerals,12.92076087,Gt/yr,haas2020,observed
1974,NAS_gross,non_metallic_minerals,13.23996405,Gt/yr,haas2020,observed
1975,NAS_gross,non_metallic_minerals,12.97237966,Gt/yr,haas2020,observed
1976,NAS_gross,non_metallic_minerals,13.00939302,Gt/yr,haas2020,observed
1977,NAS_gross,non_metallic_minerals,13.38220695,Gt/yr,haas2020,observed
1978,NAS_gross,non_metallic_minerals,13.98387332,Gt/yr,haas2020,observed
1979,NAS_gross,non_metallic_minerals,14.41622171,Gt/yr,haas2020,observed
1980,NAS_gross,non_metallic_minerals,14.4792228,Gt/yr,haas2020,observed
1981,NAS_gross,non_metallic_minerals,14.01781073,Gt/yr,haas2020,observed
1982,NAS_gross,non_metallic_minerals,13.88252502,Gt/yr,haas2020,observed
1983,NAS_gross,non_metallic_minerals,14.06147954,Gt/yr,haas2020,observed
1984,NAS_gross,non_metallic_minerals,14.68613256,Gt/yr,haas2020,observed
1985,NAS_gross,non_metallic_minerals,14.93952477,Gt/yr,haas2020,observed
1986,NAS_gross,non_metallic_minerals,15.57378003,Gt/yr,haas2020,observed
1987,NAS_gross,non_metallic_minerals,16.29334322,Gt/yr,haas2020,observed
1988,NAS_gross,non_metallic_minerals,17.46598792,Gt/yr,haas2020,observed
1989,NAS_gross,non_metallic_minerals,17.1090789,Gt/yr,haas2020,observed
1990,NAS_gross,non_metallic_minerals,17.25013868,Gt/yr,haas2020,observed
1991,NAS_gross,non_metallic_minerals,18.71144346,Gt/yr,haas2020,observed
1992,NAS_gross,non_metallic_minerals,18.92041733,Gt/yr,haas2020,observed
1993,NAS_gross,non_metallic_minerals,20.60962737,Gt/yr,haas2020,observed
1994,NAS_gross,non_metallic_minerals,21.56840241,Gt/yr,haas2020,observed
1995,NAS_gross,non_metallic_minerals,23.71019361,Gt/yr,haas2020,observed
1996,NAS_gross,non_metallic_minerals,23.86163154,Gt/yr,haas2020,observed
1997,NAS_gross,non_metallic_minerals,24.46152274,Gt/yr,haas2020,observed
1998,NAS_gross,non_metallic_minerals,25.51727165,Gt/yr,haas2020,observed
1999,NAS_gross,non_metallic_minerals,26.0717478,Gt/yr,haas2020,observed
2000,NAS_gross,non_metallic_minerals,26.65187505,Gt/yr,haas2020,observed
2001,NAS_gross,non_metallic_minerals,26.76184653,Gt/yr,haas2020,observed
2002,NAS_gross,non_metallic_minerals,27.10468716,Gt/yr,haas2020,observed
2003,NAS_gross,non_metallic_minerals,28.8750281,Gt/yr,haas2020,observed
2004,NAS_gross,non_metallic_minerals,30.43774368,Gt/yr,haas2020,observed
2005,NAS_gross,non_metallic_minerals,31.81788747,Gt/yr,haas2020,observed
2006,NAS_gross,non_metallic_minerals,34.21026203,Gt/yr,haas2020,observed
2007,NAS_gross,non_metallic_minerals,35.70633043,Gt/yr,haas2020,observed
2008,NAS_gross,non_metallic_minerals,35.80784812,Gt/yr,haas2020,observed
2009,NAS_gross,non_metallic_minerals,37.21306546,Gt/yr,haas2020,observed
2010,NAS_gross,non_metallic_minerals,39.23901192,Gt/yr,haas2020,observed
2011,NAS_gross,non_metallic_minerals,42.11039179,Gt/yr,haas2020,observed
2012,NAS_gross,non_metallic_minerals,43.36211269,Gt/yr,haas2020,observed
2013,NAS_gross,non_metallic_minerals,45.20985682,Gt/yr,haas2020,observed
2014,NAS_gross,non_metallic_minerals,46.25916658,Gt/yr,haas2020,observed
2015,NAS_gross,non_metallic_minerals,45.86168556,Gt/yr,haas2020,observed
1900,N_tailings,total,0.1039266089,Gt/yr,krausmann2018,observed
1901,N_tailings,total,0.1080442917,Gt/yr,krausmann2018,observed
1902,N_tailings,total,0.1117113079,Gt/yr,krausmann2018,observed
1903,N_tailings,total,0.1154883283,Gt/yr,krausmann2018,observed
1904,N_tailings,total,0.1207785,Gt/yr,krausmann2018,observed
1905,N_tailings,total,0.1357188907,Gt/yr,krausmann2018,observed
1906,N_tailings,total,0.1341441374,Gt/yr,krausmann2018,observed
1907,N_tailings,total,0.1517650283,Gt/yr,krausmann2018,observed
1908,N_tailings,total,0.1495322721,Gt/yr,krausmann2018,observed
1909,N_tailings,total,0.1632247404,Gt/yr,krausmann2018,observed
1910,N_tailings,total,0.1775388681,Gt/yr,krausmann2018,observed
1911,N_tailings,total,0.1787896148,Gt/yr,krausmann2018,observed
1912,N_tailings,total,0.1989734002,Gt/yr,krausmann2018,observed
1913,N_tailings,total,0.2175497982,Gt/yr,krausmann2018,observed
1914,N_tailings,total,0.1804873558,Gt/yr,krausmann2018,observed
1915,N_tailings,total,0.1857515923,Gt/yr,krausmann2018,observed
1916,N_tailings,total,0.2167439842,Gt/yr,krausmann2018,observed
1917,N_tailings,total,0.2214583313,Gt/yr,krausmann2018,observed
1918,N_tailings,total,0.2110213523,Gt/yr,krausmann2018,observed
1919,N_tailings,total,0.173356681,Gt/yr,krausmann2018,observed
1920,N_tailings,total,0.1833266841,Gt/yr,krausmann2018,observed
1921,N_tailings,total,0.1287623044,Gt/yr,krausmann2018,observed
1922,N_tailings,total,0.1715725252,Gt/yr,krausmann2018,observed
1923,N_tailings,total,0.2133156361,Gt/yr,krausmann2018,observed
1924,N_tailings,total,0.2230564943,Gt/yr,krausmann2018,observed
1925,N_tailings,total,0.2500240889,Gt/yr,krausmann2018,observed
1926,N_tailings,total,0.2535693529,Gt/yr,krausmann2018,observed
1927,N_tailings,total,0.2703407339,Gt/yr,krausmann2018,observed
1928,N_tailings,total,0.2937001268,Gt/yr,krausmann2018,observed
1929,N_tailings,total,0.3263321752,Gt/yr,krausmann2018,observed
1930,N_tailings,total,0.2913281981,Gt/yr,krausmann2018,observed
1931,N_tailings,total,0.2287627389,Gt/yr,krausmann2018,observed
1932,N_tailings,total,0.1559557793,Gt/yr,krausmann2018,observed
1933,N_tailings,total,0.1765274742,Gt/yr,krausmann2018,observed
1934,N_tailings,total,0.2250912442,Gt/yr,krausmann2018,observed
1935,N_tailings,total,0.2591352022,Gt/yr,krausmann2018,observed
1936,N_tailings,total,0.3123961153,Gt/yr,krausmann2018,observed
1937,N_tailings,total,0.3884609238,Gt/yr,krausmann2018,observed
1938,N_tailings,total,0.3327886154,Gt/yr,krausmann2018,observed
1939,N_tailings,total,0.3652691421,Gt/yr,krausmann2018,observed
1940,N_tailings,total,0.4080335599,Gt/yr,krausmann2018,observed
1941,N_tailings,total,0.4268488016,Gt/yr,krausmann2018,observed
1942,N_tailings,total,0.3964745864,Gt/yr,krausmann2018,observed
1943,N_tailings,total,0.4101006735,Gt/yr,krausmann2018,observed
1944,N_tailings,total,0.3566256459,Gt/yr,krausmann2018,observed
1945,N_tailings,total,0.3022160695,Gt/yr,krausmann2018,observed
1946,N_tailings,total,0.2780045932,Gt/yr,krausmann2018,observed
1947,N_tailings,total,0.3360611506,Gt/yr,krausmann2018,observed
1948,N_tailings,total,0.3790098586,Gt/yr,krausmann2018,observed
1949,N_tailings,total,0.3788060622,Gt/yr,krausmann2018,observed
1950,N_tailings,total,0.4202779107,Gt/yr,krausmann2018,observed
1951,N_tailings,total,0.4587910099,Gt/yr,krausmann2018,observed
1952,N_tailings,total,0.4798227375,Gt/yr,krausmann2018,observed
1953,N_tailings,total,0.5203812471,Gt/yr,krausmann2018,observed
1954,N_tailings,total,0.5635755812,Gt/yr,krausmann2018,observed
1955,N_tailings,total,0.5737466225,Gt/yr,krausmann2018,observed
1956,N_tailings,total,0.6144182509,Gt/yr,krausmann2018,observed
1957,N_tailings,total,0.6451878835,Gt/yr,krausmann2018,observed
1958,N_tailings,total,0.5914745716,Gt/yr,krausmann2018,observed
1959,N_tailings,total,0.6411642365,Gt/yr,krausmann2018,observed
1960,N_tailings,total,0.7320000176,Gt/yr,krausmann2018,observed
1961,N_tailings,total,0.7420591578,Gt/yr,krausmann2018,observed
1962,N_tailings,total,0.7650871225,Gt/yr,krausmann2018,observed
1963,N_tailings,total,0.7786187641,Gt/yr,krausmann2018,observed
1964,N_tailings,total,0.8365058684,Gt/yr,krausmann2018,observed
1965,N_tailings,total,0.8973938997,Gt/yr,krausmann2018,observed
1966,N_tailings,total,0.9297773801,Gt/yr,krausmann2018,observed
1967,N_tailings,total,0.9513696738,Gt/yr,krausmann2018,observed
1968,N_tailings,total,1.026044135,Gt/yr,krausmann2018,observed
1969,N_tailings,total,1.089291507,Gt/yr,krausmann2018,observed
1970,N_tailings,total,1.198341732,Gt/yr,krausmann2018,observed
1971,N_tailings,total,1.207559507,Gt/yr,krausmann2018,observed
1972,N_tailings,total,1.250825791,Gt/yr,krausmann2018,observed
1973,N_tailings,total,1.335852665,Gt/yr,krausmann2018,observed
1974,N_tailings,total,1.408764017,Gt/yr,krausmann2018,observed
1975,N_tailings,total,1.41540873,Gt/yr,krausmann2018,observed
1976,N_tailings,total,1.439682041,Gt/yr,krausmann2018,observed
1977,N_tailings,total,1.456044817,Gt/yr,krausmann2018,observed
1978,N_tailings,total,1.486258001,Gt/yr,krausmann2018,observed
1979,N_tailings,total,1.549942011,Gt/yr,krausmann2018,observed
1980,N_tailings,total,1.586294521,Gt/yr,krausmann2018,observed
1981,N_tailings,total,1.593106057,Gt/yr,krausmann2018,observed
1982,N_tailings,total,1.511896096,Gt/yr,krausmann2018,observed
1983,N_tailings,total,1.464458911,Gt/yr,krausmann2018,observed
1984,N_tailings,total,1.585718622,Gt/yr,krausmann2018,observed
1985,N_tailings,total,1.634633385,Gt/yr,krausmann2018,observed
1986,N_tailings,total,1.643974074,Gt/yr,krausmann2018,observed
1987,N_tailings,total,1.729668928,Gt/yr,krausmann2018,observed
1988,N_tailings,total,1.894260567,Gt/yr,krausmann2018,observed
1989,N_tailings,total,1.991799206,Gt/yr,krausmann2018,observed
1990,N_tailings,total,2.004308044,Gt/yr,krausmann2018,observed
1991,N_tailings,total,1.948667791,Gt/yr,krausmann2018,observed
1992,N_tailings,total,1.925342246,Gt/yr,krausmann2018,observed
1993,N_tailings,total,1.897978897,Gt/yr,krausmann2018,observed
1994,N_tailings,total,1.931777556,Gt/yr,krausmann2018,observed
1995,N_tailings,total,2.059894261,Gt/yr,krausmann2018,observed
1996,N_tailings,total,2.161133983,Gt/yr,krausmann2018,observed
1997,N_tailings,total,2.280381785,Gt/yr,krausmann2018,observed
1998,N_tailings,total,2.370422191,Gt/yr,krausmann2018,observed
1999,N_tailings,total,2.432481591,Gt/yr,krausmann2018,observed
2000,N_tailings,total,2.551547567,Gt/yr,krausmann2018,observed
2001,N_tailings,total,2.585355705,Gt/yr,krausmann2018,observed
2002,N_tailings,total,2.610226099,Gt/yr,krausmann2018,observed
2003,N_tailings,total,2.714652433,Gt/yr,krausmann2018,observed
2004,N_tailings,total,2.965000391,Gt/yr,krausmann2018,observed
2005,N_tailings,total,3.161055288,Gt/yr,krausmann2018,observed
2006,N_tailings,total,3.316957635,Gt/yr,krausmann2018,observed
2007,N_tailings,total,3.555029263,Gt/yr,krausmann2018,observed
2008,N_tailings,total,3.687579492,Gt/yr,krausmann2018,observed
2009,N_tailings,total,3.662934896,Gt/yr,krausmann2018,observed
2010,N_tailings,total,3.912431854,Gt/yr,krausmann2018,observed
2011,N_tailings,total,4.24339839,Gt/yr,krausmann2018,observed
2012,N_tailings,total,4.312092631,Gt/yr,krausmann2018,observed
2013,N_tailings,total,4.616062649,Gt/yr,krausmann2018,observed
2014,N_tailings,total,4.683960619,Gt/yr,krausmann2018,observed
2015,N_tailings,total,4.766402684,Gt/yr,krausmann2018,observed
1900,R,biomass,5.280084544,Gt/yr,haas2020,observed
1901,R,biomass,5.340659106,Gt/yr,haas2020,observed
1902,R,biomass,5.401211308,Gt/yr,haas2020,observed
1903,R,biomass,5.461741715,Gt/yr,haas2020,observed
1904,R,biomass,5.522300984,Gt/yr,haas2020,observed
1905,R,biomass,5.582877868,Gt/yr,haas2020,observed
1906,R,biomass,5.64342062,Gt/yr,haas2020,observed
1907,R,biomass,5.703994284,Gt/yr,haas2020,observed
1908,R,biomass,5.764577096,Gt/yr,haas2020,observed
1909,R,biomass,5.82516463,Gt/yr,haas2020,observed
1910,R,biomass,5.885700713,Gt/yr,haas2020,observed
1911,R,biomass,5.956878619,Gt/yr,haas2020,observed
1912,R,biomass,6.028020175,Gt/yr,haas2020,observed
1913,R,biomass,6.099222693,Gt/yr,haas2020,observed
1914,R,biomass,6.170402594,Gt/yr,haas2020,observed
1915,R,biomass,6.24157141,Gt/yr,haas2020,observed
1916,R,biomass,6.312828015,Gt/yr,haas2020,observed
1917,R,biomass,6.383954918,Gt/yr,haas2020,observed
1918,R,biomass,6.455107034,Gt/yr,haas2020,observed
1919,R,biomass,6.526354682,Gt/yr,haas2020,observed
1920,R,biomass,6.597493174,Gt/yr,haas2020,observed
1921,R,biomass,6.668711136,Gt/yr,haas2020,observed
1922,R,biomass,6.739836968,Gt/yr,haas2020,observed
1923,R,biomass,6.81108552,Gt/yr,haas2020,observed
1924,R,biomass,6.882276215,Gt/yr,haas2020,observed
1925,R,biomass,6.953453101,Gt/yr,haas2020,observed
1926,R,biomass,7.024620042,Gt/yr,haas2020,observed
1927,R,biomass,7.095809582,Gt/yr,haas2020,observed
1928,R,biomass,7.166989998,Gt/yr,haas2020,observed
1929,R,biomass,7.238181744,Gt/yr,haas2020,observed
1930,R,biomass,7.309364595,Gt/yr,haas2020,observed
1931,R,biomass,7.354196634,Gt/yr,haas2020,observed
1932,R,biomass,7.398992401,Gt/yr,haas2020,observed
1933,R,biomass,7.443894939,Gt/yr,haas2020,observed
1934,R,biomass,7.488754146,Gt/yr,haas2020,observed
1935,R,biomass,7.533533636,Gt/yr,haas2020,observed
1936,R,biomass,7.578423208,Gt/yr,haas2020,observed
1937,R,biomass,7.62322929,Gt/yr,haas2020,observed
1938,R,biomass,7.668003297,Gt/yr,haas2020,observed
1939,R,biomass,7.712921935,Gt/yr,haas2020,observed
1940,R,biomass,7.757848477,Gt/yr,haas2020,observed
1941,R,biomass,7.802644534,Gt/yr,haas2020,observed
1942,R,biomass,7.847470854,Gt/yr,haas2020,observed
1943,R,biomass,7.892357246,Gt/yr,haas2020,observed
1944,R,biomass,7.937186636,Gt/yr,haas2020,observed
1945,R,biomass,7.982065599,Gt/yr,haas2020,observed
1946,R,biomass,8.02683072,Gt/yr,haas2020,observed
1947,R,biomass,8.071656975,Gt/yr,haas2020,observed
1948,R,biomass,8.116565988,Gt/yr,haas2020,observed
1949,R,biomass,8.16137425,Gt/yr,haas2020,observed
1950,R,biomass,8.206297091,Gt/yr,haas2020,observed
1951,R,biomass,8.322809866,Gt/yr,haas2020,observed
1952,R,biomass,8.43949417,Gt/yr,haas2020,observed
1953,R,biomass,8.55611943,Gt/yr,haas2020,observed
1954,R,biomass,8.672801211,Gt/yr,haas2020,observed
1955,R,biomass,8.789396262,Gt/yr,haas2020,observed
1956,R,biomass,8.906100648,Gt/yr,haas2020,observed
1957,R,biomass,9.022698236,Gt/yr,haas2020,observed
1958,R,biomass,9.13933926,Gt/yr,haas2020,observed
1959,R,biomass,9.255931529,Gt/yr,haas2020,observed
1960,R,biomass,9.372614876,Gt/yr,haas2020,observed
1961,R,biomass,9.489260415,Gt/yr,haas2020,observed
1962,R,biomass,9.632133127,Gt/yr,haas2020,observed
1963,R,biomass,9.753122448,Gt/yr,haas2020,observed
1964,R,biomass,10.13722033,Gt/yr,haas2020,observed
1965,R,biomass,10.31956487,Gt/yr,haas2020,observed
1966,R,biomass,10.70558899,Gt/yr,haas2020,observed
1967,R,biomass,11.00151024,Gt/yr,haas2020,observed
1968,R,biomass,11.2045531,Gt/yr,haas2020,observed
1969,R,biomass,11.31120868,Gt/yr,haas2020,observed
1970,R,biomass,11.60425701,Gt/yr,haas2020,observed
1971,R,biomass,11.9516141,Gt/yr,haas2020,observed
1972,R,biomass,11.94708724,Gt/yr,haas2020,observed
1973,R,biomass,12.42831543,Gt/yr,haas2020,observed
1974,R,biomass,12.55956165,Gt/yr,haas2020,observed
1975,R,biomass,12.63373851,Gt/yr,haas2020,observed
1976,R,biomass,13.01052257,Gt/yr,haas2020,observed
1977,R,biomass,13.12850924,Gt/yr,haas2020,observed
1978,R,biomass,13.50171749,Gt/yr,haas2020,observed
1979,R,biomass,13.56423115,Gt/yr,haas2020,observed
1980,R,biomass,13.56835767,Gt/yr,haas2020,observed
1981,R,biomass,13.94479743,Gt/yr,haas2020,observed
1982,R,biomass,14.24102085,Gt/yr,haas2020,observed
1983,R,biomass,14.20274636,Gt/yr,haas2020,observed
1984,R,biomass,14.75074845,Gt/yr,haas2020,observed
1985,R,biomass,14.96048452,Gt/yr,haas2020,observed
1986,R,biomass,15.13072018,Gt/yr,haas2020,observed
1987,R,biomass,15.22509258,Gt/yr,haas2020,observed
1988,R,biomass,15.28931022,Gt/yr,haas2020,observed
1989,R,biomass,15.82358192,Gt/yr,haas2020,observed
1990,R,biomass,16.13019056,Gt/yr,haas2020,observed
1991,R,biomass,16.02908525,Gt/yr,haas2020,observed
1992,R,biomass,16.24032724,Gt/yr,haas2020,observed
1993,R,biomass,15.97322229,Gt/yr,haas2020,observed
1994,R,biomass,16.21397491,Gt/yr,haas2020,observed
1995,R,biomass,16.33185105,Gt/yr,haas2020,observed
1996,R,biomass,16.80052992,Gt/yr,haas2020,observed
1997,R,biomass,16.87405787,Gt/yr,haas2020,observed
1998,R,biomass,16.92014626,Gt/yr,haas2020,observed
1999,R,biomass,17.17195221,Gt/yr,haas2020,observed
2000,R,biomass,17.28284353,Gt/yr,haas2020,observed
2001,R,biomass,17.36406653,Gt/yr,haas2020,observed
2002,R,biomass,17.57050628,Gt/yr,haas2020,observed
2003,R,biomass,17.88894679,Gt/yr,haas2020,observed
2004,R,biomass,18.54459406,Gt/yr,haas2020,observed
2005,R,biomass,18.86192667,Gt/yr,haas2020,observed
2006,R,biomass,19.21547857,Gt/yr,haas2020,observed
2007,R,biomass,19.93345974,Gt/yr,haas2020,observed
2008,R,biomass,20.58273084,Gt/yr,haas2020,observed
2009,R,biomass,20.61623495,Gt/yr,haas2020,observed
2010,R,biomass,21.02441596,Gt/yr,haas2020,observed
2011,R,biomass,21.54951468,Gt/yr,haas2020,observed
2012,R,biomass,21.74821769,Gt/yr,haas2020,observed
2013,R,biomass,22.45891775,Gt/yr,haas2020,observed
2014,R,biomass,22.72967384,Gt/yr,haas2020,observed
2015,R,biomass,22.88986994,Gt/yr,haas2020,observed
1900,R,fossil,0.9674449631,Gt/yr,haas2020,observed
1901,R,fossil,0.9945563339,Gt/yr,haas2020,observed
1902,R,fossil,1.016628579,Gt/yr,haas2020,observed
1903,R,fossil,1.114395693,Gt/yr,haas2020,observed
1904,R,fossil,1.125502716,Gt/yr,haas2020,observed
1905,R,fossil,1.188792326,Gt/yr,haas2020,observed
1906,R,fossil,1.280764473,Gt/yr,haas2020,observed
1907,R,fossil,1.417625727,Gt/yr,haas2020,observed
1908,R,fossil,1.349321262,Gt/yr,haas2020,observed
1909,R,fossil,1.40820668,Gt/yr,haas2020,observed
1910,R,fossil,1.473345563,Gt/yr,haas2020,observed
1911,R,fossil,1.503989375,Gt/yr,haas2020,observed
1912,R,fossil,1.584716221,Gt/yr,haas2020,observed
1913,R,fossil,1.699370061,Gt/yr,haas2020,observed
1914,R,fossil,1.529214891,Gt/yr,haas2020,observed
1915,R,fossil,1.514020971,Gt/yr,haas2020,observed
1916,R,fossil,1.629912112,Gt/yr,haas2020,observed
1917,R,fossil,1.720420503,Gt/yr,haas2020,observed
1918,R,fossil,1.694956301,Gt/yr,haas2020,observed
1919,R,fossil,1.496440284,Gt/yr,haas2020,observed
1920,R,fossil,1.723399927,Gt/yr,haas2020,observed
1921,R,fossil,1.476020173,Gt/yr,haas2020,observed
1922,R,fossil,1.57814278,Gt/yr,haas2020,observed
1923,R,fossil,1.79387524,Gt/yr,haas2020,observed
1924,R,fossil,1.775711243,Gt/yr,haas2020,observed
1925,R,fossil,1.785741231,Gt/yr,haas2020,observed
1926,R,fossil,1.782714467,Gt/yr,haas2020,observed
1927,R,fossil,1.902372897,Gt/yr,haas2020,observed
1928,R,fossil,2.065291264,Gt/yr,haas2020,observed
1929,R,fossil,2.060073193,Gt/yr,haas2020,observed
1930,R,fossil,1.896365959,Gt/yr,haas2020,observed
1931,R,fossil,1.691397595,Gt/yr,haas2020,observed
1932,R,fossil,1.520362939,Gt/yr,haas2020,observed
1933,R,fossil,1.599461733,Gt/yr,haas2020,observed
1934,R,fossil,1.746018057,Gt/yr,haas2020,observed
1935,R,fossil,1.838210724,Gt/yr,haas2020,observed
1936,R,fossil,2.015176554,Gt/yr,haas2020,observed
1937,R,fossil,2.14894637,Gt/yr,haas2020,observed
1938,R,fossil,1.961674599,Gt/yr,haas2020,observed
1939,R,fossil,2.158324311,Gt/yr,haas2020,observed
1940,R,fossil,2.370280257,Gt/yr,haas2020,observed
1941,R,fossil,2.447681176,Gt/yr,haas2020,observed
1942,R,fossil,2.469791584,Gt/yr,haas2020,observed
1943,R,fossil,2.543647746,Gt/yr,haas2020,observed
1944,R,fossil,2.529573132,Gt/yr,haas2020,observed
1945,R,fossil,2.065616949,Gt/yr,haas2020,observed
1946,R,fossil,2.206678535,Gt/yr,haas2020,observed
1947,R,fossil,2.477714917,Gt/yr,haas2020,observed
1948,R,fossil,2.603893228,Gt/yr,haas2020,observed
1949,R,fossil,2.517806111,Gt/yr,haas2020,observed
1950,R,fossil,2.751761411,Gt/yr,haas2020,observed
1951,R,fossil,2.935821511,Gt/yr,haas2020,observed
1952,R,fossil,2.984792357,Gt/yr,haas2020,observed
1953,R,fossil,3.030953097,Gt/yr,haas2020,observed
1954,R,fossil,3.081555162,Gt/yr,haas2020,observed
1955,R,fossil,3.358170969,Gt/yr,haas2020,observed
1956,R,fossil,3.562493412,Gt/yr,haas2020,observed
1957,R,fossil,3.71122275,Gt/yr,haas2020,observed
1958,R,fossil,3.899910043,Gt/yr,haas2020,observed
1959,R,fossil,4.117225628,Gt/yr,haas2020,observed
1960,R,fossil,4.422777226,Gt/yr,haas2020,observed
1961,R,fossil,4.47803806,Gt/yr,haas2020,observed
1962,R,fossil,4.746241353,Gt/yr,haas2020,observed
1963,R,fossil,5.113097356,Gt/yr,haas2020,observed
1964,R,fossil,5.385983445,Gt/yr,haas2020,observed
1965,R,fossil,5.28333271,Gt/yr,haas2020,observed
1966,R,fossil,5.517977697,Gt/yr,haas2020,observed
1967,R,fossil,5.554445515,Gt/yr,haas2020,observed
1968,R,fossil,5.881066318,Gt/yr,haas2020,observed
1969,R,fossil,6.063904955,Gt/yr,haas2020,observed
1970,R,fossil,6.309365378,Gt/yr,haas2020,observed
1971,R,fossil,6.512796606,Gt/yr,haas2020,observed
1972,R,fossil,6.746885974,Gt/yr,haas2020,observed
1973,R,fossil,7.060648699,Gt/yr,haas2020,observed
1974,R,fossil,7.109103326,Gt/yr,haas2020,observed
1975,R,fossil,7.172053037,Gt/yr,haas2020,observed
1976,R,fossil,7.506698526,Gt/yr,haas2020,observed
1977,R,fossil,7.772810905,Gt/yr,haas2020,observed
1978,R,fossil,7.915245717,Gt/yr,haas2020,observed
1979,R,fossil,8.270168172,Gt/yr,haas2020,observed
1980,R,fossil,8.227486226,Gt/yr,haas2020,observed
1981,R,fossil,8.110905402,Gt/yr,haas2020,observed
1982,R,fossil,8.300589391,Gt/yr,haas2020,observed
1983,R,fossil,8.32817376,Gt/yr,haas2020,observed
1984,R,fossil,8.702833616,Gt/yr,haas2020,observed
1985,R,fossil,8.707791039,Gt/yr,haas2020,observed
1986,R,fossil,8.954339139,Gt/yr,haas2020,observed
1987,R,fossil,9.142654898,Gt/yr,haas2020,observed
1988,R,fossil,9.391381262,Gt/yr,haas2020,observed
1989,R,fossil,9.562515377,Gt/yr,haas2020,observed
1990,R,fossil,9.502472797,Gt/yr,haas2020,observed
1991,R,fossil,9.356692227,Gt/yr,haas2020,observed
1992,R,fossil,9.202570128,Gt/yr,haas2020,observed
1993,R,fossil,9.150008211,Gt/yr,haas2020,observed
1994,R,fossil,9.277453235,Gt/yr,haas2020,observed
1995,R,fossil,9.508590032,Gt/yr,haas2020,observed
1996,R,fossil,9.726841426,Gt/yr,haas2020,observed
1997,R,fossil,9.801142848,Gt/yr,haas2020,observed
1998,R,fossil,9.866925141,Gt/yr,haas2020,observed
1999,R,fossil,9.792910983,Gt/yr,haas2020,observed
2000,R,fossil,10.1144155,Gt/yr,haas2020,observed
2001,R,fossil,10.37658068,Gt/yr,haas2020,observed
2002,R,fossil,10.44432776,Gt/yr,haas2020,observed
2003,R,fossil,11.00428049,Gt/yr,haas2020,observed
2004,R,fossil,11.59446436,Gt/yr,haas2020,observed
2005,R,fossil,12.0522649,Gt/yr,haas2020,observed
2006,R,fossil,12.4575286,Gt/yr,haas2020,observed
2007,R,fossil,12.70921854,Gt/yr,haas2020,observed
2008,R,fossil,13.01027391,Gt/yr,haas2020,observed
2009,R,fossil,12.9356236,Gt/yr,haas2020,observed
2010,R,fossil,13.52468691,Gt/yr,haas2020,observed
2011,R,fossil,14.23127835,Gt/yr,haas2020,observed
2012,R,fossil,14.46086738,Gt/yr,haas2020,observed
2013,R,fossil,14.62465391,Gt/yr,haas2020,observed
2014,R,fossil,14.65853894,Gt/yr,haas2020,observed
2015,R,fossil,14.63308814,Gt/yr,haas2020,observed
1900,R,metals,0.159191578,Gt/yr,haas2020,observed
1901,R,metals,0.1641186326,Gt/yr,haas2020,observed
1902,R,metals,0.1686729863,Gt/yr,haas2020,observed
1903,R,metals,0.1731059951,Gt/yr,haas2020,observed
1904,R,metals,0.1790690997,Gt/yr,haas2020,observed
1905,R,metals,0.2053608327,Gt/yr,haas2020,observed
1906,R,metals,0.1960098982,Gt/yr,haas2020,observed
1907,R,metals,0.2322923466,Gt/yr,haas2020,observed
1908,R,metals,0.2160412579,Gt/yr,haas2020,observed
1909,R,metals,0.2394798593,Gt/yr,haas2020,observed
1910,R,metals,0.2625354639,Gt/yr,haas2020,observed
1911,R,metals,0.258966549,Gt/yr,haas2020,observed
1912,R,metals,0.2889354088,Gt/yr,haas2020,observed
1913,R,metals,0.3220688805,Gt/yr,haas2020,observed
1914,R,metals,0.2546336815,Gt/yr,haas2020,observed
1915,R,metals,0.2599331649,Gt/yr,haas2020,observed
1916,R,metals,0.304241304,Gt/yr,haas2020,observed
1917,R,metals,0.311299767,Gt/yr,haas2020,observed
1918,R,metals,0.2932570603,Gt/yr,haas2020,observed
1919,R,metals,0.245351981,Gt/yr,haas2020,observed
1920,R,metals,0.2616137087,Gt/yr,haas2020,observed
1921,R,metals,0.1779711806,Gt/yr,haas2020,observed
1922,R,metals,0.2372639751,Gt/yr,haas2020,observed
1923,R,metals,0.2972602114,Gt/yr,haas2020,observed
1924,R,metals,0.3050544846,Gt/yr,haas2020,observed
1925,R,metals,0.3427240615,Gt/yr,haas2020,observed
1926,R,metals,0.3489536833,Gt/yr,haas2020,observed
1927,R,metals,0.3741367627,Gt/yr,haas2020,observed
1928,R,metals,0.4000182534,Gt/yr,haas2020,observed
1929,R,metals,0.4479585541,Gt/yr,haas2020,observed
1930,R,metals,0.400866184,Gt/yr,haas2020,observed
1931,R,metals,0.3104109377,Gt/yr,haas2020,observed
1932,R,metals,0.215576525,Gt/yr,haas2020,observed
1933,R,metals,0.243714277,Gt/yr,haas2020,observed
1934,R,metals,0.3092970985,Gt/yr,haas2020,observed
1935,R,metals,0.3541876952,Gt/yr,haas2020,observed
1936,R,metals,0.4271889353,Gt/yr,haas2020,observed
1937,R,metals,0.5265901931,Gt/yr,haas2020,observed
1938,R,metals,0.444531435,Gt/yr,haas2020,observed
1939,R,metals,0.5012971925,Gt/yr,haas2020,observed
1940,R,metals,0.5490427419,Gt/yr,haas2020,observed
1941,R,metals,0.5776678595,Gt/yr,haas2020,observed
1942,R,metals,0.5594178065,Gt/yr,haas2020,observed
1943,R,metals,0.574119416,Gt/yr,haas2020,observed
1944,R,metals,0.5040379202,Gt/yr,haas2020,observed
1945,R,metals,0.4292423446,Gt/yr,haas2020,observed
1946,R,metals,0.3978356334,Gt/yr,haas2020,observed
1947,R,metals,0.4739493941,Gt/yr,haas2020,observed
1948,R,metals,0.5355105268,Gt/yr,haas2020,observed
1949,R,metals,0.5395342671,Gt/yr,haas2020,observed
1950,R,metals,0.5927134149,Gt/yr,haas2020,observed
1951,R,metals,0.6507246958,Gt/yr,haas2020,observed
1952,R,metals,0.6742656388,Gt/yr,haas2020,observed
1953,R,metals,0.7373365359,Gt/yr,haas2020,observed
1954,R,metals,0.8126608363,Gt/yr,haas2020,observed
1955,R,metals,0.8046711719,Gt/yr,haas2020,observed
1956,R,metals,0.8590017483,Gt/yr,haas2020,observed
1957,R,metals,0.9124785639,Gt/yr,haas2020,observed
1958,R,metals,0.842973747,Gt/yr,haas2020,observed
1959,R,metals,0.9094898185,Gt/yr,haas2020,observed
1960,R,metals,1.047149153,Gt/yr,haas2020,observed
1961,R,metals,1.045116366,Gt/yr,haas2020,observed
1962,R,metals,1.061228098,Gt/yr,haas2020,observed
1963,R,metals,1.087343964,Gt/yr,haas2020,observed
1964,R,metals,1.171910639,Gt/yr,haas2020,observed
1965,R,metals,1.248490635,Gt/yr,haas2020,observed
1966,R,metals,1.280271916,Gt/yr,haas2020,observed
1967,R,metals,1.292859655,Gt/yr,haas2020,observed
1968,R,metals,1.394969455,Gt/yr,haas2020,observed
1969,R,metals,1.478459187,Gt/yr,haas2020,observed
1970,R,metals,1.61615784,Gt/yr,haas2020,observed
1971,R,metals,1.636663798,Gt/yr,haas2020,observed
1972,R,metals,1.673300842,Gt/yr,haas2020,observed
1973,R,metals,1.797546249,Gt/yr,haas2020,observed
1974,R,metals,1.889107403,Gt/yr,haas2020,observed
1975,R,metals,1.897977178,Gt/yr,haas2020,observed
1976,R,metals,1.926587523,Gt/yr,haas2020,observed
1977,R,metals,1.90689032,Gt/yr,haas2020,observed
1978,R,metals,1.937750308,Gt/yr,haas2020,observed
1979,R,metals,2.034548543,Gt/yr,haas2020,observed
1980,R,metals,2.055445314,Gt/yr,haas2020,observed
1981,R,metals,2.049346631,Gt/yr,haas2020,observed
1982,R,metals,1.947699687,Gt/yr,haas2020,observed
1983,R,metals,1.864907197,Gt/yr,haas2020,observed
1984,R,metals,2.03159932,Gt/yr,haas2020,observed
1985,R,metals,2.105843193,Gt/yr,haas2020,observed
1986,R,metals,2.132767539,Gt/yr,haas2020,observed
1987,R,metals,2.238310794,Gt/yr,haas2020,observed
1988,R,metals,2.4324532,Gt/yr,haas2020,observed
1989,R,metals,2.573024219,Gt/yr,haas2020,observed
1990,R,metals,2.584733137,Gt/yr,haas2020,observed
1991,R,metals,2.533256195,Gt/yr,haas2020,observed
1992,R,metals,2.514705215,Gt/yr,haas2020,observed
1993,R,metals,2.532521057,Gt/yr,haas2020,observed
1994,R,metals,2.582297748,Gt/yr,haas2020,observed
1995,R,metals,2.739910012,Gt/yr,haas2020,observed
1996,R,metals,2.846840718,Gt/yr,haas2020,observed
1997,R,metals,2.993832709,Gt/yr,haas2020,observed
1998,R,metals,3.084034243,Gt/yr,haas2020,observed
1999,R,metals,3.142229323,Gt/yr,haas2020,observed
2000,R,metals,3.313936424,Gt/yr,haas2020,observed
2001,R,metals,3.347577469,Gt/yr,haas2020,observed
2002,R,metals,3.408100412,Gt/yr,haas2020,observed
2003,R,metals,3.554319577,Gt/yr,haas2020,observed
2004,R,metals,3.92880247,Gt/yr,haas2020,observed
2005,R,metals,4.230734574,Gt/yr,haas2020,observed
2006,R,metals,4.557785034,Gt/yr,haas2020,observed
2007,R,metals,4.914737381,Gt/yr,haas2020,observed
2008,R,metals,5.164504146,Gt/yr,haas2020,observed
2009,R,metals,5.202194283,Gt/yr,haas2020,observed
2010,R,metals,5.611283296,Gt/yr,haas2020,observed
2011,R,metals,6.151951157,Gt/yr,haas2020,observed
2012,R,metals,6.211588107,Gt/yr,haas2020,observed
2013,R,metals,6.630052826,Gt/yr,haas2020,observed
2014,R,metals,6.808664173,Gt/yr,haas2020,observed
2015,R,metals,6.860814928,Gt/yr,haas2020,observed
1900,R,non_metallic_minerals,1.155437909,Gt/yr,haas2020,observed
1901,R,non_metallic_minerals,1.187001795,Gt/yr,haas2020,observed
1902,R,non_metallic_minerals,1.203642918,Gt/yr,haas2020,observed
1903,R,non_metallic_minerals,1.234740593,Gt/yr,haas2020,observed
1904,R,non_metallic_minerals,1.249752398,Gt/yr,haas2020,observed
1905,R,non_metallic_minerals,1.296572747,Gt/yr,haas2020,observed
1906,R,non_metallic_minerals,1.322892815,Gt/yr,haas2020,observed
1907,R,non_metallic_minerals,1.350633549,Gt/yr,haas2020,observed
1908,R,non_metallic_minerals,1.393351463,Gt/yr,haas2020,observed
1909,R,non_metallic_minerals,1.434400186,Gt/yr,haas2020,observed
1910,R,non_metallic_minerals,1.449291184,Gt/yr,haas2020,observed
1911,R,non_metallic_minerals,1.464316391,Gt/yr,haas2020,observed
1912,R,non_metallic_minerals,1.490898116,Gt/yr,haas2020,observed
1913,R,non_metallic_minerals,1.518416592,Gt/yr,haas2020,observed
1914,R,non_metallic_minerals,1.497743882,Gt/yr,haas2020,observed
1915,R,non_metallic_minerals,1.471393659,Gt/yr,haas2020,observed
1916,R,non_metallic_minerals,1.483822735,Gt/yr,haas2020,observed
1917,R,non_metallic_minerals,1.448907595,Gt/yr,haas2020,observed
1918,R,non_metallic_minerals,1.471814847,Gt/yr,haas2020,observed
1919,R,non_metallic_minerals,1.390330838,Gt/yr,haas2020,observed
1920,R,non_metallic_minerals,1.472075539,Gt/yr,haas2020,observed
1921,R,non_metallic_minerals,1.479852792,Gt/yr,haas2020,observed
1922,R,non_metallic_minerals,1.591950855,Gt/yr,haas2020,observed
1923,R,non_metallic_minerals,1.62168445,Gt/yr,haas2020,observed
1924,R,non_metallic_minerals,1.741147023,Gt/yr,haas2020,observed
1925,R,non_metallic_minerals,1.821423008,Gt/yr,haas2020,observed
1926,R,non_metallic_minerals,1.911536221,Gt/yr,haas2020,observed
1927,R,non_metallic_minerals,2.004160198,Gt/yr,haas2020,observed
1928,R,non_metallic_minerals,2.051451853,Gt/yr,haas2020,observed
1929,R,non_metallic_minerals,2.105348341,Gt/yr,haas2020,observed
1930,R,non_metallic_minerals,2.098355705,Gt/yr,haas2020,observed
1931,R,non_metallic_minerals,2.063000708,Gt/yr,haas2020,observed
1932,R,non_metallic_minerals,1.981953358,Gt/yr,haas2020,observed
1933,R,non_metallic_minerals,2.000362584,Gt/yr,haas2020,observed
1934,R,non_metallic_minerals,2.120637967,Gt/yr,haas2020,observed
1935,R,non_metallic_minerals,2.183686364,Gt/yr,haas2020,observed
1936,R,non_metallic_minerals,2.242983763,Gt/yr,haas2020,observed
1937,R,non_metallic_minerals,2.44901499,Gt/yr,haas2020,observed
1938,R,non_metallic_minerals,2.505646788,Gt/yr,haas2020,observed
1939,R,non_metallic_minerals,2.585503224,Gt/yr,haas2020,observed
1940,R,non_metallic_minerals,2.59022132,Gt/yr,haas2020,observed
1941,R,non_metallic_minerals,2.681118175,Gt/yr,haas2020,observed
1942,R,non_metallic_minerals,2.647475799,Gt/yr,haas2020,observed
1943,R,non_metallic_minerals,2.641490874,Gt/yr,haas2020,observed
1944,R,non_metallic_minerals,2.608562154,Gt/yr,haas2020,observed
1945,R,non_metallic_minerals,2.598495897,Gt/yr,haas2020,observed
1946,R,non_metallic_minerals,2.855575008,Gt/yr,haas2020,observed
1947,R,non_metallic_minerals,3.104697958,Gt/yr,haas2020,observed
1948,R,non_metallic_minerals,3.335482603,Gt/yr,haas2020,observed
1949,R,non_metallic_minerals,3.551631202,Gt/yr,haas2020,observed
1950,R,non_metallic_minerals,3.879523683,Gt/yr,haas2020,observed
1951,R,non_metallic_minerals,4.169149834,Gt/yr,haas2020,observed
1952,R,non_metallic_minerals,4.420332251,Gt/yr,haas2020,observed
1953,R,non_metallic_minerals,4.628423028,Gt/yr,haas2020,observed
1954,R,non_metallic_minerals,4.929017582,Gt/yr,haas2020,observed
1955,R,non_metallic_minerals,5.201003935,Gt/yr,haas2020,observed
1956,R,non_metallic_minerals,5.575092456,Gt/yr,haas2020,observed
1957,R,non_metallic_minerals,5.820583684,Gt/yr,haas2020,observed
1958,R,non_metallic_minerals,6.104836493,Gt/yr,haas2020,observed
1959,R,non_metallic_minerals,6.510736924,Gt/yr,haas2020,observed
1960,R,non_metallic_minerals,6.890839863,Gt/yr,haas2020,observed
1961,R,non_metallic_minerals,7.280026673,Gt/yr,haas2020,observed
1962,R,non_metallic_minerals,7.709492931,Gt/yr,haas2020,observed
1963,R,non_metallic_minerals,8.211620997,Gt/yr,haas2020,observed
1964,R,non_metallic_minerals,8.84443377,Gt/yr,haas2020,observed
1965,R,non_metallic_minerals,9.27173437,Gt/yr,haas2020,observed
1966,R,non_metallic_minerals,9.987432152,Gt/yr,haas2020,observed
1967,R,non_metallic_minerals,10.17480161,Gt/yr,haas2020,observed
1968,R,non_metallic_minerals,10.87656368,Gt/yr,haas2020,observed
1969,R,non_metallic_minerals,11.30616053,Gt/yr,haas2020,observed
1970,R,non_metallic_minerals,12.2288611,Gt/yr,haas2020,observed
1971,R,non_metallic_minerals,12.48205539,Gt/yr,haas2020,observed
1972,R,non_metallic_minerals,13.90373059,Gt/yr,haas2020,observed
1973,R,non_metallic_minerals,14.34882615,Gt/yr,haas2020,observed
1974,R,non_metallic_minerals,14.73101887,Gt/yr,haas2020,observed
1975,R,non_metallic_minerals,14.47076679,Gt/yr,haas2020,observed
1976,R,non_metallic_minerals,14.60126172,Gt/yr,haas2020,observed
1977,R,non_metallic_minerals,15.02759247,Gt/yr,haas2020,observed
1978,R,non_metallic_minerals,15.70918277,Gt/yr,haas2020,observed
1979,R,non_metallic_minerals,16.13035988,Gt/yr,haas2020,observed
1980,R,non_metallic_minerals,16.26400559,Gt/yr,haas2020,observed
1981,R,non_metallic_minerals,15.7784103,Gt/yr,haas2020,observed
1982,R,non_metallic_minerals,15.66159732,Gt/yr,haas2020,observed
1983,R,non_metallic_minerals,15.9267662,Gt/yr,haas2020,observed
1984,R,non_metallic_minerals,16.67490071,Gt/yr,haas2020,observed
1985,R,non_metallic_minerals,16.96038036,Gt/yr,haas2020,observed
1986,R,non_metallic_minerals,17.6137629,Gt/yr,haas2020,observed
1987,R,non_metallic_minerals,18.40456503,Gt/yr,haas2020,observed
1988,R,non_metallic_minerals,19.75322582,Gt/yr,haas2020,observed
1989,R,non_metallic_minerals,19.3742251,Gt/yr,haas2020,observed
1990,R,non_metallic_minerals,19.54939214,Gt/yr,haas2020,observed
1991,R,non_metallic_minerals,20.94830652,Gt/yr,haas2020,observed
1992,R,non_metallic_minerals,21.1706547,Gt/yr,haas2020,observed
1993,R,non_metallic_minerals,22.95462405,Gt/yr,haas2020,observed
1994,R,non_metallic_minerals,24.00610332,Gt/yr,haas2020,observed
1995,R,non_metallic_minerals,26.57469882,Gt/yr,haas2020,observed
1996,R,non_metallic_minerals,26.68723455,Gt/yr,haas2020,observed
1997,R,non_metallic_minerals,27.1600365,Gt/yr,haas2020,observed
1998,R,non_metallic_minerals,28.36731211,Gt/yr,haas2020,observed
1999,R,non_metallic_minerals,29.08657768,Gt/yr,haas2020,observed
2000,R,non_metallic_minerals,29.59266674,Gt/yr,haas2020,observed
2001,R,non_metallic_minerals,29.74349705,Gt/yr,haas2020,observed
2002,R,non_metallic_minerals,30.11942643,Gt/yr,haas2020,observed
2003,R,non_metallic_minerals,31.99396616,Gt/yr,haas2020,observed
2004,R,non_metallic_minerals,33.46620707,Gt/yr,haas2020,observed
2005,R,non_metallic_minerals,35.18461111,Gt/yr,haas2020,observed
2006,R,non_metallic_minerals,37.72616719,Gt/yr,haas2020,observed
2007,R,non_metallic_minerals,39.4310378,Gt/yr,haas2020,observed
2008,R,non_metallic_minerals,39.56384549,Gt/yr,haas2020,observed
2009,R,non_metallic_minerals,41.0604495,Gt/yr,haas2020,observed
2010,R,non_metallic_minerals,43.25925044,Gt/yr,haas2020,observed
2011,R,non_metallic_minerals,46.37740272,Gt/yr,haas2020,observed
2012,R,non_metallic_minerals,47.81717472,Gt/yr,haas2020,observed
2013,R,non_metallic_minerals,49.73704767,Gt/yr,haas2020,observed
2014,R,non_metallic_minerals,50.93035997,Gt/yr,haas2020,observed
2015,R,non_metallic_minerals,50.63954595,Gt/yr,haas2020,observed
1900,R,total,7.562158994,Gt/yr,haas2020,observed
1901,R,total,7.686335868,Gt/yr,haas2020,observed
1902,R,total,7.790155791,Gt/yr,haas2020,observed
1903,R,total,7.983983996,Gt/yr,haas2020,observed
1904,R,total,8.076625198,Gt/yr,haas2020,observed
1905,R,total,8.273603774,Gt/yr,haas2020,observed
1906,R,total,8.443087806,Gt/yr,haas2020,observed
1907,R,total,8.704545907,Gt/yr,haas2020,observed
1908,R,total,8.723291079,Gt/yr,haas2020,observed
1909,R,total,8.907251355,Gt/yr,haas2020,observed
1910,R,total,9.070872924,Gt/yr,haas2020,observed
1911,R,total,9.184150934,Gt/yr,haas2020,observed
1912,R,total,9.392569921,Gt/yr,haas2020,observed
1913,R,total,9.639078227,Gt/yr,haas2020,observed
1914,R,total,9.451995048,Gt/yr,haas2020,observed
1915,R,total,9.486919205,Gt/yr,haas2020,observed
1916,R,total,9.730804166,Gt/yr,haas2020,observed
1917,R,total,9.864582783,Gt/yr,haas2020,observed
1918,R,total,9.915135242,Gt/yr,haas2020,observed
1919,R,total,9.658477785,Gt/yr,haas2020,observed
1920,R,total,10.05458235,Gt/yr,haas2020,observed
1921,R,total,9.802555282,Gt/yr,haas2020,observed
1922,R,total,10.14719458,Gt/yr,haas2020,observed
1923,R,total,10.52390542,Gt/yr,haas2020,observed
1924,R,total,10.70418897,Gt/yr,haas2020,observed
1925,R,total,10.9033414,Gt/yr,haas2020,observed
1926,R,total,11.06782441,Gt/yr,haas2020,observed
1927,R,total,11.37647944,Gt/yr,haas2020,observed
1928,R,total,11.68375137,Gt/yr,haas2020,observed
1929,R,total,11.85156183,Gt/yr,haas2020,observed
1930,R,total,11.70495244,Gt/yr,haas2020,observed
1931,R,total,11.41900587,Gt/yr,haas2020,observed
1932,R,total,11.11688522,Gt/yr,haas2020,observed
1933,R,total,11.28743353,Gt/yr,haas2020,observed
1934,R,total,11.66470727,Gt/yr,haas2020,observed
1935,R,total,11.90961842,Gt/yr,haas2020,observed
1936,R,total,12.26377246,Gt/yr,haas2020,observed
1937,R,total,12.74778084,Gt/yr,haas2020,observed
1938,R,total,12.57985612,Gt/yr,haas2020,observed
1939,R,total,12.95804666,Gt/yr,haas2020,observed
1940,R,total,13.2673928,Gt/yr,haas2020,observed
1941,R,total,13.50911174,Gt/yr,haas2020,observed
1942,R,total,13.52415604,Gt/yr,haas2020,observed
1943,R,total,13.65161528,Gt/yr,haas2020,observed
1944,R,total,13.57935984,Gt/yr,haas2020,observed
1945,R,total,13.07542079,Gt/yr,haas2020,observed
1946,R,total,13.4869199,Gt/yr,haas2020,observed
1947,R,total,14.12801924,Gt/yr,haas2020,observed
1948,R,total,14.59145235,Gt/yr,haas2020,observed
1949,R,total,14.77034583,Gt/yr,haas2020,observed
1950,R,total,15.4302956,Gt/yr,haas2020,observed
1951,R,total,16.07850591,Gt/yr,haas2020,observed
1952,R,total,16.51888442,Gt/yr,haas2020,observed
1953,R,total,16.95283209,Gt/yr,haas2020,observed
1954,R,total,17.49603479,Gt/yr,haas2020,observed
1955,R,total,18.15324234,Gt/yr,haas2020,observed
1956,R,total,18.90268826,Gt/yr,haas2020,observed
1957,R,total,19.46698323,Gt/yr,haas2020,observed
1958,R,total,19.98705954,Gt/yr,haas2020,observed
1959,R,total,20.7933839,Gt/yr,haas2020,observed
1960,R,total,21.73338112,Gt/yr,haas2020,observed
1961,R,total,22.29244151,Gt/yr,haas2020,observed
1962,R,total,23.14909551,Gt/yr,haas2020,observed
1963,R,total,24.16518476,Gt/yr,haas2020,observed
1964,R,total,25.53954818,Gt/yr,haas2020,observed
1965,R,total,26.12312259,Gt/yr,haas2020,observed
1966,R,total,27.49127076,Gt/yr,haas2020,observed
1967,R,total,28.02361702,Gt/yr,haas2020,observed
1968,R,total,29.35715255,Gt/yr,haas2020,observed
1969,R,total,30.15973335,Gt/yr,haas2020,observed
1970,R,total,31.75864133,Gt/yr,haas2020,observed
1971,R,total,32.58312989,Gt/yr,haas2020,observed
1972,R,total,34.27100465,Gt/yr,haas2020,observed
1973,R,total,35.63533653,Gt/yr,haas2020,observed
1974,R,total,36.28879125,Gt/yr,haas2020,observed
1975,R,total,36.17453552,Gt/yr,haas2020,observed
1976,R,total,37.04507034,Gt/yr,haas2020,observed
1977,R,total,37.83580294,Gt/yr,haas2020,observed
1978,R,total,39.06389628,Gt/yr,haas2020,observed
1979,R,total,39.99930774,Gt/yr,haas2020,observed
1980,R,total,40.1152948,Gt/yr,haas2020,observed
1981,R,total,39.88345976,Gt/yr,haas2020,observed
1982,R,total,40.15090725,Gt/yr,haas2020,observed
1983,R,total,40.32259352,Gt/yr,haas2020,observed
1984,R,total,42.1600821,Gt/yr,haas2020,observed
1985,R,total,42.73449911,Gt/yr,haas2020,observed
1986,R,total,43.83158976,Gt/yr,haas2020,observed
1987,R,total,45.0106233,Gt/yr,haas2020,observed
1988,R,total,46.8663705,Gt/yr,haas2020,observed
1989,R,total,47.33334662,Gt/yr,haas2020,observed
1990,R,total,47.76678863,Gt/yr,haas2020,observed
1991,R,total,48.86734019,Gt/yr,haas2020,observed
1992,R,total,49.12825728,Gt/yr,haas2020,observed
1993,R,total,50.61037561,Gt/yr,haas2020,observed
1994,R,total,52.07982921,Gt/yr,haas2020,observed
1995,R,total,55.15504991,Gt/yr,haas2020,observed
1996,R,total,56.06144661,Gt/yr,haas2020,observed
1997,R,total,56.82906993,Gt/yr,haas2020,observed
1998,R,total,58.23841775,Gt/yr,haas2020,observed
1999,R,total,59.1936702,Gt/yr,haas2020,observed
2000,R,total,60.30386219,Gt/yr,haas2020,observed
2001,R,total,60.83172173,Gt/yr,haas2020,observed
2002,R,total,61.54236088,Gt/yr,haas2020,observed
2003,R,total,64.44151302,Gt/yr,haas2020,observed
2004,R,total,67.53406796,Gt/yr,haas2020,observed
2005,R,total,70.32953725,Gt/yr,haas2020,observed
2006,R,total,73.95695939,Gt/yr,haas2020,observed
2007,R,total,76.98845346,Gt/yr,haas2020,observed
2008,R,total,78.32135439,Gt/yr,haas2020,observed
2009,R,total,79.81450233,Gt/yr,haas2020,observed
2010,R,total,83.41963661,Gt/yr,haas2020,observed
2011,R,total,88.31014691,Gt/yr,haas2020,observed
2012,R,total,90.2378479,Gt/yr,haas2020,observed
2013,R,total,93.45067216,Gt/yr,haas2020,observed
2014,R,total,95.12723692,Gt/yr,haas2020,observed
2015,R,total,95.02331896,Gt/yr,haas2020,observed
1900,RR,biomass,0.008486100586,Gt/yr,haas2020,observed
1901,RR,biomass,0.008597633789,Gt/yr,haas2020,observed
1902,RR,biomass,0.008686807617,Gt/yr,haas2020,observed
1903,RR,biomass,0.008754185547,Gt/yr,haas2020,observed
1904,RR,biomass,0.008850425781,Gt/yr,haas2020,observed
1905,RR,biomass,0.00896428125,Gt/yr,haas2020,observed
1906,RR,biomass,0.009044004883,Gt/yr,haas2020,observed
1907,RR,biomass,0.009154639648,Gt/yr,haas2020,observed
1908,RR,biomass,0.009274422852,Gt/yr,haas2020,observed
1909,RR,biomass,0.009398928711,Gt/yr,haas2020,observed
1910,RR,biomass,0.009471982422,Gt/yr,haas2020,observed
1911,RR,biomass,0.009570904297,Gt/yr,haas2020,observed
1912,RR,biomass,0.009633475586,Gt/yr,haas2020,observed
1913,RR,biomass,0.009757008789,Gt/yr,haas2020,observed
1914,RR,biomass,0.009857924805,Gt/yr,haas2020,observed
1915,RR,biomass,0.009947755859,Gt/yr,haas2020,observed
1916,RR,biomass,0.01012537695,Gt/yr,haas2020,observed
1917,RR,biomass,0.01017329492,Gt/yr,haas2020,observed
1918,RR,biomass,0.01024642578,Gt/yr,haas2020,observed
1919,RR,biomass,0.01041508984,Gt/yr,haas2020,observed
1920,RR,biomass,0.01047459668,Gt/yr,haas2020,observed
1921,RR,biomass,0.01061357422,Gt/yr,haas2020,observed
1922,RR,biomass,0.0106604209,Gt/yr,haas2020,observed
1923,RR,biomass,0.01082998828,Gt/yr,haas2020,observed
1924,RR,biomass,0.01094169922,Gt/yr,haas2020,observed
1925,RR,biomass,0.01103960059,Gt/yr,haas2020,observed
1926,RR,biomass,0.01112755664,Gt/yr,haas2020,observed
1927,RR,biomass,0.0112381123,Gt/yr,haas2020,observed
1928,RR,biomass,0.01133954297,Gt/yr,haas2020,observed
1929,RR,biomass,0.01145230469,Gt/yr,haas2020,observed
1930,RR,biomass,0.0115561709,Gt/yr,haas2020,observed
1931,RR,biomass,0.01163840039,Gt/yr,haas2020,observed
1932,RR,biomass,0.0116843584,Gt/yr,haas2020,observed
1933,RR,biomass,0.01183708691,Gt/yr,haas2020,observed
1934,RR,biomass,0.01194648438,Gt/yr,haas2020,observed
1935,RR,biomass,0.01197616504,Gt/yr,haas2020,observed
1936,RR,biomass,0.01211592676,Gt/yr,haas2020,observed
1937,RR,biomass,0.0121722002,Gt/yr,haas2020,observed
1938,RR,biomass,0.01219639746,Gt/yr,haas2020,observed
1939,RR,biomass,0.01236522559,Gt/yr,haas2020,observed
1940,RR,biomass,0.01254195898,Gt/yr,haas2020,observed
1941,RR,biomass,0.01258820605,Gt/yr,haas2020,observed
1942,RR,biomass,0.0126647168,Gt/yr,haas2020,observed
1943,RR,biomass,0.01280129883,Gt/yr,haas2020,observed
1944,RR,biomass,0.01288087988,Gt/yr,haas2020,observed
1945,RR,biomass,0.0130100332,Gt/yr,haas2020,observed
1946,RR,biomass,0.01302534473,Gt/yr,haas2020,observed
1947,RR,biomass,0.01310179102,Gt/yr,haas2020,observed
1948,RR,biomass,0.01326099414,Gt/yr,haas2020,observed
1949,RR,biomass,0.01331944629,Gt/yr,haas2020,observed
1950,RR,biomass,0.01349247852,Gt/yr,haas2020,observed
1951,RR,biomass,0.0135465127,Gt/yr,haas2020,observed
1952,RR,biomass,0.01377207715,Gt/yr,haas2020,observed
1953,RR,biomass,0.01393859668,Gt/yr,haas2020,observed
1954,RR,biomass,0.0141616377,Gt/yr,haas2020,observed
1955,RR,biomass,0.01429794824,Gt/yr,haas2020,observed
1956,RR,biomass,0.01454359375,Gt/yr,haas2020,observed
1957,RR,biomass,0.01468244141,Gt/yr,haas2020,observed
1958,RR,biomass,0.01486472559,Gt/yr,haas2020,observed
1959,RR,biomass,0.01499825488,Gt/yr,haas2020,observed
1960,RR,biomass,0.01522286133,Gt/yr,haas2020,observed
1961,RR,biomass,0.01540966016,Gt/yr,haas2020,observed
1962,RR,biomass,0.01565587305,Gt/yr,haas2020,observed
1963,RR,biomass,0.01582246191,Gt/yr,haas2020,observed
1964,RR,biomass,0.01735534375,Gt/yr,haas2020,observed
1965,RR,biomass,0.01765600977,Gt/yr,haas2020,observed
1966,RR,biomass,0.01944442578,Gt/yr,haas2020,observed
1967,RR,biomass,0.01972389844,Gt/yr,haas2020,observed
1968,RR,biomass,0.02106587695,Gt/yr,haas2020,observed
1969,RR,biomass,0.02235607031,Gt/yr,haas2020,observed
1970,RR,biomass,0.03075083203,Gt/yr,haas2020,observed
1971,RR,biomass,0.03154207617,Gt/yr,haas2020,observed
1972,RR,biomass,0.03422855859,Gt/yr,haas2020,observed
1973,RR,biomass,0.03876248438,Gt/yr,haas2020,observed
1974,RR,biomass,0.03949414453,Gt/yr,haas2020,observed
1975,RR,biomass,0.03495294922,Gt/yr,haas2020,observed
1976,RR,biomass,0.04053348437,Gt/yr,haas2020,observed
1977,RR,biomass,0.04325578906,Gt/yr,haas2020,observed
1978,RR,biomass,0.04500509766,Gt/yr,haas2020,observed
1979,RR,biomass,0.04704455078,Gt/yr,haas2020,observed
1980,RR,biomass,0.05032016016,Gt/yr,haas2020,observed
1981,RR,biomass,0.05160372656,Gt/yr,haas2020,observed
1982,RR,biomass,0.05199858984,Gt/yr,haas2020,observed
1983,RR,biomass,0.05532155859,Gt/yr,haas2020,observed
1984,RR,biomass,0.06020615234,Gt/yr,haas2020,observed
1985,RR,biomass,0.061064875,Gt/yr,haas2020,observed
1986,RR,biomass,0.06587889063,Gt/yr,haas2020,observed
1987,RR,biomass,0.0700876875,Gt/yr,haas2020,observed
1988,RR,biomass,0.07610897656,Gt/yr,haas2020,observed
1989,RR,biomass,0.08189175,Gt/yr,haas2020,observed
1990,RR,biomass,0.08422259375,Gt/yr,haas2020,observed
1991,RR,biomass,0.08907139062,Gt/yr,haas2020,observed
1992,RR,biomass,0.09247284375,Gt/yr,haas2020,observed
1993,RR,biomass,0.09648530469,Gt/yr,haas2020,observed
1994,RR,biomass,0.1079386328,Gt/yr,haas2020,observed
1995,RR,biomass,0.1144021562,Gt/yr,haas2020,observed
1996,RR,biomass,0.1172390391,Gt/yr,haas2020,observed
1997,RR,biomass,0.1210807578,Gt/yr,haas2020,observed
1998,RR,biomass,0.1217224062,Gt/yr,haas2020,observed
1999,RR,biomass,0.1310661797,Gt/yr,haas2020,observed
2000,RR,biomass,0.1422950469,Gt/yr,haas2020,observed
2001,RR,biomass,0.1427745938,Gt/yr,haas2020,observed
2002,RR,biomass,0.1514786563,Gt/yr,haas2020,observed
2003,RR,biomass,0.1561968594,Gt/yr,haas2020,observed
2004,RR,biomass,0.1642972656,Gt/yr,haas2020,observed
2005,RR,biomass,0.1731406562,Gt/yr,haas2020,observed
2006,RR,biomass,0.1856331406,Gt/yr,haas2020,observed
2007,RR,biomass,0.1938542344,Gt/yr,haas2020,observed
2008,RR,biomass,0.1990396094,Gt/yr,haas2020,observed
2009,RR,biomass,0.1997308125,Gt/yr,haas2020,observed
2010,RR,biomass,0.2075845313,Gt/yr,haas2020,observed
2011,RR,biomass,0.206936,Gt/yr,haas2020,observed
2012,RR,biomass,0.2083928125,Gt/yr,haas2020,observed
2013,RR,biomass,0.20818575,Gt/yr,haas2020,observed
2014,RR,biomass,0.2076430938,Gt/yr,haas2020,observed
2015,RR,biomass,0.2074350469,Gt/yr,haas2020,observed
1900,RR,fossil,0,Gt/yr,haas2020,observed
1901,RR,fossil,0,Gt/yr,haas2020,observed
1902,RR,fossil,0,Gt/yr,haas2020,observed
1903,RR,fossil,0,Gt/yr,haas2020,observed
1904,RR,fossil,0,Gt/yr,haas2020,observed
1905,RR,fossil,0,Gt/yr,haas2020,observed
1906,RR,fossil,0,Gt/yr,haas2020,observed
1907,RR,fossil,0,Gt/yr,haas2020,observed
1908,RR,fossil,0,Gt/yr,haas2020,observed
1909,RR,fossil,0,Gt/yr,haas2020,observed
1910,RR,fossil,0,Gt/yr,haas2020,observed
1911,RR,fossil,0,Gt/yr,haas2020,observed
1912,RR,fossil,0,Gt/yr,haas2020,observed
1913,RR,fossil,0,Gt/yr,haas2020,observed
1914,RR,fossil,0,Gt/yr,haas2020,observed
1915,RR,fossil,0,Gt/yr,haas2020,observed
1916,RR,fossil,0,Gt/yr,haas2020,observed
1917,RR,fossil,0,Gt/yr,haas2020,observed
1918,RR,fossil,0,Gt/yr,haas2020,observed
1919,RR,fossil,0,Gt/yr,haas2020,observed
1920,RR,fossil,0,Gt/yr,haas2020,observed
1921,RR,fossil,0,Gt/yr,haas2020,observed
1922,RR,fossil,0,Gt/yr,haas2020,observed
1923,RR,fossil,0,Gt/yr,haas2020,observed
1924,RR,fossil,0,Gt/yr,haas2020,observed
1925,RR,fossil,0,Gt/yr,haas2020,observed
1926,RR,fossil,0,Gt/yr,haas2020,observed
1927,RR,fossil,0,Gt/yr,haas2020,observed
1928,RR,fossil,0,Gt/yr,haas2020,observed
1929,RR,fossil,0,Gt/yr,haas2020,observed
1930,RR,fossil,0,Gt/yr,haas2020,observed
1931,RR,fossil,0,Gt/yr,haas2020,observed
1932,RR,fossil,0,Gt/yr,haas2020,observed
1933,RR,fossil,0,Gt/yr,haas2020,observed
1934,RR,fossil,0,Gt/yr,haas2020,observed
1935,RR,fossil,0,Gt/yr,haas2020,observed
1936,RR,fossil,0,Gt/yr,haas2020,observed
1937,RR,fossil,0,Gt/yr,haas2020,observed
1938,RR,fossil,0,Gt/yr,haas2020,observed
1939,RR,fossil,0,Gt/yr,haas2020,observed
1940,RR,fossil,0,Gt/yr,haas2020,observed
1941,RR,fossil,0,Gt/yr,haas2020,observed
1942,RR,fossil,0,Gt/yr,haas2020,observed
1943,RR,fossil,0,Gt/yr,haas2020,observed
1944,RR,fossil,0,Gt/yr,haas2020,observed
1945,RR,fossil,0,Gt/yr,haas2020,observed
1946,RR,fossil,0,Gt/yr,haas2020,observed
1947,RR,fossil,0,Gt/yr,haas2020,observed
1948,RR,fossil,0,Gt/yr,haas2020,observed
1949,RR,fossil,0,Gt/yr,haas2020,observed
1950,RR,fossil,0,Gt/yr,haas2020,observed
1951,RR,fossil,0,Gt/yr,haas2020,observed
1952,RR,fossil,0,Gt/yr,haas2020,observed
1953,RR,fossil,0,Gt/yr,haas2020,observed
1954,RR,fossil,0,Gt/yr,haas2020,observed
1955,RR,fossil,0,Gt/yr,haas2020,observed
1956,RR,fossil,0,Gt/yr,haas2020,observed
1957,RR,fossil,0,Gt/yr,haas2020,observed
1958,RR,fossil,0,Gt/yr,haas2020,observed
1959,RR,fossil,0,Gt/yr,haas2020,observed
1960,RR,fossil,0,Gt/yr,haas2020,observed
1961,RR,fossil,0,Gt/yr,haas2020,observed
1962,RR,fossil,0,Gt/yr,haas2020,observed
1963,RR,fossil,0,Gt/yr,haas2020,observed
1964,RR,fossil,0,Gt/yr,haas2020,observed
1965,RR,fossil,0,Gt/yr,haas2020,observed
1966,RR,fossil,0,Gt/yr,haas2020,observed
1967,RR,fossil,0,Gt/yr,haas2020,observed
1968,RR,fossil,0,Gt/yr,haas2020,observed
1969,RR,fossil,0,Gt/yr,haas2020,observed
1970,RR,fossil,4.056729889e-05,Gt/yr,haas2020,observed
1971,RR,fossil,9.550614929e-05,Gt/yr,haas2020,observed
1972,RR,fossil,0.0001678535614,Gt/yr,haas2020,observed
1973,RR,fossil,0.0002627589111,Gt/yr,haas2020,observed
1974,RR,fossil,0.000382446167,Gt/yr,haas2020,observed
1975,RR,fossil,0.0005093566895,Gt/yr,haas2020,observed
1976,RR,fossil,0.000662326416,Gt/yr,haas2020,observed
1977,RR,fossil,0.0008486448364,Gt/yr,haas2020,observed
1978,RR,fossil,0.001070776978,Gt/yr,haas2020,observed
1979,RR,fossil,0.001254311646,Gt/yr,haas2020,observed
1980,RR,fossil,0.001407566284,Gt/yr,haas2020,observed
1981,RR,fossil,0.001582681885,Gt/yr,haas2020,observed
1982,RR,fossil,0.001861931274,Gt/yr,haas2020,observed
1983,RR,fossil,0.002170400391,Gt/yr,haas2020,observed
1984,RR,fossil,0.002510216064,Gt/yr,haas2020,observed
1985,RR,fossil,0.002844339355,Gt/yr,haas2020,observed
1986,RR,fossil,0.003132339355,Gt/yr,haas2020,observed
1987,RR,fossil,0.00333327832,Gt/yr,haas2020,observed
1988,RR,fossil,0.003713761963,Gt/yr,haas2020,observed
1989,RR,fossil,0.004207097168,Gt/yr,haas2020,observed
1990,RR,fossil,0.004712217285,Gt/yr,haas2020,observed
1991,RR,fossil,0.005173226563,Gt/yr,haas2020,observed
1992,RR,fossil,0.005922328125,Gt/yr,haas2020,observed
1993,RR,fossil,0.006516230957,Gt/yr,haas2020,observed
1994,RR,fossil,0.007167015137,Gt/yr,haas2020,observed
1995,RR,fossil,0.007846312012,Gt/yr,haas2020,observed
1996,RR,fossil,0.008572526367,Gt/yr,haas2020,observed
1997,RR,fossil,0.009375807617,Gt/yr,haas2020,observed
1998,RR,fossil,0.01033020117,Gt/yr,haas2020,observed
1999,RR,fossil,0.01137650293,Gt/yr,haas2020,observed
2000,RR,fossil,0.01247865527,Gt/yr,haas2020,observed
2001,RR,fossil,0.01391551953,Gt/yr,haas2020,observed
2002,RR,fossil,0.01531442383,Gt/yr,haas2020,observed
2003,RR,fossil,0.01630632812,Gt/yr,haas2020,observed
2004,RR,fossil,0.01802719531,Gt/yr,haas2020,observed
2005,RR,fossil,0.02013127734,Gt/yr,haas2020,observed
2006,RR,fossil,0.02092656445,Gt/yr,haas2020,observed
2007,RR,fossil,0.02300073633,Gt/yr,haas2020,observed
2008,RR,fossil,0.02471081445,Gt/yr,haas2020,observed
2009,RR,fossil,0.02712921875,Gt/yr,haas2020,observed
2010,RR,fossil,0.02903898633,Gt/yr,haas2020,observed
2011,RR,fossil,0.03062126758,Gt/yr,haas2020,observed
2012,RR,fossil,0.03319161719,Gt/yr,haas2020,observed
2013,RR,fossil,0.03288590625,Gt/yr,haas2020,observed
2014,RR,fossil,0.03394390234,Gt/yr,haas2020,observed
2015,RR,fossil,0.03519032031,Gt/yr,haas2020,observed
1900,RR,metals,0.00634197953,Gt/yr,haas2020,observed
1901,RR,metals,0.006583387476,Gt/yr,haas2020,observed
1902,RR,metals,0.006922774111,Gt/yr,haas2020,observed
1903,RR,metals,0.007209558323,Gt/yr,haas2020,observed
1904,RR,metals,0.007523978687,Gt/yr,haas2020,observed
1905,RR,metals,0.007763484926,Gt/yr,haas2020,observed
1906,RR,metals,0.008195124439,Gt/yr,haas2020,observed
1907,RR,metals,0.008474095829,Gt/yr,haas2020,observed
1908,RR,metals,0.008853006781,Gt/yr,haas2020,observed
1909,RR,metals,0.009174773403,Gt/yr,haas2020,observed
1910,RR,metals,0.009547623911,Gt/yr,haas2020,observed
1911,RR,metals,0.009864429462,Gt/yr,haas2020,observed
1912,RR,metals,0.01023393383,Gt/yr,haas2020,observed
1913,RR,metals,0.01061862306,Gt/yr,haas2020,observed
1914,RR,metals,0.01096255592,Gt/yr,haas2020,observed
1915,RR,metals,0.01138036086,Gt/yr,haas2020,observed
1916,RR,metals,0.01186153804,Gt/yr,haas2020,observed
1917,RR,metals,0.01229322646,Gt/yr,haas2020,observed
1918,RR,metals,0.01279489771,Gt/yr,haas2020,observed
1919,RR,metals,0.01319534985,Gt/yr,haas2020,observed
1920,RR,metals,0.01364887633,Gt/yr,haas2020,observed
1921,RR,metals,0.01426407991,Gt/yr,haas2020,observed
1922,RR,metals,0.01477414388,Gt/yr,haas2020,observed
1923,RR,metals,0.01535483674,Gt/yr,haas2020,observed
1924,RR,metals,0.0160757097,Gt/yr,haas2020,observed
1925,RR,metals,0.01673917038,Gt/yr,haas2020,observed
1926,RR,metals,0.017521408,Gt/yr,haas2020,observed
1927,RR,metals,0.01827038232,Gt/yr,haas2020,observed
1928,RR,metals,0.01912490804,Gt/yr,haas2020,observed
1929,RR,metals,0.02006989825,Gt/yr,haas2020,observed
1930,RR,metals,0.0211045816,Gt/yr,haas2020,observed
1931,RR,metals,0.02216189877,Gt/yr,haas2020,observed
1932,RR,metals,0.02328830873,Gt/yr,haas2020,observed
1933,RR,metals,0.02458974117,Gt/yr,haas2020,observed
1934,RR,metals,0.02607735732,Gt/yr,haas2020,observed
1935,RR,metals,0.02732531296,Gt/yr,haas2020,observed
1936,RR,metals,0.02909459706,Gt/yr,haas2020,observed
1937,RR,metals,0.03073304044,Gt/yr,haas2020,observed
1938,RR,metals,0.03225159218,Gt/yr,haas2020,observed
1939,RR,metals,0.03397761166,Gt/yr,haas2020,observed
1940,RR,metals,0.03565472093,Gt/yr,haas2020,observed
1941,RR,metals,0.03763776132,Gt/yr,haas2020,observed
1942,RR,metals,0.0391126412,Gt/yr,haas2020,observed
1943,RR,metals,0.04095818515,Gt/yr,haas2020,observed
1944,RR,metals,0.04251095343,Gt/yr,haas2020,observed
1945,RR,metals,0.04407933081,Gt/yr,haas2020,observed
1946,RR,metals,0.04591080579,Gt/yr,haas2020,observed
1947,RR,metals,0.04715716104,Gt/yr,haas2020,observed
1948,RR,metals,0.04845558911,Gt/yr,haas2020,observed
1949,RR,metals,0.04957654291,Gt/yr,haas2020,observed
1950,RR,metals,0.05022932623,Gt/yr,haas2020,observed
1951,RR,metals,0.05127032197,Gt/yr,haas2020,observed
1952,RR,metals,0.05229916996,Gt/yr,haas2020,observed
1953,RR,metals,0.05282684044,Gt/yr,haas2020,observed
1954,RR,metals,0.05337778774,Gt/yr,haas2020,observed
1955,RR,metals,0.05419911236,Gt/yr,haas2020,observed
1956,RR,metals,0.05515559592,Gt/yr,haas2020,observed
1957,RR,metals,0.05587807752,Gt/yr,haas2020,observed
1958,RR,metals,0.05688174506,Gt/yr,haas2020,observed
1959,RR,metals,0.05794784395,Gt/yr,haas2020,observed
1960,RR,metals,0.05883984731,Gt/yr,haas2020,observed
1961,RR,metals,0.05968926926,Gt/yr,haas2020,observed
1962,RR,metals,0.06118599638,Gt/yr,haas2020,observed
1963,RR,metals,0.06233924516,Gt/yr,haas2020,observed
1964,RR,metals,0.06360157285,Gt/yr,haas2020,observed
1965,RR,metals,0.06502566846,Gt/yr,haas2020,observed
1966,RR,metals,0.06664947755,Gt/yr,haas2020,observed
1967,RR,metals,0.06811266025,Gt/yr,haas2020,observed
1968,RR,metals,0.06948300034,Gt/yr,haas2020,observed
1969,RR,metals,0.0711205177,Gt/yr,haas2020,observed
1970,RR,metals,0.07306946964,Gt/yr,haas2020,observed
1971,RR,metals,0.07549788901,Gt/yr,haas2020,observed
1972,RR,metals,0.07766454034,Gt/yr,haas2020,observed
1973,RR,metals,0.0799861601,Gt/yr,haas2020,observed
1974,RR,metals,0.08298993549,Gt/yr,haas2020,observed
1975,RR,metals,0.08599327557,Gt/yr,haas2020,observed
1976,RR,metals,0.08907368384,Gt/yr,haas2020,observed
1977,RR,metals,0.0923440415,Gt/yr,haas2020,observed
1978,RR,metals,0.09610481458,Gt/yr,haas2020,observed
1979,RR,metals,0.09977407349,Gt/yr,haas2020,observed
1980,RR,metals,0.104112163,Gt/yr,haas2020,observed
1981,RR,metals,0.1080216068,Gt/yr,haas2020,observed
1982,RR,metals,0.1125706819,Gt/yr,haas2020,observed
1983,RR,metals,0.1171446716,Gt/yr,haas2020,observed
1984,RR,metals,0.12205975,Gt/yr,haas2020,observed
1985,RR,metals,0.1276548416,Gt/yr,haas2020,observed
1986,RR,metals,0.1343110979,Gt/yr,haas2020,observed
1987,RR,metals,0.1403778477,Gt/yr,haas2020,observed
1988,RR,metals,0.1482169663,Gt/yr,haas2020,observed
1989,RR,metals,0.1550659695,Gt/yr,haas2020,observed
1990,RR,metals,0.1628549717,Gt/yr,haas2020,observed
1991,RR,metals,0.1711171101,Gt/yr,haas2020,observed
1992,RR,metals,0.1797108613,Gt/yr,haas2020,observed
1993,RR,metals,0.1882792808,Gt/yr,haas2020,observed
1994,RR,metals,0.1976330757,Gt/yr,haas2020,observed
1995,RR,metals,0.2068280327,Gt/yr,haas2020,observed
1996,RR,metals,0.2155899529,Gt/yr,haas2020,observed
1997,RR,metals,0.2255595503,Gt/yr,haas2020,observed
1998,RR,metals,0.234628853,Gt/yr,haas2020,observed
1999,RR,metals,0.2449535078,Gt/yr,haas2020,observed
2000,RR,metals,0.2535771609,Gt/yr,haas2020,observed
2001,RR,metals,0.2642524326,Gt/yr,haas2020,observed
2002,RR,metals,0.2752853728,Gt/yr,haas2020,observed
2003,RR,metals,0.2853100811,Gt/yr,haas2020,observed
2004,RR,metals,0.2966472517,Gt/yr,haas2020,observed
2005,RR,metals,0.3063162639,Gt/yr,haas2020,observed
2006,RR,metals,0.3189243657,Gt/yr,haas2020,observed
2007,RR,metals,0.3293598008,Gt/yr,haas2020,observed
2008,RR,metals,0.3392427271,Gt/yr,haas2020,observed
2009,RR,metals,0.3480875566,Gt/yr,haas2020,observed
2010,RR,metals,0.3582785708,Gt/yr,haas2020,observed
2011,RR,metals,0.3675066914,Gt/yr,haas2020,observed
2012,RR,metals,0.3758006953,Gt/yr,haas2020,observed
2013,RR,metals,0.3832911118,Gt/yr,haas2020,observed
2014,RR,metals,0.3907606353,Gt/yr,haas2020,observed
2015,RR,metals,0.398146561,Gt/yr,haas2020,observed
1900,RR,non_metallic_minerals,0.2660688867,Gt/yr,haas2020,observed
1901,RR,non_metallic_minerals,0.2686523164,Gt/yr,haas2020,observed
1902,RR,non_metallic_minerals,0.2732209375,Gt/yr,haas2020,observed
1903,RR,non_metallic_minerals,0.276048168,Gt/yr,haas2020,observed
1904,RR,non_metallic_minerals,0.2809766797,Gt/yr,haas2020,observed
1905,RR,non_metallic_minerals,0.2850899219,Gt/yr,haas2020,observed
1906,RR,non_metallic_minerals,0.2891261094,Gt/yr,haas2020,observed
1907,RR,non_metallic_minerals,0.290303543,Gt/yr,haas2020,observed
1908,RR,non_metallic_minerals,0.2983505156,Gt/yr,haas2020,observed
1909,RR,non_metallic_minerals,0.3009777227,Gt/yr,haas2020,observed
1910,RR,non_metallic_minerals,0.3047292383,Gt/yr,haas2020,observed
1911,RR,non_metallic_minerals,0.3072796445,Gt/yr,haas2020,observed
1912,RR,non_metallic_minerals,0.3128801836,Gt/yr,haas2020,observed
1913,RR,non_metallic_minerals,0.317237832,Gt/yr,haas2020,observed
1914,RR,non_metallic_minerals,0.3197511641,Gt/yr,haas2020,observed
1915,RR,non_metallic_minerals,0.3226433984,Gt/yr,haas2020,observed
1916,RR,non_metallic_minerals,0.3280820234,Gt/yr,haas2020,observed
1917,RR,non_metallic_minerals,0.3329602969,Gt/yr,haas2020,observed
1918,RR,non_metallic_minerals,0.3375934102,Gt/yr,haas2020,observed
1919,RR,non_metallic_minerals,0.3404899609,Gt/yr,haas2020,observed
1920,RR,non_metallic_minerals,0.3467496719,Gt/yr,haas2020,observed
1921,RR,non_metallic_minerals,0.3462742695,Gt/yr,haas2020,observed
1922,RR,non_metallic_minerals,0.3465878125,Gt/yr,haas2020,observed
1923,RR,non_metallic_minerals,0.3499693711,Gt/yr,haas2020,observed
1924,RR,non_metallic_minerals,0.3535357344,Gt/yr,haas2020,observed
1925,RR,non_metallic_minerals,0.3537024922,Gt/yr,haas2020,observed
1926,RR,non_metallic_minerals,0.3578498477,Gt/yr,haas2020,observed
1927,RR,non_metallic_minerals,0.3604920273,Gt/yr,haas2020,observed
1928,RR,non_metallic_minerals,0.3603248047,Gt/yr,haas2020,observed
1929,RR,non_metallic_minerals,0.3642350273,Gt/yr,haas2020,observed
1930,RR,non_metallic_minerals,0.367679418,Gt/yr,haas2020,observed
1931,RR,non_metallic_minerals,0.366383957,Gt/yr,haas2020,observed
1932,RR,non_metallic_minerals,0.3688225625,Gt/yr,haas2020,observed
1933,RR,non_metallic_minerals,0.3715338477,Gt/yr,haas2020,observed
1934,RR,non_metallic_minerals,0.3697584297,Gt/yr,haas2020,observed
1935,RR,non_metallic_minerals,0.3719773594,Gt/yr,haas2020,observed
1936,RR,non_metallic_minerals,0.3711018828,Gt/yr,haas2020,observed
1937,RR,non_metallic_minerals,0.3712041562,Gt/yr,haas2020,observed
1938,RR,non_metallic_minerals,0.3724520664,Gt/yr,haas2020,observed
1939,RR,non_metallic_minerals,0.3744856758,Gt/yr,haas2020,observed
1940,RR,non_metallic_minerals,0.3731337227,Gt/yr,haas2020,observed
1941,RR,non_metallic_minerals,0.3748828594,Gt/yr,haas2020,observed
1942,RR,non_metallic_minerals,0.3746756094,Gt/yr,haas2020,observed
1943,RR,non_metallic_minerals,0.3747928789,Gt/yr,haas2020,observed
1944,RR,non_metallic_minerals,0.3737990508,Gt/yr,haas2020,observed
1945,RR,non_metallic_minerals,0.3753743086,Gt/yr,haas2020,observed
1946,RR,non_metallic_minerals,0.3745489844,Gt/yr,haas2020,observed
1947,RR,non_metallic_minerals,0.3737107246,Gt/yr,haas2020,observed
1948,RR,non_metallic_minerals,0.3760296953,Gt/yr,haas2020,observed
1949,RR,non_metallic_minerals,0.3761649629,Gt/yr,haas2020,observed
1950,RR,non_metallic_minerals,0.3771169414,Gt/yr,haas2020,observed
1951,RR,non_metallic_minerals,0.3744627246,Gt/yr,haas2020,observed
1952,RR,non_metallic_minerals,0.3724876406,Gt/yr,haas2020,observed
1953,RR,non_metallic_minerals,0.3761323789,Gt/yr,haas2020,observed
1954,RR,non_metallic_minerals,0.374816627,Gt/yr,haas2020,observed
1955,RR,non_metallic_minerals,0.3788106846,Gt/yr,haas2020,observed
1956,RR,non_metallic_minerals,0.3774500957,Gt/yr,haas2020,observed
1957,RR,non_metallic_minerals,0.3790758203,Gt/yr,haas2020,observed
1958,RR,non_metallic_minerals,0.3800438867,Gt/yr,haas2020,observed
1959,RR,non_metallic_minerals,0.3791853372,Gt/yr,haas2020,observed
1960,RR,non_metallic_minerals,0.3855237721,Gt/yr,haas2020,observed
1961,RR,non_metallic_minerals,0.3914212156,Gt/yr,haas2020,observed
1962,RR,non_metallic_minerals,0.3943011189,Gt/yr,haas2020,observed
1963,RR,non_metallic_minerals,0.3972008233,Gt/yr,haas2020,observed
1964,RR,non_metallic_minerals,0.4064470831,Gt/yr,haas2020,observed
1965,RR,non_metallic_minerals,0.4125108138,Gt/yr,haas2020,observed
1966,RR,non_metallic_minerals,0.4186320742,Gt/yr,haas2020,observed
1967,RR,non_metallic_minerals,0.4327990693,Gt/yr,haas2020,observed
1968,RR,non_metallic_minerals,0.4426325377,Gt/yr,haas2020,observed
1969,RR,non_metallic_minerals,0.4477572233,Gt/yr,haas2020,observed
1970,RR,non_metallic_minerals,0.4577725282,Gt/yr,haas2020,observed
1971,RR,non_metallic_minerals,0.4838380717,Gt/yr,haas2020,observed
1972,RR,non_metallic_minerals,0.5100212203,Gt/yr,haas2020,observed
1973,RR,non_metallic_minerals,0.5343361545,Gt/yr,haas2020,observed
1974,RR,non_metallic_minerals,0.5680615472,Gt/yr,haas2020,observed
1975,RR,non_metallic_minerals,0.5973337988,Gt/yr,haas2020,observed
1976,RR,non_metallic_minerals,0.6245908923,Gt/yr,haas2020,observed
1977,RR,non_metallic_minerals,0.6643842903,Gt/yr,haas2020,observed
1978,RR,non_metallic_minerals,0.7029784487,Gt/yr,haas2020,observed
1979,RR,non_metallic_minerals,0.7427257319,Gt/yr,haas2020,observed
1980,RR,non_metallic_minerals,0.7973739775,Gt/yr,haas2020,observed
1981,RR,non_metallic_minerals,0.8547100366,Gt/yr,haas2020,observed
1982,RR,non_metallic_minerals,0.9089525801,Gt/yr,haas2020,observed
1983,RR,non_metallic_minerals,0.9790745278,Gt/yr,haas2020,observed
1984,RR,non_metallic_minerals,1.046336387,Gt/yr,haas2020,observed
1985,RR,non_metallic_minerals,1.121325487,Gt/yr,haas2020,observed
1986,RR,non_metallic_minerals,1.197695436,Gt/yr,haas2020,observed
1987,RR,non_metallic_minerals,1.280666177,Gt/yr,haas2020,observed
1988,RR,non_metallic_minerals,1.371553979,Gt/yr,haas2020,observed
1989,RR,non_metallic_minerals,1.464222576,Gt/yr,haas2020,observed
1990,RR,non_metallic_minerals,1.552909052,Gt/yr,haas2020,observed
1991,RR,non_metallic_minerals,1.652794087,Gt/yr,haas2020,observed
1992,RR,non_metallic_minerals,1.781603369,Gt/yr,haas2020,observed
1993,RR,non_metallic_minerals,1.89369578,Gt/yr,haas2020,observed
1994,RR,non_metallic_minerals,2.013436855,Gt/yr,haas2020,observed
1995,RR,non_metallic_minerals,2.122874859,Gt/yr,haas2020,observed
1996,RR,non_metallic_minerals,2.255771761,Gt/yr,haas2020,observed
1997,RR,non_metallic_minerals,2.378849177,Gt/yr,haas2020,observed
1998,RR,non_metallic_minerals,2.499692115,Gt/yr,haas2020,observed
1999,RR,non_metallic_minerals,2.605877851,Gt/yr,haas2020,observed
2000,RR,non_metallic_minerals,2.724929729,Gt/yr,haas2020,observed
2001,RR,non_metallic_minerals,2.861024314,Gt/yr,haas2020,observed
2002,RR,non_metallic_minerals,2.966103653,Gt/yr,haas2020,observed
2003,RR,non_metallic_minerals,3.101063915,Gt/yr,haas2020,observed
2004,RR,non_metallic_minerals,3.230472155,Gt/yr,haas2020,observed
2005,RR,non_metallic_minerals,3.394129251,Gt/yr,haas2020,observed
2006,RR,non_metallic_minerals,3.534266861,Gt/yr,haas2020,observed
2007,RR,non_metallic_minerals,3.688907249,Gt/yr,haas2020,observed
2008,RR,non_metallic_minerals,3.8796121,Gt/yr,haas2020,observed
2009,RR,non_metallic_minerals,4.055806759,Gt/yr,haas2020,observed
2010,RR,non_metallic_minerals,4.26510729,Gt/yr,haas2020,observed
2011,RR,non_metallic_minerals,4.455858544,Gt/yr,haas2020,observed
2012,RR,non_metallic_minerals,4.705347135,Gt/yr,haas2020,observed
2013,RR,non_metallic_minerals,4.953655582,Gt/yr,haas2020,observed
2014,RR,non_metallic_minerals,5.203619013,Gt/yr,haas2020,observed
2015,RR,non_metallic_minerals,5.471668646,Gt/yr,haas2020,observed
1900,RR,total,0.2808969668,Gt/yr,haas2020,observed
1901,RR,total,0.2838333377,Gt/yr,haas2020,observed
1902,RR,total,0.2888305192,Gt/yr,haas2020,observed
1903,RR,total,0.2920119119,Gt/yr,haas2020,observed
1904,RR,total,0.2973510842,Gt/yr,haas2020,observed
1905,RR,total,0.3018176881,Gt/yr,haas2020,observed
1906,RR,total,0.3063652387,Gt/yr,haas2020,observed
1907,RR,total,0.3079322785,Gt/yr,haas2020,observed
1908,RR,total,0.3164779452,Gt/yr,haas2020,observed
1909,RR,total,0.3195514248,Gt/yr,haas2020,observed
1910,RR,total,0.3237488446,Gt/yr,haas2020,observed
1911,RR,total,0.3267149783,Gt/yr,haas2020,observed
1912,RR,total,0.332747593,Gt/yr,haas2020,observed
1913,RR,total,0.3376134638,Gt/yr,haas2020,observed
1914,RR,total,0.3405716448,Gt/yr,haas2020,observed
1915,RR,total,0.3439715151,Gt/yr,haas2020,observed
1916,RR,total,0.3500689384,Gt/yr,haas2020,observed
1917,RR,total,0.3554268183,Gt/yr,haas2020,observed
1918,RR,total,0.3606347337,Gt/yr,haas2020,observed
1919,RR,total,0.3641004006,Gt/yr,haas2020,observed
1920,RR,total,0.3708731449,Gt/yr,haas2020,observed
1921,RR,total,0.3711519236,Gt/yr,haas2020,observed
1922,RR,total,0.3720223773,Gt/yr,haas2020,observed
1923,RR,total,0.3761541961,Gt/yr,haas2020,observed
1924,RR,total,0.3805531433,Gt/yr,haas2020,observed
1925,RR,total,0.3814812632,Gt/yr,haas2020,observed
1926,RR,total,0.3864988123,Gt/yr,haas2020,observed
1927,RR,total,0.3900005219,Gt/yr,haas2020,observed
1928,RR,total,0.3907892557,Gt/yr,haas2020,observed
1929,RR,total,0.3957572302,Gt/yr,haas2020,observed
1930,RR,total,0.4003401705,Gt/yr,haas2020,observed
1931,RR,total,0.4001842562,Gt/yr,haas2020,observed
1932,RR,total,0.4037952296,Gt/yr,haas2020,observed
1933,RR,total,0.4079606758,Gt/yr,haas2020,observed
1934,RR,total,0.4077822714,Gt/yr,haas2020,observed
1935,RR,total,0.4112788374,Gt/yr,haas2020,observed
1936,RR,total,0.4123124066,Gt/yr,haas2020,observed
1937,RR,total,0.4141093968,Gt/yr,haas2020,observed
1938,RR,total,0.416900056,Gt/yr,haas2020,observed
1939,RR,total,0.420828513,Gt/yr,haas2020,observed
1940,RR,total,0.4213304026,Gt/yr,haas2020,observed
1941,RR,total,0.4251088268,Gt/yr,haas2020,observed
1942,RR,total,0.4264529674,Gt/yr,haas2020,observed
1943,RR,total,0.4285523629,Gt/yr,haas2020,observed
1944,RR,total,0.4291908841,Gt/yr,haas2020,observed
1945,RR,total,0.4324636726,Gt/yr,haas2020,observed
1946,RR,total,0.4334851349,Gt/yr,haas2020,observed
1947,RR,total,0.4339696767,Gt/yr,haas2020,observed
1948,RR,total,0.4377462786,Gt/yr,haas2020,observed
1949,RR,total,0.4390609521,Gt/yr,haas2020,observed
1950,RR,total,0.4408387462,Gt/yr,haas2020,observed
1951,RR,total,0.4392795593,Gt/yr,haas2020,observed
1952,RR,total,0.4385588877,Gt/yr,haas2020,observed
1953,RR,total,0.442897816,Gt/yr,haas2020,observed
1954,RR,total,0.4423560524,Gt/yr,haas2020,observed
1955,RR,total,0.4473077452,Gt/yr,haas2020,observed
1956,RR,total,0.4471492854,Gt/yr,haas2020,observed
1957,RR,total,0.4496363392,Gt/yr,haas2020,observed
1958,RR,total,0.4517903574,Gt/yr,haas2020,observed
1959,RR,total,0.452131436,Gt/yr,haas2020,observed
1960,RR,total,0.4595864807,Gt/yr,haas2020,observed
1961,RR,total,0.466520145,Gt/yr,haas2020,observed
1962,RR,total,0.4711429883,Gt/yr,haas2020,observed
1963,RR,total,0.4753625304,Gt/yr,haas2020,observed
1964,RR,total,0.4874039997,Gt/yr,haas2020,observed
1965,RR,total,0.495192492,Gt/yr,haas2020,observed
1966,RR,total,0.5047259775,Gt/yr,haas2020,observed
1967,RR,total,0.520635628,Gt/yr,haas2020,observed
1968,RR,total,0.533181415,Gt/yr,haas2020,observed
1969,RR,total,0.5412338113,Gt/yr,haas2020,observed
1970,RR,total,0.5616333972,Gt/yr,haas2020,observed
1971,RR,total,0.590973543,Gt/yr,haas2020,observed
1972,RR,total,0.6220821728,Gt/yr,haas2020,observed
1973,RR,total,0.6533475579,Gt/yr,haas2020,observed
1974,RR,total,0.6909280734,Gt/yr,haas2020,observed
1975,RR,total,0.7187893803,Gt/yr,haas2020,observed
1976,RR,total,0.7548603869,Gt/yr,haas2020,observed
1977,RR,total,0.8008327657,Gt/yr,haas2020,observed
1978,RR,total,0.8451591379,Gt/yr,haas2020,observed
1979,RR,total,0.8907986678,Gt/yr,haas2020,observed
1980,RR,total,0.9532138669,Gt/yr,haas2020,observed
1981,RR,total,1.015918052,Gt/yr,haas2020,observed
1982,RR,total,1.075383783,Gt/yr,haas2020,observed
1983,RR,total,1.153711158,Gt/yr,haas2020,observed
1984,RR,total,1.231112505,Gt/yr,haas2020,observed
1985,RR,total,1.312889543,Gt/yr,haas2020,observed
1986,RR,total,1.401017764,Gt/yr,haas2020,observed
1987,RR,total,1.494464991,Gt/yr,haas2020,observed
1988,RR,total,1.599593684,Gt/yr,haas2020,observed
1989,RR,total,1.705387393,Gt/yr,haas2020,observed
1990,RR,total,1.804698835,Gt/yr,haas2020,observed
1991,RR,total,1.918155814,Gt/yr,haas2020,observed
1992,RR,total,2.059709402,Gt/yr,haas2020,observed
1993,RR,total,2.184976596,Gt/yr,haas2020,observed
1994,RR,total,2.326175579,Gt/yr,haas2020,observed
1995,RR,total,2.45195136,Gt/yr,haas2020,observed
1996,RR,total,2.597173279,Gt/yr,haas2020,observed
1997,RR,total,2.734865293,Gt/yr,haas2020,observed
1998,RR,total,2.866373575,Gt/yr,haas2020,observed
1999,RR,total,2.993274041,Gt/yr,haas2020,observed
2000,RR,total,3.133280592,Gt/yr,haas2020,observed
2001,RR,total,3.28196686,Gt/yr,haas2020,observed
2002,RR,total,3.408182106,Gt/yr,haas2020,observed
2003,RR,total,3.558877184,Gt/yr,haas2020,observed
2004,RR,total,3.709443868,Gt/yr,haas2020,observed
2005,RR,total,3.893717448,Gt/yr,haas2020,observed
2006,RR,total,4.059750932,Gt/yr,haas2020,observed
2007,RR,total,4.235122021,Gt/yr,haas2020,observed
2008,RR,total,4.442605251,Gt/yr,haas2020,observed
2009,RR,total,4.630754347,Gt/yr,haas2020,observed
2010,RR,total,4.860009378,Gt/yr,haas2020,observed
2011,RR,total,5.060922503,Gt/yr,haas2020,observed
2012,RR,total,5.32273226,Gt/yr,haas2020,observed
2013,RR,total,5.57801835,Gt/yr,haas2020,observed
2014,RR,total,5.835966644,Gt/yr,haas2020,observed
2015,RR,total,6.112440574,Gt/yr,haas2020,observed
1900,W,biomass,5.274151528,Gt/yr,haas2020,observed
1901,W,biomass,5.331443426,Gt/yr,haas2020,observed
1902,W,biomass,5.389637914,Gt/yr,haas2020,observed
1903,W,biomass,5.449301574,Gt/yr,haas2020,observed
1904,W,biomass,5.508276788,Gt/yr,haas2020,observed
1905,W,biomass,5.568234048,Gt/yr,haas2020,observed
1906,W,biomass,5.627651444,Gt/yr,haas2020,observed
1907,W,biomass,5.687524616,Gt/yr,haas2020,observed
1908,W,biomass,5.747121061,Gt/yr,haas2020,observed
1909,W,biomass,5.80690538,Gt/yr,haas2020,observed
1910,W,biomass,5.866535283,Gt/yr,haas2020,observed
1911,W,biomass,5.936956971,Gt/yr,haas2020,observed
1912,W,biomass,6.006945015,Gt/yr,haas2020,observed
1913,W,biomass,6.076673533,Gt/yr,haas2020,observed
1914,W,biomass,6.146487914,Gt/yr,haas2020,observed
1915,W,biomass,6.216768765,Gt/yr,haas2020,observed
1916,W,biomass,6.286844355,Gt/yr,haas2020,observed
1917,W,biomass,6.356706008,Gt/yr,haas2020,observed
1918,W,biomass,6.42649353,Gt/yr,haas2020,observed
1919,W,biomass,6.496557053,Gt/yr,haas2020,observed
1920,W,biomass,6.566352885,Gt/yr,haas2020,observed
1921,W,biomass,6.635226531,Gt/yr,haas2020,observed
1922,W,biomass,6.705143729,Gt/yr,haas2020,observed
1923,W,biomass,6.774296613,Gt/yr,haas2020,observed
1924,W,biomass,6.843636403,Gt/yr,haas2020,observed
1925,W,biomass,6.913390972,Gt/yr,haas2020,observed
1926,W,biomass,6.98278946,Gt/yr,haas2020,observed
1927,W,biomass,7.052487301,Gt/yr,haas2020,observed
1928,W,biomass,7.122689424,Gt/yr,haas2020,observed
1929,W,biomass,7.19250317,Gt/yr,haas2020,observed
1930,W,biomass,7.263007134,Gt/yr,haas2020,observed
1931,W,biomass,7.306440493,Gt/yr,haas2020,observed
1932,W,biomass,7.351566437,Gt/yr,haas2020,observed
1933,W,biomass,7.395209982,Gt/yr,haas2020,observed
1934,W,biomass,7.439635908,Gt/yr,haas2020,observed
1935,W,biomass,7.484721953,Gt/yr,haas2020,observed
1936,W,biomass,7.528211321,Gt/yr,haas2020,observed
1937,W,biomass,7.572641013,Gt/yr,haas2020,observed
1938,W,biomass,7.617083246,Gt/yr,haas2020,observed
1939,W,biomass,7.661586439,Gt/yr,haas2020,observed
1940,W,biomass,7.706961157,Gt/yr,haas2020,observed
1941,W,biomass,7.751297186,Gt/yr,haas2020,observed
1942,W,biomass,7.796384413,Gt/yr,haas2020,observed
1943,W,biomass,7.841806605,Gt/yr,haas2020,observed
1944,W,biomass,7.885365449,Gt/yr,haas2020,observed
1945,W,biomass,7.930901267,Gt/yr,haas2020,observed
1946,W,biomass,7.976541966,Gt/yr,haas2020,observed
1947,W,biomass,8.020641479,Gt/yr,haas2020,observed
1948,W,biomass,8.065850633,Gt/yr,haas2020,observed
1949,W,biomass,8.110962359,Gt/yr,haas2020,observed
1950,W,biomass,8.156445123,Gt/yr,haas2020,observed
1951,W,biomass,8.268443561,Gt/yr,haas2020,observed
1952,W,biomass,8.381865612,Gt/yr,haas2020,observed
1953,W,biomass,8.495615661,Gt/yr,haas2020,observed
1954,W,biomass,8.609124047,Gt/yr,haas2020,observed
1955,W,biomass,8.722990532,Gt/yr,haas2020,observed
1956,W,biomass,8.836156011,Gt/yr,haas2020,observed
1957,W,biomass,8.949285642,Gt/yr,haas2020,observed
1958,W,biomass,9.063354479,Gt/yr,haas2020,observed
1959,W,biomass,9.176476334,Gt/yr,haas2020,observed
1960,W,biomass,9.290638571,Gt/yr,haas2020,observed
1961,W,biomass,9.403937657,Gt/yr,haas2020,observed
1962,W,biomass,9.542949901,Gt/yr,haas2020,observed
1963,W,biomass,9.652416831,Gt/yr,haas2020,observed
1964,W,biomass,10.01661931,Gt/yr,haas2020,observed
1965,W,biomass,10.17750236,Gt/yr,haas2020,observed
1966,W,biomass,10.55382213,Gt/yr,haas2020,observed
1967,W,biomass,10.8566185,Gt/yr,haas2020,observed
1968,W,biomass,11.04297654,Gt/yr,haas2020,observed
1969,W,biomass,11.14463136,Gt/yr,haas2020,observed
1970,W,biomass,11.43266932,Gt/yr,haas2020,observed
1971,W,biomass,11.77767911,Gt/yr,haas2020,observed
1972,W,biomass,11.76313025,Gt/yr,haas2020,observed
1973,W,biomass,12.22801052,Gt/yr,haas2020,observed
1974,W,biomass,12.38558377,Gt/yr,haas2020,observed
1975,W,biomass,12.50687671,Gt/yr,haas2020,observed
1976,W,biomass,12.83279302,Gt/yr,haas2020,observed
1977,W,biomass,12.94382699,Gt/yr,haas2020,observed
1978,W,biomass,13.3127472,Gt/yr,haas2020,observed
1979,W,biomass,13.37426573,Gt/yr,haas2020,observed
1980,W,biomass,13.39521162,Gt/yr,haas2020,observed
1981,W,biomass,13.78954908,Gt/yr,haas2020,observed
1982,W,biomass,14.10174789,Gt/yr,haas2020,observed
1983,W,biomass,14.03755877,Gt/yr,haas2020,observed
1984,W,biomass,14.56985992,Gt/yr,haas2020,observed
1985,W,biomass,14.78477983,Gt/yr,haas2020,observed
1986,W,biomass,14.93770613,Gt/yr,haas2020,observed
1987,W,biomass,15.01998861,Gt/yr,haas2020,observed
1988,W,biomass,15.08139955,Gt/yr,haas2020,observed
1989,W,biomass,15.61730009,Gt/yr,haas2020,observed
1990,W,biomass,15.94849388,Gt/yr,haas2020,observed
1991,W,biomass,15.88845825,Gt/yr,haas2020,observed
1992,W,biomass,16.13260235,Gt/yr,haas2020,observed
1993,W,biomass,15.87407476,Gt/yr,haas2020,observed
1994,W,biomass,16.10728225,Gt/yr,haas2020,observed
1995,W,biomass,16.22992451,Gt/yr,haas2020,observed
1996,W,biomass,16.71684284,Gt/yr,haas2020,observed
1997,W,biomass,16.75330568,Gt/yr,haas2020,observed
1998,W,biomass,16.8533937,Gt/yr,haas2020,observed
1999,W,biomass,17.07439187,Gt/yr,haas2020,observed
2000,W,biomass,17.18365591,Gt/yr,haas2020,observed
2001,W,biomass,17.29644318,Gt/yr,haas2020,observed
2002,W,biomass,17.48146015,Gt/yr,haas2020,observed
2003,W,biomass,17.76881154,Gt/yr,haas2020,observed
2004,W,biomass,18.3987805,Gt/yr,haas2020,observed
2005,W,biomass,18.70825038,Gt/yr,haas2020,observed
2006,W,biomass,19.04164307,Gt/yr,haas2020,observed
2007,W,biomass,19.76060945,Gt/yr,haas2020,observed
2008,W,biomass,20.46393209,Gt/yr,haas2020,observed
2009,W,biomass,20.55574439,Gt/yr,haas2020,observed
2010,W,biomass,20.89866768,Gt/yr,haas2020,observed
2011,W,biomass,21.41174603,Gt/yr,haas2020,observed
2012,W,biomass,21.58651597,Gt/yr,haas2020,observed
2013,W,biomass,22.28378269,Gt/yr,haas2020,observed
2014,W,biomass,22.51952662,Gt/yr,haas2020,observed
2015,W,biomass,22.67558769,Gt/yr,haas2020,observed
1900,W,fossil,0.9674449631,Gt/yr,haas2020,observed
1901,W,fossil,0.9945563339,Gt/yr,haas2020,observed
1902,W,fossil,1.016628579,Gt/yr,haas2020,observed
1903,W,fossil,1.114395693,Gt/yr,haas2020,observed
1904,W,fossil,1.125502716,Gt/yr,haas2020,observed
1905,W,fossil,1.188792326,Gt/yr,haas2020,observed
1906,W,fossil,1.280764473,Gt/yr,haas2020,observed
1907,W,fossil,1.417625727,Gt/yr,haas2020,observed
1908,W,fossil,1.349321262,Gt/yr,haas2020,observed
1909,W,fossil,1.40820668,Gt/yr,haas2020,observed
1910,W,fossil,1.473345563,Gt/yr,haas2020,observed
1911,W,fossil,1.503989375,Gt/yr,haas2020,observed
1912,W,fossil,1.584716221,Gt/yr,haas2020,observed
1913,W,fossil,1.699370061,Gt/yr,haas2020,observed
1914,W,fossil,1.529214891,Gt/yr,haas2020,observed
1915,W,fossil,1.514020971,Gt/yr,haas2020,observed
1916,W,fossil,1.629912112,Gt/yr,haas2020,observed
1917,W,fossil,1.720420503,Gt/yr,haas2020,observed
1918,W,fossil,1.694956301,Gt/yr,haas2020,observed
1919,W,fossil,1.496440284,Gt/yr,haas2020,observed
1920,W,fossil,1.723399927,Gt/yr,haas2020,observed
1921,W,fossil,1.475951533,Gt/yr,haas2020,observed
1922,W,fossil,1.5780055,Gt/yr,haas2020,observed
1923,W,fossil,1.79360068,Gt/yr,haas2020,observed
1924,W,fossil,1.775299402,Gt/yr,haas2020,observed
1925,W,fossil,1.785192111,Gt/yr,haas2020,observed
1926,W,fossil,1.782028066,Gt/yr,haas2020,observed
1927,W,fossil,1.901549216,Gt/yr,haas2020,observed
1928,W,fossil,2.064330304,Gt/yr,haas2020,observed
1929,W,fossil,2.058974953,Gt/yr,haas2020,observed
1930,W,fossil,1.895130438,Gt/yr,haas2020,observed
1931,W,fossil,1.690024795,Gt/yr,haas2020,observed
1932,W,fossil,1.518830893,Gt/yr,haas2020,observed
1933,W,fossil,1.59775197,Gt/yr,haas2020,observed
1934,W,fossil,1.744109962,Gt/yr,haas2020,observed
1935,W,fossil,1.83608129,Gt/yr,haas2020,observed
1936,W,fossil,2.012800106,Gt/yr,haas2020,observed
1937,W,fossil,2.146294254,Gt/yr,haas2020,observed
1938,W,fossil,1.958714837,Gt/yr,haas2020,observed
1939,W,fossil,2.155021216,Gt/yr,haas2020,observed
1940,W,fossil,2.366594003,Gt/yr,haas2020,observed
1941,W,fossil,2.443567317,Gt/yr,haas2020,observed
1942,W,fossil,2.465200518,Gt/yr,haas2020,observed
1943,W,fossil,2.538524116,Gt/yr,haas2020,observed
1944,W,fossil,2.523855161,Gt/yr,haas2020,observed
1945,W,fossil,2.059235694,Gt/yr,haas2020,observed
1946,W,fossil,2.199557054,Gt/yr,haas2020,observed
1947,W,fossil,2.469767343,Gt/yr,haas2020,observed
1948,W,fossil,2.595023736,Gt/yr,haas2020,observed
1949,W,fossil,2.507907758,Gt/yr,haas2020,observed
1950,W,fossil,2.738952271,Gt/yr,haas2020,observed
1951,W,fossil,2.921764109,Gt/yr,haas2020,observed
1952,W,fossil,2.968882907,Gt/yr,haas2020,observed
1953,W,fossil,3.01404826,Gt/yr,haas2020,observed
1954,W,fossil,3.063419251,Gt/yr,haas2020,observed
1955,W,fossil,3.338799842,Gt/yr,haas2020,observed
1956,W,fossil,3.541430146,Gt/yr,haas2020,observed
1957,W,fossil,3.688469153,Gt/yr,haas2020,observed
1958,W,fossil,3.875909766,Gt/yr,haas2020,observed
1959,W,fossil,4.091012421,Gt/yr,haas2020,observed
1960,W,fossil,4.39438464,Gt/yr,haas2020,observed
1961,W,fossil,4.44713362,Gt/yr,haas2020,observed
1962,W,fossil,4.712766341,Gt/yr,haas2020,observed
1963,W,fossil,5.076681844,Gt/yr,haas2020,observed
1964,W,fossil,5.345989255,Gt/yr,haas2020,observed
1965,W,fossil,5.239605523,Gt/yr,haas2020,observed
1966,W,fossil,5.469290888,Gt/yr,haas2020,observed
1967,W,fossil,5.502338541,Gt/yr,haas2020,observed
1968,W,fossil,5.823393051,Gt/yr,haas2020,observed
1969,W,fossil,6.000617892,Gt/yr,haas2020,observed
1970,W,fossil,6.239986569,Gt/yr,haas2020,observed
1971,W,fossil,6.441301165,Gt/yr,haas2020,observed
1972,W,fossil,6.664822471,Gt/yr,haas2020,observed
1973,W,fossil,6.973468074,Gt/yr,haas2020,observed
1974,W,fossil,7.019828672,Gt/yr,haas2020,observed
1975,W,fossil,7.09094888,Gt/yr,haas2020,observed
1976,W,fossil,7.426277394,Gt/yr,haas2020,observed
1977,W,fossil,7.690943403,Gt/yr,haas2020,observed
1978,W,fossil,7.828583498,Gt/yr,haas2020,observed
1979,W,fossil,8.17416109,Gt/yr,haas2020,observed
1980,W,fossil,8.132299728,Gt/yr,haas2020,observed
1981,W,fossil,8.020805595,Gt/yr,haas2020,observed
1982,W,fossil,8.215156774,Gt/yr,haas2020,observed
1983,W,fossil,8.241479385,Gt/yr,haas2020,observed
1984,W,fossil,8.609669987,Gt/yr,haas2020,observed
1985,W,fossil,8.611741418,Gt/yr,haas2020,observed
1986,W,fossil,8.851697639,Gt/yr,haas2020,observed
1987,W,fossil,9.032982637,Gt/yr,haas2020,observed
1988,W,fossil,9.274635801,Gt/yr,haas2020,observed
1989,W,fossil,9.442744053,Gt/yr,haas2020,observed
1990,W,fossil,9.38225843,Gt/yr,haas2020,observed
1991,W,fossil,9.223079801,Gt/yr,haas2020,observed
1992,W,fossil,9.064670894,Gt/yr,haas2020,observed
1993,W,fossil,9.007934219,Gt/yr,haas2020,observed
1994,W,fossil,9.129053723,Gt/yr,haas2020,observed
1995,W,fossil,9.353600727,Gt/yr,haas2020,observed
1996,W,fossil,9.567759239,Gt/yr,haas2020,observed
1997,W,fossil,9.635554207,Gt/yr,haas2020,observed
1998,W,fossil,9.692541868,Gt/yr,haas2020,observed
1999,W,fossil,9.608164819,Gt/yr,haas2020,observed
2000,W,fossil,9.923001331,Gt/yr,haas2020,observed
2001,W,fossil,10.18132397,Gt/yr,haas2020,observed
2002,W,fossil,10.24603079,Gt/yr,haas2020,observed
2003,W,fossil,10.8028163,Gt/yr,haas2020,observed
2004,W,fossil,11.38472794,Gt/yr,haas2020,observed
2005,W,fossil,11.83683155,Gt/yr,haas2020,observed
2006,W,fossil,12.23486781,Gt/yr,haas2020,observed
2007,W,fossil,12.47139386,Gt/yr,haas2020,observed
2008,W,fossil,12.77040379,Gt/yr,haas2020,observed
2009,W,fossil,12.71980483,Gt/yr,haas2020,observed
2010,W,fossil,13.30716867,Gt/yr,haas2020,observed
2011,W,fossil,14.00092516,Gt/yr,haas2020,observed
2012,W,fossil,14.23101236,Gt/yr,haas2020,observed
2013,W,fossil,14.39220661,Gt/yr,haas2020,observed
2014,W,fossil,14.41795158,Gt/yr,haas2020,observed
2015,W,fossil,14.38376178,Gt/yr,haas2020,observed
1900,W,metals,0.1142383477,Gt/yr,haas2020,observed
1901,W,metals,0.1191416949,Gt/yr,haas2020,observed
1902,W,metals,0.1233189217,Gt/yr,haas2020,observed
1903,W,metals,0.1275138808,Gt/yr,haas2020,observed
1904,W,metals,0.1330448381,Gt/yr,haas2020,observed
1905,W,metals,0.1491237218,Gt/yr,haas2020,observed
1906,W,metals,0.1475015894,Gt/yr,haas2020,observed
1907,W,metals,0.1663596441,Gt/yr,haas2020,observed
1908,W,metals,0.1635929749,Gt/yr,haas2020,observed
1909,W,metals,0.1787771156,Gt/yr,haas2020,observed
1910,W,metals,0.1938854947,Gt/yr,haas2020,observed
1911,W,metals,0.1952547907,Gt/yr,haas2020,observed
1912,W,metals,0.2161952004,Gt/yr,haas2020,observed
1913,W,metals,0.2354224825,Gt/yr,haas2020,observed
1914,W,metals,0.1988825436,Gt/yr,haas2020,observed
1915,W,metals,0.205745665,Gt/yr,haas2020,observed
1916,W,metals,0.2377172108,Gt/yr,haas2020,observed
1917,W,metals,0.243796288,Gt/yr,haas2020,observed
1918,W,metals,0.2338332857,Gt/yr,haas2020,observed
1919,W,metals,0.1959726632,Gt/yr,haas2020,observed
1920,W,metals,0.2053576302,Gt/yr,haas2020,observed
1921,W,metals,0.1485543529,Gt/yr,haas2020,observed
1922,W,metals,0.1919339292,Gt/yr,haas2020,observed
1923,W,metals,0.2353185685,Gt/yr,haas2020,observed
1924,W,metals,0.2460868987,Gt/yr,haas2020,observed
1925,W,metals,0.2731626222,Gt/yr,haas2020,observed
1926,W,metals,0.2772978191,Gt/yr,haas2020,observed
1927,W,metals,0.2945415909,Gt/yr,haas2020,observed
1928,W,metals,0.3195287442,Gt/yr,haas2020,observed
1929,W,metals,0.3542495815,Gt/yr,haas2020,observed
1930,W,metals,0.3194335556,Gt/yr,haas2020,observed
1931,W,metals,0.2609610015,Gt/yr,haas2020,observed
1932,W,metals,0.1893939157,Gt/yr,haas2020,observed
1933,W,metals,0.2103458522,Gt/yr,haas2020,observed
1934,W,metals,0.2611373841,Gt/yr,haas2020,observed
1935,W,metals,0.2964135712,Gt/yr,haas2020,observed
1936,W,metals,0.3530567589,Gt/yr,haas2020,observed
1937,W,metals,0.4304802039,Gt/yr,haas2020,observed
1938,W,metals,0.3752411674,Gt/yr,haas2020,observed
1939,W,metals,0.4131491308,Gt/yr,haas2020,observed
1940,W,metals,0.4600680202,Gt/yr,haas2020,observed
1941,W,metals,0.4813252205,Gt/yr,haas2020,observed
1942,W,metals,0.4565788496,Gt/yr,haas2020,observed
1943,W,metals,0.4728201739,Gt/yr,haas2020,observed
1944,W,metals,0.4193236167,Gt/yr,haas2020,observed
1945,W,metals,0.3674367713,Gt/yr,haas2020,observed
1946,W,metals,0.3410101118,Gt/yr,haas2020,observed
1947,W,metals,0.3997917747,Gt/yr,haas2020,observed
1948,W,metals,0.4448180169,Gt/yr,haas2020,observed
1949,W,metals,0.4466819103,Gt/yr,haas2020,observed
1950,W,metals,0.4872960869,Gt/yr,haas2020,observed
1951,W,metals,0.5243834289,Gt/yr,haas2020,observed
1952,W,metals,0.5436676888,Gt/yr,haas2020,observed
1953,W,metals,0.5860540351,Gt/yr,haas2020,observed
1954,W,metals,0.629218061,Gt/yr,haas2020,observed
1955,W,metals,0.6370128689,Gt/yr,haas2020,observed
1956,W,metals,0.676398953,Gt/yr,haas2020,observed
1957,W,metals,0.7103820424,Gt/yr,haas2020,observed
1958,W,metals,0.6572897567,Gt/yr,haas2020,observed
1959,W,metals,0.7049977116,Gt/yr,haas2020,observed
1960,W,metals,0.7989779146,Gt/yr,haas2020,observed
1961,W,metals,0.8065676513,Gt/yr,haas2020,observed
1962,W,metals,0.8188825093,Gt/yr,haas2020,observed
1963,W,metals,0.8364220192,Gt/yr,haas2020,observed
1964,W,metals,0.8900145722,Gt/yr,haas2020,observed
1965,W,metals,0.946799922,Gt/yr,haas2020,observed
1966,W,metals,0.9706545713,Gt/yr,haas2020,observed
1967,W,metals,1.011506639,Gt/yr,haas2020,observed
1968,W,metals,1.067763835,Gt/yr,haas2020,observed
1969,W,metals,1.124523457,Gt/yr,haas2020,observed
1970,W,metals,1.24465206,Gt/yr,haas2020,observed
1971,W,metals,1.268594228,Gt/yr,haas2020,observed
1972,W,metals,1.284732442,Gt/yr,haas2020,observed
1973,W,metals,1.369646934,Gt/yr,haas2020,observed
1974,W,metals,1.457077945,Gt/yr,haas2020,observed
1975,W,metals,1.49724877,Gt/yr,haas2020,observed
1976,W,metals,1.507625984,Gt/yr,haas2020,observed
1977,W,metals,1.492672113,Gt/yr,haas2020,observed
1978,W,metals,1.504746385,Gt/yr,haas2020,observed
1979,W,metals,1.58322917,Gt/yr,haas2020,observed
1980,W,metals,1.617112912,Gt/yr,haas2020,observed
1981,W,metals,1.628448603,Gt/yr,haas2020,observed
1982,W,metals,1.568575822,Gt/yr,haas2020,observed
1983,W,metals,1.485865949,Gt/yr,haas2020,observed
1984,W,metals,1.619698955,Gt/yr,haas2020,observed
1985,W,metals,1.689116591,Gt/yr,haas2020,observed
1986,W,metals,1.719727377,Gt/yr,haas2020,observed
1987,W,metals,1.815694259,Gt/yr,haas2020,observed
1988,W,metals,1.98360261,Gt/yr,haas2020,observed
1989,W,metals,2.11941155,Gt/yr,haas2020,observed
1990,W,metals,2.146151195,Gt/yr,haas2020,observed
1991,W,metals,2.119546313,Gt/yr,haas2020,observed
1992,W,metals,2.108584459,Gt/yr,haas2020,observed
1993,W,metals,2.130433058,Gt/yr,haas2020,observed
1994,W,metals,2.173695072,Gt/yr,haas2020,observed
1995,W,metals,2.312885982,Gt/yr,haas2020,observed
1996,W,metals,2.426176465,Gt/yr,haas2020,observed
1997,W,metals,2.551101222,Gt/yr,haas2020,observed
1998,W,metals,2.648159846,Gt/yr,haas2020,observed
1999,W,metals,2.706738081,Gt/yr,haas2020,observed
2000,W,metals,2.846487219,Gt/yr,haas2020,observed
2001,W,metals,2.877726272,Gt/yr,haas2020,observed
2002,W,metals,2.913804239,Gt/yr,haas2020,observed
2003,W,metals,3.006692267,Gt/yr,haas2020,observed
2004,W,metals,3.332208336,Gt/yr,haas2020,observed
2005,W,metals,3.563526109,Gt/yr,haas2020,observed
2006,W,metals,3.823781909,Gt/yr,haas2020,observed
2007,W,metals,4.097535976,Gt/yr,haas2020,observed
2008,W,metals,4.353578561,Gt/yr,haas2020,observed
2009,W,metals,4.427273591,Gt/yr,haas2020,observed
2010,W,metals,4.731608926,Gt/yr,haas2020,observed
2011,W,metals,5.201640926,Gt/yr,haas2020,observed
2012,W,metals,5.250461247,Gt/yr,haas2020,observed
2013,W,metals,5.591404273,Gt/yr,haas2020,observed
2014,W,metals,5.785012707,Gt/yr,haas2020,observed
2015,W,metals,5.85996358,Gt/yr,haas2020,observed
1900,W,non_metallic_minerals,0.75519819,Gt/yr,haas2020,observed
1901,W,non_metallic_minerals,0.7672200947,Gt/yr,haas2020,observed
1902,W,non_metallic_minerals,0.781569106,Gt/yr,haas2020,observed
1903,W,non_metallic_minerals,0.7937992239,Gt/yr,haas2020,observed
1904,W,non_metallic_minerals,0.8041376523,Gt/yr,haas2020,observed
1905,W,non_metallic_minerals,0.8161993999,Gt/yr,haas2020,observed
1906,W,non_metallic_minerals,0.8298150278,Gt/yr,haas2020,observed
1907,W,non_metallic_minerals,0.8430431114,Gt/yr,haas2020,observed
1908,W,non_metallic_minerals,0.8597622851,Gt/yr,haas2020,observed
1909,W,non_metallic_minerals,0.8742732958,Gt/yr,haas2020,observed
1910,W,non_metallic_minerals,0.8888393959,Gt/yr,haas2020,observed
1911,W,non_metallic_minerals,0.9038745653,Gt/yr,haas2020,observed
1912,W,non_metallic_minerals,0.9208379088,Gt/yr,haas2020,observed
1913,W,non_metallic_minerals,0.938699263,Gt/yr,haas2020,observed
1914,W,non_metallic_minerals,0.9444666088,Gt/yr,haas2020,observed
1915,W,non_metallic_minerals,0.9495951889,Gt/yr,haas2020,observed
1916,W,non_metallic_minerals,0.9623935066,Gt/yr,haas2020,observed
1917,W,non_metallic_minerals,0.970146852,Gt/yr,haas2020,observed
1918,W,non_metallic_minerals,0.9783123803,Gt/yr,haas2020,observed
1919,W,non_metallic_minerals,0.9867806279,Gt/yr,haas2020,observed
1920,W,non_metallic_minerals,1.006139968,Gt/yr,haas2020,observed
1921,W,non_metallic_minerals,1.017056494,Gt/yr,haas2020,observed
1922,W,non_metallic_minerals,1.042389635,Gt/yr,haas2020,observed
1923,W,non_metallic_minerals,1.058130501,Gt/yr,haas2020,observed
1924,W,non_metallic_minerals,1.090516188,Gt/yr,haas2020,observed
1925,W,non_metallic_minerals,1.120129227,Gt/yr,haas2020,observed
1926,W,non_metallic_minerals,1.144652796,Gt/yr,haas2020,observed
1927,W,non_metallic_minerals,1.16705168,Gt/yr,haas2020,observed
1928,W,non_metallic_minerals,1.18961313,Gt/yr,haas2020,observed
1929,W,non_metallic_minerals,1.212122127,Gt/yr,haas2020,observed
1930,W,non_metallic_minerals,1.230197929,Gt/yr,haas2020,observed
1931,W,non_metallic_minerals,1.226206274,Gt/yr,haas2020,observed
1932,W,non_metallic_minerals,1.23096742,Gt/yr,haas2020,observed
1933,W,non_metallic_minerals,1.252741639,Gt/yr,haas2020,observed
1934,W,non_metallic_minerals,1.278612016,Gt/yr,haas2020,observed
1935,W,non_metallic_minerals,1.302918515,Gt/yr,haas2020,observed
1936,W,non_metallic_minerals,1.323657203,Gt/yr,haas2020,observed
1937,W,non_metallic_minerals,1.355051607,Gt/yr,haas2020,observed
1938,W,non_metallic_minerals,1.37479826,Gt/yr,haas2020,observed
1939,W,non_metallic_minerals,1.404838788,Gt/yr,haas2020,observed
1940,W,non_metallic_minerals,1.42062783,Gt/yr,haas2020,observed
1941,W,non_metallic_minerals,1.449145134,Gt/yr,haas2020,observed
1942,W,non_metallic_minerals,1.464219074,Gt/yr,haas2020,observed
1943,W,non_metallic_minerals,1.478120843,Gt/yr,haas2020,observed
1944,W,non_metallic_minerals,1.482509285,Gt/yr,haas2020,observed
1945,W,non_metallic_minerals,1.486742377,Gt/yr,haas2020,observed
1946,W,non_metallic_minerals,1.532430318,Gt/yr,haas2020,observed
1947,W,non_metallic_minerals,1.572534604,Gt/yr,haas2020,observed
1948,W,non_metallic_minerals,1.624210097,Gt/yr,haas2020,observed
1949,W,non_metallic_minerals,1.656681119,Gt/yr,haas2020,observed
1950,W,non_metallic_minerals,1.709563946,Gt/yr,haas2020,observed
1951,W,non_metallic_minerals,1.773220928,Gt/yr,haas2020,observed
1952,W,non_metallic_minerals,1.824241949,Gt/yr,haas2020,observed
1953,W,non_metallic_minerals,1.881663958,Gt/yr,haas2020,observed
1954,W,non_metallic_minerals,1.94397467,Gt/yr,haas2020,observed
1955,W,non_metallic_minerals,2.020890348,Gt/yr,haas2020,observed
1956,W,non_metallic_minerals,2.094011907,Gt/yr,haas2020,observed
1957,W,non_metallic_minerals,2.16063979,Gt/yr,haas2020,observed
1958,W,non_metallic_minerals,2.226226276,Gt/yr,haas2020,observed
1959,W,non_metallic_minerals,2.328789262,Gt/yr,haas2020,observed
1960,W,non_metallic_minerals,2.40694695,Gt/yr,haas2020,observed
1961,W,non_metallic_minerals,2.495937088,Gt/yr,haas2020,observed
1962,W,non_metallic_minerals,2.610012104,Gt/yr,haas2020,observed
1963,W,non_metallic_minerals,2.777349215,Gt/yr,haas2020,observed
1964,W,non_metallic_minerals,2.913400802,Gt/yr,haas2020,observed
1965,W,non_metallic_minerals,3.030758827,Gt/yr,haas2020,observed
1966,W,non_metallic_minerals,3.177122319,Gt/yr,haas2020,observed
1967,W,non_metallic_minerals,3.294182976,Gt/yr,haas2020,observed
1968,W,non_metallic_minerals,3.454343404,Gt/yr,haas2020,observed
1969,W,non_metallic_minerals,3.606487628,Gt/yr,haas2020,observed
1970,W,non_metallic_minerals,3.768952951,Gt/yr,haas2020,observed
1971,W,non_metallic_minerals,3.92253385,Gt/yr,haas2020,observed
1972,W,non_metallic_minerals,4.146501464,Gt/yr,haas2020,observed
1973,W,non_metallic_minerals,4.317260465,Gt/yr,haas2020,observed
1974,W,non_metallic_minerals,4.500972034,Gt/yr,haas2020,observed
1975,W,non_metallic_minerals,4.629369934,Gt/yr,haas2020,observed
1976,W,non_metallic_minerals,4.854273822,Gt/yr,haas2020,observed
1977,W,non_metallic_minerals,5.04934256,Gt/yr,haas2020,observed
1978,W,non_metallic_minerals,5.282442282,Gt/yr,haas2020,observed
1979,W,non_metallic_minerals,5.4229327,Gt/yr,haas2020,observed
1980,W,non_metallic_minerals,5.653242928,Gt/yr,haas2020,observed
1981,W,non_metallic_minerals,5.774132196,Gt/yr,haas2020,observed
1982,W,non_metallic_minerals,5.951465792,Gt/yr,haas2020,observed
1983,W,non_metallic_minerals,6.207907367,Gt/yr,haas2020,observed
1984,W,non_metallic_minerals,6.512780515,Gt/yr,haas2020,observed
1985,W,non_metallic_minerals,6.72396093,Gt/yr,haas2020,observed
1986,W,non_metallic_minerals,6.944045619,Gt/yr,haas2020,observed
1987,W,non_metallic_minerals,7.225625962,Gt/yr,haas2020,observed
1988,W,non_metallic_minerals,7.629893263,Gt/yr,haas2020,observed
1989,W,non_metallic_minerals,7.805179624,Gt/yr,haas2020,observed
1990,W,non_metallic_minerals,8.047986564,Gt/yr,haas2020,observed
1991,W,non_metallic_minerals,8.239550574,Gt/yr,haas2020,observed
1992,W,non_metallic_minerals,8.480704801,Gt/yr,haas2020,observed
1993,W,non_metallic_minerals,8.864915603,Gt/yr,haas2020,observed
1994,W,non_metallic_minerals,9.243682063,Gt/yr,haas2020,observed
1995,W,non_metallic_minerals,10.0188698,Gt/yr,haas2020,observed
1996,W,non_metallic_minerals,10.26948872,Gt/yr,haas2020,observed
1997,W,non_metallic_minerals,10.42400487,Gt/yr,haas2020,observed
1998,W,non_metallic_minerals,10.8615998,Gt/yr,haas2020,observed
1999,W,non_metallic_minerals,11.31191943,Gt/yr,haas2020,observed
2000,W,non_metallic_minerals,11.53248043,Gt/yr,haas2020,observed
2001,W,non_metallic_minerals,11.85656441,Gt/yr,haas2020,observed
2002,W,non_metallic_minerals,12.20506155,Gt/yr,haas2020,observed
2003,W,non_metallic_minerals,12.66796339,Gt/yr,haas2020,observed
2004,W,non_metallic_minerals,12.94626684,Gt/yr,haas2020,observed
2005,W,non_metallic_minerals,13.68809371,Gt/yr,haas2020,observed
2006,W,non_metallic_minerals,14.27221769,Gt/yr,haas2020,observed
2007,W,non_metallic_minerals,14.96173023,Gt/yr,haas2020,observed
2008,W,non_metallic_minerals,15.44914363,Gt/yr,haas2020,observed
2009,W,non_metallic_minerals,16.05917381,Gt/yr,haas2020,observed
2010,W,non_metallic_minerals,16.80245659,Gt/yr,haas2020,observed
2011,W,non_metallic_minerals,17.68009227,Gt/yr,haas2020,observed
2012,W,non_metallic_minerals,18.49766931,Gt/yr,haas2020,observed
2013,W,non_metallic_minerals,19.2435729,Gt/yr,haas2020,observed
2014,W,non_metallic_minerals,20.08134411,Gt/yr,haas2020,observed
2015,W,non_metallic_minerals,20.83066678,Gt/yr,haas2020,observed
1900,W,total,7.111033029,Gt/yr,haas2020,observed
1901,W,total,7.212361549,Gt/yr,haas2020,observed
1902,W,total,7.311154521,Gt/yr,haas2020,observed
1903,W,total,7.485010372,Gt/yr,haas2020,observed
1904,W,total,7.570961994,Gt/yr,haas2020,observed
1905,W,total,7.722349496,Gt/yr,haas2020,observed
1906,W,total,7.885732534,Gt/yr,haas2020,observed
1907,W,total,8.114553099,Gt/yr,haas2020,observed
1908,W,total,8.119797583,Gt/yr,haas2020,observed
1909,W,total,8.268162471,Gt/yr,haas2020,observed
1910,W,total,8.422605737,Gt/yr,haas2020,observed
1911,W,total,8.540075702,Gt/yr,haas2020,observed
1912,W,total,8.728694345,Gt/yr,haas2020,observed
1913,W,total,8.950165339,Gt/yr,haas2020,observed
1914,W,total,8.819051957,Gt/yr,haas2020,observed
1915,W,total,8.88613059,Gt/yr,haas2020,observed
1916,W,total,9.116867184,Gt/yr,haas2020,observed
1917,W,total,9.291069651,Gt/yr,haas2020,observed
1918,W,total,9.333595497,Gt/yr,haas2020,observed
1919,W,total,9.175750628,Gt/yr,haas2020,observed
1920,W,total,9.50125041,Gt/yr,haas2020,observed
1921,W,total,9.276788911,Gt/yr,haas2020,observed
1922,W,total,9.517472793,Gt/yr,haas2020,observed
1923,W,total,9.861346362,Gt/yr,haas2020,observed
1924,W,total,9.955538892,Gt/yr,haas2020,observed
1925,W,total,10.09187493,Gt/yr,haas2020,observed
1926,W,total,10.18676814,Gt/yr,haas2020,observed
1927,W,total,10.41562979,Gt/yr,haas2020,observed
1928,W,total,10.6961616,Gt/yr,haas2020,observed
1929,W,total,10.81784983,Gt/yr,haas2020,observed
1930,W,total,10.70776906,Gt/yr,haas2020,observed
1931,W,total,10.48363256,Gt/yr,haas2020,observed
1932,W,total,10.29075867,Gt/yr,haas2020,observed
1933,W,total,10.45604944,Gt/yr,haas2020,observed
1934,W,total,10.72349527,Gt/yr,haas2020,observed
1935,W,total,10.92013533,Gt/yr,haas2020,observed
1936,W,total,11.21772539,Gt/yr,haas2020,observed
1937,W,total,11.50446708,Gt/yr,haas2020,observed
1938,W,total,11.32583751,Gt/yr,haas2020,observed
1939,W,total,11.63459557,Gt/yr,haas2020,observed
1940,W,total,11.95425101,Gt/yr,haas2020,observed
1941,W,total,12.12533486,Gt/yr,haas2020,observed
1942,W,total,12.18238285,Gt/yr,haas2020,observed
1943,W,total,12.33127174,Gt/yr,haas2020,observed
1944,W,total,12.31105351,Gt/yr,haas2020,observed
1945,W,total,11.84431611,Gt/yr,haas2020,observed
1946,W,total,12.04953945,Gt/yr,haas2020,observed
1947,W,total,12.4627352,Gt/yr,haas2020,observed
1948,W,total,12.72990248,Gt/yr,haas2020,observed
1949,W,total,12.72223315,Gt/yr,haas2020,observed
1950,W,total,13.09225743,Gt/yr,haas2020,observed
1951,W,total,13.48781203,Gt/yr,haas2020,observed
1952,W,total,13.71865816,Gt/yr,haas2020,observed
1953,W,total,13.97738191,Gt/yr,haas2020,observed
1954,W,total,14.24573603,Gt/yr,haas2020,observed
1955,W,total,14.71969359,Gt/yr,haas2020,observed
1956,W,total,15.14799702,Gt/yr,haas2020,observed
1957,W,total,15.50877663,Gt/yr,haas2020,observed
1958,W,total,15.82278028,Gt/yr,haas2020,observed
1959,W,total,16.30127573,Gt/yr,haas2020,observed
1960,W,total,16.89094808,Gt/yr,haas2020,observed
1961,W,total,17.15357602,Gt/yr,haas2020,observed
1962,W,total,17.68461086,Gt/yr,haas2020,observed
1963,W,total,18.34286991,Gt/yr,haas2020,observed
1964,W,total,19.16602394,Gt/yr,haas2020,observed
1965,W,total,19.39466663,Gt/yr,haas2020,observed
1966,W,total,20.17088991,Gt/yr,haas2020,observed
1967,W,total,20.66464666,Gt/yr,haas2020,observed
1968,W,total,21.38847683,Gt/yr,haas2020,observed
1969,W,total,21.87626034,Gt/yr,haas2020,observed
1970,W,total,22.6862609,Gt/yr,haas2020,observed
1971,W,total,23.41010835,Gt/yr,haas2020,observed
1972,W,total,23.85918663,Gt/yr,haas2020,observed
1973,W,total,24.88838599,Gt/yr,haas2020,observed
1974,W,total,25.36346242,Gt/yr,haas2020,observed
1975,W,total,25.72444429,Gt/yr,haas2020,observed
1976,W,total,26.62097022,Gt/yr,haas2020,observed
1977,W,total,27.17678507,Gt/yr,haas2020,observed
1978,W,total,27.92851936,Gt/yr,haas2020,observed
1979,W,total,28.55458869,Gt/yr,haas2020,observed
1980,W,total,28.79786719,Gt/yr,haas2020,observed
1981,W,total,29.21293547,Gt/yr,haas2020,observed
1982,W,total,29.83694628,Gt/yr,haas2020,observed
1983,W,total,29.97281147,Gt/yr,haas2020,observed
1984,W,total,31.31200938,Gt/yr,haas2020,observed
1985,W,total,31.80959877,Gt/yr,haas2020,observed
1986,W,total,32.45317677,Gt/yr,haas2020,observed
1987,W,total,33.09429147,Gt/yr,haas2020,observed
1988,W,total,33.96953122,Gt/yr,haas2020,observed
1989,W,total,34.98463532,Gt/yr,haas2020,observed
1990,W,total,35.52489007,Gt/yr,haas2020,observed
1991,W,total,35.47063494,Gt/yr,haas2020,observed
1992,W,total,35.7865625,Gt/yr,haas2020,observed
1993,W,total,35.87735764,Gt/yr,haas2020,observed
1994,W,total,36.65371311,Gt/yr,haas2020,observed
1995,W,total,37.91528102,Gt/yr,haas2020,observed
1996,W,total,38.98026726,Gt/yr,haas2020,observed
1997,W,total,39.36396598,Gt/yr,haas2020,observed
1998,W,total,40.05569521,Gt/yr,haas2020,observed
1999,W,total,40.7012142,Gt/yr,haas2020,observed
2000,W,total,41.48562489,Gt/yr,haas2020,observed
2001,W,total,42.21205783,Gt/yr,haas2020,observed
2002,W,total,42.84635673,Gt/yr,haas2020,observed
2003,W,total,44.2462835,Gt/yr,haas2020,observed
2004,W,total,46.06198362,Gt/yr,haas2020,observed
2005,W,total,47.79670175,Gt/yr,haas2020,observed
2006,W,total,49.37251048,Gt/yr,haas2020,observed
2007,W,total,51.29126952,Gt/yr,haas2020,observed
2008,W,total,53.03705807,Gt/yr,haas2020,observed
2009,W,total,53.76199662,Gt/yr,haas2020,observed
2010,W,total,55.73990187,Gt/yr,haas2020,observed
2011,W,total,58.29440439,Gt/yr,haas2020,observed
2012,W,total,59.56565889,Gt/yr,haas2020,observed
2013,W,total,61.51096647,Gt/yr,haas2020,observed
2014,W,total,62.80383502,Gt/yr,haas2020,observed
2015,W,total,63.74997983,Gt/yr,haas2020,observed
1900,Wcum_disposal,biomass,2.968546968,Gt,haas2020,observed
1901,Wcum_disposal,biomass,5.970975225,Gt,haas2020,observed
1902,Wcum_disposal,biomass,9.008209749,Gt,haas2020,observed
1903,Wcum_disposal,biomass,12.08174154,Gt,haas2020,observed
1904,Wcum_disposal,biomass,15.19085332,Gt,haas2020,observed
1905,Wcum_disposal,biomass,18.33650954,Gt,haas2020,observed
1906,Wcum_disposal,biomass,21.51820452,Gt,haas2020,observed
1907,Wcum_disposal,biomass,24.73636313,Gt,haas2020,observed
1908,Wcum_disposal,biomass,27.99069954,Gt,haas2020,observed
1909,Wcum_disposal,biomass,31.28139692,Gt,haas2020,observed
1910,Wcum_disposal,biomass,34.60835235,Gt,haas2020,observed
1911,Wcum_disposal,biomass,37.97578876,Gt,haas2020,observed
1912,Wcum_disposal,biomass,41.38329186,Gt,haas2020,observed
1913,Wcum_disposal,biomass,44.83052416,Gt,haas2020,observed
1914,Wcum_disposal,biomass,48.31762458,Gt,haas2020,observed
1915,Wcum_disposal,biomass,51.84500624,Gt,haas2020,observed
1916,Wcum_disposal,biomass,55.4123591,Gt,haas2020,observed
1917,Wcum_disposal,biomass,59.01958192,Gt,haas2020,observed
1918,Wcum_disposal,biomass,62.66655837,Gt,haas2020,observed
1919,Wcum_disposal,biomass,66.3534519,Gt,haas2020,observed
1920,Wcum_disposal,biomass,70.080087,Gt,haas2020,observed
1921,Wcum_disposal,biomass,73.84372788,Gt,haas2020,observed
1922,Wcum_disposal,biomass,77.64549321,Gt,haas2020,observed
1923,Wcum_disposal,biomass,81.48447893,Gt,haas2020,observed
1924,Wcum_disposal,biomass,85.36091277,Gt,haas2020,observed
1925,Wcum_disposal,biomass,89.27520629,Gt,haas2020,observed
1926,Wcum_disposal,biomass,93.22699633,Gt,haas2020,observed
1927,Wcum_disposal,biomass,97.21654262,Gt,haas2020,observed
1928,Wcum_disposal,biomass,101.2443415,Gt,haas2020,observed
1929,Wcum_disposal,biomass,105.3099763,Gt,haas2020,observed
1930,Wcum_disposal,biomass,109.4141291,Gt,haas2020,observed
1931,Wcum_disposal,biomass,113.5436798,Gt,haas2020,observed
1932,Wcum_disposal,biomass,117.7006593,Gt,haas2020,observed
1933,Wcum_disposal,biomass,121.8834775,Gt,haas2020,observed
1934,Wcum_disposal,biomass,126.092959,Gt,haas2020,observed
1935,Wcum_disposal,biomass,130.3298428,Gt,haas2020,observed
1936,Wcum_disposal,biomass,134.592421,Gt,haas2020,observed
1937,Wcum_disposal,biomass,138.8817165,Gt,haas2020,observed
1938,Wcum_disposal,biomass,143.197773,Gt,haas2020,observed
1939,Wcum_disposal,biomass,147.5405057,Gt,haas2020,observed
1940,Wcum_disposal,biomass,151.9107773,Gt,haas2020,observed
1941,Wcum_disposal,biomass,156.3075571,Gt,haas2020,observed
1942,Wcum_disposal,biomass,160.7315646,Gt,haas2020,observed
1943,Wcum_disposal,biomass,165.1830734,Gt,haas2020,observed
1944,Wcum_disposal,biomass,169.6602761,Gt,haas2020,observed
1945,Wcum_disposal,biomass,174.1650986,Gt,haas2020,observed
1946,Wcum_disposal,biomass,178.6977584,Gt,haas2020,observed
1947,Wcum_disposal,biomass,183.256652,Gt,haas2020,observed
1948,Wcum_disposal,biomass,187.8428049,Gt,haas2020,observed
1949,Wcum_disposal,biomass,192.4562192,Gt,haas2020,observed
1950,Wcum_disposal,biomass,197.0971501,Gt,haas2020,observed
1951,Wcum_disposal,biomass,201.8302324,Gt,haas2020,observed
1952,Wcum_disposal,biomass,206.6547338,Gt,haas2020,observed
1953,Wcum_disposal,biomass,211.5713524,Gt,haas2020,observed
1954,Wcum_disposal,biomass,216.5800054,Gt,haas2020,observed
1955,Wcum_disposal,biomass,221.6812762,Gt,haas2020,observed
1956,Wcum_disposal,biomass,226.8744385,Gt,haas2020,observed
1957,Wcum_disposal,biomass,232.1595985,Gt,haas2020,observed
1958,Wcum_disposal,biomass,237.5376674,Gt,haas2020,observed
1959,Wcum_disposal,biomass,243.007752,Gt,haas2020,observed
1960,Wcum_disposal,biomass,248.5708014,Gt,haas2020,observed
1961,Wcum_disposal,biomass,254.2292056,Gt,haas2020,observed
1962,Wcum_disposal,biomass,259.9740328,Gt,haas2020,observed
1963,Wcum_disposal,biomass,265.7880796,Gt,haas2020,observed
1964,Wcum_disposal,biomass,271.8669172,Gt,haas2020,observed
1965,Wcum_disposal,biomass,278.00652,Gt,haas2020,observed
1966,Wcum_disposal,biomass,284.4080378,Gt,haas2020,observed
1967,Wcum_disposal,biomass,291.034312,Gt,haas2020,observed
1968,Wcum_disposal,biomass,297.7553681,Gt,haas2020,observed
1969,Wcum_disposal,biomass,304.5014099,Gt,haas2020,observed
1970,Wcum_disposal,biomass,311.4404114,Gt,haas2020,observed
1971,Wcum_disposal,biomass,318.6448488,Gt,haas2020,observed
1972,Wcum_disposal,biomass,325.7495802,Gt,haas2020,observed
1973,Wcum_disposal,biomass,333.2305706,Gt,haas2020,observed
1974,Wcum_disposal,biomass,340.7787911,Gt,haas2020,observed
1975,Wcum_disposal,biomass,348.4292013,Gt,haas2020,observed
1976,Wcum_disposal,biomass,356.3296799,Gt,haas2020,observed
1977,Wcum_disposal,biomass,364.2779112,Gt,haas2020,observed
1978,Wcum_disposal,biomass,372.5269727,Gt,haas2020,observed
1979,Wcum_disposal,biomass,380.7570629,Gt,haas2020,observed
1980,Wcum_disposal,biomass,388.946926,Gt,haas2020,observed
1981,Wcum_disposal,biomass,397.4659578,Gt,haas2020,observed
1982,Wcum_disposal,biomass,406.2180205,Gt,haas2020,observed
1983,Wcum_disposal,biomass,414.8296259,Gt,haas2020,observed
1984,Wcum_disposal,biomass,423.9111107,Gt,haas2020,observed
1985,Wcum_disposal,biomass,433.1453629,Gt,haas2020,observed
1986,Wcum_disposal,biomass,442.4499417,Gt,haas2020,observed
1987,Wcum_disposal,biomass,451.7811222,Gt,haas2020,observed
1988,Wcum_disposal,biomass,461.1104346,Gt,haas2020,observed
1989,Wcum_disposal,biomass,470.8790742,Gt,haas2020,observed
1990,Wcum_disposal,biomass,480.9009438,Gt,haas2020,observed
1991,Wcum_disposal,biomass,490.828879,Gt,haas2020,observed
1992,Wcum_disposal,biomass,501.0107552,Gt,haas2020,observed
1993,Wcum_disposal,biomass,510.96243,Gt,haas2020,observed
1994,Wcum_disposal,biomass,521.0910875,Gt,haas2020,observed
1995,Wcum_disposal,biomass,531.3062689,Gt,haas2020,observed
1996,Wcum_disposal,biomass,541.9631602,Gt,haas2020,observed
1997,Wcum_disposal,biomass,552.6643883,Gt,haas2020,observed
1998,Wcum_disposal,biomass,563.4658866,Gt,haas2020,observed
1999,Wcum_disposal,biomass,574.4167302,Gt,haas2020,observed
2000,Wcum_disposal,biomass,585.433628,Gt,haas2020,observed
2001,Wcum_disposal,biomass,596.515066,Gt,haas2020,observed
2002,Wcum_disposal,biomass,607.6909264,Gt,haas2020,observed
2003,Wcum_disposal,biomass,619.0943217,Gt,haas2020,observed
2004,Wcum_disposal,biomass,631.0121332,Gt,haas2020,observed
2005,Wcum_disposal,biomass,643.128195,Gt,haas2020,observed
2006,Wcum_disposal,biomass,655.4472158,Gt,haas2020,observed
2007,Wcum_disposal,biomass,668.3473262,Gt,haas2020,observed
2008,Wcum_disposal,biomass,681.8581021,Gt,haas2020,observed
2009,Wcum_disposal,biomass,695.4335133,Gt,haas2020,observed
2010,Wcum_disposal,biomass,709.2485193,Gt,haas2020,observed
2011,Wcum_disposal,biomass,723.5771333,Gt,haas2020,observed
2012,Wcum_disposal,biomass,737.9046446,Gt,haas2020,observed
2013,Wcum_disposal,biomass,752.8421796,Gt,haas2020,observed
2014,Wcum_disposal,biomass,767.9145898,Gt,haas2020,observed
2015,Wcum_disposal,biomass,783.0482883,Gt,haas2020,observed
1900,Wcum_disposal,fossil,0.1173244063,Gt,haas2020,observed
1901,Wcum_disposal,fossil,0.2377229441,Gt,haas2020,observed
1902,Wcum_disposal,fossil,0.3605049932,Gt,haas2020,observed
1903,Wcum_disposal,fossil,0.4948137214,Gt,haas2020,observed
1904,Wcum_disposal,fossil,0.6299718276,Gt,haas2020,observed
1905,Wcum_disposal,fossil,0.7723503408,Gt,haas2020,observed
1906,Wcum_disposal,fossil,0.9253180046,Gt,haas2020,observed
1907,Wcum_disposal,fossil,1.094124121,Gt,haas2020,observed
1908,Wcum_disposal,fossil,1.254270406,Gt,haas2020,observed
1909,Wcum_disposal,fossil,1.420805822,Gt,haas2020,observed
1910,Wcum_disposal,fossil,1.594513032,Gt,haas2020,observed
1911,Wcum_disposal,fossil,1.771192901,Gt,haas2020,observed
1912,Wcum_disposal,fossil,1.956806264,Gt,haas2020,observed
1913,Wcum_disposal,fossil,2.155214297,Gt,haas2020,observed
1914,Wcum_disposal,fossil,2.332837425,Gt,haas2020,observed
1915,Wcum_disposal,fossil,2.507972781,Gt,haas2020,observed
1916,Wcum_disposal,fossil,2.695758837,Gt,haas2020,observed
1917,Wcum_disposal,fossil,2.893258408,Gt,haas2020,observed
1918,Wcum_disposal,fossil,3.087307019,Gt,haas2020,observed
1919,Wcum_disposal,fossil,3.257545581,Gt,haas2020,observed
1920,Wcum_disposal,fossil,3.452946715,Gt,haas2020,observed
1921,Wcum_disposal,fossil,3.619360039,Gt,haas2020,observed
1922,Wcum_disposal,fossil,3.796425415,Gt,haas2020,observed
1923,Wcum_disposal,fossil,3.996507514,Gt,haas2020,observed
1924,Wcum_disposal,fossil,4.193437816,Gt,haas2020,observed
1925,Wcum_disposal,fossil,4.390523357,Gt,haas2020,observed
1926,Wcum_disposal,fossil,4.58613771,Gt,haas2020,observed
1927,Wcum_disposal,fossil,4.793843989,Gt,haas2020,observed
1928,Wcum_disposal,fossil,5.018658472,Gt,haas2020,observed
1929,Wcum_disposal,fossil,5.240832617,Gt,haas2020,observed
1930,Wcum_disposal,fossil,5.443959982,Gt,haas2020,observed
1931,Wcum_disposal,fossil,5.624107189,Gt,haas2020,observed
1932,Wcum_disposal,fossil,5.784925142,Gt,haas2020,observed
1933,Wcum_disposal,fossil,5.953466945,Gt,haas2020,observed
1934,Wcum_disposal,fossil,6.136712619,Gt,haas2020,observed
1935,Wcum_disposal,fossil,6.328726882,Gt,haas2020,observed
1936,Wcum_disposal,fossil,6.537931271,Gt,haas2020,observed
1937,Wcum_disposal,fossil,6.75968816,Gt,haas2020,observed
1938,Wcum_disposal,fossil,6.961225884,Gt,haas2020,observed
1939,Wcum_disposal,fossil,7.181545058,Gt,haas2020,observed
1940,Wcum_disposal,fossil,7.423219101,Gt,haas2020,observed
1941,Wcum_disposal,fossil,7.671383979,Gt,haas2020,observed
1942,Wcum_disposal,fossil,7.920396342,Gt,haas2020,observed
1943,Wcum_disposal,fossil,8.174813977,Gt,haas2020,observed
1944,Wcum_disposal,fossil,8.425200112,Gt,haas2020,observed
1945,Wcum_disposal,fossil,8.624387826,Gt,haas2020,observed
1946,Wcum_disposal,fossil,8.836453475,Gt,haas2020,observed
1947,Wcum_disposal,fossil,9.07398642,Gt,haas2020,observed
1948,Wcum_disposal,fossil,9.321237319,Gt,haas2020,observed
1949,Wcum_disposal,fossil,9.556928729,Gt,haas2020,observed
1950,Wcum_disposal,fossil,9.810856541,Gt,haas2020,observed
1951,Wcum_disposal,fossil,10.07873247,Gt,haas2020,observed
1952,Wcum_disposal,fossil,10.34732332,Gt,haas2020,observed
1953,Wcum_disposal,fossil,10.61730869,Gt,haas2020,observed
1954,Wcum_disposal,fossil,10.88892202,Gt,haas2020,observed
1955,Wcum_disposal,fossil,11.18512659,Gt,haas2020,observed
1956,Wcum_disposal,fossil,11.49729242,Gt,haas2020,observed
1957,Wcum_disposal,fossil,11.81957611,Gt,haas2020,observed
1958,Wcum_disposal,fossil,12.15601585,Gt,haas2020,observed
1959,Wcum_disposal,fossil,12.50734513,Gt,haas2020,observed
1960,Wcum_disposal,fossil,12.88265744,Gt,haas2020,observed
1961,Wcum_disposal,fossil,13.2575126,Gt,haas2020,observed
1962,Wcum_disposal,fossil,13.65189626,Gt,haas2020,observed
1963,Wcum_disposal,fossil,14.0749929,Gt,haas2020,observed
1964,Wcum_disposal,fossil,14.51653926,Gt,haas2020,observed
1965,Wcum_disposal,fossil,14.94039972,Gt,haas2020,observed
1966,Wcum_disposal,fossil,15.37722259,Gt,haas2020,observed
1967,Wcum_disposal,fossil,15.80995241,Gt,haas2020,observed
1968,Wcum_disposal,fossil,16.26326465,Gt,haas2020,observed
1969,Wcum_disposal,fossil,16.72237711,Gt,haas2020,observed
1970,Wcum_disposal,fossil,17.19499932,Gt,haas2020,observed
1971,Wcum_disposal,fossil,17.68964919,Gt,haas2020,observed
1972,Wcum_disposal,fossil,18.2023874,Gt,haas2020,observed
1973,Wcum_disposal,fossil,18.74285853,Gt,haas2020,observed
1974,Wcum_disposal,fossil,19.28213903,Gt,haas2020,observed
1975,Wcum_disposal,fossil,19.83896072,Gt,haas2020,observed
1976,Wcum_disposal,fossil,20.42823072,Gt,haas2020,observed
1977,Wcum_disposal,fossil,21.04948155,Gt,haas2020,observed
1978,Wcum_disposal,fossil,21.69941207,Gt,haas2020,observed
1979,Wcum_disposal,fossil,22.37210997,Gt,haas2020,observed
1980,Wcum_disposal,fossil,23.03535051,Gt,haas2020,observed
1981,Wcum_disposal,fossil,23.70152242,Gt,haas2020,observed
1982,Wcum_disposal,fossil,24.38523492,Gt,haas2020,observed
1983,Wcum_disposal,fossil,25.08070265,Gt,haas2020,observed
1984,Wcum_disposal,fossil,25.80420761,Gt,haas2020,observed
1985,Wcum_disposal,fossil,26.54583428,Gt,haas2020,observed
1986,Wcum_disposal,fossil,27.31382692,Gt,haas2020,observed
1987,Wcum_disposal,fossil,28.10577508,Gt,haas2020,observed
1988,Wcum_disposal,fossil,28.92143752,Gt,haas2020,observed
1989,Wcum_disposal,fossil,29.7520099,Gt,haas2020,observed
1990,Wcum_disposal,fossil,30.57315636,Gt,haas2020,observed
1991,Wcum_disposal,fossil,31.38263202,Gt,haas2020,observed
1992,Wcum_disposal,fossil,32.18101907,Gt,haas2020,observed
1993,Wcum_disposal,fossil,32.95569888,Gt,haas2020,observed
1994,Wcum_disposal,fossil,33.74773612,Gt,haas2020,observed
1995,Wcum_disposal,fossil,34.56743245,Gt,haas2020,observed
1996,Wcum_disposal,fossil,35.40659022,Gt,haas2020,observed
1997,Wcum_disposal,fossil,36.26502753,Gt,haas2020,observed
1998,Wcum_disposal,fossil,37.1086079,Gt,haas2020,observed
1999,Wcum_disposal,fossil,37.94792656,Gt,haas2020,observed
2000,Wcum_disposal,fossil,38.82023255,Gt,haas2020,observed
2001,Wcum_disposal,fossil,39.71399574,Gt,haas2020,observed
2002,Wcum_disposal,fossil,40.62645861,Gt,haas2020,observed
2003,Wcum_disposal,fossil,41.59185897,Gt,haas2020,observed
2004,Wcum_disposal,fossil,42.62725641,Gt,haas2020,observed
2005,Wcum_disposal,fossil,43.70118991,Gt,haas2020,observed
2006,Wcum_disposal,fossil,44.81358422,Gt,haas2020,observed
2007,Wcum_disposal,fossil,45.95159945,Gt,haas2020,observed
2008,Wcum_disposal,fossil,47.07995481,Gt,haas2020,observed
2009,Wcum_disposal,fossil,48.24573548,Gt,haas2020,observed
2010,Wcum_disposal,fossil,49.47821333,Gt,haas2020,observed
2011,Wcum_disposal,fossil,50.79294503,Gt,haas2020,observed
2012,Wcum_disposal,fossil,52.13298779,Gt,haas2020,observed
2013,Wcum_disposal,fossil,53.48947058,Gt,haas2020,observed
2014,Wcum_disposal,fossil,54.83595105,Gt,haas2020,observed
2015,Wcum_disposal,fossil,56.1594126,Gt,haas2020,observed
1900,Wcum_disposal,metals,0.1078963682,Gt,haas2020,observed
1901,Wcum_disposal,metals,0.2204546756,Gt,haas2020,observed
1902,Wcum_disposal,metals,0.3368508232,Gt,haas2020,observed
1903,Wcum_disposal,metals,0.4571551456,Gt,haas2020,observed
1904,Wcum_disposal,metals,0.5826760051,Gt,haas2020,observed
1905,Wcum_disposal,metals,0.724036242,Gt,haas2020,observed
1906,Wcum_disposal,metals,0.863342707,Gt,haas2020,observed
1907,Wcum_disposal,metals,1.021228255,Gt,haas2020,observed
1908,Wcum_disposal,metals,1.175968223,Gt,haas2020,observed
1909,Wcum_disposal,metals,1.345570566,Gt,haas2020,observed
1910,Wcum_disposal,metals,1.529908436,Gt,haas2020,observed
1911,Wcum_disposal,metals,1.715298798,Gt,haas2020,observed
1912,Wcum_disposal,metals,1.921260064,Gt,haas2020,observed
1913,Wcum_disposal,metals,2.146063924,Gt,haas2020,observed
1914,Wcum_disposal,metals,2.333983911,Gt,haas2020,observed
1915,Wcum_disposal,metals,2.528349215,Gt,haas2020,observed
1916,Wcum_disposal,metals,2.754204888,Gt,haas2020,observed
1917,Wcum_disposal,metals,2.98570795,Gt,haas2020,observed
1918,Wcum_disposal,metals,3.206746338,Gt,haas2020,observed
1919,Wcum_disposal,metals,3.389523651,Gt,haas2020,observed
1920,Wcum_disposal,metals,3.581232405,Gt,haas2020,observed
1921,Wcum_disposal,metals,3.715522678,Gt,haas2020,observed
1922,Wcum_disposal,metals,3.892682463,Gt,haas2020,observed
1923,Wcum_disposal,metals,4.112646195,Gt,haas2020,observed
1924,Wcum_disposal,metals,4.342657384,Gt,haas2020,observed
1925,Wcum_disposal,metals,4.599080836,Gt,haas2020,observed
1926,Wcum_disposal,metals,4.858857247,Gt,haas2020,observed
1927,Wcum_disposal,metals,5.135128456,Gt,haas2020,observed
1928,Wcum_disposal,metals,5.435532292,Gt,haas2020,observed
1929,Wcum_disposal,metals,5.769711975,Gt,haas2020,observed
1930,Wcum_disposal,metals,6.068040949,Gt,haas2020,observed
1931,Wcum_disposal,metals,6.306840052,Gt,haas2020,observed
1932,Wcum_disposal,metals,6.472945659,Gt,haas2020,observed
1933,Wcum_disposal,metals,6.65870177,Gt,haas2020,observed
1934,Wcum_disposal,metals,6.893761796,Gt,haas2020,observed
1935,Wcum_disposal,metals,7.162850055,Gt,haas2020,observed
1936,Wcum_disposal,metals,7.486812216,Gt,haas2020,observed
1937,Wcum_disposal,metals,7.88655938,Gt,haas2020,observed
1938,Wcum_disposal,metals,8.229548955,Gt,haas2020,observed
1939,Wcum_disposal,metals,8.608720474,Gt,haas2020,observed
1940,Wcum_disposal,metals,9.033133774,Gt,haas2020,observed
1941,Wcum_disposal,metals,9.476821233,Gt,haas2020,observed
1942,Wcum_disposal,metals,9.894287441,Gt,haas2020,observed
1943,Wcum_disposal,metals,10.32614943,Gt,haas2020,observed
1944,Wcum_disposal,metals,10.70296209,Gt,haas2020,observed
1945,Wcum_disposal,metals,11.02631953,Gt,haas2020,observed
1946,Wcum_disposal,metals,11.32141884,Gt,haas2020,observed
1947,Wcum_disposal,metals,11.67405345,Gt,haas2020,observed
1948,Wcum_disposal,metals,12.07041588,Gt,haas2020,observed
1949,Wcum_disposal,metals,12.46752125,Gt,haas2020,observed
1950,Wcum_disposal,metals,12.90458801,Gt,haas2020,observed
1951,Wcum_disposal,metals,13.37770112,Gt,haas2020,observed
1952,Wcum_disposal,metals,13.86906964,Gt,haas2020,observed
1953,Wcum_disposal,metals,14.40229683,Gt,haas2020,observed
1954,Wcum_disposal,metals,14.9781371,Gt,haas2020,observed
1955,Wcum_disposal,metals,15.56095086,Gt,haas2020,observed
1956,Wcum_disposal,metals,16.18219422,Gt,haas2020,observed
1957,Wcum_disposal,metals,16.83669818,Gt,haas2020,observed
1958,Wcum_disposal,metals,17.43710619,Gt,haas2020,observed
1959,Wcum_disposal,metals,18.08415606,Gt,haas2020,observed
1960,Wcum_disposal,metals,18.82429413,Gt,haas2020,observed
1961,Wcum_disposal,metals,19.57117251,Gt,haas2020,observed
1962,Wcum_disposal,metals,20.32886902,Gt,haas2020,observed
1963,Wcum_disposal,metals,21.1029518,Gt,haas2020,observed
1964,Wcum_disposal,metals,21.9293648,Gt,haas2020,observed
1965,Wcum_disposal,metals,22.81113905,Gt,haas2020,observed
1966,Wcum_disposal,metals,23.71514414,Gt,haas2020,observed
1967,Wcum_disposal,metals,24.65853812,Gt,haas2020,observed
1968,Wcum_disposal,metals,25.65681896,Gt,haas2020,observed
1969,Wcum_disposal,metals,26.7102219,Gt,haas2020,observed
1970,Wcum_disposal,metals,27.88180449,Gt,haas2020,observed
1971,Wcum_disposal,metals,29.07490083,Gt,haas2020,observed
1972,Wcum_disposal,metals,30.28196873,Gt,haas2020,observed
1973,Wcum_disposal,metals,31.5716295,Gt,haas2020,observed
1974,Wcum_disposal,metals,32.94571751,Gt,haas2020,observed
1975,Wcum_disposal,metals,34.35697301,Gt,haas2020,observed
1976,Wcum_disposal,metals,35.77552531,Gt,haas2020,observed
1977,Wcum_disposal,metals,37.17585338,Gt,haas2020,observed
1978,Wcum_disposal,metals,38.58449495,Gt,haas2020,observed
1979,Wcum_disposal,metals,40.06795005,Gt,haas2020,observed
1980,Wcum_disposal,metals,41.58095079,Gt,haas2020,observed
1981,Wcum_disposal,metals,43.10137779,Gt,haas2020,observed
1982,Wcum_disposal,metals,44.55738293,Gt,haas2020,observed
1983,Wcum_disposal,metals,45.92610421,Gt,haas2020,observed
1984,Wcum_disposal,metals,47.42374341,Gt,haas2020,observed
1985,Wcum_disposal,metals,48.98520516,Gt,haas2020,observed
1986,Wcum_disposal,metals,50.57062144,Gt,haas2020,observed
1987,Wcum_disposal,metals,52.24593785,Gt,haas2020,observed
1988,Wcum_disposal,metals,54.0813235,Gt,haas2020,observed
1989,Wcum_disposal,metals,56.04566908,Gt,haas2020,observed
1990,Wcum_disposal,metals,58.0289653,Gt,haas2020,observed
1991,Wcum_disposal,metals,59.9773945,Gt,haas2020,observed
1992,Wcum_disposal,metals,61.9062681,Gt,haas2020,observed
1993,Wcum_disposal,metals,63.84842188,Gt,haas2020,observed
1994,Wcum_disposal,metals,65.82448387,Gt,haas2020,observed
1995,Wcum_disposal,metals,67.93054182,Gt,haas2020,observed
1996,Wcum_disposal,metals,70.14112834,Gt,haas2020,observed
1997,Wcum_disposal,metals,72.46667001,Gt,haas2020,observed
1998,Wcum_disposal,metals,74.880201,Gt,haas2020,observed
1999,Wcum_disposal,metals,77.34198557,Gt,haas2020,observed
2000,Wcum_disposal,metals,79.93489563,Gt,haas2020,observed
2001,Wcum_disposal,metals,82.54836947,Gt,haas2020,observed
2002,Wcum_disposal,metals,85.18688834,Gt,haas2020,observed
2003,Wcum_disposal,metals,87.90827052,Gt,haas2020,observed
2004,Wcum_disposal,metals,90.94383161,Gt,haas2020,observed
2005,Wcum_disposal,metals,94.20104145,Gt,haas2020,observed
2006,Wcum_disposal,metals,97.70589899,Gt,haas2020,observed
2007,Wcum_disposal,metals,101.4740752,Gt,haas2020,observed
2008,Wcum_disposal,metals,105.488411,Gt,haas2020,observed
2009,Wcum_disposal,metals,109.567597,Gt,haas2020,observed
2010,Wcum_disposal,metals,113.9409274,Gt,haas2020,observed
2011,Wcum_disposal,metals,118.7750616,Gt,haas2020,observed
2012,Wcum_disposal,metals,123.6497222,Gt,haas2020,observed
2013,Wcum_disposal,metals,128.8578353,Gt,haas2020,observed
2014,Wcum_disposal,metals,134.2520874,Gt,haas2020,observed
2015,Wcum_disposal,metals,139.7139044,Gt,haas2020,observed
1900,Wcum_disposal,non_metallic_minerals,0.3467498991,Gt,haas2020,observed
1901,Wcum_disposal,non_metallic_minerals,0.6996002741,Gt,haas2020,observed
1902,Wcum_disposal,non_metallic_minerals,1.060302373,Gt,haas2020,observed
1903,Wcum_disposal,non_metallic_minerals,1.427195581,Gt,haas2020,observed
1904,Wcum_disposal,non_metallic_minerals,1.797211165,Gt,haas2020,observed
1905,Wcum_disposal,non_metallic_minerals,2.17352186,Gt,haas2020,observed
1906,Wcum_disposal,non_metallic_minerals,2.555822576,Gt,haas2020,observed
1907,Wcum_disposal,non_metallic_minerals,2.948698106,Gt,haas2020,observed
1908,Wcum_disposal,non_metallic_minerals,3.346180155,Gt,haas2020,observed
1909,Wcum_disposal,non_metallic_minerals,3.752160364,Gt,haas2020,observed
1910,Wcum_disposal,non_metallic_minerals,4.166704963,Gt,haas2020,observed
1911,Wcum_disposal,non_metallic_minerals,4.591097385,Gt,haas2020,observed
1912,Wcum_disposal,non_metallic_minerals,5.023937325,Gt,haas2020,observed
1913,Wcum_disposal,non_metallic_minerals,5.466712215,Gt,haas2020,observed
1914,Wcum_disposal,non_metallic_minerals,5.914126506,Gt,haas2020,observed
1915,Wcum_disposal,non_metallic_minerals,6.365648464,Gt,haas2020,observed
1916,Wcum_disposal,non_metallic_minerals,6.824514399,Gt,haas2020,observed
1917,Wcum_disposal,non_metallic_minerals,7.289569071,Gt,haas2020,observed
1918,Wcum_disposal,non_metallic_minerals,7.75855495,Gt,haas2020,observed
1919,Wcum_disposal,non_metallic_minerals,8.235164219,Gt,haas2020,observed
1920,Wcum_disposal,non_metallic_minerals,8.721559252,Gt,haas2020,observed
1921,Wcum_disposal,non_metallic_minerals,9.21558577,Gt,haas2020,observed
1922,Wcum_disposal,non_metallic_minerals,9.729053872,Gt,haas2020,observed
1923,Wcum_disposal,non_metallic_minerals,10.25225801,Gt,haas2020,observed
1924,Wcum_disposal,non_metallic_minerals,10.79745822,Gt,haas2020,observed
1925,Wcum_disposal,non_metallic_minerals,11.36386261,Gt,haas2020,observed
1926,Wcum_disposal,non_metallic_minerals,11.94528776,Gt,haas2020,observed
1927,Wcum_disposal,non_metallic_minerals,12.54213295,Gt,haas2020,observed
1928,Wcum_disposal,non_metallic_minerals,13.15755828,Gt,haas2020,observed
1929,Wcum_disposal,non_metallic_minerals,13.78659709,Gt,haas2020,observed
1930,Wcum_disposal,non_metallic_minerals,14.43023455,Gt,haas2020,observed
1931,Wcum_disposal,non_metallic_minerals,15.07409332,Gt,haas2020,observed
1932,Wcum_disposal,non_metallic_minerals,15.72758286,Gt,haas2020,observed
1933,Wcum_disposal,non_metallic_minerals,16.39802508,Gt,haas2020,observed
1934,Wcum_disposal,non_metallic_minerals,17.08841921,Gt,haas2020,observed
1935,Wcum_disposal,non_metallic_minerals,17.79654018,Gt,haas2020,observed
1936,Wcum_disposal,non_metallic_minerals,18.52511489,Gt,haas2020,observed
1937,Wcum_disposal,non_metallic_minerals,19.27203818,Gt,haas2020,observed
1938,Wcum_disposal,non_metallic_minerals,20.03342399,Gt,haas2020,observed
1939,Wcum_disposal,non_metallic_minerals,20.81836161,Gt,haas2020,observed
1940,Wcum_disposal,non_metallic_minerals,21.62421552,Gt,haas2020,observed
1941,Wcum_disposal,non_metallic_minerals,22.45456055,Gt,haas2020,observed
1942,Wcum_disposal,non_metallic_minerals,23.30167841,Gt,haas2020,observed
1943,Wcum_disposal,non_metallic_minerals,24.16574607,Gt,haas2020,observed
1944,Wcum_disposal,non_metallic_minerals,25.04289197,Gt,haas2020,observed
1945,Wcum_disposal,non_metallic_minerals,25.92539673,Gt,haas2020,observed
1946,Wcum_disposal,non_metallic_minerals,26.84237445,Gt,haas2020,observed
1947,Wcum_disposal,non_metallic_minerals,27.79067888,Gt,haas2020,observed
1948,Wcum_disposal,non_metallic_minerals,28.77619119,Gt,haas2020,observed
1949,Wcum_disposal,non_metallic_minerals,29.7840732,Gt,haas2020,observed
1950,Wcum_disposal,non_metallic_minerals,30.83326953,Gt,haas2020,observed
1951,Wcum_disposal,non_metallic_minerals,31.93515068,Gt,haas2020,observed
1952,Wcum_disposal,non_metallic_minerals,33.07915114,Gt,haas2020,observed
1953,Wcum_disposal,non_metallic_minerals,34.26574314,Gt,haas2020,observed
1954,Wcum_disposal,non_metallic_minerals,35.50445582,Gt,haas2020,observed
1955,Wcum_disposal,non_metallic_minerals,36.79854044,Gt,haas2020,observed
1956,Wcum_disposal,non_metallic_minerals,38.15269635,Gt,haas2020,observed
1957,Wcum_disposal,non_metallic_minerals,39.56054575,Gt,haas2020,observed
1958,Wcum_disposal,non_metallic_minerals,41.02106153,Gt,haas2020,observed
1959,Wcum_disposal,non_metallic_minerals,42.56483466,Gt,haas2020,observed
1960,Wcum_disposal,non_metallic_minerals,44.1632691,Gt,haas2020,observed
1961,Wcum_disposal,non_metallic_minerals,45.82759821,Gt,haas2020,observed
1962,Wcum_disposal,non_metallic_minerals,47.57982172,Gt,haas2020,observed
1963,Wcum_disposal,non_metallic_minerals,49.47543173,Gt,haas2020,observed
1964,Wcum_disposal,non_metallic_minerals,51.46786153,Gt,haas2020,observed
1965,Wcum_disposal,non_metallic_minerals,53.55294404,Gt,haas2020,observed
1966,Wcum_disposal,non_metallic_minerals,55.74852266,Gt,haas2020,observed
1967,Wcum_disposal,non_metallic_minerals,58.02477003,Gt,haas2020,observed
1968,Wcum_disposal,non_metallic_minerals,60.42402323,Gt,haas2020,observed
1969,Wcum_disposal,non_metallic_minerals,62.94096206,Gt,haas2020,observed
1970,Wcum_disposal,non_metallic_minerals,65.5859144,Gt,haas2020,observed
1971,Wcum_disposal,non_metallic_minerals,68.32500652,Gt,haas2020,observed
1972,Wcum_disposal,non_metallic_minerals,71.19503107,Gt,haas2020,observed
1973,Wcum_disposal,non_metallic_minerals,74.18659041,Gt,haas2020,observed
1974,Wcum_disposal,non_metallic_minerals,77.31851609,Gt,haas2020,observed
1975,Wcum_disposal,non_metallic_minerals,80.52734366,Gt,haas2020,observed
1976,Wcum_disposal,non_metallic_minerals,83.87066362,Gt,haas2020,observed
1977,Wcum_disposal,non_metallic_minerals,87.34547413,Gt,haas2020,observed
1978,Wcum_disposal,non_metallic_minerals,90.97971214,Gt,haas2020,observed
1979,Wcum_disposal,non_metallic_minerals,94.71304052,Gt,haas2020,observed
1980,Wcum_disposal,non_metallic_minerals,98.59103656,Gt,haas2020,observed
1981,Wcum_disposal,non_metallic_minerals,102.5313493,Gt,haas2020,observed
1982,Wcum_disposal,non_metallic_minerals,106.5290219,Gt,haas2020,observed
1983,Wcum_disposal,non_metallic_minerals,110.6695402,Gt,haas2020,observed
1984,Wcum_disposal,non_metallic_minerals,114.9652418,Gt,haas2020,observed
1985,Wcum_disposal,non_metallic_minerals,119.3691338,Gt,haas2020,observed
1986,Wcum_disposal,non_metallic_minerals,123.8840056,Gt,haas2020,observed
1987,Wcum_disposal,non_metallic_minerals,128.5269473,Gt,haas2020,observed
1988,Wcum_disposal,non_metallic_minerals,133.3683875,Gt,haas2020,observed
1989,Wcum_disposal,non_metallic_minerals,138.3271587,Gt,haas2020,observed
1990,Wcum_disposal,non_metallic_minerals,143.3843178,Gt,haas2020,observed
1991,Wcum_disposal,non_metallic_minerals,148.5550406,Gt,haas2020,observed
1992,Wcum_disposal,non_metallic_minerals,153.8072116,Gt,haas2020,observed
1993,Wcum_disposal,non_metallic_minerals,159.1685385,Gt,haas2020,observed
1994,Wcum_disposal,non_metallic_minerals,164.7042365,Gt,haas2020,observed
1995,Wcum_disposal,non_metallic_minerals,170.5113763,Gt,haas2020,observed
1996,Wcum_disposal,non_metallic_minerals,176.452482,Gt,haas2020,observed
1997,Wcum_disposal,non_metallic_minerals,182.4635175,Gt,haas2020,observed
1998,Wcum_disposal,non_metallic_minerals,188.6552362,Gt,haas2020,observed
1999,Wcum_disposal,non_metallic_minerals,195.1643902,Gt,haas2020,observed
2000,Wcum_disposal,non_metallic_minerals,201.7507251,Gt,haas2020,observed
2001,Wcum_disposal,non_metallic_minerals,208.5713713,Gt,haas2020,observed
2002,Wcum_disposal,non_metallic_minerals,215.699818,Gt,haas2020,observed
2003,Wcum_disposal,non_metallic_minerals,223.0126124,Gt,haas2020,observed
2004,Wcum_disposal,non_metallic_minerals,230.4708554,Gt,haas2020,observed
2005,Wcum_disposal,non_metallic_minerals,238.4079989,Gt,haas2020,observed
2006,Wcum_disposal,non_metallic_minerals,246.6294525,Gt,haas2020,observed
2007,Wcum_disposal,non_metallic_minerals,255.2762631,Gt,haas2020,observed
2008,Wcum_disposal,non_metallic_minerals,264.1994955,Gt,haas2020,observed
2009,Wcum_disposal,non_metallic_minerals,273.4172752,Gt,haas2020,observed
2010,Wcum_disposal,non_metallic_minerals,283.021026,Gt,haas2020,observed
2011,Wcum_disposal,non_metallic_minerals,293.1195083,Gt,haas2020,observed
2012,Wcum_disposal,non_metallic_minerals,303.6656029,Gt,haas2020,observed
2013,Wcum_disposal,non_metallic_minerals,314.5757283,Gt,haas2020,observed
2014,Wcum_disposal,non_metallic_minerals,326.0020364,Gt,haas2020,observed
2015,Wcum_disposal,non_metallic_minerals,337.8395486,Gt,haas2020,observed
1900,Wcum_disposal,total,3.540517642,Gt,haas2020,observed
1901,Wcum_disposal,total,7.128753119,Gt,haas2020,observed
1902,Wcum_disposal,total,10.76586794,Gt,haas2020,observed
1903,Wcum_disposal,total,14.46090599,Gt,haas2020,observed
1904,Wcum_disposal,total,18.20071232,Gt,haas2020,observed
1905,Wcum_disposal,total,22.00641799,Gt,haas2020,observed
1906,Wcum_disposal,total,25.86268781,Gt,haas2020,observed
1907,Wcum_disposal,total,29.80041361,Gt,haas2020,observed
1908,Wcum_disposal,total,33.76711832,Gt,haas2020,observed
1909,Wcum_disposal,total,37.79993368,Gt,haas2020,observed
1910,Wcum_disposal,total,41.89947878,Gt,haas2020,observed
1911,Wcum_disposal,total,46.05337784,Gt,haas2020,observed
1912,Wcum_disposal,total,50.28529551,Gt,haas2020,observed
1913,Wcum_disposal,total,54.59851459,Gt,haas2020,observed
1914,Wcum_disposal,total,58.89857242,Gt,haas2020,observed
1915,Wcum_disposal,total,63.2469767,Gt,haas2020,observed
1916,Wcum_disposal,total,67.68683722,Gt,haas2020,observed
1917,Wcum_disposal,total,72.18811735,Gt,haas2020,observed
1918,Wcum_disposal,total,76.71916667,Gt,haas2020,observed
1919,Wcum_disposal,total,81.23568535,Gt,haas2020,observed
1920,Wcum_disposal,total,85.83582537,Gt,haas2020,observed
1921,Wcum_disposal,total,90.39419637,Gt,haas2020,observed
1922,Wcum_disposal,total,95.06365496,Gt,haas2020,observed
1923,Wcum_disposal,total,99.84589065,Gt,haas2020,observed
1924,Wcum_disposal,total,104.6944662,Gt,haas2020,observed
1925,Wcum_disposal,total,109.6286731,Gt,haas2020,observed
1926,Wcum_disposal,total,114.6172791,Gt,haas2020,observed
1927,Wcum_disposal,total,119.687648,Gt,haas2020,observed
1928,Wcum_disposal,total,124.8560906,Gt,haas2020,observed
1929,Wcum_disposal,total,130.107118,Gt,haas2020,observed
1930,Wcum_disposal,total,135.3563646,Gt,haas2020,observed
1931,Wcum_disposal,total,140.5487204,Gt,haas2020,observed
1932,Wcum_disposal,total,145.686113,Gt,haas2020,observed
1933,Wcum_disposal,total,150.8936713,Gt,haas2020,observed
1934,Wcum_disposal,total,156.2118526,Gt,haas2020,observed
1935,Wcum_disposal,total,161.6179599,Gt,haas2020,observed
1936,Wcum_disposal,total,167.1422794,Gt,haas2020,observed
1937,Wcum_disposal,total,172.8000022,Gt,haas2020,observed
1938,Wcum_disposal,total,178.4219718,Gt,haas2020,observed
1939,Wcum_disposal,total,184.1491328,Gt,haas2020,observed
1940,Wcum_disposal,total,189.9913457,Gt,haas2020,observed
1941,Wcum_disposal,total,195.9103228,Gt,haas2020,observed
1942,Wcum_disposal,total,201.8479268,Gt,haas2020,observed
1943,Wcum_disposal,total,207.8497829,Gt,haas2020,observed
1944,Wcum_disposal,total,213.8313302,Gt,haas2020,observed
1945,Wcum_disposal,total,219.7412027,Gt,haas2020,observed
1946,Wcum_disposal,total,225.6980052,Gt,haas2020,observed
1947,Wcum_disposal,total,231.7953707,Gt,haas2020,observed
1948,Wcum_disposal,total,238.0106493,Gt,haas2020,observed
1949,Wcum_disposal,total,244.2647424,Gt,haas2020,observed
1950,Wcum_disposal,total,250.6458642,Gt,haas2020,observed
1951,Wcum_disposal,total,257.2218166,Gt,haas2020,observed
1952,Wcum_disposal,total,263.9502779,Gt,haas2020,observed
1953,Wcum_disposal,total,270.856701,Gt,haas2020,observed
1954,Wcum_disposal,total,277.9515204,Gt,haas2020,observed
1955,Wcum_disposal,total,285.225894,Gt,haas2020,observed
1956,Wcum_disposal,total,292.7066215,Gt,haas2020,observed
1957,Wcum_disposal,total,300.3764185,Gt,haas2020,observed
1958,Wcum_disposal,total,308.1518509,Gt,haas2020,observed
1959,Wcum_disposal,total,316.1640878,Gt,haas2020,observed
1960,Wcum_disposal,total,324.4410221,Gt,haas2020,observed
1961,Wcum_disposal,total,332.8854889,Gt,haas2020,observed
1962,Wcum_disposal,total,341.5346198,Gt,haas2020,observed
1963,Wcum_disposal,total,350.441456,Gt,haas2020,observed
1964,Wcum_disposal,total,359.7806828,Gt,haas2020,observed
1965,Wcum_disposal,total,369.3110028,Gt,haas2020,observed
1966,Wcum_disposal,total,379.2489272,Gt,haas2020,observed
1967,Wcum_disposal,total,389.5275726,Gt,haas2020,observed
1968,Wcum_disposal,total,400.0994749,Gt,haas2020,observed
1969,Wcum_disposal,total,410.874971,Gt,haas2020,observed
1970,Wcum_disposal,total,422.1031296,Gt,haas2020,observed
1971,Wcum_disposal,total,433.7344053,Gt,haas2020,observed
1972,Wcum_disposal,total,445.4289674,Gt,haas2020,observed
1973,Wcum_disposal,total,457.731649,Gt,haas2020,observed
1974,Wcum_disposal,total,470.3251637,Gt,haas2020,observed
1975,Wcum_disposal,total,483.1524787,Gt,haas2020,observed
1976,Wcum_disposal,total,496.4040995,Gt,haas2020,observed
1977,Wcum_disposal,total,509.8487203,Gt,haas2020,observed
1978,Wcum_disposal,total,523.7905918,Gt,haas2020,observed
1979,Wcum_disposal,total,537.9101634,Gt,haas2020,observed
1980,Wcum_disposal,total,552.1542638,Gt,haas2020,observed
1981,Wcum_disposal,total,566.8002074,Gt,haas2020,observed
1982,Wcum_disposal,total,581.6896602,Gt,haas2020,observed
1983,Wcum_disposal,total,596.5059729,Gt,haas2020,observed
1984,Wcum_disposal,total,612.1043036,Gt,haas2020,observed
1985,Wcum_disposal,total,628.0455362,Gt,haas2020,observed
1986,Wcum_disposal,total,644.2183957,Gt,haas2020,observed
1987,Wcum_disposal,total,660.6597824,Gt,haas2020,observed
1988,Wcum_disposal,total,677.4815831,Gt,haas2020,observed
1989,Wcum_disposal,total,695.0039119,Gt,haas2020,observed
1990,Wcum_disposal,total,712.8873833,Gt,haas2020,observed
1991,Wcum_disposal,total,730.7439461,Gt,haas2020,observed
1992,Wcum_disposal,total,748.905254,Gt,haas2020,observed
1993,Wcum_disposal,total,766.9350893,Gt,haas2020,observed
1994,Wcum_disposal,total,785.367544,Gt,haas2020,observed
1995,Wcum_disposal,total,804.3156194,Gt,haas2020,observed
1996,Wcum_disposal,total,823.9633607,Gt,haas2020,observed
1997,Wcum_disposal,total,843.8596034,Gt,haas2020,observed
1998,Wcum_disposal,total,864.1099317,Gt,haas2020,observed
1999,Wcum_disposal,total,884.8710325,Gt,haas2020,observed
2000,Wcum_disposal,total,905.9394813,Gt,haas2020,observed
2001,Wcum_disposal,total,927.3488025,Gt,haas2020,observed
2002,Wcum_disposal,total,949.2040913,Gt,haas2020,observed
2003,Wcum_disposal,total,971.6070636,Gt,haas2020,observed
2004,Wcum_disposal,total,995.0540766,Gt,haas2020,observed
2005,Wcum_disposal,total,1019.438425,Gt,haas2020,observed
2006,Wcum_disposal,total,1044.596152,Gt,haas2020,observed
2007,Wcum_disposal,total,1071.049264,Gt,haas2020,observed
2008,Wcum_disposal,total,1098.625963,Gt,haas2020,observed
2009,Wcum_disposal,total,1126.664121,Gt,haas2020,observed
2010,Wcum_disposal,total,1155.688686,Gt,haas2020,observed
2011,Wcum_disposal,total,1186.264648,Gt,haas2020,observed
2012,Wcum_disposal,total,1217.352957,Gt,haas2020,observed
2013,Wcum_disposal,total,1249.765214,Gt,haas2020,observed
2014,Wcum_disposal,total,1283.004665,Gt,haas2020,observed
2015,Wcum_disposal,total,1316.761154,Gt,haas2020,observed
1900,Wcum_eol_waste,total,0.4873217947,Gt,krausmann2018,observed
1901,Wcum_eol_waste,total,0.9787329503,Gt,krausmann2018,observed
1902,Wcum_eol_waste,total,1.474168946,Gt,krausmann2018,observed
1903,Wcum_eol_waste,total,1.976211014,Gt,krausmann2018,observed
1904,Wcum_eol_waste,total,2.483618729,Gt,krausmann2018,observed
1905,Wcum_eol_waste,total,2.998437477,Gt,krausmann2018,observed
1906,Wcum_eol_waste,total,3.519276475,Gt,krausmann2018,observed
1907,Wcum_eol_waste,total,4.052665049,Gt,krausmann2018,observed
1908,Wcum_eol_waste,total,4.587571706,Gt,krausmann2018,observed
1909,Wcum_eol_waste,total,5.132777139,Gt,krausmann2018,observed
1910,Wcum_eol_waste,total,5.687420291,Gt,krausmann2018,observed
1911,Wcum_eol_waste,total,6.250935699,Gt,krausmann2018,observed
1912,Wcum_eol_waste,total,6.822643989,Gt,krausmann2018,observed
1913,Wcum_eol_waste,total,7.404357345,Gt,krausmann2018,observed
1914,Wcum_eol_waste,total,7.991989058,Gt,krausmann2018,observed
1915,Wcum_eol_waste,total,8.588628893,Gt,krausmann2018,observed
1916,Wcum_eol_waste,total,9.192912519,Gt,krausmann2018,observed
1917,Wcum_eol_waste,total,9.80389107,Gt,krausmann2018,observed
1918,Wcum_eol_waste,total,10.41967159,Gt,krausmann2018,observed
1919,Wcum_eol_waste,total,11.04096108,Gt,krausmann2018,observed
1920,Wcum_eol_waste,total,11.66641856,Gt,krausmann2018,observed
1921,Wcum_eol_waste,total,12.29849293,Gt,krausmann2018,observed
1922,Wcum_eol_waste,total,12.94289474,Gt,krausmann2018,observed
1923,Wcum_eol_waste,total,13.59818113,Gt,krausmann2018,observed
1924,Wcum_eol_waste,total,14.26163492,Gt,krausmann2018,observed
1925,Wcum_eol_waste,total,14.93979368,Gt,krausmann2018,observed
1926,Wcum_eol_waste,total,15.62868569,Gt,krausmann2018,observed
1927,Wcum_eol_waste,total,16.33209669,Gt,krausmann2018,observed
1928,Wcum_eol_waste,total,17.05245499,Gt,krausmann2018,observed
1929,Wcum_eol_waste,total,17.78850755,Gt,krausmann2018,observed
1930,Wcum_eol_waste,total,18.53697715,Gt,krausmann2018,observed
1931,Wcum_eol_waste,total,19.29928792,Gt,krausmann2018,observed
1932,Wcum_eol_waste,total,20.07219056,Gt,krausmann2018,observed
1933,Wcum_eol_waste,total,20.85835784,Gt,krausmann2018,observed
1934,Wcum_eol_waste,total,21.66319251,Gt,krausmann2018,observed
1935,Wcum_eol_waste,total,22.48388977,Gt,krausmann2018,observed
1936,Wcum_eol_waste,total,23.32538529,Gt,krausmann2018,observed
1937,Wcum_eol_waste,total,24.18730825,Gt,krausmann2018,observed
1938,Wcum_eol_waste,total,25.06382372,Gt,krausmann2018,observed
1939,Wcum_eol_waste,total,25.96232547,Gt,krausmann2018,observed
1940,Wcum_eol_waste,total,26.88368655,Gt,krausmann2018,observed
1941,Wcum_eol_waste,total,27.82393069,Gt,krausmann2018,observed
1942,Wcum_eol_waste,total,28.78701289,Gt,krausmann2018,observed
1943,Wcum_eol_waste,total,29.76948157,Gt,krausmann2018,observed
1944,Wcum_eol_waste,total,30.7691468,Gt,krausmann2018,observed
1945,Wcum_eol_waste,total,31.78035292,Gt,krausmann2018,observed
1946,Wcum_eol_waste,total,32.80778445,Gt,krausmann2018,observed
1947,Wcum_eol_waste,total,33.85885301,Gt,krausmann2018,observed
1948,Wcum_eol_waste,total,34.93242311,Gt,krausmann2018,observed
1949,Wcum_eol_waste,total,36.03044501,Gt,krausmann2018,observed
1950,Wcum_eol_waste,total,37.15633332,Gt,krausmann2018,observed
1951,Wcum_eol_waste,total,38.31699618,Gt,krausmann2018,observed
1952,Wcum_eol_waste,total,39.51086409,Gt,krausmann2018,observed
1953,Wcum_eol_waste,total,40.73821952,Gt,krausmann2018,observed
1954,Wcum_eol_waste,total,42.00857862,Gt,krausmann2018,observed
1955,Wcum_eol_waste,total,43.31094859,Gt,krausmann2018,observed
1956,Wcum_eol_waste,total,44.65874438,Gt,krausmann2018,observed
1957,Wcum_eol_waste,total,46.05285906,Gt,krausmann2018,observed
1958,Wcum_eol_waste,total,47.48883744,Gt,krausmann2018,observed
1959,Wcum_eol_waste,total,48.9775403,Gt,krausmann2018,observed
1960,Wcum_eol_waste,total,50.52096595,Gt,krausmann2018,observed
1961,Wcum_eol_waste,total,52.11357327,Gt,krausmann2018,observed
1962,Wcum_eol_waste,total,53.76300476,Gt,krausmann2018,observed
1963,Wcum_eol_waste,total,55.47551018,Gt,krausmann2018,observed
1964,Wcum_eol_waste,total,57.25085084,Gt,krausmann2018,observed
1965,Wcum_eol_waste,total,59.10156451,Gt,krausmann2018,observed
1966,Wcum_eol_waste,total,61.0271067,Gt,krausmann2018,observed
1967,Wcum_eol_waste,total,63.02079268,Gt,krausmann2018,observed
1968,Wcum_eol_waste,total,65.10028348,Gt,krausmann2018,observed
1969,Wcum_eol_waste,total,67.2776907,Gt,krausmann2018,observed
1970,Wcum_eol_waste,total,69.54444073,Gt,krausmann2018,observed
1971,Wcum_eol_waste,total,71.8958841,Gt,krausmann2018,observed
1972,Wcum_eol_waste,total,74.33593963,Gt,krausmann2018,observed
1973,Wcum_eol_waste,total,76.88303836,Gt,krausmann2018,observed
1974,Wcum_eol_waste,total,79.53196678,Gt,krausmann2018,observed
1975,Wcum_eol_waste,total,82.28279847,Gt,krausmann2018,observed
1976,Wcum_eol_waste,total,85.12325418,Gt,krausmann2018,observed
1977,Wcum_eol_waste,total,88.06289099,Gt,krausmann2018,observed
1978,Wcum_eol_waste,total,91.11594257,Gt,krausmann2018,observed
1979,Wcum_eol_waste,total,94.29289594,Gt,krausmann2018,observed
1980,Wcum_eol_waste,total,97.57460795,Gt,krausmann2018,observed
1981,Wcum_eol_waste,total,100.961792,Gt,krausmann2018,observed
1982,Wcum_eol_waste,total,104.455015,Gt,krausmann2018,observed
1983,Wcum_eol_waste,total,108.0451255,Gt,krausmann2018,observed
1984,Wcum_eol_waste,total,111.7540783,Gt,krausmann2018,observed
1985,Wcum_eol_waste,total,115.5817756,Gt,krausmann2018,observed
1986,Wcum_eol_waste,total,119.5268275,Gt,krausmann2018,observed
1987,Wcum_eol_waste,total,123.5982571,Gt,krausmann2018,observed
1988,Wcum_eol_waste,total,127.8058377,Gt,krausmann2018,observed
1989,Wcum_eol_waste,total,132.1584367,Gt,krausmann2018,observed
1990,Wcum_eol_waste,total,136.6501617,Gt,krausmann2018,observed
1991,Wcum_eol_waste,total,141.268927,Gt,krausmann2018,observed
1992,Wcum_eol_waste,total,146.0138489,Gt,krausmann2018,observed
1993,Wcum_eol_waste,total,150.8968037,Gt,krausmann2018,observed
1994,Wcum_eol_waste,total,155.9375189,Gt,krausmann2018,observed
1995,Wcum_eol_waste,total,161.1710398,Gt,krausmann2018,observed
1996,Wcum_eol_waste,total,166.5760469,Gt,krausmann2018,observed
1997,Wcum_eol_waste,total,172.1620414,Gt,krausmann2018,observed
1998,Wcum_eol_waste,total,177.9287916,Gt,krausmann2018,observed
1999,Wcum_eol_waste,total,183.869546,Gt,krausmann2018,observed
2000,Wcum_eol_waste,total,189.9917335,Gt,krausmann2018,observed
2001,Wcum_eol_waste,total,196.293353,Gt,krausmann2018,observed
2002,Wcum_eol_waste,total,202.7985565,Gt,krausmann2018,observed
2003,Wcum_eol_waste,total,209.5024955,Gt,krausmann2018,observed
2004,Wcum_eol_waste,total,216.4343595,Gt,krausmann2018,observed
2005,Wcum_eol_waste,total,223.5918484,Gt,krausmann2018,observed
2006,Wcum_eol_waste,total,231.0084886,Gt,krausmann2018,observed
2007,Wcum_eol_waste,total,238.7317954,Gt,krausmann2018,observed
2008,Wcum_eol_waste,total,246.7397841,Gt,krausmann2018,observed
2009,Wcum_eol_waste,total,255.0519714,Gt,krausmann2018,observed
2010,Wcum_eol_waste,total,263.6722166,Gt,krausmann2018,observed
2011,Wcum_eol_waste,total,272.6792856,Gt,krausmann2018,observed
2012,Wcum_eol_waste,total,282.0558427,Gt,krausmann2018,observed
2013,Wcum_eol_waste,total,291.8184344,Gt,krausmann2018,observed
2014,Wcum_eol_waste,total,301.9791553,Gt,krausmann2018,observed
2015,Wcum_eol_waste,total,312.5028738,Gt,krausmann2018,observed
