year,series,commodity,value,unit,source,method
2006,co2_per_tonne_fuel_central,coal,2.44068,t_CO2_per_t_fuel (Other Bituminous Coal),ipcc2006_v2_ch1,transcribed
2006,co2_per_tonne_fuel_central,gas,2.6928,t_CO2_per_t_fuel (Natural Gas),ipcc2006_v2_ch1,transcribed
2006,co2_per_tonne_fuel_central,oil,3.102,t_CO2_per_t_fuel (Crude Oil),ipcc2006_v2_ch1,transcribed
2006,co2_per_tonne_fuel_high,coal,1.2042800000000002,t_CO2_per_t_fuel (Lignite),ipcc2006_v2_ch1,transcribed
2006,co2_per_tonne_fuel_high,gas,2.6048,t_CO2_per_t_fuel (Natural Gas),ipcc2006_v2_ch1,transcribed
2006,co2_per_tonne_fuel_high,oil,2.8361666666666667,t_CO2_per_t_fuel (Natural Gas Liquids),ipcc2006_v2_ch1,transcribed
2006,co2_per_tonne_fuel_low,coal,2.6237199999999996,t_CO2_per_t_fuel (Anthracite),ipcc2006_v2_ch1,transcribed
2006,co2_per_tonne_fuel_low,gas,2.7984,t_CO2_per_t_fuel (Natural Gas),ipcc2006_v2_ch1,transcribed
2006,co2_per_tonne_fuel_low,oil,3.1256133333333334,t_CO2_per_t_fuel (Residual Fuel Oil),ipcc2006_v2_ch1,transcribed
1750,fossil_co2,coal,9.305937,Mt_CO2,gcb2025v15,observed
1751,fossil_co2,coal,9.407229,Mt_CO2,gcb2025v15,observed
1752,fossil_co2,coal,9.505168,Mt_CO2,gcb2025v15,observed
1753,fossil_co2,coal,9.61049,Mt_CO2,gcb2025v15,observed
1754,fossil_co2,coal,9.73358,Mt_CO2,gcb2025v15,observed
1755,fossil_co2,coal,9.793468,Mt_CO2,gcb2025v15,observed
1756,fossil_co2,coal,9.909914,Mt_CO2,gcb2025v15,observed
1757,fossil_co2,coal,10.093936,Mt_CO2,gcb2025v15,observed
1758,fossil_co2,coal,10.216358,Mt_CO2,gcb2025v15,observed
1759,fossil_co2,coal,10.338854,Mt_CO2,gcb2025v15,observed
1760,fossil_co2,coal,10.514331,Mt_CO2,gcb2025v15,observed
1761,fossil_co2,coal,10.747885,Mt_CO2,gcb2025v15,observed
1762,fossil_co2,coal,10.952198,Mt_CO2,gcb2025v15,observed
1763,fossil_co2,coal,11.191592,Mt_CO2,gcb2025v15,observed
1764,fossil_co2,coal,11.396982,Mt_CO2,gcb2025v15,observed
1765,fossil_co2,coal,11.643486,Mt_CO2,gcb2025v15,observed
1766,fossil_co2,coal,11.87608,Mt_CO2,gcb2025v15,observed
1767,fossil_co2,coal,12.152509,Mt_CO2,gcb2025v15,observed
1768,fossil_co2,coal,12.466936,Mt_CO2,gcb2025v15,observed
1769,fossil_co2,coal,12.780074,Mt_CO2,gcb2025v15,observed
1770,fossil_co2,coal,13.097216,Mt_CO2,gcb2025v15,observed
1771,fossil_co2,coal,13.369488,Mt_CO2,gcb2025v15,observed
1772,fossil_co2,coal,13.623507,Mt_CO2,gcb2025v15,observed
1773,fossil_co2,coal,13.808138,Mt_CO2,gcb2025v15,observed
1774,fossil_co2,coal,14.012415,Mt_CO2,gcb2025v15,observed
1775,fossil_co2,coal,14.33892,Mt_CO2,gcb2025v15,observed
1776,fossil_co2,coal,14.654124,Mt_CO2,gcb2025v15,observed
1777,fossil_co2,coal,14.959537,Mt_CO2,gcb2025v15,observed
1778,fossil_co2,coal,15.243483,Mt_CO2,gcb2025v15,observed
1779,fossil_co2,coal,15.535235,Mt_CO2,gcb2025v15,observed
1780,fossil_co2,coal,15.878726,Mt_CO2,gcb2025v15,observed
1781,fossil_co2,coal,16.234383,Mt_CO2,gcb2025v15,observed
1782,fossil_co2,coal,16.580954,Mt_CO2,gcb2025v15,observed
1783,fossil_co2,coal,17.062751,Mt_CO2,gcb2025v15,observed
1784,fossil_co2,coal,17.471093,Mt_CO2,gcb2025v15,observed
1785,fossil_co2,coal,17.965127,Mt_CO2,gcb2025v15,observed
1786,fossil_co2,coal,18.447497,Mt_CO2,gcb2025v15,observed
1787,fossil_co2,coal,18.85913,Mt_CO2,gcb2025v15,observed
1788,fossil_co2,coal,19.286229,Mt_CO2,gcb2025v15,observed
1789,fossil_co2,coal,19.863425,Mt_CO2,gcb2025v15,observed
1790,fossil_co2,coal,20.398094,Mt_CO2,gcb2025v15,observed
1791,fossil_co2,coal,20.931749,Mt_CO2,gcb2025v15,observed
1792,fossil_co2,coal,21.929215,Mt_CO2,gcb2025v15,observed
1793,fossil_co2,coal,22.297261,Mt_CO2,gcb2025v15,observed
1794,fossil_co2,coal,22.519656,Mt_CO2,gcb2025v15,observed
1795,fossil_co2,coal,22.315246,Mt_CO2,gcb2025v15,observed
1796,fossil_co2,coal,22.121375,Mt_CO2,gcb2025v15,observed
1797,fossil_co2,coal,22.090078,Mt_CO2,gcb2025v15,observed
1798,fossil_co2,coal,23.105929,Mt_CO2,gcb2025v15,observed
1799,fossil_co2,coal,27.485207,Mt_CO2,gcb2025v15,observed
1800,fossil_co2,coal,32.798352,Mt_CO2,gcb2025v15,observed
1801,fossil_co2,coal,31.98605,Mt_CO2,gcb2025v15,observed
1802,fossil_co2,coal,40.310473,Mt_CO2,gcb2025v15,observed
1803,fossil_co2,coal,29.538506,Mt_CO2,gcb2025v15,observed
1804,fossil_co2,coal,31.769177,Mt_CO2,gcb2025v15,observed
1805,fossil_co2,coal,31.251817,Mt_CO2,gcb2025v15,observed
1806,fossil_co2,coal,32.704622,Mt_CO2,gcb2025v15,observed
1807,fossil_co2,coal,36.200654,Mt_CO2,gcb2025v15,observed
1808,fossil_co2,coal,35.497789,Mt_CO2,gcb2025v15,observed
1809,fossil_co2,coal,36.333813,Mt_CO2,gcb2025v15,observed
1810,fossil_co2,coal,39.492312,Mt_CO2,gcb2025v15,observed
1811,fossil_co2,coal,40.176681,Mt_CO2,gcb2025v15,observed
1812,fossil_co2,coal,40.814523,Mt_CO2,gcb2025v15,observed
1813,fossil_co2,coal,41.206139,Mt_CO2,gcb2025v15,observed
1814,fossil_co2,coal,42.226646,Mt_CO2,gcb2025v15,observed
1815,fossil_co2,coal,43.587265,Mt_CO2,gcb2025v15,observed
1816,fossil_co2,coal,45.496577,Mt_CO2,gcb2025v15,observed
1817,fossil_co2,coal,49.275922,Mt_CO2,gcb2025v15,observed
1818,fossil_co2,coal,51.39201,Mt_CO2,gcb2025v15,observed
1819,fossil_co2,coal,50.930167,Mt_CO2,gcb2025v15,observed
1820,fossil_co2,coal,50.733074,Mt_CO2,gcb2025v15,observed
1821,fossil_co2,coal,52.059349,Mt_CO2,gcb2025v15,observed
1822,fossil_co2,coal,54.021712,Mt_CO2,gcb2025v15,observed
1823,fossil_co2,coal,56.357763,Mt_CO2,gcb2025v15,observed
1824,fossil_co2,coal,57.583637,Mt_CO2,gcb2025v15,observed
1825,fossil_co2,coal,60.730867,Mt_CO2,gcb2025v15,observed
1826,fossil_co2,coal,61.38213,Mt_CO2,gcb2025v15,observed
1827,fossil_co2,coal,65.738568,Mt_CO2,gcb2025v15,observed
1828,fossil_co2,coal,66.68179,Mt_CO2,gcb2025v15,observed
1829,fossil_co2,coal,66.307408,Mt_CO2,gcb2025v15,observed
1830,fossil_co2,coal,88.988498,Mt_CO2,gcb2025v15,observed
1831,fossil_co2,coal,83.250906,Mt_CO2,gcb2025v15,observed
1832,fossil_co2,coal,82.091751,Mt_CO2,gcb2025v15,observed
1833,fossil_co2,coal,83.248945,Mt_CO2,gcb2025v15,observed
1834,fossil_co2,coal,88.763111,Mt_CO2,gcb2025v15,observed
1835,fossil_co2,coal,97.399594,Mt_CO2,gcb2025v15,observed
1836,fossil_co2,coal,106.894495,Mt_CO2,gcb2025v15,observed
1837,fossil_co2,coal,106.199422,Mt_CO2,gcb2025v15,observed
1838,fossil_co2,coal,105.845261,Mt_CO2,gcb2025v15,observed
1839,fossil_co2,coal,109.653034,Mt_CO2,gcb2025v15,observed
1840,fossil_co2,coal,118.808512,Mt_CO2,gcb2025v15,observed
1841,fossil_co2,coal,122.165547,Mt_CO2,gcb2025v15,observed
1842,fossil_co2,coal,129.388789,Mt_CO2,gcb2025v15,observed
1843,fossil_co2,coal,132.369389,Mt_CO2,gcb2025v15,observed
1844,fossil_co2,coal,141.966448,Mt_CO2,gcb2025v15,observed
1845,fossil_co2,coal,155.073404,Mt_CO2,gcb2025v15,observed
1846,fossil_co2,coal,157.701789,Mt_CO2,gcb2025v15,observed
1847,fossil_co2,coal,170.796751,Mt_CO2,gcb2025v15,observed
1848,fossil_co2,coal,173.64348,Mt_CO2,gcb2025v15,observed
1849,fossil_co2,coal,185.048032,Mt_CO2,gcb2025v15,observed
1850,fossil_co2,coal,196.847595,Mt_CO2,gcb2025v15,observed
1851,fossil_co2,coal,198.778547,Mt_CO2,gcb2025v15,observed
1852,fossil_co2,coal,207.595091,Mt_CO2,gcb2025v15,observed
1853,fossil_co2,coal,217.236968,Mt_CO2,gcb2025v15,observed
1854,fossil_co2,coal,255.038557,Mt_CO2,gcb2025v15,observed
1855,fossil_co2,coal,260.223211,Mt_CO2,gcb2025v15,observed
1856,fossil_co2,coal,278.205323,Mt_CO2,gcb2025v15,observed
1857,fossil_co2,coal,281.129752,Mt_CO2,gcb2025v15,observed
1858,fossil_co2,coal,285.486095,Mt_CO2,gcb2025v15,observed
1859,fossil_co2,coal,302.51721,Mt_CO2,gcb2025v15,observed
1860,fossil_co2,coal,332.025019,Mt_CO2,gcb2025v15,observed
1861,fossil_co2,coal,348.249187,Mt_CO2,gcb2025v15,observed
1862,fossil_co2,coal,354.592447,Mt_CO2,gcb2025v15,observed
1863,fossil_co2,coal,378.241821,Mt_CO2,gcb2025v15,observed
1864,fossil_co2,coal,408.415522,Mt_CO2,gcb2025v15,observed
1865,fossil_co2,coal,433.531608,Mt_CO2,gcb2025v15,observed
1866,fossil_co2,coal,447.115242,Mt_CO2,gcb2025v15,observed
1867,fossil_co2,coal,478.829139,Mt_CO2,gcb2025v15,observed
1868,fossil_co2,coal,492.20504,Mt_CO2,gcb2025v15,observed
1869,fossil_co2,coal,522.117078,Mt_CO2,gcb2025v15,observed
1870,fossil_co2,coal,532.990507,Mt_CO2,gcb2025v15,observed
1871,fossil_co2,coal,566.494835,Mt_CO2,gcb2025v15,observed
1872,fossil_co2,coal,627.263589,Mt_CO2,gcb2025v15,observed
1873,fossil_co2,coal,664.79834,Mt_CO2,gcb2025v15,observed
1874,fossil_co2,coal,622.420105,Mt_CO2,gcb2025v15,observed
1875,fossil_co2,coal,675.21403,Mt_CO2,gcb2025v15,observed
1876,fossil_co2,coal,684.04842,Mt_CO2,gcb2025v15,observed
1877,fossil_co2,coal,695.211086,Mt_CO2,gcb2025v15,observed
1878,fossil_co2,coal,699.611829,Mt_CO2,gcb2025v15,observed
1879,fossil_co2,coal,747.137823,Mt_CO2,gcb2025v15,observed
1880,fossil_co2,coal,842.69502,Mt_CO2,gcb2025v15,observed
1881,fossil_co2,coal,870.726018,Mt_CO2,gcb2025v15,observed
1882,fossil_co2,coal,918.787436,Mt_CO2,gcb2025v15,observed
1883,fossil_co2,coal,980.635605,Mt_CO2,gcb2025v15,observed
1884,fossil_co2,coal,989.938063,Mt_CO2,gcb2025v15,observed
1885,fossil_co2,coal,994.472968,Mt_CO2,gcb2025v15,observed
1886,fossil_co2,coal,1003.116529,Mt_CO2,gcb2025v15,observed
1887,fossil_co2,coal,1048.460495,Mt_CO2,gcb2025v15,observed
1888,fossil_co2,coal,1159.448804,Mt_CO2,gcb2025v15,observed
1889,fossil_co2,coal,1160.884676,Mt_CO2,gcb2025v15,observed
1890,fossil_co2,coal,1260.254352,Mt_CO2,gcb2025v15,observed
1891,fossil_co2,coal,1319.138154,Mt_CO2,gcb2025v15,observed
1892,fossil_co2,coal,1331.82921,Mt_CO2,gcb2025v15,observed
1893,fossil_co2,coal,1312.682691,Mt_CO2,gcb2025v15,observed
1894,fossil_co2,coal,1363.137056,Mt_CO2,gcb2025v15,observed
1895,fossil_co2,coal,1439.659395,Mt_CO2,gcb2025v15,observed
1896,fossil_co2,coal,1485.243732,Mt_CO2,gcb2025v15,observed
1897,fossil_co2,coal,1554.677015,Mt_CO2,gcb2025v15,observed
1898,fossil_co2,coal,1640.331027,Mt_CO2,gcb2025v15,observed
1899,fossil_co2,coal,1792.204038,Mt_CO2,gcb2025v15,observed
1900,fossil_co2,coal,1882.644532,Mt_CO2,gcb2025v15,observed
1901,fossil_co2,coal,1936.355565,Mt_CO2,gcb2025v15,observed
1902,fossil_co2,coal,1980.298711,Mt_CO2,gcb2025v15,observed
1903,fossil_co2,coal,2161.955266,Mt_CO2,gcb2025v15,observed
1904,fossil_co2,coal,2174.434326,Mt_CO2,gcb2025v15,observed
1905,fossil_co2,coal,2320.898358,Mt_CO2,gcb2025v15,observed
1906,fossil_co2,coal,2425.448918,Mt_CO2,gcb2025v15,observed
1907,fossil_co2,coal,2758.97917,Mt_CO2,gcb2025v15,observed
1908,fossil_co2,coal,2635.282419,Mt_CO2,gcb2025v15,observed
1909,fossil_co2,coal,2740.823245,Mt_CO2,gcb2025v15,observed
1910,fossil_co2,coal,2871.834234,Mt_CO2,gcb2025v15,observed
1911,fossil_co2,coal,2909.143627,Mt_CO2,gcb2025v15,observed
1912,fossil_co2,coal,3058.47641,Mt_CO2,gcb2025v15,observed
1913,fossil_co2,coal,3302.354196,Mt_CO2,gcb2025v15,observed
1914,fossil_co2,coal,2971.22554,Mt_CO2,gcb2025v15,observed
1915,fossil_co2,coal,2908.266346,Mt_CO2,gcb2025v15,observed
1916,fossil_co2,coal,3135.505393,Mt_CO2,gcb2025v15,observed
1917,fossil_co2,coal,3265.621481,Mt_CO2,gcb2025v15,observed
1918,fossil_co2,coal,3215.897165,Mt_CO2,gcb2025v15,observed
1919,fossil_co2,coal,2720.154736,Mt_CO2,gcb2025v15,observed
1920,fossil_co2,coal,3132.616325,Mt_CO2,gcb2025v15,observed
1921,fossil_co2,coal,2672.104375,Mt_CO2,gcb2025v15,observed
1922,fossil_co2,coal,2773.434172,Mt_CO2,gcb2025v15,observed
1923,fossil_co2,coal,3149.714714,Mt_CO2,gcb2025v15,observed
1924,fossil_co2,coal,3155.95212,Mt_CO2,gcb2025v15,observed
1925,fossil_co2,coal,3153.677205,Mt_CO2,gcb2025v15,observed
1926,fossil_co2,coal,3084.04399,Mt_CO2,gcb2025v15,observed
1927,fossil_co2,coal,3364.399216,Mt_CO2,gcb2025v15,observed
1928,fossil_co2,coal,3307.581127,Mt_CO2,gcb2025v15,observed
1929,fossil_co2,coal,3523.883471,Mt_CO2,gcb2025v15,observed
1930,fossil_co2,coal,3216.250773,Mt_CO2,gcb2025v15,observed
1931,fossil_co2,coal,2833.195549,Mt_CO2,gcb2025v15,observed
1932,fossil_co2,coal,2522.369989,Mt_CO2,gcb2025v15,observed
1933,fossil_co2,coal,2638.807124,Mt_CO2,gcb2025v15,observed
1934,fossil_co2,coal,2880.470116,Mt_CO2,gcb2025v15,observed
1935,fossil_co2,coal,2998.368683,Mt_CO2,gcb2025v15,observed
1936,fossil_co2,coal,3287.72059,Mt_CO2,gcb2025v15,observed
1937,fossil_co2,coal,3465.992,Mt_CO2,gcb2025v15,observed
1938,fossil_co2,coal,3230.585761,Mt_CO2,gcb2025v15,observed
1939,fossil_co2,coal,3435.781119,Mt_CO2,gcb2025v15,observed
1940,fossil_co2,coal,3795.503203,Mt_CO2,gcb2025v15,observed
1941,fossil_co2,coal,3885.962925,Mt_CO2,gcb2025v15,observed
1942,fossil_co2,coal,3910.556195,Mt_CO2,gcb2025v15,observed
1943,fossil_co2,coal,3926.685971,Mt_CO2,gcb2025v15,observed
1944,fossil_co2,coal,3869.107221,Mt_CO2,gcb2025v15,observed
1945,fossil_co2,coal,2999.875928,Mt_CO2,gcb2025v15,observed
1946,fossil_co2,coal,3236.010587,Mt_CO2,gcb2025v15,observed
1947,fossil_co2,coal,3623.153676,Mt_CO2,gcb2025v15,observed
1948,fossil_co2,coal,3740.72687,Mt_CO2,gcb2025v15,observed
1949,fossil_co2,coal,3547.27403,Mt_CO2,gcb2025v15,observed
1950,fossil_co2,coal,3879.954702,Mt_CO2,gcb2025v15,observed
1951,fossil_co2,coal,4084.145989,Mt_CO2,gcb2025v15,observed
1952,fossil_co2,coal,4030.055701,Mt_CO2,gcb2025v15,observed
1953,fossil_co2,coal,4061.100833,Mt_CO2,gcb2025v15,observed
1954,fossil_co2,coal,4053.675811,Mt_CO2,gcb2025v15,observed
1955,fossil_co2,coal,4386.082611,Mt_CO2,gcb2025v15,observed
1956,fossil_co2,coal,4608.296664,Mt_CO2,gcb2025v15,observed
1957,fossil_co2,coal,4691.58259,Mt_CO2,gcb2025v15,observed
1958,fossil_co2,coal,4761.45831,Mt_CO2,gcb2025v15,observed
1959,fossil_co2,coal,4953.932083,Mt_CO2,gcb2025v15,observed
1960,fossil_co2,coal,5158.32269,Mt_CO2,gcb2025v15,observed
1961,fossil_co2,coal,4944.186259,Mt_CO2,gcb2025v15,observed
1962,fossil_co2,coal,4928.587274,Mt_CO2,gcb2025v15,observed
1963,fossil_co2,coal,5107.930903,Mt_CO2,gcb2025v15,observed
1964,fossil_co2,coal,5213.214669,Mt_CO2,gcb2025v15,observed
1965,fossil_co2,coal,5289.088473,Mt_CO2,gcb2025v15,observed
1966,fossil_co2,coal,5349.977627,Mt_CO2,gcb2025v15,observed
1967,fossil_co2,coal,5261.868015,Mt_CO2,gcb2025v15,observed
1968,fossil_co2,coal,5319.658545,Mt_CO2,gcb2025v15,observed
1969,fossil_co2,coal,5518.273393,Mt_CO2,gcb2025v15,observed
1970,fossil_co2,coal,5698.858391,Mt_CO2,gcb2025v15,observed
1971,fossil_co2,coal,5700.055145,Mt_CO2,gcb2025v15,observed
1972,fossil_co2,coal,5691.283832,Mt_CO2,gcb2025v15,observed
1973,fossil_co2,coal,5860.89836,Mt_CO2,gcb2025v15,observed
1974,fossil_co2,coal,5857.693323,Mt_CO2,gcb2025v15,observed
1975,fossil_co2,coal,6018.315147,Mt_CO2,gcb2025v15,observed
1976,fossil_co2,coal,6226.339693,Mt_CO2,gcb2025v15,observed
1977,fossil_co2,coal,6375.023526,Mt_CO2,gcb2025v15,observed
1978,fossil_co2,coal,6510.127937,Mt_CO2,gcb2025v15,observed
1979,fossil_co2,coal,6799.881737,Mt_CO2,gcb2025v15,observed
1980,fossil_co2,coal,6984.98964,Mt_CO2,gcb2025v15,observed
1981,fossil_co2,coal,6942.94159,Mt_CO2,gcb2025v15,observed
1982,fossil_co2,coal,7066.996591,Mt_CO2,gcb2025v15,observed
1983,fossil_co2,coal,7269.239293,Mt_CO2,gcb2025v15,observed
1984,fossil_co2,coal,7586.115448,Mt_CO2,gcb2025v15,observed
1985,fossil_co2,coal,8144.82407,Mt_CO2,gcb2025v15,observed
1986,fossil_co2,coal,8261.465915,Mt_CO2,gcb2025v15,observed
1987,fossil_co2,coal,8549.229579,Mt_CO2,gcb2025v15,observed
1988,fossil_co2,coal,8836.428772,Mt_CO2,gcb2025v15,observed
1989,fossil_co2,coal,8827.797371,Mt_CO2,gcb2025v15,observed
1990,fossil_co2,coal,8659.787366,Mt_CO2,gcb2025v15,observed
1991,fossil_co2,coal,8574.090079,Mt_CO2,gcb2025v15,observed
1992,fossil_co2,coal,8361.173994,Mt_CO2,gcb2025v15,observed
1993,fossil_co2,coal,8470.028537,Mt_CO2,gcb2025v15,observed
1994,fossil_co2,coal,8513.746621,Mt_CO2,gcb2025v15,observed
1995,fossil_co2,coal,8758.441189,Mt_CO2,gcb2025v15,observed
1996,fossil_co2,coal,8976.963535,Mt_CO2,gcb2025v15,observed
1997,fossil_co2,coal,8927.300262,Mt_CO2,gcb2025v15,observed
1998,fossil_co2,coal,8689.001059,Mt_CO2,gcb2025v15,observed
1999,fossil_co2,coal,8809.092638,Mt_CO2,gcb2025v15,observed
2000,fossil_co2,coal,9156.637667,Mt_CO2,gcb2025v15,observed
2001,fossil_co2,coal,9208.428677,Mt_CO2,gcb2025v15,observed
2002,fossil_co2,coal,9630.181154,Mt_CO2,gcb2025v15,observed
2003,fossil_co2,coal,10466.565903,Mt_CO2,gcb2025v15,observed
2004,fossil_co2,coal,10813.391565,Mt_CO2,gcb2025v15,observed
2005,fossil_co2,coal,11498.500241,Mt_CO2,gcb2025v15,observed
2006,fossil_co2,coal,12136.238063,Mt_CO2,gcb2025v15,observed
2007,fossil_co2,coal,12724.451456,Mt_CO2,gcb2025v15,observed
2008,fossil_co2,coal,13149.668957,Mt_CO2,gcb2025v15,observed
2009,fossil_co2,coal,13003.172307,Mt_CO2,gcb2025v15,observed
2010,fossil_co2,coal,13918.223351,Mt_CO2,gcb2025v15,observed
2011,fossil_co2,coal,14704.222466,Mt_CO2,gcb2025v15,observed
2012,fossil_co2,coal,14867.801934,Mt_CO2,gcb2025v15,observed
2013,fossil_co2,coal,14953.153144,Mt_CO2,gcb2025v15,observed
2014,fossil_co2,coal,15014.883803,Mt_CO2,gcb2025v15,observed
2015,fossil_co2,coal,14655.01626,Mt_CO2,gcb2025v15,observed
2016,fossil_co2,coal,14322.989016,Mt_CO2,gcb2025v15,observed
2017,fossil_co2,coal,14494.167923,Mt_CO2,gcb2025v15,observed
2018,fossil_co2,coal,14762.69449,Mt_CO2,gcb2025v15,observed
2019,fossil_co2,coal,14702.957496,Mt_CO2,gcb2025v15,observed
2020,fossil_co2,coal,14267.036542,Mt_CO2,gcb2025v15,observed
2021,fossil_co2,coal,14969.249387,Mt_CO2,gcb2025v15,observed
2022,fossil_co2,coal,15449.176992,Mt_CO2,gcb2025v15,observed
2023,fossil_co2,coal,15636.373338,Mt_CO2,gcb2025v15,observed
2024,fossil_co2,coal,15805.254152,Mt_CO2,gcb2025v15,observed
1882,fossil_co2,gas,0.16488,Mt_CO2,gcb2025v15,observed
1883,fossil_co2,gas,0.381051,Mt_CO2,gcb2025v15,observed
1884,fossil_co2,gas,1.17248,Mt_CO2,gcb2025v15,observed
1885,fossil_co2,gas,3.715296,Mt_CO2,gcb2025v15,observed
1886,fossil_co2,gas,7.67608,Mt_CO2,gcb2025v15,observed
1887,fossil_co2,gas,11.787088,Mt_CO2,gcb2025v15,observed
1888,fossil_co2,gas,16.773792,Mt_CO2,gcb2025v15,observed
1889,fossil_co2,gas,12.226768,Mt_CO2,gcb2025v15,observed
1890,fossil_co2,gas,11.688053,Mt_CO2,gcb2025v15,observed
1891,fossil_co2,gas,8.947488,Mt_CO2,gcb2025v15,observed
1892,fossil_co2,gas,7.775008,Mt_CO2,gcb2025v15,observed
1893,fossil_co2,gas,7.287696,Mt_CO2,gcb2025v15,observed
1894,fossil_co2,gas,6.69785,Mt_CO2,gcb2025v15,observed
1895,fossil_co2,gas,7.042154,Mt_CO2,gcb2025v15,observed
1896,fossil_co2,gas,6.847964,Mt_CO2,gcb2025v15,observed
1897,fossil_co2,gas,7.287643,Mt_CO2,gcb2025v15,observed
1898,fossil_co2,gas,8.460176,Mt_CO2,gcb2025v15,observed
1899,fossil_co2,gas,10.904064,Mt_CO2,gcb2025v15,observed
1900,fossil_co2,gas,11.5416,Mt_CO2,gcb2025v15,observed
1901,fossil_co2,gas,12.86064,Mt_CO2,gcb2025v15,observed
1902,fossil_co2,gas,13.696032,Mt_CO2,gcb2025v15,observed
1903,fossil_co2,gas,14.52776,Mt_CO2,gcb2025v15,observed
1904,fossil_co2,gas,15.165234,Mt_CO2,gcb2025v15,observed
1905,fossil_co2,gas,17.169504,Mt_CO2,gcb2025v15,observed
1906,fossil_co2,gas,19.027152,Mt_CO2,gcb2025v15,observed
1907,fossil_co2,gas,19.877139,Mt_CO2,gcb2025v15,observed
1908,fossil_co2,gas,19.67568,Mt_CO2,gcb2025v15,observed
1909,fossil_co2,gas,23.522878,Mt_CO2,gcb2025v15,observed
1910,fossil_co2,gas,24.9152,Mt_CO2,gcb2025v15,observed
1911,fossil_co2,gas,25.717653,Mt_CO2,gcb2025v15,observed
1912,fossil_co2,gas,28.315392,Mt_CO2,gcb2025v15,observed
1913,fossil_co2,gas,29.597792,Mt_CO2,gcb2025v15,observed
1914,fossil_co2,gas,30.136463,Mt_CO2,gcb2025v15,observed
1915,fossil_co2,gas,31.86575,Mt_CO2,gcb2025v15,observed
1916,fossil_co2,gas,38.37681,Mt_CO2,gcb2025v15,observed
1917,fossil_co2,gas,40.509124,Mt_CO2,gcb2025v15,observed
1918,fossil_co2,gas,36.51909,Mt_CO2,gcb2025v15,observed
1919,fossil_co2,gas,37.948035,Mt_CO2,gcb2025v15,observed
1920,fossil_co2,gas,41.685394,Mt_CO2,gcb2025v15,observed
1921,fossil_co2,gas,34.992362,Mt_CO2,gcb2025v15,observed
1922,fossil_co2,gas,40.107025,Mt_CO2,gcb2025v15,observed
1923,fossil_co2,gas,52.526129,Mt_CO2,gcb2025v15,observed
1924,fossil_co2,gas,59.709066,Mt_CO2,gcb2025v15,observed
1925,fossil_co2,gas,63.922737,Mt_CO2,gcb2025v15,observed
1926,fossil_co2,gas,69.144999,Mt_CO2,gcb2025v15,observed
1927,fossil_co2,gas,76.017499,Mt_CO2,gcb2025v15,observed
1928,fossil_co2,gas,82.623434,Mt_CO2,gcb2025v15,observed
1929,fossil_co2,gas,102.89475,Mt_CO2,gcb2025v15,observed
1930,fossil_co2,gas,104.224738,Mt_CO2,gcb2025v15,observed
1931,fossil_co2,gas,92.888512,Mt_CO2,gcb2025v15,observed
1932,fossil_co2,gas,88.219856,Mt_CO2,gcb2025v15,observed
1933,fossil_co2,gas,90.918567,Mt_CO2,gcb2025v15,observed
1934,fossil_co2,gas,101.951789,Mt_CO2,gcb2025v15,observed
1935,fossil_co2,gas,111.374393,Mt_CO2,gcb2025v15,observed
1936,fossil_co2,gas,125.531875,Mt_CO2,gcb2025v15,observed
1937,fossil_co2,gas,140.577743,Mt_CO2,gcb2025v15,observed
1938,fossil_co2,gas,135.496656,Mt_CO2,gcb2025v15,observed
1939,fossil_co2,gas,141.331385,Mt_CO2,gcb2025v15,observed
1940,fossil_co2,gas,153.519749,Mt_CO2,gcb2025v15,observed
1941,fossil_co2,gas,153.463219,Mt_CO2,gcb2025v15,observed
1942,fossil_co2,gas,166.048943,Mt_CO2,gcb2025v15,observed
1943,fossil_co2,gas,182.899895,Mt_CO2,gcb2025v15,observed
1944,fossil_co2,gas,197.600826,Mt_CO2,gcb2025v15,observed
1945,fossil_co2,gas,216.700332,Mt_CO2,gcb2025v15,observed
1946,fossil_co2,gas,223.837378,Mt_CO2,gcb2025v15,observed
1947,fossil_co2,gas,247.892578,Mt_CO2,gcb2025v15,observed
1948,fossil_co2,gas,280.127246,Mt_CO2,gcb2025v15,observed
1949,fossil_co2,gas,300.459761,Mt_CO2,gcb2025v15,observed
1950,fossil_co2,gas,353.156018,Mt_CO2,gcb2025v15,observed
1951,fossil_co2,gas,416.186358,Mt_CO2,gcb2025v15,observed
1952,fossil_co2,gas,447.085956,Mt_CO2,gcb2025v15,observed
1953,fossil_co2,gas,474.530281,Mt_CO2,gcb2025v15,observed
1954,fossil_co2,gas,501.356006,Mt_CO2,gcb2025v15,observed
1955,fossil_co2,gas,547.242116,Mt_CO2,gcb2025v15,observed
1956,fossil_co2,gas,587.241989,Mt_CO2,gcb2025v15,observed
1957,fossil_co2,gas,646.687136,Mt_CO2,gcb2025v15,observed
1958,fossil_co2,gas,705.853109,Mt_CO2,gcb2025v15,observed
1959,fossil_co2,gas,758.25998,Mt_CO2,gcb2025v15,observed
1960,fossil_co2,gas,834.617845,Mt_CO2,gcb2025v15,observed
1961,fossil_co2,gas,882.125612,Mt_CO2,gcb2025v15,observed
1962,fossil_co2,gas,967.819859,Mt_CO2,gcb2025v15,observed
1963,fossil_co2,gas,1046.950021,Mt_CO2,gcb2025v15,observed
1964,fossil_co2,gas,1152.991759,Mt_CO2,gcb2025v15,observed
1965,fossil_co2,gas,1230.666604,Mt_CO2,gcb2025v15,observed
1966,fossil_co2,gas,1339.979943,Mt_CO2,gcb2025v15,observed
1967,fossil_co2,gas,1433.098735,Mt_CO2,gcb2025v15,observed
1968,fossil_co2,gas,1559.750816,Mt_CO2,gcb2025v15,observed
1969,fossil_co2,gas,1708.719952,Mt_CO2,gcb2025v15,observed
1970,fossil_co2,gas,1790.936104,Mt_CO2,gcb2025v15,observed
1971,fossil_co2,gas,1933.588223,Mt_CO2,gcb2025v15,observed
1972,fossil_co2,gas,2052.348857,Mt_CO2,gcb2025v15,observed
1973,fossil_co2,gas,2202.722551,Mt_CO2,gcb2025v15,observed
1974,fossil_co2,gas,2256.540449,Mt_CO2,gcb2025v15,observed
1975,fossil_co2,gas,2241.266412,Mt_CO2,gcb2025v15,observed
1976,fossil_co2,gas,2359.00934,Mt_CO2,gcb2025v15,observed
1977,fossil_co2,gas,2411.7205,Mt_CO2,gcb2025v15,observed
1978,fossil_co2,gas,2541.737305,Mt_CO2,gcb2025v15,observed
1979,fossil_co2,gas,2668.064892,Mt_CO2,gcb2025v15,observed
1980,fossil_co2,gas,2741.514165,Mt_CO2,gcb2025v15,observed
1981,fossil_co2,gas,2763.372998,Mt_CO2,gcb2025v15,observed
1982,fossil_co2,gas,2701.498415,Mt_CO2,gcb2025v15,observed
1983,fossil_co2,gas,2743.119601,Mt_CO2,gcb2025v15,observed
1984,fossil_co2,gas,2972.026971,Mt_CO2,gcb2025v15,observed
1985,fossil_co2,gas,3089.700169,Mt_CO2,gcb2025v15,observed
1986,fossil_co2,gas,3014.606372,Mt_CO2,gcb2025v15,observed
1987,fossil_co2,gas,3281.56705,Mt_CO2,gcb2025v15,observed
1988,fossil_co2,gas,3435.977982,Mt_CO2,gcb2025v15,observed
1989,fossil_co2,gas,3604.958478,Mt_CO2,gcb2025v15,observed
1990,fossil_co2,gas,3790.181849,Mt_CO2,gcb2025v15,observed
1991,fossil_co2,gas,3851.52037,Mt_CO2,gcb2025v15,observed
1992,fossil_co2,gas,3901.366124,Mt_CO2,gcb2025v15,observed
1993,fossil_co2,gas,4007.80412,Mt_CO2,gcb2025v15,observed
1994,fossil_co2,gas,4040.173923,Mt_CO2,gcb2025v15,observed
1995,fossil_co2,gas,4196.847608,Mt_CO2,gcb2025v15,observed
1996,fossil_co2,gas,4381.598839,Mt_CO2,gcb2025v15,observed
1997,fossil_co2,gas,4395.057757,Mt_CO2,gcb2025v15,observed
1998,fossil_co2,gas,4443.504602,Mt_CO2,gcb2025v15,observed
1999,fossil_co2,gas,4586.166035,Mt_CO2,gcb2025v15,observed
2000,fossil_co2,gas,4727.822768,Mt_CO2,gcb2025v15,observed
2001,fossil_co2,gas,4771.714863,Mt_CO2,gcb2025v15,observed
2002,fossil_co2,gas,4913.651787,Mt_CO2,gcb2025v15,observed
2003,fossil_co2,gas,5096.195772,Mt_CO2,gcb2025v15,observed
2004,fossil_co2,gas,5257.670729,Mt_CO2,gcb2025v15,observed
2005,fossil_co2,gas,5376.288818,Mt_CO2,gcb2025v15,observed
2006,fossil_co2,gas,5531.005843,Mt_CO2,gcb2025v15,observed
2007,fossil_co2,gas,5736.636926,Mt_CO2,gcb2025v15,observed
2008,fossil_co2,gas,5905.500465,Mt_CO2,gcb2025v15,observed
2009,fossil_co2,gas,5765.684103,Mt_CO2,gcb2025v15,observed
2010,fossil_co2,gas,6205.779716,Mt_CO2,gcb2025v15,observed
2011,fossil_co2,gas,6389.330275,Mt_CO2,gcb2025v15,observed
2012,fossil_co2,gas,6523.142974,Mt_CO2,gcb2025v15,observed
2013,fossil_co2,gas,6573.115537,Mt_CO2,gcb2025v15,observed
2014,fossil_co2,gas,6604.975438,Mt_CO2,gcb2025v15,observed
2015,fossil_co2,gas,6728.989426,Mt_CO2,gcb2025v15,observed
2016,fossil_co2,gas,6914.850036,Mt_CO2,gcb2025v15,observed
2017,fossil_co2,gas,7084.614973,Mt_CO2,gcb2025v15,observed
2018,fossil_co2,gas,7419.412907,Mt_CO2,gcb2025v15,observed
2019,fossil_co2,gas,7574.055909,Mt_CO2,gcb2025v15,observed
2020,fossil_co2,gas,7520.81959,Mt_CO2,gcb2025v15,observed
2021,fossil_co2,gas,7878.698208,Mt_CO2,gcb2025v15,observed
2022,fossil_co2,gas,7758.745437,Mt_CO2,gcb2025v15,observed
2023,fossil_co2,gas,7802.84531,Mt_CO2,gcb2025v15,observed
2024,fossil_co2,gas,8009.827686,Mt_CO2,gcb2025v15,observed
1855,fossil_co2,oil,0.03664,Mt_CO2,gcb2025v15,observed
1856,fossil_co2,oil,0.040304,Mt_CO2,gcb2025v15,observed
1857,fossil_co2,oil,0.051296,Mt_CO2,gcb2025v15,observed
1858,fossil_co2,oil,0.062288,Mt_CO2,gcb2025v15,observed
1859,fossil_co2,oil,0.054955,Mt_CO2,gcb2025v15,observed
1860,fossil_co2,oil,0.273426,Mt_CO2,gcb2025v15,observed
1861,fossil_co2,oil,0.940979,Mt_CO2,gcb2025v15,observed
1862,fossil_co2,oil,1.398621,Mt_CO2,gcb2025v15,observed
1863,fossil_co2,oil,1.293057,Mt_CO2,gcb2025v15,observed
1864,fossil_co2,oil,1.109902,Mt_CO2,gcb2025v15,observed
1865,fossil_co2,oil,1.319712,Mt_CO2,gcb2025v15,observed
1866,fossil_co2,oil,1.951772,Mt_CO2,gcb2025v15,observed
1867,fossil_co2,oil,1.98477,Mt_CO2,gcb2025v15,observed
1868,fossil_co2,oil,2.288487,Mt_CO2,gcb2025v15,observed
1869,fossil_co2,oil,2.613984,Mt_CO2,gcb2025v15,observed
1870,fossil_co2,oil,3.132769,Mt_CO2,gcb2025v15,observed
1871,fossil_co2,oil,3.281752,Mt_CO2,gcb2025v15,observed
1872,fossil_co2,oil,3.697884,Mt_CO2,gcb2025v15,observed
1873,fossil_co2,oil,5.668873,Mt_CO2,gcb2025v15,observed
1874,fossil_co2,oil,6.24213,Mt_CO2,gcb2025v15,observed
1875,fossil_co2,oil,5.833954,Mt_CO2,gcb2025v15,observed
1876,fossil_co2,oil,6.534104,Mt_CO2,gcb2025v15,observed
1877,fossil_co2,oil,8.821777,Mt_CO2,gcb2025v15,observed
1878,fossil_co2,oil,10.037691,Mt_CO2,gcb2025v15,observed
1879,fossil_co2,oil,12.65654,Mt_CO2,gcb2025v15,observed
1880,fossil_co2,oil,15.360451,Mt_CO2,gcb2025v15,observed
1881,fossil_co2,oil,17.238714,Mt_CO2,gcb2025v15,observed
1882,fossil_co2,oil,18.935602,Mt_CO2,gcb2025v15,observed
1883,fossil_co2,oil,16.497516,Mt_CO2,gcb2025v15,observed
1884,fossil_co2,oil,18.318886,Mt_CO2,gcb2025v15,observed
1885,fossil_co2,oil,18.955903,Mt_CO2,gcb2025v15,observed
1886,fossil_co2,oil,21.820653,Mt_CO2,gcb2025v15,observed
1887,fossil_co2,oil,23.479329,Mt_CO2,gcb2025v15,observed
1888,fossil_co2,oil,24.578454,Mt_CO2,gcb2025v15,observed
1889,fossil_co2,oil,28.40415,Mt_CO2,gcb2025v15,observed
1890,fossil_co2,oil,34.648029,Mt_CO2,gcb2025v15,observed
1891,fossil_co2,oil,40.829213,Mt_CO2,gcb2025v15,observed
1892,fossil_co2,oil,40.203941,Mt_CO2,gcb2025v15,observed
1893,fossil_co2,oil,42.543889,Mt_CO2,gcb2025v15,observed
1894,fossil_co2,oil,41.697243,Mt_CO2,gcb2025v15,observed
1895,fossil_co2,oil,48.53646,Mt_CO2,gcb2025v15,observed
1896,fossil_co2,oil,52.568273,Mt_CO2,gcb2025v15,observed
1897,fossil_co2,oil,55.527107,Mt_CO2,gcb2025v15,observed
1898,fossil_co2,oil,57.168533,Mt_CO2,gcb2025v15,observed
1899,fossil_co2,oil,60.025843,Mt_CO2,gcb2025v15,observed
1900,fossil_co2,oil,67.303034,Mt_CO2,gcb2025v15,observed
1901,fossil_co2,oil,74.745746,Mt_CO2,gcb2025v15,observed
1902,fossil_co2,oil,80.803235,Mt_CO2,gcb2025v15,observed
1903,fossil_co2,oil,85.560375,Mt_CO2,gcb2025v15,observed
1904,fossil_co2,oil,96.07303,Mt_CO2,gcb2025v15,observed
1905,fossil_co2,oil,97.010011,Mt_CO2,gcb2025v15,observed
1906,fossil_co2,oil,97.877732,Mt_CO2,gcb2025v15,observed
1907,fossil_co2,oil,119.40961,Mt_CO2,gcb2025v15,observed
1908,fossil_co2,oil,128.779038,Mt_CO2,gcb2025v15,observed
1909,fossil_co2,oil,134.357923,Mt_CO2,gcb2025v15,observed
1910,fossil_co2,oil,144.093511,Mt_CO2,gcb2025v15,observed
1911,fossil_co2,oil,152.814545,Mt_CO2,gcb2025v15,observed
1912,fossil_co2,oil,157.160948,Mt_CO2,gcb2025v15,observed
1913,fossil_co2,oil,181.957235,Mt_CO2,gcb2025v15,observed
1914,fossil_co2,oil,186.003333,Mt_CO2,gcb2025v15,observed
1915,fossil_co2,oil,197.563083,Mt_CO2,gcb2025v15,observed
1916,fossil_co2,oil,215.195267,Mt_CO2,gcb2025v15,observed
1917,fossil_co2,oil,239.365026,Mt_CO2,gcb2025v15,observed
1918,fossil_co2,oil,245.022723,Mt_CO2,gcb2025v15,observed
1919,fossil_co2,oil,273.410695,Mt_CO2,gcb2025v15,observed
1920,fossil_co2,oil,361.038915,Mt_CO2,gcb2025v15,observed
1921,fossil_co2,oil,397.270195,Mt_CO2,gcb2025v15,observed
1922,fossil_co2,oil,438.30757,Mt_CO2,gcb2025v15,observed
1923,fossil_co2,oil,485.534387,Mt_CO2,gcb2025v15,observed
1924,fossil_co2,oil,484.185274,Mt_CO2,gcb2025v15,observed
1925,fossil_co2,oil,505.523593,Mt_CO2,gcb2025v15,observed
1926,fossil_co2,oil,506.470113,Mt_CO2,gcb2025v15,observed
1927,fossil_co2,oil,554.148006,Mt_CO2,gcb2025v15,observed
1928,fossil_co2,oil,567.588938,Mt_CO2,gcb2025v15,observed
1929,fossil_co2,oil,621.698489,Mt_CO2,gcb2025v15,observed
1930,fossil_co2,oil,599.784029,Mt_CO2,gcb2025v15,observed
1931,fossil_co2,oil,580.506669,Mt_CO2,gcb2025v15,observed
1932,fossil_co2,oil,555.985752,Mt_CO2,gcb2025v15,observed
1933,fossil_co2,oil,607.576992,Mt_CO2,gcb2025v15,observed
1934,fossil_co2,oil,643.635672,Mt_CO2,gcb2025v15,observed
1935,fossil_co2,oil,691.959534,Mt_CO2,gcb2025v15,observed
1936,fossil_co2,oil,753.446112,Mt_CO2,gcb2025v15,observed
1937,fossil_co2,oil,846.625701,Mt_CO2,gcb2025v15,observed
1938,fossil_co2,oil,822.812982,Mt_CO2,gcb2025v15,observed
1939,fossil_co2,oil,854.49987,Mt_CO2,gcb2025v15,observed
1940,fossil_co2,oil,900.9805,Mt_CO2,gcb2025v15,observed
1941,fossil_co2,oil,912.336939,Mt_CO2,gcb2025v15,observed
1942,fossil_co2,oil,863.507477,Mt_CO2,gcb2025v15,observed
1943,fossil_co2,oil,926.590781,Mt_CO2,gcb2025v15,observed
1944,fossil_co2,oil,1068.786147,Mt_CO2,gcb2025v15,observed
1945,fossil_co2,oil,1045.788727,Mt_CO2,gcb2025v15,observed
1946,fossil_co2,oil,1108.430565,Mt_CO2,gcb2025v15,observed
1947,fossil_co2,oil,1246.469017,Mt_CO2,gcb2025v15,observed
1948,fossil_co2,oil,1370.552423,Mt_CO2,gcb2025v15,observed
1949,fossil_co2,oil,1293.929331,Mt_CO2,gcb2025v15,observed
1950,fossil_co2,oil,1551.783078,Mt_CO2,gcb2025v15,observed
1951,fossil_co2,oil,1720.175899,Mt_CO2,gcb2025v15,observed
1952,fossil_co2,oil,1819.093662,Mt_CO2,gcb2025v15,observed
1953,fossil_co2,oil,1938.059299,Mt_CO2,gcb2025v15,observed
1954,fossil_co2,oil,2054.232022,Mt_CO2,gcb2025v15,observed
1955,fossil_co2,oil,2299.537917,Mt_CO2,gcb2025v15,observed
1956,fossil_co2,oil,2499.033458,Mt_CO2,gcb2025v15,observed
1957,fossil_co2,oil,2612.050148,Mt_CO2,gcb2025v15,observed
1958,fossil_co2,oil,2719.235378,Mt_CO2,gcb2025v15,observed
1959,fossil_co2,oil,2897.693233,Mt_CO2,gcb2025v15,observed
1960,fossil_co2,oil,3119.969677,Mt_CO2,gcb2025v15,observed
1961,fossil_co2,oil,3309.096905,Mt_CO2,gcb2025v15,observed
1962,fossil_co2,oil,3558.261408,Mt_CO2,gcb2025v15,observed
1963,fossil_co2,oil,3803.65849,Mt_CO2,gcb2025v15,observed
1964,fossil_co2,oil,4104.340792,Mt_CO2,gcb2025v15,observed
1965,fossil_co2,oil,4409.442481,Mt_CO2,gcb2025v15,observed
1966,fossil_co2,oil,4758.872581,Mt_CO2,gcb2025v15,observed
1967,fossil_co2,oil,5074.540263,Mt_CO2,gcb2025v15,observed
1968,fossil_co2,oil,5528.198093,Mt_CO2,gcb2025v15,observed
1969,fossil_co2,oil,5978.462216,Mt_CO2,gcb2025v15,observed
1970,fossil_co2,oil,6799.016014,Mt_CO2,gcb2025v15,observed
1971,fossil_co2,oil,7201.027436,Mt_CO2,gcb2025v15,observed
1972,fossil_co2,oil,7764.705063,Mt_CO2,gcb2025v15,observed
1973,fossil_co2,oil,8219.690863,Mt_CO2,gcb2025v15,observed
1974,fossil_co2,oil,8099.290252,Mt_CO2,gcb2025v15,observed
1975,fossil_co2,oil,8005.121946,Mt_CO2,gcb2025v15,observed
1976,fossil_co2,oil,8475.642054,Mt_CO2,gcb2025v15,observed
1977,fossil_co2,oil,8767.405511,Mt_CO2,gcb2025v15,observed
1978,fossil_co2,oil,9133.722241,Mt_CO2,gcb2025v15,observed
1979,fossil_co2,oil,9224.317135,Mt_CO2,gcb2025v15,observed
1980,fossil_co2,oil,8912.47481,Mt_CO2,gcb2025v15,observed
1981,fossil_co2,oil,8483.403881,Mt_CO2,gcb2025v15,observed
1982,fossil_co2,oil,8276.257685,Mt_CO2,gcb2025v15,observed
1983,fossil_co2,oil,8214.692882,Mt_CO2,gcb2025v15,observed
1984,fossil_co2,oil,8238.706395,Mt_CO2,gcb2025v15,observed
1985,fossil_co2,oil,8247.612966,Mt_CO2,gcb2025v15,observed
1986,fossil_co2,oil,8490.593671,Mt_CO2,gcb2025v15,observed
1987,fossil_co2,oil,8579.332989,Mt_CO2,gcb2025v15,observed
1988,fossil_co2,oil,8889.339831,Mt_CO2,gcb2025v15,observed
1989,fossil_co2,oil,9037.386226,Mt_CO2,gcb2025v15,observed
1990,fossil_co2,oil,9196.439912,Mt_CO2,gcb2025v15,observed
1991,fossil_co2,oil,9656.487536,Mt_CO2,gcb2025v15,observed
1992,fossil_co2,oil,9154.655024,Mt_CO2,gcb2025v15,observed
1993,fossil_co2,oil,9172.321083,Mt_CO2,gcb2025v15,observed
1994,fossil_co2,oil,9196.235692,Mt_CO2,gcb2025v15,observed
1995,fossil_co2,oil,9283.901268,Mt_CO2,gcb2025v15,observed
1996,fossil_co2,oil,9562.136883,Mt_CO2,gcb2025v15,observed
1997,fossil_co2,oil,9702.210932,Mt_CO2,gcb2025v15,observed
1998,fossil_co2,oil,9821.974593,Mt_CO2,gcb2025v15,observed
1999,fossil_co2,oil,10064.187974,Mt_CO2,gcb2025v15,observed
2000,fossil_co2,oil,10211.624065,Mt_CO2,gcb2025v15,observed
2001,fossil_co2,oil,10283.570538,Mt_CO2,gcb2025v15,observed
2002,fossil_co2,oil,10269.35285,Mt_CO2,gcb2025v15,observed
2003,fossil_co2,oil,10540.849361,Mt_CO2,gcb2025v15,observed
2004,fossil_co2,oil,10924.574312,Mt_CO2,gcb2025v15,observed
2005,fossil_co2,oil,11030.304378,Mt_CO2,gcb2025v15,observed
2006,fossil_co2,oil,11142.927777,Mt_CO2,gcb2025v15,observed
2007,fossil_co2,oil,11184.312472,Mt_CO2,gcb2025v15,observed
2008,fossil_co2,oil,11143.339826,Mt_CO2,gcb2025v15,observed
2009,fossil_co2,oil,10899.5963,Mt_CO2,gcb2025v15,observed
2010,fossil_co2,oil,11253.694529,Mt_CO2,gcb2025v15,observed
2011,fossil_co2,oil,11310.148825,Mt_CO2,gcb2025v15,observed
2012,fossil_co2,oil,11432.716682,Mt_CO2,gcb2025v15,observed
2013,fossil_co2,oil,11516.62576,Mt_CO2,gcb2025v15,observed
2014,fossil_co2,oil,11561.831821,Mt_CO2,gcb2025v15,observed
2015,fossil_co2,oil,11770.022658,Mt_CO2,gcb2025v15,observed
2016,fossil_co2,oil,11900.263613,Mt_CO2,gcb2025v15,observed
2017,fossil_co2,oil,12085.292186,Mt_CO2,gcb2025v15,observed
2018,fossil_co2,oil,12142.828302,Mt_CO2,gcb2025v15,observed
2019,fossil_co2,oil,12325.907992,Mt_CO2,gcb2025v15,observed
2020,fossil_co2,oil,10932.341442,Mt_CO2,gcb2025v15,observed
2021,fossil_co2,oil,11513.166397,Mt_CO2,gcb2025v15,observed
2022,fossil_co2,oil,11914.912189,Mt_CO2,gcb2025v15,observed
2023,fossil_co2,oil,12278.241446,Mt_CO2,gcb2025v15,observed
2024,fossil_co2,oil,12470.595517,Mt_CO2,gcb2025v15,observed
1750,fossil_mass_central,coal,0.0038128460101283248,Gt,gcb2025v15+ipcc2006_v2_ch1,derived
1751,fossil_mass_central,coal,0.003854347558877034,Gt,gcb2025v15+ipcc2006_v2_ch1,derived
1752,fossil_mass_central,coal,0.0038944753101594633,Gt,gcb2025v15+ipcc2006_v2_ch1,derived
1753,fossil_mass_central,coal,0.003937628038087747,Gt,gcb2025v15+ipcc2006_v2_ch1,derived
1754,fossil_mass_central,coal,0.003988060704393857,Gt,gcb2025v15+ipcc2006_v2_ch1,derived
1755,fossil_mass_central,coal,0.004012598128390449,Gt,gcb2025v15+ipcc2006_v2_ch1,derived
1756,fossil_mass_central,coal,0.004060308602520609,Gt,gcb2025v15+ipcc2006_v2_ch1,derived
1757,fossil_mass_central,coal,0.004135706442466853,Gt,gcb2025v15+ipcc2006_v2_ch1,derived
1758,fossil_mass_central,coal,0.004185865414556599,Gt,gcb2025v15+ipcc2006_v2_ch1,derived
1759,fossil_mass_central,coal,0.004236054706065522,Gt,gcb2025v15+ipcc2006_v2_ch1,derived
1760,fossil_mass_central,coal,0.00430795147254044,Gt,gcb2025v15+ipcc2006_v2_ch1,derived
1761,fossil_mass_central,coal,0.004403643656685842,Gt,gcb2025v15+ipcc2006_v2_ch1,derived
1762,fossil_mass_central,coal,0.004487355163315142,Gt,gcb2025v15+ipcc2006_v2_ch1,derived
1763,fossil_mass_central,coal,0.004585440123244342,Gt,gcb2025v15+ipcc2006_v2_ch1,derived
1764,fossil_mass_central,coal,0.00466959290033925,Gt,gcb2025v15+ipcc2006_v2_ch1,derived
1765,fossil_mass_central,coal,0.004770590982840848,Gt,gcb2025v15+ipcc2006_v2_ch1,derived
1766,fossil_mass_central,coal,0.004865889833980694,Gt,gcb2025v15+ipcc2006_v2_ch1,derived
1767,fossil_mass_central,coal,0.004979148843764853,Gt,gcb2025v15+ipcc2006_v2_ch1,derived
1768,fossil_mass_central,coal,0.005107976465575168,Gt,gcb2025v15+ipcc2006_v2_ch1,derived
1769,fossil_mass_central,coal,0.005236275955881149,Gt,gcb2025v15+ipcc2006_v2_ch1,derived
1770,fossil_mass_central,coal,0.005366215972597801,Gt,gcb2025v15+ipcc2006_v2_ch1,derived
1771,fossil_mass_central,coal,0.005477771768523526,Gt,gcb2025v15+ipcc2006_v2_ch1,derived
1772,fossil_mass_central,coal,0.0055818489109592416,Gt,gcb2025v15+ipcc2006_v2_ch1,derived
1773,fossil_mass_central,coal,0.005657496271530885,Gt,gcb2025v15+ipcc2006_v2_ch1,derived
1774,fossil_mass_central,coal,0.005741193028172477,Gt,gcb2025v15+ipcc2006_v2_ch1,derived
1775,fossil_mass_central,coal,0.005874969270858941,Gt,gcb2025v15+ipcc2006_v2_ch1,derived
1776,fossil_mass_central,coal,0.006004115246570628,Gt,gcb2025v15+ipcc2006_v2_ch1,derived
1777,fossil_mass_central,coal,0.006129249635347525,Gt,gcb2025v15+ipcc2006_v2_ch1,derived
1778,fossil_mass_central,coal,0.006245588524509562,Gt,gcb2025v15+ipcc2006_v2_ch1,derived
1779,fossil_mass_central,coal,0.006365125702673026,Gt,gcb2025v15+ipcc2006_v2_ch1,derived
1780,fossil_mass_central,coal,0.006505861481226544,Gt,gcb2025v15+ipcc2006_v2_ch1,derived
1781,fossil_mass_central,coal,0.006651581936181721,Gt,gcb2025v15+ipcc2006_v2_ch1,derived
1782,fossil_mass_central,coal,0.006793579658128063,Gt,gcb2025v15+ipcc2006_v2_ch1,derived
1783,fossil_mass_central,coal,0.006990982431125752,Gt,gcb2025v15+ipcc2006_v2_ch1,derived
1784,fossil_mass_central,coal,0.007158289083370208,Gt,gcb2025v15+ipcc2006_v2_ch1,derived
1785,fossil_mass_central,coal,0.007360705623023092,Gt,gcb2025v15+ipcc2006_v2_ch1,derived
1786,fossil_mass_central,coal,0.007558343166658472,Gt,gcb2025v15+ipcc2006_v2_ch1,derived
1787,fossil_mass_central,coal,0.0077269982136125995,Gt,gcb2025v15+ipcc2006_v2_ch1,derived
1788,fossil_mass_central,coal,0.007901990019174984,Gt,gcb2025v15+ipcc2006_v2_ch1,derived
1789,fossil_mass_central,coal,0.008138479849877903,Gt,gcb2025v15+ipcc2006_v2_ch1,derived
1790,fossil_mass_central,coal,0.00835754543815658,Gt,gcb2025v15+ipcc2006_v2_ch1,derived
1791,fossil_mass_central,coal,0.008576195568448138,Gt,gcb2025v15+ipcc2006_v2_ch1,derived
1792,fossil_mass_central,coal,0.008984879213989544,Gt,gcb2025v15+ipcc2006_v2_ch1,derived
1793,fossil_mass_central,coal,0.009135675713325794,Gt,gcb2025v15+ipcc2006_v2_ch1,derived
1794,fossil_mass_central,coal,0.009226795811003491,Gt,gcb2025v15+ipcc2006_v2_ch1,derived
1795,fossil_mass_central,coal,0.009143044561351754,Gt,gcb2025v15+ipcc2006_v2_ch1,derived
1796,fossil_mass_central,coal,0.009063611370601637,Gt,gcb2025v15+ipcc2006_v2_ch1,derived
1797,fossil_mass_central,coal,0.009050788304898635,Gt,gcb2025v15+ipcc2006_v2_ch1,derived
1798,fossil_mass_central,coal,0.009467004687218316,Gt,gcb2025v15+ipcc2006_v2_ch1,derived
1799,fossil_mass_central,coal,0.011261290705868855,Gt,gcb2025v15+ipcc2006_v2_ch1,derived
1800,fossil_mass_central,coal,0.01343820246816461,Gt,gcb2025v15+ipcc2006_v2_ch1,derived
1801,fossil_mass_central,coal,0.013105384564957306,Gt,gcb2025v15+ipcc2006_v2_ch1,derived
1802,fossil_mass_central,coal,0.016516082812986548,Gt,gcb2025v15+ipcc2006_v2_ch1,derived
1803,fossil_mass_central,coal,0.012102572233967584,Gt,gcb2025v15+ipcc2006_v2_ch1,derived
1804,fossil_mass_central,coal,0.013016526951505318,Gt,gcb2025v15+ipcc2006_v2_ch1,derived
1805,fossil_mass_central,coal,0.012804553239261189,Gt,gcb2025v15+ipcc2006_v2_ch1,derived
1806,fossil_mass_central,coal,0.013399799236278416,Gt,gcb2025v15+ipcc2006_v2_ch1,derived
1807,fossil_mass_central,coal,0.014832200042611076,Gt,gcb2025v15+ipcc2006_v2_ch1,derived
1808,fossil_mass_central,coal,0.014544220872871494,Gt,gcb2025v15+ipcc2006_v2_ch1,derived
1809,fossil_mass_central,coal,0.014886758198534834,Gt,gcb2025v15+ipcc2006_v2_ch1,derived
1810,fossil_mass_central,coal,0.01618086434927971,Gt,gcb2025v15+ipcc2006_v2_ch1,derived
1811,fossil_mass_central,coal,0.01646126530311225,Gt,gcb2025v15+ipcc2006_v2_ch1,derived
1812,fossil_mass_central,coal,0.016722603126997394,Gt,gcb2025v15+ipcc2006_v2_ch1,derived
1813,fossil_mass_central,coal,0.016883056771063804,Gt,gcb2025v15+ipcc2006_v2_ch1,derived
1814,fossil_mass_central,coal,0.01730118081846043,Gt,gcb2025v15+ipcc2006_v2_ch1,derived
1815,fossil_mass_central,coal,0.017858656194175395,Gt,gcb2025v15+ipcc2006_v2_ch1,derived
1816,fossil_mass_central,coal,0.018640943097825196,Gt,gcb2025v15+ipcc2006_v2_ch1,derived
1817,fossil_mass_central,coal,0.020189423439369355,Gt,gcb2025v15+ipcc2006_v2_ch1,derived
1818,fossil_mass_central,coal,0.02105643099464084,Gt,gcb2025v15+ipcc2006_v2_ch1,derived
1819,fossil_mass_central,coal,0.020867203812052378,Gt,gcb2025v15+ipcc2006_v2_ch1,derived
1820,fossil_mass_central,coal,0.020786450497402364,Gt,gcb2025v15+ipcc2006_v2_ch1,derived
1821,fossil_mass_central,coal,0.02132985438484357,Gt,gcb2025v15+ipcc2006_v2_ch1,derived
1822,fossil_mass_central,coal,0.022133877443991017,Gt,gcb2025v15+ipcc2006_v2_ch1,derived
1823,fossil_mass_central,coal,0.023091008653326122,Gt,gcb2025v15+ipcc2006_v2_ch1,derived
1824,fossil_mass_central,coal,0.0235932760542144,Gt,gcb2025v15+ipcc2006_v2_ch1,derived
1825,fossil_mass_central,coal,0.024882765049084682,Gt,gcb2025v15+ipcc2006_v2_ch1,derived
1826,fossil_mass_central,coal,0.025149601750331877,Gt,gcb2025v15+ipcc2006_v2_ch1,derived
1827,fossil_mass_central,coal,0.02693452972122523,Gt,gcb2025v15+ipcc2006_v2_ch1,derived
1828,fossil_mass_central,coal,0.027320988413065215,Gt,gcb2025v15+ipcc2006_v2_ch1,derived
1829,fossil_mass_central,coal,0.027167595915892292,Gt,gcb2025v15+ipcc2006_v2_ch1,derived
1830,fossil_mass_central,coal,0.036460534768998805,Gt,gcb2025v15+ipcc2006_v2_ch1,derived
1831,fossil_mass_central,coal,0.03410971778356851,Gt,gcb2025v15+ipcc2006_v2_ch1,derived
1832,fossil_mass_central,coal,0.033634786616844485,Gt,gcb2025v15+ipcc2006_v2_ch1,derived
1833,fossil_mass_central,coal,0.03410891431896029,Gt,gcb2025v15+ipcc2006_v2_ch1,derived
1834,fossil_mass_central,coal,0.03636818878345379,Gt,gcb2025v15+ipcc2006_v2_ch1,derived
1835,fossil_mass_central,coal,0.03990674484160152,Gt,gcb2025v15+ipcc2006_v2_ch1,derived
1836,fossil_mass_central,coal,0.043797013537210945,Gt,gcb2025v15+ipcc2006_v2_ch1,derived
1837,fossil_mass_central,coal,0.04351222692036646,Gt,gcb2025v15+ipcc2006_v2_ch1,derived
1838,fossil_mass_central,coal,0.043367119409344936,Gt,gcb2025v15+ipcc2006_v2_ch1,derived
1839,fossil_mass_central,coal,0.044927247324516126,Gt,gcb2025v15+ipcc2006_v2_ch1,derived
1840,fossil_mass_central,coal,0.04867844699018306,Gt,gcb2025v15+ipcc2006_v2_ch1,derived
1841,fossil_mass_central,coal,0.050053897684251926,Gt,gcb2025v15+ipcc2006_v2_ch1,derived
1842,fossil_mass_central,coal,0.05301341798187391,Gt,gcb2025v15+ipcc2006_v2_ch1,derived
1843,fossil_mass_central,coal,0.0542346350197486,Gt,gcb2025v15+ipcc2006_v2_ch1,derived
1844,fossil_mass_central,coal,0.05816676008325549,Gt,gcb2025v15+ipcc2006_v2_ch1,derived
1845,fossil_mass_central,coal,0.06353696674697216,Gt,gcb2025v15+ipcc2006_v2_ch1,derived
1846,fossil_mass_central,coal,0.06461387359260533,Gt,gcb2025v15+ipcc2006_v2_ch1,derived
1847,fossil_mass_central,coal,0.06997916605208385,Gt,gcb2025v15+ipcc2006_v2_ch1,derived
1848,fossil_mass_central,coal,0.07114553321205566,Gt,gcb2025v15+ipcc2006_v2_ch1,derived
1849,fossil_mass_central,coal,0.07581822770703246,Gt,gcb2025v15+ipcc2006_v2_ch1,derived
1850,fossil_mass_central,coal,0.08065276685186096,Gt,gcb2025v15+ipcc2006_v2_ch1,derived
1851,fossil_mass_central,coal,0.081443920137011,Gt,gcb2025v15+ipcc2006_v2_ch1,derived
1852,fossil_mass_central,coal,0.08505625112673518,Gt,gcb2025v15+ipcc2006_v2_ch1,derived
1853,fossil_mass_central,coal,0.08900673910549518,Gt,gcb2025v15+ipcc2006_v2_ch1,derived
1854,fossil_mass_central,coal,0.10449487724732451,Gt,gcb2025v15+ipcc2006_v2_ch1,derived
1855,fossil_mass_central,coal,0.10661914343543603,Gt,gcb2025v15+ipcc2006_v2_ch1,derived
1856,fossil_mass_central,coal,0.1139868081846043,Gt,gcb2025v15+ipcc2006_v2_ch1,derived
1857,fossil_mass_central,coal,0.11518501073471327,Gt,gcb2025v15+ipcc2006_v2_ch1,derived
1858,fossil_mass_central,coal,0.11696989978202796,Gt,gcb2025v15+ipcc2006_v2_ch1,derived
1859,fossil_mass_central,coal,0.12394792025173312,Gt,gcb2025v15+ipcc2006_v2_ch1,derived
1860,fossil_mass_central,coal,0.1360379152531262,Gt,gcb2025v15+ipcc2006_v2_ch1,derived
1861,fossil_mass_central,coal,0.14268531188029568,Gt,gcb2025v15+ipcc2006_v2_ch1,derived
1862,fossil_mass_central,coal,0.14528428429781862,Gt,gcb2025v15+ipcc2006_v2_ch1,derived
1863,fossil_mass_central,coal,0.15497395029254143,Gt,gcb2025v15+ipcc2006_v2_ch1,derived
1864,fossil_mass_central,coal,0.16733677581657572,Gt,gcb2025v15+ipcc2006_v2_ch1,derived
1865,fossil_mass_central,coal,0.17762738581051185,Gt,gcb2025v15+ipcc2006_v2_ch1,derived
1866,fossil_mass_central,coal,0.18319289788091844,Gt,gcb2025v15+ipcc2006_v2_ch1,derived
1867,fossil_mass_central,coal,0.19618677540685384,Gt,gcb2025v15+ipcc2006_v2_ch1,derived
1868,fossil_mass_central,coal,0.20166717472179885,Gt,gcb2025v15+ipcc2006_v2_ch1,derived
1869,fossil_mass_central,coal,0.21392279118934068,Gt,gcb2025v15+ipcc2006_v2_ch1,derived
1870,fossil_mass_central,coal,0.21837787296982808,Gt,gcb2025v15+ipcc2006_v2_ch1,derived
1871,fossil_mass_central,coal,0.2321053292525034,Gt,gcb2025v15+ipcc2006_v2_ch1,derived
1872,fossil_mass_central,coal,0.25700361743448547,Gt,gcb2025v15+ipcc2006_v2_ch1,derived
1873,fossil_mass_central,coal,0.2723824262090893,Gt,gcb2025v15+ipcc2006_v2_ch1,derived
1874,fossil_mass_central,coal,0.2550191360604422,Gt,gcb2025v15+ipcc2006_v2_ch1,derived
1875,fossil_mass_central,coal,0.2766499623055869,Gt,gcb2025v15+ipcc2006_v2_ch1,derived
1876,fossil_mass_central,coal,0.2802696051919957,Gt,gcb2025v15+ipcc2006_v2_ch1,derived
1877,fossil_mass_central,coal,0.2848431937001164,Gt,gcb2025v15+ipcc2006_v2_ch1,derived
1878,fossil_mass_central,coal,0.286646274398938,Gt,gcb2025v15+ipcc2006_v2_ch1,derived
1879,fossil_mass_central,coal,0.306118714046905,Gt,gcb2025v15+ipcc2006_v2_ch1,derived
1880,fossil_mass_central,coal,0.34527058852450954,Gt,gcb2025v15+ipcc2006_v2_ch1,derived
1881,fossil_mass_central,coal,0.3567555017454152,Gt,gcb2025v15+ipcc2006_v2_ch1,derived
1882,fossil_mass_central,coal,0.3764473163216808,Gt,gcb2025v15+ipcc2006_v2_ch1,derived
1883,fossil_mass_central,coal,0.401787864447613,Gt,gcb2025v15+ipcc2006_v2_ch1,derived
1884,fossil_mass_central,coal,0.40559928503531806,Gt,gcb2025v15+ipcc2006_v2_ch1,derived
1885,fossil_mass_central,coal,0.40745733484110985,Gt,gcb2025v15+ipcc2006_v2_ch1,derived
1886,fossil_mass_central,coal,0.41099879091072977,Gt,gcb2025v15+ipcc2006_v2_ch1,derived
1887,fossil_mass_central,coal,0.4295772059426062,Gt,gcb2025v15+ipcc2006_v2_ch1,derived
1888,fossil_mass_central,coal,0.47505154465149063,Gt,gcb2025v15+ipcc2006_v2_ch1,derived
1889,fossil_mass_central,coal,0.4756398528279004,Gt,gcb2025v15+ipcc2006_v2_ch1,derived
1890,fossil_mass_central,coal,0.5163537833718471,Gt,gcb2025v15+ipcc2006_v2_ch1,derived
1891,fossil_mass_central,coal,0.5404797654751955,Gt,gcb2025v15+ipcc2006_v2_ch1,derived
1892,fossil_mass_central,coal,0.5456795688086927,Gt,gcb2025v15+ipcc2006_v2_ch1,derived
1893,fossil_mass_central,coal,0.5378348210334825,Gt,gcb2025v15+ipcc2006_v2_ch1,derived
1894,fossil_mass_central,coal,0.5585070783552124,Gt,gcb2025v15+ipcc2006_v2_ch1,derived
1895,fossil_mass_central,coal,0.5898599550125375,Gt,gcb2025v15+ipcc2006_v2_ch1,derived
1896,fossil_mass_central,coal,0.6085368553026206,Gt,gcb2025v15+ipcc2006_v2_ch1,derived
1897,fossil_mass_central,coal,0.6369851906026189,Gt,gcb2025v15+ipcc2006_v2_ch1,derived
1898,fossil_mass_central,coal,0.6720795134962387,Gt,gcb2025v15+ipcc2006_v2_ch1,derived
1899,fossil_mass_central,coal,0.7343052092039923,Gt,gcb2025v15+ipcc2006_v2_ch1,derived
1900,fossil_mass_central,coal,0.7713606585050068,Gt,gcb2025v15+ipcc2006_v2_ch1,derived
1901,fossil_mass_central,coal,0.7933672439647967,Gt,gcb2025v15+ipcc2006_v2_ch1,derived
1902,fossil_mass_central,coal,0.8113717123916285,Gt,gcb2025v15+ipcc2006_v2_ch1,derived
1903,fossil_mass_central,coal,0.885800377763574,Gt,gcb2025v15+ipcc2006_v2_ch1,derived
1904,fossil_mass_central,coal,0.8909133216972319,Gt,gcb2025v15+ipcc2006_v2_ch1,derived
1905,fossil_mass_central,coal,0.9509228403559664,Gt,gcb2025v15+ipcc2006_v2_ch1,derived
1906,fossil_mass_central,coal,0.993759492436534,Gt,gcb2025v15+ipcc2006_v2_ch1,derived
1907,fossil_mass_central,coal,1.1304141345854435,Gt,gcb2025v15+ipcc2006_v2_ch1,derived
1908,fossil_mass_central,coal,1.0797328691184425,Gt,gcb2025v15+ipcc2006_v2_ch1,derived
1909,fossil_mass_central,coal,1.1229752548470098,Gt,gcb2025v15+ipcc2006_v2_ch1,derived
1910,fossil_mass_central,coal,1.176653323663897,Gt,gcb2025v15+ipcc2006_v2_ch1,derived
1911,fossil_mass_central,coal,1.19193979833489,Gt,gcb2025v15+ipcc2006_v2_ch1,derived
1912,fossil_mass_central,coal,1.2531247070488554,Gt,gcb2025v15+ipcc2006_v2_ch1,derived
1913,fossil_mass_central,coal,1.353046772211023,Gt,gcb2025v15+ipcc2006_v2_ch1,derived
1914,fossil_mass_central,coal,1.2173761164921253,Gt,gcb2025v15+ipcc2006_v2_ch1,derived
1915,fossil_mass_central,coal,1.1915803571135912,Gt,gcb2025v15+ipcc2006_v2_ch1,derived
1916,fossil_mass_central,coal,1.2846851668387498,Gt,gcb2025v15+ipcc2006_v2_ch1,derived
1917,fossil_mass_central,coal,1.3379965751347986,Gt,gcb2025v15+ipcc2006_v2_ch1,derived
1918,fossil_mass_central,coal,1.3176234348624152,Gt,gcb2025v15+ipcc2006_v2_ch1,derived
1919,fossil_mass_central,coal,1.11450691446646,Gt,gcb2025v15+ipcc2006_v2_ch1,derived
1920,fossil_mass_central,coal,1.2835014524640673,Gt,gcb2025v15+ipcc2006_v2_ch1,derived
1921,fossil_mass_central,coal,1.0948196301850304,Gt,gcb2025v15+ipcc2006_v2_ch1,derived
1922,fossil_mass_central,coal,1.136336665191668,Gt,gcb2025v15+ipcc2006_v2_ch1,derived
1923,fossil_mass_central,coal,1.2905070365635807,Gt,gcb2025v15+ipcc2006_v2_ch1,derived
1924,fossil_mass_central,coal,1.2930626382811348,Gt,gcb2025v15+ipcc2006_v2_ch1,derived
1925,fossil_mass_central,coal,1.2921305558287035,Gt,gcb2025v15+ipcc2006_v2_ch1,derived
1926,fossil_mass_central,coal,1.2636003040136357,Gt,gcb2025v15+ipcc2006_v2_ch1,derived
1927,fossil_mass_central,coal,1.3784679744989101,Gt,gcb2025v15+ipcc2006_v2_ch1,derived
1928,fossil_mass_central,coal,1.3551883602110886,Gt,gcb2025v15+ipcc2006_v2_ch1,derived
1929,fossil_mass_central,coal,1.443812163413475,Gt,gcb2025v15+ipcc2006_v2_ch1,derived
1930,fossil_mass_central,coal,1.3177683157972369,Gt,gcb2025v15+ipcc2006_v2_ch1,derived
1931,fossil_mass_central,coal,1.1608222089745481,Gt,gcb2025v15+ipcc2006_v2_ch1,derived
1932,fossil_mass_central,coal,1.0334701759345755,Gt,gcb2025v15+ipcc2006_v2_ch1,derived
1933,fossil_mass_central,coal,1.0811770178802629,Gt,gcb2025v15+ipcc2006_v2_ch1,derived
1934,fossil_mass_central,coal,1.1801916334791942,Gt,gcb2025v15+ipcc2006_v2_ch1,derived
1935,fossil_mass_central,coal,1.2284972560925644,Gt,gcb2025v15+ipcc2006_v2_ch1,derived
1936,fossil_mass_central,coal,1.3470510636380024,Gt,gcb2025v15+ipcc2006_v2_ch1,derived
1937,fossil_mass_central,coal,1.4200927610338103,Gt,gcb2025v15+ipcc2006_v2_ch1,derived
1938,fossil_mass_central,coal,1.3236416740416606,Gt,gcb2025v15+ipcc2006_v2_ch1,derived
1939,fossil_mass_central,coal,1.4077147020502485,Gt,gcb2025v15+ipcc2006_v2_ch1,derived
1940,fossil_mass_central,coal,1.5551007108674633,Gt,gcb2025v15+ipcc2006_v2_ch1,derived
1941,fossil_mass_central,coal,1.5921640383008013,Gt,gcb2025v15+ipcc2006_v2_ch1,derived
1942,fossil_mass_central,coal,1.6022404391399119,Gt,gcb2025v15+ipcc2006_v2_ch1,derived
1943,fossil_mass_central,coal,1.60884916129931,Gt,gcb2025v15+ipcc2006_v2_ch1,derived
1944,fossil_mass_central,coal,1.5852578875559273,Gt,gcb2025v15+ipcc2006_v2_ch1,derived
1945,fossil_mass_central,coal,1.2291148073487717,Gt,gcb2025v15+ipcc2006_v2_ch1,derived
1946,fossil_mass_central,coal,1.3258643439533246,Gt,gcb2025v15+ipcc2006_v2_ch1,derived
1947,fossil_mass_central,coal,1.4844853385122179,Gt,gcb2025v15+ipcc2006_v2_ch1,derived
1948,fossil_mass_central,coal,1.5326576486880705,Gt,gcb2025v15+ipcc2006_v2_ch1,derived
1949,fossil_mass_central,coal,1.4533957872396217,Gt,gcb2025v15+ipcc2006_v2_ch1,derived
1950,fossil_mass_central,coal,1.589702337873052,Gt,gcb2025v15+ipcc2006_v2_ch1,derived
1951,fossil_mass_central,coal,1.6733639760230756,Gt,gcb2025v15+ipcc2006_v2_ch1,derived
1952,fossil_mass_central,coal,1.6512020014913877,Gt,gcb2025v15+ipcc2006_v2_ch1,derived
1953,fossil_mass_central,coal,1.6639218713637183,Gt,gcb2025v15+ipcc2006_v2_ch1,derived
1954,fossil_mass_central,coal,1.660879677384991,Gt,gcb2025v15+ipcc2006_v2_ch1,derived
1955,fossil_mass_central,coal,1.7970740166674861,Gt,gcb2025v15+ipcc2006_v2_ch1,derived
1956,fossil_mass_central,coal,1.8881199764000198,Gt,gcb2025v15+ipcc2006_v2_ch1,derived
1957,fossil_mass_central,coal,1.9222440426438534,Gt,gcb2025v15+ipcc2006_v2_ch1,derived
1958,fossil_mass_central,coal,1.9508736540636216,Gt,gcb2025v15+ipcc2006_v2_ch1,derived
1959,fossil_mass_central,coal,2.0297343703394137,Gt,gcb2025v15+ipcc2006_v2_ch1,derived
1960,fossil_mass_central,coal,2.113477674254716,Gt,gcb2025v15+ipcc2006_v2_ch1,derived
1961,fossil_mass_central,coal,2.0257412930003116,Gt,gcb2025v15+ipcc2006_v2_ch1,derived
1962,fossil_mass_central,coal,2.0193500475277384,Gt,gcb2025v15+ipcc2006_v2_ch1,derived
1963,fossil_mass_central,coal,2.092831056508842,Gt,gcb2025v15+ipcc2006_v2_ch1,derived
1964,fossil_mass_central,coal,2.1359681191307343,Gt,gcb2025v15+ipcc2006_v2_ch1,derived
1965,fossil_mass_central,coal,2.1670552768081026,Gt,gcb2025v15+ipcc2006_v2_ch1,derived
1966,fossil_mass_central,coal,2.192002895504532,Gt,gcb2025v15+ipcc2006_v2_ch1,derived
1967,fossil_mass_central,coal,2.1559024595604503,Gt,gcb2025v15+ipcc2006_v2_ch1,derived
1968,fossil_mass_central,coal,2.179580504203747,Gt,gcb2025v15+ipcc2006_v2_ch1,derived
1969,fossil_mass_central,coal,2.2609573532785947,Gt,gcb2025v15+ipcc2006_v2_ch1,derived
1970,fossil_mass_central,coal,2.334946978301129,Gt,gcb2025v15+ipcc2006_v2_ch1,derived
1971,fossil_mass_central,coal,2.335437314600849,Gt,gcb2025v15+ipcc2006_v2_ch1,derived
1972,fossil_mass_central,coal,2.3318435157415145,Gt,gcb2025v15+ipcc2006_v2_ch1,derived
1973,fossil_mass_central,coal,2.4013382991625285,Gt,gcb2025v15+ipcc2006_v2_ch1,derived
1974,fossil_mass_central,coal,2.4000251253748957,Gt,gcb2025v15+ipcc2006_v2_ch1,derived
1975,fossil_mass_central,coal,2.4658354011996657,Gt,gcb2025v15+ipcc2006_v2_ch1,derived
1976,fossil_mass_central,coal,2.5510676094367146,Gt,gcb2025v15+ipcc2006_v2_ch1,derived
1977,fossil_mass_central,coal,2.611986629136142,Gt,gcb2025v15+ipcc2006_v2_ch1,derived
1978,fossil_mass_central,coal,2.667341862513726,Gt,gcb2025v15+ipcc2006_v2_ch1,derived
1979,fossil_mass_central,coal,2.7860603344149992,Gt,gcb2025v15+ipcc2006_v2_ch1,derived
1980,fossil_mass_central,coal,2.8619030925807563,Gt,gcb2025v15+ipcc2006_v2_ch1,derived
1981,fossil_mass_central,coal,2.844675086451317,Gt,gcb2025v15+ipcc2006_v2_ch1,derived
1982,fossil_mass_central,coal,2.89550313478211,Gt,gcb2025v15+ipcc2006_v2_ch1,derived
1983,fossil_mass_central,coal,2.9783663950210597,Gt,gcb2025v15+ipcc2006_v2_ch1,derived
1984,fossil_mass_central,coal,3.108197489224314,Gt,gcb2025v15+ipcc2006_v2_ch1,derived
1985,fossil_mass_central,coal,3.337112636642247,Gt,gcb2025v15+ipcc2006_v2_ch1,derived
1986,fossil_mass_central,coal,3.384903352754151,Gt,gcb2025v15+ipcc2006_v2_ch1,derived
1987,fossil_mass_central,coal,3.502806422390482,Gt,gcb2025v15+ipcc2006_v2_ch1,derived
1988,fossil_mass_central,coal,3.620478215907042,Gt,gcb2025v15+ipcc2006_v2_ch1,derived
1989,fossil_mass_central,coal,3.616941742055493,Gt,gcb2025v15+ipcc2006_v2_ch1,derived
1990,fossil_mass_central,coal,3.5481043668158057,Gt,gcb2025v15+ipcc2006_v2_ch1,derived
1991,fossil_mass_central,coal,3.5129923132077945,Gt,gcb2025v15+ipcc2006_v2_ch1,derived
1992,fossil_mass_central,coal,3.425755934411722,Gt,gcb2025v15+ipcc2006_v2_ch1,derived
1993,fossil_mass_central,coal,3.470356022501926,Gt,gcb2025v15+ipcc2006_v2_ch1,derived
1994,fossil_mass_central,coal,3.488268278102824,Gt,gcb2025v15+ipcc2006_v2_ch1,derived
1995,fossil_mass_central,coal,3.588524996722225,Gt,gcb2025v15+ipcc2006_v2_ch1,derived
1996,fossil_mass_central,coal,3.6780583833194034,Gt,gcb2025v15+ipcc2006_v2_ch1,derived
1997,fossil_mass_central,coal,3.657710253699789,Gt,gcb2025v15+ipcc2006_v2_ch1,derived
1998,fossil_mass_central,coal,3.5600738560565093,Gt,gcb2025v15+ipcc2006_v2_ch1,derived
1999,fossil_mass_central,coal,3.6092780036711085,Gt,gcb2025v15+ipcc2006_v2_ch1,derived
2000,fossil_mass_central,coal,3.751674806611273,Gt,gcb2025v15+ipcc2006_v2_ch1,derived
2001,fossil_mass_central,coal,3.772894716636347,Gt,gcb2025v15+ipcc2006_v2_ch1,derived
2002,fossil_mass_central,coal,3.9456959347394984,Gt,gcb2025v15+ipcc2006_v2_ch1,derived
2003,fossil_mass_central,coal,4.288381067161611,Gt,gcb2025v15+ipcc2006_v2_ch1,derived
2004,fossil_mass_central,coal,4.4304831297015586,Gt,gcb2025v15+ipcc2006_v2_ch1,derived
2005,fossil_mass_central,coal,4.71118714497599,Gt,gcb2025v15+ipcc2006_v2_ch1,derived
2006,fossil_mass_central,coal,4.972482284855041,Gt,gcb2025v15+ipcc2006_v2_ch1,derived
2007,fossil_mass_central,coal,5.213486182539293,Gt,gcb2025v15+ipcc2006_v2_ch1,derived
2008,fossil_mass_central,coal,5.387707096792697,Gt,gcb2025v15+ipcc2006_v2_ch1,derived
2009,fossil_mass_central,coal,5.3276842138256555,Gt,gcb2025v15+ipcc2006_v2_ch1,derived
2010,fossil_mass_central,coal,5.702600648589738,Gt,gcb2025v15+ipcc2006_v2_ch1,derived
2011,fossil_mass_central,coal,6.024641684284708,Gt,gcb2025v15+ipcc2006_v2_ch1,derived
2012,fossil_mass_central,coal,6.091663771571857,Gt,gcb2025v15+ipcc2006_v2_ch1,derived
2013,fossil_mass_central,coal,6.126634029860531,Gt,gcb2025v15+ipcc2006_v2_ch1,derived
2014,fossil_mass_central,coal,6.151926431568252,Gt,gcb2025v15+ipcc2006_v2_ch1,derived
2015,fossil_mass_central,coal,6.004480825015979,Gt,gcb2025v15+ipcc2006_v2_ch1,derived
2016,fossil_mass_central,coal,5.868441998131668,Gt,gcb2025v15+ipcc2006_v2_ch1,derived
2017,fossil_mass_central,coal,5.938577741858827,Gt,gcb2025v15+ipcc2006_v2_ch1,derived
2018,fossil_mass_central,coal,6.048598951931429,Gt,gcb2025v15+ipcc2006_v2_ch1,derived
2019,fossil_mass_central,coal,6.024123398397169,Gt,gcb2025v15+ipcc2006_v2_ch1,derived
2020,fossil_mass_central,coal,5.845517045249684,Gt,gcb2025v15+ipcc2006_v2_ch1,derived
2021,fossil_mass_central,coal,6.1332290128161,Gt,gcb2025v15+ipcc2006_v2_ch1,derived
2022,fossil_mass_central,coal,6.329865853778456,Gt,gcb2025v15+ipcc2006_v2_ch1,derived
2023,fossil_mass_central,coal,6.406564292738089,Gt,gcb2025v15+ipcc2006_v2_ch1,derived
2024,fossil_mass_central,coal,6.475758457479063,Gt,gcb2025v15+ipcc2006_v2_ch1,derived
1882,fossil_mass_central,gas,6.122994652406417e-05,Gt,gcb2025v15+ipcc2006_v2_ch1,derived
1883,fossil_mass_central,gas,0.00014150735294117645,Gt,gcb2025v15+ipcc2006_v2_ch1,derived
1884,fossil_mass_central,gas,0.00043541295306001186,Gt,gcb2025v15+ipcc2006_v2_ch1,derived
1885,fossil_mass_central,gas,0.0013797147950089126,Gt,gcb2025v15+ipcc2006_v2_ch1,derived
1886,fossil_mass_central,gas,0.0028505941770647653,Gt,gcb2025v15+ipcc2006_v2_ch1,derived
1887,fossil_mass_central,gas,0.004377260843731432,Gt,gcb2025v15+ipcc2006_v2_ch1,derived
1888,fossil_mass_central,gas,0.006229126559714795,Gt,gcb2025v15+ipcc2006_v2_ch1,derived
1889,fossil_mass_central,gas,0.004540540701128936,Gt,gcb2025v15+ipcc2006_v2_ch1,derived
1890,fossil_mass_central,gas,0.004340483140225788,Gt,gcb2025v15+ipcc2006_v2_ch1,derived
1891,fossil_mass_central,gas,0.003322745098039216,Gt,gcb2025v15+ipcc2006_v2_ch1,derived
1892,fossil_mass_central,gas,0.0028873321449792034,Gt,gcb2025v15+ipcc2006_v2_ch1,derived
1893,fossil_mass_central,gas,0.0027063636363636365,Gt,gcb2025v15+ipcc2006_v2_ch1,derived
1894,fossil_mass_central,gas,0.0024873180332739154,Gt,gcb2025v15+ipcc2006_v2_ch1,derived
1895,fossil_mass_central,gas,0.0026151789958407602,Gt,gcb2025v15+ipcc2006_v2_ch1,derived
1896,fossil_mass_central,gas,0.002543064468211527,Gt,gcb2025v15+ipcc2006_v2_ch1,derived
1897,fossil_mass_central,gas,0.002706343954248366,Gt,gcb2025v15+ipcc2006_v2_ch1,derived
1898,fossil_mass_central,gas,0.003141776589423648,Gt,gcb2025v15+ipcc2006_v2_ch1,derived
1899,fossil_mass_central,gas,0.00404934046345811,Gt,gcb2025v15+ipcc2006_v2_ch1,derived
1900,fossil_mass_central,gas,0.004286096256684492,Gt,gcb2025v15+ipcc2006_v2_ch1,derived
1901,fossil_mass_central,gas,0.004775935828877005,Gt,gcb2025v15+ipcc2006_v2_ch1,derived
1902,fossil_mass_central,gas,0.005086167557932264,Gt,gcb2025v15+ipcc2006_v2_ch1,derived
1903,fossil_mass_central,gas,0.00539503862150921,Gt,gcb2025v15+ipcc2006_v2_ch1,derived
1904,fossil_mass_central,gas,0.005631771390374332,Gt,gcb2025v15+ipcc2006_v2_ch1,derived
1905,fossil_mass_central,gas,0.006376078431372549,Gt,gcb2025v15+ipcc2006_v2_ch1,derived
1906,fossil_mass_central,gas,0.007065935828877006,Gt,gcb2025v15+ipcc2006_v2_ch1,derived
1907,fossil_mass_central,gas,0.007381587566844919,Gt,gcb2025v15+ipcc2006_v2_ch1,derived
1908,fossil_mass_central,gas,0.007306773618538325,Gt,gcb2025v15+ipcc2006_v2_ch1,derived
1909,fossil_mass_central,gas,0.008735471628045156,Gt,gcb2025v15+ipcc2006_v2_ch1,derived
1910,fossil_mass_central,gas,0.009252525252525252,Gt,gcb2025v15+ipcc2006_v2_ch1,derived
1911,fossil_mass_central,gas,0.00955052473262032,Gt,gcb2025v15+ipcc2006_v2_ch1,derived
1912,fossil_mass_central,gas,0.010515222816399286,Gt,gcb2025v15+ipcc2006_v2_ch1,derived
1913,fossil_mass_central,gas,0.010991455733808674,Gt,gcb2025v15+ipcc2006_v2_ch1,derived
1914,fossil_mass_central,gas,0.011191496954842542,Gt,gcb2025v15+ipcc2006_v2_ch1,derived
1915,fossil_mass_central,gas,0.011833686125965536,Gt,gcb2025v15+ipcc2006_v2_ch1,derived
1916,fossil_mass_central,gas,0.014251637700534758,Gt,gcb2025v15+ipcc2006_v2_ch1,derived
1917,fossil_mass_central,gas,0.015043495246583482,Gt,gcb2025v15+ipcc2006_v2_ch1,derived
1918,fossil_mass_central,gas,0.013561753565062387,Gt,gcb2025v15+ipcc2006_v2_ch1,derived
1919,fossil_mass_central,gas,0.014092407531194295,Gt,gcb2025v15+ipcc2006_v2_ch1,derived
1920,fossil_mass_central,gas,0.015480315656565656,Gt,gcb2025v15+ipcc2006_v2_ch1,derived
1921,fossil_mass_central,gas,0.012994786838978015,Gt,gcb2025v15+ipcc2006_v2_ch1,derived
1922,fossil_mass_central,gas,0.014894171494355318,Gt,gcb2025v15+ipcc2006_v2_ch1,derived
1923,fossil_mass_central,gas,0.019506138220439687,Gt,gcb2025v15+ipcc2006_v2_ch1,derived
1924,fossil_mass_central,gas,0.022173598484848484,Gt,gcb2025v15+ipcc2006_v2_ch1,derived
1925,fossil_mass_central,gas,0.023738390151515153,Gt,gcb2025v15+ipcc2006_v2_ch1,derived
1926,fossil_mass_central,gas,0.025677732843137253,Gt,gcb2025v15+ipcc2006_v2_ch1,derived
1927,fossil_mass_central,gas,0.028229909016636957,Gt,gcb2025v15+ipcc2006_v2_ch1,derived
1928,fossil_mass_central,gas,0.030683093434343434,Gt,gcb2025v15+ipcc2006_v2_ch1,derived
1929,fossil_mass_central,gas,0.038211062834224596,Gt,gcb2025v15+ipcc2006_v2_ch1,derived
1930,fossil_mass_central,gas,0.03870496806298277,Gt,gcb2025v15+ipcc2006_v2_ch1,derived
1931,fossil_mass_central,gas,0.034495139631610224,Gt,gcb2025v15+ipcc2006_v2_ch1,derived
1932,fossil_mass_central,gas,0.0327613844325609,Gt,gcb2025v15+ipcc2006_v2_ch1,derived
1933,fossil_mass_central,gas,0.03376357954545454,Gt,gcb2025v15+ipcc2006_v2_ch1,derived
1934,fossil_mass_central,gas,0.037860884209744504,Gt,gcb2025v15+ipcc2006_v2_ch1,derived
1935,fossil_mass_central,gas,0.04136006870172311,Gt,gcb2025v15+ipcc2006_v2_ch1,derived
1936,fossil_mass_central,gas,0.04661760063874034,Gt,gcb2025v15+ipcc2006_v2_ch1,derived
1937,fossil_mass_central,gas,0.052205044191919195,Gt,gcb2025v15+ipcc2006_v2_ch1,derived
1938,fossil_mass_central,gas,0.05031812834224599,Gt,gcb2025v15+ipcc2006_v2_ch1,derived
1939,fossil_mass_central,gas,0.0524849171865716,Gt,gcb2025v15+ipcc2006_v2_ch1,derived
1940,fossil_mass_central,gas,0.057011196152703496,Gt,gcb2025v15+ipcc2006_v2_ch1,derived
1941,fossil_mass_central,gas,0.05699020313428402,Gt,gcb2025v15+ipcc2006_v2_ch1,derived
1942,fossil_mass_central,gas,0.06166404597445039,Gt,gcb2025v15+ipcc2006_v2_ch1,derived
1943,fossil_mass_central,gas,0.06792182672311348,Gt,gcb2025v15+ipcc2006_v2_ch1,derived
1944,fossil_mass_central,gas,0.07338117424242425,Gt,gcb2025v15+ipcc2006_v2_ch1,derived
1945,fossil_mass_central,gas,0.08047397950089126,Gt,gcb2025v15+ipcc2006_v2_ch1,derived
1946,fossil_mass_central,gas,0.08312439765300059,Gt,gcb2025v15+ipcc2006_v2_ch1,derived
1947,fossil_mass_central,gas,0.09205755273321449,Gt,gcb2025v15+ipcc2006_v2_ch1,derived
1948,fossil_mass_central,gas,0.10402824049316696,Gt,gcb2025v15+ipcc2006_v2_ch1,derived
1949,fossil_mass_central,gas,0.11157893679441475,Gt,gcb2025v15+ipcc2006_v2_ch1,derived
1950,fossil_mass_central,gas,0.1311482538621509,Gt,gcb2025v15+ipcc2006_v2_ch1,derived
1951,fossil_mass_central,gas,0.1545552428698752,Gt,gcb2025v15+ipcc2006_v2_ch1,derived
1952,fossil_mass_central,gas,0.16603013814616757,Gt,gcb2025v15+ipcc2006_v2_ch1,derived
1953,fossil_mass_central,gas,0.17622188094177066,Gt,gcb2025v15+ipcc2006_v2_ch1,derived
1954,fossil_mass_central,gas,0.18618390002970883,Gt,gcb2025v15+ipcc2006_v2_ch1,derived
1955,fossil_mass_central,gas,0.20322419637551992,Gt,gcb2025v15+ipcc2006_v2_ch1,derived
1956,fossil_mass_central,gas,0.21807857583184787,Gt,gcb2025v15+ipcc2006_v2_ch1,derived
1957,fossil_mass_central,gas,0.24015416518122398,Gt,gcb2025v15+ipcc2006_v2_ch1,derived
1958,fossil_mass_central,gas,0.2621260802881759,Gt,gcb2025v15+ipcc2006_v2_ch1,derived
1959,fossil_mass_central,gas,0.28158793077837196,Gt,gcb2025v15+ipcc2006_v2_ch1,derived
1960,fossil_mass_central,gas,0.3099442383392751,Gt,gcb2025v15+ipcc2006_v2_ch1,derived
1961,fossil_mass_central,gas,0.3275867543077837,Gt,gcb2025v15+ipcc2006_v2_ch1,derived
1962,fossil_mass_central,gas,0.3594102269013666,Gt,gcb2025v15+ipcc2006_v2_ch1,derived
1963,fossil_mass_central,gas,0.3887960565210933,Gt,gcb2025v15+ipcc2006_v2_ch1,derived
1964,fossil_mass_central,gas,0.42817578691325014,Gt,gcb2025v15+ipcc2006_v2_ch1,derived
1965,fossil_mass_central,gas,0.4570211690433749,Gt,gcb2025v15+ipcc2006_v2_ch1,derived
1966,fossil_mass_central,gas,0.4976158433600713,Gt,gcb2025v15+ipcc2006_v2_ch1,derived
1967,fossil_mass_central,gas,0.5321964999257278,Gt,gcb2025v15+ipcc2006_v2_ch1,derived
1968,fossil_mass_central,gas,0.579230101010101,Gt,gcb2025v15+ipcc2006_v2_ch1,derived
1969,fossil_mass_central,gas,0.6345513784907901,Gt,gcb2025v15+ipcc2006_v2_ch1,derived
1970,fossil_mass_central,gas,0.6650832234105762,Gt,gcb2025v15+ipcc2006_v2_ch1,derived
1971,fossil_mass_central,gas,0.7180586092543078,Gt,gcb2025v15+ipcc2006_v2_ch1,derived
1972,fossil_mass_central,gas,0.7621616373291741,Gt,gcb2025v15+ipcc2006_v2_ch1,derived
1973,fossil_mass_central,gas,0.8180045124034462,Gt,gcb2025v15+ipcc2006_v2_ch1,derived
1974,fossil_mass_central,gas,0.8379903628193701,Gt,gcb2025v15+ipcc2006_v2_ch1,derived
1975,fossil_mass_central,gas,0.8323181862745098,Gt,gcb2025v15+ipcc2006_v2_ch1,derived
1976,fossil_mass_central,gas,0.8760432783719548,Gt,gcb2025v15+ipcc2006_v2_ch1,derived
1977,fossil_mass_central,gas,0.8956181298276885,Gt,gcb2025v15+ipcc2006_v2_ch1,derived
1978,fossil_mass_central,gas,0.9439012570558526,Gt,gcb2025v15+ipcc2006_v2_ch1,derived
1979,fossil_mass_central,gas,0.990814353832442,Gt,gcb2025v15+ipcc2006_v2_ch1,derived
1980,fossil_mass_central,gas,1.0180905247326204,Gt,gcb2025v15+ipcc2006_v2_ch1,derived
1981,fossil_mass_central,gas,1.0262080355020795,Gt,gcb2025v15+ipcc2006_v2_ch1,derived
1982,fossil_mass_central,gas,1.0032302491830065,Gt,gcb2025v15+ipcc2006_v2_ch1,derived
1983,fossil_mass_central,gas,1.0186867205139631,Gt,gcb2025v15+ipcc2006_v2_ch1,derived
1984,fossil_mass_central,gas,1.1036939137700532,Gt,gcb2025v15+ipcc2006_v2_ch1,derived
1985,fossil_mass_central,gas,1.1473931108882949,Gt,gcb2025v15+ipcc2006_v2_ch1,derived
1986,fossil_mass_central,gas,1.1195062284610815,Gt,gcb2025v15+ipcc2006_v2_ch1,derived
1987,fossil_mass_central,gas,1.2186449234997028,Gt,gcb2025v15+ipcc2006_v2_ch1,derived
1988,fossil_mass_central,gas,1.2759870699643494,Gt,gcb2025v15+ipcc2006_v2_ch1,derived
1989,fossil_mass_central,gas,1.3387397794117646,Gt,gcb2025v15+ipcc2006_v2_ch1,derived
1990,fossil_mass_central,gas,1.4075244537284612,Gt,gcb2025v15+ipcc2006_v2_ch1,derived
1991,fossil_mass_central,gas,1.4303031677064766,Gt,gcb2025v15+ipcc2006_v2_ch1,derived
1992,fossil_mass_central,gas,1.4488139200831847,Gt,gcb2025v15+ipcc2006_v2_ch1,derived
1993,fossil_mass_central,gas,1.4883408051099227,Gt,gcb2025v15+ipcc2006_v2_ch1,derived
1994,fossil_mass_central,gas,1.5003616766934045,Gt,gcb2025v15+ipcc2006_v2_ch1,derived
1995,fossil_mass_central,gas,1.5585441206179442,Gt,gcb2025v15+ipcc2006_v2_ch1,derived
1996,fossil_mass_central,gas,1.6271534607100415,Gt,gcb2025v15+ipcc2006_v2_ch1,derived
1997,fossil_mass_central,gas,1.6321515734551395,Gt,gcb2025v15+ipcc2006_v2_ch1,derived
1998,fossil_mass_central,gas,1.6501428260546642,Gt,gcb2025v15+ipcc2006_v2_ch1,derived
1999,fossil_mass_central,gas,1.703121670751634,Gt,gcb2025v15+ipcc2006_v2_ch1,derived
2000,fossil_mass_central,gas,1.7557274093879975,Gt,gcb2025v15+ipcc2006_v2_ch1,derived
2001,fossil_mass_central,gas,1.772027206996435,Gt,gcb2025v15+ipcc2006_v2_ch1,derived
2002,fossil_mass_central,gas,1.8247369975490193,Gt,gcb2025v15+ipcc2006_v2_ch1,derived
2003,fossil_mass_central,gas,1.8925266532976828,Gt,gcb2025v15+ipcc2006_v2_ch1,derived
2004,fossil_mass_central,gas,1.9524921007872846,Gt,gcb2025v15+ipcc2006_v2_ch1,derived
2005,fossil_mass_central,gas,1.9965421932560903,Gt,gcb2025v15+ipcc2006_v2_ch1,derived
2006,fossil_mass_central,gas,2.053998010620915,Gt,gcb2025v15+ipcc2006_v2_ch1,derived
2007,fossil_mass_central,gas,2.1303613064468214,Gt,gcb2025v15+ipcc2006_v2_ch1,derived
2008,fossil_mass_central,gas,2.193070582664884,Gt,gcb2025v15+ipcc2006_v2_ch1,derived
2009,fossil_mass_central,gas,2.1411482854278074,Gt,gcb2025v15+ipcc2006_v2_ch1,derived
2010,fossil_mass_central,gas,2.304582485145573,Gt,gcb2025v15+ipcc2006_v2_ch1,derived
2011,fossil_mass_central,gas,2.3727459428847295,Gt,gcb2025v15+ipcc2006_v2_ch1,derived
2012,fossil_mass_central,gas,2.4224387158348186,Gt,gcb2025v15+ipcc2006_v2_ch1,derived
2013,fossil_mass_central,gas,2.4409965600861554,Gt,gcb2025v15+ipcc2006_v2_ch1,derived
2014,fossil_mass_central,gas,2.452828074123589,Gt,gcb2025v15+ipcc2006_v2_ch1,derived
2015,fossil_mass_central,gas,2.498881991235888,Gt,gcb2025v15+ipcc2006_v2_ch1,derived
2016,fossil_mass_central,gas,2.5679033110516936,Gt,gcb2025v15+ipcc2006_v2_ch1,derived
2017,fossil_mass_central,gas,2.6309473310308973,Gt,gcb2025v15+ipcc2006_v2_ch1,derived
2018,fossil_mass_central,gas,2.755278114601901,Gt,gcb2025v15+ipcc2006_v2_ch1,derived
2019,fossil_mass_central,gas,2.812706442736185,Gt,gcb2025v15+ipcc2006_v2_ch1,derived
2020,fossil_mass_central,gas,2.79293656788473,Gt,gcb2025v15+ipcc2006_v2_ch1,derived
2021,fossil_mass_central,gas,2.9258386096256683,Gt,gcb2025v15+ipcc2006_v2_ch1,derived
2022,fossil_mass_central,gas,2.8812928687611405,Gt,gcb2025v15+ipcc2006_v2_ch1,derived
2023,fossil_mass_central,gas,2.89766982694593,Gt,gcb2025v15+ipcc2006_v2_ch1,derived
2024,fossil_mass_central,gas,2.974534939839572,Gt,gcb2025v15+ipcc2006_v2_ch1,derived
1855,fossil_mass_central,oil,1.1811734364925855e-05,Gt,gcb2025v15+ipcc2006_v2_ch1,derived
1856,fossil_mass_central,oil,1.299290780141844e-05,Gt,gcb2025v15+ipcc2006_v2_ch1,derived
1857,fossil_mass_central,oil,1.6536428110896196e-05,Gt,gcb2025v15+ipcc2006_v2_ch1,derived
1858,fossil_mass_central,oil,2.0079948420373956e-05,Gt,gcb2025v15+ipcc2006_v2_ch1,derived
1859,fossil_mass_central,oil,1.771598968407479e-05,Gt,gcb2025v15+ipcc2006_v2_ch1,derived
1860,fossil_mass_central,oil,8.814506769825919e-05,Gt,gcb2025v15+ipcc2006_v2_ch1,derived
1861,fossil_mass_central,oil,0.0003033459058671825,Gt,gcb2025v15+ipcc2006_v2_ch1,derived
1862,fossil_mass_central,oil,0.00045087717601547387,Gt,gcb2025v15+ipcc2006_v2_ch1,derived
1863,fossil_mass_central,oil,0.0004168462282398452,Gt,gcb2025v15+ipcc2006_v2_ch1,derived
1864,fossil_mass_central,oil,0.00035780206318504194,Gt,gcb2025v15+ipcc2006_v2_ch1,derived
1865,fossil_mass_central,oil,0.00042543907156673117,Gt,gcb2025v15+ipcc2006_v2_ch1,derived
1866,fossil_mass_central,oil,0.0006291979368149581,Gt,gcb2025v15+ipcc2006_v2_ch1,derived
1867,fossil_mass_central,oil,0.0006398355899419728,Gt,gcb2025v15+ipcc2006_v2_ch1,derived
1868,fossil_mass_central,oil,0.0007377456479690523,Gt,gcb2025v15+ipcc2006_v2_ch1,derived
1869,fossil_mass_central,oil,0.0008426769825918761,Gt,gcb2025v15+ipcc2006_v2_ch1,derived
1870,fossil_mass_central,oil,0.0010099190844616377,Gt,gcb2025v15+ipcc2006_v2_ch1,derived
1871,fossil_mass_central,oil,0.001057947130883301,Gt,gcb2025v15+ipcc2006_v2_ch1,derived
1872,fossil_mass_central,oil,0.0011920967117988394,Gt,gcb2025v15+ipcc2006_v2_ch1,derived
1873,fossil_mass_central,oil,0.0018274896840747906,Gt,gcb2025v15+ipcc2006_v2_ch1,derived
1874,fossil_mass_central,oil,0.0020122920696324952,Gt,gcb2025v15+ipcc2006_v2_ch1,derived
1875,fossil_mass_central,oil,0.0018807072856221795,Gt,gcb2025v15+ipcc2006_v2_ch1,derived
1876,fossil_mass_central,oil,0.0021064165054803354,Gt,gcb2025v15+ipcc2006_v2_ch1,derived
1877,fossil_mass_central,oil,0.00284389974210187,Gt,gcb2025v15+ipcc2006_v2_ch1,derived
1878,fossil_mass_central,oil,0.003235877176015474,Gt,gcb2025v15+ipcc2006_v2_ch1,derived
1879,fossil_mass_central,oil,0.004080122501611863,Gt,gcb2025v15+ipcc2006_v2_ch1,derived
1880,fossil_mass_central,oil,0.004951789490651193,Gt,gcb2025v15+ipcc2006_v2_ch1,derived
1881,fossil_mass_central,oil,0.005557290135396519,Gt,gcb2025v15+ipcc2006_v2_ch1,derived
1882,fossil_mass_central,oil,0.006104320438426822,Gt,gcb2025v15+ipcc2006_v2_ch1,derived
1883,fossil_mass_central,oil,0.005318348162475822,Gt,gcb2025v15+ipcc2006_v2_ch1,derived
1884,fossil_mass_central,oil,0.005905508059316569,Gt,gcb2025v15+ipcc2006_v2_ch1,derived
1885,fossil_mass_central,oil,0.006110864925854288,Gt,gcb2025v15+ipcc2006_v2_ch1,derived
1886,fossil_mass_central,oil,0.007034382011605416,Gt,gcb2025v15+ipcc2006_v2_ch1,derived
1887,fossil_mass_central,oil,0.007569093810444874,Gt,gcb2025v15+ipcc2006_v2_ch1,derived
1888,fossil_mass_central,oil,0.007923421663442941,Gt,gcb2025v15+ipcc2006_v2_ch1,derived
1889,fossil_mass_central,oil,0.009156721470019344,Gt,gcb2025v15+ipcc2006_v2_ch1,derived
1890,fossil_mass_central,oil,0.011169577369439071,Gt,gcb2025v15+ipcc2006_v2_ch1,derived
1891,fossil_mass_central,oil,0.01316222211476467,Gt,gcb2025v15+ipcc2006_v2_ch1,derived
1892,fossil_mass_central,oil,0.012960651515151517,Gt,gcb2025v15+ipcc2006_v2_ch1,derived
1893,fossil_mass_central,oil,0.013714986782720826,Gt,gcb2025v15+ipcc2006_v2_ch1,derived
1894,fossil_mass_central,oil,0.013442051257253385,Gt,gcb2025v15+ipcc2006_v2_ch1,derived
1895,fossil_mass_central,oil,0.015646827852998067,Gt,gcb2025v15+ipcc2006_v2_ch1,derived
1896,fossil_mass_central,oil,0.016946574145712445,Gt,gcb2025v15+ipcc2006_v2_ch1,derived
1897,fossil_mass_central,oil,0.017900421341070276,Gt,gcb2025v15+ipcc2006_v2_ch1,derived
1898,fossil_mass_central,oil,0.018429572211476467,Gt,gcb2025v15+ipcc2006_v2_ch1,derived
1899,fossil_mass_central,oil,0.019350690844616377,Gt,gcb2025v15+ipcc2006_v2_ch1,derived
1900,fossil_mass_central,oil,0.021696658284977435,Gt,gcb2025v15+ipcc2006_v2_ch1,derived
1901,fossil_mass_central,oil,0.02409598517085751,Gt,gcb2025v15+ipcc2006_v2_ch1,derived
1902,fossil_mass_central,oil,0.026048754029658287,Gt,gcb2025v15+ipcc2006_v2_ch1,derived
1903,fossil_mass_central,oil,0.02758232591876209,Gt,gcb2025v15+ipcc2006_v2_ch1,derived
1904,fossil_mass_central,oil,0.030971318504190846,Gt,gcb2025v15+ipcc2006_v2_ch1,derived
1905,fossil_mass_central,oil,0.03127337556415216,Gt,gcb2025v15+ipcc2006_v2_ch1,derived
1906,fossil_mass_central,oil,0.03155310509348807,Gt,gcb2025v15+ipcc2006_v2_ch1,derived
1907,fossil_mass_central,oil,0.038494393939393946,Gt,gcb2025v15+ipcc2006_v2_ch1,derived
1908,fossil_mass_central,oil,0.041514841392649916,Gt,gcb2025v15+ipcc2006_v2_ch1,derived
1909,fossil_mass_central,oil,0.043313321405544815,Gt,gcb2025v15+ipcc2006_v2_ch1,derived
1910,fossil_mass_central,oil,0.04645180883301096,Gt,gcb2025v15+ipcc2006_v2_ch1,derived
1911,fossil_mass_central,oil,0.04926323178594456,Gt,gcb2025v15+ipcc2006_v2_ch1,derived
1912,fossil_mass_central,oil,0.05066439329464861,Gt,gcb2025v15+ipcc2006_v2_ch1,derived
1913,fossil_mass_central,oil,0.05865803836234687,Gt,gcb2025v15+ipcc2006_v2_ch1,derived
1914,fossil_mass_central,oil,0.059962389748549325,Gt,gcb2025v15+ipcc2006_v2_ch1,derived
1915,fossil_mass_central,oil,0.06368893713733076,Gt,gcb2025v15+ipcc2006_v2_ch1,derived
1916,fossil_mass_central,oil,0.06937307124435849,Gt,gcb2025v15+ipcc2006_v2_ch1,derived
1917,fossil_mass_central,oil,0.0771647408123791,Gt,gcb2025v15+ipcc2006_v2_ch1,derived
1918,fossil_mass_central,oil,0.07898862765957447,Gt,gcb2025v15+ipcc2006_v2_ch1,derived
1919,fossil_mass_central,oil,0.08814013378465506,Gt,gcb2025v15+ipcc2006_v2_ch1,derived
1920,fossil_mass_central,oil,0.11638907640232109,Gt,gcb2025v15+ipcc2006_v2_ch1,derived
1921,fossil_mass_central,oil,0.1280690506125081,Gt,gcb2025v15+ipcc2006_v2_ch1,derived
1922,fossil_mass_central,oil,0.1412983784655061,Gt,gcb2025v15+ipcc2006_v2_ch1,derived
1923,fossil_mass_central,oil,0.15652301321727918,Gt,gcb2025v15+ipcc2006_v2_ch1,derived
1924,fossil_mass_central,oil,0.15608809606705354,Gt,gcb2025v15+ipcc2006_v2_ch1,derived
1925,fossil_mass_central,oil,0.1629669867827208,Gt,gcb2025v15+ipcc2006_v2_ch1,derived
1926,fossil_mass_central,oil,0.16327211895551258,Gt,gcb2025v15+ipcc2006_v2_ch1,derived
1927,fossil_mass_central,oil,0.17864216827853,Gt,gcb2025v15+ipcc2006_v2_ch1,derived
1928,fossil_mass_central,oil,0.18297515731785943,Gt,gcb2025v15+ipcc2006_v2_ch1,derived
1929,fossil_mass_central,oil,0.2004185973565442,Gt,gcb2025v15+ipcc2006_v2_ch1,derived
1930,fossil_mass_central,oil,0.19335397453255965,Gt,gcb2025v15+ipcc2006_v2_ch1,derived
1931,fossil_mass_central,oil,0.18713948065764024,Gt,gcb2025v15+ipcc2006_v2_ch1,derived
1932,fossil_mass_central,oil,0.17923460735009672,Gt,gcb2025v15+ipcc2006_v2_ch1,derived
1933,fossil_mass_central,oil,0.19586621276595748,Gt,gcb2025v15+ipcc2006_v2_ch1,derived
1934,fossil_mass_central,oil,0.20749054545454546,Gt,gcb2025v15+ipcc2006_v2_ch1,derived
1935,fossil_mass_central,oil,0.22306883752417794,Gt,gcb2025v15+ipcc2006_v2_ch1,derived
1936,fossil_mass_central,oil,0.24289042940038683,Gt,gcb2025v15+ipcc2006_v2_ch1,derived
1937,fossil_mass_central,oil,0.27292898162475826,Gt,gcb2025v15+ipcc2006_v2_ch1,derived
1938,fossil_mass_central,oil,0.26525241199226307,Gt,gcb2025v15+ipcc2006_v2_ch1,derived
1939,fossil_mass_central,oil,0.27546739845261126,Gt,gcb2025v15+ipcc2006_v2_ch1,derived
1940,fossil_mass_central,oil,0.29045148291424894,Gt,gcb2025v15+ipcc2006_v2_ch1,derived
1941,fossil_mass_central,oil,0.29411248839458415,Gt,gcb2025v15+ipcc2006_v2_ch1,derived
1942,fossil_mass_central,oil,0.27837120470664084,Gt,gcb2025v15+ipcc2006_v2_ch1,derived
1943,fossil_mass_central,oil,0.2987075373952289,Gt,gcb2025v15+ipcc2006_v2_ch1,derived
1944,fossil_mass_central,oil,0.3445474361702128,Gt,gcb2025v15+ipcc2006_v2_ch1,derived
1945,fossil_mass_central,oil,0.33713369664732434,Gt,gcb2025v15+ipcc2006_v2_ch1,derived
1946,fossil_mass_central,oil,0.35732771276595743,Gt,gcb2025v15+ipcc2006_v2_ch1,derived
1947,fossil_mass_central,oil,0.4018275361057382,Gt,gcb2025v15+ipcc2006_v2_ch1,derived
1948,fossil_mass_central,oil,0.4418286341070278,Gt,gcb2025v15+ipcc2006_v2_ch1,derived
1949,fossil_mass_central,oil,0.4171274439071567,Gt,gcb2025v15+ipcc2006_v2_ch1,derived
1950,fossil_mass_central,oil,0.5002524429400387,Gt,gcb2025v15+ipcc2006_v2_ch1,derived
1951,fossil_mass_central,oil,0.5545376850419085,Gt,gcb2025v15+ipcc2006_v2_ch1,derived
1952,fossil_mass_central,oil,0.5864260676982592,Gt,gcb2025v15+ipcc2006_v2_ch1,derived
1953,fossil_mass_central,oil,0.6247773368794327,Gt,gcb2025v15+ipcc2006_v2_ch1,derived
1954,fossil_mass_central,oil,0.6622282469374597,Gt,gcb2025v15+ipcc2006_v2_ch1,derived
1955,fossil_mass_central,oil,0.741308161508704,Gt,gcb2025v15+ipcc2006_v2_ch1,derived
1956,fossil_mass_central,oil,0.8056200702772405,Gt,gcb2025v15+ipcc2006_v2_ch1,derived
1957,fossil_mass_central,oil,0.8420535615731786,Gt,gcb2025v15+ipcc2006_v2_ch1,derived
1958,fossil_mass_central,oil,0.8766071495809156,Gt,gcb2025v15+ipcc2006_v2_ch1,derived
1959,fossil_mass_central,oil,0.9341370834945197,Gt,gcb2025v15+ipcc2006_v2_ch1,derived
1960,fossil_mass_central,oil,1.0057929326241135,Gt,gcb2025v15+ipcc2006_v2_ch1,derived
1961,fossil_mass_central,oil,1.0667623807221147,Gt,gcb2025v15+ipcc2006_v2_ch1,derived
1962,fossil_mass_central,oil,1.1470862050290136,Gt,gcb2025v15+ipcc2006_v2_ch1,derived
1963,fossil_mass_central,oil,1.2261955157962605,Gt,gcb2025v15+ipcc2006_v2_ch1,derived
1964,fossil_mass_central,oil,1.3231272701482915,Gt,gcb2025v15+ipcc2006_v2_ch1,derived
1965,fossil_mass_central,oil,1.4214837140554482,Gt,gcb2025v15+ipcc2006_v2_ch1,derived
1966,fossil_mass_central,oil,1.5341304258542876,Gt,gcb2025v15+ipcc2006_v2_ch1,derived
1967,fossil_mass_central,oil,1.6358930570599615,Gt,gcb2025v15+ipcc2006_v2_ch1,derived
1968,fossil_mass_central,oil,1.782139939716312,Gt,gcb2025v15+ipcc2006_v2_ch1,derived
1969,fossil_mass_central,oil,1.927292784010316,Gt,gcb2025v15+ipcc2006_v2_ch1,derived
1970,fossil_mass_central,oil,2.191816896840748,Gt,gcb2025v15+ipcc2006_v2_ch1,derived
1971,fossil_mass_central,oil,2.321414389426177,Gt,gcb2025v15+ipcc2006_v2_ch1,derived
1972,fossil_mass_central,oil,2.5031286470019345,Gt,gcb2025v15+ipcc2006_v2_ch1,derived
1973,fossil_mass_central,oil,2.649803630883301,Gt,gcb2025v15+ipcc2006_v2_ch1,derived
1974,fossil_mass_central,oil,2.610989765312701,Gt,gcb2025v15+ipcc2006_v2_ch1,derived
1975,fossil_mass_central,oil,2.580632477756286,Gt,gcb2025v15+ipcc2006_v2_ch1,derived
1976,fossil_mass_central,oil,2.7323152978723404,Gt,gcb2025v15+ipcc2006_v2_ch1,derived
1977,fossil_mass_central,oil,2.8263718604126375,Gt,gcb2025v15+ipcc2006_v2_ch1,derived
1978,fossil_mass_central,oil,2.944462360090264,Gt,gcb2025v15+ipcc2006_v2_ch1,derived
1979,fossil_mass_central,oil,2.9736676773049644,Gt,gcb2025v15+ipcc2006_v2_ch1,derived
1980,fossil_mass_central,oil,2.8731382366215343,Gt,gcb2025v15+ipcc2006_v2_ch1,derived
1981,fossil_mass_central,oil,2.7348174987105094,Gt,gcb2025v15+ipcc2006_v2_ch1,derived
1982,fossil_mass_central,oil,2.668039227917473,Gt,gcb2025v15+ipcc2006_v2_ch1,derived
1983,fossil_mass_central,oil,2.648192418439716,Gt,gcb2025v15+ipcc2006_v2_ch1,derived
1984,fossil_mass_central,oil,2.6559337185686656,Gt,gcb2025v15+ipcc2006_v2_ch1,derived
1985,fossil_mass_central,oil,2.658804953578337,Gt,gcb2025v15+ipcc2006_v2_ch1,derived
1986,fossil_mass_central,oil,2.7371352904577693,Gt,gcb2025v15+ipcc2006_v2_ch1,derived
1987,fossil_mass_central,oil,2.7657424206963253,Gt,gcb2025v15+ipcc2006_v2_ch1,derived
1988,fossil_mass_central,oil,2.865680151837524,Gt,gcb2025v15+ipcc2006_v2_ch1,derived
1989,fossil_mass_central,oil,2.9134062624113475,Gt,gcb2025v15+ipcc2006_v2_ch1,derived
1990,fossil_mass_central,oil,2.9646808226950356,Gt,gcb2025v15+ipcc2006_v2_ch1,derived
1991,fossil_mass_central,oil,3.1129876002578984,Gt,gcb2025v15+ipcc2006_v2_ch1,derived
1992,fossil_mass_central,oil,2.951210517085751,Gt,gcb2025v15+ipcc2006_v2_ch1,derived
1993,fossil_mass_central,oil,2.9569055715667316,Gt,gcb2025v15+ipcc2006_v2_ch1,derived
1994,fossil_mass_central,oil,2.9646149877498393,Gt,gcb2025v15+ipcc2006_v2_ch1,derived
1995,fossil_mass_central,oil,2.992875972920696,Gt,gcb2025v15+ipcc2006_v2_ch1,derived
1996,fossil_mass_central,oil,3.0825715290135394,Gt,gcb2025v15+ipcc2006_v2_ch1,derived
1997,fossil_mass_central,oil,3.1277275731785945,Gt,gcb2025v15+ipcc2006_v2_ch1,derived
1998,fossil_mass_central,oil,3.1663361034816253,Gt,gcb2025v15+ipcc2006_v2_ch1,derived
1999,fossil_mass_central,oil,3.2444190760799487,Gt,gcb2025v15+ipcc2006_v2_ch1,derived
2000,fossil_mass_central,oil,3.291948441328176,Gt,gcb2025v15+ipcc2006_v2_ch1,derived
2001,fossil_mass_central,oil,3.315142017408124,Gt,gcb2025v15+ipcc2006_v2_ch1,derived
2002,fossil_mass_central,oil,3.31055862346873,Gt,gcb2025v15+ipcc2006_v2_ch1,derived
2003,fossil_mass_central,oil,3.3980816766602198,Gt,gcb2025v15+ipcc2006_v2_ch1,derived
2004,fossil_mass_central,oil,3.5217841108961965,Gt,gcb2025v15+ipcc2006_v2_ch1,derived
2005,fossil_mass_central,oil,3.5558685938104455,Gt,gcb2025v15+ipcc2006_v2_ch1,derived
2006,fossil_mass_central,oil,3.5921752988394586,Gt,gcb2025v15+ipcc2006_v2_ch1,derived
2007,fossil_mass_central,oil,3.6055165931657,Gt,gcb2025v15+ipcc2006_v2_ch1,derived
2008,fossil_mass_central,oil,3.592308132172792,Gt,gcb2025v15+ipcc2006_v2_ch1,derived
2009,fossil_mass_central,oil,3.5137318826563506,Gt,gcb2025v15+ipcc2006_v2_ch1,derived
2010,fossil_mass_central,oil,3.627883471631206,Gt,gcb2025v15+ipcc2006_v2_ch1,derived
2011,fossil_mass_central,oil,3.6460827933591236,Gt,gcb2025v15+ipcc2006_v2_ch1,derived
2012,fossil_mass_central,oil,3.685595319793682,Gt,gcb2025v15+ipcc2006_v2_ch1,derived
2013,fossil_mass_central,oil,3.7126453127014836,Gt,gcb2025v15+ipcc2006_v2_ch1,derived
2014,fossil_mass_central,oil,3.727218510960671,Gt,gcb2025v15+ipcc2006_v2_ch1,derived
2015,fossil_mass_central,oil,3.7943335454545455,Gt,gcb2025v15+ipcc2006_v2_ch1,derived
2016,fossil_mass_central,oil,3.836319668923275,Gt,gcb2025v15+ipcc2006_v2_ch1,derived
2017,fossil_mass_central,oil,3.895967822695036,Gt,gcb2025v15+ipcc2006_v2_ch1,derived
2018,fossil_mass_central,oil,3.9145158936170215,Gt,gcb2025v15+ipcc2006_v2_ch1,derived
2019,fossil_mass_central,oil,3.973535780786589,Gt,gcb2025v15+ipcc2006_v2_ch1,derived
2020,fossil_mass_central,oil,3.5242880212765963,Gt,gcb2025v15+ipcc2006_v2_ch1,derived
2021,fossil_mass_central,oil,3.7115301086395878,Gt,gcb2025v15+ipcc2006_v2_ch1,derived
2022,fossil_mass_central,oil,3.8410419693745976,Gt,gcb2025v15+ipcc2006_v2_ch1,derived
2023,fossil_mass_central,oil,3.9581693894261765,Gt,gcb2025v15+ipcc2006_v2_ch1,derived
2024,fossil_mass_central,oil,4.0201790834945195,Gt,gcb2025v15+ipcc2006_v2_ch1,derived
1750,fossil_mass_high,coal,0.007727386488192114,Gt,gcb2025v15+ipcc2006_v2_ch1,derived
1751,fossil_mass_high,coal,0.007811496495831532,Gt,gcb2025v15+ipcc2006_v2_ch1,derived
1752,fossil_mass_high,coal,0.007892822267246817,Gt,gcb2025v15+ipcc2006_v2_ch1,derived
1753,fossil_mass_high,coal,0.007980278672733914,Gt,gcb2025v15+ipcc2006_v2_ch1,derived
1754,fossil_mass_high,coal,0.008082489122131064,Gt,gcb2025v15+ipcc2006_v2_ch1,derived
1755,fossil_mass_high,coal,0.008132218420965223,Gt,gcb2025v15+ipcc2006_v2_ch1,derived
1756,fossil_mass_high,coal,0.008228911880957914,Gt,gcb2025v15+ipcc2006_v2_ch1,derived
1757,fossil_mass_high,coal,0.008381718537217257,Gt,gcb2025v15+ipcc2006_v2_ch1,derived
1758,fossil_mass_high,coal,0.008483374298335932,Gt,gcb2025v15+ipcc2006_v2_ch1,derived
1759,fossil_mass_high,coal,0.008585091506958513,Gt,gcb2025v15+ipcc2006_v2_ch1,derived
1760,fossil_mass_high,coal,0.008730802637260436,Gt,gcb2025v15+ipcc2006_v2_ch1,derived
1761,fossil_mass_high,coal,0.008924739263294248,Gt,gcb2025v15+ipcc2006_v2_ch1,derived
1762,fossil_mass_high,coal,0.009094394991198058,Gt,gcb2025v15+ipcc2006_v2_ch1,derived
1763,fossil_mass_high,coal,0.009293180987810143,Gt,gcb2025v15+ipcc2006_v2_ch1,derived
1764,fossil_mass_high,coal,0.009463731026007238,Gt,gcb2025v15+ipcc2006_v2_ch1,derived
1765,fossil_mass_high,coal,0.009668420965224031,Gt,gcb2025v15+ipcc2006_v2_ch1,derived
1766,fossil_mass_high,coal,0.009861560434450458,Gt,gcb2025v15+ipcc2006_v2_ch1,derived
1767,fossil_mass_high,coal,0.010091099246022518,Gt,gcb2025v15+ipcc2006_v2_ch1,derived
1768,fossil_mass_high,coal,0.010352190520476963,Gt,gcb2025v15+ipcc2006_v2_ch1,derived
1769,fossil_mass_high,coal,0.010612211445843157,Gt,gcb2025v15+ipcc2006_v2_ch1,derived
1770,fossil_mass_high,coal,0.010875557179393494,Gt,gcb2025v15+ipcc2006_v2_ch1,derived
1771,fossil_mass_high,coal,0.011101644135915233,Gt,gcb2025v15+ipcc2006_v2_ch1,derived
1772,fossil_mass_high,coal,0.011312574318264853,Gt,gcb2025v15+ipcc2006_v2_ch1,derived
1773,fossil_mass_high,coal,0.01146588667087388,Gt,gcb2025v15+ipcc2006_v2_ch1,derived
1774,fossil_mass_high,coal,0.011635512505397416,Gt,gcb2025v15+ipcc2006_v2_ch1,derived
1775,fossil_mass_high,coal,0.011906633008934797,Gt,gcb2025v15+ipcc2006_v2_ch1,derived
1776,fossil_mass_high,coal,0.012168369482180221,Gt,gcb2025v15+ipcc2006_v2_ch1,derived
1777,fossil_mass_high,coal,0.012421975786361972,Gt,gcb2025v15+ipcc2006_v2_ch1,derived
1778,fossil_mass_high,coal,0.012657756501810207,Gt,gcb2025v15+ipcc2006_v2_ch1,derived
1779,fossil_mass_high,coal,0.012900019098548508,Gt,gcb2025v15+ipcc2006_v2_ch1,derived
1780,fossil_mass_high,coal,0.013185244295346595,Gt,gcb2025v15+ipcc2006_v2_ch1,derived
1781,fossil_mass_high,coal,0.013480571793934963,Gt,gcb2025v15+ipcc2006_v2_ch1,derived
1782,fossil_mass_high,coal,0.013768354535490081,Gt,gcb2025v15+ipcc2006_v2_ch1,derived
1783,fossil_mass_high,coal,0.014168425117082401,Gt,gcb2025v15+ipcc2006_v2_ch1,derived
1784,fossil_mass_high,coal,0.014507500747334505,Gt,gcb2025v15+ipcc2006_v2_ch1,derived
1785,fossil_mass_high,coal,0.014917732587105985,Gt,gcb2025v15+ipcc2006_v2_ch1,derived
1786,fossil_mass_high,coal,0.015318278971667714,Gt,gcb2025v15+ipcc2006_v2_ch1,derived
1787,fossil_mass_high,coal,0.01566008735510014,Gt,gcb2025v15+ipcc2006_v2_ch1,derived
1788,fossil_mass_high,coal,0.01601473826684824,Gt,gcb2025v15+ipcc2006_v2_ch1,derived
1789,fossil_mass_high,coal,0.01649402547580297,Gt,gcb2025v15+ipcc2006_v2_ch1,derived
1790,fossil_mass_high,coal,0.016937999468562125,Gt,gcb2025v15+ipcc2006_v2_ch1,derived
1791,fossil_mass_high,coal,0.01738113146444348,Gt,gcb2025v15+ipcc2006_v2_ch1,derived
1792,fossil_mass_high,coal,0.018209398976982094,Gt,gcb2025v15+ipcc2006_v2_ch1,derived
1793,fossil_mass_high,coal,0.018515013950244123,Gt,gcb2025v15+ipcc2006_v2_ch1,derived
1794,fossil_mass_high,coal,0.01869968445876374,Gt,gcb2025v15+ipcc2006_v2_ch1,derived
1795,fossil_mass_high,coal,0.018529948184807517,Gt,gcb2025v15+ipcc2006_v2_ch1,derived
1796,fossil_mass_high,coal,0.01836896319792739,Gt,gcb2025v15+ipcc2006_v2_ch1,derived
1797,fossil_mass_high,coal,0.018342975055634897,Gt,gcb2025v15+ipcc2006_v2_ch1,derived
1798,fossil_mass_high,coal,0.019186508951406642,Gt,gcb2025v15+ipcc2006_v2_ch1,derived
1799,fossil_mass_high,coal,0.022822937356760883,Gt,gcb2025v15+ipcc2006_v2_ch1,derived
1800,fossil_mass_high,coal,0.027234822466536017,Gt,gcb2025v15+ipcc2006_v2_ch1,derived
1801,fossil_mass_high,coal,0.026560309894708867,Gt,gcb2025v15+ipcc2006_v2_ch1,derived
1802,fossil_mass_high,coal,0.033472674959311784,Gt,gcb2025v15+ipcc2006_v2_ch1,derived
1803,fossil_mass_high,coal,0.024527938685355563,Gt,gcb2025v15+ipcc2006_v2_ch1,derived
1804,fossil_mass_high,coal,0.026380224698575077,Gt,gcb2025v15+ipcc2006_v2_ch1,derived
1805,fossil_mass_high,coal,0.025950623609127442,Gt,gcb2025v15+ipcc2006_v2_ch1,derived
1806,fossil_mass_high,coal,0.027156991729498117,Gt,gcb2025v15+ipcc2006_v2_ch1,derived
1807,fossil_mass_high,coal,0.030059997674959305,Gt,gcb2025v15+ipcc2006_v2_ch1,derived
1808,fossil_mass_high,coal,0.029476358488059247,Gt,gcb2025v15+ipcc2006_v2_ch1,derived
1809,fossil_mass_high,coal,0.030170569136745602,Gt,gcb2025v15+ipcc2006_v2_ch1,derived
1810,fossil_mass_high,coal,0.032793297239844546,Gt,gcb2025v15+ipcc2006_v2_ch1,derived
1811,fossil_mass_high,coal,0.03336157787225562,Gt,gcb2025v15+ipcc2006_v2_ch1,derived
1812,fossil_mass_high,coal,0.033891223801773666,Gt,gcb2025v15+ipcc2006_v2_ch1,derived
1813,fossil_mass_high,coal,0.0342164106354004,Gt,gcb2025v15+ipcc2006_v2_ch1,derived
1814,fossil_mass_high,coal,0.035063810741687976,Gt,gcb2025v15+ipcc2006_v2_ch1,derived
1815,fossil_mass_high,coal,0.03619363021888597,Gt,gcb2025v15+ipcc2006_v2_ch1,derived
1816,fossil_mass_high,coal,0.03777906882120436,Gt,gcb2025v15+ipcc2006_v2_ch1,derived
1817,fossil_mass_high,coal,0.04091732985684391,Gt,gcb2025v15+ipcc2006_v2_ch1,derived
1818,fossil_mass_high,coal,0.042674469392500074,Gt,gcb2025v15+ipcc2006_v2_ch1,derived
1819,fossil_mass_high,coal,0.042290968047297955,Gt,gcb2025v15+ipcc2006_v2_ch1,derived
1820,fossil_mass_high,coal,0.042127307602883045,Gt,gcb2025v15+ipcc2006_v2_ch1,derived
1821,fossil_mass_high,coal,0.04322860879529677,Gt,gcb2025v15+ipcc2006_v2_ch1,derived
1822,fossil_mass_high,coal,0.04485809944531172,Gt,gcb2025v15+ipcc2006_v2_ch1,derived
1823,fossil_mass_high,coal,0.04679789002557543,Gt,gcb2025v15+ipcc2006_v2_ch1,derived
1824,fossil_mass_high,coal,0.0478158210715116,Gt,gcb2025v15+ipcc2006_v2_ch1,derived
1825,fossil_mass_high,coal,0.050429191716212164,Gt,gcb2025v15+ipcc2006_v2_ch1,derived
1826,fossil_mass_high,coal,0.05096998206397182,Gt,gcb2025v15+ipcc2006_v2_ch1,derived
1827,fossil_mass_high,coal,0.05458744478028365,Gt,gcb2025v15+ipcc2006_v2_ch1,derived
1828,fossil_mass_high,coal,0.0553706696117182,Gt,gcb2025v15+ipcc2006_v2_ch1,derived
1829,fossil_mass_high,coal,0.0550597934035274,Gt,gcb2025v15+ipcc2006_v2_ch1,derived
1830,fossil_mass_high,coal,0.07389352808317001,Gt,gcb2025v15+ipcc2006_v2_ch1,derived
1831,fossil_mass_high,coal,0.06912919420732719,Gt,gcb2025v15+ipcc2006_v2_ch1,derived
1832,fossil_mass_high,coal,0.06816666472913274,Gt,gcb2025v15+ipcc2006_v2_ch1,derived
1833,fossil_mass_high,coal,0.06912756584847377,Gt,gcb2025v15+ipcc2006_v2_ch1,derived
1834,fossil_mass_high,coal,0.07370637310260071,Gt,gcb2025v15+ipcc2006_v2_ch1,derived
1835,fossil_mass_high,coal,0.08087786395190485,Gt,gcb2025v15+ipcc2006_v2_ch1,derived
1836,fossil_mass_high,coal,0.08876216079317101,Gt,gcb2025v15+ipcc2006_v2_ch1,derived
1837,fossil_mass_high,coal,0.08818499186235758,Gt,gcb2025v15+ipcc2006_v2_ch1,derived
1838,fossil_mass_high,coal,0.08789090659979405,Gt,gcb2025v15+ipcc2006_v2_ch1,derived
1839,fossil_mass_high,coal,0.09105277344139234,Gt,gcb2025v15+ipcc2006_v2_ch1,derived
1840,fossil_mass_high,coal,0.09865522303783171,Gt,gcb2025v15+ipcc2006_v2_ch1,derived
1841,fossil_mass_high,coal,0.1014428098116717,Gt,gcb2025v15+ipcc2006_v2_ch1,derived
1842,fossil_mass_high,coal,0.10744078536552959,Gt,gcb2025v15+ipcc2006_v2_ch1,derived
1843,fossil_mass_high,coal,0.10991579117813131,Gt,gcb2025v15+ipcc2006_v2_ch1,derived
1844,fossil_mass_high,coal,0.11788491712890689,Gt,gcb2025v15+ipcc2006_v2_ch1,derived
1845,fossil_mass_high,coal,0.12876856212840865,Gt,gcb2025v15+ipcc2006_v2_ch1,derived
1846,fossil_mass_high,coal,0.13095109858172516,Gt,gcb2025v15+ipcc2006_v2_ch1,derived
1847,fossil_mass_high,coal,0.14182478410336463,Gt,gcb2025v15+ipcc2006_v2_ch1,derived
1848,fossil_mass_high,coal,0.14418862722954792,Gt,gcb2025v15+ipcc2006_v2_ch1,derived
1849,fossil_mass_high,coal,0.15365864416913008,Gt,gcb2025v15+ipcc2006_v2_ch1,derived
1850,fossil_mass_high,coal,0.16345666705417344,Gt,gcb2025v15+ipcc2006_v2_ch1,derived
1851,fossil_mass_high,coal,0.165060074899525,Gt,gcb2025v15+ipcc2006_v2_ch1,derived
1852,fossil_mass_high,coal,0.17238108330288635,Gt,gcb2025v15+ipcc2006_v2_ch1,derived
1853,fossil_mass_high,coal,0.18038742485136341,Gt,gcb2025v15+ipcc2006_v2_ch1,derived
1854,fossil_mass_high,coal,0.2117767936028166,Gt,gcb2025v15+ipcc2006_v2_ch1,derived
1855,fossil_mass_high,coal,0.2160819834257813,Gt,gcb2025v15+ipcc2006_v2_ch1,derived
1856,fossil_mass_high,coal,0.23101381987577635,Gt,gcb2025v15+ipcc2006_v2_ch1,derived
1857,fossil_mass_high,coal,0.2334421828810575,Gt,gcb2025v15+ipcc2006_v2_ch1,derived
1858,fossil_mass_high,coal,0.23705956671206024,Gt,gcb2025v15+ipcc2006_v2_ch1,derived
1859,fossil_mass_high,coal,0.25120172219085257,Gt,gcb2025v15+ipcc2006_v2_ch1,derived
1860,fossil_mass_high,coal,0.2757041709569203,Gt,gcb2025v15+ipcc2006_v2_ch1,derived
1861,fossil_mass_high,coal,0.28917626050420164,Gt,gcb2025v15+ipcc2006_v2_ch1,derived
1862,fossil_mass_high,coal,0.29444352393131157,Gt,gcb2025v15+ipcc2006_v2_ch1,derived
1863,fossil_mass_high,coal,0.3140812942172916,Gt,gcb2025v15+ipcc2006_v2_ch1,derived
1864,fossil_mass_high,coal,0.3391366808383432,Gt,gcb2025v15+ipcc2006_v2_ch1,derived
1865,fossil_mass_high,coal,0.3599923672235692,Gt,gcb2025v15+ipcc2006_v2_ch1,derived
1866,fossil_mass_high,coal,0.3712718321320622,Gt,gcb2025v15+ipcc2006_v2_ch1,derived
1867,fossil_mass_high,coal,0.3976061538844786,Gt,gcb2025v15+ipcc2006_v2_ch1,derived
1868,fossil_mass_high,coal,0.4087131231939415,Gt,gcb2025v15+ipcc2006_v2_ch1,derived
1869,fossil_mass_high,coal,0.43355123227156467,Gt,gcb2025v15+ipcc2006_v2_ch1,derived
1870,fossil_mass_high,coal,0.4425802197163449,Gt,gcb2025v15+ipcc2006_v2_ch1,derived
1871,fossil_mass_high,coal,0.4704012646560599,Gt,gcb2025v15+ipcc2006_v2_ch1,derived
1872,fossil_mass_high,coal,0.5208619166638987,Gt,gcb2025v15+ipcc2006_v2_ch1,derived
1873,fossil_mass_high,coal,0.5520297106985086,Gt,gcb2025v15+ipcc2006_v2_ch1,derived
1874,fossil_mass_high,coal,0.5168400247450757,Gt,gcb2025v15+ipcc2006_v2_ch1,derived
1875,fossil_mass_high,coal,0.5606786046434382,Gt,gcb2025v15+ipcc2006_v2_ch1,derived
1876,fossil_mass_high,coal,0.5680144318597002,Gt,gcb2025v15+ipcc2006_v2_ch1,derived
1877,fossil_mass_high,coal,0.577283593516458,Gt,gcb2025v15+ipcc2006_v2_ch1,derived
1878,fossil_mass_high,coal,0.5809378458498022,Gt,gcb2025v15+ipcc2006_v2_ch1,derived
1879,fossil_mass_high,coal,0.6204020850632742,Gt,gcb2025v15+ipcc2006_v2_ch1,derived
1880,fossil_mass_high,coal,0.6997500747334505,Gt,gcb2025v15+ipcc2006_v2_ch1,derived
1881,fossil_mass_high,coal,0.7230262214767328,Gt,gcb2025v15+ipcc2006_v2_ch1,derived
1882,fossil_mass_high,coal,0.762935061613578,Gt,gcb2025v15+ipcc2006_v2_ch1,derived
1883,fossil_mass_high,coal,0.8142920292622977,Gt,gcb2025v15+ipcc2006_v2_ch1,derived
1884,fossil_mass_high,coal,0.8220165268874347,Gt,gcb2025v15+ipcc2006_v2_ch1,derived
1885,fossil_mass_high,coal,0.8257821835453548,Gt,gcb2025v15+ipcc2006_v2_ch1,derived
1886,fossil_mass_high,coal,0.8329595517653701,Gt,gcb2025v15+ipcc2006_v2_ch1,derived
1887,fossil_mass_high,coal,0.8706118967349785,Gt,gcb2025v15+ipcc2006_v2_ch1,derived
1888,fossil_mass_high,coal,0.9627734447138538,Gt,gcb2025v15+ipcc2006_v2_ch1,derived
1889,fossil_mass_high,coal,0.9639657521506624,Gt,gcb2025v15+ipcc2006_v2_ch1,derived
1890,fossil_mass_high,coal,1.0464795163915366,Gt,gcb2025v15+ipcc2006_v2_ch1,derived
1891,fossil_mass_high,coal,1.0953749576510443,Gt,gcb2025v15+ipcc2006_v2_ch1,derived
1892,fossil_mass_high,coal,1.1059132510711793,Gt,gcb2025v15+ipcc2006_v2_ch1,derived
1893,fossil_mass_high,coal,1.090014524030956,Gt,gcb2025v15+ipcc2006_v2_ch1,derived
1894,fossil_mass_high,coal,1.1319103995748494,Gt,gcb2025v15+ipcc2006_v2_ch1,derived
1895,fossil_mass_high,coal,1.1954523823363334,Gt,gcb2025v15+ipcc2006_v2_ch1,derived
1896,fossil_mass_high,coal,1.2333043245756798,Gt,gcb2025v15+ipcc2006_v2_ch1,derived
1897,fossil_mass_high,coal,1.2909597560368018,Gt,gcb2025v15+ipcc2006_v2_ch1,derived
1898,fossil_mass_high,coal,1.362084421397017,Gt,gcb2025v15+ipcc2006_v2_ch1,derived
1899,fossil_mass_high,coal,1.488195467831401,Gt,gcb2025v15+ipcc2006_v2_ch1,derived
1900,fossil_mass_high,coal,1.5632946922642572,Gt,gcb2025v15+ipcc2006_v2_ch1,derived
1901,fossil_mass_high,coal,1.60789481266815,Gt,gcb2025v15+ipcc2006_v2_ch1,derived
1902,fossil_mass_high,coal,1.6443839563888794,Gt,gcb2025v15+ipcc2006_v2_ch1,derived
1903,fossil_mass_high,coal,1.795226414122961,Gt,gcb2025v15+ipcc2006_v2_ch1,derived
1904,fossil_mass_high,coal,1.8055886720696182,Gt,gcb2025v15+ipcc2006_v2_ch1,derived
1905,fossil_mass_high,coal,1.927208255555186,Gt,gcb2025v15+ipcc2006_v2_ch1,derived
1906,fossil_mass_high,coal,2.014024079117813,Gt,gcb2025v15+ipcc2006_v2_ch1,derived
1907,fossil_mass_high,coal,2.290978152921247,Gt,gcb2025v15+ipcc2006_v2_ch1,derived
1908,fossil_mass_high,coal,2.1882638746803065,Gt,gcb2025v15+ipcc2006_v2_ch1,derived
1909,fossil_mass_high,coal,2.275901987079416,Gt,gcb2025v15+ipcc2006_v2_ch1,derived
1910,fossil_mass_high,coal,2.384689801375095,Gt,gcb2025v15+ipcc2006_v2_ch1,derived
1911,fossil_mass_high,coal,2.415670464509914,Gt,gcb2025v15+ipcc2006_v2_ch1,derived
1912,fossil_mass_high,coal,2.539672177566678,Gt,gcb2025v15+ipcc2006_v2_ch1,derived
1913,fossil_mass_high,coal,2.74218138306706,Gt,gcb2025v15+ipcc2006_v2_ch1,derived
1914,fossil_mass_high,coal,2.4672215265552855,Gt,gcb2025v15+ipcc2006_v2_ch1,derived
1915,fossil_mass_high,coal,2.4149419952170588,Gt,gcb2025v15+ipcc2006_v2_ch1,derived
1916,fossil_mass_high,coal,2.6036348631547477,Gt,gcb2025v15+ipcc2006_v2_ch1,derived
1917,fossil_mass_high,coal,2.7116795770086686,Gt,gcb2025v15+ipcc2006_v2_ch1,derived
1918,fossil_mass_high,coal,2.670389913475271,Gt,gcb2025v15+ipcc2006_v2_ch1,derived
1919,fossil_mass_high,coal,2.2587394426545315,Gt,gcb2025v15+ipcc2006_v2_ch1,derived
1920,fossil_mass_high,coal,2.6012358629222434,Gt,gcb2025v15+ipcc2006_v2_ch1,derived
1921,fossil_mass_high,coal,2.2188397839372898,Gt,gcb2025v15+ipcc2006_v2_ch1,derived
1922,fossil_mass_high,coal,2.3029811771348854,Gt,gcb2025v15+ipcc2006_v2_ch1,derived
1923,fossil_mass_high,coal,2.615433880825057,Gt,gcb2025v15+ipcc2006_v2_ch1,derived
1924,fossil_mass_high,coal,2.620613246088949,Gt,gcb2025v15+ipcc2006_v2_ch1,derived
1925,fossil_mass_high,coal,2.618724221111369,Gt,gcb2025v15+ipcc2006_v2_ch1,derived
1926,fossil_mass_high,coal,2.5609027717806483,Gt,gcb2025v15+ipcc2006_v2_ch1,derived
1927,fossil_mass_high,coal,2.793701810210249,Gt,gcb2025v15+ipcc2006_v2_ch1,derived
1928,fossil_mass_high,coal,2.746521678513302,Gt,gcb2025v15+ipcc2006_v2_ch1,derived
1929,fossil_mass_high,coal,2.926133018068887,Gt,gcb2025v15+ipcc2006_v2_ch1,derived
1930,fossil_mass_high,coal,2.6706835395422988,Gt,gcb2025v15+ipcc2006_v2_ch1,derived
1931,fossil_mass_high,coal,2.3526053318165205,Gt,gcb2025v15+ipcc2006_v2_ch1,derived
1932,fossil_mass_high,coal,2.094504591124987,Gt,gcb2025v15+ipcc2006_v2_ch1,derived
1933,fossil_mass_high,coal,2.1911906898727866,Gt,gcb2025v15+ipcc2006_v2_ch1,derived
1934,fossil_mass_high,coal,2.391860793171023,Gt,gcb2025v15+ipcc2006_v2_ch1,derived
1935,fossil_mass_high,coal,2.489760423655628,Gt,gcb2025v15+ipcc2006_v2_ch1,derived
1936,fossil_mass_high,coal,2.7300300511508944,Gt,gcb2025v15+ipcc2006_v2_ch1,derived
1937,fossil_mass_high,coal,2.87806158036337,Gt,gcb2025v15+ipcc2006_v2_ch1,derived
1938,fossil_mass_high,coal,2.6825869075298097,Gt,gcb2025v15+ipcc2006_v2_ch1,derived
1939,fossil_mass_high,coal,2.8529753205234663,Gt,gcb2025v15+ipcc2006_v2_ch1,derived
1940,fossil_mass_high,coal,3.151678349719334,Gt,gcb2025v15+ipcc2006_v2_ch1,derived
1941,fossil_mass_high,coal,3.2267935405387442,Gt,gcb2025v15+ipcc2006_v2_ch1,derived
1942,fossil_mass_high,coal,3.2472150953266676,Gt,gcb2025v15+ipcc2006_v2_ch1,derived
1943,fossil_mass_high,coal,3.2606088044308628,Gt,gcb2025v15+ipcc2006_v2_ch1,derived
1944,fossil_mass_high,coal,3.212797041385724,Gt,gcb2025v15+ipcc2006_v2_ch1,derived
1945,fossil_mass_high,coal,2.4910119972099505,Gt,gcb2025v15+ipcc2006_v2_ch1,derived
1946,fossil_mass_high,coal,2.6870915293785496,Gt,gcb2025v15+ipcc2006_v2_ch1,derived
1947,fossil_mass_high,coal,3.008564184408941,Gt,gcb2025v15+ipcc2006_v2_ch1,derived
1948,fossil_mass_high,coal,3.1061936343707437,Gt,gcb2025v15+ipcc2006_v2_ch1,derived
1949,fossil_mass_high,coal,2.945555875709967,Gt,gcb2025v15+ipcc2006_v2_ch1,derived
1950,fossil_mass_high,coal,3.2218044823462972,Gt,gcb2025v15+ipcc2006_v2_ch1,derived
1951,fossil_mass_high,coal,3.391359143222506,Gt,gcb2025v15+ipcc2006_v2_ch1,derived
1952,fossil_mass_high,coal,3.346444100209253,Gt,gcb2025v15+ipcc2006_v2_ch1,derived
1953,fossil_mass_high,coal,3.372223098448865,Gt,gcb2025v15+ipcc2006_v2_ch1,derived
1954,fossil_mass_high,coal,3.3660575704985543,Gt,gcb2025v15+ipcc2006_v2_ch1,derived
1955,fossil_mass_high,coal,3.642078761583684,Gt,gcb2025v15+ipcc2006_v2_ch1,derived
1956,fossil_mass_high,coal,3.8265990168399373,Gt,gcb2025v15+ipcc2006_v2_ch1,derived
1957,fossil_mass_high,coal,3.8957572906633,Gt,gcb2025v15+ipcc2006_v2_ch1,derived
1958,fossil_mass_high,coal,3.9537801092769116,Gt,gcb2025v15+ipcc2006_v2_ch1,derived
1959,fossil_mass_high,coal,4.113604878433586,Gt,gcb2025v15+ipcc2006_v2_ch1,derived
1960,fossil_mass_high,coal,4.283325048991928,Gt,gcb2025v15+ipcc2006_v2_ch1,derived
1961,fossil_mass_high,coal,4.105512222240675,Gt,gcb2025v15+ipcc2006_v2_ch1,derived
1962,fossil_mass_high,coal,4.092559266947886,Gt,gcb2025v15+ipcc2006_v2_ch1,derived
1963,fossil_mass_high,coal,4.241481136446673,Gt,gcb2025v15+ipcc2006_v2_ch1,derived
1964,fossil_mass_high,coal,4.328905793503171,Gt,gcb2025v15+ipcc2006_v2_ch1,derived
1965,fossil_mass_high,coal,4.391909251170823,Gt,gcb2025v15+ipcc2006_v2_ch1,derived
1966,fossil_mass_high,coal,4.442469879928255,Gt,gcb2025v15+ipcc2006_v2_ch1,derived
1967,fossil_mass_high,coal,4.3693061538844775,Gt,gcb2025v15+ipcc2006_v2_ch1,derived
1968,fossil_mass_high,coal,4.417293773042813,Gt,gcb2025v15+ipcc2006_v2_ch1,derived
1969,fossil_mass_high,coal,4.582217916929617,Gt,gcb2025v15+ipcc2006_v2_ch1,derived
1970,fossil_mass_high,coal,4.732170584083435,Gt,gcb2025v15+ipcc2006_v2_ch1,derived
1971,fossil_mass_high,coal,4.733164334706213,Gt,gcb2025v15+ipcc2006_v2_ch1,derived
1972,fossil_mass_high,coal,4.725880884844055,Gt,gcb2025v15+ipcc2006_v2_ch1,derived
1973,fossil_mass_high,coal,4.866723984455441,Gt,gcb2025v15+ipcc2006_v2_ch1,derived
1974,fossil_mass_high,coal,4.864062612515362,Gt,gcb2025v15+ipcc2006_v2_ch1,derived
1975,fossil_mass_high,coal,4.99743842544923,Gt,gcb2025v15+ipcc2006_v2_ch1,derived
1976,fossil_mass_high,coal,5.17017611601953,Gt,gcb2025v15+ipcc2006_v2_ch1,derived
1977,fossil_mass_high,coal,5.2936389593782165,Gt,gcb2025v15+ipcc2006_v2_ch1,derived
1978,fossil_mass_high,coal,5.4058258353539035,Gt,gcb2025v15+ipcc2006_v2_ch1,derived
1979,fossil_mass_high,coal,5.6464291834124944,Gt,gcb2025v15+ipcc2006_v2_ch1,derived
1980,fossil_mass_high,coal,5.80013754276414,Gt,gcb2025v15+ipcc2006_v2_ch1,derived
1981,fossil_mass_high,coal,5.765222033082006,Gt,gcb2025v15+ipcc2006_v2_ch1,derived
1982,fossil_mass_high,coal,5.868233791975287,Gt,gcb2025v15+ipcc2006_v2_ch1,derived
1983,fossil_mass_high,coal,6.0361704030624095,Gt,gcb2025v15+ipcc2006_v2_ch1,derived
1984,fossil_mass_high,coal,6.299295386454975,Gt,gcb2025v15+ipcc2006_v2_ch1,derived
1985,fossil_mass_high,coal,6.763231200385291,Gt,gcb2025v15+ipcc2006_v2_ch1,derived
1986,fossil_mass_high,coal,6.860087284518549,Gt,gcb2025v15+ipcc2006_v2_ch1,derived
1987,fossil_mass_high,coal,7.099038080014614,Gt,gcb2025v15+ipcc2006_v2_ch1,derived
1988,fossil_mass_high,coal,7.337520154781279,Gt,gcb2025v15+ipcc2006_v2_ch1,derived
1989,fossil_mass_high,coal,7.330352883880824,Gt,gcb2025v15+ipcc2006_v2_ch1,derived
1990,fossil_mass_high,coal,7.190842134719499,Gt,gcb2025v15+ipcc2006_v2_ch1,derived
1991,fossil_mass_high,coal,7.119681535025076,Gt,gcb2025v15+ipcc2006_v2_ch1,derived
1992,fossil_mass_high,coal,6.942882049025143,Gt,gcb2025v15+ipcc2006_v2_ch1,derived
1993,fossil_mass_high,coal,7.033271778157903,Gt,gcb2025v15+ipcc2006_v2_ch1,derived
1994,fossil_mass_high,coal,7.069574036768857,Gt,gcb2025v15+ipcc2006_v2_ch1,derived
1995,fossil_mass_high,coal,7.272761474906166,Gt,gcb2025v15+ipcc2006_v2_ch1,derived
1996,fossil_mass_high,coal,7.454216241239578,Gt,gcb2025v15+ipcc2006_v2_ch1,derived
1997,fossil_mass_high,coal,7.412977266084298,Gt,gcb2025v15+ipcc2006_v2_ch1,derived
1998,fossil_mass_high,coal,7.21510035789019,Gt,gcb2025v15+ipcc2006_v2_ch1,derived
1999,fossil_mass_high,coal,7.314821003421129,Gt,gcb2025v15+ipcc2006_v2_ch1,derived
2000,fossil_mass_high,coal,7.603412551067857,Gt,gcb2025v15+ipcc2006_v2_ch1,derived
2001,fossil_mass_high,coal,7.646418338758426,Gt,gcb2025v15+ipcc2006_v2_ch1,derived
2002,fossil_mass_high,coal,7.996629649251003,Gt,gcb2025v15+ipcc2006_v2_ch1,derived
2003,fossil_mass_high,coal,8.69113985368851,Gt,gcb2025v15+ipcc2006_v2_ch1,derived
2004,fossil_mass_high,coal,8.979134059354966,Gt,gcb2025v15+ipcc2006_v2_ch1,derived
2005,fossil_mass_high,coal,9.548028897764638,Gt,gcb2025v15+ipcc2006_v2_ch1,derived
2006,fossil_mass_high,coal,10.077588320822398,Gt,gcb2025v15+ipcc2006_v2_ch1,derived
2007,fossil_mass_high,coal,10.566024060849635,Gt,gcb2025v15+ipcc2006_v2_ch1,derived
2008,fossil_mass_high,coal,10.919112629122793,Gt,gcb2025v15+ipcc2006_v2_ch1,derived
2009,fossil_mass_high,coal,10.79746596057395,Gt,gcb2025v15+ipcc2006_v2_ch1,derived
2010,fossil_mass_high,coal,11.557298428106419,Gt,gcb2025v15+ipcc2006_v2_ch1,derived
2011,fossil_mass_high,coal,12.20996982927558,Gt,gcb2025v15+ipcc2006_v2_ch1,derived
2012,fossil_mass_high,coal,12.345801586009895,Gt,gcb2025v15+ipcc2006_v2_ch1,derived
2013,fossil_mass_high,coal,12.41667481316637,Gt,gcb2025v15+ipcc2006_v2_ch1,derived
2014,fossil_mass_high,coal,12.467934203839636,Gt,gcb2025v15+ipcc2006_v2_ch1,derived
2015,fossil_mass_high,coal,12.169110389610386,Gt,gcb2025v15+ipcc2006_v2_ch1,derived
2016,fossil_mass_high,coal,11.89340437107649,Gt,gcb2025v15+ipcc2006_v2_ch1,derived
2017,fossil_mass_high,coal,12.035546486697443,Gt,gcb2025v15+ipcc2006_v2_ch1,derived
2018,fossil_mass_high,coal,12.258523341747763,Gt,gcb2025v15+ipcc2006_v2_ch1,derived
2019,fossil_mass_high,coal,12.208919434018666,Gt,gcb2025v15+ipcc2006_v2_ch1,derived
2020,fossil_mass_high,coal,11.846943021556447,Gt,gcb2025v15+ipcc2006_v2_ch1,derived
2021,fossil_mass_high,coal,12.43004067741721,Gt,gcb2025v15+ipcc2006_v2_ch1,derived
2022,fossil_mass_high,coal,12.828558966353338,Gt,gcb2025v15+ipcc2006_v2_ch1,derived
2023,fossil_mass_high,coal,12.9840015096157,Gt,gcb2025v15+ipcc2006_v2_ch1,derived
2024,fossil_mass_high,coal,13.124235353904405,Gt,gcb2025v15+ipcc2006_v2_ch1,derived
1882,fossil_mass_high,gas,6.32985257985258e-05,Gt,gcb2025v15+ipcc2006_v2_ch1,derived
1883,fossil_mass_high,gas,0.00014628800675675673,Gt,gcb2025v15+ipcc2006_v2_ch1,derived
1884,fossil_mass_high,gas,0.00045012285012285006,Gt,gcb2025v15+ipcc2006_v2_ch1,derived
1885,fossil_mass_high,gas,0.0014263267813267812,Gt,gcb2025v15+ipcc2006_v2_ch1,derived
1886,fossil_mass_high,gas,0.002946898034398034,Gt,gcb2025v15+ipcc2006_v2_ch1,derived
1887,fossil_mass_high,gas,0.004525141277641278,Gt,gcb2025v15+ipcc2006_v2_ch1,derived
1888,fossil_mass_high,gas,0.006439570024570025,Gt,gcb2025v15+ipcc2006_v2_ch1,derived
1889,fossil_mass_high,gas,0.004693937346437346,Gt,gcb2025v15+ipcc2006_v2_ch1,derived
1890,fossil_mass_high,gas,0.004487121084152334,Gt,gcb2025v15+ipcc2006_v2_ch1,derived
1891,fossil_mass_high,gas,0.003435,Gt,gcb2025v15+ipcc2006_v2_ch1,derived
1892,fossil_mass_high,gas,0.0029848771498771497,Gt,gcb2025v15+ipcc2006_v2_ch1,derived
1893,fossil_mass_high,gas,0.0027977948402948404,Gt,gcb2025v15+ipcc2006_v2_ch1,derived
1894,fossil_mass_high,gas,0.0025713490479115477,Gt,gcb2025v15+ipcc2006_v2_ch1,derived
1895,fossil_mass_high,gas,0.0027035296375921376,Gt,gcb2025v15+ipcc2006_v2_ch1,derived
1896,fossil_mass_high,gas,0.0026289788083538085,Gt,gcb2025v15+ipcc2006_v2_ch1,derived
1897,fossil_mass_high,gas,0.002797774493243243,Gt,gcb2025v15+ipcc2006_v2_ch1,derived
1898,fossil_mass_high,gas,0.003247917690417691,Gt,gcb2025v15+ipcc2006_v2_ch1,derived
1899,fossil_mass_high,gas,0.004186142506142506,Gt,gcb2025v15+ipcc2006_v2_ch1,derived
1900,fossil_mass_high,gas,0.004430896805896806,Gt,gcb2025v15+ipcc2006_v2_ch1,derived
1901,fossil_mass_high,gas,0.004937285012285012,Gt,gcb2025v15+ipcc2006_v2_ch1,derived
1902,fossil_mass_high,gas,0.005257997542997543,Gt,gcb2025v15+ipcc2006_v2_ch1,derived
1903,fossil_mass_high,gas,0.005577303439803441,Gt,gcb2025v15+ipcc2006_v2_ch1,derived
1904,fossil_mass_high,gas,0.005822033937346437,Gt,gcb2025v15+ipcc2006_v2_ch1,derived
1905,fossil_mass_high,gas,0.006591486486486486,Gt,gcb2025v15+ipcc2006_v2_ch1,derived
1906,fossil_mass_high,gas,0.007304649877149878,Gt,gcb2025v15+ipcc2006_v2_ch1,derived
1907,fossil_mass_high,gas,0.007630965525184275,Gt,gcb2025v15+ipcc2006_v2_ch1,derived
1908,fossil_mass_high,gas,0.007553624078624079,Gt,gcb2025v15+ipcc2006_v2_ch1,derived
1909,fossil_mass_high,gas,0.009030588912776413,Gt,gcb2025v15+ipcc2006_v2_ch1,derived
1910,fossil_mass_high,gas,0.009565110565110566,Gt,gcb2025v15+ipcc2006_v2_ch1,derived
1911,fossil_mass_high,gas,0.009873177595208844,Gt,gcb2025v15+ipcc2006_v2_ch1,derived
1912,fossil_mass_high,gas,0.01087046683046683,Gt,gcb2025v15+ipcc2006_v2_ch1,derived
1913,fossil_mass_high,gas,0.011362788697788697,Gt,gcb2025v15+ipcc2006_v2_ch1,derived
1914,fossil_mass_high,gas,0.011569588068181817,Gt,gcb2025v15+ipcc2006_v2_ch1,derived
1915,fossil_mass_high,gas,0.012233472819410318,Gt,gcb2025v15+ipcc2006_v2_ch1,derived
1916,fossil_mass_high,gas,0.014733111947174447,Gt,gcb2025v15+ipcc2006_v2_ch1,derived
1917,fossil_mass_high,gas,0.015551721437346438,Gt,gcb2025v15+ipcc2006_v2_ch1,derived
1918,fossil_mass_high,gas,0.014019920915233415,Gt,gcb2025v15+ipcc2006_v2_ch1,derived
1919,fossil_mass_high,gas,0.01456850238022113,Gt,gcb2025v15+ipcc2006_v2_ch1,derived
1920,fossil_mass_high,gas,0.016003299293611793,Gt,gcb2025v15+ipcc2006_v2_ch1,derived
1921,fossil_mass_high,gas,0.013433799907862408,Gt,gcb2025v15+ipcc2006_v2_ch1,derived
1922,fossil_mass_high,gas,0.015397352963759214,Gt,gcb2025v15+ipcc2006_v2_ch1,derived
1923,fossil_mass_high,gas,0.020165129376535626,Gt,gcb2025v15+ipcc2006_v2_ch1,derived
1924,fossil_mass_high,gas,0.02292270654176904,Gt,gcb2025v15+ipcc2006_v2_ch1,derived
1925,fossil_mass_high,gas,0.024540362791769042,Gt,gcb2025v15+ipcc2006_v2_ch1,derived
1926,fossil_mass_high,gas,0.02654522381756757,Gt,gcb2025v15+ipcc2006_v2_ch1,derived
1927,fossil_mass_high,gas,0.02918362215909091,Gt,gcb2025v15+ipcc2006_v2_ch1,derived
1928,fossil_mass_high,gas,0.03171968442874693,Gt,gcb2025v15+ipcc2006_v2_ch1,derived
1929,fossil_mass_high,gas,0.03950197711916462,Gt,gcb2025v15+ipcc2006_v2_ch1,derived
1930,fossil_mass_high,gas,0.04001256833538083,Gt,gcb2025v15+ipcc2006_v2_ch1,derived
1931,fossil_mass_high,gas,0.03566051597051598,Gt,gcb2025v15+ipcc2006_v2_ch1,derived
1932,fossil_mass_high,gas,0.033868187960687954,Gt,gcb2025v15+ipcc2006_v2_ch1,derived
1933,fossil_mass_high,gas,0.034904241016584764,Gt,gcb2025v15+ipcc2006_v2_ch1,derived
1934,fossil_mass_high,gas,0.03913996813574939,Gt,gcb2025v15+ipcc2006_v2_ch1,derived
1935,fossil_mass_high,gas,0.042757368320024566,Gt,gcb2025v15+ipcc2006_v2_ch1,derived
1936,fossil_mass_high,gas,0.04819251957923833,Gt,gcb2025v15+ipcc2006_v2_ch1,derived
1937,fossil_mass_high,gas,0.05396872811732187,Gt,gcb2025v15+ipcc2006_v2_ch1,derived
1938,fossil_mass_high,gas,0.05201806511056511,Gt,gcb2025v15+ipcc2006_v2_ch1,derived
1939,fossil_mass_high,gas,0.054258056280712536,Gt,gcb2025v15+ipcc2006_v2_ch1,derived
1940,fossil_mass_high,gas,0.05893725007678133,Gt,gcb2025v15+ipcc2006_v2_ch1,derived
1941,fossil_mass_high,gas,0.05891554783476659,Gt,gcb2025v15+ipcc2006_v2_ch1,derived
1942,fossil_mass_high,gas,0.06374729077088452,Gt,gcb2025v15+ipcc2006_v2_ch1,derived
1943,fossil_mass_high,gas,0.07021648303132677,Gt,gcb2025v15+ipcc2006_v2_ch1,derived
1944,fossil_mass_high,gas,0.07586026796683047,Gt,gcb2025v15+ipcc2006_v2_ch1,derived
1945,fossil_mass_high,gas,0.08319269502457002,Gt,gcb2025v15+ipcc2006_v2_ch1,derived
1946,fossil_mass_high,gas,0.08593265433046683,Gt,gcb2025v15+ipcc2006_v2_ch1,derived
1947,fossil_mass_high,gas,0.09516760519041768,Gt,gcb2025v15+ipcc2006_v2_ch1,derived
1948,fossil_mass_high,gas,0.10754270807739559,Gt,gcb2025v15+ipcc2006_v2_ch1,derived
1949,fossil_mass_high,gas,0.11534849546990172,Gt,gcb2025v15+ipcc2006_v2_ch1,derived
1950,fossil_mass_high,gas,0.13557893811425065,Gt,gcb2025v15+ipcc2006_v2_ch1,derived
1951,fossil_mass_high,gas,0.15977670377764128,Gt,gcb2025v15+ipcc2006_v2_ch1,derived
1952,fossil_mass_high,gas,0.17163926443488944,Gt,gcb2025v15+ipcc2006_v2_ch1,derived
1953,fossil_mass_high,gas,0.1821753228654791,Gt,gcb2025v15+ipcc2006_v2_ch1,derived
1954,fossil_mass_high,gas,0.19247389665233414,Gt,gcb2025v15+ipcc2006_v2_ch1,derived
1955,fossil_mass_high,gas,0.2100898786855037,Gt,gcb2025v15+ipcc2006_v2_ch1,derived
1956,fossil_mass_high,gas,0.22544609528562654,Gt,gcb2025v15+ipcc2006_v2_ch1,derived
1957,fossil_mass_high,gas,0.24826748157248157,Gt,gcb2025v15+ipcc2006_v2_ch1,derived
1958,fossil_mass_high,gas,0.2709816911087224,Gt,gcb2025v15+ipcc2006_v2_ch1,derived
1959,fossil_mass_high,gas,0.2911010365479116,Gt,gcb2025v15+ipcc2006_v2_ch1,derived
1960,fossil_mass_high,gas,0.32041532747235874,Gt,gcb2025v15+ipcc2006_v2_ch1,derived
1961,fossil_mass_high,gas,0.3386538743857494,Gt,gcb2025v15+ipcc2006_v2_ch1,derived
1962,fossil_mass_high,gas,0.37155246429668304,Gt,gcb2025v15+ipcc2006_v2_ch1,derived
1963,fossil_mass_high,gas,0.4019310584305897,Gt,gcb2025v15+ipcc2006_v2_ch1,derived
1964,fossil_mass_high,gas,0.44264118511977885,Gt,gcb2025v15+ipcc2006_v2_ch1,derived
1965,fossil_mass_high,gas,0.4724610734029484,Gt,gcb2025v15+ipcc2006_v2_ch1,derived
1966,fossil_mass_high,gas,0.5144271894195331,Gt,gcb2025v15+ipcc2006_v2_ch1,derived
1967,fossil_mass_high,gas,0.5501761114097052,Gt,gcb2025v15+ipcc2006_v2_ch1,derived
1968,fossil_mass_high,gas,0.5987986855036855,Gt,gcb2025v15+ipcc2006_v2_ch1,derived
1969,fossil_mass_high,gas,0.655988925061425,Gt,gcb2025v15+ipcc2006_v2_ch1,derived
1970,fossil_mass_high,gas,0.6875522512285012,Gt,gcb2025v15+ipcc2006_v2_ch1,derived
1971,fossil_mass_high,gas,0.7423173460534398,Gt,gcb2025v15+ipcc2006_v2_ch1,derived
1972,fossil_mass_high,gas,0.7879103412929975,Gt,gcb2025v15+ipcc2006_v2_ch1,derived
1973,fossil_mass_high,gas,0.8456397999846437,Gt,gcb2025v15+ipcc2006_v2_ch1,derived
1974,fossil_mass_high,gas,0.8663008480497544,Gt,gcb2025v15+ipcc2006_v2_ch1,derived
1975,fossil_mass_high,gas,0.860437043918919,Gt,gcb2025v15+ipcc2006_v2_ch1,derived
1976,fossil_mass_high,gas,0.9056393350737101,Gt,gcb2025v15+ipcc2006_v2_ch1,derived
1977,fossil_mass_high,gas,0.925875499078624,Gt,gcb2025v15+ipcc2006_v2_ch1,derived
1978,fossil_mass_high,gas,0.9757898130374694,Gt,gcb2025v15+ipcc2006_v2_ch1,derived
1979,fossil_mass_high,gas,1.0242878117321865,Gt,gcb2025v15+ipcc2006_v2_ch1,derived
1980,fossil_mass_high,gas,1.052485474892506,Gt,gcb2025v15+ipcc2006_v2_ch1,derived
1981,fossil_mass_high,gas,1.0608772258906634,Gt,gcb2025v15+ipcc2006_v2_ch1,derived
1982,fossil_mass_high,gas,1.0371231630067568,Gt,gcb2025v15+ipcc2006_v2_ch1,derived
1983,fossil_mass_high,gas,1.0531018124232188,Gt,gcb2025v15+ipcc2006_v2_ch1,derived
1984,fossil_mass_high,gas,1.1409808703163389,Gt,gcb2025v15+ipcc2006_v2_ch1,derived
1985,fossil_mass_high,gas,1.186156391661548,Gt,gcb2025v15+ipcc2006_v2_ch1,derived
1986,fossil_mass_high,gas,1.15732738482801,Gt,gcb2025v15+ipcc2006_v2_ch1,derived
1987,fossil_mass_high,gas,1.2598153601044226,Gt,gcb2025v15+ipcc2006_v2_ch1,derived
1988,fossil_mass_high,gas,1.3190947412469287,Gt,gcb2025v15+ipcc2006_v2_ch1,derived
1989,fossil_mass_high,gas,1.3839674746621622,Gt,gcb2025v15+ipcc2006_v2_ch1,derived
1990,fossil_mass_high,gas,1.455075955543612,Gt,gcb2025v15+ipcc2006_v2_ch1,derived
1991,fossil_mass_high,gas,1.4786242206695333,Gt,gcb2025v15+ipcc2006_v2_ch1,derived
1992,fossil_mass_high,gas,1.4977603363022112,Gt,gcb2025v15+ipcc2006_v2_ch1,derived
1993,fossil_mass_high,gas,1.538622589066339,Gt,gcb2025v15+ipcc2006_v2_ch1,derived
1994,fossil_mass_high,gas,1.55104957117629,Gt,gcb2025v15+ipcc2006_v2_ch1,derived
1995,fossil_mass_high,gas,1.6111976382063884,Gt,gcb2025v15+ipcc2006_v2_ch1,derived
1996,fossil_mass_high,gas,1.6821248614097053,Gt,gcb2025v15+ipcc2006_v2_ch1,derived
1997,fossil_mass_high,gas,1.6872918293151105,Gt,gcb2025v15+ipcc2006_v2_ch1,derived
1998,fossil_mass_high,gas,1.7058908945024571,Gt,gcb2025v15+ipcc2006_v2_ch1,derived
1999,fossil_mass_high,gas,1.7606595650337837,Gt,gcb2025v15+ipcc2006_v2_ch1,derived
2000,fossil_mass_high,gas,1.8150425245700246,Gt,gcb2025v15+ipcc2006_v2_ch1,derived
2001,fossil_mass_high,gas,1.8318929910165849,Gt,gcb2025v15+ipcc2006_v2_ch1,derived
2002,fossil_mass_high,gas,1.8863835177364865,Gt,gcb2025v15+ipcc2006_v2_ch1,derived
2003,fossil_mass_high,gas,1.9564633645577396,Gt,gcb2025v15+ipcc2006_v2_ch1,derived
2004,fossil_mass_high,gas,2.0184546717598284,Gt,gcb2025v15+ipcc2006_v2_ch1,derived
2005,fossil_mass_high,gas,2.0639929430282553,Gt,gcb2025v15+ipcc2006_v2_ch1,derived
2006,fossil_mass_high,gas,2.123389835304054,Gt,gcb2025v15+ipcc2006_v2_ch1,derived
2007,fossil_mass_high,gas,2.2023329722051597,Gt,gcb2025v15+ipcc2006_v2_ch1,derived
2008,fossil_mass_high,gas,2.267160805052211,Gt,gcb2025v15+ipcc2006_v2_ch1,derived
2009,fossil_mass_high,gas,2.2134843761517193,Gt,gcb2025v15+ipcc2006_v2_ch1,derived
2010,fossil_mass_high,gas,2.382440001535626,Gt,gcb2025v15+ipcc2006_v2_ch1,derived
2011,fossil_mass_high,gas,2.4529062787929976,Gt,gcb2025v15+ipcc2006_v2_ch1,derived
2012,fossil_mass_high,gas,2.504277861640049,Gt,gcb2025v15+ipcc2006_v2_ch1,derived
2013,fossil_mass_high,gas,2.523462660089066,Gt,gcb2025v15+ipcc2006_v2_ch1,derived
2014,fossil_mass_high,gas,2.5356938874385753,Gt,gcb2025v15+ipcc2006_v2_ch1,derived
2015,fossil_mass_high,gas,2.5833036801289926,Gt,gcb2025v15+ipcc2006_v2_ch1,derived
2016,fossil_mass_high,gas,2.654656801289926,Gt,gcb2025v15+ipcc2006_v2_ch1,derived
2017,fossil_mass_high,gas,2.719830686808968,Gt,gcb2025v15+ipcc2006_v2_ch1,derived
2018,fossil_mass_high,gas,2.848361834689803,Gt,gcb2025v15+ipcc2006_v2_ch1,derived
2019,fossil_mass_high,gas,2.9077303090448403,Gt,gcb2025v15+ipcc2006_v2_ch1,derived
2020,fossil_mass_high,gas,2.8872925330159704,Gt,gcb2025v15+ipcc2006_v2_ch1,derived
2021,fossil_mass_high,gas,3.024684508599509,Gt,gcb2025v15+ipcc2006_v2_ch1,derived
2022,fossil_mass_high,gas,2.9786338440571254,Gt,gcb2025v15+ipcc2006_v2_ch1,derived
2023,fossil_mass_high,gas,2.9955640778562653,Gt,gcb2025v15+ipcc2006_v2_ch1,derived
2024,fossil_mass_high,gas,3.0750259851044226,Gt,gcb2025v15+ipcc2006_v2_ch1,derived
1855,fossil_mass_high,oil,1.291884586002233e-05,Gt,gcb2025v15+ipcc2006_v2_ch1,derived
1856,fossil_mass_high,oil,1.4210730446024565e-05,Gt,gcb2025v15+ipcc2006_v2_ch1,derived
1857,fossil_mass_high,oil,1.8086384204031263e-05,Gt,gcb2025v15+ipcc2006_v2_ch1,derived
1858,fossil_mass_high,oil,2.1962037962037963e-05,Gt,gcb2025v15+ipcc2006_v2_ch1,derived
1859,fossil_mass_high,oil,1.937650584709408e-05,Gt,gcb2025v15+ipcc2006_v2_ch1,derived
1860,fossil_mass_high,oil,9.640688723041664e-05,Gt,gcb2025v15+ipcc2006_v2_ch1,derived
1861,fossil_mass_high,oil,0.0003317784568372804,Gt,gcb2025v15+ipcc2006_v2_ch1,derived
1862,fossil_mass_high,oil,0.0004931378033730975,Gt,gcb2025v15+ipcc2006_v2_ch1,derived
1863,fossil_mass_high,oil,0.0004559171416818475,Gt,gcb2025v15+ipcc2006_v2_ch1,derived
1864,fossil_mass_high,oil,0.0003913387788681906,Gt,gcb2025v15+ipcc2006_v2_ch1,derived
1865,fossil_mass_high,oil,0.00046531539049186107,Gt,gcb2025v15+ipcc2006_v2_ch1,derived
1866,fossil_mass_high,oil,0.000688172533349004,Gt,gcb2025v15+ipcc2006_v2_ch1,derived
1867,fossil_mass_high,oil,0.0006998072515719575,Gt,gcb2025v15+ipcc2006_v2_ch1,derived
1868,fossil_mass_high,oil,0.0008068943997179291,Gt,gcb2025v15+ipcc2006_v2_ch1,derived
1869,fossil_mass_high,oil,0.0009216609273079861,Gt,gcb2025v15+ipcc2006_v2_ch1,derived
1870,fossil_mass_high,oil,0.0011045785978727157,Gt,gcb2025v15+ipcc2006_v2_ch1,derived
1871,fossil_mass_high,oil,0.0011571083034612446,Gt,gcb2025v15+ipcc2006_v2_ch1,derived
1872,fossil_mass_high,oil,0.0013038316977140507,Gt,gcb2025v15+ipcc2006_v2_ch1,derived
1873,fossil_mass_high,oil,0.001998779925956396,Gt,gcb2025v15+ipcc2006_v2_ch1,derived
1874,fossil_mass_high,oil,0.0022009038020802726,Gt,gcb2025v15+ipcc2006_v2_ch1,derived
1875,fossil_mass_high,oil,0.0020569856026326615,Gt,gcb2025v15+ipcc2006_v2_ch1,derived
1876,fossil_mass_high,oil,0.002303850502438738,Gt,gcb2025v15+ipcc2006_v2_ch1,derived
1877,fossil_mass_high,oil,0.0031104578950461306,Gt,gcb2025v15+ipcc2006_v2_ch1,derived
1878,fossil_mass_high,oil,0.0035391752952929423,Gt,gcb2025v15+ipcc2006_v2_ch1,derived
1879,fossil_mass_high,oil,0.004462551566080978,Gt,gcb2025v15+ipcc2006_v2_ch1,derived
1880,fossil_mass_high,oil,0.005415919727331492,Gt,gcb2025v15+ipcc2006_v2_ch1,derived
1881,fossil_mass_high,oil,0.0060781738261738265,Gt,gcb2025v15+ipcc2006_v2_ch1,derived
1882,fossil_mass_high,oil,0.006676477169888935,Gt,gcb2025v15+ipcc2006_v2_ch1,derived
1883,fossil_mass_high,oil,0.00581683587001234,Gt,gcb2025v15+ipcc2006_v2_ch1,derived
1884,fossil_mass_high,oil,0.006459030146324264,Gt,gcb2025v15+ipcc2006_v2_ch1,derived
1885,fossil_mass_high,oil,0.006683635070811541,Gt,gcb2025v15+ipcc2006_v2_ch1,derived
1886,fossil_mass_high,oil,0.0076937132279485225,Gt,gcb2025v15+ipcc2006_v2_ch1,derived
1887,fossil_mass_high,oil,0.008278543456543457,Gt,gcb2025v15+ipcc2006_v2_ch1,derived
1888,fossil_mass_high,oil,0.008666082388200035,Gt,gcb2025v15+ipcc2006_v2_ch1,derived
1889,fossil_mass_high,oil,0.01001497913850855,Gt,gcb2025v15+ipcc2006_v2_ch1,derived
1890,fossil_mass_high,oil,0.01221649961802903,Gt,gcb2025v15+ipcc2006_v2_ch1,derived
1891,fossil_mass_high,oil,0.014395914556032204,Gt,gcb2025v15+ipcc2006_v2_ch1,derived
1892,fossil_mass_high,oil,0.014175450784509607,Gt,gcb2025v15+ipcc2006_v2_ch1,derived
1893,fossil_mass_high,oil,0.015000489745548568,Gt,gcb2025v15+ipcc2006_v2_ch1,derived
1894,fossil_mass_high,oil,0.014701972027972028,Gt,gcb2025v15+ipcc2006_v2_ch1,derived
1895,fossil_mass_high,oil,0.017113401892225422,Gt,gcb2025v15+ipcc2006_v2_ch1,derived
1896,fossil_mass_high,oil,0.018534973144502555,Gt,gcb2025v15+ipcc2006_v2_ch1,derived
1897,fossil_mass_high,oil,0.019578224246341893,Gt,gcb2025v15+ipcc2006_v2_ch1,derived
1898,fossil_mass_high,oil,0.02015697232179585,Gt,gcb2025v15+ipcc2006_v2_ch1,derived
1899,fossil_mass_high,oil,0.021164427219838983,Gt,gcb2025v15+ipcc2006_v2_ch1,derived
1900,fossil_mass_high,oil,0.023730281718281718,Gt,gcb2025v15+ipcc2006_v2_ch1,derived
1901,fossil_mass_high,oil,0.026354497032379385,Gt,gcb2025v15+ipcc2006_v2_ch1,derived
1902,fossil_mass_high,oil,0.028490298525004405,Gt,gcb2025v15+ipcc2006_v2_ch1,derived
1903,fossil_mass_high,oil,0.030167611799964737,Gt,gcb2025v15+ipcc2006_v2_ch1,derived
1904,fossil_mass_high,oil,0.0338742539813128,Gt,gcb2025v15+ipcc2006_v2_ch1,derived
1905,fossil_mass_high,oil,0.034204622788975736,Gt,gcb2025v15+ipcc2006_v2_ch1,derived
1906,fossil_mass_high,oil,0.03451057131104189,Gt,gcb2025v15+ipcc2006_v2_ch1,derived
1907,fossil_mass_high,oil,0.042102465769524595,Gt,gcb2025v15+ipcc2006_v2_ch1,derived
1908,fossil_mass_high,oil,0.04540601915731328,Gt,gcb2025v15+ipcc2006_v2_ch1,derived
1909,fossil_mass_high,oil,0.04737307034142328,Gt,gcb2025v15+ipcc2006_v2_ch1,derived
1910,fossil_mass_high,oil,0.0508057275665511,Gt,gcb2025v15+ipcc2006_v2_ch1,derived
1911,fossil_mass_high,oil,0.05388066462948816,Gt,gcb2025v15+ipcc2006_v2_ch1,derived
1912,fossil_mass_high,oil,0.05541315672562731,Gt,gcb2025v15+ipcc2006_v2_ch1,derived
1913,fossil_mass_high,oil,0.0641560445436916,Gt,gcb2025v15+ipcc2006_v2_ch1,derived
1914,fossil_mass_high,oil,0.06558265252394664,Gt,gcb2025v15+ipcc2006_v2_ch1,derived
1915,fossil_mass_high,oil,0.06965848845272374,Gt,gcb2025v15+ipcc2006_v2_ch1,derived
1916,fossil_mass_high,oil,0.07587539531057177,Gt,gcb2025v15+ipcc2006_v2_ch1,derived
1917,fossil_mass_high,oil,0.0843973765058471,Gt,gcb2025v15+ipcc2006_v2_ch1,derived
1918,fossil_mass_high,oil,0.08639221590174531,Gt,gcb2025v15+ipcc2006_v2_ch1,derived
1919,fossil_mass_high,oil,0.09640149086207908,Gt,gcb2025v15+ipcc2006_v2_ch1,derived
1920,fossil_mass_high,oil,0.12729820121055413,Gt,gcb2025v15+ipcc2006_v2_ch1,derived
1921,fossil_mass_high,oil,0.14007293706293705,Gt,gcb2025v15+ipcc2006_v2_ch1,derived
1922,fossil_mass_high,oil,0.1545422471646001,Gt,gcb2025v15+ipcc2006_v2_ch1,derived
1923,fossil_mass_high,oil,0.17119388388082504,Gt,gcb2025v15+ipcc2006_v2_ch1,derived
1924,fossil_mass_high,oil,0.17071820203326082,Gt,gcb2025v15+ipcc2006_v2_ch1,derived
1925,fossil_mass_high,oil,0.17824184979726154,Gt,gcb2025v15+ipcc2006_v2_ch1,derived
1926,fossil_mass_high,oil,0.1785755819474643,Gt,gcb2025v15+ipcc2006_v2_ch1,derived
1927,fossil_mass_high,oil,0.19538626291355704,Gt,gcb2025v15+ipcc2006_v2_ch1,derived
1928,fossil_mass_high,oil,0.2001253821472645,Gt,gcb2025v15+ipcc2006_v2_ch1,derived
1929,fossil_mass_high,oil,0.21920379232532172,Gt,gcb2025v15+ipcc2006_v2_ch1,derived
1930,fossil_mass_high,oil,0.2114770038197097,Gt,gcb2025v15+ipcc2006_v2_ch1,derived
1931,fossil_mass_high,oil,0.20468002667920313,Gt,gcb2025v15+ipcc2006_v2_ch1,derived
1932,fossil_mass_high,oil,0.19603423118058413,Gt,gcb2025v15+ipcc2006_v2_ch1,derived
1933,fossil_mass_high,oil,0.21422471363930187,Gt,gcb2025v15+ipcc2006_v2_ch1,derived
1934,fossil_mass_high,oil,0.22693859270141623,Gt,gcb2025v15+ipcc2006_v2_ch1,derived
1935,fossil_mass_high,oil,0.24397703496503495,Gt,gcb2025v15+ipcc2006_v2_ch1,derived
1936,fossil_mass_high,oil,0.2656565006757948,Gt,gcb2025v15+ipcc2006_v2_ch1,derived
1937,fossil_mass_high,oil,0.2985105603807957,Gt,gcb2025v15+ipcc2006_v2_ch1,derived
1938,fossil_mass_high,oil,0.290114467414938,Gt,gcb2025v15+ipcc2006_v2_ch1,derived
1939,fossil_mass_high,oil,0.30128690250925544,Gt,gcb2025v15+ipcc2006_v2_ch1,derived
1940,fossil_mass_high,oil,0.317675442204854,Gt,gcb2025v15+ipcc2006_v2_ch1,derived
1941,fossil_mass_high,oil,0.32167959299524007,Gt,gcb2025v15+ipcc2006_v2_ch1,derived
1942,fossil_mass_high,oil,0.30446288194158777,Gt,gcb2025v15+ipcc2006_v2_ch1,derived
1943,fossil_mass_high,oil,0.32670533501792326,Gt,gcb2025v15+ipcc2006_v2_ch1,derived
1944,fossil_mass_high,oil,0.37684179831932774,Gt,gcb2025v15+ipcc2006_v2_ch1,derived
1945,fossil_mass_high,oil,0.3687331704765823,Gt,gcb2025v15+ipcc2006_v2_ch1,derived
1946,fossil_mass_high,oil,0.3908199676793794,Gt,gcb2025v15+ipcc2006_v2_ch1,derived
1947,fossil_mass_high,oil,0.43949075054357406,Gt,gcb2025v15+ipcc2006_v2_ch1,derived
1948,fossil_mass_high,oil,0.4832411434447905,Gt,gcb2025v15+ipcc2006_v2_ch1,derived
1949,fossil_mass_high,oil,0.4562247156373039,Gt,gcb2025v15+ipcc2006_v2_ch1,derived
1950,fossil_mass_high,oil,0.5471410041722983,Gt,gcb2025v15+ipcc2006_v2_ch1,derived
1951,fossil_mass_high,oil,0.6065143911382734,Gt,gcb2025v15+ipcc2006_v2_ch1,derived
1952,fossil_mass_high,oil,0.6413916655109596,Gt,gcb2025v15+ipcc2006_v2_ch1,derived
1953,fossil_mass_high,oil,0.6833375914673562,Gt,gcb2025v15+ipcc2006_v2_ch1,derived
1954,fossil_mass_high,oil,0.7242987678204149,Gt,gcb2025v15+ipcc2006_v2_ch1,derived
1955,fossil_mass_high,oil,0.810790826937768,Gt,gcb2025v15+ipcc2006_v2_ch1,derived
1956,fossil_mass_high,oil,0.8811306780278544,Gt,gcb2025v15+ipcc2006_v2_ch1,derived
1957,fossil_mass_high,oil,0.9209790731621319,Gt,gcb2025v15+ipcc2006_v2_ch1,derived
1958,fossil_mass_high,oil,0.9587713620497149,Gt,gcb2025v15+ipcc2006_v2_ch1,derived
1959,fossil_mass_high,oil,1.0216935651407417,Gt,gcb2025v15+ipcc2006_v2_ch1,derived
1960,fossil_mass_high,oil,1.100065702650291,Gt,gcb2025v15+ipcc2006_v2_ch1,derived
1961,fossil_mass_high,oil,1.1667498049009815,Gt,gcb2025v15+ipcc2006_v2_ch1,derived
1962,fossil_mass_high,oil,1.2546023651642475,Gt,gcb2025v15+ipcc2006_v2_ch1,derived
1963,fossil_mass_high,oil,1.341126575777164,Gt,gcb2025v15+ipcc2006_v2_ch1,derived
1964,fossil_mass_high,oil,1.447143724040665,Gt,gcb2025v15+ipcc2006_v2_ch1,derived
1965,fossil_mass_high,oil,1.5547190977258034,Gt,gcb2025v15+ipcc2006_v2_ch1,derived
1966,fossil_mass_high,oil,1.677924163248516,Gt,gcb2025v15+ipcc2006_v2_ch1,derived
1967,fossil_mass_high,oil,1.7892249854851032,Gt,gcb2025v15+ipcc2006_v2_ch1,derived
1968,fossil_mass_high,oil,1.9491795591467356,Gt,gcb2025v15+ipcc2006_v2_ch1,derived
1969,fossil_mass_high,oil,2.10793755044955,Gt,gcb2025v15+ipcc2006_v2_ch1,derived
1970,fossil_mass_high,oil,2.3972554553681613,Gt,gcb2025v15+ipcc2006_v2_ch1,derived
1971,fossil_mass_high,oil,2.5390000949638596,Gt,gcb2025v15+ipcc2006_v2_ch1,derived
1972,fossil_mass_high,oil,2.737746393488864,Gt,gcb2025v15+ipcc2006_v2_ch1,derived
1973,fossil_mass_high,oil,2.898169194217547,Gt,gcb2025v15+ipcc2006_v2_ch1,derived
1974,fossil_mass_high,oil,2.8557173128048423,Gt,gcb2025v15+ipcc2006_v2_ch1,derived
1975,fossil_mass_high,oil,2.8225146427689958,Gt,gcb2025v15+ipcc2006_v2_ch1,derived
1976,fossil_mass_high,oil,2.9884146632191335,Gt,gcb2025v15+ipcc2006_v2_ch1,derived
1977,fossil_mass_high,oil,3.0912871285185406,Gt,gcb2025v15+ipcc2006_v2_ch1,derived
1978,fossil_mass_high,oil,3.22044622706705,Gt,gcb2025v15+ipcc2006_v2_ch1,derived
1979,fossil_mass_high,oil,3.252388952811894,Gt,gcb2025v15+ipcc2006_v2_ch1,derived
1980,fossil_mass_high,oil,3.1424369077980843,Gt,gcb2025v15+ipcc2006_v2_ch1,derived
1981,fossil_mass_high,oil,2.9911513948404536,Gt,gcb2025v15+ipcc2006_v2_ch1,derived
1982,fossil_mass_high,oil,2.91811401010754,Gt,gcb2025v15+ipcc2006_v2_ch1,derived
1983,fossil_mass_high,oil,2.896406963154492,Gt,gcb2025v15+ipcc2006_v2_ch1,derived
1984,fossil_mass_high,oil,2.9048738537932652,Gt,gcb2025v15+ipcc2006_v2_ch1,derived
1985,fossil_mass_high,oil,2.9080142090850325,Gt,gcb2025v15+ipcc2006_v2_ch1,derived
1986,fossil_mass_high,oil,2.993686432743727,Gt,gcb2025v15+ipcc2006_v2_ch1,derived
1987,fossil_mass_high,oil,3.024974903567021,Gt,gcb2025v15+ipcc2006_v2_ch1,derived
1988,fossil_mass_high,oil,3.134279778221778,Gt,gcb2025v15+ipcc2006_v2_ch1,derived
1989,fossil_mass_high,oil,3.186479247575954,Gt,gcb2025v15+ipcc2006_v2_ch1,derived
1990,fossil_mass_high,oil,3.2425597621202327,Gt,gcb2025v15+ipcc2006_v2_ch1,derived
1991,fossil_mass_high,oil,3.404767304225187,Gt,gcb2025v15+ipcc2006_v2_ch1,derived
1992,fossil_mass_high,oil,3.2278268874654756,Gt,gcb2025v15+ipcc2006_v2_ch1,derived
1993,fossil_mass_high,oil,3.2340557382617385,Gt,gcb2025v15+ipcc2006_v2_ch1,derived
1994,fossil_mass_high,oil,3.2424877564788153,Gt,gcb2025v15+ipcc2006_v2_ch1,derived
1995,fossil_mass_high,oil,3.2733976381265792,Gt,gcb2025v15+ipcc2006_v2_ch1,derived
1996,fossil_mass_high,oil,3.3715003407181054,Gt,gcb2025v15+ipcc2006_v2_ch1,derived
1997,fossil_mass_high,oil,3.4208888518540284,Gt,gcb2025v15+ipcc2006_v2_ch1,derived
1998,fossil_mass_high,oil,3.4631161519656817,Gt,gcb2025v15+ipcc2006_v2_ch1,derived
1999,fossil_mass_high,oil,3.548517825938767,Gt,gcb2025v15+ipcc2006_v2_ch1,derived
2000,fossil_mass_high,oil,3.600502109067403,Gt,gcb2025v15+ipcc2006_v2_ch1,derived
2001,fossil_mass_high,oil,3.625869614385614,Gt,gcb2025v15+ipcc2006_v2_ch1,derived
2002,fossil_mass_high,oil,3.6208566198507373,Gt,gcb2025v15+ipcc2006_v2_ch1,derived
2003,fossil_mass_high,oil,3.7165831912793093,Gt,gcb2025v15+ipcc2006_v2_ch1,derived
2004,fossil_mass_high,oil,3.8518802298877595,Gt,gcb2025v15+ipcc2006_v2_ch1,derived
2005,fossil_mass_high,oil,3.8891594445554447,Gt,gcb2025v15+ipcc2006_v2_ch1,derived
2006,fossil_mass_high,oil,3.928869169771405,Gt,gcb2025v15+ipcc2006_v2_ch1,derived
2007,fossil_mass_high,oil,3.9434609409414114,Gt,gcb2025v15+ipcc2006_v2_ch1,derived
2008,fossil_mass_high,oil,3.9290144535464533,Gt,gcb2025v15+ipcc2006_v2_ch1,derived
2009,fossil_mass_high,oil,3.843073267908562,Gt,gcb2025v15+ipcc2006_v2_ch1,derived
2010,fossil_mass_high,oil,3.967924262443439,Gt,gcb2025v15+ipcc2006_v2_ch1,derived
2011,fossil_mass_high,oil,3.987829402949991,Gt,gcb2025v15+ipcc2006_v2_ch1,derived
2012,fossil_mass_high,oil,4.0310454305694305,Gt,gcb2025v15+ipcc2006_v2_ch1,derived
2013,fossil_mass_high,oil,4.060630813891991,Gt,gcb2025v15+ipcc2006_v2_ch1,derived
2014,fossil_mass_high,oil,4.07656995510372,Gt,gcb2025v15+ipcc2006_v2_ch1,derived
2015,fossil_mass_high,oil,4.149975668331669,Gt,gcb2025v15+ipcc2006_v2_ch1,derived
2016,fossil_mass_high,oil,4.195897142739613,Gt,gcb2025v15+ipcc2006_v2_ch1,derived
2017,fossil_mass_high,oil,4.2611361060116355,Gt,gcb2025v15+ipcc2006_v2_ch1,derived
2018,fossil_mass_high,oil,4.2814226839043314,Gt,gcb2025v15+ipcc2006_v2_ch1,derived
2019,fossil_mass_high,oil,4.345974493271434,Gt,gcb2025v15+ipcc2006_v2_ch1,derived
2020,fossil_mass_high,oil,3.854618831286361,Gt,gcb2025v15+ipcc2006_v2_ch1,derived
2021,fossil_mass_high,oil,4.059411081976847,Gt,gcb2025v15+ipcc2006_v2_ch1,derived
2022,fossil_mass_high,oil,4.201062063465947,Gt,gcb2025v15+ipcc2006_v2_ch1,derived
2023,fossil_mass_high,oil,4.329167813128048,Gt,gcb2025v15+ipcc2006_v2_ch1,derived
2024,fossil_mass_high,oil,4.396989663395428,Gt,gcb2025v15+ipcc2006_v2_ch1,derived
1750,fossil_mass_low,coal,0.0035468483679660947,Gt,gcb2025v15+ipcc2006_v2_ch1,derived
1751,fossil_mass_low,coal,0.003585454621682192,Gt,gcb2025v15+ipcc2006_v2_ch1,derived
1752,fossil_mass_low,coal,0.00362278291890903,Gt,gcb2025v15+ipcc2006_v2_ch1,derived
1753,fossil_mass_low,coal,0.00366292515969692,Gt,gcb2025v15+ipcc2006_v2_ch1,derived
1754,fossil_mass_low,coal,0.0037098394645770135,Gt,gcb2025v15+ipcc2006_v2_ch1,derived
1755,fossil_mass_low,coal,0.0037326650709679395,Gt,gcb2025v15+ipcc2006_v2_ch1,derived
1756,fossil_mass_low,coal,0.0037770470934398496,Gt,gcb2025v15+ipcc2006_v2_ch1,derived
1757,fossil_mass_low,coal,0.003847184913024256,Gt,gcb2025v15+ipcc2006_v2_ch1,derived
1758,fossil_mass_low,coal,0.0038938446175658995,Gt,gcb2025v15+ipcc2006_v2_ch1,derived
1759,fossil_mass_low,coal,0.003940532526336652,Gt,gcb2025v15+ipcc2006_v2_ch1,derived
1760,fossil_mass_low,coal,0.004007413519735338,Gt,gcb2025v15+ipcc2006_v2_ch1,derived
1761,fossil_mass_low,coal,0.004096429878188222,Gt,gcb2025v15+ipcc2006_v2_ch1,derived
1762,fossil_mass_low,coal,0.004174301373622185,Gt,gcb2025v15+ipcc2006_v2_ch1,derived
1763,fossil_mass_low,coal,0.004265543579345357,Gt,gcb2025v15+ipcc2006_v2_ch1,derived
1764,fossil_mass_low,coal,0.004343825560654339,Gt,gcb2025v15+ipcc2006_v2_ch1,derived
1765,fossil_mass_low,coal,0.0044377776592014395,Gt,gcb2025v15+ipcc2006_v2_ch1,derived
1766,fossil_mass_low,coal,0.004526428124952359,Gt,gcb2025v15+ipcc2006_v2_ch1,derived
1767,fossil_mass_low,coal,0.0046317857850685295,Gt,gcb2025v15+ipcc2006_v2_ch1,derived
1768,fossil_mass_low,coal,0.004751625935694359,Gt,gcb2025v15+ipcc2006_v2_ch1,derived
1769,fossil_mass_low,coal,0.0048709747991401535,Gt,gcb2025v15+ipcc2006_v2_ch1,derived
1770,fossil_mass_low,coal,0.004991849740063727,Gt,gcb2025v15+ipcc2006_v2_ch1,derived
1771,fossil_mass_low,coal,0.005095623008552743,Gt,gcb2025v15+ipcc2006_v2_ch1,derived
1772,fossil_mass_low,coal,0.005192439360907414,Gt,gcb2025v15+ipcc2006_v2_ch1,derived
1773,fossil_mass_low,coal,0.00526280929367463,Gt,gcb2025v15+ipcc2006_v2_ch1,derived
1774,fossil_mass_low,coal,0.005340667068132271,Gt,gcb2025v15+ipcc2006_v2_ch1,derived
1775,fossil_mass_low,coal,0.005465110606314699,Gt,gcb2025v15+ipcc2006_v2_ch1,derived
1776,fossil_mass_low,coal,0.00558524690134618,Gt,gcb2025v15+ipcc2006_v2_ch1,derived
1777,fossil_mass_low,coal,0.00570165147195585,Gt,gcb2025v15+ipcc2006_v2_ch1,derived
1778,fossil_mass_low,coal,0.005809874148156055,Gt,gcb2025v15+ipcc2006_v2_ch1,derived
1779,fossil_mass_low,coal,0.005921071989389112,Gt,gcb2025v15+ipcc2006_v2_ch1,derived
1780,fossil_mass_low,coal,0.006051989541566937,Gt,gcb2025v15+ipcc2006_v2_ch1,derived
1781,fossil_mass_low,coal,0.0061875440214657065,Gt,gcb2025v15+ipcc2006_v2_ch1,derived
1782,fossil_mass_low,coal,0.006319635479395668,Gt,gcb2025v15+ipcc2006_v2_ch1,derived
1783,fossil_mass_low,coal,0.006503266735779733,Gt,gcb2025v15+ipcc2006_v2_ch1,derived
1784,fossil_mass_low,coal,0.0066589014833899965,Gt,gcb2025v15+ipcc2006_v2_ch1,derived
1785,fossil_mass_low,coal,0.006847196728309424,Gt,gcb2025v15+ipcc2006_v2_ch1,derived
1786,fossil_mass_low,coal,0.007031046376899974,Gt,gcb2025v15+ipcc2006_v2_ch1,derived
1787,fossil_mass_low,coal,0.007187935450429163,Gt,gcb2025v15+ipcc2006_v2_ch1,derived
1788,fossil_mass_low,coal,0.0073507192078423,Gt,gcb2025v15+ipcc2006_v2_ch1,derived
1789,fossil_mass_low,coal,0.007570710670345922,Gt,gcb2025v15+ipcc2006_v2_ch1,derived
1790,fossil_mass_low,coal,0.007774493467290719,Gt,gcb2025v15+ipcc2006_v2_ch1,derived
1791,fossil_mass_low,coal,0.007977889790069064,Gt,gcb2025v15+ipcc2006_v2_ch1,derived
1792,fossil_mass_low,coal,0.008358062217004865,Gt,gcb2025v15+ipcc2006_v2_ch1,derived
1793,fossil_mass_low,coal,0.00849833861845014,Gt,gcb2025v15+ipcc2006_v2_ch1,derived
1794,fossil_mass_low,coal,0.008583101855380911,Gt,gcb2025v15+ipcc2006_v2_ch1,derived
1795,fossil_mass_low,coal,0.008505193389538519,Gt,gcb2025v15+ipcc2006_v2_ch1,derived
1796,fossil_mass_low,coal,0.008431301739514887,Gt,gcb2025v15+ipcc2006_v2_ch1,derived
1797,fossil_mass_low,coal,0.008419373256292592,Gt,gcb2025v15+ipcc2006_v2_ch1,derived
1798,fossil_mass_low,coal,0.008806552909609258,Gt,gcb2025v15+ipcc2006_v2_ch1,derived
1799,fossil_mass_low,coal,0.010475663180522312,Gt,gcb2025v15+ipcc2006_v2_ch1,derived
1800,fossil_mass_low,coal,0.012500705868004211,Gt,gcb2025v15+ipcc2006_v2_ch1,derived
1801,fossil_mass_low,coal,0.01219110652051286,Gt,gcb2025v15+ipcc2006_v2_ch1,derived
1802,fossil_mass_low,coal,0.015363862378607478,Gt,gcb2025v15+ipcc2006_v2_ch1,derived
1803,fossil_mass_low,coal,0.011258253929535167,Gt,gcb2025v15+ipcc2006_v2_ch1,derived
1804,fossil_mass_low,coal,0.012108447928894853,Gt,gcb2025v15+ipcc2006_v2_ch1,derived
1805,fossil_mass_low,coal,0.011911262253594134,Gt,gcb2025v15+ipcc2006_v2_ch1,derived
1806,fossil_mass_low,coal,0.012464981781592551,Gt,gcb2025v15+ipcc2006_v2_ch1,derived
1807,fossil_mass_low,coal,0.013797453234339032,Gt,gcb2025v15+ipcc2006_v2_ch1,derived
1808,fossil_mass_low,coal,0.013529564511457016,Gt,gcb2025v15+ipcc2006_v2_ch1,derived
1809,fossil_mass_low,coal,0.013848205220069217,Gt,gcb2025v15+ipcc2006_v2_ch1,derived
1810,fossil_mass_low,coal,0.015052029942219446,Gt,gcb2025v15+ipcc2006_v2_ch1,derived
1811,fossil_mass_low,coal,0.015312869132376934,Gt,gcb2025v15+ipcc2006_v2_ch1,derived
1812,fossil_mass_low,coal,0.01555597510405074,Gt,gcb2025v15+ipcc2006_v2_ch1,derived
1813,fossil_mass_low,coal,0.015705234933605722,Gt,gcb2025v15+ipcc2006_v2_ch1,derived
1814,fossil_mass_low,coal,0.01609418916652692,Gt,gcb2025v15+ipcc2006_v2_ch1,derived
1815,fossil_mass_low,coal,0.016612773085542668,Gt,gcb2025v15+ipcc2006_v2_ch1,derived
1816,fossil_mass_low,coal,0.017340484884057754,Gt,gcb2025v15+ipcc2006_v2_ch1,derived
1817,fossil_mass_low,coal,0.01878093775250408,Gt,gcb2025v15+ipcc2006_v2_ch1,derived
1818,fossil_mass_low,coal,0.019587459789916613,Gt,gcb2025v15+ipcc2006_v2_ch1,derived
1819,fossil_mass_low,coal,0.019411433765798184,Gt,gcb2025v15+ipcc2006_v2_ch1,derived
1820,fossil_mass_low,coal,0.01933631408839358,Gt,gcb2025v15+ipcc2006_v2_ch1,derived
1821,fossil_mass_low,coal,0.019841808195996524,Gt,gcb2025v15+ipcc2006_v2_ch1,derived
1822,fossil_mass_low,coal,0.020589739758815732,Gt,gcb2025v15+ipcc2006_v2_ch1,derived
1823,fossil_mass_low,coal,0.021480098104980715,Gt,gcb2025v15+ipcc2006_v2_ch1,derived
1824,fossil_mass_low,coal,0.02194732555303158,Gt,gcb2025v15+ipcc2006_v2_ch1,derived
1825,fossil_mass_low,coal,0.02314685522845426,Gt,gcb2025v15+ipcc2006_v2_ch1,derived
1826,fossil_mass_low,coal,0.023395076456329184,Gt,gcb2025v15+ipcc2006_v2_ch1,derived
1827,fossil_mass_low,coal,0.02505548153004132,Gt,gcb2025v15+ipcc2006_v2_ch1,derived
1828,fossil_mass_low,coal,0.025414979494763165,Gt,gcb2025v15+ipcc2006_v2_ch1,derived
1829,fossil_mass_low,coal,0.025272288201484916,Gt,gcb2025v15+ipcc2006_v2_ch1,derived
1830,fossil_mass_low,coal,0.033916918726083586,Gt,gcb2025v15+ipcc2006_v2_ch1,derived
1831,fossil_mass_low,coal,0.03173010305977773,Gt,gcb2025v15+ipcc2006_v2_ch1,derived
1832,fossil_mass_low,coal,0.031288304773375214,Gt,gcb2025v15+ipcc2006_v2_ch1,derived
1833,fossil_mass_low,coal,0.03172935564770632,Gt,gcb2025v15+ipcc2006_v2_ch1,derived
1834,fossil_mass_low,coal,0.03383101512356502,Gt,gcb2025v15+ipcc2006_v2_ch1,derived
1835,fossil_mass_low,coal,0.037122708978092174,Gt,gcb2025v15+ipcc2006_v2_ch1,derived
1836,fossil_mass_low,coal,0.04074157875078134,Gt,gcb2025v15+ipcc2006_v2_ch1,derived
1837,fossil_mass_low,coal,0.04047665985699694,Gt,gcb2025v15+ipcc2006_v2_ch1,derived
1838,fossil_mass_low,coal,0.04034167555989207,Gt,gcb2025v15+ipcc2006_v2_ch1,derived
1839,fossil_mass_low,coal,0.04179296342597534,Gt,gcb2025v15+ipcc2006_v2_ch1,derived
1840,fossil_mass_low,coal,0.04528246611681125,Gt,gcb2025v15+ipcc2006_v2_ch1,derived
1841,fossil_mass_low,coal,0.046561960498833724,Gt,gcb2025v15+ipcc2006_v2_ch1,derived
1842,fossil_mass_low,coal,0.04931501417834221,Gt,gcb2025v15+ipcc2006_v2_ch1,derived
1843,fossil_mass_low,coal,0.05045103479029776,Gt,gcb2025v15+ipcc2006_v2_ch1,derived
1844,fossil_mass_low,coal,0.05410884088241125,Gt,gcb2025v15+ipcc2006_v2_ch1,derived
1845,fossil_mass_low,coal,0.05910440290884699,Gt,gcb2025v15+ipcc2006_v2_ch1,derived
1846,fossil_mass_low,coal,0.0601061809186956,Gt,gcb2025v15+ipcc2006_v2_ch1,derived
1847,fossil_mass_low,coal,0.06509717157318617,Gt,gcb2025v15+ipcc2006_v2_ch1,derived
1848,fossil_mass_low,coal,0.06618216882899092,Gt,gcb2025v15+ipcc2006_v2_ch1,derived
1849,fossil_mass_low,coal,0.07052887960605554,Gt,gcb2025v15+ipcc2006_v2_ch1,derived
1850,fossil_mass_low,coal,0.07502614417697012,Gt,gcb2025v15+ipcc2006_v2_ch1,derived
1851,fossil_mass_low,coal,0.07576210380680867,Gt,gcb2025v15+ipcc2006_v2_ch1,derived
1852,fossil_mass_low,coal,0.07912242579238639,Gt,gcb2025v15+ipcc2006_v2_ch1,derived
1853,fossil_mass_low,coal,0.08279731373774642,Gt,gcb2025v15+ipcc2006_v2_ch1,derived
1854,fossil_mass_low,coal,0.09720494450627355,Gt,gcb2025v15+ipcc2006_v2_ch1,derived
1855,fossil_mass_low,coal,0.09918101436128857,Gt,gcb2025v15+ipcc2006_v2_ch1,derived
1856,fossil_mass_low,coal,0.10603468472245517,Gt,gcb2025v15+ipcc2006_v2_ch1,derived
1857,fossil_mass_low,coal,0.10714929641882519,Gt,gcb2025v15+ipcc2006_v2_ch1,derived
1858,fossil_mass_low,coal,0.10880966528440536,Gt,gcb2025v15+ipcc2006_v2_ch1,derived
1859,fossil_mass_low,coal,0.11530087433110241,Gt,gcb2025v15+ipcc2006_v2_ch1,derived
1860,fossil_mass_low,coal,0.12654742846035402,Gt,gcb2025v15+ipcc2006_v2_ch1,derived
1861,fossil_mass_low,coal,0.13273107915478788,Gt,gcb2025v15+ipcc2006_v2_ch1,derived
1862,fossil_mass_low,coal,0.13514873805131647,Gt,gcb2025v15+ipcc2006_v2_ch1,derived
1863,fossil_mass_low,coal,0.14416241862698767,Gt,gcb2025v15+ipcc2006_v2_ch1,derived
1864,fossil_mass_low,coal,0.1556627696552986,Gt,gcb2025v15+ipcc2006_v2_ch1,derived
1865,fossil_mass_low,coal,0.1652354702483497,Gt,gcb2025v15+ipcc2006_v2_ch1,derived
1866,fossil_mass_low,coal,0.17041271248456394,Gt,gcb2025v15+ipcc2006_v2_ch1,derived
1867,fossil_mass_low,coal,0.18250009109203727,Gt,gcb2025v15+ipcc2006_v2_ch1,derived
1868,fossil_mass_low,coal,0.1875981583400668,Gt,gcb2025v15+ipcc2006_v2_ch1,derived
1869,fossil_mass_low,coal,0.19899877959538367,Gt,gcb2025v15+ipcc2006_v2_ch1,derived
1870,fossil_mass_low,coal,0.2031430590916714,Gt,gcb2025v15+ipcc2006_v2_ch1,derived
1871,fossil_mass_low,coal,0.2159128394035949,Gt,gcb2025v15+ipcc2006_v2_ch1,derived
1872,fossil_mass_low,coal,0.23907413481621517,Gt,gcb2025v15+ipcc2006_v2_ch1,derived
1873,fossil_mass_low,coal,0.25338006342140174,Gt,gcb2025v15+ipcc2006_v2_ch1,derived
1874,fossil_mass_low,coal,0.23722809789154334,Gt,gcb2025v15+ipcc2006_v2_ch1,derived
1875,fossil_mass_low,coal,0.2573498810848719,Gt,gcb2025v15+ipcc2006_v2_ch1,derived
1876,fossil_mass_low,coal,0.26071700486332383,Gt,gcb2025v15+ipcc2006_v2_ch1,derived
1877,fossil_mass_low,coal,0.26497152363819315,Gt,gcb2025v15+ipcc2006_v2_ch1,derived
1878,fossil_mass_low,coal,0.26664881504123916,Gt,gcb2025v15+ipcc2006_v2_ch1,derived
1879,fossil_mass_low,coal,0.284762788331072,Gt,gcb2025v15+ipcc2006_v2_ch1,derived
1880,fossil_mass_low,coal,0.3211832893753907,Gt,gcb2025v15+ipcc2006_v2_ch1,derived
1881,fossil_mass_low,coal,0.33186697437226537,Gt,gcb2025v15+ipcc2006_v2_ch1,derived
1882,fossil_mass_low,coal,0.3501850182184075,Gt,gcb2025v15+ipcc2006_v2_ch1,derived
1883,fossil_mass_low,coal,0.37375771995487334,Gt,gcb2025v15+ipcc2006_v2_ch1,derived
1884,fossil_mass_low,coal,0.377303242342933,Gt,gcb2025v15+ipcc2006_v2_ch1,derived
1885,fossil_mass_low,coal,0.37903166801335514,Gt,gcb2025v15+ipcc2006_v2_ch1,derived
1886,fossil_mass_low,coal,0.38232605956428284,Gt,gcb2025v15+ipcc2006_v2_ch1,derived
1887,fossil_mass_low,coal,0.39960837856173687,Gt,gcb2025v15+ipcc2006_v2_ch1,derived
1888,fossil_mass_low,coal,0.44191026633939606,Gt,gcb2025v15+ipcc2006_v2_ch1,derived
1889,fossil_mass_low,coal,0.4424575320537253,Gt,gcb2025v15+ipcc2006_v2_ch1,derived
1890,fossil_mass_low,coal,0.48033111460064337,Gt,gcb2025v15+ipcc2006_v2_ch1,derived
1891,fossil_mass_low,coal,0.502773982742061,Gt,gcb2025v15+ipcc2006_v2_ch1,derived
1892,fossil_mass_low,coal,0.507611029378135,Gt,gcb2025v15+ipcc2006_v2_ch1,derived
1893,fossil_mass_low,coal,0.5003135589925755,Gt,gcb2025v15+ipcc2006_v2_ch1,derived
1894,fossil_mass_low,coal,0.5195436464256857,Gt,gcb2025v15+ipcc2006_v2_ch1,derived
1895,fossil_mass_low,coal,0.5487092353604806,Gt,gcb2025v15+ipcc2006_v2_ch1,derived
1896,fossil_mass_low,coal,0.5660831689357096,Gt,gcb2025v15+ipcc2006_v2_ch1,derived
1897,fossil_mass_low,coal,0.5925468476056897,Gt,gcb2025v15+ipcc2006_v2_ch1,derived
1898,fossil_mass_low,coal,0.6251928662357265,Gt,gcb2025v15+ipcc2006_v2_ch1,derived
1899,fossil_mass_low,coal,0.6830774770173648,Gt,gcb2025v15+ipcc2006_v2_ch1,derived
1900,fossil_mass_low,coal,0.7175478069306177,Gt,gcb2025v15+ipcc2006_v2_ch1,derived
1901,fossil_mass_low,coal,0.7380191350448982,Gt,gcb2025v15+ipcc2006_v2_ch1,derived
1902,fossil_mass_low,coal,0.7547675479853034,Gt,gcb2025v15+ipcc2006_v2_ch1,derived
1903,fossil_mass_low,coal,0.824003806046377,Gt,gcb2025v15+ipcc2006_v2_ch1,derived
1904,fossil_mass_low,coal,0.8287600529019867,Gt,gcb2025v15+ipcc2006_v2_ch1,derived
1905,fossil_mass_low,coal,0.8845830949948928,Gt,gcb2025v15+ipcc2006_v2_ch1,derived
1906,fossil_mass_low,coal,0.9244313105056944,Gt,gcb2025v15+ipcc2006_v2_ch1,derived
1907,fossil_mass_low,coal,1.051552440809233,Gt,gcb2025v15+ipcc2006_v2_ch1,derived
1908,fossil_mass_low,coal,1.0044068799262118,Gt,gcb2025v15+ipcc2006_v2_ch1,derived
1909,fossil_mass_low,coal,1.0446325236686844,Gt,gcb2025v15+ipcc2006_v2_ch1,derived
1910,fossil_mass_low,coal,1.0945658202857014,Gt,gcb2025v15+ipcc2006_v2_ch1,derived
1911,fossil_mass_low,coal,1.1087858563413782,Gt,gcb2025v15+ipcc2006_v2_ch1,derived
1912,fossil_mass_low,coal,1.165702289116217,Gt,gcb2025v15+ipcc2006_v2_ch1,derived
1913,fossil_mass_low,coal,1.258653437104569,Gt,gcb2025v15+ipcc2006_v2_ch1,derived
1914,fossil_mass_low,coal,1.1324476468525606,Gt,gcb2025v15+ipcc2006_v2_ch1,derived
1915,fossil_mass_low,coal,1.1084514910127607,Gt,gcb2025v15+ipcc2006_v2_ch1,derived
1916,fossil_mass_low,coal,1.1950609794490268,Gt,gcb2025v15+ipcc2006_v2_ch1,derived
1917,fossil_mass_low,coal,1.2446531950817925,Gt,gcb2025v15+ipcc2006_v2_ch1,derived
1918,fossil_mass_low,coal,1.2257013572332414,Gt,gcb2025v15+ipcc2006_v2_ch1,derived
1919,fossil_mass_low,coal,1.0367549647066,Gt,gcb2025v15+ipcc2006_v2_ch1,derived
1920,fossil_mass_low,coal,1.1939598451816507,Gt,gcb2025v15+ipcc2006_v2_ch1,derived
1921,fossil_mass_low,coal,1.0184411351058804,Gt,gcb2025v15+ipcc2006_v2_ch1,derived
1922,fossil_mass_low,coal,1.0570617947037033,Gt,gcb2025v15+ipcc2006_v2_ch1,derived
1923,fossil_mass_low,coal,1.2004766949217145,Gt,gcb2025v15+ipcc2006_v2_ch1,derived
1924,fossil_mass_low,coal,1.202854008811916,Gt,gcb2025v15+ipcc2006_v2_ch1,derived
1925,fossil_mass_low,coal,1.2019869517326545,Gt,gcb2025v15+ipcc2006_v2_ch1,derived
1926,fossil_mass_low,coal,1.1754470713338316,Gt,gcb2025v15+ipcc2006_v2_ch1,derived
1927,fossil_mass_low,coal,1.2823011662829877,Gt,gcb2025v15+ipcc2006_v2_ch1,derived
1928,fossil_mass_low,coal,1.2606456203405854,Gt,gcb2025v15+ipcc2006_v2_ch1,derived
1929,fossil_mass_low,coal,1.3430867131401218,Gt,gcb2025v15+ipcc2006_v2_ch1,derived
1930,fossil_mass_low,coal,1.2258361307609045,Gt,gcb2025v15+ipcc2006_v2_ch1,derived
1931,fossil_mass_low,coal,1.0798391402283782,Gt,gcb2025v15+ipcc2006_v2_ch1,derived
1932,fossil_mass_low,coal,0.9613716360739714,Gt,gcb2025v15+ipcc2006_v2_ch1,derived
1933,fossil_mass_low,coal,1.0057502797554618,Gt,gcb2025v15+ipcc2006_v2_ch1,derived
1934,fossil_mass_low,coal,1.0978572850761517,Gt,gcb2025v15+ipcc2006_v2_ch1,derived
1935,fossil_mass_low,coal,1.142792936365161,Gt,gcb2025v15+ipcc2006_v2_ch1,derived
1936,fossil_mass_low,coal,1.253076010397451,Gt,gcb2025v15+ipcc2006_v2_ch1,derived
1937,fossil_mass_low,coal,1.321022060280823,Gt,gcb2025v15+ipcc2006_v2_ch1,derived
1938,fossil_mass_low,coal,1.231299742731694,Gt,gcb2025v15+ipcc2006_v2_ch1,derived
1939,fossil_mass_low,coal,1.3095075385330754,Gt,gcb2025v15+ipcc2006_v2_ch1,derived
1940,fossil_mass_low,coal,1.4466113773573401,Gt,gcb2025v15+ipcc2006_v2_ch1,derived
1941,fossil_mass_low,coal,1.481089035796503,Gt,gcb2025v15+ipcc2006_v2_ch1,derived
1942,fossil_mass_low,coal,1.490462471224064,Gt,gcb2025v15+ipcc2006_v2_ch1,derived
1943,fossil_mass_low,coal,1.496610145518577,Gt,gcb2025v15+ipcc2006_v2_ch1,derived
1944,fossil_mass_low,coal,1.4746646825880814,Gt,gcb2025v15+ipcc2006_v2_ch1,derived
1945,fossil_mass_low,coal,1.1433674050584668,Gt,gcb2025v15+ipcc2006_v2_ch1,derived
1946,fossil_mass_low,coal,1.2333673513179764,Gt,gcb2025v15+ipcc2006_v2_ch1,derived
1947,fossil_mass_low,coal,1.380922383486043,Gt,gcb2025v15+ipcc2006_v2_ch1,derived
1948,fossil_mass_low,coal,1.4257340226853479,Gt,gcb2025v15+ipcc2006_v2_ch1,derived
1949,fossil_mass_low,coal,1.3520017494244814,Gt,gcb2025v15+ipcc2006_v2_ch1,derived
1950,fossil_mass_low,coal,1.4787990723095454,Gt,gcb2025v15+ipcc2006_v2_ch1,derived
1951,fossil_mass_low,coal,1.5566241782659738,Gt,gcb2025v15+ipcc2006_v2_ch1,derived
1952,fossil_mass_low,coal,1.5360083015718144,Gt,gcb2025v15+ipcc2006_v2_ch1,derived
1953,fossil_mass_low,coal,1.5478407882700902,Gt,gcb2025v15+ipcc2006_v2_ch1,derived
1954,fossil_mass_low,coal,1.5450108285182873,Gt,gcb2025v15+ipcc2006_v2_ch1,derived
1955,fossil_mass_low,coal,1.6717037683136922,Gt,gcb2025v15+ipcc2006_v2_ch1,derived
1956,fossil_mass_low,coal,1.756398039424939,Gt,gcb2025v15+ipcc2006_v2_ch1,derived
1957,fossil_mass_low,coal,1.7881414899455739,Gt,gcb2025v15+ipcc2006_v2_ch1,derived
1958,fossil_mass_low,coal,1.8147737982711571,Gt,gcb2025v15+ipcc2006_v2_ch1,derived
1959,fossil_mass_low,coal,1.8881329116674037,Gt,gcb2025v15+ipcc2006_v2_ch1,derived
1960,fossil_mass_low,coal,1.9660339860960776,Gt,gcb2025v15+ipcc2006_v2_ch1,derived
1961,fossil_mass_low,coal,1.8844184055463238,Gt,gcb2025v15+ipcc2006_v2_ch1,derived
1962,fossil_mass_low,coal,1.878473035994695,Gt,gcb2025v15+ipcc2006_v2_ch1,derived
1963,fossil_mass_low,coal,1.9468277495312005,Gt,gcb2025v15+ipcc2006_v2_ch1,derived
1964,fossil_mass_low,coal,1.9869554178799569,Gt,gcb2025v15+ipcc2006_v2_ch1,derived
1965,fossil_mass_low,coal,2.0158738253319717,Gt,gcb2025v15+ipcc2006_v2_ch1,derived
1966,fossil_mass_low,coal,2.03908100978763,Gt,gcb2025v15+ipcc2006_v2_ch1,derived
1967,fossil_mass_low,coal,2.005499068117025,Gt,gcb2025v15+ipcc2006_v2_ch1,derived
1968,fossil_mass_low,coal,2.027525248502127,Gt,gcb2025v15+ipcc2006_v2_ch1,derived
1969,fossil_mass_low,coal,2.103224960361624,Gt,gcb2025v15+ipcc2006_v2_ch1,derived
1970,fossil_mass_low,coal,2.172052807083073,Gt,gcb2025v15+ipcc2006_v2_ch1,derived
1971,fossil_mass_low,coal,2.1725089357858316,Gt,gcb2025v15+ipcc2006_v2_ch1,derived
1972,fossil_mass_low,coal,2.1691658530635896,Gt,gcb2025v15+ipcc2006_v2_ch1,derived
1973,fossil_mass_low,coal,2.233812434253655,Gt,gcb2025v15+ipcc2006_v2_ch1,derived
1974,fossil_mass_low,coal,2.232590872120501,Gt,gcb2025v15+ipcc2006_v2_ch1,derived
1975,fossil_mass_low,coal,2.2938099900141786,Gt,gcb2025v15+ipcc2006_v2_ch1,derived
1976,fossil_mass_low,coal,2.3730960975256505,Gt,gcb2025v15+ipcc2006_v2_ch1,derived
1977,fossil_mass_low,coal,2.4297651906453432,Gt,gcb2025v15+ipcc2006_v2_ch1,derived
1978,fossil_mass_low,coal,2.481258646883052,Gt,gcb2025v15+ipcc2006_v2_ch1,derived
1979,fossil_mass_low,coal,2.591694897702499,Gt,gcb2025v15+ipcc2006_v2_ch1,derived
1980,fossil_mass_low,coal,2.6622465964355957,Gt,gcb2025v15+ipcc2006_v2_ch1,derived
1981,fossil_mass_low,coal,2.6462204770326108,Gt,gcb2025v15+ipcc2006_v2_ch1,derived
1982,fossil_mass_low,coal,2.693502580686964,Gt,gcb2025v15+ipcc2006_v2_ch1,derived
1983,fossil_mass_low,coal,2.7705850064031226,Gt,gcb2025v15+ipcc2006_v2_ch1,derived
1984,fossil_mass_low,coal,2.8913586236336197,Gt,gcb2025v15+ipcc2006_v2_ch1,derived
1985,fossil_mass_low,coal,3.1043038395865414,Gt,gcb2025v15+ipcc2006_v2_ch1,derived
1986,fossil_mass_low,coal,3.148760506075344,Gt,gcb2025v15+ipcc2006_v2_ch1,derived
1987,fossil_mass_low,coal,3.2584382399798764,Gt,gcb2025v15+ipcc2006_v2_ch1,derived
1988,fossil_mass_low,coal,3.367900832405897,Gt,gcb2025v15+ipcc2006_v2_ch1,derived
1989,fossil_mass_low,coal,3.3646110754958616,Gt,gcb2025v15+ipcc2006_v2_ch1,derived
1990,fossil_mass_low,coal,3.300576039363957,Gt,gcb2025v15+ipcc2006_v2_ch1,derived
1991,fossil_mass_low,coal,3.2679135269769644,Gt,gcb2025v15+ipcc2006_v2_ch1,derived
1992,fossil_mass_low,coal,3.1867630669431195,Gt,gcb2025v15+ipcc2006_v2_ch1,derived
1993,fossil_mass_low,coal,3.2282516949217146,Gt,gcb2025v15+ipcc2006_v2_ch1,derived
1994,fossil_mass_low,coal,3.2449143281295263,Gt,gcb2025v15+ipcc2006_v2_ch1,derived
1995,fossil_mass_low,coal,3.338176782964646,Gt,gcb2025v15+ipcc2006_v2_ch1,derived
1996,fossil_mass_low,coal,3.421464003399754,Gt,gcb2025v15+ipcc2006_v2_ch1,derived
1997,fossil_mass_low,coal,3.402535431372251,Gt,gcb2025v15+ipcc2006_v2_ch1,derived
1998,fossil_mass_low,coal,3.311710494641197,Gt,gcb2025v15+ipcc2006_v2_ch1,derived
1999,fossil_mass_low,coal,3.357481986644917,Gt,gcb2025v15+ipcc2006_v2_ch1,derived
2000,fossil_mass_low,coal,3.48994468426509,Gt,gcb2025v15+ipcc2006_v2_ch1,derived
2001,fossil_mass_low,coal,3.5096842182092605,Gt,gcb2025v15+ipcc2006_v2_ch1,derived
2002,fossil_mass_low,coal,3.6704302113030356,Gt,gcb2025v15+ipcc2006_v2_ch1,derived
2003,fossil_mass_low,coal,3.989208415151008,Gt,gcb2025v15+ipcc2006_v2_ch1,derived
2004,fossil_mass_low,coal,4.121396934505207,Gt,gcb2025v15+ipcc2006_v2_ch1,derived
2005,fossil_mass_low,coal,4.382518043465005,Gt,gcb2025v15+ipcc2006_v2_ch1,derived
2006,fossil_mass_low,coal,4.62558430892016,Gt,gcb2025v15+ipcc2006_v2_ch1,derived
2007,fossil_mass_low,coal,4.8497749211043875,Gt,gcb2025v15+ipcc2006_v2_ch1,derived
2008,fossil_mass_low,coal,5.011841567316636,Gt,gcb2025v15+ipcc2006_v2_ch1,derived
2009,fossil_mass_low,coal,4.956006093256903,Gt,gcb2025v15+ipcc2006_v2_ch1,derived
2010,fossil_mass_low,coal,5.3047670296373095,Gt,gcb2025v15+ipcc2006_v2_ch1,derived
2011,fossil_mass_low,coal,5.60434134206394,Gt,gcb2025v15+ipcc2006_v2_ch1,derived
2012,fossil_mass_low,coal,5.666687731160337,Gt,gcb2025v15+ipcc2006_v2_ch1,derived
2013,fossil_mass_low,coal,5.699218340371687,Gt,gcb2025v15+ipcc2006_v2_ch1,derived
2014,fossil_mass_low,coal,5.722746254554603,Gt,gcb2025v15+ipcc2006_v2_ch1,derived
2015,fossil_mass_low,coal,5.585586975744365,Gt,gcb2025v15+ipcc2006_v2_ch1,derived
2016,fossil_mass_low,coal,5.459038699251445,Gt,gcb2025v15+ipcc2006_v2_ch1,derived
2017,fossil_mass_low,coal,5.524281525086519,Gt,gcb2025v15+ipcc2006_v2_ch1,derived
2018,fossil_mass_low,coal,5.626627265866785,Gt,gcb2025v15+ipcc2006_v2_ch1,derived
2019,fossil_mass_low,coal,5.6038592136356025,Gt,gcb2025v15+ipcc2006_v2_ch1,derived
2020,fossil_mass_low,coal,5.437713072279055,Gt,gcb2025v15+ipcc2006_v2_ch1,derived
2021,fossil_mass_low,coal,5.705353233957893,Gt,gcb2025v15+ipcc2006_v2_ch1,derived
2022,fossil_mass_low,coal,5.888271992438219,Gt,gcb2025v15+ipcc2006_v2_ch1,derived
2023,fossil_mass_low,coal,5.959619676642325,Gt,gcb2025v15+ipcc2006_v2_ch1,derived
2024,fossil_mass_low,coal,6.023986611376214,Gt,gcb2025v15+ipcc2006_v2_ch1,derived
1882,fossil_mass_low,gas,5.891938250428817e-05,Gt,gcb2025v15+ipcc2006_v2_ch1,derived
1883,fossil_mass_low,gas,0.00013616745283018866,Gt,gcb2025v15+ipcc2006_v2_ch1,derived
1884,fossil_mass_low,gas,0.0004189822755860492,Gt,gcb2025v15+ipcc2006_v2_ch1,derived
1885,fossil_mass_low,gas,0.0013276500857632933,Gt,gcb2025v15+ipcc2006_v2_ch1,derived
1886,fossil_mass_low,gas,0.0027430245854774154,Gt,gcb2025v15+ipcc2006_v2_ch1,derived
1887,fossil_mass_low,gas,0.0042120811892510015,Gt,gcb2025v15+ipcc2006_v2_ch1,derived
1888,fossil_mass_low,gas,0.005994065180102916,Gt,gcb2025v15+ipcc2006_v2_ch1,derived
1889,fossil_mass_low,gas,0.004369199542595769,Gt,gcb2025v15+ipcc2006_v2_ch1,derived
1890,fossil_mass_low,gas,0.004176691323613493,Gt,gcb2025v15+ipcc2006_v2_ch1,derived
1891,fossil_mass_low,gas,0.0031973584905660374,Gt,gcb2025v15+ipcc2006_v2_ch1,derived
1892,fossil_mass_low,gas,0.0027783762149799886,Gt,gcb2025v15+ipcc2006_v2_ch1,derived
1893,fossil_mass_low,gas,0.002604236706689537,Gt,gcb2025v15+ipcc2006_v2_ch1,derived
1894,fossil_mass_low,gas,0.0023934569754145226,Gt,gcb2025v15+ipcc2006_v2_ch1,derived
1895,fossil_mass_low,gas,0.002516492995997713,Gt,gcb2025v15+ipcc2006_v2_ch1,derived
1896,fossil_mass_low,gas,0.0024470997712978844,Gt,gcb2025v15+ipcc2006_v2_ch1,derived
1897,fossil_mass_low,gas,0.0026042177672955975,Gt,gcb2025v15+ipcc2006_v2_ch1,derived
1898,fossil_mass_low,gas,0.003023218982275586,Gt,gcb2025v15+ipcc2006_v2_ch1,derived
1899,fossil_mass_low,gas,0.0038965351629502575,Gt,gcb2025v15+ipcc2006_v2_ch1,derived
1900,fossil_mass_low,gas,0.004124356775300172,Gt,gcb2025v15+ipcc2006_v2_ch1,derived
1901,fossil_mass_low,gas,0.004595711835334477,Gt,gcb2025v15+ipcc2006_v2_ch1,derived
1902,fossil_mass_low,gas,0.004894236706689537,Gt,gcb2025v15+ipcc2006_v2_ch1,derived
1903,fossil_mass_low,gas,0.005191452258433391,Gt,gcb2025v15+ipcc2006_v2_ch1,derived
1904,fossil_mass_low,gas,0.005419251715265866,Gt,gcb2025v15+ipcc2006_v2_ch1,derived
1905,fossil_mass_low,gas,0.006135471698113207,Gt,gcb2025v15+ipcc2006_v2_ch1,derived
1906,fossil_mass_low,gas,0.006799296740994855,Gt,gcb2025v15+ipcc2006_v2_ch1,derived
1907,fossil_mass_low,gas,0.0071030370926243565,Gt,gcb2025v15+ipcc2006_v2_ch1,derived
1908,fossil_mass_low,gas,0.007031046312178388,Gt,gcb2025v15+ipcc2006_v2_ch1,derived
1909,fossil_mass_low,gas,0.008405831189251,Gt,gcb2025v15+ipcc2006_v2_ch1,derived
1910,fossil_mass_low,gas,0.008903373356203545,Gt,gcb2025v15+ipcc2006_v2_ch1,derived
1911,fossil_mass_low,gas,0.009190127572898799,Gt,gcb2025v15+ipcc2006_v2_ch1,derived
1912,fossil_mass_low,gas,0.010118421955403087,Gt,gcb2025v15+ipcc2006_v2_ch1,derived
1913,fossil_mass_low,gas,0.010576683819325328,Gt,gcb2025v15+ipcc2006_v2_ch1,derived
1914,fossil_mass_low,gas,0.010769176315037165,Gt,gcb2025v15+ipcc2006_v2_ch1,derived
1915,fossil_mass_low,gas,0.011387131932532876,Gt,gcb2025v15+ipcc2006_v2_ch1,derived
1916,fossil_mass_low,gas,0.013713840051457975,Gt,gcb2025v15+ipcc2006_v2_ch1,derived
1917,fossil_mass_low,gas,0.014475816180674672,Gt,gcb2025v15+ipcc2006_v2_ch1,derived
1918,fossil_mass_low,gas,0.013049989279588337,Gt,gcb2025v15+ipcc2006_v2_ch1,derived
1919,fossil_mass_low,gas,0.013560618567753,Gt,gcb2025v15+ipcc2006_v2_ch1,derived
1920,fossil_mass_low,gas,0.014896152801600917,Gt,gcb2025v15+ipcc2006_v2_ch1,derived
1921,fossil_mass_low,gas,0.012504417524299599,Gt,gcb2025v15+ipcc2006_v2_ch1,derived
1922,fossil_mass_low,gas,0.014332127287021155,Gt,gcb2025v15+ipcc2006_v2_ch1,derived
1923,fossil_mass_low,gas,0.018770057532875927,Gt,gcb2025v15+ipcc2006_v2_ch1,derived
1924,fossil_mass_low,gas,0.021336858919382504,Gt,gcb2025v15+ipcc2006_v2_ch1,derived
1925,fossil_mass_low,gas,0.022842601843910806,Gt,gcb2025v15+ipcc2006_v2_ch1,derived
1926,fossil_mass_low,gas,0.02470876179245283,Gt,gcb2025v15+ipcc2006_v2_ch1,derived
1927,fossil_mass_low,gas,0.02716462943110349,Gt,gcb2025v15+ipcc2006_v2_ch1,derived
1928,fossil_mass_low,gas,0.02952524085191538,Gt,gcb2025v15+ipcc2006_v2_ch1,derived
1929,fossil_mass_low,gas,0.0367691359348199,Gt,gcb2025v15+ipcc2006_v2_ch1,derived
1930,fossil_mass_low,gas,0.03724440323041738,Gt,gcb2025v15+ipcc2006_v2_ch1,derived
1931,fossil_mass_low,gas,0.03319343624928531,Gt,gcb2025v15+ipcc2006_v2_ch1,derived
1932,fossil_mass_low,gas,0.03152510577472841,Gt,gcb2025v15+ipcc2006_v2_ch1,derived
1933,fossil_mass_low,gas,0.03248948220411663,Gt,gcb2025v15+ipcc2006_v2_ch1,derived
1934,fossil_mass_low,gas,0.036432171598056035,Gt,gcb2025v15+ipcc2006_v2_ch1,derived
1935,fossil_mass_low,gas,0.039799311392224125,Gt,gcb2025v15+ipcc2006_v2_ch1,derived
1936,fossil_mass_low,gas,0.04485844589765581,Gt,gcb2025v15+ipcc2006_v2_ch1,derived
1937,fossil_mass_low,gas,0.050235042524299604,Gt,gcb2025v15+ipcc2006_v2_ch1,derived
1938,fossil_mass_low,gas,0.04841933104631218,Gt,gcb2025v15+ipcc2006_v2_ch1,derived
1939,fossil_mass_low,gas,0.05050435427387079,Gt,gcb2025v15+ipcc2006_v2_ch1,derived
1940,fossil_mass_low,gas,0.05485983026014866,Gt,gcb2025v15+ipcc2006_v2_ch1,derived
1941,fossil_mass_low,gas,0.05483962943110349,Gt,gcb2025v15+ipcc2006_v2_ch1,derived
1942,fossil_mass_low,gas,0.05933710084333905,Gt,gcb2025v15+ipcc2006_v2_ch1,derived
1943,fossil_mass_low,gas,0.06535873892224127,Gt,gcb2025v15+ipcc2006_v2_ch1,derived
1944,fossil_mass_low,gas,0.07061207332761579,Gt,gcb2025v15+ipcc2006_v2_ch1,derived
1945,fossil_mass_low,gas,0.07743722555746141,Gt,gcb2025v15+ipcc2006_v2_ch1,derived
1946,fossil_mass_low,gas,0.07998762793024584,Gt,gcb2025v15+ipcc2006_v2_ch1,derived
1947,fossil_mass_low,gas,0.08858368281875358,Gt,gcb2025v15+ipcc2006_v2_ch1,derived
1948,fossil_mass_low,gas,0.10010264651229275,Gt,gcb2025v15+ipcc2006_v2_ch1,derived
1949,fossil_mass_low,gas,0.10736841087764439,Gt,gcb2025v15+ipcc2006_v2_ch1,derived
1950,fossil_mass_low,gas,0.12619926315037164,Gt,gcb2025v15+ipcc2006_v2_ch1,derived
1951,fossil_mass_low,gas,0.14872296955403086,Gt,gcb2025v15+ipcc2006_v2_ch1,derived
1952,fossil_mass_low,gas,0.15976484991423673,Gt,gcb2025v15+ipcc2006_v2_ch1,derived
1953,fossil_mass_low,gas,0.1695719986420812,Gt,gcb2025v15+ipcc2006_v2_ch1,derived
1954,fossil_mass_low,gas,0.17915809248141795,Gt,gcb2025v15+ipcc2006_v2_ch1,derived
1955,fossil_mass_low,gas,0.19555535877644367,Gt,gcb2025v15+ipcc2006_v2_ch1,derived
1956,fossil_mass_low,gas,0.20984919561177814,Gt,gcb2025v15+ipcc2006_v2_ch1,derived
1957,fossil_mass_low,gas,0.23109174385363065,Gt,gcb2025v15+ipcc2006_v2_ch1,derived
1958,fossil_mass_low,gas,0.25223453008862207,Gt,gcb2025v15+ipcc2006_v2_ch1,derived
1959,fossil_mass_low,gas,0.27096197112635795,Gt,gcb2025v15+ipcc2006_v2_ch1,derived
1960,fossil_mass_low,gas,0.2982482293453402,Gt,gcb2025v15+ipcc2006_v2_ch1,derived
1961,fossil_mass_low,gas,0.31522498999428245,Gt,gcb2025v15+ipcc2006_v2_ch1,derived
1962,fossil_mass_low,gas,0.3458475768296169,Gt,gcb2025v15+ipcc2006_v2_ch1,derived
1963,fossil_mass_low,gas,0.37412450721841056,Gt,gcb2025v15+ipcc2006_v2_ch1,derived
1964,fossil_mass_low,gas,0.4120182100485992,Gt,gcb2025v15+ipcc2006_v2_ch1,derived
1965,fossil_mass_low,gas,0.43977508719268155,Gt,gcb2025v15+ipcc2006_v2_ch1,derived
1966,fossil_mass_low,gas,0.4788378870068611,Gt,gcb2025v15+ipcc2006_v2_ch1,derived
1967,fossil_mass_low,gas,0.5121136131360778,Gt,gcb2025v15+ipcc2006_v2_ch1,derived
1968,fossil_mass_low,gas,0.5573723613493424,Gt,gcb2025v15+ipcc2006_v2_ch1,derived
1969,fossil_mass_low,gas,0.6106060434534019,Gt,gcb2025v15+ipcc2006_v2_ch1,derived
1970,fossil_mass_low,gas,0.6399857432818753,Gt,gcb2025v15+ipcc2006_v2_ch1,derived
1971,fossil_mass_low,gas,0.6909620579616924,Gt,gcb2025v15+ipcc2006_v2_ch1,derived
1972,fossil_mass_low,gas,0.7334008208261864,Gt,gcb2025v15+ipcc2006_v2_ch1,derived
1973,fossil_mass_low,gas,0.787136417595769,Gt,gcb2025v15+ipcc2006_v2_ch1,derived
1974,fossil_mass_low,gas,0.8063680849771298,Gt,gcb2025v15+ipcc2006_v2_ch1,derived
1975,fossil_mass_low,gas,0.8009099528301886,Gt,gcb2025v15+ipcc2006_v2_ch1,derived
1976,fossil_mass_low,gas,0.8429850414522584,Gt,gcb2025v15+ipcc2006_v2_ch1,derived
1977,fossil_mass_low,gas,0.8618212192681531,Gt,gcb2025v15+ipcc2006_v2_ch1,derived
1978,fossil_mass_low,gas,0.9082823416952545,Gt,gcb2025v15+ipcc2006_v2_ch1,derived
1979,fossil_mass_low,gas,0.9534251329331046,Gt,gcb2025v15+ipcc2006_v2_ch1,derived
1980,fossil_mass_low,gas,0.9796720143653517,Gt,gcb2025v15+ipcc2006_v2_ch1,derived
1981,fossil_mass_low,gas,0.9874832039736993,Gt,gcb2025v15+ipcc2006_v2_ch1,derived
1982,fossil_mass_low,gas,0.9653725039308176,Gt,gcb2025v15+ipcc2006_v2_ch1,derived
1983,fossil_mass_low,gas,0.9802457121926815,Gt,gcb2025v15+ipcc2006_v2_ch1,derived
1984,fossil_mass_low,gas,1.0620450868353344,Gt,gcb2025v15+ipcc2006_v2_ch1,derived
1985,fossil_mass_low,gas,1.1040952576472272,Gt,gcb2025v15+ipcc2006_v2_ch1,derived
1986,fossil_mass_low,gas,1.0772607104059464,Gt,gcb2025v15+ipcc2006_v2_ch1,derived
1987,fossil_mass_low,gas,1.1726583226129217,Gt,gcb2025v15+ipcc2006_v2_ch1,derived
1988,fossil_mass_low,gas,1.2278366144939965,Gt,gcb2025v15+ipcc2006_v2_ch1,derived
1989,fossil_mass_low,gas,1.2882212971698113,Gt,gcb2025v15+ipcc2006_v2_ch1,derived
1990,fossil_mass_low,gas,1.3544103233990852,Gt,gcb2025v15+ipcc2006_v2_ch1,derived
1991,fossil_mass_low,gas,1.3763294632647227,Gt,gcb2025v15+ipcc2006_v2_ch1,derived
1992,fossil_mass_low,gas,1.3941416966838194,Gt,gcb2025v15+ipcc2006_v2_ch1,derived
1993,fossil_mass_low,gas,1.4321770011435107,Gt,gcb2025v15+ipcc2006_v2_ch1,derived
1994,fossil_mass_low,gas,1.4437442549313895,Gt,gcb2025v15+ipcc2006_v2_ch1,derived
1995,fossil_mass_low,gas,1.4997311349342481,Gt,gcb2025v15+ipcc2006_v2_ch1,derived
1996,fossil_mass_low,gas,1.565751443324757,Gt,gcb2025v15+ipcc2006_v2_ch1,derived
1997,fossil_mass_low,gas,1.570560948041738,Gt,gcb2025v15+ipcc2006_v2_ch1,derived
1998,fossil_mass_low,gas,1.5878732854488278,Gt,gcb2025v15+ipcc2006_v2_ch1,derived
1999,fossil_mass_low,gas,1.6388529284591196,Gt,gcb2025v15+ipcc2006_v2_ch1,derived
2000,fossil_mass_low,gas,1.68947354488279,Gt,gcb2025v15+ipcc2006_v2_ch1,derived
2001,fossil_mass_low,gas,1.7051582557890224,Gt,gcb2025v15+ipcc2006_v2_ch1,derived
2002,fossil_mass_low,gas,1.7558789976415095,Gt,gcb2025v15+ipcc2006_v2_ch1,derived
2003,fossil_mass_low,gas,1.8211105531732419,Gt,gcb2025v15+ipcc2006_v2_ch1,derived
2004,fossil_mass_low,gas,1.8788131535877646,Gt,gcb2025v15+ipcc2006_v2_ch1,derived
2005,fossil_mass_low,gas,1.9212009784162378,Gt,gcb2025v15+ipcc2006_v2_ch1,derived
2006,fossil_mass_low,gas,1.9764886517295597,Gt,gcb2025v15+ipcc2006_v2_ch1,derived
2007,fossil_mass_low,gas,2.049970313750715,Gt,gcb2025v15+ipcc2006_v2_ch1,derived
2008,fossil_mass_low,gas,2.110313202186964,Gt,gcb2025v15+ipcc2006_v2_ch1,derived
2009,fossil_mass_low,gas,2.060350236921098,Gt,gcb2025v15+ipcc2006_v2_ch1,derived
2010,fossil_mass_low,gas,2.2176171083476275,Gt,gcb2025v15+ipcc2006_v2_ch1,derived
2011,fossil_mass_low,gas,2.2832083601343625,Gt,gcb2025v15+ipcc2006_v2_ch1,derived
2012,fossil_mass_low,gas,2.3310259341052033,Gt,gcb2025v15+ipcc2006_v2_ch1,derived
2013,fossil_mass_low,gas,2.348883482347055,Gt,gcb2025v15+ipcc2006_v2_ch1,derived
2014,fossil_mass_low,gas,2.3602685241566608,Gt,gcb2025v15+ipcc2006_v2_ch1,derived
2015,fossil_mass_low,gas,2.404584557604345,Gt,gcb2025v15+ipcc2006_v2_ch1,derived
2016,fossil_mass_low,gas,2.4710012993138935,Gt,gcb2025v15+ipcc2006_v2_ch1,derived
2017,fossil_mass_low,gas,2.5316662996712407,Gt,gcb2025v15+ipcc2006_v2_ch1,derived
2018,fossil_mass_low,gas,2.65130535556032,Gt,gcb2025v15+ipcc2006_v2_ch1,derived
2019,fossil_mass_low,gas,2.7065665769725555,Gt,gcb2025v15+ipcc2006_v2_ch1,derived
2020,fossil_mass_low,gas,2.6875427351343624,Gt,gcb2025v15+ipcc2006_v2_ch1,derived
2021,fossil_mass_low,gas,2.8154296054888506,Gt,gcb2025v15+ipcc2006_v2_ch1,derived
2022,fossil_mass_low,gas,2.7725648359777013,Gt,gcb2025v15+ipcc2006_v2_ch1,derived
2023,fossil_mass_low,gas,2.788323795740423,Gt,gcb2025v15+ipcc2006_v2_ch1,derived
2024,fossil_mass_low,gas,2.862288338336192,Gt,gcb2025v15+ipcc2006_v2_ch1,derived
1855,fossil_mass_low,oil,1.1722499264144425e-05,Gt,gcb2025v15+ipcc2006_v2_ch1,derived
1856,fossil_mass_low,oil,1.2894749190558867e-05,Gt,gcb2025v15+ipcc2006_v2_ch1,derived
1857,fossil_mass_low,oil,1.6411498969802192e-05,Gt,gcb2025v15+ipcc2006_v2_ch1,derived
1858,fossil_mass_low,oil,1.992824874904552e-05,Gt,gcb2025v15+ipcc2006_v2_ch1,derived
1859,fossil_mass_low,oil,1.7582149210181678e-05,Gt,gcb2025v15+ipcc2006_v2_ch1,derived
1860,fossil_mass_low,oil,8.747915075867777e-05,Gt,gcb2025v15+ipcc2006_v2_ch1,derived
1861,fossil_mass_low,oil,0.00030105419309703487,Gt,gcb2025v15+ipcc2006_v2_ch1,derived
1862,fossil_mass_low,oil,0.0004474708963787374,Gt,gcb2025v15+ipcc2006_v2_ch1,derived
1863,fossil_mass_low,oil,0.0004136970450599562,Gt,gcb2025v15+ipcc2006_v2_ch1,derived
1864,fossil_mass_low,oil,0.0003550989459135487,Gt,gcb2025v15+ipcc2006_v2_ch1,derived
1865,fossil_mass_low,oil,0.0004222249713122971,Gt,gcb2025v15+ipcc2006_v2_ch1,derived
1866,fossil_mass_low,oil,0.0006244444823629283,Gt,gcb2025v15+ipcc2006_v2_ch1,derived
1867,fossil_mass_low,oil,0.000635001770319212,Gt,gcb2025v15+ipcc2006_v2_ch1,derived
1868,fossil_mass_low,oil,0.0007321721390148493,Gt,gcb2025v15+ipcc2006_v2_ch1,derived
1869,fossil_mass_low,oil,0.0008363107400787471,Gt,gcb2025v15+ipcc2006_v2_ch1,derived
1870,fossil_mass_low,oil,0.0010022893640074908,Gt,gcb2025v15+ipcc2006_v2_ch1,derived
1871,fossil_mass_low,oil,0.0010499545689166073,Gt,gcb2025v15+ipcc2006_v2_ch1,derived
1872,fossil_mass_low,oil,0.0011830906787361202,Gt,gcb2025v15+ipcc2006_v2_ch1,derived
1873,fossil_mass_low,oil,0.001813683394405791,Gt,gcb2025v15+ipcc2006_v2_ch1,derived
1874,fossil_mass_low,oil,0.00199708963787374,Gt,gcb2025v15+ipcc2006_v2_ch1,derived
1875,fossil_mass_low,oil,0.0018664989484730465,Gt,gcb2025v15+ipcc2006_v2_ch1,derived
1876,fossil_mass_low,oil,0.002090502983947684,Gt,gcb2025v15+ipcc2006_v2_ch1,derived
1877,fossil_mass_low,oil,0.0028224146940760433,Gt,gcb2025v15+ipcc2006_v2_ch1,derived
1878,fossil_mass_low,oil,0.0032114308231771045,Gt,gcb2025v15+ipcc2006_v2_ch1,derived
1879,fossil_mass_low,oil,0.0040492980577678615,Gt,gcb2025v15+ipcc2006_v2_ch1,derived
1880,fossil_mass_low,oil,0.004914379791059674,Gt,gcb2025v15+ipcc2006_v2_ch1,derived
1881,fossil_mass_low,oil,0.005515306009273914,Gt,gcb2025v15+ipcc2006_v2_ch1,derived
1882,fossil_mass_low,oil,0.006058203616570188,Gt,gcb2025v15+ipcc2006_v2_ch1,derived
1883,fossil_mass_low,oil,0.005278169191326716,Gt,gcb2025v15+ipcc2006_v2_ch1,derived
1884,fossil_mass_low,oil,0.005860893222023624,Gt,gcb2025v15+ipcc2006_v2_ch1,derived
1885,fossil_mass_low,oil,0.006064698661809308,Gt,gcb2025v15+ipcc2006_v2_ch1,derived
1886,fossil_mass_low,oil,0.006981238775536322,Gt,gcb2025v15+ipcc2006_v2_ch1,derived
1887,fossil_mass_low,oil,0.007511910942279062,Gt,gcb2025v15+ipcc2006_v2_ch1,derived
1888,fossil_mass_low,oil,0.00786356192491287,Gt,gcb2025v15+ipcc2006_v2_ch1,derived
1889,fossil_mass_low,oil,0.009087544417948906,Gt,gcb2025v15+ipcc2006_v2_ch1,derived
1890,fossil_mass_low,oil,0.011085193625997672,Gt,gcb2025v15+ipcc2006_v2_ch1,derived
1891,fossil_mass_low,oil,0.013062784370854149,Gt,gcb2025v15+ipcc2006_v2_ch1,derived
1892,fossil_mass_low,oil,0.01286273659356457,Gt,gcb2025v15+ipcc2006_v2_ch1,derived
1893,fossil_mass_low,oil,0.013611373021188373,Gt,gcb2025v15+ipcc2006_v2_ch1,derived
1894,fossil_mass_low,oil,0.013340499464638406,Gt,gcb2025v15+ipcc2006_v2_ch1,derived
1895,fossil_mass_low,oil,0.015528619449622687,Gt,gcb2025v15+ipcc2006_v2_ch1,derived
1896,fossil_mass_low,oil,0.01681854643995205,Gt,gcb2025v15+ipcc2006_v2_ch1,derived
1897,fossil_mass_low,oil,0.017765187525861592,Gt,gcb2025v15+ipcc2006_v2_ch1,derived
1898,fossil_mass_low,oil,0.01829034077578374,Gt,gcb2025v15+ipcc2006_v2_ch1,derived
1899,fossil_mass_low,oil,0.019204500556690738,Gt,gcb2025v15+ipcc2006_v2_ch1,derived
1900,fossil_mass_low,oil,0.021532744719969625,Gt,gcb2025v15+ipcc2006_v2_ch1,derived
1901,fossil_mass_low,oil,0.023913945209686843,Gt,gcb2025v15+ipcc2006_v2_ch1,derived
1902,fossil_mass_low,oil,0.02585196132172459,Gt,gcb2025v15+ipcc2006_v2_ch1,derived
1903,fossil_mass_low,oil,0.027373947406588998,Gt,gcb2025v15+ipcc2006_v2_ch1,derived
1904,fossil_mass_low,oil,0.030737336885347303,Gt,gcb2025v15+ipcc2006_v2_ch1,derived
1905,fossil_mass_low,oil,0.031037111969490792,Gt,gcb2025v15+ipcc2006_v2_ch1,derived
1906,fossil_mass_low,oil,0.03131472820267809,Gt,gcb2025v15+ipcc2006_v2_ch1,derived
1907,fossil_mass_low,oil,0.03820357711126563,Gt,gcb2025v15+ipcc2006_v2_ch1,derived
1908,fossil_mass_low,oil,0.04120120573668742,Gt,gcb2025v15+ipcc2006_v2_ch1,derived
1909,fossil_mass_low,oil,0.04298609862171051,Gt,gcb2025v15+ipcc2006_v2_ch1,derived
1910,fossil_mass_low,oil,0.046100875454844065,Gt,gcb2025v15+ipcc2006_v2_ch1,derived
1911,fossil_mass_low,oil,0.04889105871487623,Gt,gcb2025v15+ipcc2006_v2_ch1,derived
1912,fossil_mass_low,oil,0.05028163475115283,Gt,gcb2025v15+ipcc2006_v2_ch1,derived
1913,fossil_mass_low,oil,0.05821488955767615,Gt,gcb2025v15+ipcc2006_v2_ch1,derived
1914,fossil_mass_low,oil,0.05950938685100738,Gt,gcb2025v15+ipcc2006_v2_ch1,derived
1915,fossil_mass_low,oil,0.06320778097951975,Gt,gcb2025v15+ipcc2006_v2_ch1,derived
1916,fossil_mass_low,oil,0.06884897268162836,Gt,gcb2025v15+ipcc2006_v2_ch1,derived
1917,fossil_mass_low,oil,0.0765817778697301,Gt,gcb2025v15+ipcc2006_v2_ch1,derived
1918,fossil_mass_low,oil,0.07839188564591057,Gt,gcb2025v15+ipcc2006_v2_ch1,derived
1919,fossil_mass_low,oil,0.08747425411972476,Gt,gcb2025v15+ipcc2006_v2_ch1,derived
1920,fossil_mass_low,oil,0.11550978208010373,Gt,gcb2025v15+ipcc2006_v2_ch1,derived
1921,fossil_mass_low,oil,0.12710151660900687,Gt,gcb2025v15+ipcc2006_v2_ch1,derived
1922,fossil_mass_low,oil,0.14023089974874264,Gt,gcb2025v15+ipcc2006_v2_ch1,derived
1923,fossil_mass_low,oil,0.15534051567479024,Gt,gcb2025v15+ipcc2006_v2_ch1,derived
1924,fossil_mass_low,oil,0.1549088842296552,Gt,gcb2025v15+ipcc2006_v2_ch1,derived
1925,fossil_mass_low,oil,0.1617358064123948,Gt,gcb2025v15+ipcc2006_v2_ch1,derived
1926,fossil_mass_low,oil,0.16203863337755578,Gt,gcb2025v15+ipcc2006_v2_ch1,derived
1927,fossil_mass_low,oil,0.17729256529918397,Gt,gcb2025v15+ipcc2006_v2_ch1,derived
1928,fossil_mass_low,oil,0.18159281954261777,Gt,gcb2025v15+ipcc2006_v2_ch1,derived
1929,fossil_mass_low,oil,0.19890447816108625,Gt,gcb2025v15+ipcc2006_v2_ch1,derived
1930,fossil_mass_low,oil,0.19189322703597375,Gt,gcb2025v15+ipcc2006_v2_ch1,derived
1931,fossil_mass_low,oil,0.18572568231941677,Gt,gcb2025v15+ipcc2006_v2_ch1,derived
1932,fossil_mass_low,oil,0.17788052862158255,Gt,gcb2025v15+ipcc2006_v2_ch1,derived
1933,fossil_mass_low,oil,0.19438648585237672,Gt,gcb2025v15+ipcc2006_v2_ch1,derived
1934,fossil_mass_low,oil,0.20592299921935323,Gt,gcb2025v15+ipcc2006_v2_ch1,derived
1935,fossil_mass_low,oil,0.22138360065864404,Gt,gcb2025v15+ipcc2006_v2_ch1,derived
1936,fossil_mass_low,oil,0.24105544469138857,Gt,gcb2025v15+ipcc2006_v2_ch1,derived
1937,fossil_mass_low,oil,0.2708670621446031,Gt,gcb2025v15+ipcc2006_v2_ch1,derived
1938,fossil_mass_low,oil,0.2632484873368854,Gt,gcb2025v15+ipcc2006_v2_ch1,derived
1939,fossil_mass_low,oil,0.2733863017818369,Gt,gcb2025v15+ipcc2006_v2_ch1,derived
1940,fossil_mass_low,oil,0.28825718472321166,Gt,gcb2025v15+ipcc2006_v2_ch1,derived
1941,fossil_mass_low,oil,0.2918905320982335,Gt,gcb2025v15+ipcc2006_v2_ch1,derived
1942,fossil_mass_low,oil,0.2762681704070881,Gt,gcb2025v15+ipcc2006_v2_ch1,derived
1943,fossil_mass_low,oil,0.29645086649660224,Gt,gcb2025v15+ipcc2006_v2_ch1,derived
1944,fossil_mass_low,oil,0.3419444547416827,Gt,gcb2025v15+ipcc2006_v2_ch1,derived
1945,fossil_mass_low,oil,0.3345867244188874,Gt,gcb2025v15+ipcc2006_v2_ch1,derived
1946,fossil_mass_low,oil,0.3546281791093801,Gt,gcb2025v15+ipcc2006_v2_ch1,derived
1947,fossil_mass_low,oil,0.3987918158995994,Gt,gcb2025v15+ipcc2006_v2_ch1,derived
1948,fossil_mass_low,oil,0.4384907142491501,Gt,gcb2025v15+ipcc2006_v2_ch1,derived
1949,fossil_mass_low,oil,0.41397613620366774,Gt,gcb2025v15+ipcc2006_v2_ch1,derived
1950,fossil_mass_low,oil,0.49647314383097074,Gt,gcb2025v15+ipcc2006_v2_ch1,derived
1951,fossil_mass_low,oil,0.5503482726590194,Gt,gcb2025v15+ipcc2006_v2_ch1,derived
1952,fossil_mass_low,oil,0.5819957454750214,Gt,gcb2025v15+ipcc2006_v2_ch1,derived
1953,fossil_mass_low,oil,0.6200572791046878,Gt,gcb2025v15+ipcc2006_v2_ch1,derived
1954,fossil_mass_low,oil,0.6572252556298285,Gt,gcb2025v15+ipcc2006_v2_ch1,derived
1955,fossil_mass_low,oil,0.735707738534517,Gt,gcb2025v15+ipcc2006_v2_ch1,derived
1956,fossil_mass_low,oil,0.7995337847291838,Gt,gcb2025v15+ipcc2006_v2_ch1,derived
1957,fossil_mass_low,oil,0.8356920288711335,Gt,gcb2025v15+ipcc2006_v2_ch1,derived
1958,fossil_mass_low,oil,0.8699845719880044,Gt,gcb2025v15+ipcc2006_v2_ch1,derived
1959,fossil_mass_low,oil,0.927079879682281,Gt,gcb2025v15+ipcc2006_v2_ch1,derived
1960,fossil_mass_low,oil,0.9981943843554971,Gt,gcb2025v15+ipcc2006_v2_ch1,derived
1961,fossil_mass_low,oil,1.0587032214477372,Gt,gcb2025v15+ipcc2006_v2_ch1,derived
1962,fossil_mass_low,oil,1.1384202166188182,Gt,gcb2025v15+ipcc2006_v2_ch1,derived
1963,fossil_mass_low,oil,1.2169318736376005,Gt,gcb2025v15+ipcc2006_v2_ch1,derived
1964,fossil_mass_low,oil,1.3131313295310574,Gt,gcb2025v15+ipcc2006_v2_ch1,derived
1965,fossil_mass_low,oil,1.4107447117579057,Gt,gcb2025v15+ipcc2006_v2_ch1,derived
1966,fossil_mass_low,oil,1.5225404019904358,Gt,gcb2025v15+ipcc2006_v2_ch1,derived
1967,fossil_mass_low,oil,1.623534238506789,Gt,gcb2025v15+ipcc2006_v2_ch1,derived
1968,fossil_mass_low,oil,1.768676257566515,Gt,gcb2025v15+ipcc2006_v2_ch1,derived
1969,fossil_mass_low,oil,1.9127325034873155,Gt,gcb2025v15+ipcc2006_v2_ch1,derived
1970,fossil_mass_low,oil,2.1752581938051625,Gt,gcb2025v15+ipcc2006_v2_ch1,derived
1971,fossil_mass_low,oil,2.3038766053382593,Gt,gcb2025v15+ipcc2006_v2_ch1,derived
1972,fossil_mass_low,oil,2.484218050963864,Gt,gcb2025v15+ipcc2006_v2_ch1,derived
1973,fossil_mass_low,oil,2.6297849370363573,Gt,gcb2025v15+ipcc2006_v2_ch1,derived
1974,fossil_mass_low,oil,2.591264301833027,Gt,gcb2025v15+ipcc2006_v2_ch1,derived
1975,fossil_mass_low,oil,2.5611363570243277,Gt,gcb2025v15+ipcc2006_v2_ch1,derived
1976,fossil_mass_low,oil,2.7116732462108772,Gt,gcb2025v15+ipcc2006_v2_ch1,derived
1977,fossil_mass_low,oil,2.8050192317454496,Gt,gcb2025v15+ipcc2006_v2_ch1,derived
1978,fossil_mass_low,oil,2.922217583215667,Gt,gcb2025v15+ipcc2006_v2_ch1,derived
1979,fossil_mass_low,oil,2.951202260569659,Gt,gcb2025v15+ipcc2006_v2_ch1,derived
1980,fossil_mass_low,oil,2.8514322980876288,Gt,gcb2025v15+ipcc2006_v2_ch1,derived
1981,fossil_mass_low,oil,2.714156543462403,Gt,gcb2025v15+ipcc2006_v2_ch1,derived
1982,fossil_mass_low,oil,2.6478827680753856,Gt,gcb2025v15+ipcc2006_v2_ch1,derived
1983,fossil_mass_low,oil,2.628185896954624,Gt,gcb2025v15+ipcc2006_v2_ch1,derived
1984,fossil_mass_low,oil,2.6358687132338825,Gt,gcb2025v15+ipcc2006_v2_ch1,derived
1985,fossil_mass_low,oil,2.6387182566834886,Gt,gcb2025v15+ipcc2006_v2_ch1,derived
1986,fossil_mass_low,oil,2.716456824793854,Gt,gcb2025v15+ipcc2006_v2_ch1,derived
1987,fossil_mass_low,oil,2.744847834345046,Gt,gcb2025v15+ipcc2006_v2_ch1,derived
1988,fossil_mass_low,oil,2.8440305575225766,Gt,gcb2025v15+ipcc2006_v2_ch1,derived
1989,fossil_mass_low,oil,2.89139610764394,Gt,gcb2025v15+ipcc2006_v2_ch1,derived
1990,fossil_mass_low,oil,2.942283299704378,Gt,gcb2025v15+ipcc2006_v2_ch1,derived
1991,fossil_mass_low,oil,3.089469651609711,Gt,gcb2025v15+ipcc2006_v2_ch1,derived
1992,fossil_mass_low,oil,2.9289147593432325,Gt,gcb2025v15+ipcc2006_v2_ch1,derived
1993,fossil_mass_low,oil,2.9345667889182288,Gt,gcb2025v15+ipcc2006_v2_ch1,derived
1994,fossil_mass_low,oil,2.9422179621279665,Gt,gcb2025v15+ipcc2006_v2_ch1,derived
1995,fossil_mass_low,oil,2.9702654416626495,Gt,gcb2025v15+ipcc2006_v2_ch1,derived
1996,fossil_mass_low,oil,3.0592833672111284,Gt,gcb2025v15+ipcc2006_v2_ch1,derived
1997,fossil_mass_low,oil,3.104098267220087,Gt,gcb2025v15+ipcc2006_v2_ch1,derived
1998,fossil_mass_low,oil,3.142415118419425,Gt,gcb2025v15+ipcc2006_v2_ch1,derived
1999,fossil_mass_low,oil,3.2199081910323732,Gt,gcb2025v15+ipcc2006_v2_ch1,derived
2000,fossil_mass_low,oil,3.2670784821965606,Gt,gcb2025v15+ipcc2006_v2_ch1,derived
2001,fossil_mass_low,oil,3.290096835821023,Gt,gcb2025v15+ipcc2006_v2_ch1,derived
2002,fossil_mass_low,oil,3.285548068432435,Gt,gcb2025v15+ipcc2006_v2_ch1,derived
2003,fossil_mass_low,oil,3.372409903869534,Gt,gcb2025v15+ipcc2006_v2_ch1,derived
2004,fossil_mass_low,oil,3.4951777929451713,Gt,gcb2025v15+ipcc2006_v2_ch1,derived
2005,fossil_mass_low,oil,3.5290047749561686,Gt,gcb2025v15+ipcc2006_v2_ch1,derived
2006,fossil_mass_low,oil,3.565037190674044,Gt,gcb2025v15+ipcc2006_v2_ch1,derived
2007,fossil_mass_low,oil,3.578277694404511,Gt,gcb2025v15+ipcc2006_v2_ch1,derived
2008,fossil_mass_low,oil,3.565169020480247,Gt,gcb2025v15+ipcc2006_v2_ch1,derived
2009,fossil_mass_low,oil,3.4871863975497073,Gt,gcb2025v15+ipcc2006_v2_ch1,derived
2010,fossil_mass_low,oil,3.6004755959363712,Gt,gcb2025v15+ipcc2006_v2_ch1,derived
2011,fossil_mass_low,oil,3.6185374257212453,Gt,gcb2025v15+ipcc2006_v2_ch1,derived
2012,fossil_mass_low,oil,3.6577514435566783,Gt,gcb2025v15+ipcc2006_v2_ch1,derived
2013,fossil_mass_low,oil,3.684597079613175,Gt,gcb2025v15+ipcc2006_v2_ch1,derived
2014,fossil_mass_low,oil,3.699060180508572,Gt,gcb2025v15+ipcc2006_v2_ch1,derived
2015,fossil_mass_low,oil,3.765668175419438,Gt,gcb2025v15+ipcc2006_v2_ch1,derived
2016,fossil_mass_low,oil,3.8073371027979572,Gt,gcb2025v15+ipcc2006_v2_ch1,derived
2017,fossil_mass_low,oil,3.8665346276570784,Gt,gcb2025v15+ipcc2006_v2_ch1,derived
2018,fossil_mass_low,oil,3.8849425719112194,Gt,gcb2025v15+ipcc2006_v2_ch1,derived
2019,fossil_mass_low,oil,3.9435165765865685,Gt,gcb2025v15+ipcc2006_v2_ch1,derived
2020,fossil_mass_low,oil,3.4976627868237067,Gt,gcb2025v15+ipcc2006_v2_ch1,derived
2021,fossil_mass_low,oil,3.6834903006769872,Gt,gcb2025v15+ipcc2006_v2_ch1,derived
2022,fossil_mass_low,oil,3.8120237272897906,Gt,gcb2025v15+ipcc2006_v2_ch1,derived
2023,fossil_mass_low,oil,3.9282662749924278,Gt,gcb2025v15+ipcc2006_v2_ch1,derived
2024,fossil_mass_low,oil,3.9898074992214863,Gt,gcb2025v15+ipcc2006_v2_ch1,derived
