year,series,commodity,value,unit,source,method
1900,jacks_aggregate_index,equal_weights_42_commodities,100.0,index_1900=100,jacks2019,observed
1901,jacks_aggregate_index,equal_weights_42_commodities,95.51,index_1900=100,jacks2019,observed
1902,jacks_aggregate_index,equal_weights_42_commodities,94.36,index_1900=100,jacks2019,observed
1903,jacks_aggregate_index,equal_weights_42_commodities,95.54,index_1900=100,jacks2019,observed
1904,jacks_aggregate_index,equal_weights_42_commodities,96.25,index_1900=100,jacks2019,observed
1905,jacks_aggregate_index,equal_weights_42_commodities,101.63,index_1900=100,jacks2019,observed
1906,jacks_aggregate_index,equal_weights_42_commodities,105.7,index_1900=100,jacks2019,observed
1907,jacks_aggregate_index,equal_weights_42_commodities,108.14,index_1900=100,jacks2019,observed
1908,jacks_aggregate_index,equal_weights_42_commodities,99.45,index_1900=100,jacks2019,observed
1909,jacks_aggregate_index,equal_weights_42_commodities,106.69,index_1900=100,jacks2019,observed
1910,jacks_aggregate_index,equal_weights_42_commodities,104.45,index_1900=100,jacks2019,observed
1911,jacks_aggregate_index,equal_weights_42_commodities,105.67,index_1900=100,jacks2019,observed
1912,jacks_aggregate_index,equal_weights_42_commodities,105.18,index_1900=100,jacks2019,observed
1913,jacks_aggregate_index,equal_weights_42_commodities,101.84,index_1900=100,jacks2019,observed
1914,jacks_aggregate_index,equal_weights_42_commodities,97.15,index_1900=100,jacks2019,observed
1915,jacks_aggregate_index,equal_weights_42_commodities,113.34,index_1900=100,jacks2019,observed
1916,jacks_aggregate_index,equal_weights_42_commodities,138.76,index_1900=100,jacks2019,observed
1917,jacks_aggregate_index,equal_weights_42_commodities,143.23,index_1900=100,jacks2019,observed
1918,jacks_aggregate_index,equal_weights_42_commodities,129.65,index_1900=100,jacks2019,observed
1919,jacks_aggregate_index,equal_weights_42_commodities,116.19,index_1900=100,jacks2019,observed
1920,jacks_aggregate_index,equal_weights_42_commodities,94.88,index_1900=100,jacks2019,observed
1921,jacks_aggregate_index,equal_weights_42_commodities,69.42,index_1900=100,jacks2019,observed
1922,jacks_aggregate_index,equal_weights_42_commodities,75.11,index_1900=100,jacks2019,observed
1923,jacks_aggregate_index,equal_weights_42_commodities,80.69,index_1900=100,jacks2019,observed
1924,jacks_aggregate_index,equal_weights_42_commodities,82.45,index_1900=100,jacks2019,observed
1925,jacks_aggregate_index,equal_weights_42_commodities,84.49,index_1900=100,jacks2019,observed
1926,jacks_aggregate_index,equal_weights_42_commodities,78.63,index_1900=100,jacks2019,observed
1927,jacks_aggregate_index,equal_weights_42_commodities,76.33,index_1900=100,jacks2019,observed
1928,jacks_aggregate_index,equal_weights_42_commodities,77.05,index_1900=100,jacks2019,observed
1929,jacks_aggregate_index,equal_weights_42_commodities,74.72,index_1900=100,jacks2019,observed
1930,jacks_aggregate_index,equal_weights_42_commodities,64.55,index_1900=100,jacks2019,observed
1931,jacks_aggregate_index,equal_weights_42_commodities,57.89,index_1900=100,jacks2019,observed
1932,jacks_aggregate_index,equal_weights_42_commodities,55.59,index_1900=100,jacks2019,observed
1933,jacks_aggregate_index,equal_weights_42_commodities,68.16,index_1900=100,jacks2019,observed
1934,jacks_aggregate_index,equal_weights_42_commodities,77.95,index_1900=100,jacks2019,observed
1935,jacks_aggregate_index,equal_weights_42_commodities,79.76,index_1900=100,jacks2019,observed
1936,jacks_aggregate_index,equal_weights_42_commodities,85.49,index_1900=100,jacks2019,observed
1937,jacks_aggregate_index,equal_weights_42_commodities,87.2,index_1900=100,jacks2019,observed
1938,jacks_aggregate_index,equal_weights_42_commodities,76.31,index_1900=100,jacks2019,observed
1939,jacks_aggregate_index,equal_weights_42_commodities,74.38,index_1900=100,jacks2019,observed
1940,jacks_aggregate_index,equal_weights_42_commodities,74.91,index_1900=100,jacks2019,observed
1941,jacks_aggregate_index,equal_weights_42_commodities,83.42,index_1900=100,jacks2019,observed
1942,jacks_aggregate_index,equal_weights_42_commodities,84.01,index_1900=100,jacks2019,observed
1943,jacks_aggregate_index,equal_weights_42_commodities,86.77,index_1900=100,jacks2019,observed
1944,jacks_aggregate_index,equal_weights_42_commodities,88.4,index_1900=100,jacks2019,observed
1945,jacks_aggregate_index,equal_weights_42_commodities,88.62,index_1900=100,jacks2019,observed
1946,jacks_aggregate_index,equal_weights_42_commodities,95.3,index_1900=100,jacks2019,observed
1947,jacks_aggregate_index,equal_weights_42_commodities,102.17,index_1900=100,jacks2019,observed
1948,jacks_aggregate_index,equal_weights_42_commodities,95.7,index_1900=100,jacks2019,observed
1949,jacks_aggregate_index,equal_weights_42_commodities,89.24,index_1900=100,jacks2019,observed
1950,jacks_aggregate_index,equal_weights_42_commodities,94.85,index_1900=100,jacks2019,observed
1951,jacks_aggregate_index,equal_weights_42_commodities,97.13,index_1900=100,jacks2019,observed
1952,jacks_aggregate_index,equal_weights_42_commodities,91.39,index_1900=100,jacks2019,observed
1953,jacks_aggregate_index,equal_weights_42_commodities,89.58,index_1900=100,jacks2019,observed
1954,jacks_aggregate_index,equal_weights_42_commodities,91.74,index_1900=100,jacks2019,observed
1955,jacks_aggregate_index,equal_weights_42_commodities,88.81,index_1900=100,jacks2019,observed
1956,jacks_aggregate_index,equal_weights_42_commodities,93.64,index_1900=100,jacks2019,observed
1957,jacks_aggregate_index,equal_weights_42_commodities,90.01,index_1900=100,jacks2019,observed
1958,jacks_aggregate_index,equal_weights_42_commodities,84.39,index_1900=100,jacks2019,observed
1959,jacks_aggregate_index,equal_weights_42_commodities,88.56,index_1900=100,jacks2019,observed
1960,jacks_aggregate_index,equal_weights_42_commodities,90.12,index_1900=100,jacks2019,observed
1961,jacks_aggregate_index,equal_weights_42_commodities,87.46,index_1900=100,jacks2019,observed
1962,jacks_aggregate_index,equal_weights_42_commodities,86.91,index_1900=100,jacks2019,observed
1963,jacks_aggregate_index,equal_weights_42_commodities,87.63,index_1900=100,jacks2019,observed
1964,jacks_aggregate_index,equal_weights_42_commodities,89.43,index_1900=100,jacks2019,observed
1965,jacks_aggregate_index,equal_weights_42_commodities,88.18,index_1900=100,jacks2019,observed
1966,jacks_aggregate_index,equal_weights_42_commodities,89.69,index_1900=100,jacks2019,observed
1967,jacks_aggregate_index,equal_weights_42_commodities,87.42,index_1900=100,jacks2019,observed
1968,jacks_aggregate_index,equal_weights_42_commodities,85.04,index_1900=100,jacks2019,observed
1969,jacks_aggregate_index,equal_weights_42_commodities,82.98,index_1900=100,jacks2019,observed
1970,jacks_aggregate_index,equal_weights_42_commodities,83.13,index_1900=100,jacks2019,observed
1971,jacks_aggregate_index,equal_weights_42_commodities,79.88,index_1900=100,jacks2019,observed
1972,jacks_aggregate_index,equal_weights_42_commodities,84.31,index_1900=100,jacks2019,observed
1973,jacks_aggregate_index,equal_weights_42_commodities,110.84,index_1900=100,jacks2019,observed
1974,jacks_aggregate_index,equal_weights_42_commodities,130.87,index_1900=100,jacks2019,observed
1975,jacks_aggregate_index,equal_weights_42_commodities,114.15,index_1900=100,jacks2019,observed
1976,jacks_aggregate_index,equal_weights_42_commodities,119.39,index_1900=100,jacks2019,observed
1977,jacks_aggregate_index,equal_weights_42_commodities,126.79,index_1900=100,jacks2019,observed
1978,jacks_aggregate_index,equal_weights_42_commodities,126.51,index_1900=100,jacks2019,observed
1979,jacks_aggregate_index,equal_weights_42_commodities,147.04,index_1900=100,jacks2019,observed
1980,jacks_aggregate_index,equal_weights_42_commodities,155.58,index_1900=100,jacks2019,observed
1981,jacks_aggregate_index,equal_weights_42_commodities,128.38,index_1900=100,jacks2019,observed
1982,jacks_aggregate_index,equal_weights_42_commodities,112.18,index_1900=100,jacks2019,observed
1983,jacks_aggregate_index,equal_weights_42_commodities,109.81,index_1900=100,jacks2019,observed
1984,jacks_aggregate_index,equal_weights_42_commodities,104.68,index_1900=100,jacks2019,observed
1985,jacks_aggregate_index,equal_weights_42_commodities,91.78,index_1900=100,jacks2019,observed
1986,jacks_aggregate_index,equal_weights_42_commodities,85.76,index_1900=100,jacks2019,observed
1987,jacks_aggregate_index,equal_weights_42_commodities,89.97,index_1900=100,jacks2019,observed
1988,jacks_aggregate_index,equal_weights_42_commodities,92.47,index_1900=100,jacks2019,observed
1989,jacks_aggregate_index,equal_weights_42_commodities,90.6,index_1900=100,jacks2019,observed
1990,jacks_aggregate_index,equal_weights_42_commodities,85.8,index_1900=100,jacks2019,observed
1991,jacks_aggregate_index,equal_weights_42_commodities,78.35,index_1900=100,jacks2019,observed
1992,jacks_aggregate_index,equal_weights_42_commodities,74.38,index_1900=100,jacks2019,observed
1993,jacks_aggregate_index,equal_weights_42_commodities,80.99,index_1900=100,jacks2019,observed
1994,jacks_aggregate_index,equal_weights_42_commodities,76.33,index_1900=100,jacks2019,observed
1995,jacks_aggregate_index,equal_weights_42_commodities,74.15,index_1900=100,jacks2019,observed
1996,jacks_aggregate_index,equal_weights_42_commodities,75.33,index_1900=100,jacks2019,observed
1997,jacks_aggregate_index,equal_weights_42_commodities,73.0,index_1900=100,jacks2019,observed
1998,jacks_aggregate_index,equal_weights_42_commodities,59.66,index_1900=100,jacks2019,observed
1999,jacks_aggregate_index,equal_weights_42_commodities,57.51,index_1900=100,jacks2019,observed
2000,jacks_aggregate_index,equal_weights_42_commodities,63.01,index_1900=100,jacks2019,observed
2001,jacks_aggregate_index,equal_weights_42_commodities,58.25,index_1900=100,jacks2019,observed
2002,jacks_aggregate_index,equal_weights_42_commodities,57.48,index_1900=100,jacks2019,observed
2003,jacks_aggregate_index,equal_weights_42_commodities,65.85,index_1900=100,jacks2019,observed
2004,jacks_aggregate_index,equal_weights_42_commodities,77.93,index_1900=100,jacks2019,observed
2005,jacks_aggregate_index,equal_weights_42_commodities,82.24,index_1900=100,jacks2019,observed
2006,jacks_aggregate_index,equal_weights_42_commodities,88.03,index_1900=100,jacks2019,observed
2007,jacks_aggregate_index,equal_weights_42_commodities,101.76,index_1900=100,jacks2019,observed
2008,jacks_aggregate_index,equal_weights_42_commodities,122.88,index_1900=100,jacks2019,observed
2009,jacks_aggregate_index,equal_weights_42_commodities,92.92,index_1900=100,jacks2019,observed
2010,jacks_aggregate_index,equal_weights_42_commodities,106.94,index_1900=100,jacks2019,observed
2011,jacks_aggregate_index,equal_weights_42_commodities,126.45,index_1900=100,jacks2019,observed
2012,jacks_aggregate_index,equal_weights_42_commodities,111.55,index_1900=100,jacks2019,observed
2013,jacks_aggregate_index,equal_weights_42_commodities,102.2,index_1900=100,jacks2019,observed
2014,jacks_aggregate_index,equal_weights_42_commodities,98.46,index_1900=100,jacks2019,observed
2015,jacks_aggregate_index,equal_weights_42_commodities,78.53,index_1900=100,jacks2019,observed
2016,jacks_aggregate_index,equal_weights_42_commodities,74.89,index_1900=100,jacks2019,observed
2017,jacks_aggregate_index,equal_weights_42_commodities,79.11,index_1900=100,jacks2019,observed
2018,jacks_aggregate_index,equal_weights_42_commodities,81.39,index_1900=100,jacks2019,observed
2019,jacks_aggregate_index,equal_weights_42_commodities,76.42,index_1900=100,jacks2019,observed
2020,jacks_aggregate_index,equal_weights_42_commodities,73.08,index_1900=100,jacks2019,observed
2021,jacks_aggregate_index,equal_weights_42_commodities,94.39,index_1900=100,jacks2019,observed
2022,jacks_aggregate_index,equal_weights_42_commodities,105.41,index_1900=100,jacks2019,observed
2023,jacks_aggregate_index,equal_weights_42_commodities,81.94,index_1900=100,jacks2019,observed
2024,jacks_aggregate_index,equal_weights_42_commodities,79.17,index_1900=100,jacks2019,observed
2025,jacks_aggregate_index,equal_weights_42_commodities,84.83,index_1900=100,jacks2019,observed
1900,jacks_aggregate_index,value_of_production_weights_1975_shares,100.0,index_1900=100,jacks2019,observed
1901,jacks_aggregate_index,value_of_production_weights_1975_shares,94.38,index_1900=100,jacks2019,observed
1902,jacks_aggregate_index,value_of_production_weights_1975_shares,97.46,index_1900=100,jacks2019,observed
1903,jacks_aggregate_index,value_of_production_weights_1975_shares,102.24,index_1900=100,jacks2019,observed
1904,jacks_aggregate_index,value_of_production_weights_1975_shares,98.51,index_1900=100,jacks2019,observed
1905,jacks_aggregate_index,value_of_production_weights_1975_shares,98.63,index_1900=100,jacks2019,observed
1906,jacks_aggregate_index,value_of_production_weights_1975_shares,103.07,index_1900=100,jacks2019,observed
1907,jacks_aggregate_index,value_of_production_weights_1975_shares,105.25,index_1900=100,jacks2019,observed
1908,jacks_aggregate_index,value_of_production_weights_1975_shares,107.53,index_1900=100,jacks2019,observed
1909,jacks_aggregate_index,value_of_production_weights_1975_shares,106.66,index_1900=100,jacks2019,observed
1910,jacks_aggregate_index,value_of_production_weights_1975_shares,100.16,index_1900=100,jacks2019,observed
1911,jacks_aggregate_index,value_of_production_weights_1975_shares,98.19,index_1900=100,jacks2019,observed
1912,jacks_aggregate_index,value_of_production_weights_1975_shares,104.77,index_1900=100,jacks2019,observed
1913,jacks_aggregate_index,value_of_production_weights_1975_shares,110.27,index_1900=100,jacks2019,observed
1914,jacks_aggregate_index,value_of_production_weights_1975_shares,100.11,index_1900=100,jacks2019,observed
1915,jacks_aggregate_index,value_of_production_weights_1975_shares,104.42,index_1900=100,jacks2019,observed
1916,jacks_aggregate_index,value_of_production_weights_1975_shares,135.31,index_1900=100,jacks2019,observed
1917,jacks_aggregate_index,value_of_production_weights_1975_shares,155.03,index_1900=100,jacks2019,observed
1918,jacks_aggregate_index,value_of_production_weights_1975_shares,144.05,index_1900=100,jacks2019,observed
1919,jacks_aggregate_index,value_of_production_weights_1975_shares,130.98,index_1900=100,jacks2019,observed
1920,jacks_aggregate_index,value_of_production_weights_1975_shares,133.92,index_1900=100,jacks2019,observed
1921,jacks_aggregate_index,value_of_production_weights_1975_shares,86.27,index_1900=100,jacks2019,observed
1922,jacks_aggregate_index,value_of_production_weights_1975_shares,93.01,index_1900=100,jacks2019,observed
1923,jacks_aggregate_index,value_of_production_weights_1975_shares,92.36,index_1900=100,jacks2019,observed
1924,jacks_aggregate_index,value_of_production_weights_1975_shares,94.67,index_1900=100,jacks2019,observed
1925,jacks_aggregate_index,value_of_production_weights_1975_shares,100.72,index_1900=100,jacks2019,observed
1926,jacks_aggregate_index,value_of_production_weights_1975_shares,102.2,index_1900=100,jacks2019,observed
1927,jacks_aggregate_index,value_of_production_weights_1975_shares,84.97,index_1900=100,jacks2019,observed
1928,jacks_aggregate_index,value_of_production_weights_1975_shares,85.39,index_1900=100,jacks2019,observed
1929,jacks_aggregate_index,value_of_production_weights_1975_shares,85.79,index_1900=100,jacks2019,observed
1930,jacks_aggregate_index,value_of_production_weights_1975_shares,75.83,index_1900=100,jacks2019,observed
1931,jacks_aggregate_index,value_of_production_weights_1975_shares,61.0,index_1900=100,jacks2019,observed
1932,jacks_aggregate_index,value_of_production_weights_1975_shares,63.64,index_1900=100,jacks2019,observed
1933,jacks_aggregate_index,value_of_production_weights_1975_shares,65.4,index_1900=100,jacks2019,observed
1934,jacks_aggregate_index,value_of_production_weights_1975_shares,79.75,index_1900=100,jacks2019,observed
1935,jacks_aggregate_index,value_of_production_weights_1975_shares,86.18,index_1900=100,jacks2019,observed
1936,jacks_aggregate_index,value_of_production_weights_1975_shares,90.94,index_1900=100,jacks2019,observed
1937,jacks_aggregate_index,value_of_production_weights_1975_shares,98.09,index_1900=100,jacks2019,observed
1938,jacks_aggregate_index,value_of_production_weights_1975_shares,88.77,index_1900=100,jacks2019,observed
1939,jacks_aggregate_index,value_of_production_weights_1975_shares,82.31,index_1900=100,jacks2019,observed
1940,jacks_aggregate_index,value_of_production_weights_1975_shares,84.41,index_1900=100,jacks2019,observed
1941,jacks_aggregate_index,value_of_production_weights_1975_shares,91.52,index_1900=100,jacks2019,observed
1942,jacks_aggregate_index,value_of_production_weights_1975_shares,92.26,index_1900=100,jacks2019,observed
1943,jacks_aggregate_index,value_of_production_weights_1975_shares,91.47,index_1900=100,jacks2019,observed
1944,jacks_aggregate_index,value_of_production_weights_1975_shares,90.99,index_1900=100,jacks2019,observed
1945,jacks_aggregate_index,value_of_production_weights_1975_shares,90.66,index_1900=100,jacks2019,observed
1946,jacks_aggregate_index,value_of_production_weights_1975_shares,96.81,index_1900=100,jacks2019,observed
1947,jacks_aggregate_index,value_of_production_weights_1975_shares,106.47,index_1900=100,jacks2019,observed
1948,jacks_aggregate_index,value_of_production_weights_1975_shares,108.47,index_1900=100,jacks2019,observed
1949,jacks_aggregate_index,value_of_production_weights_1975_shares,104.8,index_1900=100,jacks2019,observed
1950,jacks_aggregate_index,value_of_production_weights_1975_shares,103.17,index_1900=100,jacks2019,observed
1951,jacks_aggregate_index,value_of_production_weights_1975_shares,99.44,index_1900=100,jacks2019,observed
1952,jacks_aggregate_index,value_of_production_weights_1975_shares,97.12,index_1900=100,jacks2019,observed
1953,jacks_aggregate_index,value_of_production_weights_1975_shares,100.57,index_1900=100,jacks2019,observed
1954,jacks_aggregate_index,value_of_production_weights_1975_shares,101.15,index_1900=100,jacks2019,observed
1955,jacks_aggregate_index,value_of_production_weights_1975_shares,100.15,index_1900=100,jacks2019,observed
1956,jacks_aggregate_index,value_of_production_weights_1975_shares,104.04,index_1900=100,jacks2019,observed
1957,jacks_aggregate_index,value_of_production_weights_1975_shares,105.03,index_1900=100,jacks2019,observed
1958,jacks_aggregate_index,value_of_production_weights_1975_shares,102.1,index_1900=100,jacks2019,observed
1959,jacks_aggregate_index,value_of_production_weights_1975_shares,107.39,index_1900=100,jacks2019,observed
1960,jacks_aggregate_index,value_of_production_weights_1975_shares,107.74,index_1900=100,jacks2019,observed
1961,jacks_aggregate_index,value_of_production_weights_1975_shares,106.28,index_1900=100,jacks2019,observed
1962,jacks_aggregate_index,value_of_production_weights_1975_shares,106.53,index_1900=100,jacks2019,observed
1963,jacks_aggregate_index,value_of_production_weights_1975_shares,105.51,index_1900=100,jacks2019,observed
1964,jacks_aggregate_index,value_of_production_weights_1975_shares,106.07,index_1900=100,jacks2019,observed
1965,jacks_aggregate_index,value_of_production_weights_1975_shares,104.71,index_1900=100,jacks2019,observed
1966,jacks_aggregate_index,value_of_production_weights_1975_shares,107.21,index_1900=100,jacks2019,observed
1967,jacks_aggregate_index,value_of_production_weights_1975_shares,106.88,index_1900=100,jacks2019,observed
1968,jacks_aggregate_index,value_of_production_weights_1975_shares,103.87,index_1900=100,jacks2019,observed
1969,jacks_aggregate_index,value_of_production_weights_1975_shares,104.33,index_1900=100,jacks2019,observed
1970,jacks_aggregate_index,value_of_production_weights_1975_shares,102.45,index_1900=100,jacks2019,observed
1971,jacks_aggregate_index,value_of_production_weights_1975_shares,101.83,index_1900=100,jacks2019,observed
1972,jacks_aggregate_index,value_of_production_weights_1975_shares,104.38,index_1900=100,jacks2019,observed
1973,jacks_aggregate_index,value_of_production_weights_1975_shares,136.6,index_1900=100,jacks2019,observed
1974,jacks_aggregate_index,value_of_production_weights_1975_shares,198.09,index_1900=100,jacks2019,observed
1975,jacks_aggregate_index,value_of_production_weights_1975_shares,177.24,index_1900=100,jacks2019,observed
1976,jacks_aggregate_index,value_of_production_weights_1975_shares,173.27,index_1900=100,jacks2019,observed
1977,jacks_aggregate_index,value_of_production_weights_1975_shares,172.51,index_1900=100,jacks2019,observed
1978,jacks_aggregate_index,value_of_production_weights_1975_shares,173.54,index_1900=100,jacks2019,observed
1979,jacks_aggregate_index,value_of_production_weights_1975_shares,206.03,index_1900=100,jacks2019,observed
1980,jacks_aggregate_index,value_of_production_weights_1975_shares,244.78,index_1900=100,jacks2019,observed
1981,jacks_aggregate_index,value_of_production_weights_1975_shares,229.25,index_1900=100,jacks2019,observed
1982,jacks_aggregate_index,value_of_production_weights_1975_shares,200.85,index_1900=100,jacks2019,observed
1983,jacks_aggregate_index,value_of_production_weights_1975_shares,188.04,index_1900=100,jacks2019,observed
1984,jacks_aggregate_index,value_of_production_weights_1975_shares,176.67,index_1900=100,jacks2019,observed
1985,jacks_aggregate_index,value_of_production_weights_1975_shares,162.17,index_1900=100,jacks2019,observed
1986,jacks_aggregate_index,value_of_production_weights_1975_shares,117.67,index_1900=100,jacks2019,observed
1987,jacks_aggregate_index,value_of_production_weights_1975_shares,124.84,index_1900=100,jacks2019,observed
1988,jacks_aggregate_index,value_of_production_weights_1975_shares,112.63,index_1900=100,jacks2019,observed
1989,jacks_aggregate_index,value_of_production_weights_1975_shares,119.5,index_1900=100,jacks2019,observed
1990,jacks_aggregate_index,value_of_production_weights_1975_shares,127.46,index_1900=100,jacks2019,observed
1991,jacks_aggregate_index,value_of_production_weights_1975_shares,114.19,index_1900=100,jacks2019,observed
1992,jacks_aggregate_index,value_of_production_weights_1975_shares,104.71,index_1900=100,jacks2019,observed
1993,jacks_aggregate_index,value_of_production_weights_1975_shares,103.22,index_1900=100,jacks2019,observed
1994,jacks_aggregate_index,value_of_production_weights_1975_shares,94.7,index_1900=100,jacks2019,observed
1995,jacks_aggregate_index,value_of_production_weights_1975_shares,93.93,index_1900=100,jacks2019,observed
1996,jacks_aggregate_index,value_of_production_weights_1975_shares,101.48,index_1900=100,jacks2019,observed
1997,jacks_aggregate_index,value_of_production_weights_1975_shares,94.08,index_1900=100,jacks2019,observed
1998,jacks_aggregate_index,value_of_production_weights_1975_shares,72.66,index_1900=100,jacks2019,observed
1999,jacks_aggregate_index,value_of_production_weights_1975_shares,79.39,index_1900=100,jacks2019,observed
2000,jacks_aggregate_index,value_of_production_weights_1975_shares,103.89,index_1900=100,jacks2019,observed
2001,jacks_aggregate_index,value_of_production_weights_1975_shares,90.35,index_1900=100,jacks2019,observed
2002,jacks_aggregate_index,value_of_production_weights_1975_shares,88.89,index_1900=100,jacks2019,observed
2003,jacks_aggregate_index,value_of_production_weights_1975_shares,102.91,index_1900=100,jacks2019,observed
2004,jacks_aggregate_index,value_of_production_weights_1975_shares,132.55,index_1900=100,jacks2019,observed
2005,jacks_aggregate_index,value_of_production_weights_1975_shares,161.03,index_1900=100,jacks2019,observed
2006,jacks_aggregate_index,value_of_production_weights_1975_shares,172.9,index_1900=100,jacks2019,observed
2007,jacks_aggregate_index,value_of_production_weights_1975_shares,182.82,index_1900=100,jacks2019,observed
2008,jacks_aggregate_index,value_of_production_weights_1975_shares,245.48,index_1900=100,jacks2019,observed
2009,jacks_aggregate_index,value_of_production_weights_1975_shares,163.38,index_1900=100,jacks2019,observed
2010,jacks_aggregate_index,value_of_production_weights_1975_shares,197.35,index_1900=100,jacks2019,observed
2011,jacks_aggregate_index,value_of_production_weights_1975_shares,228.73,index_1900=100,jacks2019,observed
2012,jacks_aggregate_index,value_of_production_weights_1975_shares,215.55,index_1900=100,jacks2019,observed
2013,jacks_aggregate_index,value_of_production_weights_1975_shares,213.1,index_1900=100,jacks2019,observed
2014,jacks_aggregate_index,value_of_production_weights_1975_shares,202.67,index_1900=100,jacks2019,observed
2015,jacks_aggregate_index,value_of_production_weights_1975_shares,127.09,index_1900=100,jacks2019,observed
2016,jacks_aggregate_index,value_of_production_weights_1975_shares,115.64,index_1900=100,jacks2019,observed
2017,jacks_aggregate_index,value_of_production_weights_1975_shares,129.55,index_1900=100,jacks2019,observed
2018,jacks_aggregate_index,value_of_production_weights_1975_shares,149.72,index_1900=100,jacks2019,observed
2019,jacks_aggregate_index,value_of_production_weights_1975_shares,134.33,index_1900=100,jacks2019,observed
2020,jacks_aggregate_index,value_of_production_weights_1975_shares,106.48,index_1900=100,jacks2019,observed
2021,jacks_aggregate_index,value_of_production_weights_1975_shares,157.33,index_1900=100,jacks2019,observed
2022,jacks_aggregate_index,value_of_production_weights_1975_shares,202.71,index_1900=100,jacks2019,observed
2023,jacks_aggregate_index,value_of_production_weights_1975_shares,152.4,index_1900=100,jacks2019,observed
2024,jacks_aggregate_index,value_of_production_weights_1975_shares,143.39,index_1900=100,jacks2019,observed
2025,jacks_aggregate_index,value_of_production_weights_1975_shares,128.22,index_1900=100,jacks2019,observed
1900,jacks_aggregate_index,value_of_production_weights_2019_shares,100.0,index_1900=100,jacks2019,observed
1901,jacks_aggregate_index,value_of_production_weights_2019_shares,92.28,index_1900=100,jacks2019,observed
1902,jacks_aggregate_index,value_of_production_weights_2019_shares,94.96,index_1900=100,jacks2019,observed
1903,jacks_aggregate_index,value_of_production_weights_2019_shares,99.76,index_1900=100,jacks2019,observed
1904,jacks_aggregate_index,value_of_production_weights_2019_shares,94.92,index_1900=100,jacks2019,observed
1905,jacks_aggregate_index,value_of_production_weights_2019_shares,94.29,index_1900=100,jacks2019,observed
1906,jacks_aggregate_index,value_of_production_weights_2019_shares,98.31,index_1900=100,jacks2019,observed
1907,jacks_aggregate_index,value_of_production_weights_2019_shares,100.37,index_1900=100,jacks2019,observed
1908,jacks_aggregate_index,value_of_production_weights_2019_shares,100.55,index_1900=100,jacks2019,observed
1909,jacks_aggregate_index,value_of_production_weights_2019_shares,97.43,index_1900=100,jacks2019,observed
1910,jacks_aggregate_index,value_of_production_weights_2019_shares,90.4,index_1900=100,jacks2019,observed
1911,jacks_aggregate_index,value_of_production_weights_2019_shares,86.88,index_1900=100,jacks2019,observed
1912,jacks_aggregate_index,value_of_production_weights_2019_shares,92.01,index_1900=100,jacks2019,observed
1913,jacks_aggregate_index,value_of_production_weights_2019_shares,103.12,index_1900=100,jacks2019,observed
1914,jacks_aggregate_index,value_of_production_weights_2019_shares,90.31,index_1900=100,jacks2019,observed
1915,jacks_aggregate_index,value_of_production_weights_2019_shares,94.17,index_1900=100,jacks2019,observed
1916,jacks_aggregate_index,value_of_production_weights_2019_shares,132.93,index_1900=100,jacks2019,observed
1917,jacks_aggregate_index,value_of_production_weights_2019_shares,152.33,index_1900=100,jacks2019,observed
1918,jacks_aggregate_index,value_of_production_weights_2019_shares,139.85,index_1900=100,jacks2019,observed
1919,jacks_aggregate_index,value_of_production_weights_2019_shares,122.64,index_1900=100,jacks2019,observed
1920,jacks_aggregate_index,value_of_production_weights_2019_shares,132.63,index_1900=100,jacks2019,observed
1921,jacks_aggregate_index,value_of_production_weights_2019_shares,84.31,index_1900=100,jacks2019,observed
1922,jacks_aggregate_index,value_of_production_weights_2019_shares,90.31,index_1900=100,jacks2019,observed
1923,jacks_aggregate_index,value_of_production_weights_2019_shares,90.99,index_1900=100,jacks2019,observed
1924,jacks_aggregate_index,value_of_production_weights_2019_shares,90.97,index_1900=100,jacks2019,observed
1925,jacks_aggregate_index,value_of_production_weights_2019_shares,95.76,index_1900=100,jacks2019,observed
1926,jacks_aggregate_index,value_of_production_weights_2019_shares,98.42,index_1900=100,jacks2019,observed
1927,jacks_aggregate_index,value_of_production_weights_2019_shares,79.5,index_1900=100,jacks2019,observed
1928,jacks_aggregate_index,value_of_production_weights_2019_shares,80.21,index_1900=100,jacks2019,observed
1929,jacks_aggregate_index,value_of_production_weights_2019_shares,81.5,index_1900=100,jacks2019,observed
1930,jacks_aggregate_index,value_of_production_weights_2019_shares,73.58,index_1900=100,jacks2019,observed
1931,jacks_aggregate_index,value_of_production_weights_2019_shares,61.56,index_1900=100,jacks2019,observed
1932,jacks_aggregate_index,value_of_production_weights_2019_shares,68.11,index_1900=100,jacks2019,observed
1933,jacks_aggregate_index,value_of_production_weights_2019_shares,69.34,index_1900=100,jacks2019,observed
1934,jacks_aggregate_index,value_of_production_weights_2019_shares,82.93,index_1900=100,jacks2019,observed
1935,jacks_aggregate_index,value_of_production_weights_2019_shares,84.06,index_1900=100,jacks2019,observed
1936,jacks_aggregate_index,value_of_production_weights_2019_shares,88.54,index_1900=100,jacks2019,observed
1937,jacks_aggregate_index,value_of_production_weights_2019_shares,97.23,index_1900=100,jacks2019,observed
1938,jacks_aggregate_index,value_of_production_weights_2019_shares,91.59,index_1900=100,jacks2019,observed
1939,jacks_aggregate_index,value_of_production_weights_2019_shares,85.61,index_1900=100,jacks2019,observed
1940,jacks_aggregate_index,value_of_production_weights_2019_shares,86.55,index_1900=100,jacks2019,observed
1941,jacks_aggregate_index,value_of_production_weights_2019_shares,90.5,index_1900=100,jacks2019,observed
1942,jacks_aggregate_index,value_of_production_weights_2019_shares,88.25,index_1900=100,jacks2019,observed
1943,jacks_aggregate_index,value_of_production_weights_2019_shares,87.23,index_1900=100,jacks2019,observed
1944,jacks_aggregate_index,value_of_production_weights_2019_shares,87.11,index_1900=100,jacks2019,observed
1945,jacks_aggregate_index,value_of_production_weights_2019_shares,86.63,index_1900=100,jacks2019,observed
1946,jacks_aggregate_index,value_of_production_weights_2019_shares,92.27,index_1900=100,jacks2019,observed
1947,jacks_aggregate_index,value_of_production_weights_2019_shares,100.19,index_1900=100,jacks2019,observed
1948,jacks_aggregate_index,value_of_production_weights_2019_shares,106.75,index_1900=100,jacks2019,observed
1949,jacks_aggregate_index,value_of_production_weights_2019_shares,105.26,index_1900=100,jacks2019,observed
1950,jacks_aggregate_index,value_of_production_weights_2019_shares,104.92,index_1900=100,jacks2019,observed
1951,jacks_aggregate_index,value_of_production_weights_2019_shares,100.77,index_1900=100,jacks2019,observed
1952,jacks_aggregate_index,value_of_production_weights_2019_shares,99.2,index_1900=100,jacks2019,observed
1953,jacks_aggregate_index,value_of_production_weights_2019_shares,102.82,index_1900=100,jacks2019,observed
1954,jacks_aggregate_index,value_of_production_weights_2019_shares,104.23,index_1900=100,jacks2019,observed
1955,jacks_aggregate_index,value_of_production_weights_2019_shares,105.67,index_1900=100,jacks2019,observed
1956,jacks_aggregate_index,value_of_production_weights_2019_shares,110.16,index_1900=100,jacks2019,observed
1957,jacks_aggregate_index,value_of_production_weights_2019_shares,111.39,index_1900=100,jacks2019,observed
1958,jacks_aggregate_index,value_of_production_weights_2019_shares,108.32,index_1900=100,jacks2019,observed
1959,jacks_aggregate_index,value_of_production_weights_2019_shares,114.43,index_1900=100,jacks2019,observed
1960,jacks_aggregate_index,value_of_production_weights_2019_shares,113.87,index_1900=100,jacks2019,observed
1961,jacks_aggregate_index,value_of_production_weights_2019_shares,112.03,index_1900=100,jacks2019,observed
1962,jacks_aggregate_index,value_of_production_weights_2019_shares,112.02,index_1900=100,jacks2019,observed
1963,jacks_aggregate_index,value_of_production_weights_2019_shares,110.41,index_1900=100,jacks2019,observed
1964,jacks_aggregate_index,value_of_production_weights_2019_shares,111.43,index_1900=100,jacks2019,observed
1965,jacks_aggregate_index,value_of_production_weights_2019_shares,110.56,index_1900=100,jacks2019,observed
1966,jacks_aggregate_index,value_of_production_weights_2019_shares,110.97,index_1900=100,jacks2019,observed
1967,jacks_aggregate_index,value_of_production_weights_2019_shares,109.95,index_1900=100,jacks2019,observed
1968,jacks_aggregate_index,value_of_production_weights_2019_shares,107.56,index_1900=100,jacks2019,observed
1969,jacks_aggregate_index,value_of_production_weights_2019_shares,107.92,index_1900=100,jacks2019,observed
1970,jacks_aggregate_index,value_of_production_weights_2019_shares,107.71,index_1900=100,jacks2019,observed
1971,jacks_aggregate_index,value_of_production_weights_2019_shares,109.87,index_1900=100,jacks2019,observed
1972,jacks_aggregate_index,value_of_production_weights_2019_shares,108.66,index_1900=100,jacks2019,observed
1973,jacks_aggregate_index,value_of_production_weights_2019_shares,134.25,index_1900=100,jacks2019,observed
1974,jacks_aggregate_index,value_of_production_weights_2019_shares,203.57,index_1900=100,jacks2019,observed
1975,jacks_aggregate_index,value_of_production_weights_2019_shares,191.28,index_1900=100,jacks2019,observed
1976,jacks_aggregate_index,value_of_production_weights_2019_shares,190.8,index_1900=100,jacks2019,observed
1977,jacks_aggregate_index,value_of_production_weights_2019_shares,192.84,index_1900=100,jacks2019,observed
1978,jacks_aggregate_index,value_of_production_weights_2019_shares,191.63,index_1900=100,jacks2019,observed
1979,jacks_aggregate_index,value_of_production_weights_2019_shares,230.98,index_1900=100,jacks2019,observed
1980,jacks_aggregate_index,value_of_production_weights_2019_shares,277.88,index_1900=100,jacks2019,observed
1981,jacks_aggregate_index,value_of_production_weights_2019_shares,262.25,index_1900=100,jacks2019,observed
1982,jacks_aggregate_index,value_of_production_weights_2019_shares,233.88,index_1900=100,jacks2019,observed
1983,jacks_aggregate_index,value_of_production_weights_2019_shares,222.12,index_1900=100,jacks2019,observed
1984,jacks_aggregate_index,value_of_production_weights_2019_shares,210.47,index_1900=100,jacks2019,observed
1985,jacks_aggregate_index,value_of_production_weights_2019_shares,195.28,index_1900=100,jacks2019,observed
1986,jacks_aggregate_index,value_of_production_weights_2019_shares,141.47,index_1900=100,jacks2019,observed
1987,jacks_aggregate_index,value_of_production_weights_2019_shares,145.58,index_1900=100,jacks2019,observed
1988,jacks_aggregate_index,value_of_production_weights_2019_shares,131.61,index_1900=100,jacks2019,observed
1989,jacks_aggregate_index,value_of_production_weights_2019_shares,140.04,index_1900=100,jacks2019,observed
1990,jacks_aggregate_index,value_of_production_weights_2019_shares,148.17,index_1900=100,jacks2019,observed
1991,jacks_aggregate_index,value_of_production_weights_2019_shares,132.98,index_1900=100,jacks2019,observed
1992,jacks_aggregate_index,value_of_production_weights_2019_shares,122.4,index_1900=100,jacks2019,observed
1993,jacks_aggregate_index,value_of_production_weights_2019_shares,120.43,index_1900=100,jacks2019,observed
1994,jacks_aggregate_index,value_of_production_weights_2019_shares,110.65,index_1900=100,jacks2019,observed
1995,jacks_aggregate_index,value_of_production_weights_2019_shares,109.8,index_1900=100,jacks2019,observed
1996,jacks_aggregate_index,value_of_production_weights_2019_shares,118.11,index_1900=100,jacks2019,observed
1997,jacks_aggregate_index,value_of_production_weights_2019_shares,110.8,index_1900=100,jacks2019,observed
1998,jacks_aggregate_index,value_of_production_weights_2019_shares,86.34,index_1900=100,jacks2019,observed
1999,jacks_aggregate_index,value_of_production_weights_2019_shares,94.12,index_1900=100,jacks2019,observed
2000,jacks_aggregate_index,value_of_production_weights_2019_shares,126.92,index_1900=100,jacks2019,observed
2001,jacks_aggregate_index,value_of_production_weights_2019_shares,109.24,index_1900=100,jacks2019,observed
2002,jacks_aggregate_index,value_of_production_weights_2019_shares,106.8,index_1900=100,jacks2019,observed
2003,jacks_aggregate_index,value_of_production_weights_2019_shares,127.57,index_1900=100,jacks2019,observed
2004,jacks_aggregate_index,value_of_production_weights_2019_shares,165.86,index_1900=100,jacks2019,observed
2005,jacks_aggregate_index,value_of_production_weights_2019_shares,204.6,index_1900=100,jacks2019,observed
2006,jacks_aggregate_index,value_of_production_weights_2019_shares,214.67,index_1900=100,jacks2019,observed
2007,jacks_aggregate_index,value_of_production_weights_2019_shares,226.01,index_1900=100,jacks2019,observed
2008,jacks_aggregate_index,value_of_production_weights_2019_shares,305.39,index_1900=100,jacks2019,observed
2009,jacks_aggregate_index,value_of_production_weights_2019_shares,199.42,index_1900=100,jacks2019,observed
2010,jacks_aggregate_index,value_of_production_weights_2019_shares,241.22,index_1900=100,jacks2019,observed
2011,jacks_aggregate_index,value_of_production_weights_2019_shares,276.82,index_1900=100,jacks2019,observed
2012,jacks_aggregate_index,value_of_production_weights_2019_shares,258.79,index_1900=100,jacks2019,observed
2013,jacks_aggregate_index,value_of_production_weights_2019_shares,256.3,index_1900=100,jacks2019,observed
2014,jacks_aggregate_index,value_of_production_weights_2019_shares,244.37,index_1900=100,jacks2019,observed
2015,jacks_aggregate_index,value_of_production_weights_2019_shares,154.59,index_1900=100,jacks2019,observed
2016,jacks_aggregate_index,value_of_production_weights_2019_shares,140.76,index_1900=100,jacks2019,observed
2017,jacks_aggregate_index,value_of_production_weights_2019_shares,158.66,index_1900=100,jacks2019,observed
2018,jacks_aggregate_index,value_of_production_weights_2019_shares,183.77,index_1900=100,jacks2019,observed
2019,jacks_aggregate_index,value_of_production_weights_2019_shares,163.83,index_1900=100,jacks2019,observed
2020,jacks_aggregate_index,value_of_production_weights_2019_shares,130.32,index_1900=100,jacks2019,observed
2021,jacks_aggregate_index,value_of_production_weights_2019_shares,194.99,index_1900=100,jacks2019,observed
2022,jacks_aggregate_index,value_of_production_weights_2019_shares,255.57,index_1900=100,jacks2019,observed
2023,jacks_aggregate_index,value_of_production_weights_2019_shares,188.41,index_1900=100,jacks2019,observed
2024,jacks_aggregate_index,value_of_production_weights_2019_shares,176.51,index_1900=100,jacks2019,observed
2025,jacks_aggregate_index,value_of_production_weights_2019_shares,161.51,index_1900=100,jacks2019,observed
1900,jacks_subindex,commodities_in_the_ground,100.0,index_1900=100,jacks2019,observed
1901,jacks_subindex,commodities_in_the_ground,89.43,index_1900=100,jacks2019,observed
1902,jacks_subindex,commodities_in_the_ground,91.67,index_1900=100,jacks2019,observed
1903,jacks_subindex,commodities_in_the_ground,102.14,index_1900=100,jacks2019,observed
1904,jacks_subindex,commodities_in_the_ground,96.62,index_1900=100,jacks2019,observed
1905,jacks_subindex,commodities_in_the_ground,93.07,index_1900=100,jacks2019,observed
1906,jacks_subindex,commodities_in_the_ground,99.94,index_1900=100,jacks2019,observed
1907,jacks_subindex,commodities_in_the_ground,103.21,index_1900=100,jacks2019,observed
1908,jacks_subindex,commodities_in_the_ground,101.83,index_1900=100,jacks2019,observed
1909,jacks_subindex,commodities_in_the_ground,95.72,index_1900=100,jacks2019,observed
1910,jacks_subindex,commodities_in_the_ground,84.87,index_1900=100,jacks2019,observed
1911,jacks_subindex,commodities_in_the_ground,80.27,index_1900=100,jacks2019,observed
1912,jacks_subindex,commodities_in_the_ground,87.7,index_1900=100,jacks2019,observed
1913,jacks_subindex,commodities_in_the_ground,108.82,index_1900=100,jacks2019,observed
1914,jacks_subindex,commodities_in_the_ground,89.99,index_1900=100,jacks2019,observed
1915,jacks_subindex,commodities_in_the_ground,85.16,index_1900=100,jacks2019,observed
1916,jacks_subindex,commodities_in_the_ground,139.99,index_1900=100,jacks2019,observed
1917,jacks_subindex,commodities_in_the_ground,162.74,index_1900=100,jacks2019,observed
1918,jacks_subindex,commodities_in_the_ground,151.3,index_1900=100,jacks2019,observed
1919,jacks_subindex,commodities_in_the_ground,130.32,index_1900=100,jacks2019,observed
1920,jacks_subindex,commodities_in_the_ground,159.5,index_1900=100,jacks2019,observed
1921,jacks_subindex,commodities_in_the_ground,94.63,index_1900=100,jacks2019,observed
1922,jacks_subindex,commodities_in_the_ground,103.48,index_1900=100,jacks2019,observed
1923,jacks_subindex,commodities_in_the_ground,101.39,index_1900=100,jacks2019,observed
1924,jacks_subindex,commodities_in_the_ground,100.03,index_1900=100,jacks2019,observed
1925,jacks_subindex,commodities_in_the_ground,105.75,index_1900=100,jacks2019,observed
1926,jacks_subindex,commodities_in_the_ground,113.95,index_1900=100,jacks2019,observed
1927,jacks_subindex,commodities_in_the_ground,84.42,index_1900=100,jacks2019,observed
1928,jacks_subindex,commodities_in_the_ground,83.51,index_1900=100,jacks2019,observed
1929,jacks_subindex,commodities_in_the_ground,85.5,index_1900=100,jacks2019,observed
1930,jacks_subindex,commodities_in_the_ground,77.9,index_1900=100,jacks2019,observed
1931,jacks_subindex,commodities_in_the_ground,58.41,index_1900=100,jacks2019,observed
1932,jacks_subindex,commodities_in_the_ground,73.54,index_1900=100,jacks2019,observed
1933,jacks_subindex,commodities_in_the_ground,70.07,index_1900=100,jacks2019,observed
1934,jacks_subindex,commodities_in_the_ground,88.47,index_1900=100,jacks2019,observed
1935,jacks_subindex,commodities_in_the_ground,86.29,index_1900=100,jacks2019,observed
1936,jacks_subindex,commodities_in_the_ground,91.53,index_1900=100,jacks2019,observed
1937,jacks_subindex,commodities_in_the_ground,100.09,index_1900=100,jacks2019,observed
1938,jacks_subindex,commodities_in_the_ground,98.53,index_1900=100,jacks2019,observed
1939,jacks_subindex,commodities_in_the_ground,90.9,index_1900=100,jacks2019,observed
1940,jacks_subindex,commodities_in_the_ground,89.55,index_1900=100,jacks2019,observed
1941,jacks_subindex,commodities_in_the_ground,91.82,index_1900=100,jacks2019,observed
1942,jacks_subindex,commodities_in_the_ground,85.5,index_1900=100,jacks2019,observed
1943,jacks_subindex,commodities_in_the_ground,82.01,index_1900=100,jacks2019,observed
1944,jacks_subindex,commodities_in_the_ground,81.74,index_1900=100,jacks2019,observed
1945,jacks_subindex,commodities_in_the_ground,81.17,index_1900=100,jacks2019,observed
1946,jacks_subindex,commodities_in_the_ground,86.21,index_1900=100,jacks2019,observed
1947,jacks_subindex,commodities_in_the_ground,96.1,index_1900=100,jacks2019,observed
1948,jacks_subindex,commodities_in_the_ground,112.7,index_1900=100,jacks2019,observed
1949,jacks_subindex,commodities_in_the_ground,114.94,index_1900=100,jacks2019,observed
1950,jacks_subindex,commodities_in_the_ground,115.12,index_1900=100,jacks2019,observed
1951,jacks_subindex,commodities_in_the_ground,109.1,index_1900=100,jacks2019,observed
1952,jacks_subindex,commodities_in_the_ground,107.6,index_1900=100,jacks2019,observed
1953,jacks_subindex,commodities_in_the_ground,112.26,index_1900=100,jacks2019,observed
1954,jacks_subindex,commodities_in_the_ground,114.22,index_1900=100,jacks2019,observed
1955,jacks_subindex,commodities_in_the_ground,116.57,index_1900=100,jacks2019,observed
1956,jacks_subindex,commodities_in_the_ground,118.25,index_1900=100,jacks2019,observed
1957,jacks_subindex,commodities_in_the_ground,122.71,index_1900=100,jacks2019,observed
1958,jacks_subindex,commodities_in_the_ground,119.15,index_1900=100,jacks2019,observed
1959,jacks_subindex,commodities_in_the_ground,118.17,index_1900=100,jacks2019,observed
1960,jacks_subindex,commodities_in_the_ground,116.24,index_1900=100,jacks2019,observed
1961,jacks_subindex,commodities_in_the_ground,115.15,index_1900=100,jacks2019,observed
1962,jacks_subindex,commodities_in_the_ground,113.58,index_1900=100,jacks2019,observed
1963,jacks_subindex,commodities_in_the_ground,112.41,index_1900=100,jacks2019,observed
1964,jacks_subindex,commodities_in_the_ground,111.78,index_1900=100,jacks2019,observed
1965,jacks_subindex,commodities_in_the_ground,109.72,index_1900=100,jacks2019,observed
1966,jacks_subindex,commodities_in_the_ground,107.22,index_1900=100,jacks2019,observed
1967,jacks_subindex,commodities_in_the_ground,106.53,index_1900=100,jacks2019,observed
1968,jacks_subindex,commodities_in_the_ground,104.2,index_1900=100,jacks2019,observed
1969,jacks_subindex,commodities_in_the_ground,103.63,index_1900=100,jacks2019,observed
1970,jacks_subindex,commodities_in_the_ground,102.94,index_1900=100,jacks2019,observed
1971,jacks_subindex,commodities_in_the_ground,106.67,index_1900=100,jacks2019,observed
1972,jacks_subindex,commodities_in_the_ground,102.99,index_1900=100,jacks2019,observed
1973,jacks_subindex,commodities_in_the_ground,119.68,index_1900=100,jacks2019,observed
1974,jacks_subindex,commodities_in_the_ground,234.48,index_1900=100,jacks2019,observed
1975,jacks_subindex,commodities_in_the_ground,229.0,index_1900=100,jacks2019,observed
1976,jacks_subindex,commodities_in_the_ground,224.85,index_1900=100,jacks2019,observed
1977,jacks_subindex,commodities_in_the_ground,229.31,index_1900=100,jacks2019,observed
1978,jacks_subindex,commodities_in_the_ground,219.04,index_1900=100,jacks2019,observed
1979,jacks_subindex,commodities_in_the_ground,269.84,index_1900=100,jacks2019,observed
1980,jacks_subindex,commodities_in_the_ground,346.97,index_1900=100,jacks2019,observed
1981,jacks_subindex,commodities_in_the_ground,337.28,index_1900=100,jacks2019,observed
1982,jacks_subindex,commodities_in_the_ground,298.07,index_1900=100,jacks2019,observed
1983,jacks_subindex,commodities_in_the_ground,278.22,index_1900=100,jacks2019,observed
1984,jacks_subindex,commodities_in_the_ground,261.58,index_1900=100,jacks2019,observed
1985,jacks_subindex,commodities_in_the_ground,244.52,index_1900=100,jacks2019,observed
1986,jacks_subindex,commodities_in_the_ground,158.84,index_1900=100,jacks2019,observed
1987,jacks_subindex,commodities_in_the_ground,166.86,index_1900=100,jacks2019,observed
1988,jacks_subindex,commodities_in_the_ground,143.18,index_1900=100,jacks2019,observed
1989,jacks_subindex,commodities_in_the_ground,159.41,index_1900=100,jacks2019,observed
1990,jacks_subindex,commodities_in_the_ground,176.85,index_1900=100,jacks2019,observed
1991,jacks_subindex,commodities_in_the_ground,154.17,index_1900=100,jacks2019,observed
1992,jacks_subindex,commodities_in_the_ground,141.1,index_1900=100,jacks2019,observed
1993,jacks_subindex,commodities_in_the_ground,127.17,index_1900=100,jacks2019,observed
1994,jacks_subindex,commodities_in_the_ground,118.44,index_1900=100,jacks2019,observed
1995,jacks_subindex,commodities_in_the_ground,122.85,index_1900=100,jacks2019,observed
1996,jacks_subindex,commodities_in_the_ground,135.93,index_1900=100,jacks2019,observed
1997,jacks_subindex,commodities_in_the_ground,125.86,index_1900=100,jacks2019,observed
1998,jacks_subindex,commodities_in_the_ground,95.42,index_1900=100,jacks2019,observed
1999,jacks_subindex,commodities_in_the_ground,109.99,index_1900=100,jacks2019,observed
2000,jacks_subindex,commodities_in_the_ground,157.39,index_1900=100,jacks2019,observed
2001,jacks_subindex,commodities_in_the_ground,132.85,index_1900=100,jacks2019,observed
2002,jacks_subindex,commodities_in_the_ground,129.98,index_1900=100,jacks2019,observed
2003,jacks_subindex,commodities_in_the_ground,154.93,index_1900=100,jacks2019,observed
2004,jacks_subindex,commodities_in_the_ground,207.21,index_1900=100,jacks2019,observed
2005,jacks_subindex,commodities_in_the_ground,262.3,index_1900=100,jacks2019,observed
2006,jacks_subindex,commodities_in_the_ground,284.01,index_1900=100,jacks2019,observed
2007,jacks_subindex,commodities_in_the_ground,299.97,index_1900=100,jacks2019,observed
2008,jacks_subindex,commodities_in_the_ground,410.75,index_1900=100,jacks2019,observed
2009,jacks_subindex,commodities_in_the_ground,260.65,index_1900=100,jacks2019,observed
2010,jacks_subindex,commodities_in_the_ground,321.42,index_1900=100,jacks2019,observed
2011,jacks_subindex,commodities_in_the_ground,369.43,index_1900=100,jacks2019,observed
2012,jacks_subindex,commodities_in_the_ground,347.97,index_1900=100,jacks2019,observed
2013,jacks_subindex,commodities_in_the_ground,349.36,index_1900=100,jacks2019,observed
2014,jacks_subindex,commodities_in_the_ground,328.09,index_1900=100,jacks2019,observed
2015,jacks_subindex,commodities_in_the_ground,191.11,index_1900=100,jacks2019,observed
2016,jacks_subindex,commodities_in_the_ground,171.56,index_1900=100,jacks2019,observed
2017,jacks_subindex,commodities_in_the_ground,197.62,index_1900=100,jacks2019,observed
2018,jacks_subindex,commodities_in_the_ground,237.77,index_1900=100,jacks2019,observed
2019,jacks_subindex,commodities_in_the_ground,206.53,index_1900=100,jacks2019,observed
2020,jacks_subindex,commodities_in_the_ground,152.97,index_1900=100,jacks2019,observed
2021,jacks_subindex,commodities_in_the_ground,246.26,index_1900=100,jacks2019,observed
2022,jacks_subindex,commodities_in_the_ground,335.49,index_1900=100,jacks2019,observed
2023,jacks_subindex,commodities_in_the_ground,246.26,index_1900=100,jacks2019,observed
2024,jacks_subindex,commodities_in_the_ground,227.09,index_1900=100,jacks2019,observed
2025,jacks_subindex,commodities_in_the_ground,196.49,index_1900=100,jacks2019,observed
1900,jacks_subindex,commodities_to_be_grown,100.0,index_1900=100,jacks2019,observed
1901,jacks_subindex,commodities_to_be_grown,99.79,index_1900=100,jacks2019,observed
1902,jacks_subindex,commodities_to_be_grown,103.78,index_1900=100,jacks2019,observed
1903,jacks_subindex,commodities_to_be_grown,102.36,index_1900=100,jacks2019,observed
1904,jacks_subindex,commodities_to_be_grown,100.58,index_1900=100,jacks2019,observed
1905,jacks_subindex,commodities_to_be_grown,104.71,index_1900=100,jacks2019,observed
1906,jacks_subindex,commodities_to_be_grown,106.49,index_1900=100,jacks2019,observed
1907,jacks_subindex,commodities_to_be_grown,107.48,index_1900=100,jacks2019,observed
1908,jacks_subindex,commodities_to_be_grown,113.76,index_1900=100,jacks2019,observed
1909,jacks_subindex,commodities_to_be_grown,118.6,index_1900=100,jacks2019,observed
1910,jacks_subindex,commodities_to_be_grown,116.85,index_1900=100,jacks2019,observed
1911,jacks_subindex,commodities_to_be_grown,117.74,index_1900=100,jacks2019,observed
1912,jacks_subindex,commodities_to_be_grown,123.4,index_1900=100,jacks2019,observed
1913,jacks_subindex,commodities_to_be_grown,111.85,index_1900=100,jacks2019,observed
1914,jacks_subindex,commodities_to_be_grown,111.15,index_1900=100,jacks2019,observed
1915,jacks_subindex,commodities_to_be_grown,125.43,index_1900=100,jacks2019,observed
1916,jacks_subindex,commodities_to_be_grown,130.2,index_1900=100,jacks2019,observed
1917,jacks_subindex,commodities_to_be_grown,146.62,index_1900=100,jacks2019,observed
1918,jacks_subindex,commodities_to_be_grown,136.15,index_1900=100,jacks2019,observed
1919,jacks_subindex,commodities_to_be_grown,131.71,index_1900=100,jacks2019,observed
1920,jacks_subindex,commodities_to_be_grown,106.0,index_1900=100,jacks2019,observed
1921,jacks_subindex,commodities_to_be_grown,77.15,index_1900=100,jacks2019,observed
1922,jacks_subindex,commodities_to_be_grown,81.59,index_1900=100,jacks2019,observed
1923,jacks_subindex,commodities_to_be_grown,82.51,index_1900=100,jacks2019,observed
1924,jacks_subindex,commodities_to_be_grown,88.82,index_1900=100,jacks2019,observed
1925,jacks_subindex,commodities_to_be_grown,95.24,index_1900=100,jacks2019,observed
1926,jacks_subindex,commodities_to_be_grown,89.37,index_1900=100,jacks2019,observed
1927,jacks_subindex,commodities_to_be_grown,85.56,index_1900=100,jacks2019,observed
1928,jacks_subindex,commodities_to_be_grown,87.44,index_1900=100,jacks2019,observed
1929,jacks_subindex,commodities_to_be_grown,86.1,index_1900=100,jacks2019,observed
1930,jacks_subindex,commodities_to_be_grown,73.58,index_1900=100,jacks2019,observed
1931,jacks_subindex,commodities_to_be_grown,63.84,index_1900=100,jacks2019,observed
1932,jacks_subindex,commodities_to_be_grown,52.83,index_1900=100,jacks2019,observed
1933,jacks_subindex,commodities_to_be_grown,60.29,index_1900=100,jacks2019,observed
1934,jacks_subindex,commodities_to_be_grown,70.24,index_1900=100,jacks2019,observed
1935,jacks_subindex,commodities_to_be_grown,86.06,index_1900=100,jacks2019,observed
1936,jacks_subindex,commodities_to_be_grown,90.29,index_1900=100,jacks2019,observed
1937,jacks_subindex,commodities_to_be_grown,95.91,index_1900=100,jacks2019,observed
1938,jacks_subindex,commodities_to_be_grown,78.12,index_1900=100,jacks2019,observed
1939,jacks_subindex,commodities_to_be_grown,72.94,index_1900=100,jacks2019,observed
1940,jacks_subindex,commodities_to_be_grown,78.79,index_1900=100,jacks2019,observed
1941,jacks_subindex,commodities_to_be_grown,91.2,index_1900=100,jacks2019,observed
1942,jacks_subindex,commodities_to_be_grown,99.63,index_1900=100,jacks2019,observed
1943,jacks_subindex,commodities_to_be_grown,101.79,index_1900=100,jacks2019,observed
1944,jacks_subindex,commodities_to_be_grown,101.07,index_1900=100,jacks2019,observed
1945,jacks_subindex,commodities_to_be_grown,101.03,index_1900=100,jacks2019,observed
1946,jacks_subindex,commodities_to_be_grown,108.38,index_1900=100,jacks2019,observed
1947,jacks_subindex,commodities_to_be_grown,117.79,index_1900=100,jacks2019,observed
1948,jacks_subindex,commodities_to_be_grown,103.85,index_1900=100,jacks2019,observed
1949,jacks_subindex,commodities_to_be_grown,93.73,index_1900=100,jacks2019,observed
1950,jacks_subindex,commodities_to_be_grown,90.13,index_1900=100,jacks2019,observed
1951,jacks_subindex,commodities_to_be_grown,88.9,index_1900=100,jacks2019,observed
1952,jacks_subindex,commodities_to_be_grown,85.67,index_1900=100,jacks2019,observed
1953,jacks_subindex,commodities_to_be_grown,87.82,index_1900=100,jacks2019,observed
1954,jacks_subindex,commodities_to_be_grown,86.88,index_1900=100,jacks2019,observed
1955,jacks_subindex,commodities_to_be_grown,82.23,index_1900=100,jacks2019,observed
1956,jacks_subindex,commodities_to_be_grown,88.54,index_1900=100,jacks2019,observed
1957,jacks_subindex,commodities_to_be_grown,85.73,index_1900=100,jacks2019,observed
1958,jacks_subindex,commodities_to_be_grown,83.5,index_1900=100,jacks2019,observed
1959,jacks_subindex,commodities_to_be_grown,95.62,index_1900=100,jacks2019,observed
1960,jacks_subindex,commodities_to_be_grown,98.45,index_1900=100,jacks2019,observed
1961,jacks_subindex,commodities_to_be_grown,96.61,index_1900=100,jacks2019,observed
1962,jacks_subindex,commodities_to_be_grown,98.85,index_1900=100,jacks2019,observed
1963,jacks_subindex,commodities_to_be_grown,97.99,index_1900=100,jacks2019,observed
1964,jacks_subindex,commodities_to_be_grown,99.85,index_1900=100,jacks2019,observed
1965,jacks_subindex,commodities_to_be_grown,99.24,index_1900=100,jacks2019,observed
1966,jacks_subindex,commodities_to_be_grown,107.2,index_1900=100,jacks2019,observed
1967,jacks_subindex,commodities_to_be_grown,107.26,index_1900=100,jacks2019,observed
1968,jacks_subindex,commodities_to_be_grown,103.51,index_1900=100,jacks2019,observed
1969,jacks_subindex,commodities_to_be_grown,105.09,index_1900=100,jacks2019,observed
1970,jacks_subindex,commodities_to_be_grown,101.92,index_1900=100,jacks2019,observed
1971,jacks_subindex,commodities_to_be_grown,96.56,index_1900=100,jacks2019,observed
1972,jacks_subindex,commodities_to_be_grown,105.89,index_1900=100,jacks2019,observed
1973,jacks_subindex,commodities_to_be_grown,155.07,index_1900=100,jacks2019,observed
1974,jacks_subindex,commodities_to_be_grown,158.38,index_1900=100,jacks2019,observed
1975,jacks_subindex,commodities_to_be_grown,120.75,index_1900=100,jacks2019,observed
1976,jacks_subindex,commodities_to_be_grown,116.97,index_1900=100,jacks2019,observed
1977,jacks_subindex,commodities_to_be_grown,110.52,index_1900=100,jacks2019,observed
1978,jacks_subindex,commodities_to_be_grown,123.88,index_1900=100,jacks2019,observed
1979,jacks_subindex,commodities_to_be_grown,136.4,index_1900=100,jacks2019,observed
1980,jacks_subindex,commodities_to_be_grown,133.24,index_1900=100,jacks2019,observed
1981,jacks_subindex,commodities_to_be_grown,111.35,index_1900=100,jacks2019,observed
1982,jacks_subindex,commodities_to_be_grown,94.74,index_1900=100,jacks2019,observed
1983,jacks_subindex,commodities_to_be_grown,89.63,index_1900=100,jacks2019,observed
1984,jacks_subindex,commodities_to_be_grown,84.01,index_1900=100,jacks2019,observed
1985,jacks_subindex,commodities_to_be_grown,72.29,index_1900=100,jacks2019,observed
1986,jacks_subindex,commodities_to_be_grown,72.74,index_1900=100,jacks2019,observed
1987,jacks_subindex,commodities_to_be_grown,78.97,index_1900=100,jacks2019,observed
1988,jacks_subindex,commodities_to_be_grown,79.3,index_1900=100,jacks2019,observed
1989,jacks_subindex,commodities_to_be_grown,75.94,index_1900=100,jacks2019,observed
1990,jacks_subindex,commodities_to_be_grown,73.55,index_1900=100,jacks2019,observed
1991,jacks_subindex,commodities_to_be_grown,70.56,index_1900=100,jacks2019,observed
1992,jacks_subindex,commodities_to_be_grown,65.0,index_1900=100,jacks2019,observed
1993,jacks_subindex,commodities_to_be_grown,77.08,index_1900=100,jacks2019,observed
1994,jacks_subindex,commodities_to_be_grown,68.8,index_1900=100,jacks2019,observed
1995,jacks_subindex,commodities_to_be_grown,62.36,index_1900=100,jacks2019,observed
1996,jacks_subindex,commodities_to_be_grown,63.88,index_1900=100,jacks2019,observed
1997,jacks_subindex,commodities_to_be_grown,59.39,index_1900=100,jacks2019,observed
1998,jacks_subindex,commodities_to_be_grown,47.82,index_1900=100,jacks2019,observed
1999,jacks_subindex,commodities_to_be_grown,45.98,index_1900=100,jacks2019,observed
2000,jacks_subindex,commodities_to_be_grown,45.5,index_1900=100,jacks2019,observed
2001,jacks_subindex,commodities_to_be_grown,43.97,index_1900=100,jacks2019,observed
2002,jacks_subindex,commodities_to_be_grown,44.06,index_1900=100,jacks2019,observed
2003,jacks_subindex,commodities_to_be_grown,46.13,index_1900=100,jacks2019,observed
2004,jacks_subindex,commodities_to_be_grown,51.06,index_1900=100,jacks2019,observed
2005,jacks_subindex,commodities_to_be_grown,50.51,index_1900=100,jacks2019,observed
2006,jacks_subindex,commodities_to_be_grown,51.64,index_1900=100,jacks2019,observed
2007,jacks_subindex,commodities_to_be_grown,54.97,index_1900=100,jacks2019,observed
2008,jacks_subindex,commodities_to_be_grown,65.11,index_1900=100,jacks2019,observed
2009,jacks_subindex,commodities_to_be_grown,57.21,index_1900=100,jacks2019,observed
2010,jacks_subindex,commodities_to_be_grown,61.94,index_1900=100,jacks2019,observed
2011,jacks_subindex,commodities_to_be_grown,75.16,index_1900=100,jacks2019,observed
2012,jacks_subindex,commodities_to_be_grown,71.04,index_1900=100,jacks2019,observed
2013,jacks_subindex,commodities_to_be_grown,64.39,index_1900=100,jacks2019,observed
2014,jacks_subindex,commodities_to_be_grown,65.78,index_1900=100,jacks2019,observed
2015,jacks_subindex,commodities_to_be_grown,57.21,index_1900=100,jacks2019,observed
2016,jacks_subindex,commodities_to_be_grown,54.62,index_1900=100,jacks2019,observed
2017,jacks_subindex,commodities_to_be_grown,55.25,index_1900=100,jacks2019,observed
2018,jacks_subindex,commodities_to_be_grown,53.62,index_1900=100,jacks2019,observed
2019,jacks_subindex,commodities_to_be_grown,55.54,index_1900=100,jacks2019,observed
2020,jacks_subindex,commodities_to_be_grown,55.73,index_1900=100,jacks2019,observed
2021,jacks_subindex,commodities_to_be_grown,60.28,index_1900=100,jacks2019,observed
2022,jacks_subindex,commodities_to_be_grown,57.79,index_1900=100,jacks2019,observed
2023,jacks_subindex,commodities_to_be_grown,49.96,index_1900=100,jacks2019,observed
2024,jacks_subindex,commodities_to_be_grown,52.03,index_1900=100,jacks2019,observed
2025,jacks_subindex,commodities_to_be_grown,53.71,index_1900=100,jacks2019,observed
1900,jacks_subindex,in_the_ground_ex_energy,100.0,index_1900=100,jacks2019,observed
1901,jacks_subindex,in_the_ground_ex_energy,89.11,index_1900=100,jacks2019,observed
1902,jacks_subindex,in_the_ground_ex_energy,92.32,index_1900=100,jacks2019,observed
1903,jacks_subindex,in_the_ground_ex_energy,91.01,index_1900=100,jacks2019,observed
1904,jacks_subindex,in_the_ground_ex_energy,79.77,index_1900=100,jacks2019,observed
1905,jacks_subindex,in_the_ground_ex_energy,89.33,index_1900=100,jacks2019,observed
1906,jacks_subindex,in_the_ground_ex_energy,92.19,index_1900=100,jacks2019,observed
1907,jacks_subindex,in_the_ground_ex_energy,95.45,index_1900=100,jacks2019,observed
1908,jacks_subindex,in_the_ground_ex_energy,85.98,index_1900=100,jacks2019,observed
1909,jacks_subindex,in_the_ground_ex_energy,79.46,index_1900=100,jacks2019,observed
1910,jacks_subindex,in_the_ground_ex_energy,80.97,index_1900=100,jacks2019,observed
1911,jacks_subindex,in_the_ground_ex_energy,73.12,index_1900=100,jacks2019,observed
1912,jacks_subindex,in_the_ground_ex_energy,72.68,index_1900=100,jacks2019,observed
1913,jacks_subindex,in_the_ground_ex_energy,75.94,index_1900=100,jacks2019,observed
1914,jacks_subindex,in_the_ground_ex_energy,64.33,index_1900=100,jacks2019,observed
1915,jacks_subindex,in_the_ground_ex_energy,75.4,index_1900=100,jacks2019,observed
1916,jacks_subindex,in_the_ground_ex_energy,119.0,index_1900=100,jacks2019,observed
1917,jacks_subindex,in_the_ground_ex_energy,127.17,index_1900=100,jacks2019,observed
1918,jacks_subindex,in_the_ground_ex_energy,94.27,index_1900=100,jacks2019,observed
1919,jacks_subindex,in_the_ground_ex_energy,70.25,index_1900=100,jacks2019,observed
1920,jacks_subindex,in_the_ground_ex_energy,71.23,index_1900=100,jacks2019,observed
1921,jacks_subindex,in_the_ground_ex_energy,52.79,index_1900=100,jacks2019,observed
1922,jacks_subindex,in_the_ground_ex_energy,52.18,index_1900=100,jacks2019,observed
1923,jacks_subindex,in_the_ground_ex_energy,65.59,index_1900=100,jacks2019,observed
1924,jacks_subindex,in_the_ground_ex_energy,61.57,index_1900=100,jacks2019,observed
1925,jacks_subindex,in_the_ground_ex_energy,56.91,index_1900=100,jacks2019,observed
1926,jacks_subindex,in_the_ground_ex_energy,55.32,index_1900=100,jacks2019,observed
1927,jacks_subindex,in_the_ground_ex_energy,52.55,index_1900=100,jacks2019,observed
1928,jacks_subindex,in_the_ground_ex_energy,53.66,index_1900=100,jacks2019,observed
1929,jacks_subindex,in_the_ground_ex_energy,55.44,index_1900=100,jacks2019,observed
1930,jacks_subindex,in_the_ground_ex_energy,51.03,index_1900=100,jacks2019,observed
1931,jacks_subindex,in_the_ground_ex_energy,52.25,index_1900=100,jacks2019,observed
1932,jacks_subindex,in_the_ground_ex_energy,54.67,index_1900=100,jacks2019,observed
1933,jacks_subindex,in_the_ground_ex_energy,64.82,index_1900=100,jacks2019,observed
1934,jacks_subindex,in_the_ground_ex_energy,65.96,index_1900=100,jacks2019,observed
1935,jacks_subindex,in_the_ground_ex_energy,64.11,index_1900=100,jacks2019,observed
1936,jacks_subindex,in_the_ground_ex_energy,66.67,index_1900=100,jacks2019,observed
1937,jacks_subindex,in_the_ground_ex_energy,77.52,index_1900=100,jacks2019,observed
1938,jacks_subindex,in_the_ground_ex_energy,76.2,index_1900=100,jacks2019,observed
1939,jacks_subindex,in_the_ground_ex_energy,74.15,index_1900=100,jacks2019,observed
1940,jacks_subindex,in_the_ground_ex_energy,71.49,index_1900=100,jacks2019,observed
1941,jacks_subindex,in_the_ground_ex_energy,68.78,index_1900=100,jacks2019,observed
1942,jacks_subindex,in_the_ground_ex_energy,62.35,index_1900=100,jacks2019,observed
1943,jacks_subindex,in_the_ground_ex_energy,58.91,index_1900=100,jacks2019,observed
1944,jacks_subindex,in_the_ground_ex_energy,58.32,index_1900=100,jacks2019,observed
1945,jacks_subindex,in_the_ground_ex_energy,58.62,index_1900=100,jacks2019,observed
1946,jacks_subindex,in_the_ground_ex_energy,59.72,index_1900=100,jacks2019,observed
1947,jacks_subindex,in_the_ground_ex_energy,58.52,index_1900=100,jacks2019,observed
1948,jacks_subindex,in_the_ground_ex_energy,61.51,index_1900=100,jacks2019,observed
1949,jacks_subindex,in_the_ground_ex_energy,65.98,index_1900=100,jacks2019,observed
1950,jacks_subindex,in_the_ground_ex_energy,68.29,index_1900=100,jacks2019,observed
1951,jacks_subindex,in_the_ground_ex_energy,68.42,index_1900=100,jacks2019,observed
1952,jacks_subindex,in_the_ground_ex_energy,68.73,index_1900=100,jacks2019,observed
1953,jacks_subindex,in_the_ground_ex_energy,72.15,index_1900=100,jacks2019,observed
1954,jacks_subindex,in_the_ground_ex_energy,73.89,index_1900=100,jacks2019,observed
1955,jacks_subindex,in_the_ground_ex_energy,78.88,index_1900=100,jacks2019,observed
1956,jacks_subindex,in_the_ground_ex_energy,83.4,index_1900=100,jacks2019,observed
1957,jacks_subindex,in_the_ground_ex_energy,85.57,index_1900=100,jacks2019,observed
1958,jacks_subindex,in_the_ground_ex_energy,83.92,index_1900=100,jacks2019,observed
1959,jacks_subindex,in_the_ground_ex_energy,87.98,index_1900=100,jacks2019,observed
1960,jacks_subindex,in_the_ground_ex_energy,86.67,index_1900=100,jacks2019,observed
1961,jacks_subindex,in_the_ground_ex_energy,86.31,index_1900=100,jacks2019,observed
1962,jacks_subindex,in_the_ground_ex_energy,84.95,index_1900=100,jacks2019,observed
1963,jacks_subindex,in_the_ground_ex_energy,84.89,index_1900=100,jacks2019,observed
1964,jacks_subindex,in_the_ground_ex_energy,87.0,index_1900=100,jacks2019,observed
1965,jacks_subindex,in_the_ground_ex_energy,86.11,index_1900=100,jacks2019,observed
1966,jacks_subindex,in_the_ground_ex_energy,83.43,index_1900=100,jacks2019,observed
1967,jacks_subindex,in_the_ground_ex_energy,81.77,index_1900=100,jacks2019,observed
1968,jacks_subindex,in_the_ground_ex_energy,81.24,index_1900=100,jacks2019,observed
1969,jacks_subindex,in_the_ground_ex_energy,81.77,index_1900=100,jacks2019,observed
1970,jacks_subindex,in_the_ground_ex_energy,81.84,index_1900=100,jacks2019,observed
1971,jacks_subindex,in_the_ground_ex_energy,86.5,index_1900=100,jacks2019,observed
1972,jacks_subindex,in_the_ground_ex_energy,78.71,index_1900=100,jacks2019,observed
1973,jacks_subindex,in_the_ground_ex_energy,86.41,index_1900=100,jacks2019,observed
1974,jacks_subindex,in_the_ground_ex_energy,104.67,index_1900=100,jacks2019,observed
1975,jacks_subindex,in_the_ground_ex_energy,103.51,index_1900=100,jacks2019,observed
1976,jacks_subindex,in_the_ground_ex_energy,96.69,index_1900=100,jacks2019,observed
1977,jacks_subindex,in_the_ground_ex_energy,102.26,index_1900=100,jacks2019,observed
1978,jacks_subindex,in_the_ground_ex_energy,102.53,index_1900=100,jacks2019,observed
1979,jacks_subindex,in_the_ground_ex_energy,97.66,index_1900=100,jacks2019,observed
1980,jacks_subindex,in_the_ground_ex_energy,101.75,index_1900=100,jacks2019,observed
1981,jacks_subindex,in_the_ground_ex_energy,93.32,index_1900=100,jacks2019,observed
1982,jacks_subindex,in_the_ground_ex_energy,87.44,index_1900=100,jacks2019,observed
1983,jacks_subindex,in_the_ground_ex_energy,97.66,index_1900=100,jacks2019,observed
1984,jacks_subindex,in_the_ground_ex_energy,97.48,index_1900=100,jacks2019,observed
1985,jacks_subindex,in_the_ground_ex_energy,99.82,index_1900=100,jacks2019,observed
1986,jacks_subindex,in_the_ground_ex_energy,96.72,index_1900=100,jacks2019,observed
1987,jacks_subindex,in_the_ground_ex_energy,71.91,index_1900=100,jacks2019,observed
1988,jacks_subindex,in_the_ground_ex_energy,72.01,index_1900=100,jacks2019,observed
1989,jacks_subindex,in_the_ground_ex_energy,76.68,index_1900=100,jacks2019,observed
1990,jacks_subindex,in_the_ground_ex_energy,73.86,index_1900=100,jacks2019,observed
1991,jacks_subindex,in_the_ground_ex_energy,70.22,index_1900=100,jacks2019,observed
1992,jacks_subindex,in_the_ground_ex_energy,59.46,index_1900=100,jacks2019,observed
1993,jacks_subindex,in_the_ground_ex_energy,58.52,index_1900=100,jacks2019,observed
1994,jacks_subindex,in_the_ground_ex_energy,58.86,index_1900=100,jacks2019,observed
1995,jacks_subindex,in_the_ground_ex_energy,58.8,index_1900=100,jacks2019,observed
1996,jacks_subindex,in_the_ground_ex_energy,56.75,index_1900=100,jacks2019,observed
1997,jacks_subindex,in_the_ground_ex_energy,57.3,index_1900=100,jacks2019,observed
1998,jacks_subindex,in_the_ground_ex_energy,53.21,index_1900=100,jacks2019,observed
1999,jacks_subindex,in_the_ground_ex_energy,46.34,index_1900=100,jacks2019,observed
2000,jacks_subindex,in_the_ground_ex_energy,52.5,index_1900=100,jacks2019,observed
2001,jacks_subindex,in_the_ground_ex_energy,39.52,index_1900=100,jacks2019,observed
2002,jacks_subindex,in_the_ground_ex_energy,42.98,index_1900=100,jacks2019,observed
2003,jacks_subindex,in_the_ground_ex_energy,53.3,index_1900=100,jacks2019,observed
2004,jacks_subindex,in_the_ground_ex_energy,78.29,index_1900=100,jacks2019,observed
2005,jacks_subindex,in_the_ground_ex_energy,92.91,index_1900=100,jacks2019,observed
2006,jacks_subindex,in_the_ground_ex_energy,91.84,index_1900=100,jacks2019,observed
2007,jacks_subindex,in_the_ground_ex_energy,88.01,index_1900=100,jacks2019,observed
2008,jacks_subindex,in_the_ground_ex_energy,127.09,index_1900=100,jacks2019,observed
2009,jacks_subindex,in_the_ground_ex_energy,103.58,index_1900=100,jacks2019,observed
2010,jacks_subindex,in_the_ground_ex_energy,108.37,index_1900=100,jacks2019,observed
2011,jacks_subindex,in_the_ground_ex_energy,119.03,index_1900=100,jacks2019,observed
2012,jacks_subindex,in_the_ground_ex_energy,108.77,index_1900=100,jacks2019,observed
2013,jacks_subindex,in_the_ground_ex_energy,99.84,index_1900=100,jacks2019,observed
2014,jacks_subindex,in_the_ground_ex_energy,97.16,index_1900=100,jacks2019,observed
2015,jacks_subindex,in_the_ground_ex_energy,84.51,index_1900=100,jacks2019,observed
2016,jacks_subindex,in_the_ground_ex_energy,75.69,index_1900=100,jacks2019,observed
2017,jacks_subindex,in_the_ground_ex_energy,81.13,index_1900=100,jacks2019,observed
2018,jacks_subindex,in_the_ground_ex_energy,88.67,index_1900=100,jacks2019,observed
2019,jacks_subindex,in_the_ground_ex_energy,88.1,index_1900=100,jacks2019,observed
2020,jacks_subindex,in_the_ground_ex_energy,82.72,index_1900=100,jacks2019,observed
2021,jacks_subindex,in_the_ground_ex_energy,108.9,index_1900=100,jacks2019,observed
2022,jacks_subindex,in_the_ground_ex_energy,119.77,index_1900=100,jacks2019,observed
2023,jacks_subindex,in_the_ground_ex_energy,106.63,index_1900=100,jacks2019,observed
2024,jacks_subindex,in_the_ground_ex_energy,97.18,index_1900=100,jacks2019,observed
2025,jacks_subindex,in_the_ground_ex_energy,95.86,index_1900=100,jacks2019,observed
1850,real_price_animal_products,beef,76.81,index_1900=100,jacks2019,observed
1851,real_price_animal_products,beef,78.47,index_1900=100,jacks2019,observed
1852,real_price_animal_products,beef,80.21,index_1900=100,jacks2019,observed
1853,real_price_animal_products,beef,100.92,index_1900=100,jacks2019,observed
1854,real_price_animal_products,beef,102.38,index_1900=100,jacks2019,observed
1855,real_price_animal_products,beef,101.76,index_1900=100,jacks2019,observed
1856,real_price_animal_products,beef,96.67,index_1900=100,jacks2019,observed
1857,real_price_animal_products,beef,96.22,index_1900=100,jacks2019,observed
1858,real_price_animal_products,beef,99.58,index_1900=100,jacks2019,observed
1859,real_price_animal_products,beef,98.59,index_1900=100,jacks2019,observed
1860,real_price_animal_products,beef,100.99,index_1900=100,jacks2019,observed
1861,real_price_animal_products,beef,95.32,index_1900=100,jacks2019,observed
1862,real_price_animal_products,beef,77.52,index_1900=100,jacks2019,observed
1863,real_price_animal_products,beef,65.29,index_1900=100,jacks2019,observed
1864,real_price_animal_products,beef,55.99,index_1900=100,jacks2019,observed
1865,real_price_animal_products,beef,56.46,index_1900=100,jacks2019,observed
1866,real_price_animal_products,beef,59.19,index_1900=100,jacks2019,observed
1867,real_price_animal_products,beef,60.82,index_1900=100,jacks2019,observed
1868,real_price_animal_products,beef,60.48,index_1900=100,jacks2019,observed
1869,real_price_animal_products,beef,67.49,index_1900=100,jacks2019,observed
1870,real_price_animal_products,beef,73.54,index_1900=100,jacks2019,observed
1871,real_price_animal_products,beef,86.76,index_1900=100,jacks2019,observed
1872,real_price_animal_products,beef,85.12,index_1900=100,jacks2019,observed
1873,real_price_animal_products,beef,93.56,index_1900=100,jacks2019,observed
1874,real_price_animal_products,beef,89.53,index_1900=100,jacks2019,observed
1875,real_price_animal_products,beef,100.18,index_1900=100,jacks2019,observed
1876,real_price_animal_products,beef,97.0,index_1900=100,jacks2019,observed
1877,real_price_animal_products,beef,93.56,index_1900=100,jacks2019,observed
1878,real_price_animal_products,beef,98.21,index_1900=100,jacks2019,observed
1879,real_price_animal_products,beef,90.19,index_1900=100,jacks2019,observed
1880,real_price_animal_products,beef,95.83,index_1900=100,jacks2019,observed
1881,real_price_animal_products,beef,93.87,index_1900=100,jacks2019,observed
1882,real_price_animal_products,beef,99.74,index_1900=100,jacks2019,observed
1883,real_price_animal_products,beef,101.79,index_1900=100,jacks2019,observed
1884,real_price_animal_products,beef,99.86,index_1900=100,jacks2019,observed
1885,real_price_animal_products,beef,91.5,index_1900=100,jacks2019,observed
1886,real_price_animal_products,beef,85.0,index_1900=100,jacks2019,observed
1887,real_price_animal_products,beef,75.67,index_1900=100,jacks2019,observed
1888,real_price_animal_products,beef,81.98,index_1900=100,jacks2019,observed
1889,real_price_animal_products,beef,84.74,index_1900=100,jacks2019,observed
1890,real_price_animal_products,beef,83.5,index_1900=100,jacks2019,observed
1891,real_price_animal_products,beef,87.9,index_1900=100,jacks2019,observed
1892,real_price_animal_products,beef,83.5,index_1900=100,jacks2019,observed
1893,real_price_animal_products,beef,83.35,index_1900=100,jacks2019,observed
1894,real_price_animal_products,beef,85.98,index_1900=100,jacks2019,observed
1895,real_price_animal_products,beef,88.1,index_1900=100,jacks2019,observed
1896,real_price_animal_products,beef,80.95,index_1900=100,jacks2019,observed
1897,real_price_animal_products,beef,86.78,index_1900=100,jacks2019,observed
1898,real_price_animal_products,beef,86.78,index_1900=100,jacks2019,observed
1899,real_price_animal_products,beef,96.42,index_1900=100,jacks2019,observed
1900,real_price_animal_products,beef,100.0,index_1900=100,jacks2019,observed
1901,real_price_animal_products,beef,98.79,index_1900=100,jacks2019,observed
1902,real_price_animal_products,beef,97.6,index_1900=100,jacks2019,observed
1903,real_price_animal_products,beef,90.87,index_1900=100,jacks2019,observed
1904,real_price_animal_products,beef,94.32,index_1900=100,jacks2019,observed
1905,real_price_animal_products,beef,95.1,index_1900=100,jacks2019,observed
1906,real_price_animal_products,beef,93.35,index_1900=100,jacks2019,observed
1907,real_price_animal_products,beef,87.22,index_1900=100,jacks2019,observed
1908,real_price_animal_products,beef,91.26,index_1900=100,jacks2019,observed
1909,real_price_animal_products,beef,92.29,index_1900=100,jacks2019,observed
1910,real_price_animal_products,beef,88.08,index_1900=100,jacks2019,observed
1911,real_price_animal_products,beef,87.78,index_1900=100,jacks2019,observed
1912,real_price_animal_products,beef,86.3,index_1900=100,jacks2019,observed
1913,real_price_animal_products,beef,83.34,index_1900=100,jacks2019,observed
1914,real_price_animal_products,beef,80.85,index_1900=100,jacks2019,observed
1915,real_price_animal_products,beef,171.99,index_1900=100,jacks2019,observed
1916,real_price_animal_products,beef,171.55,index_1900=100,jacks2019,observed
1917,real_price_animal_products,beef,141.73,index_1900=100,jacks2019,observed
1918,real_price_animal_products,beef,162.15,index_1900=100,jacks2019,observed
1919,real_price_animal_products,beef,175.04,index_1900=100,jacks2019,observed
1920,real_price_animal_products,beef,97.73,index_1900=100,jacks2019,observed
1921,real_price_animal_products,beef,84.43,index_1900=100,jacks2019,observed
1922,real_price_animal_products,beef,53.51,index_1900=100,jacks2019,observed
1923,real_price_animal_products,beef,56.96,index_1900=100,jacks2019,observed
1924,real_price_animal_products,beef,57.03,index_1900=100,jacks2019,observed
1925,real_price_animal_products,beef,70.21,index_1900=100,jacks2019,observed
1926,real_price_animal_products,beef,66.24,index_1900=100,jacks2019,observed
1927,real_price_animal_products,beef,60.94,index_1900=100,jacks2019,observed
1928,real_price_animal_products,beef,76.22,index_1900=100,jacks2019,observed
1929,real_price_animal_products,beef,80.77,index_1900=100,jacks2019,observed
1930,real_price_animal_products,beef,74.86,index_1900=100,jacks2019,observed
1931,real_price_animal_products,beef,136.81,index_1900=100,jacks2019,observed
1932,real_price_animal_products,beef,110.84,index_1900=100,jacks2019,observed
1933,real_price_animal_products,beef,109.11,index_1900=100,jacks2019,observed
1934,real_price_animal_products,beef,85.27,index_1900=100,jacks2019,observed
1935,real_price_animal_products,beef,88.42,index_1900=100,jacks2019,observed
1936,real_price_animal_products,beef,90.2,index_1900=100,jacks2019,observed
1937,real_price_animal_products,beef,124.2,index_1900=100,jacks2019,observed
1938,real_price_animal_products,beef,111.99,index_1900=100,jacks2019,observed
1939,real_price_animal_products,beef,108.61,index_1900=100,jacks2019,observed
1940,real_price_animal_products,beef,135.64,index_1900=100,jacks2019,observed
1941,real_price_animal_products,beef,150.7,index_1900=100,jacks2019,observed
1942,real_price_animal_products,beef,175.72,index_1900=100,jacks2019,observed
1943,real_price_animal_products,beef,175.52,index_1900=100,jacks2019,observed
1944,real_price_animal_products,beef,169.53,index_1900=100,jacks2019,observed
1945,real_price_animal_products,beef,165.92,index_1900=100,jacks2019,observed
1946,real_price_animal_products,beef,176.02,index_1900=100,jacks2019,observed
1947,real_price_animal_products,beef,148.73,index_1900=100,jacks2019,observed
1948,real_price_animal_products,beef,114.1,index_1900=100,jacks2019,observed
1949,real_price_animal_products,beef,91.32,index_1900=100,jacks2019,observed
1950,real_price_animal_products,beef,62.42,index_1900=100,jacks2019,observed
1951,real_price_animal_products,beef,57.64,index_1900=100,jacks2019,observed
1952,real_price_animal_products,beef,59.96,index_1900=100,jacks2019,observed
1953,real_price_animal_products,beef,66.88,index_1900=100,jacks2019,observed
1954,real_price_animal_products,beef,64.18,index_1900=100,jacks2019,observed
1955,real_price_animal_products,beef,76.04,index_1900=100,jacks2019,observed
1956,real_price_animal_products,beef,129.4,index_1900=100,jacks2019,observed
1957,real_price_animal_products,beef,110.14,index_1900=100,jacks2019,observed
1958,real_price_animal_products,beef,114.7,index_1900=100,jacks2019,observed
1959,real_price_animal_products,beef,259.81,index_1900=100,jacks2019,observed
1960,real_price_animal_products,beef,270.78,index_1900=100,jacks2019,observed
1961,real_price_animal_products,beef,248.2,index_1900=100,jacks2019,observed
1962,real_price_animal_products,beef,256.99,index_1900=100,jacks2019,observed
1963,real_price_animal_products,beef,236.98,index_1900=100,jacks2019,observed
1964,real_price_animal_products,beef,295.1,index_1900=100,jacks2019,observed
1965,real_price_animal_products,beef,304.2,index_1900=100,jacks2019,observed
1966,real_price_animal_products,beef,342.97,index_1900=100,jacks2019,observed
1967,real_price_animal_products,beef,339.45,index_1900=100,jacks2019,observed
1968,real_price_animal_products,beef,339.58,index_1900=100,jacks2019,observed
1969,real_price_animal_products,beef,363.14,index_1900=100,jacks2019,observed
1970,real_price_animal_products,beef,365.68,index_1900=100,jacks2019,observed
1971,real_price_animal_products,beef,361.78,index_1900=100,jacks2019,observed
1972,real_price_animal_products,beef,385.17,index_1900=100,jacks2019,observed
1973,real_price_animal_products,beef,492.63,index_1900=100,jacks2019,observed
1974,real_price_animal_products,beef,349.28,index_1900=100,jacks2019,observed
1975,real_price_animal_products,beef,268.42,index_1900=100,jacks2019,observed
1976,real_price_animal_products,beef,302.36,index_1900=100,jacks2019,observed
1977,real_price_animal_products,beef,270.66,index_1900=100,jacks2019,observed
1978,real_price_animal_products,beef,357.02,index_1900=100,jacks2019,observed
1979,real_price_animal_products,beef,432.76,index_1900=100,jacks2019,observed
1980,real_price_animal_products,beef,364.83,index_1900=100,jacks2019,observed
1981,real_price_animal_products,beef,296.32,index_1900=100,jacks2019,observed
1982,real_price_animal_products,beef,269.66,index_1900=100,jacks2019,observed
1983,real_price_animal_products,beef,266.76,index_1900=100,jacks2019,observed
1984,real_price_animal_products,beef,238.24,index_1900=100,jacks2019,observed
1985,real_price_animal_products,beef,218.01,index_1900=100,jacks2019,observed
1986,real_price_animal_products,beef,207.87,index_1900=100,jacks2019,observed
1987,real_price_animal_products,beef,228.71,index_1900=100,jacks2019,observed
1988,real_price_animal_products,beef,231.7,index_1900=100,jacks2019,observed
1989,real_price_animal_products,beef,225.61,index_1900=100,jacks2019,observed
1990,real_price_animal_products,beef,213.56,index_1900=100,jacks2019,observed
1991,real_price_animal_products,beef,212.94,index_1900=100,jacks2019,observed
1992,real_price_animal_products,beef,190.52,index_1900=100,jacks2019,observed
1993,real_price_animal_products,beef,197.26,index_1900=100,jacks2019,observed
1994,real_price_animal_products,beef,171.42,index_1900=100,jacks2019,observed
1995,real_price_animal_products,beef,133.52,index_1900=100,jacks2019,observed
1996,real_price_animal_products,beef,121.45,index_1900=100,jacks2019,observed
1997,real_price_animal_products,beef,125.39,index_1900=100,jacks2019,observed
1998,real_price_animal_products,beef,114.65,index_1900=100,jacks2019,observed
1999,real_price_animal_products,beef,118.32,index_1900=100,jacks2019,observed
2000,real_price_animal_products,beef,121.76,index_1900=100,jacks2019,observed
2001,real_price_animal_products,beef,129.52,index_1900=100,jacks2019,observed
2002,real_price_animal_products,beef,127.64,index_1900=100,jacks2019,observed
2003,real_price_animal_products,beef,125.86,index_1900=100,jacks2019,observed
2004,real_price_animal_products,beef,154.1,index_1900=100,jacks2019,observed
2005,real_price_animal_products,beef,152.48,index_1900=100,jacks2019,observed
2006,real_price_animal_products,beef,143.13,index_1900=100,jacks2019,observed
2007,real_price_animal_products,beef,141.56,index_1900=100,jacks2019,observed
2008,real_price_animal_products,beef,163.64,index_1900=100,jacks2019,observed
2009,real_price_animal_products,beef,138.55,index_1900=100,jacks2019,observed
2010,real_price_animal_products,beef,170.73,index_1900=100,jacks2019,observed
2011,real_price_animal_products,beef,197.39,index_1900=100,jacks2019,observed
2012,real_price_animal_products,beef,199.5,index_1900=100,jacks2019,observed
2013,real_price_animal_products,beef,192.98,index_1900=100,jacks2019,observed
2014,real_price_animal_products,beef,232.32,index_1900=100,jacks2019,observed
2015,real_price_animal_products,beef,209.47,index_1900=100,jacks2019,observed
2016,real_price_animal_products,beef,184.25,index_1900=100,jacks2019,observed
2017,real_price_animal_products,beef,194.91,index_1900=100,jacks2019,observed
2018,real_price_animal_products,beef,181.93,index_1900=100,jacks2019,observed
2019,real_price_animal_products,beef,202.75,index_1900=100,jacks2019,observed
2020,real_price_animal_products,beef,196.38,index_1900=100,jacks2019,observed
2021,real_price_animal_products,beef,214.7,index_1900=100,jacks2019,observed
2022,real_price_animal_products,beef,209.18,index_1900=100,jacks2019,observed
2023,real_price_animal_products,beef,175.23,index_1900=100,jacks2019,observed
2024,real_price_animal_products,beef,205.86,index_1900=100,jacks2019,observed
2025,real_price_animal_products,beef,232.04,index_1900=100,jacks2019,observed
1850,real_price_animal_products,hides,64.52,index_1900=100,jacks2019,observed
1851,real_price_animal_products,hides,77.74,index_1900=100,jacks2019,observed
1852,real_price_animal_products,hides,73.57,index_1900=100,jacks2019,observed
1853,real_price_animal_products,hides,85.27,index_1900=100,jacks2019,observed
1854,real_price_animal_products,hides,90.77,index_1900=100,jacks2019,observed
1855,real_price_animal_products,hides,104.61,index_1900=100,jacks2019,observed
1856,real_price_animal_products,hides,131.02,index_1900=100,jacks2019,observed
1857,real_price_animal_products,hides,159.87,index_1900=100,jacks2019,observed
1858,real_price_animal_products,hides,138.1,index_1900=100,jacks2019,observed
1859,real_price_animal_products,hides,139.84,index_1900=100,jacks2019,observed
1860,real_price_animal_products,hides,142.94,index_1900=100,jacks2019,observed
1861,real_price_animal_products,hides,117.31,index_1900=100,jacks2019,observed
1862,real_price_animal_products,hides,95.05,index_1900=100,jacks2019,observed
1863,real_price_animal_products,hides,65.86,index_1900=100,jacks2019,observed
1864,real_price_animal_products,hides,50.98,index_1900=100,jacks2019,observed
1865,real_price_animal_products,hides,46.0,index_1900=100,jacks2019,observed
1866,real_price_animal_products,hides,45.57,index_1900=100,jacks2019,observed
1867,real_price_animal_products,hides,48.9,index_1900=100,jacks2019,observed
1868,real_price_animal_products,hides,56.34,index_1900=100,jacks2019,observed
1869,real_price_animal_products,hides,60.67,index_1900=100,jacks2019,observed
1870,real_price_animal_products,hides,65.34,index_1900=100,jacks2019,observed
1871,real_price_animal_products,hides,76.15,index_1900=100,jacks2019,observed
1872,real_price_animal_products,hides,88.85,index_1900=100,jacks2019,observed
1873,real_price_animal_products,hides,95.0,index_1900=100,jacks2019,observed
1874,real_price_animal_products,hides,95.28,index_1900=100,jacks2019,observed
1875,real_price_animal_products,hides,87.1,index_1900=100,jacks2019,observed
1876,real_price_animal_products,hides,72.32,index_1900=100,jacks2019,observed
1877,real_price_animal_products,hides,83.9,index_1900=100,jacks2019,observed
1878,real_price_animal_products,hides,88.06,index_1900=100,jacks2019,observed
1879,real_price_animal_products,hides,82.88,index_1900=100,jacks2019,observed
1880,real_price_animal_products,hides,96.04,index_1900=100,jacks2019,observed
1881,real_price_animal_products,hides,90.99,index_1900=100,jacks2019,observed
1882,real_price_animal_products,hides,90.99,index_1900=100,jacks2019,observed
1883,real_price_animal_products,hides,92.86,index_1900=100,jacks2019,observed
1884,real_price_animal_products,hides,94.81,index_1900=100,jacks2019,observed
1885,real_price_animal_products,hides,94.06,index_1900=100,jacks2019,observed
1886,real_price_animal_products,hides,87.88,index_1900=100,jacks2019,observed
1887,real_price_animal_products,hides,84.21,index_1900=100,jacks2019,observed
1888,real_price_animal_products,hides,73.35,index_1900=100,jacks2019,observed
1889,real_price_animal_products,hides,70.2,index_1900=100,jacks2019,observed
1890,real_price_animal_products,hides,65.31,index_1900=100,jacks2019,observed
1891,real_price_animal_products,hides,62.47,index_1900=100,jacks2019,observed
1892,real_price_animal_products,hides,62.47,index_1900=100,jacks2019,observed
1893,real_price_animal_products,hides,63.19,index_1900=100,jacks2019,observed
1894,real_price_animal_products,hides,66.07,index_1900=100,jacks2019,observed
1895,real_price_animal_products,hides,87.69,index_1900=100,jacks2019,observed
1896,real_price_animal_products,hides,83.08,index_1900=100,jacks2019,observed
1897,real_price_animal_products,hides,81.0,index_1900=100,jacks2019,observed
1898,real_price_animal_products,hides,87.23,index_1900=100,jacks2019,observed
1899,real_price_animal_products,hides,91.9,index_1900=100,jacks2019,observed
1900,real_price_animal_products,hides,100.0,index_1900=100,jacks2019,observed
1901,real_price_animal_products,hides,95.25,index_1900=100,jacks2019,observed
1902,real_price_animal_products,hides,94.59,index_1900=100,jacks2019,observed
1903,real_price_animal_products,hides,88.12,index_1900=100,jacks2019,observed
1904,real_price_animal_products,hides,95.05,index_1900=100,jacks2019,observed
1905,real_price_animal_products,hides,119.72,index_1900=100,jacks2019,observed
1906,real_price_animal_products,hides,132.64,index_1900=100,jacks2019,observed
1907,real_price_animal_products,hides,100.18,index_1900=100,jacks2019,observed
1908,real_price_animal_products,hides,96.48,index_1900=100,jacks2019,observed
1909,real_price_animal_products,hides,131.09,index_1900=100,jacks2019,observed
1910,real_price_animal_products,hides,110.39,index_1900=100,jacks2019,observed
1911,real_price_animal_products,hides,114.24,index_1900=100,jacks2019,observed
1912,real_price_animal_products,hides,136.84,index_1900=100,jacks2019,observed
1913,real_price_animal_products,hides,140.24,index_1900=100,jacks2019,observed
1914,real_price_animal_products,hides,155.0,index_1900=100,jacks2019,observed
1915,real_price_animal_products,hides,183.81,index_1900=100,jacks2019,observed
1916,real_price_animal_products,hides,182.34,index_1900=100,jacks2019,observed
1917,real_price_animal_products,hides,179.92,index_1900=100,jacks2019,observed
1918,real_price_animal_products,hides,117.6,index_1900=100,jacks2019,observed
1919,real_price_animal_products,hides,178.25,index_1900=100,jacks2019,observed
1920,real_price_animal_products,hides,113.71,index_1900=100,jacks2019,observed
1921,real_price_animal_products,hides,49.51,index_1900=100,jacks2019,observed
1922,real_price_animal_products,hides,70.47,index_1900=100,jacks2019,observed
1923,real_price_animal_products,hides,59.09,index_1900=100,jacks2019,observed
1924,real_price_animal_products,hides,56.02,index_1900=100,jacks2019,observed
1925,real_price_animal_products,hides,65.01,index_1900=100,jacks2019,observed
1926,real_price_animal_products,hides,57.59,index_1900=100,jacks2019,observed
1927,real_price_animal_products,hides,83.97,index_1900=100,jacks2019,observed
1928,real_price_animal_products,hides,102.97,index_1900=100,jacks2019,observed
1929,real_price_animal_products,hides,71.21,index_1900=100,jacks2019,observed
1930,real_price_animal_products,hides,108.28,index_1900=100,jacks2019,observed
1931,real_price_animal_products,hides,43.46,index_1900=100,jacks2019,observed
1932,real_price_animal_products,hides,32.08,index_1900=100,jacks2019,observed
1933,real_price_animal_products,hides,56.55,index_1900=100,jacks2019,observed
1934,real_price_animal_products,hides,51.01,index_1900=100,jacks2019,observed
1935,real_price_animal_products,hides,56.77,index_1900=100,jacks2019,observed
1936,real_price_animal_products,hides,64.46,index_1900=100,jacks2019,observed
1937,real_price_animal_products,hides,80.89,index_1900=100,jacks2019,observed
1938,real_price_animal_products,hides,57.55,index_1900=100,jacks2019,observed
1939,real_price_animal_products,hides,67.9,index_1900=100,jacks2019,observed
1940,real_price_animal_products,hides,70.55,index_1900=100,jacks2019,observed
1941,real_price_animal_products,hides,78.31,index_1900=100,jacks2019,observed
1942,real_price_animal_products,hides,74.12,index_1900=100,jacks2019,observed
1943,real_price_animal_products,hides,69.84,index_1900=100,jacks2019,observed
1944,real_price_animal_products,hides,68.65,index_1900=100,jacks2019,observed
1945,real_price_animal_products,hides,67.12,index_1900=100,jacks2019,observed
1946,real_price_animal_products,hides,73.01,index_1900=100,jacks2019,observed
1947,real_price_animal_products,hides,100.5,index_1900=100,jacks2019,observed
1948,real_price_animal_products,hides,90.31,index_1900=100,jacks2019,observed
1949,real_price_animal_products,hides,81.07,index_1900=100,jacks2019,observed
1950,real_price_animal_products,hides,92.9,index_1900=100,jacks2019,observed
1951,real_price_animal_products,hides,102.32,index_1900=100,jacks2019,observed
1952,real_price_animal_products,hides,52.26,index_1900=100,jacks2019,observed
1953,real_price_animal_products,hides,51.29,index_1900=100,jacks2019,observed
1954,real_price_animal_products,hides,41.18,index_1900=100,jacks2019,observed
1955,real_price_animal_products,hides,39.59,index_1900=100,jacks2019,observed
1956,real_price_animal_products,hides,45.31,index_1900=100,jacks2019,observed
1957,real_price_animal_products,hides,42.92,index_1900=100,jacks2019,observed
1958,real_price_animal_products,hides,43.13,index_1900=100,jacks2019,observed
1959,real_price_animal_products,hides,66.3,index_1900=100,jacks2019,observed
1960,real_price_animal_products,hides,49.21,index_1900=100,jacks2019,observed
1961,real_price_animal_products,hides,52.78,index_1900=100,jacks2019,observed
1962,real_price_animal_products,hides,53.51,index_1900=100,jacks2019,observed
1963,real_price_animal_products,hides,39.05,index_1900=100,jacks2019,observed
1964,real_price_animal_products,hides,35.39,index_1900=100,jacks2019,observed
1965,real_price_animal_products,hides,48.27,index_1900=100,jacks2019,observed
1966,real_price_animal_products,hides,58.06,index_1900=100,jacks2019,observed
1967,real_price_animal_products,hides,38.19,index_1900=100,jacks2019,observed
1968,real_price_animal_products,hides,34.41,index_1900=100,jacks2019,observed
1969,real_price_animal_products,hides,42.39,index_1900=100,jacks2019,observed
1970,real_price_animal_products,hides,35.38,index_1900=100,jacks2019,observed
1971,real_price_animal_products,hides,38.04,index_1900=100,jacks2019,observed
1972,real_price_animal_products,hides,75.34,index_1900=100,jacks2019,observed
1973,real_price_animal_products,hides,82.2,index_1900=100,jacks2019,observed
1974,real_price_animal_products,hides,50.96,index_1900=100,jacks2019,observed
1975,real_price_animal_products,hides,46.05,index_1900=100,jacks2019,observed
1976,real_price_animal_products,hides,62.8,index_1900=100,jacks2019,observed
1977,real_price_animal_products,hides,64.94,index_1900=100,jacks2019,observed
1978,real_price_animal_products,hides,77.65,index_1900=100,jacks2019,observed
1979,real_price_animal_products,hides,107.35,index_1900=100,jacks2019,observed
1980,real_price_animal_products,hides,59.37,index_1900=100,jacks2019,observed
1981,real_price_animal_products,hides,48.87,index_1900=100,jacks2019,observed
1982,real_price_animal_products,hides,42.57,index_1900=100,jacks2019,observed
1983,real_price_animal_products,hides,48.27,index_1900=100,jacks2019,observed
1984,real_price_animal_products,hides,60.35,index_1900=100,jacks2019,observed
1985,real_price_animal_products,hides,50.66,index_1900=100,jacks2019,observed
1986,real_price_animal_products,hides,62.16,index_1900=100,jacks2019,observed
1987,real_price_animal_products,hides,74.87,index_1900=100,jacks2019,observed
1988,real_price_animal_products,hides,78.93,index_1900=100,jacks2019,observed
1989,real_price_animal_products,hides,77.33,index_1900=100,jacks2019,observed
1990,real_price_animal_products,hides,75.17,index_1900=100,jacks2019,observed
1991,real_price_animal_products,hides,62.14,index_1900=100,jacks2019,observed
1992,real_price_animal_products,hides,57.6,index_1900=100,jacks2019,observed
1993,real_price_animal_products,hides,59.0,index_1900=100,jacks2019,observed
1994,real_price_animal_products,hides,62.4,index_1900=100,jacks2019,observed
1995,real_price_animal_products,hides,61.61,index_1900=100,jacks2019,observed
1996,real_price_animal_products,hides,59.28,index_1900=100,jacks2019,observed
1997,real_price_animal_products,hides,58.57,index_1900=100,jacks2019,observed
1998,real_price_animal_products,hides,50.12,index_1900=100,jacks2019,observed
1999,real_price_animal_products,hides,46.13,index_1900=100,jacks2019,observed
2000,real_price_animal_products,hides,49.63,index_1900=100,jacks2019,observed
2001,real_price_animal_products,hides,50.89,index_1900=100,jacks2019,observed
2002,real_price_animal_products,hides,48.63,index_1900=100,jacks2019,observed
2003,real_price_animal_products,hides,39.55,index_1900=100,jacks2019,observed
2004,real_price_animal_products,hides,37.88,index_1900=100,jacks2019,observed
2005,real_price_animal_products,hides,35.86,index_1900=100,jacks2019,observed
2006,real_price_animal_products,hides,36.5,index_1900=100,jacks2019,observed
2007,real_price_animal_products,hides,37.08,index_1900=100,jacks2019,observed
2008,real_price_animal_products,hides,31.66,index_1900=100,jacks2019,observed
2009,real_price_animal_products,hides,22.26,index_1900=100,jacks2019,observed
2010,real_price_animal_products,hides,35.15,index_1900=100,jacks2019,observed
2011,real_price_animal_products,hides,38.83,index_1900=100,jacks2019,observed
2012,real_price_animal_products,hides,38.58,index_1900=100,jacks2019,observed
2013,real_price_animal_products,hides,43.31,index_1900=100,jacks2019,observed
2014,real_price_animal_products,hides,49.67,index_1900=100,jacks2019,observed
2015,real_price_animal_products,hides,39.37,index_1900=100,jacks2019,observed
2016,real_price_animal_products,hides,31.54,index_1900=100,jacks2019,observed
2017,real_price_animal_products,hides,29.6,index_1900=100,jacks2019,observed
2018,real_price_animal_products,hides,24.18,index_1900=100,jacks2019,observed
2019,real_price_animal_products,hides,17.88,index_1900=100,jacks2019,observed
2020,real_price_animal_products,hides,14.75,index_1900=100,jacks2019,observed
2021,real_price_animal_products,hides,19.91,index_1900=100,jacks2019,observed
2022,real_price_animal_products,hides,14.58,index_1900=100,jacks2019,observed
2023,real_price_animal_products,hides,12.61,index_1900=100,jacks2019,observed
2024,real_price_animal_products,hides,10.66,index_1900=100,jacks2019,observed
2025,real_price_animal_products,hides,8.01,index_1900=100,jacks2019,observed
1850,real_price_animal_products,lamb,78.37,index_1900=100,jacks2019,observed
1851,real_price_animal_products,lamb,81.92,index_1900=100,jacks2019,observed
1852,real_price_animal_products,lamb,81.05,index_1900=100,jacks2019,observed
1853,real_price_animal_products,lamb,99.47,index_1900=100,jacks2019,observed
1854,real_price_animal_products,lamb,91.53,index_1900=100,jacks2019,observed
1855,real_price_animal_products,lamb,87.26,index_1900=100,jacks2019,observed
1856,real_price_animal_products,lamb,88.96,index_1900=100,jacks2019,observed
1857,real_price_animal_products,lamb,88.06,index_1900=100,jacks2019,observed
1858,real_price_animal_products,lamb,88.17,index_1900=100,jacks2019,observed
1859,real_price_animal_products,lamb,90.72,index_1900=100,jacks2019,observed
1860,real_price_animal_products,lamb,95.86,index_1900=100,jacks2019,observed
1861,real_price_animal_products,lamb,88.85,index_1900=100,jacks2019,observed
1862,real_price_animal_products,lamb,75.0,index_1900=100,jacks2019,observed
1863,real_price_animal_products,lamb,61.22,index_1900=100,jacks2019,observed
1864,real_price_animal_products,lamb,49.82,index_1900=100,jacks2019,observed
1865,real_price_animal_products,lamb,55.92,index_1900=100,jacks2019,observed
1866,real_price_animal_products,lamb,54.68,index_1900=100,jacks2019,observed
1867,real_price_animal_products,lamb,52.92,index_1900=100,jacks2019,observed
1868,real_price_animal_products,lamb,51.06,index_1900=100,jacks2019,observed
1869,real_price_animal_products,lamb,60.58,index_1900=100,jacks2019,observed
1870,real_price_animal_products,lamb,63.26,index_1900=100,jacks2019,observed
1871,real_price_animal_products,lamb,73.41,index_1900=100,jacks2019,observed
1872,real_price_animal_products,lamb,78.07,index_1900=100,jacks2019,observed
1873,real_price_animal_products,lamb,84.44,index_1900=100,jacks2019,observed
1874,real_price_animal_products,lamb,77.48,index_1900=100,jacks2019,observed
1875,real_price_animal_products,lamb,92.06,index_1900=100,jacks2019,observed
1876,real_price_animal_products,lamb,95.61,index_1900=100,jacks2019,observed
1877,real_price_animal_products,lamb,93.79,index_1900=100,jacks2019,observed
1878,real_price_animal_products,lamb,97.02,index_1900=100,jacks2019,observed
1879,real_price_animal_products,lamb,91.31,index_1900=100,jacks2019,observed
1880,real_price_animal_products,lamb,91.88,index_1900=100,jacks2019,observed
1881,real_price_animal_products,lamb,96.06,index_1900=100,jacks2019,observed
1882,real_price_animal_products,lamb,100.24,index_1900=100,jacks2019,observed
1883,real_price_animal_products,lamb,103.72,index_1900=100,jacks2019,observed
1884,real_price_animal_products,lamb,92.85,index_1900=100,jacks2019,observed
1885,real_price_animal_products,lamb,82.9,index_1900=100,jacks2019,observed
1886,real_price_animal_products,lamb,93.79,index_1900=100,jacks2019,observed
1887,real_price_animal_products,lamb,77.81,index_1900=100,jacks2019,observed
1888,real_price_animal_products,lamb,86.79,index_1900=100,jacks2019,observed
1889,real_price_animal_products,lamb,97.44,index_1900=100,jacks2019,observed
1890,real_price_animal_products,lamb,92.29,index_1900=100,jacks2019,observed
1891,real_price_animal_products,lamb,82.9,index_1900=100,jacks2019,observed
1892,real_price_animal_products,lamb,82.9,index_1900=100,jacks2019,observed
1893,real_price_animal_products,lamb,85.44,index_1900=100,jacks2019,observed
1894,real_price_animal_products,lamb,90.98,index_1900=100,jacks2019,observed
1895,real_price_animal_products,lamb,98.31,index_1900=100,jacks2019,observed
1896,real_price_animal_products,lamb,89.83,index_1900=100,jacks2019,observed
1897,real_price_animal_products,lamb,94.38,index_1900=100,jacks2019,observed
1898,real_price_animal_products,lamb,89.23,index_1900=100,jacks2019,observed
1899,real_price_animal_products,lamb,92.66,index_1900=100,jacks2019,observed
1900,real_price_animal_products,lamb,100.0,index_1900=100,jacks2019,observed
1901,real_price_animal_products,lamb,98.79,index_1900=100,jacks2019,observed
1902,real_price_animal_products,lamb,97.6,index_1900=100,jacks2019,observed
1903,real_price_animal_products,lamb,95.43,index_1900=100,jacks2019,observed
1904,real_price_animal_products,lamb,94.32,index_1900=100,jacks2019,observed
1905,real_price_animal_products,lamb,95.43,index_1900=100,jacks2019,observed
1906,real_price_animal_products,lamb,93.35,index_1900=100,jacks2019,observed
1907,real_price_animal_products,lamb,87.08,index_1900=100,jacks2019,observed
1908,real_price_animal_products,lamb,87.39,index_1900=100,jacks2019,observed
1909,real_price_animal_products,lamb,92.29,index_1900=100,jacks2019,observed
1910,real_price_animal_products,lamb,88.01,index_1900=100,jacks2019,observed
1911,real_price_animal_products,lamb,88.01,index_1900=100,jacks2019,observed
1912,real_price_animal_products,lamb,86.23,index_1900=100,jacks2019,observed
1913,real_price_animal_products,lamb,83.35,index_1900=100,jacks2019,observed
1914,real_price_animal_products,lamb,80.8,index_1900=100,jacks2019,observed
1915,real_price_animal_products,lamb,184.5,index_1900=100,jacks2019,observed
1916,real_price_animal_products,lamb,175.38,index_1900=100,jacks2019,observed
1917,real_price_animal_products,lamb,160.62,index_1900=100,jacks2019,observed
1918,real_price_animal_products,lamb,173.14,index_1900=100,jacks2019,observed
1919,real_price_animal_products,lamb,180.83,index_1900=100,jacks2019,observed
1920,real_price_animal_products,lamb,120.82,index_1900=100,jacks2019,observed
1921,real_price_animal_products,lamb,102.32,index_1900=100,jacks2019,observed
1922,real_price_animal_products,lamb,57.59,index_1900=100,jacks2019,observed
1923,real_price_animal_products,lamb,89.11,index_1900=100,jacks2019,observed
1924,real_price_animal_products,lamb,111.54,index_1900=100,jacks2019,observed
1925,real_price_animal_products,lamb,127.5,index_1900=100,jacks2019,observed
1926,real_price_animal_products,lamb,83.6,index_1900=100,jacks2019,observed
1927,real_price_animal_products,lamb,89.16,index_1900=100,jacks2019,observed
1928,real_price_animal_products,lamb,110.94,index_1900=100,jacks2019,observed
1929,real_price_animal_products,lamb,101.88,index_1900=100,jacks2019,observed
1930,real_price_animal_products,lamb,93.56,index_1900=100,jacks2019,observed
1931,real_price_animal_products,lamb,172.12,index_1900=100,jacks2019,observed
1932,real_price_animal_products,lamb,147.21,index_1900=100,jacks2019,observed
1933,real_price_animal_products,lamb,176.45,index_1900=100,jacks2019,observed
1934,real_price_animal_products,lamb,179.8,index_1900=100,jacks2019,observed
1935,real_price_animal_products,lamb,288.14,index_1900=100,jacks2019,observed
1936,real_price_animal_products,lamb,327.5,index_1900=100,jacks2019,observed
1937,real_price_animal_products,lamb,348.52,index_1900=100,jacks2019,observed
1938,real_price_animal_products,lamb,306.97,index_1900=100,jacks2019,observed
1939,real_price_animal_products,lamb,255.27,index_1900=100,jacks2019,observed
1940,real_price_animal_products,lamb,258.13,index_1900=100,jacks2019,observed
1941,real_price_animal_products,lamb,253.59,index_1900=100,jacks2019,observed
1942,real_price_animal_products,lamb,237.42,index_1900=100,jacks2019,observed
1943,real_price_animal_products,lamb,239.65,index_1900=100,jacks2019,observed
1944,real_price_animal_products,lamb,240.66,index_1900=100,jacks2019,observed
1945,real_price_animal_products,lamb,227.26,index_1900=100,jacks2019,observed
1946,real_price_animal_products,lamb,227.18,index_1900=100,jacks2019,observed
1947,real_price_animal_products,lamb,188.51,index_1900=100,jacks2019,observed
1948,real_price_animal_products,lamb,126.91,index_1900=100,jacks2019,observed
1949,real_price_animal_products,lamb,112.8,index_1900=100,jacks2019,observed
1950,real_price_animal_products,lamb,58.58,index_1900=100,jacks2019,observed
1951,real_price_animal_products,lamb,63.33,index_1900=100,jacks2019,observed
1952,real_price_animal_products,lamb,59.89,index_1900=100,jacks2019,observed
1953,real_price_animal_products,lamb,78.65,index_1900=100,jacks2019,observed
1954,real_price_animal_products,lamb,64.8,index_1900=100,jacks2019,observed
1955,real_price_animal_products,lamb,80.5,index_1900=100,jacks2019,observed
1956,real_price_animal_products,lamb,148.6,index_1900=100,jacks2019,observed
1957,real_price_animal_products,lamb,137.97,index_1900=100,jacks2019,observed
1958,real_price_animal_products,lamb,134.29,index_1900=100,jacks2019,observed
1959,real_price_animal_products,lamb,217.64,index_1900=100,jacks2019,observed
1960,real_price_animal_products,lamb,298.57,index_1900=100,jacks2019,observed
1961,real_price_animal_products,lamb,241.74,index_1900=100,jacks2019,observed
1962,real_price_animal_products,lamb,226.83,index_1900=100,jacks2019,observed
1963,real_price_animal_products,lamb,271.92,index_1900=100,jacks2019,observed
1964,real_price_animal_products,lamb,297.34,index_1900=100,jacks2019,observed
1965,real_price_animal_products,lamb,224.04,index_1900=100,jacks2019,observed
1966,real_price_animal_products,lamb,221.97,index_1900=100,jacks2019,observed
1967,real_price_animal_products,lamb,230.6,index_1900=100,jacks2019,observed
1968,real_price_animal_products,lamb,251.95,index_1900=100,jacks2019,observed
1969,real_price_animal_products,lamb,251.14,index_1900=100,jacks2019,observed
1970,real_price_animal_products,lamb,250.87,index_1900=100,jacks2019,observed
1971,real_price_animal_products,lamb,231.25,index_1900=100,jacks2019,observed
1972,real_price_animal_products,lamb,299.92,index_1900=100,jacks2019,observed
1973,real_price_animal_products,lamb,456.73,index_1900=100,jacks2019,observed
1974,real_price_animal_products,lamb,307.86,index_1900=100,jacks2019,observed
1975,real_price_animal_products,lamb,170.6,index_1900=100,jacks2019,observed
1976,real_price_animal_products,lamb,291.67,index_1900=100,jacks2019,observed
1977,real_price_animal_products,lamb,456.68,index_1900=100,jacks2019,observed
1978,real_price_animal_products,lamb,512.4,index_1900=100,jacks2019,observed
1979,real_price_animal_products,lamb,583.89,index_1900=100,jacks2019,observed
1980,real_price_animal_products,lamb,587.5,index_1900=100,jacks2019,observed
1981,real_price_animal_products,lamb,507.15,index_1900=100,jacks2019,observed
1982,real_price_animal_products,lamb,415.44,index_1900=100,jacks2019,observed
1983,real_price_animal_products,lamb,325.58,index_1900=100,jacks2019,observed
1984,real_price_animal_products,lamb,311.46,index_1900=100,jacks2019,observed
1985,real_price_animal_products,lamb,286.54,index_1900=100,jacks2019,observed
1986,real_price_animal_products,lamb,311.66,index_1900=100,jacks2019,observed
1987,real_price_animal_products,lamb,319.77,index_1900=100,jacks2019,observed
1988,real_price_animal_products,lamb,341.4,index_1900=100,jacks2019,observed
1989,real_price_animal_products,lamb,313.38,index_1900=100,jacks2019,observed
1990,real_price_animal_products,lamb,342.01,index_1900=100,jacks2019,observed
1991,real_price_animal_products,lamb,284.12,index_1900=100,jacks2019,observed
1992,real_price_animal_products,lamb,303.56,index_1900=100,jacks2019,observed
1993,real_price_animal_products,lamb,316.94,index_1900=100,jacks2019,observed
1994,real_price_animal_products,lamb,312.88,index_1900=100,jacks2019,observed
1995,real_price_animal_products,lamb,274.18,index_1900=100,jacks2019,observed
1996,real_price_animal_products,lamb,342.09,index_1900=100,jacks2019,observed
1997,real_price_animal_products,lamb,345.49,index_1900=100,jacks2019,observed
1998,real_price_animal_products,lamb,262.62,index_1900=100,jacks2019,observed
1999,real_price_animal_products,lamb,256.52,index_1900=100,jacks2019,observed
2000,real_price_animal_products,lamb,241.82,index_1900=100,jacks2019,observed
2001,real_price_animal_products,lamb,271.37,index_1900=100,jacks2019,observed
2002,real_price_animal_products,lamb,299.54,index_1900=100,jacks2019,observed
2003,real_price_animal_products,lamb,320.48,index_1900=100,jacks2019,observed
2004,real_price_animal_products,lamb,323.79,index_1900=100,jacks2019,observed
2005,real_price_animal_products,lamb,304.03,index_1900=100,jacks2019,observed
2006,real_price_animal_products,lamb,281.14,index_1900=100,jacks2019,observed
2007,real_price_animal_products,lamb,287.78,index_1900=100,jacks2019,observed
2008,real_price_animal_products,lamb,292.59,index_1900=100,jacks2019,observed
2009,real_price_animal_products,lamb,252.73,index_1900=100,jacks2019,observed
2010,real_price_animal_products,lamb,246.53,index_1900=100,jacks2019,observed
2011,real_price_animal_products,lamb,244.67,index_1900=100,jacks2019,observed
2012,real_price_animal_products,lamb,162.83,index_1900=100,jacks2019,observed
2013,real_price_animal_products,lamb,167.65,index_1900=100,jacks2019,observed
2014,real_price_animal_products,lamb,212.6,index_1900=100,jacks2019,observed
2015,real_price_animal_products,lamb,162.67,index_1900=100,jacks2019,observed
2016,real_price_animal_products,lamb,140.44,index_1900=100,jacks2019,observed
2017,real_price_animal_products,lamb,163.37,index_1900=100,jacks2019,observed
2018,real_price_animal_products,lamb,170.02,index_1900=100,jacks2019,observed
2019,real_price_animal_products,lamb,167.2,index_1900=100,jacks2019,observed
2020,real_price_animal_products,lamb,165.62,index_1900=100,jacks2019,observed
2021,real_price_animal_products,lamb,199.59,index_1900=100,jacks2019,observed
2022,real_price_animal_products,lamb,174.67,index_1900=100,jacks2019,observed
2023,real_price_animal_products,lamb,115.26,index_1900=100,jacks2019,observed
2024,real_price_animal_products,lamb,133.22,index_1900=100,jacks2019,observed
2025,real_price_animal_products,lamb,176.87,index_1900=100,jacks2019,observed
1850,real_price_animal_products,pork,55.13,index_1900=100,jacks2019,observed
1851,real_price_animal_products,pork,76.31,index_1900=100,jacks2019,observed
1852,real_price_animal_products,pork,92.36,index_1900=100,jacks2019,observed
1853,real_price_animal_products,pork,84.04,index_1900=100,jacks2019,observed
1854,real_price_animal_products,pork,67.31,index_1900=100,jacks2019,observed
1855,real_price_animal_products,pork,84.3,index_1900=100,jacks2019,observed
1856,real_price_animal_products,pork,86.45,index_1900=100,jacks2019,observed
1857,real_price_animal_products,pork,99.91,index_1900=100,jacks2019,observed
1858,real_price_animal_products,pork,80.96,index_1900=100,jacks2019,observed
1859,real_price_animal_products,pork,88.15,index_1900=100,jacks2019,observed
1860,real_price_animal_products,pork,101.24,index_1900=100,jacks2019,observed
1861,real_price_animal_products,pork,66.82,index_1900=100,jacks2019,observed
1862,real_price_animal_products,pork,46.67,index_1900=100,jacks2019,observed
1863,real_price_animal_products,pork,55.07,index_1900=100,jacks2019,observed
1864,real_price_animal_products,pork,83.72,index_1900=100,jacks2019,observed
1865,real_price_animal_products,pork,104.38,index_1900=100,jacks2019,observed
1866,real_price_animal_products,pork,91.15,index_1900=100,jacks2019,observed
1867,real_price_animal_products,pork,70.22,index_1900=100,jacks2019,observed
1868,real_price_animal_products,pork,94.14,index_1900=100,jacks2019,observed
1869,real_price_animal_products,pork,115.2,index_1900=100,jacks2019,observed
1870,real_price_animal_products,pork,107.81,index_1900=100,jacks2019,observed
1871,real_price_animal_products,pork,68.47,index_1900=100,jacks2019,observed
1872,real_price_animal_products,pork,58.64,index_1900=100,jacks2019,observed
1873,real_price_animal_products,pork,62.87,index_1900=100,jacks2019,observed
1874,real_price_animal_products,pork,87.61,index_1900=100,jacks2019,observed
1875,real_price_animal_products,pork,112.7,index_1900=100,jacks2019,observed
1876,real_price_animal_products,pork,105.65,index_1900=100,jacks2019,observed
1877,real_price_animal_products,pork,83.97,index_1900=100,jacks2019,observed
1878,real_price_animal_products,pork,60.34,index_1900=100,jacks2019,observed
1879,real_price_animal_products,pork,61.1,index_1900=100,jacks2019,observed
1880,real_price_animal_products,pork,75.56,index_1900=100,jacks2019,observed
1881,real_price_animal_products,pork,99.64,index_1900=100,jacks2019,observed
1882,real_price_animal_products,pork,120.12,index_1900=100,jacks2019,observed
1883,real_price_animal_products,pork,100.79,index_1900=100,jacks2019,observed
1884,real_price_animal_products,pork,92.24,index_1900=100,jacks2019,observed
1885,real_price_animal_products,pork,72.84,index_1900=100,jacks2019,observed
1886,real_price_animal_products,pork,73.26,index_1900=100,jacks2019,observed
1887,real_price_animal_products,pork,85.59,index_1900=100,jacks2019,observed
1888,real_price_animal_products,pork,99.88,index_1900=100,jacks2019,observed
1889,real_price_animal_products,pork,79.12,index_1900=100,jacks2019,observed
1890,real_price_animal_products,pork,71.56,index_1900=100,jacks2019,observed
1891,real_price_animal_products,pork,79.72,index_1900=100,jacks2019,observed
1892,real_price_animal_products,pork,92.44,index_1900=100,jacks2019,observed
1893,real_price_animal_products,pork,120.94,index_1900=100,jacks2019,observed
1894,real_price_animal_products,pork,96.96,index_1900=100,jacks2019,observed
1895,real_price_animal_products,pork,85.63,index_1900=100,jacks2019,observed
1896,real_price_animal_products,pork,67.22,index_1900=100,jacks2019,observed
1897,real_price_animal_products,pork,72.99,index_1900=100,jacks2019,observed
1898,real_price_animal_products,pork,77.17,index_1900=100,jacks2019,observed
1899,real_price_animal_products,pork,80.84,index_1900=100,jacks2019,observed
1900,real_price_animal_products,pork,100.0,index_1900=100,jacks2019,observed
1901,real_price_animal_products,pork,115.35,index_1900=100,jacks2019,observed
1902,real_price_animal_products,pork,133.95,index_1900=100,jacks2019,observed
1903,real_price_animal_products,pork,113.47,index_1900=100,jacks2019,observed
1904,real_price_animal_products,pork,95.96,index_1900=100,jacks2019,observed
1905,real_price_animal_products,pork,98.74,index_1900=100,jacks2019,observed
1906,real_price_animal_products,pork,115.55,index_1900=100,jacks2019,observed
1907,real_price_animal_products,pork,106.99,index_1900=100,jacks2019,observed
1908,real_price_animal_products,pork,103.84,index_1900=100,jacks2019,observed
1909,real_price_animal_products,pork,137.1,index_1900=100,jacks2019,observed
1910,real_price_animal_products,pork,155.89,index_1900=100,jacks2019,observed
1911,real_price_animal_products,pork,116.19,index_1900=100,jacks2019,observed
1912,real_price_animal_products,pork,129.43,index_1900=100,jacks2019,observed
1913,real_price_animal_products,pork,138.22,index_1900=100,jacks2019,observed
1914,real_price_animal_products,pork,136.72,index_1900=100,jacks2019,observed
1915,real_price_animal_products,pork,115.94,index_1900=100,jacks2019,observed
1916,real_price_animal_products,pork,144.92,index_1900=100,jacks2019,observed
1917,real_price_animal_products,pork,197.3,index_1900=100,jacks2019,observed
1918,real_price_animal_products,pork,187.82,index_1900=100,jacks2019,observed
1919,real_price_animal_products,pork,167.81,index_1900=100,jacks2019,observed
1920,real_price_animal_products,pork,108.92,index_1900=100,jacks2019,observed
1921,real_price_animal_products,pork,71.83,index_1900=100,jacks2019,observed
1922,real_price_animal_products,pork,84.62,index_1900=100,jacks2019,observed
1923,real_price_animal_products,pork,68.11,index_1900=100,jacks2019,observed
1924,real_price_animal_products,pork,77.14,index_1900=100,jacks2019,observed
1925,real_price_animal_products,pork,105.79,index_1900=100,jacks2019,observed
1926,real_price_animal_products,pork,104.77,index_1900=100,jacks2019,observed
1927,real_price_animal_products,pork,88.27,index_1900=100,jacks2019,observed
1928,real_price_animal_products,pork,85.84,index_1900=100,jacks2019,observed
1929,real_price_animal_products,pork,91.53,index_1900=100,jacks2019,observed
1930,real_price_animal_products,pork,85.39,index_1900=100,jacks2019,observed
1931,real_price_animal_products,pork,59.56,index_1900=100,jacks2019,observed
1932,real_price_animal_products,pork,40.76,index_1900=100,jacks2019,observed
1933,real_price_animal_products,pork,44.93,index_1900=100,jacks2019,observed
1934,real_price_animal_products,pork,55.36,index_1900=100,jacks2019,observed
1935,real_price_animal_products,pork,106.36,index_1900=100,jacks2019,observed
1936,real_price_animal_products,pork,110.22,index_1900=100,jacks2019,observed
1937,real_price_animal_products,pork,111.57,index_1900=100,jacks2019,observed
1938,real_price_animal_products,pork,89.14,index_1900=100,jacks2019,observed
1939,real_price_animal_products,pork,73.3,index_1900=100,jacks2019,observed
1940,real_price_animal_products,pork,63.05,index_1900=100,jacks2019,observed
1941,real_price_animal_products,pork,88.7,index_1900=100,jacks2019,observed
1942,real_price_animal_products,pork,99.28,index_1900=100,jacks2019,observed
1943,real_price_animal_products,pork,77.73,index_1900=100,jacks2019,observed
1944,real_price_animal_products,pork,66.31,index_1900=100,jacks2019,observed
1945,real_price_animal_products,pork,68.03,index_1900=100,jacks2019,observed
1946,real_price_animal_products,pork,59.85,index_1900=100,jacks2019,observed
1947,real_price_animal_products,pork,54.45,index_1900=100,jacks2019,observed
1948,real_price_animal_products,pork,49.24,index_1900=100,jacks2019,observed
1949,real_price_animal_products,pork,57.74,index_1900=100,jacks2019,observed
1950,real_price_animal_products,pork,52.34,index_1900=100,jacks2019,observed
1951,real_price_animal_products,pork,44.23,index_1900=100,jacks2019,observed
1952,real_price_animal_products,pork,39.22,index_1900=100,jacks2019,observed
1953,real_price_animal_products,pork,53.02,index_1900=100,jacks2019,observed
1954,real_price_animal_products,pork,52.53,index_1900=100,jacks2019,observed
1955,real_price_animal_products,pork,41.64,index_1900=100,jacks2019,observed
1956,real_price_animal_products,pork,38.37,index_1900=100,jacks2019,observed
1957,real_price_animal_products,pork,50.51,index_1900=100,jacks2019,observed
1958,real_price_animal_products,pork,56.57,index_1900=100,jacks2019,observed
1959,real_price_animal_products,pork,41.16,index_1900=100,jacks2019,observed
1960,real_price_animal_products,pork,47.4,index_1900=100,jacks2019,observed
1961,real_price_animal_products,pork,51.05,index_1900=100,jacks2019,observed
1962,real_price_animal_products,pork,49.7,index_1900=100,jacks2019,observed
1963,real_price_animal_products,pork,40.9,index_1900=100,jacks2019,observed
1964,real_price_animal_products,pork,39.99,index_1900=100,jacks2019,observed
1965,real_price_animal_products,pork,53.31,index_1900=100,jacks2019,observed
1966,real_price_animal_products,pork,53.8,index_1900=100,jacks2019,observed
1967,real_price_animal_products,pork,45.95,index_1900=100,jacks2019,observed
1968,real_price_animal_products,pork,45.82,index_1900=100,jacks2019,observed
1969,real_price_animal_products,pork,57.34,index_1900=100,jacks2019,observed
1970,real_price_animal_products,pork,55.51,index_1900=100,jacks2019,observed
1971,real_price_animal_products,pork,44.29,index_1900=100,jacks2019,observed
1972,real_price_animal_products,pork,62.51,index_1900=100,jacks2019,observed
1973,real_price_animal_products,pork,89.64,index_1900=100,jacks2019,observed
1974,real_price_animal_products,pork,69.87,index_1900=100,jacks2019,observed
1975,real_price_animal_products,pork,88.81,index_1900=100,jacks2019,observed
1976,real_price_animal_products,pork,73.19,index_1900=100,jacks2019,observed
1977,real_price_animal_products,pork,65.8,index_1900=100,jacks2019,observed
1978,real_price_animal_products,pork,71.84,index_1900=100,jacks2019,observed
1979,real_price_animal_products,pork,55.5,index_1900=100,jacks2019,observed
1980,real_price_animal_products,pork,47.69,index_1900=100,jacks2019,observed
1981,real_price_animal_products,pork,51.71,index_1900=100,jacks2019,observed
1982,real_price_animal_products,pork,71.46,index_1900=100,jacks2019,observed
1983,real_price_animal_products,pork,55.92,index_1900=100,jacks2019,observed
1984,real_price_animal_products,pork,52.13,index_1900=100,jacks2019,observed
1985,real_price_animal_products,pork,50.02,index_1900=100,jacks2019,observed
1986,real_price_animal_products,pork,53.97,index_1900=100,jacks2019,observed
1987,real_price_animal_products,pork,49.87,index_1900=100,jacks2019,observed
1988,real_price_animal_products,pork,31.38,index_1900=100,jacks2019,observed
1989,real_price_animal_products,pork,24.69,index_1900=100,jacks2019,observed
1990,real_price_animal_products,pork,36.83,index_1900=100,jacks2019,observed
1991,real_price_animal_products,pork,31.29,index_1900=100,jacks2019,observed
1992,real_price_animal_products,pork,19.28,index_1900=100,jacks2019,observed
1993,real_price_animal_products,pork,21.38,index_1900=100,jacks2019,observed
1994,real_price_animal_products,pork,18.22,index_1900=100,jacks2019,observed
1995,real_price_animal_products,pork,19.73,index_1900=100,jacks2019,observed
1996,real_price_animal_products,pork,28.22,index_1900=100,jacks2019,observed
1997,real_price_animal_products,pork,21.73,index_1900=100,jacks2019,observed
1998,real_price_animal_products,pork,13.4,index_1900=100,jacks2019,observed
1999,real_price_animal_products,pork,12.76,index_1900=100,jacks2019,observed
2000,real_price_animal_products,pork,16.48,index_1900=100,jacks2019,observed
2001,real_price_animal_products,pork,16.61,index_1900=100,jacks2019,observed
2002,real_price_animal_products,pork,12.58,index_1900=100,jacks2019,observed
2003,real_price_animal_products,pork,13.9,index_1900=100,jacks2019,observed
2004,real_price_animal_products,pork,18.0,index_1900=100,jacks2019,observed
2005,real_price_animal_products,pork,16.59,index_1900=100,jacks2019,observed
2006,real_price_animal_products,pork,15.17,index_1900=100,jacks2019,observed
2007,real_price_animal_products,pork,14.7,index_1900=100,jacks2019,observed
2008,real_price_animal_products,pork,14.38,index_1900=100,jacks2019,observed
2009,real_price_animal_products,pork,12.45,index_1900=100,jacks2019,observed
2010,real_price_animal_products,pork,16.35,index_1900=100,jacks2019,observed
2011,real_price_animal_products,pork,18.96,index_1900=100,jacks2019,observed
2012,real_price_animal_products,pork,17.27,index_1900=100,jacks2019,observed
2013,real_price_animal_products,pork,17.79,index_1900=100,jacks2019,observed
2014,real_price_animal_products,pork,20.79,index_1900=100,jacks2019,observed
2015,real_price_animal_products,pork,13.72,index_1900=100,jacks2019,observed
2016,real_price_animal_products,pork,12.45,index_1900=100,jacks2019,observed
2017,real_price_animal_products,pork,13.34,index_1900=100,jacks2019,observed
2018,real_price_animal_products,pork,11.85,index_1900=100,jacks2019,observed
2019,real_price_animal_products,pork,12.14,index_1900=100,jacks2019,observed
2020,real_price_animal_products,pork,10.8,index_1900=100,jacks2019,observed
2021,real_price_animal_products,pork,16.07,index_1900=100,jacks2019,observed
2022,real_price_animal_products,pork,15.74,index_1900=100,jacks2019,observed
2023,real_price_animal_products,pork,12.45,index_1900=100,jacks2019,observed
2024,real_price_animal_products,pork,12.7,index_1900=100,jacks2019,observed
2025,real_price_animal_products,pork,13.6,index_1900=100,jacks2019,observed
1850,real_price_energy,coal,94.97,index_1900=100,jacks2019,observed
1851,real_price_energy,coal,108.08,index_1900=100,jacks2019,observed
1852,real_price_energy,coal,104.16,index_1900=100,jacks2019,observed
1853,real_price_energy,coal,113.5,index_1900=100,jacks2019,observed
1854,real_price_energy,coal,128.82,index_1900=100,jacks2019,observed
1855,real_price_energy,coal,124.43,index_1900=100,jacks2019,observed
1856,real_price_energy,coal,122.91,index_1900=100,jacks2019,observed
1857,real_price_energy,coal,135.64,index_1900=100,jacks2019,observed
1858,real_price_energy,coal,126.41,index_1900=100,jacks2019,observed
1859,real_price_energy,coal,120.67,index_1900=100,jacks2019,observed
1860,real_price_energy,coal,115.86,index_1900=100,jacks2019,observed
1861,real_price_energy,coal,110.83,index_1900=100,jacks2019,observed
1862,real_price_energy,coal,117.22,index_1900=100,jacks2019,observed
1863,real_price_energy,coal,122.67,index_1900=100,jacks2019,observed
1864,real_price_energy,coal,121.78,index_1900=100,jacks2019,observed
1865,real_price_energy,coal,131.02,index_1900=100,jacks2019,observed
1866,real_price_energy,coal,103.38,index_1900=100,jacks2019,observed
1867,real_price_energy,coal,94.31,index_1900=100,jacks2019,observed
1868,real_price_energy,coal,93.54,index_1900=100,jacks2019,observed
1869,real_price_energy,coal,100.85,index_1900=100,jacks2019,observed
1870,real_price_energy,coal,99.9,index_1900=100,jacks2019,observed
1871,real_price_energy,coal,106.73,index_1900=100,jacks2019,observed
1872,real_price_energy,coal,102.59,index_1900=100,jacks2019,observed
1873,real_price_energy,coal,109.72,index_1900=100,jacks2019,observed
1874,real_price_energy,coal,115.09,index_1900=100,jacks2019,observed
1875,real_price_energy,coal,113.0,index_1900=100,jacks2019,observed
1876,real_price_energy,coal,103.28,index_1900=100,jacks2019,observed
1877,real_price_energy,coal,89.48,index_1900=100,jacks2019,observed
1878,real_price_energy,coal,80.76,index_1900=100,jacks2019,observed
1879,real_price_energy,coal,79.27,index_1900=100,jacks2019,observed
1880,real_price_energy,coal,98.73,index_1900=100,jacks2019,observed
1881,real_price_energy,coal,88.46,index_1900=100,jacks2019,observed
1882,real_price_energy,coal,88.46,index_1900=100,jacks2019,observed
1883,real_price_energy,coal,86.25,index_1900=100,jacks2019,observed
1884,real_price_energy,coal,77.36,index_1900=100,jacks2019,observed
1885,real_price_energy,coal,94.9,index_1900=100,jacks2019,observed
1886,real_price_energy,coal,90.11,index_1900=100,jacks2019,observed
1887,real_price_energy,coal,94.23,index_1900=100,jacks2019,observed
1888,real_price_energy,coal,84.89,index_1900=100,jacks2019,observed
1889,real_price_energy,coal,86.87,index_1900=100,jacks2019,observed
1890,real_price_energy,coal,87.85,index_1900=100,jacks2019,observed
1891,real_price_energy,coal,87.85,index_1900=100,jacks2019,observed
1892,real_price_energy,coal,87.85,index_1900=100,jacks2019,observed
1893,real_price_energy,coal,86.17,index_1900=100,jacks2019,observed
1894,real_price_energy,coal,85.4,index_1900=100,jacks2019,observed
1895,real_price_energy,coal,82.69,index_1900=100,jacks2019,observed
1896,real_price_energy,coal,79.81,index_1900=100,jacks2019,observed
1897,real_price_energy,coal,78.85,index_1900=100,jacks2019,observed
1898,real_price_energy,coal,77.88,index_1900=100,jacks2019,observed
1899,real_price_energy,coal,84.69,index_1900=100,jacks2019,observed
1900,real_price_energy,coal,100.0,index_1900=100,jacks2019,observed
1901,real_price_energy,coal,99.74,index_1900=100,jacks2019,observed
1902,real_price_energy,coal,105.11,index_1900=100,jacks2019,observed
1903,real_price_energy,coal,113.78,index_1900=100,jacks2019,observed
1904,real_price_energy,coal,99.76,index_1900=100,jacks2019,observed
1905,real_price_energy,coal,97.26,index_1900=100,jacks2019,observed
1906,real_price_energy,coal,99.63,index_1900=100,jacks2019,observed
1907,real_price_energy,coal,97.94,index_1900=100,jacks2019,observed
1908,real_price_energy,coal,98.28,index_1900=100,jacks2019,observed
1909,real_price_energy,coal,94.95,index_1900=100,jacks2019,observed
1910,real_price_energy,coal,95.18,index_1900=100,jacks2019,observed
1911,real_price_energy,coal,94.33,index_1900=100,jacks2019,observed
1912,real_price_energy,coal,95.75,index_1900=100,jacks2019,observed
1913,real_price_energy,coal,96.21,index_1900=100,jacks2019,observed
1914,real_price_energy,coal,94.5,index_1900=100,jacks2019,observed
1915,real_price_energy,coal,90.81,index_1900=100,jacks2019,observed
1916,real_price_energy,coal,97.1,index_1900=100,jacks2019,observed
1917,real_price_energy,coal,137.98,index_1900=100,jacks2019,observed
1918,real_price_energy,coal,134.09,index_1900=100,jacks2019,observed
1919,real_price_energy,coal,112.65,index_1900=100,jacks2019,observed
1920,real_price_energy,coal,146.46,index_1900=100,jacks2019,observed
1921,real_price_energy,coal,126.37,index_1900=100,jacks2019,observed
1922,real_price_energy,coal,140.95,index_1900=100,jacks2019,observed
1923,real_price_energy,coal,122.88,index_1900=100,jacks2019,observed
1924,real_price_energy,coal,100.7,index_1900=100,jacks2019,observed
1925,real_price_energy,coal,91.08,index_1900=100,jacks2019,observed
1926,real_price_energy,coal,91.09,index_1900=100,jacks2019,observed
1927,real_price_energy,coal,89.67,index_1900=100,jacks2019,observed
1928,real_price_energy,coal,84.99,index_1900=100,jacks2019,observed
1929,real_price_energy,coal,81.33,index_1900=100,jacks2019,observed
1930,real_price_energy,coal,79.68,index_1900=100,jacks2019,observed
1931,real_price_energy,coal,79.14,index_1900=100,jacks2019,observed
1932,real_price_energy,coal,75.06,index_1900=100,jacks2019,observed
1933,real_price_energy,coal,80.93,index_1900=100,jacks2019,observed
1934,real_price_energy,coal,102.29,index_1900=100,jacks2019,observed
1935,real_price_energy,coal,100.9,index_1900=100,jacks2019,observed
1936,real_price_energy,coal,99.39,index_1900=100,jacks2019,observed
1937,real_price_energy,coal,105.74,index_1900=100,jacks2019,observed
1938,real_price_energy,coal,108.32,index_1900=100,jacks2019,observed
1939,real_price_energy,coal,103.68,index_1900=100,jacks2019,observed
1940,real_price_energy,coal,106.55,index_1900=100,jacks2019,observed
1941,real_price_energy,coal,116.37,index_1900=100,jacks2019,observed
1942,real_price_energy,coal,113.32,index_1900=100,jacks2019,observed
1943,real_price_energy,coal,121.7,index_1900=100,jacks2019,observed
1944,real_price_energy,coal,129.86,index_1900=100,jacks2019,observed
1945,real_price_energy,coal,133.06,index_1900=100,jacks2019,observed
1946,real_price_energy,coal,137.79,index_1900=100,jacks2019,observed
1947,real_price_energy,coal,145.75,index_1900=100,jacks2019,observed
1948,real_price_energy,coal,162.19,index_1900=100,jacks2019,observed
1949,real_price_energy,coal,160.15,index_1900=100,jacks2019,observed
1950,real_price_energy,coal,157.32,index_1900=100,jacks2019,observed
1951,real_price_energy,coal,148.22,index_1900=100,jacks2019,observed
1952,real_price_energy,coal,144.45,index_1900=100,jacks2019,observed
1953,real_price_energy,coal,143.95,index_1900=100,jacks2019,observed
1954,real_price_energy,coal,131.66,index_1900=100,jacks2019,observed
1955,real_price_energy,coal,131.27,index_1900=100,jacks2019,observed
1956,real_price_energy,coal,138.52,index_1900=100,jacks2019,observed
1957,real_price_energy,coal,140.95,index_1900=100,jacks2019,observed
1958,real_price_energy,coal,131.26,index_1900=100,jacks2019,observed
1959,real_price_energy,coal,128.05,index_1900=100,jacks2019,observed
1960,real_price_energy,coal,123.95,index_1900=100,jacks2019,observed
1961,real_price_energy,coal,119.84,index_1900=100,jacks2019,observed
1962,real_price_energy,coal,115.92,index_1900=100,jacks2019,observed
1963,real_price_energy,coal,112.01,index_1900=100,jacks2019,observed
1964,real_price_energy,coal,112.04,index_1900=100,jacks2019,observed
1965,real_price_energy,coal,109.91,index_1900=100,jacks2019,observed
1966,real_price_energy,coal,109.5,index_1900=100,jacks2019,observed
1967,real_price_energy,coal,108.29,index_1900=100,jacks2019,observed
1968,real_price_energy,coal,105.28,index_1900=100,jacks2019,observed
1969,real_price_energy,coal,106.71,index_1900=100,jacks2019,observed
1970,real_price_energy,coal,126.44,index_1900=100,jacks2019,observed
1971,real_price_energy,coal,137.2,index_1900=100,jacks2019,observed
1972,real_price_energy,coal,144.91,index_1900=100,jacks2019,observed
1973,real_price_energy,coal,152.74,index_1900=100,jacks2019,observed
1974,real_price_energy,coal,252.99,index_1900=100,jacks2019,observed
1975,real_price_energy,coal,286.52,index_1900=100,jacks2019,observed
1976,real_price_energy,coal,275.3,index_1900=100,jacks2019,observed
1977,real_price_energy,coal,264.81,index_1900=100,jacks2019,observed
1978,real_price_energy,coal,270.59,index_1900=100,jacks2019,observed
1979,real_price_energy,coal,293.35,index_1900=100,jacks2019,observed
1980,real_price_energy,coal,276.01,index_1900=100,jacks2019,observed
1981,real_price_energy,coal,270.12,index_1900=100,jacks2019,observed
1982,real_price_energy,coal,259.7,index_1900=100,jacks2019,observed
1983,real_price_energy,coal,243.48,index_1900=100,jacks2019,observed
1984,real_price_energy,coal,229.8,index_1900=100,jacks2019,observed
1985,real_price_energy,coal,222.98,index_1900=100,jacks2019,observed
1986,real_price_energy,coal,205.12,index_1900=100,jacks2019,observed
1987,real_price_energy,coal,193.43,index_1900=100,jacks2019,observed
1988,real_price_energy,coal,182.26,index_1900=100,jacks2019,observed
1989,real_price_energy,coal,172.24,index_1900=100,jacks2019,observed
1990,real_price_energy,coal,163.59,index_1900=100,jacks2019,observed
1991,real_price_energy,coal,153.87,index_1900=100,jacks2019,observed
1992,real_price_energy,coal,141.29,index_1900=100,jacks2019,observed
1993,real_price_energy,coal,119.0,index_1900=100,jacks2019,observed
1994,real_price_energy,coal,121.21,index_1900=100,jacks2019,observed
1995,real_price_energy,coal,144.51,index_1900=100,jacks2019,observed
1996,real_price_energy,coal,134.66,index_1900=100,jacks2019,observed
1997,real_price_energy,coal,122.22,index_1900=100,jacks2019,observed
1998,real_price_energy,coal,101.61,index_1900=100,jacks2019,observed
1999,real_price_energy,coal,88.98,index_1900=100,jacks2019,observed
2000,real_price_energy,coal,90.79,index_1900=100,jacks2019,observed
2001,real_price_energy,coal,110.68,index_1900=100,jacks2019,observed
2002,real_price_energy,coal,87.22,index_1900=100,jacks2019,observed
2003,real_price_energy,coal,93.47,index_1900=100,jacks2019,observed
2004,real_price_energy,coal,174.4,index_1900=100,jacks2019,observed
2005,real_price_energy,coal,146.31,index_1900=100,jacks2019,observed
2006,real_price_energy,coal,151.51,index_1900=100,jacks2019,observed
2007,real_price_energy,coal,188.5,index_1900=100,jacks2019,observed
2008,real_price_energy,coal,354.66,index_1900=100,jacks2019,observed
2009,real_price_energy,coal,193.42,index_1900=100,jacks2019,observed
2010,real_price_energy,coal,265.59,index_1900=100,jacks2019,observed
2011,real_price_energy,coal,322.59,index_1900=100,jacks2019,observed
2012,real_price_energy,coal,250.06,index_1900=100,jacks2019,observed
2013,real_price_energy,coal,216.0,index_1900=100,jacks2019,observed
2014,real_price_energy,coal,184.86,index_1900=100,jacks2019,observed
2015,real_price_energy,coal,149.27,index_1900=100,jacks2019,observed
2016,real_price_energy,coal,165.54,index_1900=100,jacks2019,observed
2017,real_price_energy,coal,215.15,index_1900=100,jacks2019,observed
2018,real_price_energy,coal,248.08,index_1900=100,jacks2019,observed
2019,real_price_energy,coal,177.09,index_1900=100,jacks2019,observed
2020,real_price_energy,coal,145.6,index_1900=100,jacks2019,observed
2021,real_price_energy,coal,293.16,index_1900=100,jacks2019,observed
2022,real_price_energy,coal,657.76,index_1900=100,jacks2019,observed
2023,real_price_energy,coal,297.05,index_1900=100,jacks2019,observed
2024,real_price_energy,coal,233.3,index_1900=100,jacks2019,observed
2025,real_price_energy,coal,184.38,index_1900=100,jacks2019,observed
1900,real_price_energy,natural_gas,100.0,index_1900=100,jacks2019,observed
1901,real_price_energy,natural_gas,79.03,index_1900=100,jacks2019,observed
1902,real_price_energy,natural_gas,78.33,index_1900=100,jacks2019,observed
1903,real_price_energy,natural_gas,76.66,index_1900=100,jacks2019,observed
1904,real_price_energy,natural_gas,74.38,index_1900=100,jacks2019,observed
1905,real_price_energy,natural_gas,66.8,index_1900=100,jacks2019,observed
1906,real_price_energy,natural_gas,60.15,index_1900=100,jacks2019,observed
1907,real_price_energy,natural_gas,63.23,index_1900=100,jacks2019,observed
1908,real_price_energy,natural_gas,66.59,index_1900=100,jacks2019,observed
1909,real_price_energy,natural_gas,64.47,index_1900=100,jacks2019,observed
1910,real_price_energy,natural_gas,65.75,index_1900=100,jacks2019,observed
1911,real_price_energy,natural_gas,68.91,index_1900=100,jacks2019,observed
1912,real_price_energy,natural_gas,69.85,index_1900=100,jacks2019,observed
1913,real_price_energy,natural_gas,68.38,index_1900=100,jacks2019,observed
1914,real_price_energy,natural_gas,71.14,index_1900=100,jacks2019,observed
1915,real_price_energy,natural_gas,71.57,index_1900=100,jacks2019,observed
1916,real_price_energy,natural_gas,65.02,index_1900=100,jacks2019,observed
1917,real_price_energy,natural_gas,60.49,index_1900=100,jacks2019,observed
1918,real_price_energy,natural_gas,61.57,index_1900=100,jacks2019,observed
1919,real_price_energy,natural_gas,54.16,index_1900=100,jacks2019,observed
1920,real_price_energy,natural_gas,52.29,index_1900=100,jacks2019,observed
1921,real_price_energy,natural_gas,62.97,index_1900=100,jacks2019,observed
1922,real_price_energy,natural_gas,74.06,index_1900=100,jacks2019,observed
1923,real_price_energy,natural_gas,66.14,index_1900=100,jacks2019,observed
1924,real_price_energy,natural_gas,59.42,index_1900=100,jacks2019,observed
1925,real_price_energy,natural_gas,57.97,index_1900=100,jacks2019,observed
1926,real_price_energy,natural_gas,63.79,index_1900=100,jacks2019,observed
1927,real_price_energy,natural_gas,58.5,index_1900=100,jacks2019,observed
1928,real_price_energy,natural_gas,59.32,index_1900=100,jacks2019,observed
1929,real_price_energy,natural_gas,52.73,index_1900=100,jacks2019,observed
1930,real_price_energy,natural_gas,54.09,index_1900=100,jacks2019,observed
1931,real_price_energy,natural_gas,51.89,index_1900=100,jacks2019,observed
1932,real_price_energy,natural_gas,49.59,index_1900=100,jacks2019,observed
1933,real_price_energy,natural_gas,52.27,index_1900=100,jacks2019,observed
1934,real_price_energy,natural_gas,50.59,index_1900=100,jacks2019,observed
1935,real_price_energy,natural_gas,49.34,index_1900=100,jacks2019,observed
1936,real_price_energy,natural_gas,48.88,index_1900=100,jacks2019,observed
1937,real_price_energy,natural_gas,39.31,index_1900=100,jacks2019,observed
1938,real_price_energy,natural_gas,40.07,index_1900=100,jacks2019,observed
1939,real_price_energy,natural_gas,40.64,index_1900=100,jacks2019,observed
1940,real_price_energy,natural_gas,40.24,index_1900=100,jacks2019,observed
1941,real_price_energy,natural_gas,38.33,index_1900=100,jacks2019,observed
1942,real_price_energy,natural_gas,34.63,index_1900=100,jacks2019,observed
1943,real_price_energy,natural_gas,32.63,index_1900=100,jacks2019,observed
1944,real_price_energy,natural_gas,32.08,index_1900=100,jacks2019,observed
1945,real_price_energy,natural_gas,31.36,index_1900=100,jacks2019,observed
1946,real_price_energy,natural_gas,28.89,index_1900=100,jacks2019,observed
1947,real_price_energy,natural_gas,30.32,index_1900=100,jacks2019,observed
1948,real_price_energy,natural_gas,32.82,index_1900=100,jacks2019,observed
1949,real_price_energy,natural_gas,28.4,index_1900=100,jacks2019,observed
1950,real_price_energy,natural_gas,32.82,index_1900=100,jacks2019,observed
1951,real_price_energy,natural_gas,30.42,index_1900=100,jacks2019,observed
1952,real_price_energy,natural_gas,34.02,index_1900=100,jacks2019,observed
1953,real_price_energy,natural_gas,37.99,index_1900=100,jacks2019,observed
1954,real_price_energy,natural_gas,42.0,index_1900=100,jacks2019,observed
1955,real_price_energy,natural_gas,42.16,index_1900=100,jacks2019,observed
1956,real_price_energy,natural_gas,45.69,index_1900=100,jacks2019,observed
1957,real_price_energy,natural_gas,44.12,index_1900=100,jacks2019,observed
1958,real_price_energy,natural_gas,46.85,index_1900=100,jacks2019,observed
1959,real_price_energy,natural_gas,50.34,index_1900=100,jacks2019,observed
1960,real_price_energy,natural_gas,53.37,index_1900=100,jacks2019,observed
1961,real_price_energy,natural_gas,56.6,index_1900=100,jacks2019,observed
1962,real_price_energy,natural_gas,59.7,index_1900=100,jacks2019,observed
1963,real_price_energy,natural_gas,59.0,index_1900=100,jacks2019,observed
1964,real_price_energy,natural_gas,54.58,index_1900=100,jacks2019,observed
1965,real_price_energy,natural_gas,57.24,index_1900=100,jacks2019,observed
1966,real_price_energy,natural_gas,55.65,index_1900=100,jacks2019,observed
1967,real_price_energy,natural_gas,54.09,index_1900=100,jacks2019,observed
1968,real_price_energy,natural_gas,51.91,index_1900=100,jacks2019,observed
1969,real_price_energy,natural_gas,52.34,index_1900=100,jacks2019,observed
1970,real_price_energy,natural_gas,49.42,index_1900=100,jacks2019,observed
1971,real_price_energy,natural_gas,50.17,index_1900=100,jacks2019,observed
1972,real_price_energy,natural_gas,51.26,index_1900=100,jacks2019,observed
1973,real_price_energy,natural_gas,55.88,index_1900=100,jacks2019,observed
1974,real_price_energy,natural_gas,68.66,index_1900=100,jacks2019,observed
1975,real_price_energy,natural_gas,92.27,index_1900=100,jacks2019,observed
1976,real_price_energy,natural_gas,115.01,index_1900=100,jacks2019,observed
1977,real_price_energy,natural_gas,147.16,index_1900=100,jacks2019,observed
1978,real_price_energy,natural_gas,157.54,index_1900=100,jacks2019,observed
1979,real_price_energy,natural_gas,183.59,index_1900=100,jacks2019,observed
1980,real_price_energy,natural_gas,217.92,index_1900=100,jacks2019,observed
1981,real_price_energy,natural_gas,245.86,index_1900=100,jacks2019,observed
1982,real_price_energy,natural_gas,287.83,index_1900=100,jacks2019,observed
1983,real_price_energy,natural_gas,293.6,index_1900=100,jacks2019,observed
1984,real_price_energy,natural_gas,289.06,index_1900=100,jacks2019,observed
1985,real_price_energy,natural_gas,263.38,index_1900=100,jacks2019,observed
1986,real_price_energy,natural_gas,199.85,index_1900=100,jacks2019,observed
1987,real_price_energy,natural_gas,165.98,index_1900=100,jacks2019,observed
1988,real_price_energy,natural_gas,161.3,index_1900=100,jacks2019,observed
1989,real_price_energy,natural_gas,153.88,index_1900=100,jacks2019,observed
1990,real_price_energy,natural_gas,147.72,index_1900=100,jacks2019,observed
1991,real_price_energy,natural_gas,135.95,index_1900=100,jacks2019,observed
1992,real_price_energy,natural_gas,140.03,index_1900=100,jacks2019,observed
1993,real_price_energy,natural_gas,159.4,index_1900=100,jacks2019,observed
1994,real_price_energy,natural_gas,140.94,index_1900=100,jacks2019,observed
1995,real_price_energy,natural_gas,114.83,index_1900=100,jacks2019,observed
1996,real_price_energy,natural_gas,156.16,index_1900=100,jacks2019,observed
1997,real_price_energy,natural_gas,163.21,index_1900=100,jacks2019,observed
1998,real_price_energy,natural_gas,134.55,index_1900=100,jacks2019,observed
1999,real_price_energy,natural_gas,142.83,index_1900=100,jacks2019,observed
2000,real_price_energy,natural_gas,262.46,index_1900=100,jacks2019,observed
2001,real_price_energy,natural_gas,234.36,index_1900=100,jacks2019,observed
2002,real_price_energy,natural_gas,196.25,index_1900=100,jacks2019,observed
2003,real_price_energy,natural_gas,312.69,index_1900=100,jacks2019,observed
2004,real_price_energy,natural_gas,327.56,index_1900=100,jacks2019,observed
2005,real_price_energy,natural_gas,473.25,index_1900=100,jacks2019,observed
2006,real_price_energy,natural_gas,350.81,index_1900=100,jacks2019,observed
2007,real_price_energy,natural_gas,352.89,index_1900=100,jacks2019,observed
2008,real_price_energy,natural_gas,431.68,index_1900=100,jacks2019,observed
2009,real_price_energy,natural_gas,193.01,index_1900=100,jacks2019,observed
2010,real_price_energy,natural_gas,211.04,index_1900=100,jacks2019,observed
2011,real_price_energy,natural_gas,186.49,index_1900=100,jacks2019,observed
2012,real_price_energy,natural_gas,125.7,index_1900=100,jacks2019,observed
2013,real_price_energy,natural_gas,167.81,index_1900=100,jacks2019,observed
2014,real_price_energy,natural_gas,194.62,index_1900=100,jacks2019,observed
2015,real_price_energy,natural_gas,116.45,index_1900=100,jacks2019,observed
2016,real_price_energy,natural_gas,109.91,index_1900=100,jacks2019,observed
2017,real_price_energy,natural_gas,127.79,index_1900=100,jacks2019,observed
2018,real_price_energy,natural_gas,131.58,index_1900=100,jacks2019,observed
2019,real_price_energy,natural_gas,105.03,index_1900=100,jacks2019,observed
2020,real_price_energy,natural_gas,82.27,index_1900=100,jacks2019,observed
2021,real_price_energy,natural_gas,150.58,index_1900=100,jacks2019,observed
2022,real_price_energy,natural_gas,231.17,index_1900=100,jacks2019,observed
2023,real_price_energy,natural_gas,87.09,index_1900=100,jacks2019,observed
2024,real_price_energy,natural_gas,73.23,index_1900=100,jacks2019,observed
2025,real_price_energy,natural_gas,115.01,index_1900=100,jacks2019,observed
1860,real_price_energy,petroleum,500.0,index_1900=100,jacks2019,observed
1861,real_price_energy,petroleum,468.63,index_1900=100,jacks2019,observed
1862,real_price_energy,petroleum,306.51,index_1900=100,jacks2019,observed
1863,real_price_energy,petroleum,354.51,index_1900=100,jacks2019,observed
1864,real_price_energy,petroleum,412.83,index_1900=100,jacks2019,observed
1865,real_price_energy,petroleum,424.07,index_1900=100,jacks2019,observed
1866,real_price_energy,petroleum,331.16,index_1900=100,jacks2019,observed
1867,real_price_energy,petroleum,261.73,index_1900=100,jacks2019,observed
1868,real_price_energy,petroleum,217.63,index_1900=100,jacks2019,observed
1869,real_price_energy,petroleum,221.72,index_1900=100,jacks2019,observed
1870,real_price_energy,petroleum,186.15,index_1900=100,jacks2019,observed
1871,real_price_energy,petroleum,174.48,index_1900=100,jacks2019,observed
1872,real_price_energy,petroleum,166.36,index_1900=100,jacks2019,observed
1873,real_price_energy,petroleum,130.56,index_1900=100,jacks2019,observed
1874,real_price_energy,petroleum,96.72,index_1900=100,jacks2019,observed
1875,real_price_energy,petroleum,100.68,index_1900=100,jacks2019,observed
1876,real_price_energy,petroleum,154.13,index_1900=100,jacks2019,observed
1877,real_price_energy,petroleum,132.11,index_1900=100,jacks2019,observed
1878,real_price_energy,petroleum,93.14,index_1900=100,jacks2019,observed
1879,real_price_energy,petroleum,70.64,index_1900=100,jacks2019,observed
1880,real_price_energy,petroleum,77.61,index_1900=100,jacks2019,observed
1881,real_price_energy,petroleum,72.49,index_1900=100,jacks2019,observed
1882,real_price_energy,petroleum,65.33,index_1900=100,jacks2019,observed
1883,real_price_energy,petroleum,66.22,index_1900=100,jacks2019,observed
1884,real_price_energy,petroleum,70.75,index_1900=100,jacks2019,observed
1885,real_price_energy,petroleum,69.66,index_1900=100,jacks2019,observed
1886,real_price_energy,petroleum,63.68,index_1900=100,jacks2019,observed
1887,real_price_energy,petroleum,59.94,index_1900=100,jacks2019,observed
1888,real_price_energy,petroleum,67.48,index_1900=100,jacks2019,observed
1889,real_price_energy,petroleum,66.71,index_1900=100,jacks2019,observed
1890,real_price_energy,petroleum,59.17,index_1900=100,jacks2019,observed
1891,real_price_energy,petroleum,45.71,index_1900=100,jacks2019,observed
1892,real_price_energy,petroleum,37.97,index_1900=100,jacks2019,observed
1893,real_price_energy,petroleum,44.18,index_1900=100,jacks2019,observed
1894,real_price_energy,petroleum,60.55,index_1900=100,jacks2019,observed
1895,real_price_energy,petroleum,100.44,index_1900=100,jacks2019,observed
1896,real_price_energy,petroleum,87.18,index_1900=100,jacks2019,observed
1897,real_price_energy,petroleum,58.93,index_1900=100,jacks2019,observed
1898,real_price_energy,petroleum,68.27,index_1900=100,jacks2019,observed
1899,real_price_energy,petroleum,96.85,index_1900=100,jacks2019,observed
1900,real_price_energy,petroleum,100.0,index_1900=100,jacks2019,observed
1901,real_price_energy,petroleum,88.37,index_1900=100,jacks2019,observed
1902,real_price_energy,petroleum,89.28,index_1900=100,jacks2019,observed
1903,real_price_energy,petroleum,112.12,index_1900=100,jacks2019,observed
1904,real_price_energy,petroleum,113.5,index_1900=100,jacks2019,observed
1905,real_price_energy,petroleum,97.69,index_1900=100,jacks2019,observed
1906,real_price_energy,petroleum,110.29,index_1900=100,jacks2019,observed
1907,real_price_energy,petroleum,114.6,index_1900=100,jacks2019,observed
1908,real_price_energy,petroleum,120.13,index_1900=100,jacks2019,observed
1909,real_price_energy,petroleum,113.53,index_1900=100,jacks2019,observed
1910,real_price_energy,petroleum,87.86,index_1900=100,jacks2019,observed
1911,real_price_energy,petroleum,84.97,index_1900=100,jacks2019,observed
1912,real_price_energy,petroleum,101.53,index_1900=100,jacks2019,observed
1913,real_price_energy,petroleum,145.43,index_1900=100,jacks2019,observed
1914,real_price_energy,petroleum,114.66,index_1900=100,jacks2019,observed
1915,real_price_energy,petroleum,94.22,index_1900=100,jacks2019,observed
1916,real_price_energy,petroleum,174.22,index_1900=100,jacks2019,observed
1917,real_price_energy,petroleum,209.02,index_1900=100,jacks2019,observed
1918,real_price_energy,petroleum,215.3,index_1900=100,jacks2019,observed
1919,real_price_energy,petroleum,196.27,index_1900=100,jacks2019,observed
1920,real_price_energy,petroleum,253.39,index_1900=100,jacks2019,observed
1921,real_price_energy,petroleum,129.88,index_1900=100,jacks2019,observed
1922,real_price_energy,petroleum,146.29,index_1900=100,jacks2019,observed
1923,real_price_energy,petroleum,133.33,index_1900=100,jacks2019,observed
1924,real_price_energy,petroleum,139.17,index_1900=100,jacks2019,observed
1925,real_price_energy,petroleum,158.37,index_1900=100,jacks2019,observed
1926,real_price_energy,petroleum,177.66,index_1900=100,jacks2019,observed
1927,real_price_energy,petroleum,115.31,index_1900=100,jacks2019,observed
1928,real_price_energy,petroleum,113.14,index_1900=100,jacks2019,observed
1929,real_price_energy,petroleum,117.14,index_1900=100,jacks2019,observed
1930,real_price_energy,petroleum,104.63,index_1900=100,jacks2019,observed
1931,real_price_energy,petroleum,60.42,index_1900=100,jacks2019,observed
1932,real_price_energy,petroleum,92.8,index_1900=100,jacks2019,observed
1933,real_price_energy,petroleum,74.11,index_1900=100,jacks2019,observed
1934,real_price_energy,petroleum,109.66,index_1900=100,jacks2019,observed
1935,real_price_energy,petroleum,106.94,index_1900=100,jacks2019,observed
1936,real_price_energy,petroleum,116.53,index_1900=100,jacks2019,observed
1937,real_price_energy,petroleum,124.74,index_1900=100,jacks2019,observed
1938,real_price_energy,petroleum,121.92,index_1900=100,jacks2019,observed
1939,real_price_energy,petroleum,107.82,index_1900=100,jacks2019,observed
1940,real_price_energy,petroleum,106.75,index_1900=100,jacks2019,observed
1941,real_price_energy,petroleum,112.47,index_1900=100,jacks2019,observed
1942,real_price_energy,petroleum,105.39,index_1900=100,jacks2019,observed
1943,real_price_energy,petroleum,99.3,index_1900=100,jacks2019,observed
1944,real_price_energy,petroleum,97.61,index_1900=100,jacks2019,observed
1945,real_price_energy,petroleum,95.44,index_1900=100,jacks2019,observed
1946,real_price_energy,petroleum,104.82,index_1900=100,jacks2019,observed
1947,real_price_energy,petroleum,126.19,index_1900=100,jacks2019,observed
1948,real_price_energy,petroleum,156.71,index_1900=100,jacks2019,observed
1949,real_price_energy,petroleum,158.22,index_1900=100,jacks2019,observed
1950,real_price_energy,petroleum,156.71,index_1900=100,jacks2019,observed
1951,real_price_energy,petroleum,145.25,index_1900=100,jacks2019,observed
1952,real_price_energy,petroleum,142.13,index_1900=100,jacks2019,observed
1953,real_price_energy,petroleum,149.07,index_1900=100,jacks2019,observed
1954,real_price_energy,petroleum,154.04,index_1900=100,jacks2019,observed
1955,real_price_energy,petroleum,154.62,index_1900=100,jacks2019,observed
1956,real_price_energy,petroleum,152.34,index_1900=100,jacks2019,observed
1957,real_price_energy,petroleum,159.83,index_1900=100,jacks2019,observed
1958,real_price_energy,petroleum,155.27,index_1900=100,jacks2019,observed
1959,real_price_energy,petroleum,149.67,index_1900=100,jacks2019,observed
1960,real_price_energy,petroleum,147.23,index_1900=100,jacks2019,observed
1961,real_price_energy,petroleum,145.75,index_1900=100,jacks2019,observed
1962,real_price_energy,petroleum,144.11,index_1900=100,jacks2019,observed
1963,real_price_energy,petroleum,142.42,index_1900=100,jacks2019,observed
1964,real_price_energy,petroleum,139.35,index_1900=100,jacks2019,observed
1965,real_price_energy,petroleum,135.85,index_1900=100,jacks2019,observed
1966,real_price_energy,petroleum,133.03,index_1900=100,jacks2019,observed
1967,real_price_energy,petroleum,133.42,index_1900=100,jacks2019,observed
1968,real_price_energy,petroleum,129.53,index_1900=100,jacks2019,observed
1969,real_price_energy,petroleum,127.43,index_1900=100,jacks2019,observed
1970,real_price_energy,petroleum,121.98,index_1900=100,jacks2019,observed
1971,real_price_energy,petroleum,123.6,index_1900=100,jacks2019,observed
1972,real_price_energy,petroleum,121.1,index_1900=100,jacks2019,observed
1973,real_price_energy,petroleum,148.98,index_1900=100,jacks2019,observed
1974,real_price_energy,petroleum,365.39,index_1900=100,jacks2019,observed
1975,real_price_energy,petroleum,345.62,index_1900=100,jacks2019,observed
1976,real_price_energy,petroleum,343.44,index_1900=100,jacks2019,observed
1977,real_price_energy,petroleum,347.86,index_1900=100,jacks2019,observed
1978,real_price_energy,petroleum,322.8,index_1900=100,jacks2019,observed
1979,real_price_energy,petroleum,433.67,index_1900=100,jacks2019,observed
1980,real_price_energy,petroleum,602.33,index_1900=100,jacks2019,observed
1981,real_price_energy,petroleum,587.85,index_1900=100,jacks2019,observed
1982,real_price_energy,petroleum,505.21,index_1900=100,jacks2019,observed
1983,real_price_energy,petroleum,454.35,index_1900=100,jacks2019,observed
1984,real_price_energy,petroleum,420.69,index_1900=100,jacks2019,observed
1985,real_price_energy,petroleum,383.89,index_1900=100,jacks2019,observed
1986,real_price_energy,petroleum,204.76,index_1900=100,jacks2019,observed
1987,real_price_energy,petroleum,250.92,index_1900=100,jacks2019,observed
1988,real_price_energy,petroleum,200.81,index_1900=100,jacks2019,observed
1989,real_price_energy,petroleum,235.13,index_1900=100,jacks2019,observed
1990,real_price_energy,petroleum,278.81,index_1900=100,jacks2019,observed
1991,real_price_energy,petroleum,234.69,index_1900=100,jacks2019,observed
1992,real_price_energy,petroleum,218.06,index_1900=100,jacks2019,observed
1993,real_price_energy,petroleum,191.13,index_1900=100,jacks2019,observed
1994,real_price_energy,petroleum,172.31,index_1900=100,jacks2019,observed
1995,real_price_energy,petroleum,179.34,index_1900=100,jacks2019,observed
1996,real_price_energy,petroleum,209.29,index_1900=100,jacks2019,observed
1997,real_price_energy,petroleum,188.42,index_1900=100,jacks2019,observed
1998,real_price_energy,petroleum,130.98,index_1900=100,jacks2019,observed
1999,real_price_energy,petroleum,171.84,index_1900=100,jacks2019,observed
2000,real_price_energy,petroleum,262.08,index_1900=100,jacks2019,observed
2001,real_price_energy,petroleum,217.75,index_1900=100,jacks2019,observed
2002,real_price_energy,petroleum,215.8,index_1900=100,jacks2019,observed
2003,real_price_energy,petroleum,251.54,index_1900=100,jacks2019,observed
2004,real_price_energy,petroleum,326.43,index_1900=100,jacks2019,observed
2005,real_price_energy,petroleum,430.02,index_1900=100,jacks2019,observed
2006,real_price_energy,petroleum,487.41,index_1900=100,jacks2019,observed
2007,real_price_energy,petroleum,518.71,index_1900=100,jacks2019,observed
2008,real_price_energy,petroleum,688.01,index_1900=100,jacks2019,observed
2009,real_price_energy,petroleum,427.58,index_1900=100,jacks2019,observed
2010,real_price_energy,petroleum,541.94,index_1900=100,jacks2019,observed
2011,real_price_energy,petroleum,628.74,index_1900=100,jacks2019,observed
2012,real_price_energy,petroleum,610.2,index_1900=100,jacks2019,observed
2013,real_price_energy,petroleum,625.56,index_1900=100,jacks2019,observed
2014,real_price_energy,petroleum,585.21,index_1900=100,jacks2019,observed
2015,real_price_energy,petroleum,305.78,index_1900=100,jacks2019,observed
2016,real_price_energy,petroleum,267.74,index_1900=100,jacks2019,observed
2017,real_price_energy,petroleum,309.01,index_1900=100,jacks2019,observed
2018,real_price_energy,petroleum,384.08,index_1900=100,jacks2019,observed
2019,real_price_energy,petroleum,331.79,index_1900=100,jacks2019,observed
2020,real_price_energy,petroleum,225.98,index_1900=100,jacks2019,observed
2021,real_price_energy,petroleum,373.17,index_1900=100,jacks2019,observed
2022,real_price_energy,petroleum,480.1,index_1900=100,jacks2019,observed
2023,real_price_energy,petroleum,379.27,index_1900=100,jacks2019,observed
2024,real_price_energy,petroleum,359.74,index_1900=100,jacks2019,observed
2025,real_price_energy,petroleum,299.91,index_1900=100,jacks2019,observed
1850,real_price_grains,barley,116.84,index_1900=100,jacks2019,observed
1851,real_price_grains,barley,126.47,index_1900=100,jacks2019,observed
1852,real_price_grains,barley,143.71,index_1900=100,jacks2019,observed
1853,real_price_grains,barley,166.83,index_1900=100,jacks2019,observed
1854,real_price_grains,barley,166.45,index_1900=100,jacks2019,observed
1855,real_price_grains,barley,156.75,index_1900=100,jacks2019,observed
1856,real_price_grains,barley,188.18,index_1900=100,jacks2019,observed
1857,real_price_grains,barley,187.29,index_1900=100,jacks2019,observed
1858,real_price_grains,barley,164.13,index_1900=100,jacks2019,observed
1859,real_price_grains,barley,156.9,index_1900=100,jacks2019,observed
1860,real_price_grains,barley,171.37,index_1900=100,jacks2019,observed
1861,real_price_grains,barley,159.1,index_1900=100,jacks2019,observed
1862,real_price_grains,barley,135.49,index_1900=100,jacks2019,observed
1863,real_price_grains,barley,102.4,index_1900=100,jacks2019,observed
1864,real_price_grains,barley,71.94,index_1900=100,jacks2019,observed
1865,real_price_grains,barley,71.27,index_1900=100,jacks2019,observed
1866,real_price_grains,barley,91.71,index_1900=100,jacks2019,observed
1867,real_price_grains,barley,104.98,index_1900=100,jacks2019,observed
1868,real_price_grains,barley,117.44,index_1900=100,jacks2019,observed
1869,real_price_grains,barley,112.54,index_1900=100,jacks2019,observed
1870,real_price_grains,barley,103.24,index_1900=100,jacks2019,observed
1871,real_price_grains,barley,130.24,index_1900=100,jacks2019,observed
1872,real_price_grains,barley,124.66,index_1900=100,jacks2019,observed
1873,real_price_grains,barley,166.03,index_1900=100,jacks2019,observed
1874,real_price_grains,barley,174.28,index_1900=100,jacks2019,observed
1875,real_price_grains,barley,160.9,index_1900=100,jacks2019,observed
1876,real_price_grains,barley,131.86,index_1900=100,jacks2019,observed
1877,real_price_grains,barley,124.73,index_1900=100,jacks2019,observed
1878,real_price_grains,barley,120.79,index_1900=100,jacks2019,observed
1879,real_price_grains,barley,123.89,index_1900=100,jacks2019,observed
1880,real_price_grains,barley,133.8,index_1900=100,jacks2019,observed
1881,real_price_grains,barley,165.29,index_1900=100,jacks2019,observed
1882,real_price_grains,barley,127.35,index_1900=100,jacks2019,observed
1883,real_price_grains,barley,121.32,index_1900=100,jacks2019,observed
1884,real_price_grains,barley,101.58,index_1900=100,jacks2019,observed
1885,real_price_grains,barley,119.53,index_1900=100,jacks2019,observed
1886,real_price_grains,barley,116.45,index_1900=100,jacks2019,observed
1887,real_price_grains,barley,112.8,index_1900=100,jacks2019,observed
1888,real_price_grains,barley,128.2,index_1900=100,jacks2019,observed
1889,real_price_grains,barley,93.05,index_1900=100,jacks2019,observed
1890,real_price_grains,barley,140.82,index_1900=100,jacks2019,observed
1891,real_price_grains,barley,118.37,index_1900=100,jacks2019,observed
1892,real_price_grains,barley,105.67,index_1900=100,jacks2019,observed
1893,real_price_grains,barley,92.2,index_1900=100,jacks2019,observed
1894,real_price_grains,barley,104.8,index_1900=100,jacks2019,observed
1895,real_price_grains,barley,80.59,index_1900=100,jacks2019,observed
1896,real_price_grains,barley,72.73,index_1900=100,jacks2019,observed
1897,real_price_grains,barley,85.32,index_1900=100,jacks2019,observed
1898,real_price_grains,barley,96.77,index_1900=100,jacks2019,observed
1899,real_price_grains,barley,96.52,index_1900=100,jacks2019,observed
1900,real_price_grains,barley,100.0,index_1900=100,jacks2019,observed
1901,real_price_grains,barley,110.19,index_1900=100,jacks2019,observed
1902,real_price_grains,barley,108.63,index_1900=100,jacks2019,observed
1903,real_price_grains,barley,104.81,index_1900=100,jacks2019,observed
1904,real_price_grains,barley,95.48,index_1900=100,jacks2019,observed
1905,real_price_grains,barley,92.38,index_1900=100,jacks2019,observed
1906,real_price_grains,barley,95.87,index_1900=100,jacks2019,observed
1907,real_price_grains,barley,145.99,index_1900=100,jacks2019,observed
1908,real_price_grains,barley,126.91,index_1900=100,jacks2019,observed
1909,real_price_grains,barley,126.76,index_1900=100,jacks2019,observed
1910,real_price_grains,barley,131.81,index_1900=100,jacks2019,observed
1911,real_price_grains,barley,179.15,index_1900=100,jacks2019,observed
1912,real_price_grains,barley,108.3,index_1900=100,jacks2019,observed
1913,real_price_grains,barley,109.38,index_1900=100,jacks2019,observed
1914,real_price_grains,barley,110.63,index_1900=100,jacks2019,observed
1915,real_price_grains,barley,106.78,index_1900=100,jacks2019,observed
1916,real_price_grains,barley,151.13,index_1900=100,jacks2019,observed
1917,real_price_grains,barley,191.89,index_1900=100,jacks2019,observed
1918,real_price_grains,barley,126.29,index_1900=100,jacks2019,observed
1919,real_price_grains,barley,143.35,index_1900=100,jacks2019,observed
1920,real_price_grains,barley,84.73,index_1900=100,jacks2019,observed
1921,real_price_grains,barley,53.52,index_1900=100,jacks2019,observed
1922,real_price_grains,barley,59.51,index_1900=100,jacks2019,observed
1923,real_price_grains,barley,63.97,index_1900=100,jacks2019,observed
1924,real_price_grains,barley,86.78,index_1900=100,jacks2019,observed
1925,real_price_grains,barley,70.05,index_1900=100,jacks2019,observed
1926,real_price_grains,barley,65.42,index_1900=100,jacks2019,observed
1927,real_price_grains,barley,79.33,index_1900=100,jacks2019,observed
1928,real_price_grains,barley,66.32,index_1900=100,jacks2019,observed
1929,real_price_grains,barley,62.93,index_1900=100,jacks2019,observed
1930,real_price_grains,barley,48.5,index_1900=100,jacks2019,observed
1931,real_price_grains,barley,43.07,index_1900=100,jacks2019,observed
1932,real_price_grains,barley,32.36,index_1900=100,jacks2019,observed
1933,real_price_grains,barley,66.98,index_1900=100,jacks2019,observed
1934,real_price_grains,barley,102.46,index_1900=100,jacks2019,observed
1935,real_price_grains,barley,55.21,index_1900=100,jacks2019,observed
1936,real_price_grains,barley,112.84,index_1900=100,jacks2019,observed
1937,real_price_grains,barley,75.49,index_1900=100,jacks2019,observed
1938,real_price_grains,barley,52.24,index_1900=100,jacks2019,observed
1939,real_price_grains,barley,58.32,index_1900=100,jacks2019,observed
1940,real_price_grains,barley,56.59,index_1900=100,jacks2019,observed
1941,real_price_grains,barley,71.83,index_1900=100,jacks2019,observed
1942,real_price_grains,barley,77.55,index_1900=100,jacks2019,observed
1943,real_price_grains,barley,114.57,index_1900=100,jacks2019,observed
1944,real_price_grains,barley,114.77,index_1900=100,jacks2019,observed
1945,real_price_grains,barley,112.22,index_1900=100,jacks2019,observed
1946,real_price_grains,barley,141.25,index_1900=100,jacks2019,observed
1947,real_price_grains,barley,154.88,index_1900=100,jacks2019,observed
1948,real_price_grains,barley,96.35,index_1900=100,jacks2019,observed
1949,real_price_grains,barley,88.89,index_1900=100,jacks2019,observed
1950,real_price_grains,barley,98.84,index_1900=100,jacks2019,observed
1951,real_price_grains,barley,97.0,index_1900=100,jacks2019,observed
1952,real_price_grains,barley,103.2,index_1900=100,jacks2019,observed
1953,real_price_grains,barley,87.48,index_1900=100,jacks2019,observed
1954,real_price_grains,barley,81.1,index_1900=100,jacks2019,observed
1955,real_price_grains,barley,68.71,index_1900=100,jacks2019,observed
1956,real_price_grains,barley,72.85,index_1900=100,jacks2019,observed
1957,real_price_grains,barley,63.02,index_1900=100,jacks2019,observed
1958,real_price_grains,barley,62.24,index_1900=100,jacks2019,observed
1959,real_price_grains,barley,58.98,index_1900=100,jacks2019,observed
1960,real_price_grains,barley,56.72,index_1900=100,jacks2019,observed
1961,real_price_grains,barley,57.81,index_1900=100,jacks2019,observed
1962,real_price_grains,barley,62.54,index_1900=100,jacks2019,observed
1963,real_price_grains,barley,65.28,index_1900=100,jacks2019,observed
1964,real_price_grains,barley,67.55,index_1900=100,jacks2019,observed
1965,real_price_grains,barley,64.3,index_1900=100,jacks2019,observed
1966,real_price_grains,barley,66.54,index_1900=100,jacks2019,observed
1967,real_price_grains,barley,65.52,index_1900=100,jacks2019,observed
1968,real_price_grains,barley,60.28,index_1900=100,jacks2019,observed
1969,real_price_grains,barley,58.12,index_1900=100,jacks2019,observed
1970,real_price_grains,barley,56.57,index_1900=100,jacks2019,observed
1971,real_price_grains,barley,58.4,index_1900=100,jacks2019,observed
1972,real_price_grains,barley,59.89,index_1900=100,jacks2019,observed
1973,real_price_grains,barley,95.7,index_1900=100,jacks2019,observed
1974,real_price_grains,barley,109.73,index_1900=100,jacks2019,observed
1975,real_price_grains,barley,91.32,index_1900=100,jacks2019,observed
1976,real_price_grains,barley,81.68,index_1900=100,jacks2019,observed
1977,real_price_grains,barley,65.86,index_1900=100,jacks2019,observed
1978,real_price_grains,barley,70.25,index_1900=100,jacks2019,observed
1979,real_price_grains,barley,74.95,index_1900=100,jacks2019,observed
1980,real_price_grains,barley,79.16,index_1900=100,jacks2019,observed
1981,real_price_grains,barley,73.09,index_1900=100,jacks2019,observed
1982,real_price_grains,barley,55.04,index_1900=100,jacks2019,observed
1983,real_price_grains,barley,59.33,index_1900=100,jacks2019,observed
1984,real_price_grains,barley,63.16,index_1900=100,jacks2019,observed
1985,real_price_grains,barley,45.57,index_1900=100,jacks2019,observed
1986,real_price_grains,barley,36.17,index_1900=100,jacks2019,observed
1987,real_price_grains,barley,40.36,index_1900=100,jacks2019,observed
1988,real_price_grains,barley,49.56,index_1900=100,jacks2019,observed
1989,real_price_grains,barley,50.51,index_1900=100,jacks2019,observed
1990,real_price_grains,barley,50.98,index_1900=100,jacks2019,observed
1991,real_price_grains,barley,47.91,index_1900=100,jacks2019,observed
1992,real_price_grains,barley,46.74,index_1900=100,jacks2019,observed
1993,real_price_grains,barley,41.18,index_1900=100,jacks2019,observed
1994,real_price_grains,barley,40.86,index_1900=100,jacks2019,observed
1995,real_price_grains,barley,56.89,index_1900=100,jacks2019,observed
1996,real_price_grains,barley,63.58,index_1900=100,jacks2019,observed
1997,real_price_grains,barley,50.5,index_1900=100,jacks2019,observed
1998,real_price_grains,barley,43.5,index_1900=100,jacks2019,observed
1999,real_price_grains,barley,38.0,index_1900=100,jacks2019,observed
2000,real_price_grains,barley,37.39,index_1900=100,jacks2019,observed
2001,real_price_grains,barley,44.21,index_1900=100,jacks2019,observed
2002,real_price_grains,barley,50.49,index_1900=100,jacks2019,observed
2003,real_price_grains,barley,47.44,index_1900=100,jacks2019,observed
2004,real_price_grains,barley,43.68,index_1900=100,jacks2019,observed
2005,real_price_grains,barley,40.58,index_1900=100,jacks2019,observed
2006,real_price_grains,barley,48.22,index_1900=100,jacks2019,observed
2007,real_price_grains,barley,69.3,index_1900=100,jacks2019,observed
2008,real_price_grains,barley,77.62,index_1900=100,jacks2019,observed
2009,real_price_grains,barley,49.88,index_1900=100,jacks2019,observed
2010,real_price_grains,barley,60.54,index_1900=100,jacks2019,observed
2011,real_price_grains,barley,76.79,index_1900=100,jacks2019,observed
2012,real_price_grains,barley,86.62,index_1900=100,jacks2019,observed
2013,real_price_grains,barley,71.86,index_1900=100,jacks2019,observed
2014,real_price_grains,barley,46.66,index_1900=100,jacks2019,observed
2015,real_price_grains,barley,35.27,index_1900=100,jacks2019,observed
2016,real_price_grains,barley,33.97,index_1900=100,jacks2019,observed
2017,real_price_grains,barley,34.57,index_1900=100,jacks2019,observed
2018,real_price_grains,barley,34.64,index_1900=100,jacks2019,observed
2019,real_price_grains,barley,36.01,index_1900=100,jacks2019,observed
2020,real_price_grains,barley,33.7,index_1900=100,jacks2019,observed
2021,real_price_grains,barley,54.79,index_1900=100,jacks2019,observed
2022,real_price_grains,barley,64.15,index_1900=100,jacks2019,observed
2023,real_price_grains,barley,45.66,index_1900=100,jacks2019,observed
2024,real_price_grains,barley,36.18,index_1900=100,jacks2019,observed
2025,real_price_grains,barley,29.87,index_1900=100,jacks2019,observed
1850,real_price_grains,corn,98.8,index_1900=100,jacks2019,observed
1851,real_price_grains,corn,98.94,index_1900=100,jacks2019,observed
1852,real_price_grains,corn,106.77,index_1900=100,jacks2019,observed
1853,real_price_grains,corn,109.24,index_1900=100,jacks2019,observed
1854,real_price_grains,corn,118.18,index_1900=100,jacks2019,observed
1855,real_price_grains,corn,135.84,index_1900=100,jacks2019,observed
1856,real_price_grains,corn,97.08,index_1900=100,jacks2019,observed
1857,real_price_grains,corn,106.94,index_1900=100,jacks2019,observed
1858,real_price_grains,corn,110.75,index_1900=100,jacks2019,observed
1859,real_price_grains,corn,124.31,index_1900=100,jacks2019,observed
1860,real_price_grains,corn,107.57,index_1900=100,jacks2019,observed
1861,real_price_grains,corn,63.32,index_1900=100,jacks2019,observed
1862,real_price_grains,corn,62.01,index_1900=100,jacks2019,observed
1863,real_price_grains,corn,103.14,index_1900=100,jacks2019,observed
1864,real_price_grains,corn,151.8,index_1900=100,jacks2019,observed
1865,real_price_grains,corn,86.09,index_1900=100,jacks2019,observed
1866,real_price_grains,corn,75.56,index_1900=100,jacks2019,observed
1867,real_price_grains,corn,128.8,index_1900=100,jacks2019,observed
1868,real_price_grains,corn,129.43,index_1900=100,jacks2019,observed
1869,real_price_grains,corn,109.9,index_1900=100,jacks2019,observed
1870,real_price_grains,corn,121.37,index_1900=100,jacks2019,observed
1871,real_price_grains,corn,88.39,index_1900=100,jacks2019,observed
1872,real_price_grains,corn,69.23,index_1900=100,jacks2019,observed
1873,real_price_grains,corn,67.14,index_1900=100,jacks2019,observed
1874,real_price_grains,corn,127.55,index_1900=100,jacks2019,observed
1875,real_price_grains,corn,126.5,index_1900=100,jacks2019,observed
1876,real_price_grains,corn,91.23,index_1900=100,jacks2019,observed
1877,real_price_grains,corn,94.54,index_1900=100,jacks2019,observed
1878,real_price_grains,corn,82.21,index_1900=100,jacks2019,observed
1879,real_price_grains,corn,78.67,index_1900=100,jacks2019,observed
1880,real_price_grains,corn,80.67,index_1900=100,jacks2019,observed
1881,real_price_grains,corn,107.5,index_1900=100,jacks2019,observed
1882,real_price_grains,corn,144.41,index_1900=100,jacks2019,observed
1883,real_price_grains,corn,116.91,index_1900=100,jacks2019,observed
1884,real_price_grains,corn,115.92,index_1900=100,jacks2019,observed
1885,real_price_grains,corn,97.41,index_1900=100,jacks2019,observed
1886,real_price_grains,corn,86.21,index_1900=100,jacks2019,observed
1887,real_price_grains,corn,91.22,index_1900=100,jacks2019,observed
1888,real_price_grains,corn,107.47,index_1900=100,jacks2019,observed
1889,real_price_grains,corn,81.11,index_1900=100,jacks2019,observed
1890,real_price_grains,corn,94.17,index_1900=100,jacks2019,observed
1891,real_price_grains,corn,141.46,index_1900=100,jacks2019,observed
1892,real_price_grains,corn,111.09,index_1900=100,jacks2019,observed
1893,real_price_grains,corn,96.73,index_1900=100,jacks2019,observed
1894,real_price_grains,corn,109.93,index_1900=100,jacks2019,observed
1895,real_price_grains,corn,102.23,index_1900=100,jacks2019,observed
1896,real_price_grains,corn,67.65,index_1900=100,jacks2019,observed
1897,real_price_grains,corn,67.59,index_1900=100,jacks2019,observed
1898,real_price_grains,corn,83.62,index_1900=100,jacks2019,observed
1899,real_price_grains,corn,88.9,index_1900=100,jacks2019,observed
1900,real_price_grains,corn,100.0,index_1900=100,jacks2019,observed
1901,real_price_grains,corn,129.32,index_1900=100,jacks2019,observed
1902,real_price_grains,corn,152.91,index_1900=100,jacks2019,observed
1903,real_price_grains,corn,114.99,index_1900=100,jacks2019,observed
1904,real_price_grains,corn,124.54,index_1900=100,jacks2019,observed
1905,real_price_grains,corn,125.36,index_1900=100,jacks2019,observed
1906,real_price_grains,corn,112.92,index_1900=100,jacks2019,observed
1907,real_price_grains,corn,123.14,index_1900=100,jacks2019,observed
1908,real_price_grains,corn,163.01,index_1900=100,jacks2019,observed
1909,real_price_grains,corn,160.76,index_1900=100,jacks2019,observed
1910,real_price_grains,corn,134.99,index_1900=100,jacks2019,observed
1911,real_price_grains,corn,136.44,index_1900=100,jacks2019,observed
1912,real_price_grains,corn,156.71,index_1900=100,jacks2019,observed
1913,real_price_grains,corn,138.3,index_1900=100,jacks2019,observed
1914,real_price_grains,corn,153.37,index_1900=100,jacks2019,observed
1915,real_price_grains,corn,159.21,index_1900=100,jacks2019,observed
1916,real_price_grains,corn,165.88,index_1900=100,jacks2019,observed
1917,real_price_grains,corn,274.22,index_1900=100,jacks2019,observed
1918,real_price_grains,corn,226.33,index_1900=100,jacks2019,observed
1919,real_price_grains,corn,197.93,index_1900=100,jacks2019,observed
1920,real_price_grains,corn,152.78,index_1900=100,jacks2019,observed
1921,real_price_grains,corn,69.38,index_1900=100,jacks2019,observed
1922,real_price_grains,corn,78.54,index_1900=100,jacks2019,observed
1923,real_price_grains,corn,101.93,index_1900=100,jacks2019,observed
1924,real_price_grains,corn,119.28,index_1900=100,jacks2019,observed
1925,real_price_grains,corn,125.19,index_1900=100,jacks2019,observed
1926,real_price_grains,corn,89.88,index_1900=100,jacks2019,observed
1927,real_price_grains,corn,105.67,index_1900=100,jacks2019,observed
1928,real_price_grains,corn,121.27,index_1900=100,jacks2019,observed
1929,real_price_grains,corn,115.95,index_1900=100,jacks2019,observed
1930,real_price_grains,corn,104.43,index_1900=100,jacks2019,observed
1931,real_price_grains,corn,72.26,index_1900=100,jacks2019,observed
1932,real_price_grains,corn,47.5,index_1900=100,jacks2019,observed
1933,real_price_grains,corn,65.41,index_1900=100,jacks2019,observed
1934,real_price_grains,corn,103.13,index_1900=100,jacks2019,observed
1935,real_price_grains,corn,125.93,index_1900=100,jacks2019,observed
1936,real_price_grains,corn,128.33,index_1900=100,jacks2019,observed
1937,real_price_grains,corn,152.62,index_1900=100,jacks2019,observed
1938,real_price_grains,corn,83.08,index_1900=100,jacks2019,observed
1939,real_price_grains,corn,76.54,index_1900=100,jacks2019,observed
1940,real_price_grains,corn,95.61,index_1900=100,jacks2019,observed
1941,real_price_grains,corn,103.93,index_1900=100,jacks2019,observed
1942,real_price_grains,corn,110.05,index_1900=100,jacks2019,observed
1943,real_price_grains,corn,129.36,index_1900=100,jacks2019,observed
1944,real_price_grains,corn,136.55,index_1900=100,jacks2019,observed
1945,real_price_grains,corn,138.91,index_1900=100,jacks2019,observed
1946,real_price_grains,corn,160.6,index_1900=100,jacks2019,observed
1947,real_price_grains,corn,201.34,index_1900=100,jacks2019,observed
1948,real_price_grains,corn,180.06,index_1900=100,jacks2019,observed
1949,real_price_grains,corn,120.03,index_1900=100,jacks2019,observed
1950,real_price_grains,corn,134.58,index_1900=100,jacks2019,observed
1951,real_price_grains,corn,148.93,index_1900=100,jacks2019,observed
1952,real_price_grains,corn,143.03,index_1900=100,jacks2019,observed
1953,real_price_grains,corn,127.53,index_1900=100,jacks2019,observed
1954,real_price_grains,corn,126.38,index_1900=100,jacks2019,observed
1955,real_price_grains,corn,111.44,index_1900=100,jacks2019,observed
1956,real_price_grains,corn,114.32,index_1900=100,jacks2019,observed
1957,real_price_grains,corn,96.02,index_1900=100,jacks2019,observed
1958,real_price_grains,corn,92.08,index_1900=100,jacks2019,observed
1959,real_price_grains,corn,89.13,index_1900=100,jacks2019,observed
1960,real_price_grains,corn,82.65,index_1900=100,jacks2019,observed
1961,real_price_grains,corn,80.47,index_1900=100,jacks2019,observed
1962,real_price_grains,corn,79.58,index_1900=100,jacks2019,observed
1963,real_price_grains,corn,87.26,index_1900=100,jacks2019,observed
1964,real_price_grains,corn,85.89,index_1900=100,jacks2019,observed
1965,real_price_grains,corn,87.57,index_1900=100,jacks2019,observed
1966,real_price_grains,corn,89.85,index_1900=100,jacks2019,observed
1967,real_price_grains,corn,82.05,index_1900=100,jacks2019,observed
1968,real_price_grains,corn,69.56,index_1900=100,jacks2019,observed
1969,real_price_grains,corn,71.4,index_1900=100,jacks2019,observed
1970,real_price_grains,corn,75.97,index_1900=100,jacks2019,observed
1971,real_price_grains,corn,71.67,index_1900=100,jacks2019,observed
1972,real_price_grains,corn,66.88,index_1900=100,jacks2019,observed
1973,real_price_grains,corn,106.17,index_1900=100,jacks2019,observed
1974,real_price_grains,corn,142.43,index_1900=100,jacks2019,observed
1975,real_price_grains,corn,112.7,index_1900=100,jacks2019,observed
1976,real_price_grains,corn,100.04,index_1900=100,jacks2019,observed
1977,real_price_grains,corn,77.88,index_1900=100,jacks2019,observed
1978,real_price_grains,corn,76.34,index_1900=100,jacks2019,observed
1979,real_price_grains,corn,77.95,index_1900=100,jacks2019,observed
1980,real_price_grains,corn,79.68,index_1900=100,jacks2019,observed
1981,real_price_grains,corn,72.11,index_1900=100,jacks2019,observed
1982,real_price_grains,corn,52.57,index_1900=100,jacks2019,observed
1983,real_price_grains,corn,67.2,index_1900=100,jacks2019,observed
1984,real_price_grains,corn,62.82,index_1900=100,jacks2019,observed
1985,real_price_grains,corn,49.4,index_1900=100,jacks2019,observed
1986,real_price_grains,corn,37.02,index_1900=100,jacks2019,observed
1987,real_price_grains,corn,30.15,index_1900=100,jacks2019,observed
1988,real_price_grains,corn,42.57,index_1900=100,jacks2019,observed
1989,real_price_grains,corn,41.69,index_1900=100,jacks2019,observed
1990,real_price_grains,corn,39.84,index_1900=100,jacks2019,observed
1991,real_price_grains,corn,37.49,index_1900=100,jacks2019,observed
1992,real_price_grains,corn,34.85,index_1900=100,jacks2019,observed
1993,real_price_grains,corn,33.72,index_1900=100,jacks2019,observed
1994,real_price_grains,corn,34.08,index_1900=100,jacks2019,observed
1995,real_price_grains,corn,38.46,index_1900=100,jacks2019,observed
1996,real_price_grains,corn,50.7,index_1900=100,jacks2019,observed
1997,real_price_grains,corn,35.23,index_1900=100,jacks2019,observed
1998,real_price_grains,corn,28.53,index_1900=100,jacks2019,observed
1999,real_price_grains,corn,24.37,index_1900=100,jacks2019,observed
2000,real_price_grains,corn,23.14,index_1900=100,jacks2019,observed
2001,real_price_grains,corn,22.78,index_1900=100,jacks2019,observed
2002,real_price_grains,corn,24.83,index_1900=100,jacks2019,observed
2003,real_price_grains,corn,25.77,index_1900=100,jacks2019,observed
2004,real_price_grains,corn,26.64,index_1900=100,jacks2019,observed
2005,real_price_grains,corn,22.74,index_1900=100,jacks2019,observed
2006,real_price_grains,corn,27.2,index_1900=100,jacks2019,observed
2007,real_price_grains,corn,35.52,index_1900=100,jacks2019,observed
2008,real_price_grains,corn,46.64,index_1900=100,jacks2019,observed
2009,real_price_grains,corn,34.72,index_1900=100,jacks2019,observed
2010,real_price_grains,corn,38.37,index_1900=100,jacks2019,observed
2011,real_price_grains,corn,58.36,index_1900=100,jacks2019,observed
2012,real_price_grains,corn,58.49,index_1900=100,jacks2019,observed
2013,real_price_grains,corn,50.11,index_1900=100,jacks2019,observed
2014,real_price_grains,corn,36.67,index_1900=100,jacks2019,observed
2015,real_price_grains,corn,32.23,index_1900=100,jacks2019,observed
2016,real_price_grains,corn,29.84,index_1900=100,jacks2019,observed
2017,real_price_grains,corn,28.37,index_1900=100,jacks2019,observed
2018,real_price_grains,corn,29.47,index_1900=100,jacks2019,observed
2019,real_price_grains,corn,29.94,index_1900=100,jacks2019,observed
2020,real_price_grains,corn,28.77,index_1900=100,jacks2019,observed
2021,real_price_grains,corn,43.11,index_1900=100,jacks2019,observed
2022,real_price_grains,corn,49.03,index_1900=100,jacks2019,observed
2023,real_price_grains,corn,37.32,index_1900=100,jacks2019,observed
2024,real_price_grains,corn,27.34,index_1900=100,jacks2019,observed
2025,real_price_grains,corn,28.41,index_1900=100,jacks2019,observed
1850,real_price_grains,rice,124.97,index_1900=100,jacks2019,observed
1851,real_price_grains,rice,118.76,index_1900=100,jacks2019,observed
1852,real_price_grains,rice,132.18,index_1900=100,jacks2019,observed
1853,real_price_grains,rice,160.08,index_1900=100,jacks2019,observed
1854,real_price_grains,rice,166.22,index_1900=100,jacks2019,observed
1855,real_price_grains,rice,170.64,index_1900=100,jacks2019,observed
1856,real_price_grains,rice,133.82,index_1900=100,jacks2019,observed
1857,real_price_grains,rice,133.92,index_1900=100,jacks2019,observed
1858,real_price_grains,rice,104.76,index_1900=100,jacks2019,observed
1859,real_price_grains,rice,117.37,index_1900=100,jacks2019,observed
1860,real_price_grains,rice,140.57,index_1900=100,jacks2019,observed
1861,real_price_grains,rice,136.53,index_1900=100,jacks2019,observed
1862,real_price_grains,rice,119.59,index_1900=100,jacks2019,observed
1863,real_price_grains,rice,99.42,index_1900=100,jacks2019,observed
1864,real_price_grains,rice,69.34,index_1900=100,jacks2019,observed
1865,real_price_grains,rice,75.93,index_1900=100,jacks2019,observed
1866,real_price_grains,rice,85.77,index_1900=100,jacks2019,observed
1867,real_price_grains,rice,91.28,index_1900=100,jacks2019,observed
1868,real_price_grains,rice,87.81,index_1900=100,jacks2019,observed
1869,real_price_grains,rice,79.94,index_1900=100,jacks2019,observed
1870,real_price_grains,rice,83.48,index_1900=100,jacks2019,observed
1871,real_price_grains,rice,84.54,index_1900=100,jacks2019,observed
1872,real_price_grains,rice,92.91,index_1900=100,jacks2019,observed
1873,real_price_grains,rice,91.03,index_1900=100,jacks2019,observed
1874,real_price_grains,rice,99.64,index_1900=100,jacks2019,observed
1875,real_price_grains,rice,85.81,index_1900=100,jacks2019,observed
1876,real_price_grains,rice,95.28,index_1900=100,jacks2019,observed
1877,real_price_grains,rice,108.37,index_1900=100,jacks2019,observed
1878,real_price_grains,rice,113.75,index_1900=100,jacks2019,observed
1879,real_price_grains,rice,110.34,index_1900=100,jacks2019,observed
1880,real_price_grains,rice,101.01,index_1900=100,jacks2019,observed
1881,real_price_grains,rice,93.24,index_1900=100,jacks2019,observed
1882,real_price_grains,rice,83.25,index_1900=100,jacks2019,observed
1883,real_price_grains,rice,91.76,index_1900=100,jacks2019,observed
1884,real_price_grains,rice,90.22,index_1900=100,jacks2019,observed
1885,real_price_grains,rice,82.62,index_1900=100,jacks2019,observed
1886,real_price_grains,rice,80.81,index_1900=100,jacks2019,observed
1887,real_price_grains,rice,72.78,index_1900=100,jacks2019,observed
1888,real_price_grains,rice,84.71,index_1900=100,jacks2019,observed
1889,real_price_grains,rice,90.02,index_1900=100,jacks2019,observed
1890,real_price_grains,rice,91.04,index_1900=100,jacks2019,observed
1891,real_price_grains,rice,88.67,index_1900=100,jacks2019,observed
1892,real_price_grains,rice,97.28,index_1900=100,jacks2019,observed
1893,real_price_grains,rice,81.36,index_1900=100,jacks2019,observed
1894,real_price_grains,rice,67.27,index_1900=100,jacks2019,observed
1895,real_price_grains,rice,75.68,index_1900=100,jacks2019,observed
1896,real_price_grains,rice,83.78,index_1900=100,jacks2019,observed
1897,real_price_grains,rice,94.4,index_1900=100,jacks2019,observed
1898,real_price_grains,rice,98.51,index_1900=100,jacks2019,observed
1899,real_price_grains,rice,98.51,index_1900=100,jacks2019,observed
1900,real_price_grains,rice,100.0,index_1900=100,jacks2019,observed
1901,real_price_grains,rice,88.79,index_1900=100,jacks2019,observed
1902,real_price_grains,rice,84.86,index_1900=100,jacks2019,observed
1903,real_price_grains,rice,104.92,index_1900=100,jacks2019,observed
1904,real_price_grains,rice,86.48,index_1900=100,jacks2019,observed
1905,real_price_grains,rice,98.43,index_1900=100,jacks2019,observed
1906,real_price_grains,rice,113.18,index_1900=100,jacks2019,observed
1907,real_price_grains,rice,116.29,index_1900=100,jacks2019,observed
1908,real_price_grains,rice,123.22,index_1900=100,jacks2019,observed
1909,real_price_grains,rice,98.06,index_1900=100,jacks2019,observed
1910,real_price_grains,rice,93.75,index_1900=100,jacks2019,observed
1911,real_price_grains,rice,122.69,index_1900=100,jacks2019,observed
1912,real_price_grains,rice,138.68,index_1900=100,jacks2019,observed
1913,real_price_grains,rice,106.32,index_1900=100,jacks2019,observed
1914,real_price_grains,rice,99.26,index_1900=100,jacks2019,observed
1915,real_price_grains,rice,100.02,index_1900=100,jacks2019,observed
1916,real_price_grains,rice,84.51,index_1900=100,jacks2019,observed
1917,real_price_grains,rice,60.53,index_1900=100,jacks2019,observed
1918,real_price_grains,rice,58.67,index_1900=100,jacks2019,observed
1919,real_price_grains,rice,54.87,index_1900=100,jacks2019,observed
1920,real_price_grains,rice,55.73,index_1900=100,jacks2019,observed
1921,real_price_grains,rice,71.43,index_1900=100,jacks2019,observed
1922,real_price_grains,rice,84.33,index_1900=100,jacks2019,observed
1923,real_price_grains,rice,78.65,index_1900=100,jacks2019,observed
1924,real_price_grains,rice,85.39,index_1900=100,jacks2019,observed
1925,real_price_grains,rice,83.95,index_1900=100,jacks2019,observed
1926,real_price_grains,rice,89.41,index_1900=100,jacks2019,observed
1927,real_price_grains,rice,84.39,index_1900=100,jacks2019,observed
1928,real_price_grains,rice,77.42,index_1900=100,jacks2019,observed
1929,real_price_grains,rice,77.27,index_1900=100,jacks2019,observed
1930,real_price_grains,rice,62.44,index_1900=100,jacks2019,observed
1931,real_price_grains,rice,38.41,index_1900=100,jacks2019,observed
1932,real_price_grains,rice,37.66,index_1900=100,jacks2019,observed
1933,real_price_grains,rice,33.74,index_1900=100,jacks2019,observed
1934,real_price_grains,rice,42.48,index_1900=100,jacks2019,observed
1935,real_price_grains,rice,54.12,index_1900=100,jacks2019,observed
1936,real_price_grains,rice,52.63,index_1900=100,jacks2019,observed
1937,real_price_grains,rice,53.85,index_1900=100,jacks2019,observed
1938,real_price_grains,rice,50.36,index_1900=100,jacks2019,observed
1939,real_price_grains,rice,49.43,index_1900=100,jacks2019,observed
1940,real_price_grains,rice,58.83,index_1900=100,jacks2019,observed
1941,real_price_grains,rice,62.65,index_1900=100,jacks2019,observed
1942,real_price_grains,rice,62.18,index_1900=100,jacks2019,observed
1943,real_price_grains,rice,61.22,index_1900=100,jacks2019,observed
1944,real_price_grains,rice,60.18,index_1900=100,jacks2019,observed
1945,real_price_grains,rice,58.84,index_1900=100,jacks2019,observed
1946,real_price_grains,rice,62.52,index_1900=100,jacks2019,observed
1947,real_price_grains,rice,87.56,index_1900=100,jacks2019,observed
1948,real_price_grains,rice,86.09,index_1900=100,jacks2019,observed
1949,real_price_grains,rice,75.06,index_1900=100,jacks2019,observed
1950,real_price_grains,rice,62.7,index_1900=100,jacks2019,observed
1951,real_price_grains,rice,61.39,index_1900=100,jacks2019,observed
1952,real_price_grains,rice,65.02,index_1900=100,jacks2019,observed
1953,real_price_grains,rice,72.13,index_1900=100,jacks2019,observed
1954,real_price_grains,rice,64.88,index_1900=100,jacks2019,observed
1955,real_price_grains,rice,58.36,index_1900=100,jacks2019,observed
1956,real_price_grains,rice,55.63,index_1900=100,jacks2019,observed
1957,real_price_grains,rice,53.83,index_1900=100,jacks2019,observed
1958,real_price_grains,rice,54.34,index_1900=100,jacks2019,observed
1959,real_price_grains,rice,50.07,index_1900=100,jacks2019,observed
1960,real_price_grains,rice,46.5,index_1900=100,jacks2019,observed
1961,real_price_grains,rice,51.0,index_1900=100,jacks2019,observed
1962,real_price_grains,rice,57.21,index_1900=100,jacks2019,observed
1963,real_price_grains,rice,52.65,index_1900=100,jacks2019,observed
1964,real_price_grains,rice,49.68,index_1900=100,jacks2019,observed
1965,real_price_grains,rice,48.29,index_1900=100,jacks2019,observed
1966,real_price_grains,rice,57.39,index_1900=100,jacks2019,observed
1967,real_price_grains,rice,72.74,index_1900=100,jacks2019,observed
1968,real_price_grains,rice,67.43,index_1900=100,jacks2019,observed
1969,real_price_grains,rice,58.91,index_1900=100,jacks2019,observed
1970,real_price_grains,rice,41.72,index_1900=100,jacks2019,observed
1971,real_price_grains,rice,35.32,index_1900=100,jacks2019,observed
1972,real_price_grains,rice,39.68,index_1900=100,jacks2019,observed
1973,real_price_grains,rice,83.58,index_1900=100,jacks2019,observed
1974,real_price_grains,rice,134.5,index_1900=100,jacks2019,observed
1975,real_price_grains,rice,81.36,index_1900=100,jacks2019,observed
1976,real_price_grains,rice,52.88,index_1900=100,jacks2019,observed
1977,real_price_grains,rice,53.39,index_1900=100,jacks2019,observed
1978,real_price_grains,rice,67.99,index_1900=100,jacks2019,observed
1979,real_price_grains,rice,55.35,index_1900=100,jacks2019,observed
1980,real_price_grains,rice,63.97,index_1900=100,jacks2019,observed
1981,real_price_grains,rice,64.76,index_1900=100,jacks2019,observed
1982,real_price_grains,rice,36.23,index_1900=100,jacks2019,observed
1983,real_price_grains,rice,33.08,index_1900=100,jacks2019,observed
1984,real_price_grains,rice,28.71,index_1900=100,jacks2019,observed
1985,real_price_grains,rice,23.48,index_1900=100,jacks2019,observed
1986,real_price_grains,rice,21.8,index_1900=100,jacks2019,observed
1987,real_price_grains,rice,24.24,index_1900=100,jacks2019,observed
1988,real_price_grains,rice,30.09,index_1900=100,jacks2019,observed
1989,real_price_grains,rice,30.95,index_1900=100,jacks2019,observed
1990,real_price_grains,rice,26.59,index_1900=100,jacks2019,observed
1991,real_price_grains,rice,27.63,index_1900=100,jacks2019,observed
1992,real_price_grains,rice,24.53,index_1900=100,jacks2019,observed
1993,real_price_grains,rice,20.9,index_1900=100,jacks2019,observed
1994,real_price_grains,rice,23.17,index_1900=100,jacks2019,observed
1995,real_price_grains,rice,27.02,index_1900=100,jacks2019,observed
1996,real_price_grains,rice,27.71,index_1900=100,jacks2019,observed
1997,real_price_grains,rice,24.26,index_1900=100,jacks2019,observed
1998,real_price_grains,rice,23.94,index_1900=100,jacks2019,observed
1999,real_price_grains,rice,19.13,index_1900=100,jacks2019,observed
2000,real_price_grains,rice,15.08,index_1900=100,jacks2019,observed
2001,real_price_grains,rice,12.52,index_1900=100,jacks2019,observed
2002,real_price_grains,rice,13.68,index_1900=100,jacks2019,observed
2003,real_price_grains,rice,13.78,index_1900=100,jacks2019,observed
2004,real_price_grains,rice,16.14,index_1900=100,jacks2019,observed
2005,real_price_grains,rice,18.81,index_1900=100,jacks2019,observed
2006,real_price_grains,rice,19.4,index_1900=100,jacks2019,observed
2007,real_price_grains,rice,20.2,index_1900=100,jacks2019,observed
2008,real_price_grains,rice,38.74,index_1900=100,jacks2019,observed
2009,real_price_grains,rice,33.19,index_1900=100,jacks2019,observed
2010,real_price_grains,rice,28.76,index_1900=100,jacks2019,observed
2011,real_price_grains,rice,30.97,index_1900=100,jacks2019,observed
2012,real_price_grains,rice,31.46,index_1900=100,jacks2019,observed
2013,real_price_grains,rice,27.86,index_1900=100,jacks2019,observed
2014,real_price_grains,rice,22.92,index_1900=100,jacks2019,observed
2015,real_price_grains,rice,20.89,index_1900=100,jacks2019,observed
2016,real_price_grains,rice,21.18,index_1900=100,jacks2019,observed
2017,real_price_grains,rice,20.88,index_1900=100,jacks2019,observed
2018,real_price_grains,rice,21.49,index_1900=100,jacks2019,observed
2019,real_price_grains,rice,20.98,index_1900=100,jacks2019,observed
2020,real_price_grains,rice,24.62,index_1900=100,jacks2019,observed
2021,real_price_grains,rice,21.7,index_1900=100,jacks2019,observed
2022,real_price_grains,rice,19.15,index_1900=100,jacks2019,observed
2023,real_price_grains,rice,23.31,index_1900=100,jacks2019,observed
2024,real_price_grains,rice,24.07,index_1900=100,jacks2019,observed
2025,real_price_grains,rice,16.25,index_1900=100,jacks2019,observed
1850,real_price_grains,rye,189.66,index_1900=100,jacks2019,observed
1851,real_price_grains,rye,205.84,index_1900=100,jacks2019,observed
1852,real_price_grains,rye,224.24,index_1900=100,jacks2019,observed
1853,real_price_grains,rye,200.92,index_1900=100,jacks2019,observed
1854,real_price_grains,rye,146.9,index_1900=100,jacks2019,observed
1855,real_price_grains,rye,119.3,index_1900=100,jacks2019,observed
1856,real_price_grains,rye,187.65,index_1900=100,jacks2019,observed
1857,real_price_grains,rye,177.48,index_1900=100,jacks2019,observed
1858,real_price_grains,rye,220.69,index_1900=100,jacks2019,observed
1859,real_price_grains,rye,183.39,index_1900=100,jacks2019,observed
1860,real_price_grains,rye,193.56,index_1900=100,jacks2019,observed
1861,real_price_grains,rye,226.93,index_1900=100,jacks2019,observed
1862,real_price_grains,rye,175.53,index_1900=100,jacks2019,observed
1863,real_price_grains,rye,98.72,index_1900=100,jacks2019,observed
1864,real_price_grains,rye,54.18,index_1900=100,jacks2019,observed
1865,real_price_grains,rye,69.26,index_1900=100,jacks2019,observed
1866,real_price_grains,rye,77.27,index_1900=100,jacks2019,observed
1867,real_price_grains,rye,58.59,index_1900=100,jacks2019,observed
1868,real_price_grains,rye,54.29,index_1900=100,jacks2019,observed
1869,real_price_grains,rye,75.3,index_1900=100,jacks2019,observed
1870,real_price_grains,rye,103.39,index_1900=100,jacks2019,observed
1871,real_price_grains,rye,105.25,index_1900=100,jacks2019,observed
1872,real_price_grains,rye,102.1,index_1900=100,jacks2019,observed
1873,real_price_grains,rye,106.03,index_1900=100,jacks2019,observed
1874,real_price_grains,rye,125.98,index_1900=100,jacks2019,observed
1875,real_price_grains,rye,115.9,index_1900=100,jacks2019,observed
1876,real_price_grains,rye,106.34,index_1900=100,jacks2019,observed
1877,real_price_grains,rye,97.0,index_1900=100,jacks2019,observed
1878,real_price_grains,rye,91.57,index_1900=100,jacks2019,observed
1879,real_price_grains,rye,113.25,index_1900=100,jacks2019,observed
1880,real_price_grains,rye,122.14,index_1900=100,jacks2019,observed
1881,real_price_grains,rye,150.34,index_1900=100,jacks2019,observed
1882,real_price_grains,rye,103.45,index_1900=100,jacks2019,observed
1883,real_price_grains,rye,97.72,index_1900=100,jacks2019,observed
1884,real_price_grains,rye,91.23,index_1900=100,jacks2019,observed
1885,real_price_grains,rye,101.11,index_1900=100,jacks2019,observed
1886,real_price_grains,rye,94.42,index_1900=100,jacks2019,observed
1887,real_price_grains,rye,94.28,index_1900=100,jacks2019,observed
1888,real_price_grains,rye,104.32,index_1900=100,jacks2019,observed
1889,real_price_grains,rye,76.5,index_1900=100,jacks2019,observed
1890,real_price_grains,rye,114.76,index_1900=100,jacks2019,observed
1891,real_price_grains,rye,142.21,index_1900=100,jacks2019,observed
1892,real_price_grains,rye,98.92,index_1900=100,jacks2019,observed
1893,real_price_grains,rye,92.42,index_1900=100,jacks2019,observed
1894,real_price_grains,rye,94.68,index_1900=100,jacks2019,observed
1895,real_price_grains,rye,81.24,index_1900=100,jacks2019,observed
1896,real_price_grains,rye,73.65,index_1900=100,jacks2019,observed
1897,real_price_grains,rye,86.09,index_1900=100,jacks2019,observed
1898,real_price_grains,rye,89.12,index_1900=100,jacks2019,observed
1899,real_price_grains,rye,100.03,index_1900=100,jacks2019,observed
1900,real_price_grains,rye,100.0,index_1900=100,jacks2019,observed
1901,real_price_grains,rye,108.45,index_1900=100,jacks2019,observed
1902,real_price_grains,rye,97.41,index_1900=100,jacks2019,observed
1903,real_price_grains,rye,101.9,index_1900=100,jacks2019,observed
1904,real_price_grains,rye,130.28,index_1900=100,jacks2019,observed
1905,real_price_grains,rye,114.86,index_1900=100,jacks2019,observed
1906,real_price_grains,rye,109.0,index_1900=100,jacks2019,observed
1907,real_price_grains,rye,129.48,index_1900=100,jacks2019,observed
1908,real_price_grains,rye,132.6,index_1900=100,jacks2019,observed
1909,real_price_grains,rye,132.26,index_1900=100,jacks2019,observed
1910,real_price_grains,rye,127.9,index_1900=100,jacks2019,observed
1911,real_price_grains,rye,142.19,index_1900=100,jacks2019,observed
1912,real_price_grains,rye,109.41,index_1900=100,jacks2019,observed
1913,real_price_grains,rye,100.53,index_1900=100,jacks2019,observed
1914,real_price_grains,rye,136.15,index_1900=100,jacks2019,observed
1915,real_price_grains,rye,139.45,index_1900=100,jacks2019,observed
1916,real_price_grains,rye,171.03,index_1900=100,jacks2019,observed
1917,real_price_grains,rye,219.25,index_1900=100,jacks2019,observed
1918,real_price_grains,rye,160.75,index_1900=100,jacks2019,observed
1919,real_price_grains,rye,136.18,index_1900=100,jacks2019,observed
1920,real_price_grains,rye,118.37,index_1900=100,jacks2019,observed
1921,real_price_grains,rye,75.7,index_1900=100,jacks2019,observed
1922,real_price_grains,rye,60.75,index_1900=100,jacks2019,observed
1923,real_price_grains,rye,55.21,index_1900=100,jacks2019,observed
1924,real_price_grains,rye,89.79,index_1900=100,jacks2019,observed
1925,real_price_grains,rye,71.83,index_1900=100,jacks2019,observed
1926,real_price_grains,rye,75.73,index_1900=100,jacks2019,observed
1927,real_price_grains,rye,77.08,index_1900=100,jacks2019,observed
1928,real_price_grains,rye,77.4,index_1900=100,jacks2019,observed
1929,real_price_grains,rye,81.28,index_1900=100,jacks2019,observed
1930,real_price_grains,rye,43.2,index_1900=100,jacks2019,observed
1931,real_price_grains,rye,36.38,index_1900=100,jacks2019,observed
1932,real_price_grains,rye,33.3,index_1900=100,jacks2019,observed
1933,real_price_grains,rye,78.6,index_1900=100,jacks2019,observed
1934,real_price_grains,rye,87.37,index_1900=100,jacks2019,observed
1935,real_price_grains,rye,47.1,index_1900=100,jacks2019,observed
1936,real_price_grains,rye,95.19,index_1900=100,jacks2019,observed
1937,real_price_grains,rye,77.62,index_1900=100,jacks2019,observed
1938,real_price_grains,rye,44.74,index_1900=100,jacks2019,observed
1939,real_price_grains,rye,51.35,index_1900=100,jacks2019,observed
1940,real_price_grains,rye,48.64,index_1900=100,jacks2019,observed
1941,real_price_grains,rye,59.78,index_1900=100,jacks2019,observed
1942,real_price_grains,rye,60.11,index_1900=100,jacks2019,observed
1943,real_price_grains,rye,92.23,index_1900=100,jacks2019,observed
1944,real_price_grains,rye,100.62,index_1900=100,jacks2019,observed
1945,real_price_grains,rye,122.76,index_1900=100,jacks2019,observed
1946,real_price_grains,rye,161.31,index_1900=100,jacks2019,observed
1947,real_price_grains,rye,165.82,index_1900=100,jacks2019,observed
1948,real_price_grains,rye,96.49,index_1900=100,jacks2019,observed
1949,real_price_grains,rye,81.75,index_1900=100,jacks2019,observed
1950,real_price_grains,rye,88.39,index_1900=100,jacks2019,observed
1951,real_price_grains,rye,95.06,index_1900=100,jacks2019,observed
1952,real_price_grains,rye,105.26,index_1900=100,jacks2019,observed
1953,real_price_grains,rye,78.35,index_1900=100,jacks2019,observed
1954,real_price_grains,rye,73.14,index_1900=100,jacks2019,observed
1955,real_price_grains,rye,64.31,index_1900=100,jacks2019,observed
1956,real_price_grains,rye,69.34,index_1900=100,jacks2019,observed
1957,real_price_grains,rye,62.34,index_1900=100,jacks2019,observed
1958,real_price_grains,rye,57.3,index_1900=100,jacks2019,observed
1959,real_price_grains,rye,55.72,index_1900=100,jacks2019,observed
1960,real_price_grains,rye,48.38,index_1900=100,jacks2019,observed
1961,real_price_grains,rye,54.85,index_1900=100,jacks2019,observed
1962,real_price_grains,rye,50.85,index_1900=100,jacks2019,observed
1963,real_price_grains,rye,57.31,index_1900=100,jacks2019,observed
1964,real_price_grains,rye,54.46,index_1900=100,jacks2019,observed
1965,real_price_grains,rye,50.3,index_1900=100,jacks2019,observed
1966,real_price_grains,rye,53.06,index_1900=100,jacks2019,observed
1967,real_price_grains,rye,52.05,index_1900=100,jacks2019,observed
1968,real_price_grains,rye,46.69,index_1900=100,jacks2019,observed
1969,real_price_grains,rye,44.75,index_1900=100,jacks2019,observed
1970,real_price_grains,rye,41.41,index_1900=100,jacks2019,observed
1971,real_price_grains,rye,36.06,index_1900=100,jacks2019,observed
1972,real_price_grains,rye,37.31,index_1900=100,jacks2019,observed
1973,real_price_grains,rye,69.81,index_1900=100,jacks2019,observed
1974,real_price_grains,rye,82.67,index_1900=100,jacks2019,observed
1975,real_price_grains,rye,71.22,index_1900=100,jacks2019,observed
1976,real_price_grains,rye,70.48,index_1900=100,jacks2019,observed
1977,real_price_grains,rye,55.22,index_1900=100,jacks2019,observed
1978,real_price_grains,rye,49.57,index_1900=100,jacks2019,observed
1979,real_price_grains,rye,46.12,index_1900=100,jacks2019,observed
1980,real_price_grains,rye,52.07,index_1900=100,jacks2019,observed
1981,real_price_grains,rye,53.6,index_1900=100,jacks2019,observed
1982,real_price_grains,rye,40.41,index_1900=100,jacks2019,observed
1983,real_price_grains,rye,35.4,index_1900=100,jacks2019,observed
1984,real_price_grains,rye,27.99,index_1900=100,jacks2019,observed
1985,real_price_grains,rye,30.65,index_1900=100,jacks2019,observed
1986,real_price_grains,rye,22.09,index_1900=100,jacks2019,observed
1987,real_price_grains,rye,23.31,index_1900=100,jacks2019,observed
1988,real_price_grains,rye,34.61,index_1900=100,jacks2019,observed
1989,real_price_grains,rye,26.99,index_1900=100,jacks2019,observed
1990,real_price_grains,rye,25.98,index_1900=100,jacks2019,observed
1991,real_price_grains,rye,26.24,index_1900=100,jacks2019,observed
1992,real_price_grains,rye,27.56,index_1900=100,jacks2019,observed
1993,real_price_grains,rye,28.67,index_1900=100,jacks2019,observed
1994,real_price_grains,rye,29.6,index_1900=100,jacks2019,observed
1995,real_price_grains,rye,30.92,index_1900=100,jacks2019,observed
1996,real_price_grains,rye,38.31,index_1900=100,jacks2019,observed
1997,real_price_grains,rye,37.96,index_1900=100,jacks2019,observed
1998,real_price_grains,rye,24.82,index_1900=100,jacks2019,observed
1999,real_price_grains,rye,22.14,index_1900=100,jacks2019,observed
2000,real_price_grains,rye,24.53,index_1900=100,jacks2019,observed
2001,real_price_grains,rye,26.24,index_1900=100,jacks2019,observed
2002,real_price_grains,rye,29.98,index_1900=100,jacks2019,observed
2003,real_price_grains,rye,25.87,index_1900=100,jacks2019,observed
2004,real_price_grains,rye,27.7,index_1900=100,jacks2019,observed
2005,real_price_grains,rye,27.45,index_1900=100,jacks2019,observed
2006,real_price_grains,rye,26.76,index_1900=100,jacks2019,observed
2007,real_price_grains,rye,39.26,index_1900=100,jacks2019,observed
2008,real_price_grains,rye,47.69,index_1900=100,jacks2019,observed
2009,real_price_grains,rye,37.34,index_1900=100,jacks2019,observed
2010,real_price_grains,rye,37.48,index_1900=100,jacks2019,observed
2011,real_price_grains,rye,56.05,index_1900=100,jacks2019,observed
2012,real_price_grains,rye,54.28,index_1900=100,jacks2019,observed
2013,real_price_grains,rye,55.52,index_1900=100,jacks2019,observed
2014,real_price_grains,rye,53.12,index_1900=100,jacks2019,observed
2015,real_price_grains,rye,44.56,index_1900=100,jacks2019,observed
2016,real_price_grains,rye,34.66,index_1900=100,jacks2019,observed
2017,real_price_grains,rye,31.15,index_1900=100,jacks2019,observed
2018,real_price_grains,rye,40.57,index_1900=100,jacks2019,observed
2019,real_price_grains,rye,38.2,index_1900=100,jacks2019,observed
2020,real_price_grains,rye,33.59,index_1900=100,jacks2019,observed
2021,real_price_grains,rye,40.53,index_1900=100,jacks2019,observed
2022,real_price_grains,rye,39.81,index_1900=100,jacks2019,observed
2023,real_price_grains,rye,35.25,index_1900=100,jacks2019,observed
2024,real_price_grains,rye,30.15,index_1900=100,jacks2019,observed
2025,real_price_grains,rye,23.97,index_1900=100,jacks2019,observed
1850,real_price_grains,wheat,98.05,index_1900=100,jacks2019,observed
1851,real_price_grains,wheat,70.05,index_1900=100,jacks2019,observed
1852,real_price_grains,wheat,68.54,index_1900=100,jacks2019,observed
1853,real_price_grains,wheat,111.95,index_1900=100,jacks2019,observed
1854,real_price_grains,wheat,152.6,index_1900=100,jacks2019,observed
1855,real_price_grains,wheat,178.46,index_1900=100,jacks2019,observed
1856,real_price_grains,wheat,144.36,index_1900=100,jacks2019,observed
1857,real_price_grains,wheat,123.68,index_1900=100,jacks2019,observed
1858,real_price_grains,wheat,93.49,index_1900=100,jacks2019,observed
1859,real_price_grains,wheat,125.3,index_1900=100,jacks2019,observed
1860,real_price_grains,wheat,132.43,index_1900=100,jacks2019,observed
1861,real_price_grains,wheat,96.72,index_1900=100,jacks2019,observed
1862,real_price_grains,wheat,90.17,index_1900=100,jacks2019,observed
1863,real_price_grains,wheat,94.2,index_1900=100,jacks2019,observed
1864,real_price_grains,wheat,115.83,index_1900=100,jacks2019,observed
1865,real_price_grains,wheat,83.14,index_1900=100,jacks2019,observed
1866,real_price_grains,wheat,97.96,index_1900=100,jacks2019,observed
1867,real_price_grains,wheat,159.74,index_1900=100,jacks2019,observed
1868,real_price_grains,wheat,143.58,index_1900=100,jacks2019,observed
1869,real_price_grains,wheat,97.07,index_1900=100,jacks2019,observed
1870,real_price_grains,wheat,88.1,index_1900=100,jacks2019,observed
1871,real_price_grains,wheat,118.16,index_1900=100,jacks2019,observed
1872,real_price_grains,wheat,121.52,index_1900=100,jacks2019,observed
1873,real_price_grains,wheat,116.06,index_1900=100,jacks2019,observed
1874,real_price_grains,wheat,113.2,index_1900=100,jacks2019,observed
1875,real_price_grains,wheat,110.38,index_1900=100,jacks2019,observed
1876,real_price_grains,wheat,113.83,index_1900=100,jacks2019,observed
1877,real_price_grains,wheat,144.31,index_1900=100,jacks2019,observed
1878,real_price_grains,wheat,115.09,index_1900=100,jacks2019,observed
1879,real_price_grains,wheat,118.16,index_1900=100,jacks2019,observed
1880,real_price_grains,wheat,122.73,index_1900=100,jacks2019,observed
1881,real_price_grains,wheat,133.53,index_1900=100,jacks2019,observed
1882,real_price_grains,wheat,136.16,index_1900=100,jacks2019,observed
1883,real_price_grains,wheat,120.22,index_1900=100,jacks2019,observed
1884,real_price_grains,wheat,100.2,index_1900=100,jacks2019,observed
1885,real_price_grains,wheat,103.25,index_1900=100,jacks2019,observed
1886,real_price_grains,wheat,96.36,index_1900=100,jacks2019,observed
1887,real_price_grains,wheat,94.16,index_1900=100,jacks2019,observed
1888,real_price_grains,wheat,113.46,index_1900=100,jacks2019,observed
1889,real_price_grains,wheat,110.06,index_1900=100,jacks2019,observed
1890,real_price_grains,wheat,116.43,index_1900=100,jacks2019,observed
1891,real_price_grains,wheat,126.05,index_1900=100,jacks2019,observed
1892,real_price_grains,wheat,103.23,index_1900=100,jacks2019,observed
1893,real_price_grains,wheat,89.35,index_1900=100,jacks2019,observed
1894,real_price_grains,wheat,78.66,index_1900=100,jacks2019,observed
1895,real_price_grains,wheat,85.98,index_1900=100,jacks2019,observed
1896,real_price_grains,wheat,94.35,index_1900=100,jacks2019,observed
1897,real_price_grains,wheat,122.82,index_1900=100,jacks2019,observed
1898,real_price_grains,wheat,128.38,index_1900=100,jacks2019,observed
1899,real_price_grains,wheat,102.28,index_1900=100,jacks2019,observed
1900,real_price_grains,wheat,100.0,index_1900=100,jacks2019,observed
1901,real_price_grains,wheat,100.45,index_1900=100,jacks2019,observed
1902,real_price_grains,wheat,102.87,index_1900=100,jacks2019,observed
1903,real_price_grains,wheat,106.48,index_1900=100,jacks2019,observed
1904,real_price_grains,wheat,137.84,index_1900=100,jacks2019,observed
1905,real_price_grains,wheat,135.88,index_1900=100,jacks2019,observed
1906,real_price_grains,wheat,104.52,index_1900=100,jacks2019,observed
1907,real_price_grains,wheat,115.25,index_1900=100,jacks2019,observed
1908,real_price_grains,wheat,126.03,index_1900=100,jacks2019,observed
1909,real_price_grains,wheat,157.44,index_1900=100,jacks2019,observed
1910,real_price_grains,wheat,137.28,index_1900=100,jacks2019,observed
1911,real_price_grains,wheat,123.03,index_1900=100,jacks2019,observed
1912,real_price_grains,wheat,128.12,index_1900=100,jacks2019,observed
1913,real_price_grains,wheat,113.95,index_1900=100,jacks2019,observed
1914,real_price_grains,wheat,120.73,index_1900=100,jacks2019,observed
1915,real_price_grains,wheat,154.88,index_1900=100,jacks2019,observed
1916,real_price_grains,wheat,149.13,index_1900=100,jacks2019,observed
1917,real_price_grains,wheat,212.64,index_1900=100,jacks2019,observed
1918,real_price_grains,wheat,169.89,index_1900=100,jacks2019,observed
1919,real_price_grains,wheat,167.82,index_1900=100,jacks2019,observed
1920,real_price_grains,wheat,146.81,index_1900=100,jacks2019,observed
1921,real_price_grains,wheat,95.4,index_1900=100,jacks2019,observed
1922,real_price_grains,wheat,93.54,index_1900=100,jacks2019,observed
1923,real_price_grains,wheat,78.94,index_1900=100,jacks2019,observed
1924,real_price_grains,wheat,98.46,index_1900=100,jacks2019,observed
1925,real_price_grains,wheat,116.61,index_1900=100,jacks2019,observed
1926,real_price_grains,wheat,105.19,index_1900=100,jacks2019,observed
1927,real_price_grains,wheat,92.54,index_1900=100,jacks2019,observed
1928,real_price_grains,wheat,107.85,index_1900=100,jacks2019,observed
1929,real_price_grains,wheat,89.06,index_1900=100,jacks2019,observed
1930,real_price_grains,wheat,67.95,index_1900=100,jacks2019,observed
1931,real_price_grains,wheat,51.45,index_1900=100,jacks2019,observed
1932,real_price_grains,wheat,47.71,index_1900=100,jacks2019,observed
1933,real_price_grains,wheat,69.63,index_1900=100,jacks2019,observed
1934,real_price_grains,wheat,83.73,index_1900=100,jacks2019,observed
1935,real_price_grains,wheat,86.05,index_1900=100,jacks2019,observed
1936,real_price_grains,wheat,94.99,index_1900=100,jacks2019,observed
1937,real_price_grains,wheat,98.69,index_1900=100,jacks2019,observed
1938,real_price_grains,wheat,65.59,index_1900=100,jacks2019,observed
1939,real_price_grains,wheat,64.22,index_1900=100,jacks2019,observed
1940,real_price_grains,wheat,79.24,index_1900=100,jacks2019,observed
1941,real_price_grains,wheat,80.8,index_1900=100,jacks2019,observed
1942,real_price_grains,wheat,90.31,index_1900=100,jacks2019,observed
1943,real_price_grains,wheat,102.59,index_1900=100,jacks2019,observed
1944,real_price_grains,wheat,109.25,index_1900=100,jacks2019,observed
1945,real_price_grains,wheat,110.51,index_1900=100,jacks2019,observed
1946,real_price_grains,wheat,116.14,index_1900=100,jacks2019,observed
1947,real_price_grains,wheat,138.66,index_1900=100,jacks2019,observed
1948,real_price_grains,wheat,120.07,index_1900=100,jacks2019,observed
1949,real_price_grains,wheat,104.1,index_1900=100,jacks2019,observed
1950,real_price_grains,wheat,106.4,index_1900=100,jacks2019,observed
1951,real_price_grains,wheat,108.53,index_1900=100,jacks2019,observed
1952,real_price_grains,wheat,101.8,index_1900=100,jacks2019,observed
1953,real_price_grains,wheat,88.89,index_1900=100,jacks2019,observed
1954,real_price_grains,wheat,91.95,index_1900=100,jacks2019,observed
1955,real_price_grains,wheat,91.0,index_1900=100,jacks2019,observed
1956,real_price_grains,wheat,95.22,index_1900=100,jacks2019,observed
1957,real_price_grains,wheat,91.11,index_1900=100,jacks2019,observed
1958,real_price_grains,wheat,81.84,index_1900=100,jacks2019,observed
1959,real_price_grains,wheat,77.56,index_1900=100,jacks2019,observed
1960,real_price_grains,wheat,77.22,index_1900=100,jacks2019,observed
1961,real_price_grains,wheat,80.9,index_1900=100,jacks2019,observed
1962,real_price_grains,wheat,79.72,index_1900=100,jacks2019,observed
1963,real_price_grains,wheat,76.05,index_1900=100,jacks2019,observed
1964,real_price_grains,wheat,63.92,index_1900=100,jacks2019,observed
1965,real_price_grains,wheat,58.13,index_1900=100,jacks2019,observed
1966,real_price_grains,wheat,61.74,index_1900=100,jacks2019,observed
1967,real_price_grains,wheat,52.22,index_1900=100,jacks2019,observed
1968,real_price_grains,wheat,44.18,index_1900=100,jacks2019,observed
1969,real_price_grains,wheat,43.55,index_1900=100,jacks2019,observed
1970,real_price_grains,wheat,46.72,index_1900=100,jacks2019,observed
1971,real_price_grains,wheat,45.53,index_1900=100,jacks2019,observed
1972,real_price_grains,wheat,51.04,index_1900=100,jacks2019,observed
1973,real_price_grains,wheat,105.77,index_1900=100,jacks2019,observed
1974,real_price_grains,wheat,109.44,index_1900=100,jacks2019,observed
1975,real_price_grains,wheat,74.8,index_1900=100,jacks2019,observed
1976,real_price_grains,wheat,62.9,index_1900=100,jacks2019,observed
1977,real_price_grains,wheat,49.44,index_1900=100,jacks2019,observed
1978,real_price_grains,wheat,57.22,index_1900=100,jacks2019,observed
1979,real_price_grains,wheat,64.59,index_1900=100,jacks2019,observed
1980,real_price_grains,wheat,61.27,index_1900=100,jacks2019,observed
1981,real_price_grains,wheat,50.98,index_1900=100,jacks2019,observed
1982,real_price_grains,wheat,41.19,index_1900=100,jacks2019,observed
1983,real_price_grains,wheat,41.34,index_1900=100,jacks2019,observed
1984,real_price_grains,wheat,40.47,index_1900=100,jacks2019,observed
1985,real_price_grains,wheat,35.86,index_1900=100,jacks2019,observed
1986,real_price_grains,wheat,32.39,index_1900=100,jacks2019,observed
1987,real_price_grains,wheat,29.59,index_1900=100,jacks2019,observed
1988,real_price_grains,wheat,35.67,index_1900=100,jacks2019,observed
1989,real_price_grains,wheat,39.0,index_1900=100,jacks2019,observed
1990,real_price_grains,wheat,29.62,index_1900=100,jacks2019,observed
1991,real_price_grains,wheat,27.77,index_1900=100,jacks2019,observed
1992,real_price_grains,wheat,31.02,index_1900=100,jacks2019,observed
1993,real_price_grains,wheat,27.97,index_1900=100,jacks2019,observed
1994,real_price_grains,wheat,28.04,index_1900=100,jacks2019,observed
1995,real_price_grains,wheat,32.93,index_1900=100,jacks2019,observed
1996,real_price_grains,wheat,35.82,index_1900=100,jacks2019,observed
1997,real_price_grains,wheat,26.84,index_1900=100,jacks2019,observed
1998,real_price_grains,wheat,20.52,index_1900=100,jacks2019,observed
1999,real_price_grains,wheat,17.33,index_1900=100,jacks2019,observed
2000,real_price_grains,wheat,17.23,index_1900=100,jacks2019,observed
2001,real_price_grains,wheat,18.24,index_1900=100,jacks2019,observed
2002,real_price_grains,wheat,21.66,index_1900=100,jacks2019,observed
2003,real_price_grains,wheat,22.59,index_1900=100,jacks2019,observed
2004,real_price_grains,wheat,22.93,index_1900=100,jacks2019,observed
2005,real_price_grains,wheat,20.84,index_1900=100,jacks2019,observed
2006,real_price_grains,wheat,23.65,index_1900=100,jacks2019,observed
2007,real_price_grains,wheat,34.51,index_1900=100,jacks2019,observed
2008,real_price_grains,wheat,37.82,index_1900=100,jacks2019,observed
2009,real_price_grains,wheat,25.99,index_1900=100,jacks2019,observed
2010,real_price_grains,wheat,31.59,index_1900=100,jacks2019,observed
2011,real_price_grains,wheat,38.12,index_1900=100,jacks2019,observed
2012,real_price_grains,wheat,38.58,index_1900=100,jacks2019,observed
2013,real_price_grains,wheat,35.62,index_1900=100,jacks2019,observed
2014,real_price_grains,wheat,31.06,index_1900=100,jacks2019,observed
2015,real_price_grains,wheat,26.11,index_1900=100,jacks2019,observed
2016,real_price_grains,wheat,22.03,index_1900=100,jacks2019,observed
2017,real_price_grains,wheat,21.8,index_1900=100,jacks2019,observed
2018,real_price_grains,wheat,24.35,index_1900=100,jacks2019,observed
2019,real_price_grains,wheat,24.78,index_1900=100,jacks2019,observed
2020,real_price_grains,wheat,26.39,index_1900=100,jacks2019,observed
2021,real_price_grains,wheat,31.17,index_1900=100,jacks2019,observed
2022,real_price_grains,wheat,39.14,index_1900=100,jacks2019,observed
2023,real_price_grains,wheat,25.37,index_1900=100,jacks2019,observed
2024,real_price_grains,wheat,22.07,index_1900=100,jacks2019,observed
2025,real_price_grains,wheat,20.46,index_1900=100,jacks2019,observed
1900,real_price_metals,aluminum,100.0,index_1900=100,jacks2019,observed
1901,real_price_metals,aluminum,99.69,index_1900=100,jacks2019,observed
1902,real_price_metals,aluminum,98.5,index_1900=100,jacks2019,observed
1903,real_price_metals,aluminum,96.3,index_1900=100,jacks2019,observed
1904,real_price_metals,aluminum,100.96,index_1900=100,jacks2019,observed
1905,real_price_metals,aluminum,102.14,index_1900=100,jacks2019,observed
1906,real_price_metals,aluminum,102.2,index_1900=100,jacks2019,observed
1907,real_price_metals,aluminum,122.96,index_1900=100,jacks2019,observed
1908,real_price_metals,aluminum,80.09,index_1900=100,jacks2019,observed
1909,real_price_metals,aluminum,62.09,index_1900=100,jacks2019,observed
1910,real_price_metals,aluminum,60.27,index_1900=100,jacks2019,observed
1911,real_price_metals,aluminum,54.33,index_1900=100,jacks2019,observed
1912,real_price_metals,aluminum,58.26,index_1900=100,jacks2019,observed
1913,real_price_metals,aluminum,61.19,index_1900=100,jacks2019,observed
1914,real_price_metals,aluminum,47.78,index_1900=100,jacks2019,observed
1915,real_price_metals,aluminum,87.15,index_1900=100,jacks2019,observed
1916,real_price_metals,aluminum,142.01,index_1900=100,jacks2019,observed
1917,real_price_metals,aluminum,99.42,index_1900=100,jacks2019,observed
1918,real_price_metals,aluminum,55.54,index_1900=100,jacks2019,observed
1919,real_price_metals,aluminum,46.19,index_1900=100,jacks2019,observed
1920,real_price_metals,aluminum,38.01,index_1900=100,jacks2019,observed
1921,real_price_metals,aluminum,29.48,index_1900=100,jacks2019,observed
1922,real_price_metals,aluminum,27.76,index_1900=100,jacks2019,observed
1923,real_price_metals,aluminum,37.04,index_1900=100,jacks2019,observed
1924,real_price_metals,aluminum,39.31,index_1900=100,jacks2019,observed
1925,real_price_metals,aluminum,38.62,index_1900=100,jacks2019,observed
1926,real_price_metals,aluminum,37.97,index_1900=100,jacks2019,observed
1927,real_price_metals,aluminum,36.4,index_1900=100,jacks2019,observed
1928,real_price_metals,aluminum,34.73,index_1900=100,jacks2019,observed
1929,real_price_metals,aluminum,34.73,index_1900=100,jacks2019,observed
1930,real_price_metals,aluminum,35.48,index_1900=100,jacks2019,observed
1931,real_price_metals,aluminum,38.08,index_1900=100,jacks2019,observed
1932,real_price_metals,aluminum,42.46,index_1900=100,jacks2019,observed
1933,real_price_metals,aluminum,44.75,index_1900=100,jacks2019,observed
1934,real_price_metals,aluminum,40.16,index_1900=100,jacks2019,observed
1935,real_price_metals,aluminum,37.17,index_1900=100,jacks2019,observed
1936,real_price_metals,aluminum,36.82,index_1900=100,jacks2019,observed
1937,real_price_metals,aluminum,34.84,index_1900=100,jacks2019,observed
1938,real_price_metals,aluminum,35.33,index_1900=100,jacks2019,observed
1939,real_price_metals,aluminum,35.84,index_1900=100,jacks2019,observed
1940,real_price_metals,aluminum,33.18,index_1900=100,jacks2019,observed
1941,real_price_metals,aluminum,27.88,index_1900=100,jacks2019,observed
1942,real_price_metals,aluminum,22.91,index_1900=100,jacks2019,observed
1943,real_price_metals,aluminum,21.58,index_1900=100,jacks2019,observed
1944,real_price_metals,aluminum,21.22,index_1900=100,jacks2019,observed
1945,real_price_metals,aluminum,20.74,index_1900=100,jacks2019,observed
1946,real_price_metals,aluminum,17.84,index_1900=100,jacks2019,observed
1947,real_price_metals,aluminum,15.6,index_1900=100,jacks2019,observed
1948,real_price_metals,aluminum,16.23,index_1900=100,jacks2019,observed
1949,real_price_metals,aluminum,17.74,index_1900=100,jacks2019,observed
1950,real_price_metals,aluminum,18.3,index_1900=100,jacks2019,observed
1951,real_price_metals,aluminum,18.21,index_1900=100,jacks2019,observed
1952,real_price_metals,aluminum,18.19,index_1900=100,jacks2019,observed
1953,real_price_metals,aluminum,19.45,index_1900=100,jacks2019,observed
1954,real_price_metals,aluminum,20.19,index_1900=100,jacks2019,observed
1955,real_price_metals,aluminum,22.03,index_1900=100,jacks2019,observed
1956,real_price_metals,aluminum,21.98,index_1900=100,jacks2019,observed
1957,real_price_metals,aluminum,22.46,index_1900=100,jacks2019,observed
1958,real_price_metals,aluminum,21.35,index_1900=100,jacks2019,observed
1959,real_price_metals,aluminum,21.09,index_1900=100,jacks2019,observed
1960,real_price_metals,aluminum,21.85,index_1900=100,jacks2019,observed
1961,real_price_metals,aluminum,21.22,index_1900=100,jacks2019,observed
1962,real_price_metals,aluminum,19.66,index_1900=100,jacks2019,observed
1963,real_price_metals,aluminum,18.37,index_1900=100,jacks2019,observed
1964,real_price_metals,aluminum,19.01,index_1900=100,jacks2019,observed
1965,real_price_metals,aluminum,19.32,index_1900=100,jacks2019,observed
1966,real_price_metals,aluminum,18.79,index_1900=100,jacks2019,observed
1967,real_price_metals,aluminum,18.63,index_1900=100,jacks2019,observed
1968,real_price_metals,aluminum,18.31,index_1900=100,jacks2019,observed
1969,real_price_metals,aluminum,18.46,index_1900=100,jacks2019,observed
1970,real_price_metals,aluminum,18.39,index_1900=100,jacks2019,observed
1971,real_price_metals,aluminum,17.82,index_1900=100,jacks2019,observed
1972,real_price_metals,aluminum,15.7,index_1900=100,jacks2019,observed
1973,real_price_metals,aluminum,14.0,index_1900=100,jacks2019,observed
1974,real_price_metals,aluminum,17.21,index_1900=100,jacks2019,observed
1975,real_price_metals,aluminum,18.4,index_1900=100,jacks2019,observed
1976,real_price_metals,aluminum,19.41,index_1900=100,jacks2019,observed
1977,real_price_metals,aluminum,21.07,index_1900=100,jacks2019,observed
1978,real_price_metals,aluminum,20.27,index_1900=100,jacks2019,observed
1979,real_price_metals,aluminum,20.38,index_1900=100,jacks2019,observed
1980,real_price_metals,aluminum,20.97,index_1900=100,jacks2019,observed
1981,real_price_metals,aluminum,13.52,index_1900=100,jacks2019,observed
1982,real_price_metals,aluminum,10.0,index_1900=100,jacks2019,observed
1983,real_price_metals,aluminum,14.06,index_1900=100,jacks2019,observed
1984,real_price_metals,aluminum,11.73,index_1900=100,jacks2019,observed
1985,real_price_metals,aluminum,9.41,index_1900=100,jacks2019,observed
1986,real_price_metals,aluminum,10.21,index_1900=100,jacks2019,observed
1987,real_price_metals,aluminum,13.41,index_1900=100,jacks2019,observed
1988,real_price_metals,aluminum,20.95,index_1900=100,jacks2019,observed
1989,real_price_metals,aluminum,15.31,index_1900=100,jacks2019,observed
1990,real_price_metals,aluminum,12.21,index_1900=100,jacks2019,observed
1991,real_price_metals,aluminum,9.32,index_1900=100,jacks2019,observed
1992,real_price_metals,aluminum,8.72,index_1900=100,jacks2019,observed
1993,real_price_metals,aluminum,7.68,index_1900=100,jacks2019,observed
1994,real_price_metals,aluminum,9.69,index_1900=100,jacks2019,observed
1995,real_price_metals,aluminum,11.53,index_1900=100,jacks2019,observed
1996,real_price_metals,aluminum,9.35,index_1900=100,jacks2019,observed
1997,real_price_metals,aluminum,9.7,index_1900=100,jacks2019,observed
1998,real_price_metals,aluminum,8.11,index_1900=100,jacks2019,observed
1999,real_price_metals,aluminum,7.95,index_1900=100,jacks2019,observed
2000,real_price_metals,aluminum,8.77,index_1900=100,jacks2019,observed
2001,real_price_metals,aluminum,7.95,index_1900=100,jacks2019,observed
2002,real_price_metals,aluminum,7.31,index_1900=100,jacks2019,observed
2003,real_price_metals,aluminum,7.58,index_1900=100,jacks2019,observed
2004,real_price_metals,aluminum,8.86,index_1900=100,jacks2019,observed
2005,real_price_metals,aluminum,9.47,index_1900=100,jacks2019,observed
2006,real_price_metals,aluminum,12.42,index_1900=100,jacks2019,observed
2007,real_price_metals,aluminum,12.39,index_1900=100,jacks2019,observed
2008,real_price_metals,aluminum,11.65,index_1900=100,jacks2019,observed
2009,real_price_metals,aluminum,7.57,index_1900=100,jacks2019,observed
2010,real_price_metals,aluminum,9.7,index_1900=100,jacks2019,observed
2011,real_price_metals,aluminum,10.39,index_1900=100,jacks2019,observed
2012,real_price_metals,aluminum,8.58,index_1900=100,jacks2019,observed
2013,real_price_metals,aluminum,7.72,index_1900=100,jacks2019,observed
2014,real_price_metals,aluminum,7.68,index_1900=100,jacks2019,observed
2015,real_price_metals,aluminum,6.84,index_1900=100,jacks2019,observed
2016,real_price_metals,aluminum,6.51,index_1900=100,jacks2019,observed
2017,real_price_metals,aluminum,7.81,index_1900=100,jacks2019,observed
2018,real_price_metals,aluminum,8.17,index_1900=100,jacks2019,observed
2019,real_price_metals,aluminum,6.83,index_1900=100,jacks2019,observed
2020,real_price_metals,aluminum,6.41,index_1900=100,jacks2019,observed
2021,real_price_metals,aluminum,8.88,index_1900=100,jacks2019,observed
2022,real_price_metals,aluminum,9.0,index_1900=100,jacks2019,observed
2023,real_price_metals,aluminum,7.21,index_1900=100,jacks2019,observed
2024,real_price_metals,aluminum,7.51,index_1900=100,jacks2019,observed
2025,real_price_metals,aluminum,7.95,index_1900=100,jacks2019,observed
1900,real_price_metals,chromium,100.0,index_1900=100,jacks2019,observed
1901,real_price_metals,chromium,104.08,index_1900=100,jacks2019,observed
1902,real_price_metals,chromium,81.92,index_1900=100,jacks2019,observed
1903,real_price_metals,chromium,71.57,index_1900=100,jacks2019,observed
1904,real_price_metals,chromium,77.48,index_1900=100,jacks2019,observed
1905,real_price_metals,chromium,73.27,index_1900=100,jacks2019,observed
1906,real_price_metals,chromium,68.34,index_1900=100,jacks2019,observed
1907,real_price_metals,chromium,59.04,index_1900=100,jacks2019,observed
1908,real_price_metals,chromium,65.18,index_1900=100,jacks2019,observed
1909,real_price_metals,chromium,62.63,index_1900=100,jacks2019,observed
1910,real_price_metals,chromium,55.24,index_1900=100,jacks2019,observed
1911,real_price_metals,chromium,55.24,index_1900=100,jacks2019,observed
1912,real_price_metals,chromium,46.39,index_1900=100,jacks2019,observed
1913,real_price_metals,chromium,45.42,index_1900=100,jacks2019,observed
1914,real_price_metals,chromium,42.0,index_1900=100,jacks2019,observed
1915,real_price_metals,chromium,49.25,index_1900=100,jacks2019,observed
1916,real_price_metals,chromium,60.11,index_1900=100,jacks2019,observed
1917,real_price_metals,chromium,66.9,index_1900=100,jacks2019,observed
1918,real_price_metals,chromium,113.89,index_1900=100,jacks2019,observed
1919,real_price_metals,chromium,60.5,index_1900=100,jacks2019,observed
1920,real_price_metals,chromium,29.74,index_1900=100,jacks2019,observed
1921,real_price_metals,chromium,20.3,index_1900=100,jacks2019,observed
1922,real_price_metals,chromium,22.54,index_1900=100,jacks2019,observed
1923,real_price_metals,chromium,23.84,index_1900=100,jacks2019,observed
1924,real_price_metals,chromium,24.65,index_1900=100,jacks2019,observed
1925,real_price_metals,chromium,21.56,index_1900=100,jacks2019,observed
1926,real_price_metals,chromium,20.53,index_1900=100,jacks2019,observed
1927,real_price_metals,chromium,20.92,index_1900=100,jacks2019,observed
1928,real_price_metals,chromium,21.21,index_1900=100,jacks2019,observed
1929,real_price_metals,chromium,22.91,index_1900=100,jacks2019,observed
1930,real_price_metals,chromium,29.59,index_1900=100,jacks2019,observed
1931,real_price_metals,chromium,43.9,index_1900=100,jacks2019,observed
1932,real_price_metals,chromium,56.4,index_1900=100,jacks2019,observed
1933,real_price_metals,chromium,44.86,index_1900=100,jacks2019,observed
1934,real_price_metals,chromium,42.34,index_1900=100,jacks2019,observed
1935,real_price_metals,chromium,47.64,index_1900=100,jacks2019,observed
1936,real_price_metals,chromium,47.19,index_1900=100,jacks2019,observed
1937,real_price_metals,chromium,43.53,index_1900=100,jacks2019,observed
1938,real_price_metals,chromium,44.36,index_1900=100,jacks2019,observed
1939,real_price_metals,chromium,42.91,index_1900=100,jacks2019,observed
1940,real_price_metals,chromium,43.51,index_1900=100,jacks2019,observed
1941,real_price_metals,chromium,40.46,index_1900=100,jacks2019,observed
1942,real_price_metals,chromium,49.94,index_1900=100,jacks2019,observed
1943,real_price_metals,chromium,54.61,index_1900=100,jacks2019,observed
1944,real_price_metals,chromium,57.81,index_1900=100,jacks2019,observed
1945,real_price_metals,chromium,56.53,index_1900=100,jacks2019,observed
1946,real_price_metals,chromium,38.68,index_1900=100,jacks2019,observed
1947,real_price_metals,chromium,41.64,index_1900=100,jacks2019,observed
1948,real_price_metals,chromium,45.88,index_1900=100,jacks2019,observed
1949,real_price_metals,chromium,46.32,index_1900=100,jacks2019,observed
1950,real_price_metals,chromium,44.67,index_1900=100,jacks2019,observed
1951,real_price_metals,chromium,44.76,index_1900=100,jacks2019,observed
1952,real_price_metals,chromium,51.46,index_1900=100,jacks2019,observed
1953,real_price_metals,chromium,59.77,index_1900=100,jacks2019,observed
1954,real_price_metals,chromium,45.96,index_1900=100,jacks2019,observed
1955,real_price_metals,chromium,46.68,index_1900=100,jacks2019,observed
1956,real_price_metals,chromium,51.34,index_1900=100,jacks2019,observed
1957,real_price_metals,chromium,57.83,index_1900=100,jacks2019,observed
1958,real_price_metals,chromium,56.29,index_1900=100,jacks2019,observed
1959,real_price_metals,chromium,67.29,index_1900=100,jacks2019,observed
1960,real_price_metals,chromium,42.2,index_1900=100,jacks2019,observed
1961,real_price_metals,chromium,34.01,index_1900=100,jacks2019,observed
1962,real_price_metals,chromium,60.05,index_1900=100,jacks2019,observed
1963,real_price_metals,chromium,55.07,index_1900=100,jacks2019,observed
1964,real_price_metals,chromium,58.09,index_1900=100,jacks2019,observed
1965,real_price_metals,chromium,59.87,index_1900=100,jacks2019,observed
1966,real_price_metals,chromium,54.18,index_1900=100,jacks2019,observed
1967,real_price_metals,chromium,57.45,index_1900=100,jacks2019,observed
1968,real_price_metals,chromium,57.64,index_1900=100,jacks2019,observed
1969,real_price_metals,chromium,54.7,index_1900=100,jacks2019,observed
1970,real_price_metals,chromium,47.9,index_1900=100,jacks2019,observed
1971,real_price_metals,chromium,67.46,index_1900=100,jacks2019,observed
1972,real_price_metals,chromium,68.42,index_1900=100,jacks2019,observed
1973,real_price_metals,chromium,69.0,index_1900=100,jacks2019,observed
1974,real_price_metals,chromium,94.59,index_1900=100,jacks2019,observed
1975,real_price_metals,chromium,158.48,index_1900=100,jacks2019,observed
1976,real_price_metals,chromium,128.41,index_1900=100,jacks2019,observed
1977,real_price_metals,chromium,119.43,index_1900=100,jacks2019,observed
1978,real_price_metals,chromium,102.52,index_1900=100,jacks2019,observed
1979,real_price_metals,chromium,117.38,index_1900=100,jacks2019,observed
1980,real_price_metals,chromium,112.57,index_1900=100,jacks2019,observed
1981,real_price_metals,chromium,113.18,index_1900=100,jacks2019,observed
1982,real_price_metals,chromium,102.13,index_1900=100,jacks2019,observed
1983,real_price_metals,chromium,94.72,index_1900=100,jacks2019,observed
1984,real_price_metals,chromium,101.29,index_1900=100,jacks2019,observed
1985,real_price_metals,chromium,103.07,index_1900=100,jacks2019,observed
1986,real_price_metals,chromium,90.19,index_1900=100,jacks2019,observed
1987,real_price_metals,chromium,84.19,index_1900=100,jacks2019,observed
1988,real_price_metals,chromium,129.02,index_1900=100,jacks2019,observed
1989,real_price_metals,chromium,145.36,index_1900=100,jacks2019,observed
1990,real_price_metals,chromium,99.2,index_1900=100,jacks2019,observed
1991,real_price_metals,chromium,96.05,index_1900=100,jacks2019,observed
1992,real_price_metals,chromium,90.96,index_1900=100,jacks2019,observed
1993,real_price_metals,chromium,69.31,index_1900=100,jacks2019,observed
1994,real_price_metals,chromium,68.07,index_1900=100,jacks2019,observed
1995,real_price_metals,chromium,115.41,index_1900=100,jacks2019,observed
1996,real_price_metals,chromium,86.53,index_1900=100,jacks2019,observed
1997,real_price_metals,chromium,92.38,index_1900=100,jacks2019,observed
1998,real_price_metals,chromium,81.06,index_1900=100,jacks2019,observed
1999,real_price_metals,chromium,61.86,index_1900=100,jacks2019,observed
2000,real_price_metals,chromium,64.24,index_1900=100,jacks2019,observed
2001,real_price_metals,chromium,70.09,index_1900=100,jacks2019,observed
2002,real_price_metals,chromium,63.87,index_1900=100,jacks2019,observed
2003,real_price_metals,chromium,72.85,index_1900=100,jacks2019,observed
2004,real_price_metals,chromium,106.19,index_1900=100,jacks2019,observed
2005,real_price_metals,chromium,112.39,index_1900=100,jacks2019,observed
2006,real_price_metals,chromium,101.66,index_1900=100,jacks2019,observed
2007,real_price_metals,chromium,140.91,index_1900=100,jacks2019,observed
2008,real_price_metals,chromium,235.62,index_1900=100,jacks2019,observed
2009,real_price_metals,chromium,137.54,index_1900=100,jacks2019,observed
2010,real_price_metals,chromium,170.91,index_1900=100,jacks2019,observed
2011,real_price_metals,chromium,168.21,index_1900=100,jacks2019,observed
2012,real_price_metals,chromium,149.16,index_1900=100,jacks2019,observed
2013,real_price_metals,chromium,134.9,index_1900=100,jacks2019,observed
2014,real_price_metals,chromium,154.36,index_1900=100,jacks2019,observed
2015,real_price_metals,chromium,158.96,index_1900=100,jacks2019,observed
2016,real_price_metals,chromium,134.88,index_1900=100,jacks2019,observed
2017,real_price_metals,chromium,151.04,index_1900=100,jacks2019,observed
2018,real_price_metals,chromium,147.56,index_1900=100,jacks2019,observed
2019,real_price_metals,chromium,119.06,index_1900=100,jacks2019,observed
2020,real_price_metals,chromium,105.48,index_1900=100,jacks2019,observed
2021,real_price_metals,chromium,152.19,index_1900=100,jacks2019,observed
2022,real_price_metals,chromium,167.78,index_1900=100,jacks2019,observed
2023,real_price_metals,chromium,154.84,index_1900=100,jacks2019,observed
2024,real_price_metals,chromium,141.54,index_1900=100,jacks2019,observed
2025,real_price_metals,chromium,150.05,index_1900=100,jacks2019,observed
1850,real_price_metals,copper,115.81,index_1900=100,jacks2019,observed
1851,real_price_metals,copper,118.31,index_1900=100,jacks2019,observed
1852,real_price_metals,copper,133.55,index_1900=100,jacks2019,observed
1853,real_price_metals,copper,159.06,index_1900=100,jacks2019,observed
1854,real_price_metals,copper,158.79,index_1900=100,jacks2019,observed
1855,real_price_metals,copper,154.24,index_1900=100,jacks2019,observed
1856,real_price_metals,copper,147.67,index_1900=100,jacks2019,observed
1857,real_price_metals,copper,150.12,index_1900=100,jacks2019,observed
1858,real_price_metals,copper,138.03,index_1900=100,jacks2019,observed
1859,real_price_metals,copper,136.66,index_1900=100,jacks2019,observed
1860,real_price_metals,copper,132.47,index_1900=100,jacks2019,observed
1861,real_price_metals,copper,117.13,index_1900=100,jacks2019,observed
1862,real_price_metals,copper,100.29,index_1900=100,jacks2019,observed
1863,real_price_metals,copper,79.42,index_1900=100,jacks2019,observed
1864,real_price_metals,copper,65.68,index_1900=100,jacks2019,observed
1865,real_price_metals,copper,59.08,index_1900=100,jacks2019,observed
1866,real_price_metals,copper,59.15,index_1900=100,jacks2019,observed
1867,real_price_metals,copper,55.65,index_1900=100,jacks2019,observed
1868,real_price_metals,copper,57.09,index_1900=100,jacks2019,observed
1869,real_price_metals,copper,58.71,index_1900=100,jacks2019,observed
1870,real_price_metals,copper,57.75,index_1900=100,jacks2019,observed
1871,real_price_metals,copper,65.5,index_1900=100,jacks2019,observed
1872,real_price_metals,copper,88.28,index_1900=100,jacks2019,observed
1873,real_price_metals,copper,81.39,index_1900=100,jacks2019,observed
1874,real_price_metals,copper,80.43,index_1900=100,jacks2019,observed
1875,real_price_metals,copper,86.62,index_1900=100,jacks2019,observed
1876,real_price_metals,copper,82.21,index_1900=100,jacks2019,observed
1877,real_price_metals,copper,75.3,index_1900=100,jacks2019,observed
1878,real_price_metals,copper,72.06,index_1900=100,jacks2019,observed
1879,real_price_metals,copper,67.41,index_1900=100,jacks2019,observed
1880,real_price_metals,copper,71.45,index_1900=100,jacks2019,observed
1881,real_price_metals,copper,70.32,index_1900=100,jacks2019,observed
1882,real_price_metals,copper,74.85,index_1900=100,jacks2019,observed
1883,real_price_metals,copper,72.92,index_1900=100,jacks2019,observed
1884,real_price_metals,copper,63.82,index_1900=100,jacks2019,observed
1885,real_price_metals,copper,51.86,index_1900=100,jacks2019,observed
1886,real_price_metals,copper,49.3,index_1900=100,jacks2019,observed
1887,real_price_metals,copper,53.64,index_1900=100,jacks2019,observed
1888,real_price_metals,copper,98.74,index_1900=100,jacks2019,observed
1889,real_price_metals,copper,64.26,index_1900=100,jacks2019,observed
1890,real_price_metals,copper,68.81,index_1900=100,jacks2019,observed
1891,real_price_metals,copper,64.99,index_1900=100,jacks2019,observed
1892,real_price_metals,copper,57.34,index_1900=100,jacks2019,observed
1893,real_price_metals,copper,54.78,index_1900=100,jacks2019,observed
1894,real_price_metals,copper,53.91,index_1900=100,jacks2019,observed
1895,real_price_metals,copper,59.37,index_1900=100,jacks2019,observed
1896,real_price_metals,copper,64.9,index_1900=100,jacks2019,observed
1897,real_price_metals,copper,68.5,index_1900=100,jacks2019,observed
1898,real_price_metals,copper,72.69,index_1900=100,jacks2019,observed
1899,real_price_metals,copper,103.45,index_1900=100,jacks2019,observed
1900,real_price_metals,copper,100.0,index_1900=100,jacks2019,observed
1901,real_price_metals,copper,98.3,index_1900=100,jacks2019,observed
1902,real_price_metals,copper,66.49,index_1900=100,jacks2019,observed
1903,real_price_metals,copper,78.04,index_1900=100,jacks2019,observed
1904,real_price_metals,copper,74.69,index_1900=100,jacks2019,observed
1905,real_price_metals,copper,91.89,index_1900=100,jacks2019,observed
1906,real_price_metals,copper,111.16,index_1900=100,jacks2019,observed
1907,real_price_metals,copper,110.38,index_1900=100,jacks2019,observed
1908,real_price_metals,copper,74.46,index_1900=100,jacks2019,observed
1909,real_price_metals,copper,73.99,index_1900=100,jacks2019,observed
1910,real_price_metals,copper,69.55,index_1900=100,jacks2019,observed
1911,real_price_metals,copper,67.58,index_1900=100,jacks2019,observed
1912,real_price_metals,copper,87.4,index_1900=100,jacks2019,observed
1913,real_price_metals,copper,79.97,index_1900=100,jacks2019,observed
1914,real_price_metals,copper,70.56,index_1900=100,jacks2019,observed
1915,real_price_metals,copper,89.2,index_1900=100,jacks2019,observed
1916,real_price_metals,copper,128.53,index_1900=100,jacks2019,observed
1917,real_price_metals,copper,106.59,index_1900=100,jacks2019,observed
1918,real_price_metals,copper,82.23,index_1900=100,jacks2019,observed
1919,real_price_metals,copper,54.32,index_1900=100,jacks2019,observed
1920,real_price_metals,copper,43.8,index_1900=100,jacks2019,observed
1921,real_price_metals,copper,35.11,index_1900=100,jacks2019,observed
1922,real_price_metals,copper,40.11,index_1900=100,jacks2019,observed
1923,real_price_metals,copper,42.47,index_1900=100,jacks2019,observed
1924,real_price_metals,copper,38.28,index_1900=100,jacks2019,observed
1925,real_price_metals,copper,40.27,index_1900=100,jacks2019,observed
1926,real_price_metals,copper,39.2,index_1900=100,jacks2019,observed
1927,real_price_metals,copper,37.4,index_1900=100,jacks2019,observed
1928,real_price_metals,copper,42.33,index_1900=100,jacks2019,observed
1929,real_price_metals,copper,53.15,index_1900=100,jacks2019,observed
1930,real_price_metals,copper,39.08,index_1900=100,jacks2019,observed
1931,real_price_metals,copper,26.8,index_1900=100,jacks2019,observed
1932,real_price_metals,copper,20.46,index_1900=100,jacks2019,observed
1933,real_price_metals,copper,27.23,index_1900=100,jacks2019,observed
1934,real_price_metals,copper,31.65,index_1900=100,jacks2019,observed
1935,real_price_metals,copper,31.68,index_1900=100,jacks2019,observed
1936,real_price_metals,copper,34.35,index_1900=100,jacks2019,observed
1937,real_price_metals,copper,46.11,index_1900=100,jacks2019,observed
1938,real_price_metals,copper,35.68,index_1900=100,jacks2019,observed
1939,real_price_metals,copper,39.67,index_1900=100,jacks2019,observed
1940,real_price_metals,copper,40.49,index_1900=100,jacks2019,observed
1941,real_price_metals,copper,40.28,index_1900=100,jacks2019,observed
1942,real_price_metals,copper,36.33,index_1900=100,jacks2019,observed
1943,real_price_metals,copper,34.23,index_1900=100,jacks2019,observed
1944,real_price_metals,copper,33.65,index_1900=100,jacks2019,observed
1945,real_price_metals,copper,32.9,index_1900=100,jacks2019,observed
1946,real_price_metals,copper,35.56,index_1900=100,jacks2019,observed
1947,real_price_metals,copper,47.17,index_1900=100,jacks2019,observed
1948,real_price_metals,copper,46.02,index_1900=100,jacks2019,observed
1949,real_price_metals,copper,40.48,index_1900=100,jacks2019,observed
1950,real_price_metals,copper,44.35,index_1900=100,jacks2019,observed
1951,real_price_metals,copper,46.83,index_1900=100,jacks2019,observed
1952,real_price_metals,copper,45.83,index_1900=100,jacks2019,observed
1953,real_price_metals,copper,54.13,index_1900=100,jacks2019,observed
1954,real_price_metals,copper,55.53,index_1900=100,jacks2019,observed
1955,real_price_metals,copper,70.38,index_1900=100,jacks2019,observed
1956,real_price_metals,copper,77.36,index_1900=100,jacks2019,observed
1957,real_price_metals,copper,52.83,index_1900=100,jacks2019,observed
1958,real_price_metals,copper,44.78,index_1900=100,jacks2019,observed
1959,real_price_metals,copper,53.76,index_1900=100,jacks2019,observed
1960,real_price_metals,copper,54.4,index_1900=100,jacks2019,observed
1961,real_price_metals,copper,50.28,index_1900=100,jacks2019,observed
1962,real_price_metals,copper,50.84,index_1900=100,jacks2019,observed
1963,real_price_metals,copper,50.24,index_1900=100,jacks2019,observed
1964,real_price_metals,copper,51.78,index_1900=100,jacks2019,observed
1965,real_price_metals,copper,55.79,index_1900=100,jacks2019,observed
1966,real_price_metals,copper,56.02,index_1900=100,jacks2019,observed
1967,real_price_metals,copper,57.55,index_1900=100,jacks2019,observed
1968,real_price_metals,copper,60.46,index_1900=100,jacks2019,observed
1969,real_price_metals,copper,65.17,index_1900=100,jacks2019,observed
1970,real_price_metals,copper,74.69,index_1900=100,jacks2019,observed
1971,real_price_metals,copper,63.83,index_1900=100,jacks2019,observed
1972,real_price_metals,copper,60.81,index_1900=100,jacks2019,observed
1973,real_price_metals,copper,66.59,index_1900=100,jacks2019,observed
1974,real_price_metals,copper,78.12,index_1900=100,jacks2019,observed
1975,real_price_metals,copper,59.34,index_1900=100,jacks2019,observed
1976,real_price_metals,copper,60.77,index_1900=100,jacks2019,observed
1977,real_price_metals,copper,54.59,index_1900=100,jacks2019,observed
1978,real_price_metals,copper,50.5,index_1900=100,jacks2019,observed
1979,real_price_metals,copper,63.92,index_1900=100,jacks2019,observed
1980,real_price_metals,copper,62.48,index_1900=100,jacks2019,observed
1981,real_price_metals,copper,45.15,index_1900=100,jacks2019,observed
1982,real_price_metals,copper,36.17,index_1900=100,jacks2019,observed
1983,real_price_metals,copper,37.66,index_1900=100,jacks2019,observed
1984,real_price_metals,copper,31.22,index_1900=100,jacks2019,observed
1985,real_price_metals,copper,31.03,index_1900=100,jacks2019,observed
1986,real_price_metals,copper,29.44,index_1900=100,jacks2019,observed
1987,real_price_metals,copper,36.93,index_1900=100,jacks2019,observed
1988,real_price_metals,copper,51.77,index_1900=100,jacks2019,observed
1989,real_price_metals,copper,54.09,index_1900=100,jacks2019,observed
1990,real_price_metals,copper,47.96,index_1900=100,jacks2019,observed
1991,real_price_metals,copper,40.44,index_1900=100,jacks2019,observed
1992,real_price_metals,copper,38.36,index_1900=100,jacks2019,observed
1993,real_price_metals,copper,31.22,index_1900=100,jacks2019,observed
1994,real_price_metals,copper,36.65,index_1900=100,jacks2019,observed
1995,real_price_metals,copper,45.32,index_1900=100,jacks2019,observed
1996,real_price_metals,copper,34.43,index_1900=100,jacks2019,observed
1997,real_price_metals,copper,33.39,index_1900=100,jacks2019,observed
1998,real_price_metals,copper,23.9,index_1900=100,jacks2019,observed
1999,real_price_metals,copper,22.23,index_1900=100,jacks2019,observed
2000,real_price_metals,copper,24.82,index_1900=100,jacks2019,observed
2001,real_price_metals,copper,21.02,index_1900=100,jacks2019,observed
2002,real_price_metals,copper,20.43,index_1900=100,jacks2019,observed
2003,real_price_metals,copper,22.78,index_1900=100,jacks2019,observed
2004,real_price_metals,copper,35.71,index_1900=100,jacks2019,observed
2005,real_price_metals,copper,44.34,index_1900=100,jacks2019,observed
2006,real_price_metals,copper,78.65,index_1900=100,jacks2019,observed
2007,real_price_metals,copper,81.02,index_1900=100,jacks2019,observed
2008,real_price_metals,copper,76.19,index_1900=100,jacks2019,observed
2009,real_price_metals,copper,56.7,index_1900=100,jacks2019,observed
2010,real_price_metals,copper,81.43,index_1900=100,jacks2019,observed
2011,real_price_metals,copper,92.4,index_1900=100,jacks2019,observed
2012,real_price_metals,copper,81.66,index_1900=100,jacks2019,observed
2013,real_price_metals,copper,74.13,index_1900=100,jacks2019,observed
2014,real_price_metals,copper,68.29,index_1900=100,jacks2019,observed
2015,real_price_metals,copper,54.77,index_1900=100,jacks2019,observed
2016,real_price_metals,copper,47.78,index_1900=100,jacks2019,observed
2017,real_price_metals,copper,59.29,index_1900=100,jacks2019,observed
2018,real_price_metals,copper,61.26,index_1900=100,jacks2019,observed
2019,real_price_metals,copper,55.38,index_1900=100,jacks2019,observed
2020,real_price_metals,copper,56.2,index_1900=100,jacks2019,observed
2021,real_price_metals,copper,81.0,index_1900=100,jacks2019,observed
2022,real_price_metals,copper,71.06,index_1900=100,jacks2019,observed
2023,real_price_metals,copper,65.64,index_1900=100,jacks2019,observed
2024,real_price_metals,copper,68.65,index_1900=100,jacks2019,observed
2025,real_price_metals,copper,72.78,index_1900=100,jacks2019,observed
1850,real_price_metals,lead,138.68,index_1900=100,jacks2019,observed
1851,real_price_metals,lead,137.69,index_1900=100,jacks2019,observed
1852,real_price_metals,lead,140.16,index_1900=100,jacks2019,observed
1853,real_price_metals,lead,189.52,index_1900=100,jacks2019,observed
1854,real_price_metals,lead,174.38,index_1900=100,jacks2019,observed
1855,real_price_metals,lead,165.86,index_1900=100,jacks2019,observed
1856,real_price_metals,lead,179.88,index_1900=100,jacks2019,observed
1857,real_price_metals,lead,169.54,index_1900=100,jacks2019,observed
1858,real_price_metals,lead,164.91,index_1900=100,jacks2019,observed
1859,real_price_metals,lead,165.11,index_1900=100,jacks2019,observed
1860,real_price_metals,lead,161.44,index_1900=100,jacks2019,observed
1861,real_price_metals,lead,141.98,index_1900=100,jacks2019,observed
1862,real_price_metals,lead,125.87,index_1900=100,jacks2019,observed
1863,real_price_metals,lead,100.84,index_1900=100,jacks2019,observed
1864,real_price_metals,lead,81.55,index_1900=100,jacks2019,observed
1865,real_price_metals,lead,74.91,index_1900=100,jacks2019,observed
1866,real_price_metals,lead,78.78,index_1900=100,jacks2019,observed
1867,real_price_metals,lead,81.46,index_1900=100,jacks2019,observed
1868,real_price_metals,lead,82.62,index_1900=100,jacks2019,observed
1869,real_price_metals,lead,86.19,index_1900=100,jacks2019,observed
1870,real_price_metals,lead,86.5,index_1900=100,jacks2019,observed
1871,real_price_metals,lead,91.17,index_1900=100,jacks2019,observed
1872,real_price_metals,lead,101.16,index_1900=100,jacks2019,observed
1873,real_price_metals,lead,119.82,index_1900=100,jacks2019,observed
1874,real_price_metals,lead,119.2,index_1900=100,jacks2019,observed
1875,real_price_metals,lead,125.07,index_1900=100,jacks2019,observed
1876,real_price_metals,lead,123.81,index_1900=100,jacks2019,observed
1877,real_price_metals,lead,119.46,index_1900=100,jacks2019,observed
1878,real_price_metals,lead,101.68,index_1900=100,jacks2019,observed
1879,real_price_metals,lead,92.51,index_1900=100,jacks2019,observed
1880,real_price_metals,lead,98.48,index_1900=100,jacks2019,observed
1881,real_price_metals,lead,90.27,index_1900=100,jacks2019,observed
1882,real_price_metals,lead,86.54,index_1900=100,jacks2019,observed
1883,real_price_metals,lead,78.42,index_1900=100,jacks2019,observed
1884,real_price_metals,lead,69.97,index_1900=100,jacks2019,observed
1885,real_price_metals,lead,73.77,index_1900=100,jacks2019,observed
1886,real_price_metals,lead,85.93,index_1900=100,jacks2019,observed
1887,real_price_metals,lead,82.59,index_1900=100,jacks2019,observed
1888,real_price_metals,lead,89.01,index_1900=100,jacks2019,observed
1889,real_price_metals,lead,86.2,index_1900=100,jacks2019,observed
1890,real_price_metals,lead,88.85,index_1900=100,jacks2019,observed
1891,real_price_metals,lead,83.82,index_1900=100,jacks2019,observed
1892,real_price_metals,lead,71.25,index_1900=100,jacks2019,observed
1893,real_price_metals,lead,68.67,index_1900=100,jacks2019,observed
1894,real_price_metals,lead,68.26,index_1900=100,jacks2019,observed
1895,real_price_metals,lead,78.11,index_1900=100,jacks2019,observed
1896,real_price_metals,lead,83.56,index_1900=100,jacks2019,observed
1897,real_price_metals,lead,92.87,index_1900=100,jacks2019,observed
1898,real_price_metals,lead,97.47,index_1900=100,jacks2019,observed
1899,real_price_metals,lead,113.1,index_1900=100,jacks2019,observed
1900,real_price_metals,lead,100.0,index_1900=100,jacks2019,observed
1901,real_price_metals,lead,97.89,index_1900=100,jacks2019,observed
1902,real_price_metals,lead,90.9,index_1900=100,jacks2019,observed
1903,real_price_metals,lead,92.59,index_1900=100,jacks2019,observed
1904,real_price_metals,lead,93.03,index_1900=100,jacks2019,observed
1905,real_price_metals,lead,102.85,index_1900=100,jacks2019,observed
1906,real_price_metals,lead,120.91,index_1900=100,jacks2019,observed
1907,real_price_metals,lead,108.78,index_1900=100,jacks2019,observed
1908,real_price_metals,lead,87.7,index_1900=100,jacks2019,observed
1909,real_price_metals,lead,90.18,index_1900=100,jacks2019,observed
1910,real_price_metals,lead,90.0,index_1900=100,jacks2019,observed
1911,real_price_metals,lead,89.39,index_1900=100,jacks2019,observed
1912,real_price_metals,lead,88.58,index_1900=100,jacks2019,observed
1913,real_price_metals,lead,84.79,index_1900=100,jacks2019,observed
1914,real_price_metals,lead,74.2,index_1900=100,jacks2019,observed
1915,real_price_metals,lead,89.31,index_1900=100,jacks2019,observed
1916,real_price_metals,lead,120.1,index_1900=100,jacks2019,observed
1917,real_price_metals,lead,127.71,index_1900=100,jacks2019,observed
1918,real_price_metals,lead,91.65,index_1900=100,jacks2019,observed
1919,real_price_metals,lead,62.02,index_1900=100,jacks2019,observed
1920,real_price_metals,lead,73.99,index_1900=100,jacks2019,observed
1921,real_price_metals,lead,47.24,index_1900=100,jacks2019,observed
1922,real_price_metals,lead,63.64,index_1900=100,jacks2019,observed
1923,real_price_metals,lead,79.33,index_1900=100,jacks2019,observed
1924,real_price_metals,lead,88.23,index_1900=100,jacks2019,observed
1925,real_price_metals,lead,95.84,index_1900=100,jacks2019,observed
1926,real_price_metals,lead,88.61,index_1900=100,jacks2019,observed
1927,real_price_metals,lead,72.49,index_1900=100,jacks2019,observed
1928,real_price_metals,lead,68.51,index_1900=100,jacks2019,observed
1929,real_price_metals,lead,74.27,index_1900=100,jacks2019,observed
1930,real_price_metals,lead,61.57,index_1900=100,jacks2019,observed
1931,real_price_metals,lead,51.86,index_1900=100,jacks2019,observed
1932,real_price_metals,lead,43.36,index_1900=100,jacks2019,observed
1933,real_price_metals,lead,55.62,index_1900=100,jacks2019,observed
1934,real_price_metals,lead,53.84,index_1900=100,jacks2019,observed
1935,real_price_metals,lead,55.08,index_1900=100,jacks2019,observed
1936,real_price_metals,lead,63.3,index_1900=100,jacks2019,observed
1937,real_price_metals,lead,77.96,index_1900=100,jacks2019,observed
1938,real_price_metals,lead,62.66,index_1900=100,jacks2019,observed
1939,real_price_metals,lead,67.72,index_1900=100,jacks2019,observed
1940,real_price_metals,lead,68.77,index_1900=100,jacks2019,observed
1941,real_price_metals,lead,73.22,index_1900=100,jacks2019,observed
1942,real_price_metals,lead,74.05,index_1900=100,jacks2019,observed
1943,real_price_metals,lead,69.99,index_1900=100,jacks2019,observed
1944,real_price_metals,lead,68.8,index_1900=100,jacks2019,observed
1945,real_price_metals,lead,67.27,index_1900=100,jacks2019,observed
1946,real_price_metals,lead,77.31,index_1900=100,jacks2019,observed
1947,real_price_metals,lead,122.32,index_1900=100,jacks2019,observed
1948,real_price_metals,lead,139.55,index_1900=100,jacks2019,observed
1949,real_price_metals,lead,119.97,index_1900=100,jacks2019,observed
1950,real_price_metals,lead,102.88,index_1900=100,jacks2019,observed
1951,real_price_metals,lead,125.47,index_1900=100,jacks2019,observed
1952,real_price_metals,lead,115.55,index_1900=100,jacks2019,observed
1953,real_price_metals,lead,93.94,index_1900=100,jacks2019,observed
1954,real_price_metals,lead,97.36,index_1900=100,jacks2019,observed
1955,real_price_metals,lead,105.31,index_1900=100,jacks2019,observed
1956,real_price_metals,lead,109.72,index_1900=100,jacks2019,observed
1957,real_price_metals,lead,97.01,index_1900=100,jacks2019,observed
1958,real_price_metals,lead,78.0,index_1900=100,jacks2019,observed
1959,real_price_metals,lead,78.0,index_1900=100,jacks2019,observed
1960,real_price_metals,lead,75.15,index_1900=100,jacks2019,observed
1961,real_price_metals,lead,67.67,index_1900=100,jacks2019,observed
1962,real_price_metals,lead,59.28,index_1900=100,jacks2019,observed
1963,real_price_metals,lead,67.77,index_1900=100,jacks2019,observed
1964,real_price_metals,lead,81.64,index_1900=100,jacks2019,observed
1965,real_price_metals,lead,94.44,index_1900=100,jacks2019,observed
1966,real_price_metals,lead,86.77,index_1900=100,jacks2019,observed
1967,real_price_metals,lead,78.08,index_1900=100,jacks2019,observed
1968,real_price_metals,lead,70.71,index_1900=100,jacks2019,observed
1969,real_price_metals,lead,75.69,index_1900=100,jacks2019,observed
1970,real_price_metals,lead,74.91,index_1900=100,jacks2019,observed
1971,real_price_metals,lead,63.46,index_1900=100,jacks2019,observed
1972,real_price_metals,lead,66.9,index_1900=100,jacks2019,observed
1973,real_price_metals,lead,68.26,index_1900=100,jacks2019,observed
1974,real_price_metals,lead,85.07,index_1900=100,jacks2019,observed
1975,real_price_metals,lead,74.49,index_1900=100,jacks2019,observed
1976,real_price_metals,lead,75.57,index_1900=100,jacks2019,observed
1977,real_price_metals,lead,94.35,index_1900=100,jacks2019,observed
1978,real_price_metals,lead,96.11,index_1900=100,jacks2019,observed
1979,real_price_metals,lead,135.14,index_1900=100,jacks2019,observed
1980,real_price_metals,lead,95.94,index_1900=100,jacks2019,observed
1981,real_price_metals,lead,69.68,index_1900=100,jacks2019,observed
1982,real_price_metals,lead,49.37,index_1900=100,jacks2019,observed
1983,real_price_metals,lead,37.28,index_1900=100,jacks2019,observed
1984,real_price_metals,lead,37.13,index_1900=100,jacks2019,observed
1985,real_price_metals,lead,31.69,index_1900=100,jacks2019,observed
1986,real_price_metals,lead,32.31,index_1900=100,jacks2019,observed
1987,real_price_metals,lead,45.82,index_1900=100,jacks2019,observed
1988,real_price_metals,lead,48.37,index_1900=100,jacks2019,observed
1989,real_price_metals,lead,47.35,index_1900=100,jacks2019,observed
1990,real_price_metals,lead,54.07,index_1900=100,jacks2019,observed
1991,real_price_metals,lead,35.75,index_1900=100,jacks2019,observed
1992,real_price_metals,lead,33.82,index_1900=100,jacks2019,observed
1993,real_price_metals,lead,24.61,index_1900=100,jacks2019,observed
1994,real_price_metals,lead,32.32,index_1900=100,jacks2019,observed
1995,real_price_metals,lead,36.05,index_1900=100,jacks2019,observed
1996,real_price_metals,lead,43.07,index_1900=100,jacks2019,observed
1997,real_price_metals,lead,33.89,index_1900=100,jacks2019,observed
1998,real_price_metals,lead,28.22,index_1900=100,jacks2019,observed
1999,real_price_metals,lead,26.29,index_1900=100,jacks2019,observed
2000,real_price_metals,lead,23.02,index_1900=100,jacks2019,observed
2001,real_price_metals,lead,23.48,index_1900=100,jacks2019,observed
2002,real_price_metals,lead,21.94,index_1900=100,jacks2019,observed
2003,real_price_metals,lead,24.39,index_1900=100,jacks2019,observed
2004,real_price_metals,lead,40.76,index_1900=100,jacks2019,observed
2005,real_price_metals,lead,43.55,index_1900=100,jacks2019,observed
2006,real_price_metals,lead,55.79,index_1900=100,jacks2019,observed
2007,real_price_metals,lead,108.58,index_1900=100,jacks2019,observed
2008,real_price_metals,lead,84.87,index_1900=100,jacks2019,observed
2009,real_price_metals,lead,69.96,index_1900=100,jacks2019,observed
2010,real_price_metals,lead,86.0,index_1900=100,jacks2019,observed
2011,real_price_metals,lead,93.16,index_1900=100,jacks2019,observed
2012,real_price_metals,lead,78.46,index_1900=100,jacks2019,observed
2013,real_price_metals,lead,80.18,index_1900=100,jacks2019,observed
2014,real_price_metals,lead,77.27,index_1900=100,jacks2019,observed
2015,real_price_metals,lead,65.85,index_1900=100,jacks2019,observed
2016,real_price_metals,lead,67.89,index_1900=100,jacks2019,observed
2017,real_price_metals,lead,82.43,index_1900=100,jacks2019,observed
2018,real_price_metals,lead,77.89,index_1900=100,jacks2019,observed
2019,real_price_metals,lead,68.17,index_1900=100,jacks2019,observed
2020,real_price_metals,lead,61.55,index_1900=100,jacks2019,observed
2021,real_price_metals,lead,70.89,index_1900=100,jacks2019,observed
2022,real_price_metals,lead,64.21,index_1900=100,jacks2019,observed
2023,real_price_metals,lead,61.2,index_1900=100,jacks2019,observed
2024,real_price_metals,lead,57.59,index_1900=100,jacks2019,observed
2025,real_price_metals,lead,53.21,index_1900=100,jacks2019,observed
1900,real_price_metals,manganese,100.0,index_1900=100,jacks2019,observed
1901,real_price_metals,manganese,111.7,index_1900=100,jacks2019,observed
1902,real_price_metals,manganese,111.43,index_1900=100,jacks2019,observed
1903,real_price_metals,manganese,178.93,index_1900=100,jacks2019,observed
1904,real_price_metals,manganese,97.74,index_1900=100,jacks2019,observed
1905,real_price_metals,manganese,117.23,index_1900=100,jacks2019,observed
1906,real_price_metals,manganese,194.25,index_1900=100,jacks2019,observed
1907,real_price_metals,manganese,178.88,index_1900=100,jacks2019,observed
1908,real_price_metals,manganese,104.66,index_1900=100,jacks2019,observed
1909,real_price_metals,manganese,113.61,index_1900=100,jacks2019,observed
1910,real_price_metals,manganese,114.66,index_1900=100,jacks2019,observed
1911,real_price_metals,manganese,112.07,index_1900=100,jacks2019,observed
1912,real_price_metals,manganese,92.86,index_1900=100,jacks2019,observed
1913,real_price_metals,manganese,102.75,index_1900=100,jacks2019,observed
1914,real_price_metals,manganese,99.45,index_1900=100,jacks2019,observed
1915,real_price_metals,manganese,105.89,index_1900=100,jacks2019,observed
1916,real_price_metals,manganese,164.19,index_1900=100,jacks2019,observed
1917,real_price_metals,manganese,127.97,index_1900=100,jacks2019,observed
1918,real_price_metals,manganese,171.13,index_1900=100,jacks2019,observed
1919,real_price_metals,manganese,163.6,index_1900=100,jacks2019,observed
1920,real_price_metals,manganese,100.2,index_1900=100,jacks2019,observed
1921,real_price_metals,manganese,36.4,index_1900=100,jacks2019,observed
1922,real_price_metals,manganese,68.45,index_1900=100,jacks2019,observed
1923,real_price_metals,manganese,86.85,index_1900=100,jacks2019,observed
1924,real_price_metals,manganese,73.51,index_1900=100,jacks2019,observed
1925,real_price_metals,manganese,80.78,index_1900=100,jacks2019,observed
1926,real_price_metals,manganese,77.42,index_1900=100,jacks2019,observed
1927,real_price_metals,manganese,70.4,index_1900=100,jacks2019,observed
1928,real_price_metals,manganese,76.18,index_1900=100,jacks2019,observed
1929,real_price_metals,manganese,78.88,index_1900=100,jacks2019,observed
1930,real_price_metals,manganese,69.32,index_1900=100,jacks2019,observed
1931,real_price_metals,manganese,60.23,index_1900=100,jacks2019,observed
1932,real_price_metals,manganese,90.44,index_1900=100,jacks2019,observed
1933,real_price_metals,manganese,104.62,index_1900=100,jacks2019,observed
1934,real_price_metals,manganese,76.09,index_1900=100,jacks2019,observed
1935,real_price_metals,manganese,79.31,index_1900=100,jacks2019,observed
1936,real_price_metals,manganese,69.02,index_1900=100,jacks2019,observed
1937,real_price_metals,manganese,67.09,index_1900=100,jacks2019,observed
1938,real_price_metals,manganese,88.31,index_1900=100,jacks2019,observed
1939,real_price_metals,manganese,89.49,index_1900=100,jacks2019,observed
1940,real_price_metals,manganese,79.1,index_1900=100,jacks2019,observed
1941,real_price_metals,manganese,81.76,index_1900=100,jacks2019,observed
1942,real_price_metals,manganese,74.51,index_1900=100,jacks2019,observed
1943,real_price_metals,manganese,72.49,index_1900=100,jacks2019,observed
1944,real_price_metals,manganese,87.25,index_1900=100,jacks2019,observed
1945,real_price_metals,manganese,96.21,index_1900=100,jacks2019,observed
1946,real_price_metals,manganese,88.39,index_1900=100,jacks2019,observed
1947,real_price_metals,manganese,80.8,index_1900=100,jacks2019,observed
1948,real_price_metals,manganese,77.96,index_1900=100,jacks2019,observed
1949,real_price_metals,manganese,85.62,index_1900=100,jacks2019,observed
1950,real_price_metals,manganese,103.03,index_1900=100,jacks2019,observed
1951,real_price_metals,manganese,99.26,index_1900=100,jacks2019,observed
1952,real_price_metals,manganese,111.75,index_1900=100,jacks2019,observed
1953,real_price_metals,manganese,126.91,index_1900=100,jacks2019,observed
1954,real_price_metals,manganese,116.27,index_1900=100,jacks2019,observed
1955,real_price_metals,manganese,107.5,index_1900=100,jacks2019,observed
1956,real_price_metals,manganese,123.74,index_1900=100,jacks2019,observed
1957,real_price_metals,manganese,151.49,index_1900=100,jacks2019,observed
1958,real_price_metals,manganese,131.87,index_1900=100,jacks2019,observed
1959,real_price_metals,manganese,123.01,index_1900=100,jacks2019,observed
1960,real_price_metals,manganese,112.75,index_1900=100,jacks2019,observed
1961,real_price_metals,manganese,121.27,index_1900=100,jacks2019,observed
1962,real_price_metals,manganese,102.15,index_1900=100,jacks2019,observed
1963,real_price_metals,manganese,86.11,index_1900=100,jacks2019,observed
1964,real_price_metals,manganese,89.32,index_1900=100,jacks2019,observed
1965,real_price_metals,manganese,85.64,index_1900=100,jacks2019,observed
1966,real_price_metals,manganese,87.28,index_1900=100,jacks2019,observed
1967,real_price_metals,manganese,83.31,index_1900=100,jacks2019,observed
1968,real_price_metals,manganese,71.88,index_1900=100,jacks2019,observed
1969,real_price_metals,manganese,61.89,index_1900=100,jacks2019,observed
1970,real_price_metals,manganese,61.14,index_1900=100,jacks2019,observed
1971,real_price_metals,manganese,63.24,index_1900=100,jacks2019,observed
1972,real_price_metals,manganese,72.97,index_1900=100,jacks2019,observed
1973,real_price_metals,manganese,77.02,index_1900=100,jacks2019,observed
1974,real_price_metals,manganese,113.86,index_1900=100,jacks2019,observed
1975,real_price_metals,manganese,137.87,index_1900=100,jacks2019,observed
1976,real_price_metals,manganese,151.98,index_1900=100,jacks2019,observed
1977,real_price_metals,manganese,155.66,index_1900=100,jacks2019,observed
1978,real_price_metals,manganese,155.12,index_1900=100,jacks2019,observed
1979,real_price_metals,manganese,154.16,index_1900=100,jacks2019,observed
1980,real_price_metals,manganese,150.9,index_1900=100,jacks2019,observed
1981,real_price_metals,manganese,139.43,index_1900=100,jacks2019,observed
1982,real_price_metals,manganese,161.76,index_1900=100,jacks2019,observed
1983,real_price_metals,manganese,128.15,index_1900=100,jacks2019,observed
1984,real_price_metals,manganese,136.42,index_1900=100,jacks2019,observed
1985,real_price_metals,manganese,128.54,index_1900=100,jacks2019,observed
1986,real_price_metals,manganese,120.09,index_1900=100,jacks2019,observed
1987,real_price_metals,manganese,121.76,index_1900=100,jacks2019,observed
1988,real_price_metals,manganese,144.51,index_1900=100,jacks2019,observed
1989,real_price_metals,manganese,171.97,index_1900=100,jacks2019,observed
1990,real_price_metals,manganese,184.92,index_1900=100,jacks2019,observed
1991,real_price_metals,manganese,208.18,index_1900=100,jacks2019,observed
1992,real_price_metals,manganese,163.84,index_1900=100,jacks2019,observed
1993,real_price_metals,manganese,147.11,index_1900=100,jacks2019,observed
1994,real_price_metals,manganese,142.73,index_1900=100,jacks2019,observed
1995,real_price_metals,manganese,138.1,index_1900=100,jacks2019,observed
1996,real_price_metals,manganese,145.56,index_1900=100,jacks2019,observed
1997,real_price_metals,manganese,139.01,index_1900=100,jacks2019,observed
1998,real_price_metals,manganese,127.4,index_1900=100,jacks2019,observed
1999,real_price_metals,manganese,112.83,index_1900=100,jacks2019,observed
2000,real_price_metals,manganese,118.75,index_1900=100,jacks2019,observed
2001,real_price_metals,manganese,104.95,index_1900=100,jacks2019,observed
2002,real_price_metals,manganese,91.99,index_1900=100,jacks2019,observed
2003,real_price_metals,manganese,114.38,index_1900=100,jacks2019,observed
2004,real_price_metals,manganese,202.74,index_1900=100,jacks2019,observed
2005,real_price_metals,manganese,128.09,index_1900=100,jacks2019,observed
2006,real_price_metals,manganese,113.44,index_1900=100,jacks2019,observed
2007,real_price_metals,manganese,255.65,index_1900=100,jacks2019,observed
2008,real_price_metals,manganese,351.27,index_1900=100,jacks2019,observed
2009,real_price_metals,manganese,183.95,index_1900=100,jacks2019,observed
2010,real_price_metals,manganese,209.0,index_1900=100,jacks2019,observed
2011,real_price_metals,manganese,255.47,index_1900=100,jacks2019,observed
2012,real_price_metals,manganese,212.17,index_1900=100,jacks2019,observed
2013,real_price_metals,manganese,165.16,index_1900=100,jacks2019,observed
2014,real_price_metals,manganese,159.73,index_1900=100,jacks2019,observed
2015,real_price_metals,manganese,149.09,index_1900=100,jacks2019,observed
2016,real_price_metals,manganese,114.21,index_1900=100,jacks2019,observed
2017,real_price_metals,manganese,124.63,index_1900=100,jacks2019,observed
2018,real_price_metals,manganese,135.47,index_1900=100,jacks2019,observed
2019,real_price_metals,manganese,138.19,index_1900=100,jacks2019,observed
2020,real_price_metals,manganese,141.24,index_1900=100,jacks2019,observed
2021,real_price_metals,manganese,197.92,index_1900=100,jacks2019,observed
2022,real_price_metals,manganese,172.98,index_1900=100,jacks2019,observed
2023,real_price_metals,manganese,161.56,index_1900=100,jacks2019,observed
2024,real_price_metals,manganese,153.94,index_1900=100,jacks2019,observed
2025,real_price_metals,manganese,153.14,index_1900=100,jacks2019,observed
1850,real_price_metals,nickel,397.66,index_1900=100,jacks2019,observed
1851,real_price_metals,nickel,406.25,index_1900=100,jacks2019,observed
1852,real_price_metals,nickel,401.91,index_1900=100,jacks2019,observed
1853,real_price_metals,nickel,354.01,index_1900=100,jacks2019,observed
1854,real_price_metals,nickel,325.74,index_1900=100,jacks2019,observed
1855,real_price_metals,nickel,292.22,index_1900=100,jacks2019,observed
1856,real_price_metals,nickel,297.9,index_1900=100,jacks2019,observed
1857,real_price_metals,nickel,267.33,index_1900=100,jacks2019,observed
1858,real_price_metals,nickel,234.55,index_1900=100,jacks2019,observed
1859,real_price_metals,nickel,232.22,index_1900=100,jacks2019,observed
1860,real_price_metals,nickel,232.22,index_1900=100,jacks2019,observed
1861,real_price_metals,nickel,219.17,index_1900=100,jacks2019,observed
1862,real_price_metals,nickel,172.77,index_1900=100,jacks2019,observed
1863,real_price_metals,nickel,211.47,index_1900=100,jacks2019,observed
1864,real_price_metals,nickel,234.52,index_1900=100,jacks2019,observed
1865,real_price_metals,nickel,165.95,index_1900=100,jacks2019,observed
1866,real_price_metals,nickel,157.09,index_1900=100,jacks2019,observed
1867,real_price_metals,nickel,165.33,index_1900=100,jacks2019,observed
1868,real_price_metals,nickel,129.03,index_1900=100,jacks2019,observed
1869,real_price_metals,nickel,164.12,index_1900=100,jacks2019,observed
1870,real_price_metals,nickel,157.82,index_1900=100,jacks2019,observed
1871,real_price_metals,nickel,173.89,index_1900=100,jacks2019,observed
1872,real_price_metals,nickel,296.4,index_1900=100,jacks2019,observed
1873,real_price_metals,nickel,516.32,index_1900=100,jacks2019,observed
1874,real_price_metals,nickel,437.97,index_1900=100,jacks2019,observed
1875,real_price_metals,nickel,433.91,index_1900=100,jacks2019,observed
1876,real_price_metals,nickel,378.3,index_1900=100,jacks2019,observed
1877,real_price_metals,nickel,245.87,index_1900=100,jacks2019,observed
1878,real_price_metals,nickel,153.23,index_1900=100,jacks2019,observed
1879,real_price_metals,nickel,143.55,index_1900=100,jacks2019,observed
1880,real_price_metals,nickel,149.52,index_1900=100,jacks2019,observed
1881,real_price_metals,nickel,143.22,index_1900=100,jacks2019,observed
1882,real_price_metals,nickel,155.82,index_1900=100,jacks2019,observed
1883,real_price_metals,nickel,178.3,index_1900=100,jacks2019,observed
1884,real_price_metals,nickel,114.81,index_1900=100,jacks2019,observed
1885,real_price_metals,nickel,108.78,index_1900=100,jacks2019,observed
1886,real_price_metals,nickel,82.09,index_1900=100,jacks2019,observed
1887,real_price_metals,nickel,104.88,index_1900=100,jacks2019,observed
1888,real_price_metals,nickel,98.12,index_1900=100,jacks2019,observed
1889,real_price_metals,nickel,113.66,index_1900=100,jacks2019,observed
1890,real_price_metals,nickel,114.95,index_1900=100,jacks2019,observed
1891,real_price_metals,nickel,97.26,index_1900=100,jacks2019,observed
1892,real_price_metals,nickel,132.63,index_1900=100,jacks2019,observed
1893,real_price_metals,nickel,93.01,index_1900=100,jacks2019,observed
1894,real_price_metals,nickel,106.6,index_1900=100,jacks2019,observed
1895,real_price_metals,nickel,57.48,index_1900=100,jacks2019,observed
1896,real_price_metals,nickel,63.23,index_1900=100,jacks2019,observed
1897,real_price_metals,nickel,64.02,index_1900=100,jacks2019,observed
1898,real_price_metals,nickel,64.02,index_1900=100,jacks2019,observed
1899,real_price_metals,nickel,62.08,index_1900=100,jacks2019,observed
1900,real_price_metals,nickel,100.0,index_1900=100,jacks2019,observed
1901,real_price_metals,nickel,111.36,index_1900=100,jacks2019,observed
1902,real_price_metals,nickel,88.02,index_1900=100,jacks2019,observed
1903,real_price_metals,nickel,76.52,index_1900=100,jacks2019,observed
1904,real_price_metals,nickel,75.63,index_1900=100,jacks2019,observed
1905,real_price_metals,nickel,76.52,index_1900=100,jacks2019,observed
1906,real_price_metals,nickel,74.85,index_1900=100,jacks2019,observed
1907,real_price_metals,nickel,80.58,index_1900=100,jacks2019,observed
1908,real_price_metals,nickel,82.3,index_1900=100,jacks2019,observed
1909,real_price_metals,nickel,74.0,index_1900=100,jacks2019,observed
1910,real_price_metals,nickel,70.87,index_1900=100,jacks2019,observed
1911,real_price_metals,nickel,70.87,index_1900=100,jacks2019,observed
1912,real_price_metals,nickel,69.43,index_1900=100,jacks2019,observed
1913,real_price_metals,nickel,71.38,index_1900=100,jacks2019,observed
1914,real_price_metals,nickel,69.04,index_1900=100,jacks2019,observed
1915,real_price_metals,nickel,68.68,index_1900=100,jacks2019,observed
1916,real_price_metals,nickel,64.4,index_1900=100,jacks2019,observed
1917,real_price_metals,nickel,53.45,index_1900=100,jacks2019,observed
1918,real_price_metals,nickel,44.42,index_1900=100,jacks2019,observed
1919,real_price_metals,nickel,37.73,index_1900=100,jacks2019,observed
1920,real_price_metals,nickel,34.19,index_1900=100,jacks2019,observed
1921,real_price_metals,nickel,38.28,index_1900=100,jacks2019,observed
1922,real_price_metals,nickel,36.98,index_1900=100,jacks2019,observed
1923,real_price_metals,nickel,34.42,index_1900=100,jacks2019,observed
1924,real_price_metals,nickel,28.6,index_1900=100,jacks2019,observed
1925,real_price_metals,nickel,30.73,index_1900=100,jacks2019,observed
1926,real_price_metals,nickel,33.2,index_1900=100,jacks2019,observed
1927,real_price_metals,nickel,32.89,index_1900=100,jacks2019,observed
1928,real_price_metals,nickel,35.25,index_1900=100,jacks2019,observed
1929,real_price_metals,nickel,33.35,index_1900=100,jacks2019,observed
1930,real_price_metals,nickel,34.21,index_1900=100,jacks2019,observed
1931,real_price_metals,nickel,37.51,index_1900=100,jacks2019,observed
1932,real_price_metals,nickel,41.82,index_1900=100,jacks2019,observed
1933,real_price_metals,nickel,44.08,index_1900=100,jacks2019,observed
1934,real_price_metals,nickel,42.66,index_1900=100,jacks2019,observed
1935,real_price_metals,nickel,41.61,index_1900=100,jacks2019,observed
1936,real_price_metals,nickel,41.22,index_1900=100,jacks2019,observed
1937,real_price_metals,nickel,39.78,index_1900=100,jacks2019,observed
1938,real_price_metals,nickel,40.55,index_1900=100,jacks2019,observed
1939,real_price_metals,nickel,41.13,index_1900=100,jacks2019,observed
1940,real_price_metals,nickel,40.72,index_1900=100,jacks2019,observed
1941,real_price_metals,nickel,38.78,index_1900=100,jacks2019,observed
1942,real_price_metals,nickel,32.01,index_1900=100,jacks2019,observed
1943,real_price_metals,nickel,30.16,index_1900=100,jacks2019,observed
1944,real_price_metals,nickel,29.64,index_1900=100,jacks2019,observed
1945,real_price_metals,nickel,28.98,index_1900=100,jacks2019,observed
1946,real_price_metals,nickel,29.24,index_1900=100,jacks2019,observed
1947,real_price_metals,nickel,25.57,index_1900=100,jacks2019,observed
1948,real_price_metals,nickel,24.4,index_1900=100,jacks2019,observed
1949,real_price_metals,nickel,27.37,index_1900=100,jacks2019,observed
1950,real_price_metals,nickel,30.49,index_1900=100,jacks2019,observed
1951,real_price_metals,nickel,33.9,index_1900=100,jacks2019,observed
1952,real_price_metals,nickel,35.12,index_1900=100,jacks2019,observed
1953,real_price_metals,nickel,36.52,index_1900=100,jacks2019,observed
1954,real_price_metals,nickel,37.17,index_1900=100,jacks2019,observed
1955,real_price_metals,nickel,40.34,index_1900=100,jacks2019,observed
1956,real_price_metals,nickel,38.93,index_1900=100,jacks2019,observed
1957,real_price_metals,nickel,42.85,index_1900=100,jacks2019,observed
1958,real_price_metals,nickel,41.71,index_1900=100,jacks2019,observed
1959,real_price_metals,nickel,41.36,index_1900=100,jacks2019,observed
1960,real_price_metals,nickel,40.72,index_1900=100,jacks2019,observed
1961,real_price_metals,nickel,42.54,index_1900=100,jacks2019,observed
1962,real_price_metals,nickel,43.04,index_1900=100,jacks2019,observed
1963,real_price_metals,nickel,42.05,index_1900=100,jacks2019,observed
1964,real_price_metals,nickel,41.5,index_1900=100,jacks2019,observed
1965,real_price_metals,nickel,40.8,index_1900=100,jacks2019,observed
1966,real_price_metals,nickel,39.67,index_1900=100,jacks2019,observed
1967,real_price_metals,nickel,42.98,index_1900=100,jacks2019,observed
1968,real_price_metals,nickel,44.44,index_1900=100,jacks2019,observed
1969,real_price_metals,nickel,46.82,index_1900=100,jacks2019,observed
1970,real_price_metals,nickel,54.11,index_1900=100,jacks2019,observed
1971,real_price_metals,nickel,53.52,index_1900=100,jacks2019,observed
1972,real_price_metals,nickel,54.64,index_1900=100,jacks2019,observed
1973,real_price_metals,nickel,56.1,index_1900=100,jacks2019,observed
1974,real_price_metals,nickel,57.6,index_1900=100,jacks2019,observed
1975,real_price_metals,nickel,62.67,index_1900=100,jacks2019,observed
1976,real_price_metals,nickel,64.46,index_1900=100,jacks2019,observed
1977,real_price_metals,nickel,61.05,index_1900=100,jacks2019,observed
1978,real_price_metals,nickel,51.06,index_1900=100,jacks2019,observed
1979,real_price_metals,nickel,59.75,index_1900=100,jacks2019,observed
1980,real_price_metals,nickel,55.96,index_1900=100,jacks2019,observed
1981,real_price_metals,nickel,46.3,index_1900=100,jacks2019,observed
1982,real_price_metals,nickel,35.45,index_1900=100,jacks2019,observed
1983,real_price_metals,nickel,33.18,index_1900=100,jacks2019,observed
1984,real_price_metals,nickel,32.35,index_1900=100,jacks2019,observed
1985,real_price_metals,nickel,32.2,index_1900=100,jacks2019,observed
1986,real_price_metals,nickel,25.09,index_1900=100,jacks2019,observed
1987,real_price_metals,nickel,30.33,index_1900=100,jacks2019,observed
1988,real_price_metals,nickel,82.37,index_1900=100,jacks2019,observed
1989,real_price_metals,nickel,75.93,index_1900=100,jacks2019,observed
1990,real_price_metals,nickel,47.96,index_1900=100,jacks2019,observed
1991,real_price_metals,nickel,42.39,index_1900=100,jacks2019,observed
1992,real_price_metals,nickel,35.36,index_1900=100,jacks2019,observed
1993,real_price_metals,nickel,25.98,index_1900=100,jacks2019,observed
1994,real_price_metals,nickel,30.22,index_1900=100,jacks2019,observed
1995,real_price_metals,nickel,38.16,index_1900=100,jacks2019,observed
1996,real_price_metals,nickel,33.82,index_1900=100,jacks2019,observed
1997,real_price_metals,nickel,30.51,index_1900=100,jacks2019,observed
1998,real_price_metals,nickel,20.06,index_1900=100,jacks2019,observed
1999,real_price_metals,nickel,25.48,index_1900=100,jacks2019,observed
2000,real_price_metals,nickel,35.45,index_1900=100,jacks2019,observed
2001,real_price_metals,nickel,23.84,index_1900=100,jacks2019,observed
2002,real_price_metals,nickel,26.67,index_1900=100,jacks2019,observed
2003,real_price_metals,nickel,37.02,index_1900=100,jacks2019,observed
2004,real_price_metals,nickel,51.75,index_1900=100,jacks2019,observed
2005,real_price_metals,nickel,53.51,index_1900=100,jacks2019,observed
2006,real_price_metals,nickel,84.63,index_1900=100,jacks2019,observed
2007,real_price_metals,nickel,126.67,index_1900=100,jacks2019,observed
2008,real_price_metals,nickel,69.45,index_1900=100,jacks2019,observed
2009,real_price_metals,nickel,48.37,index_1900=100,jacks2019,observed
2010,real_price_metals,nickel,70.74,index_1900=100,jacks2019,observed
2011,real_price_metals,nickel,72.03,index_1900=100,jacks2019,observed
2012,real_price_metals,nickel,54.04,index_1900=100,jacks2019,observed
2013,real_price_metals,nickel,45.63,index_1900=100,jacks2019,observed
2014,real_price_metals,nickel,50.47,index_1900=100,jacks2019,observed
2015,real_price_metals,nickel,35.4,index_1900=100,jacks2019,observed
2016,real_price_metals,nickel,28.27,index_1900=100,jacks2019,observed
2017,real_price_metals,nickel,30.03,index_1900=100,jacks2019,observed
2018,real_price_metals,nickel,36.94,index_1900=100,jacks2019,observed
2019,real_price_metals,nickel,38.49,index_1900=100,jacks2019,observed
2020,real_price_metals,nickel,37.68,index_1900=100,jacks2019,observed
2021,real_price_metals,nickel,48.2,index_1900=100,jacks2019,observed
2022,real_price_metals,nickel,62.51,index_1900=100,jacks2019,observed
2023,real_price_metals,nickel,49.97,index_1900=100,jacks2019,observed
2024,real_price_metals,nickel,37.91,index_1900=100,jacks2019,observed
2025,real_price_metals,nickel,33.31,index_1900=100,jacks2019,observed
1850,real_price_metals,steel,58.31,index_1900=100,jacks2019,observed
1851,real_price_metals,steel,60.08,index_1900=100,jacks2019,observed
1852,real_price_metals,steel,62.09,index_1900=100,jacks2019,observed
1853,real_price_metals,steel,67.44,index_1900=100,jacks2019,observed
1854,real_price_metals,steel,63.7,index_1900=100,jacks2019,observed
1855,real_price_metals,steel,44.28,index_1900=100,jacks2019,observed
1856,real_price_metals,steel,43.51,index_1900=100,jacks2019,observed
1857,real_price_metals,steel,42.27,index_1900=100,jacks2019,observed
1858,real_price_metals,steel,44.82,index_1900=100,jacks2019,observed
1859,real_price_metals,steel,44.37,index_1900=100,jacks2019,observed
1860,real_price_metals,steel,44.37,index_1900=100,jacks2019,observed
1861,real_price_metals,steel,43.26,index_1900=100,jacks2019,observed
1862,real_price_metals,steel,43.07,index_1900=100,jacks2019,observed
1863,real_price_metals,steel,53.0,index_1900=100,jacks2019,observed
1864,real_price_metals,steel,53.89,index_1900=100,jacks2019,observed
1865,real_price_metals,steel,45.86,index_1900=100,jacks2019,observed
1866,real_price_metals,steel,52.29,index_1900=100,jacks2019,observed
1867,real_price_metals,steel,56.12,index_1900=100,jacks2019,observed
1868,real_price_metals,steel,52.65,index_1900=100,jacks2019,observed
1869,real_price_metals,steel,51.42,index_1900=100,jacks2019,observed
1870,real_price_metals,steel,50.28,index_1900=100,jacks2019,observed
1871,real_price_metals,steel,48.56,index_1900=100,jacks2019,observed
1872,real_price_metals,steel,48.3,index_1900=100,jacks2019,observed
1873,real_price_metals,steel,52.4,index_1900=100,jacks2019,observed
1874,real_price_metals,steel,53.71,index_1900=100,jacks2019,observed
1875,real_price_metals,steel,53.75,index_1900=100,jacks2019,observed
1876,real_price_metals,steel,55.05,index_1900=100,jacks2019,observed
1877,real_price_metals,steel,56.35,index_1900=100,jacks2019,observed
1878,real_price_metals,steel,59.14,index_1900=100,jacks2019,observed
1879,real_price_metals,steel,56.83,index_1900=100,jacks2019,observed
1880,real_price_metals,steel,50.05,index_1900=100,jacks2019,observed
1881,real_price_metals,steel,50.5,index_1900=100,jacks2019,observed
1882,real_price_metals,steel,50.5,index_1900=100,jacks2019,observed
1883,real_price_metals,steel,51.54,index_1900=100,jacks2019,observed
1884,real_price_metals,steel,52.63,index_1900=100,jacks2019,observed
1885,real_price_metals,steel,53.14,index_1900=100,jacks2019,observed
1886,real_price_metals,steel,58.96,index_1900=100,jacks2019,observed
1887,real_price_metals,steel,59.62,index_1900=100,jacks2019,observed
1888,real_price_metals,steel,63.98,index_1900=100,jacks2019,observed
1889,real_price_metals,steel,66.13,index_1900=100,jacks2019,observed
1890,real_price_metals,steel,66.88,index_1900=100,jacks2019,observed
1891,real_price_metals,steel,66.88,index_1900=100,jacks2019,observed
1892,real_price_metals,steel,62.81,index_1900=100,jacks2019,observed
1893,real_price_metals,steel,63.53,index_1900=100,jacks2019,observed
1894,real_price_metals,steel,66.42,index_1900=100,jacks2019,observed
1895,real_price_metals,steel,68.05,index_1900=100,jacks2019,observed
1896,real_price_metals,steel,68.05,index_1900=100,jacks2019,observed
1897,real_price_metals,steel,62.26,index_1900=100,jacks2019,observed
1898,real_price_metals,steel,59.74,index_1900=100,jacks2019,observed
1899,real_price_metals,steel,122.62,index_1900=100,jacks2019,observed
1900,real_price_metals,steel,100.0,index_1900=100,jacks2019,observed
1901,real_price_metals,steel,88.36,index_1900=100,jacks2019,observed
1902,real_price_metals,steel,95.78,index_1900=100,jacks2019,observed
1903,real_price_metals,steel,92.46,index_1900=100,jacks2019,observed
1904,real_price_metals,steel,77.92,index_1900=100,jacks2019,observed
1905,real_price_metals,steel,87.72,index_1900=100,jacks2019,observed
1906,real_price_metals,steel,87.55,index_1900=100,jacks2019,observed
1907,real_price_metals,steel,88.8,index_1900=100,jacks2019,observed
1908,real_price_metals,steel,83.89,index_1900=100,jacks2019,observed
1909,real_price_metals,steel,75.09,index_1900=100,jacks2019,observed
1910,real_price_metals,steel,78.5,index_1900=100,jacks2019,observed
1911,real_price_metals,steel,69.17,index_1900=100,jacks2019,observed
1912,real_price_metals,steel,67.23,index_1900=100,jacks2019,observed
1913,real_price_metals,steel,72.68,index_1900=100,jacks2019,observed
1914,real_price_metals,steel,60.0,index_1900=100,jacks2019,observed
1915,real_price_metals,steel,68.0,index_1900=100,jacks2019,observed
1916,real_price_metals,steel,117.84,index_1900=100,jacks2019,observed
1917,real_price_metals,steel,137.64,index_1900=100,jacks2019,observed
1918,real_price_metals,steel,97.02,index_1900=100,jacks2019,observed
1919,real_price_metals,steel,71.02,index_1900=100,jacks2019,observed
1920,real_price_metals,steel,75.43,index_1900=100,jacks2019,observed
1921,real_price_metals,steel,53.38,index_1900=100,jacks2019,observed
1922,real_price_metals,steel,51.25,index_1900=100,jacks2019,observed
1923,real_price_metals,steel,69.01,index_1900=100,jacks2019,observed
1924,real_price_metals,steel,65.05,index_1900=100,jacks2019,observed
1925,real_price_metals,steel,58.84,index_1900=100,jacks2019,observed
1926,real_price_metals,steel,56.84,index_1900=100,jacks2019,observed
1927,real_price_metals,steel,53.56,index_1900=100,jacks2019,observed
1928,real_price_metals,steel,55.19,index_1900=100,jacks2019,observed
1929,real_price_metals,steel,56.67,index_1900=100,jacks2019,observed
1930,real_price_metals,steel,52.38,index_1900=100,jacks2019,observed
1931,real_price_metals,steel,54.11,index_1900=100,jacks2019,observed
1932,real_price_metals,steel,58.48,index_1900=100,jacks2019,observed
1933,real_price_metals,steel,63.98,index_1900=100,jacks2019,observed
1934,real_price_metals,steel,68.34,index_1900=100,jacks2019,observed
1935,real_price_metals,steel,66.28,index_1900=100,jacks2019,observed
1936,real_price_metals,steel,70.04,index_1900=100,jacks2019,observed
1937,real_price_metals,steel,84.5,index_1900=100,jacks2019,observed
1938,real_price_metals,steel,84.32,index_1900=100,jacks2019,observed
1939,real_price_metals,steel,79.72,index_1900=100,jacks2019,observed
1940,real_price_metals,steel,77.48,index_1900=100,jacks2019,observed
1941,real_price_metals,steel,73.8,index_1900=100,jacks2019,observed
1942,real_price_metals,steel,66.69,index_1900=100,jacks2019,observed
1943,real_price_metals,steel,62.83,index_1900=100,jacks2019,observed
1944,real_price_metals,steel,61.76,index_1900=100,jacks2019,observed
1945,real_price_metals,steel,62.08,index_1900=100,jacks2019,observed
1946,real_price_metals,steel,63.91,index_1900=100,jacks2019,observed
1947,real_price_metals,steel,61.56,index_1900=100,jacks2019,observed
1948,real_price_metals,steel,64.88,index_1900=100,jacks2019,observed
1949,real_price_metals,steel,71.02,index_1900=100,jacks2019,observed
1950,real_price_metals,steel,72.86,index_1900=100,jacks2019,observed
1951,real_price_metals,steel,72.0,index_1900=100,jacks2019,observed
1952,real_price_metals,steel,71.98,index_1900=100,jacks2019,observed
1953,real_price_metals,steel,76.55,index_1900=100,jacks2019,observed
1954,real_price_metals,steel,79.37,index_1900=100,jacks2019,observed
1955,real_price_metals,steel,84.39,index_1900=100,jacks2019,observed
1956,real_price_metals,steel,89.47,index_1900=100,jacks2019,observed
1957,real_price_metals,steel,94.29,index_1900=100,jacks2019,observed
1958,real_price_metals,steel,93.53,index_1900=100,jacks2019,observed
1959,real_price_metals,steel,98.48,index_1900=100,jacks2019,observed
1960,real_price_metals,steel,96.95,index_1900=100,jacks2019,observed
1961,real_price_metals,steel,95.98,index_1900=100,jacks2019,observed
1962,real_price_metals,steel,94.9,index_1900=100,jacks2019,observed
1963,real_price_metals,steel,94.78,index_1900=100,jacks2019,observed
1964,real_price_metals,steel,96.62,index_1900=100,jacks2019,observed
1965,real_price_metals,steel,95.0,index_1900=100,jacks2019,observed
1966,real_price_metals,steel,91.74,index_1900=100,jacks2019,observed
1967,real_price_metals,steel,89.61,index_1900=100,jacks2019,observed
1968,real_price_metals,steel,89.2,index_1900=100,jacks2019,observed
1969,real_price_metals,steel,90.45,index_1900=100,jacks2019,observed
1970,real_price_metals,steel,90.86,index_1900=100,jacks2019,observed
1971,real_price_metals,steel,98.47,index_1900=100,jacks2019,observed
1972,real_price_metals,steel,86.14,index_1900=100,jacks2019,observed
1973,real_price_metals,steel,95.32,index_1900=100,jacks2019,observed
1974,real_price_metals,steel,110.49,index_1900=100,jacks2019,observed
1975,real_price_metals,steel,107.33,index_1900=100,jacks2019,observed
1976,real_price_metals,steel,100.51,index_1900=100,jacks2019,observed
1977,real_price_metals,steel,105.77,index_1900=100,jacks2019,observed
1978,real_price_metals,steel,108.61,index_1900=100,jacks2019,observed
1979,real_price_metals,steel,97.61,index_1900=100,jacks2019,observed
1980,real_price_metals,steel,99.42,index_1900=100,jacks2019,observed
1981,real_price_metals,steel,94.25,index_1900=100,jacks2019,observed
1982,real_price_metals,steel,90.27,index_1900=100,jacks2019,observed
1983,real_price_metals,steel,102.79,index_1900=100,jacks2019,observed
1984,real_price_metals,steel,107.44,index_1900=100,jacks2019,observed
1985,real_price_metals,steel,113.24,index_1900=100,jacks2019,observed
1986,real_price_metals,steel,111.17,index_1900=100,jacks2019,observed
1987,real_price_metals,steel,76.19,index_1900=100,jacks2019,observed
1988,real_price_metals,steel,73.72,index_1900=100,jacks2019,observed
1989,real_price_metals,steel,79.92,index_1900=100,jacks2019,observed
1990,real_price_metals,steel,79.03,index_1900=100,jacks2019,observed
1991,real_price_metals,steel,76.47,index_1900=100,jacks2019,observed
1992,real_price_metals,steel,62.99,index_1900=100,jacks2019,observed
1993,real_price_metals,steel,64.52,index_1900=100,jacks2019,observed
1994,real_price_metals,steel,64.65,index_1900=100,jacks2019,observed
1995,real_price_metals,steel,62.87,index_1900=100,jacks2019,observed
1996,real_price_metals,steel,61.06,index_1900=100,jacks2019,observed
1997,real_price_metals,steel,62.21,index_1900=100,jacks2019,observed
1998,real_price_metals,steel,58.16,index_1900=100,jacks2019,observed
1999,real_price_metals,steel,49.6,index_1900=100,jacks2019,observed
2000,real_price_metals,steel,58.34,index_1900=100,jacks2019,observed
2001,real_price_metals,steel,41.52,index_1900=100,jacks2019,observed
2002,real_price_metals,steel,46.56,index_1900=100,jacks2019,observed
2003,real_price_metals,steel,59.1,index_1900=100,jacks2019,observed
2004,real_price_metals,steel,90.33,index_1900=100,jacks2019,observed
2005,real_price_metals,steel,110.12,index_1900=100,jacks2019,observed
2006,real_price_metals,steel,101.06,index_1900=100,jacks2019,observed
2007,real_price_metals,steel,90.08,index_1900=100,jacks2019,observed
2008,real_price_metals,steel,139.32,index_1900=100,jacks2019,observed
2009,real_price_metals,steel,108.16,index_1900=100,jacks2019,observed
2010,real_price_metals,steel,111.44,index_1900=100,jacks2019,observed
2011,real_price_metals,steel,119.51,index_1900=100,jacks2019,observed
2012,real_price_metals,steel,112.0,index_1900=100,jacks2019,observed
2013,real_price_metals,steel,103.36,index_1900=100,jacks2019,observed
2014,real_price_metals,steel,105.28,index_1900=100,jacks2019,observed
2015,real_price_metals,steel,94.15,index_1900=100,jacks2019,observed
2016,real_price_metals,steel,82.61,index_1900=100,jacks2019,observed
2017,real_price_metals,steel,87.85,index_1900=100,jacks2019,observed
2018,real_price_metals,steel,98.78,index_1900=100,jacks2019,observed
2019,real_price_metals,steel,96.71,index_1900=100,jacks2019,observed
2020,real_price_metals,steel,87.06,index_1900=100,jacks2019,observed
2021,real_price_metals,steel,114.62,index_1900=100,jacks2019,observed
2022,real_price_metals,steel,132.94,index_1900=100,jacks2019,observed
2023,real_price_metals,steel,116.25,index_1900=100,jacks2019,observed
2024,real_price_metals,steel,105.66,index_1900=100,jacks2019,observed
2025,real_price_metals,steel,100.44,index_1900=100,jacks2019,observed
1850,real_price_metals,tin,61.75,index_1900=100,jacks2019,observed
1851,real_price_metals,tin,66.32,index_1900=100,jacks2019,observed
1852,real_price_metals,tin,68.01,index_1900=100,jacks2019,observed
1853,real_price_metals,tin,90.42,index_1900=100,jacks2019,observed
1854,real_price_metals,tin,85.41,index_1900=100,jacks2019,observed
1855,real_price_metals,tin,82.25,index_1900=100,jacks2019,observed
1856,real_price_metals,tin,96.97,index_1900=100,jacks2019,observed
1857,real_price_metals,tin,94.93,index_1900=100,jacks2019,observed
1858,real_price_metals,tin,87.87,index_1900=100,jacks2019,observed
1859,real_price_metals,tin,99.64,index_1900=100,jacks2019,observed
1860,real_price_metals,tin,97.41,index_1900=100,jacks2019,observed
1861,real_price_metals,tin,83.51,index_1900=100,jacks2019,observed
1862,real_price_metals,tin,71.3,index_1900=100,jacks2019,observed
1863,real_price_metals,tin,59.1,index_1900=100,jacks2019,observed
1864,real_price_metals,tin,40.93,index_1900=100,jacks2019,observed
1865,real_price_metals,tin,34.54,index_1900=100,jacks2019,observed
1866,real_price_metals,tin,31.93,index_1900=100,jacks2019,observed
1867,real_price_metals,tin,36.36,index_1900=100,jacks2019,observed
1868,real_price_metals,tin,41.32,index_1900=100,jacks2019,observed
1869,real_price_metals,tin,57.17,index_1900=100,jacks2019,observed
1870,real_price_metals,tin,59.22,index_1900=100,jacks2019,observed
1871,real_price_metals,tin,67.83,index_1900=100,jacks2019,observed
1872,real_price_metals,tin,73.9,index_1900=100,jacks2019,observed
1873,real_price_metals,tin,68.2,index_1900=100,jacks2019,observed
1874,real_price_metals,tin,53.2,index_1900=100,jacks2019,observed
1875,real_price_metals,tin,47.32,index_1900=100,jacks2019,observed
1876,real_price_metals,tin,42.69,index_1900=100,jacks2019,observed
1877,real_price_metals,tin,40.15,index_1900=100,jacks2019,observed
1878,real_price_metals,tin,37.81,index_1900=100,jacks2019,observed
1879,real_price_metals,tin,45.24,index_1900=100,jacks2019,observed
1880,real_price_metals,tin,53.22,index_1900=100,jacks2019,observed
1881,real_price_metals,tin,56.24,index_1900=100,jacks2019,observed
1882,real_price_metals,tin,61.69,index_1900=100,jacks2019,observed
1883,real_price_metals,tin,57.4,index_1900=100,jacks2019,observed
1884,real_price_metals,tin,51.05,index_1900=100,jacks2019,observed
1885,real_price_metals,tin,55.95,index_1900=100,jacks2019,observed
1886,real_price_metals,tin,64.4,index_1900=100,jacks2019,observed
1887,real_price_metals,tin,72.8,index_1900=100,jacks2019,observed
1888,real_price_metals,tin,76.05,index_1900=100,jacks2019,observed
1889,real_price_metals,tin,62.49,index_1900=100,jacks2019,observed
1890,real_price_metals,tin,63.87,index_1900=100,jacks2019,observed
1891,real_price_metals,tin,61.84,index_1900=100,jacks2019,observed
1892,real_price_metals,tin,63.19,index_1900=100,jacks2019,observed
1893,real_price_metals,tin,55.33,index_1900=100,jacks2019,observed
1894,real_price_metals,tin,48.87,index_1900=100,jacks2019,observed
1895,real_price_metals,tin,46.39,index_1900=100,jacks2019,observed
1896,real_price_metals,tin,44.18,index_1900=100,jacks2019,observed
1897,real_price_metals,tin,46.22,index_1900=100,jacks2019,observed
1898,real_price_metals,tin,53.67,index_1900=100,jacks2019,observed
1899,real_price_metals,tin,91.69,index_1900=100,jacks2019,observed
1900,real_price_metals,tin,100.0,index_1900=100,jacks2019,observed
1901,real_price_metals,tin,82.25,index_1900=100,jacks2019,observed
1902,real_price_metals,tin,87.45,index_1900=100,jacks2019,observed
1903,real_price_metals,tin,89.66,index_1900=100,jacks2019,observed
1904,real_price_metals,tin,88.3,index_1900=100,jacks2019,observed
1905,real_price_metals,tin,100.1,index_1900=100,jacks2019,observed
1906,real_price_metals,tin,124.34,index_1900=100,jacks2019,observed
1907,real_price_metals,tin,114.08,index_1900=100,jacks2019,observed
1908,real_price_metals,tin,89.92,index_1900=100,jacks2019,observed
1909,real_price_metals,tin,91.75,index_1900=100,jacks2019,observed
1910,real_price_metals,tin,100.86,index_1900=100,jacks2019,observed
1911,real_price_metals,tin,124.99,index_1900=100,jacks2019,observed
1912,real_price_metals,tin,133.53,index_1900=100,jacks2019,observed
1913,real_price_metals,tin,125.5,index_1900=100,jacks2019,observed
1914,real_price_metals,tin,96.38,index_1900=100,jacks2019,observed
1915,real_price_metals,tin,107.88,index_1900=100,jacks2019,observed
1916,real_price_metals,tin,111.27,index_1900=100,jacks2019,observed
1917,real_price_metals,tin,131.25,index_1900=100,jacks2019,observed
1918,real_price_metals,tin,160.44,index_1900=100,jacks2019,observed
1919,real_price_metals,tin,99.67,index_1900=100,jacks2019,observed
1920,real_price_metals,tin,65.58,index_1900=100,jacks2019,observed
1921,real_price_metals,tin,45.51,index_1900=100,jacks2019,observed
1922,real_price_metals,tin,52.84,index_1900=100,jacks2019,observed
1923,real_price_metals,tin,68.05,index_1900=100,jacks2019,observed
1924,real_price_metals,tin,79.9,index_1900=100,jacks2019,observed
1925,real_price_metals,tin,89.92,index_1900=100,jacks2019,observed
1926,real_price_metals,tin,100.42,index_1900=100,jacks2019,observed
1927,real_price_metals,tin,100.86,index_1900=100,jacks2019,observed
1928,real_price_metals,tin,80.16,index_1900=100,jacks2019,observed
1929,real_price_metals,tin,71.78,index_1900=100,jacks2019,observed
1930,real_price_metals,tin,51.67,index_1900=100,jacks2019,observed
1931,real_price_metals,tin,43.74,index_1900=100,jacks2019,observed
1932,real_price_metals,tin,43.89,index_1900=100,jacks2019,observed
1933,real_price_metals,tin,82.16,index_1900=100,jacks2019,observed
1934,real_price_metals,tin,106.12,index_1900=100,jacks2019,observed
1935,real_price_metals,tin,99.98,index_1900=100,jacks2019,observed
1936,real_price_metals,tin,91.23,index_1900=100,jacks2019,observed
1937,real_price_metals,tin,103.03,index_1900=100,jacks2019,observed
1938,real_price_metals,tin,81.74,index_1900=100,jacks2019,observed
1939,real_price_metals,tin,98.63,index_1900=100,jacks2019,observed
1940,real_price_metals,tin,96.7,index_1900=100,jacks2019,observed
1941,real_price_metals,tin,96.15,index_1900=100,jacks2019,observed
1942,real_price_metals,tin,86.86,index_1900=100,jacks2019,observed
1943,real_price_metals,tin,81.84,index_1900=100,jacks2019,observed
1944,real_price_metals,tin,80.44,index_1900=100,jacks2019,observed
1945,real_price_metals,tin,78.66,index_1900=100,jacks2019,observed
1946,real_price_metals,tin,76.0,index_1900=100,jacks2019,observed
1947,real_price_metals,tin,95.0,index_1900=100,jacks2019,observed
1948,real_price_metals,tin,112.22,index_1900=100,jacks2019,observed
1949,real_price_metals,tin,113.41,index_1900=100,jacks2019,observed
1950,real_price_metals,tin,108.02,index_1900=100,jacks2019,observed
1951,real_price_metals,tin,133.18,index_1900=100,jacks2019,observed
1952,real_price_metals,tin,123.54,index_1900=100,jacks2019,observed
1953,real_price_metals,tin,97.55,index_1900=100,jacks2019,observed
1954,real_price_metals,tin,93.02,index_1900=100,jacks2019,observed
1955,real_price_metals,tin,96.32,index_1900=100,jacks2019,observed
1956,real_price_metals,tin,101.59,index_1900=100,jacks2019,observed
1957,real_price_metals,tin,93.1,index_1900=100,jacks2019,observed
1958,real_price_metals,tin,89.56,index_1900=100,jacks2019,observed
1959,real_price_metals,tin,95.28,index_1900=100,jacks2019,observed
1960,real_price_metals,tin,93.24,index_1900=100,jacks2019,observed
1961,real_price_metals,tin,103.11,index_1900=100,jacks2019,observed
1962,real_price_metals,tin,103.15,index_1900=100,jacks2019,observed
1963,real_price_metals,tin,103.72,index_1900=100,jacks2019,observed
1964,real_price_metals,tin,138.28,index_1900=100,jacks2019,observed
1965,real_price_metals,tin,153.73,index_1900=100,jacks2019,observed
1966,real_price_metals,tin,137.62,index_1900=100,jacks2019,observed
1967,real_price_metals,tin,125.07,index_1900=100,jacks2019,observed
1968,real_price_metals,tin,115.91,index_1900=100,jacks2019,observed
1969,real_price_metals,tin,122.14,index_1900=100,jacks2019,observed
1970,real_price_metals,tin,122.12,index_1900=100,jacks2019,observed
1971,real_price_metals,tin,112.47,index_1900=100,jacks2019,observed
1972,real_price_metals,tin,115.46,index_1900=100,jacks2019,observed
1973,real_price_metals,tin,139.36,index_1900=100,jacks2019,observed
1974,real_price_metals,tin,218.71,index_1900=100,jacks2019,observed
1975,real_price_metals,tin,171.85,index_1900=100,jacks2019,observed
1976,real_price_metals,tin,181.62,index_1900=100,jacks2019,observed
1977,real_price_metals,tin,240.15,index_1900=100,jacks2019,observed
1978,real_price_metals,tin,262.83,index_1900=100,jacks2019,observed
1979,real_price_metals,tin,267.21,index_1900=100,jacks2019,observed
1980,real_price_metals,tin,279.6,index_1900=100,jacks2019,observed
1981,real_price_metals,tin,213.93,index_1900=100,jacks2019,observed
1982,real_price_metals,tin,182.53,index_1900=100,jacks2019,observed
1983,real_price_metals,tin,179.02,index_1900=100,jacks2019,observed
1984,real_price_metals,tin,161.61,index_1900=100,jacks2019,observed
1985,real_price_metals,tin,147.23,index_1900=100,jacks2019,observed
1986,real_price_metals,tin,77.18,index_1900=100,jacks2019,observed
1987,real_price_metals,tin,80.85,index_1900=100,jacks2019,observed
1988,real_price_metals,tin,81.83,index_1900=100,jacks2019,observed
1989,real_price_metals,tin,94.49,index_1900=100,jacks2019,observed
1990,real_price_metals,tin,63.92,index_1900=100,jacks2019,observed
1991,real_price_metals,tin,56.41,index_1900=100,jacks2019,observed
1992,real_price_metals,tin,59.73,index_1900=100,jacks2019,observed
1993,real_price_metals,tin,49.1,index_1900=100,jacks2019,observed
1994,real_price_metals,tin,50.58,index_1900=100,jacks2019,observed
1995,real_price_metals,tin,55.83,index_1900=100,jacks2019,observed
1996,real_price_metals,tin,53.89,index_1900=100,jacks2019,observed
1997,real_price_metals,tin,48.25,index_1900=100,jacks2019,observed
1998,real_price_metals,tin,46.63,index_1900=100,jacks2019,observed
1999,real_price_metals,tin,44.43,index_1900=100,jacks2019,observed
2000,real_price_metals,tin,43.34,index_1900=100,jacks2019,observed
2001,real_price_metals,tin,34.8,index_1900=100,jacks2019,observed
2002,real_price_metals,tin,30.99,index_1900=100,jacks2019,observed
2003,real_price_metals,tin,36.48,index_1900=100,jacks2019,observed
2004,real_price_metals,tin,61.64,index_1900=100,jacks2019,observed
2005,real_price_metals,tin,51.92,index_1900=100,jacks2019,observed
2006,real_price_metals,tin,59.62,index_1900=100,jacks2019,observed
2007,real_price_metals,tin,95.98,index_1900=100,jacks2019,observed
2008,real_price_metals,tin,117.75,index_1900=100,jacks2019,observed
2009,real_price_metals,tin,87.05,index_1900=100,jacks2019,observed
2010,real_price_metals,tin,128.23,index_1900=100,jacks2019,observed
2011,real_price_metals,tin,159.0,index_1900=100,jacks2019,observed
2012,real_price_metals,tin,126.23,index_1900=100,jacks2019,observed
2013,real_price_metals,tin,131.31,index_1900=100,jacks2019,observed
2014,real_price_metals,tin,127.0,index_1900=100,jacks2019,observed
2015,real_price_metals,tin,93.06,index_1900=100,jacks2019,observed
2016,real_price_metals,tin,102.59,index_1900=100,jacks2019,observed
2017,real_price_metals,tin,112.36,index_1900=100,jacks2019,observed
2018,real_price_metals,tin,110.14,index_1900=100,jacks2019,observed
2019,real_price_metals,tin,100.21,index_1900=100,jacks2019,observed
2020,real_price_metals,tin,90.84,index_1900=100,jacks2019,observed
2021,real_price_metals,tin,164.09,index_1900=100,jacks2019,observed
2022,real_price_metals,tin,147.23,index_1900=100,jacks2019,observed
2023,real_price_metals,tin,116.75,index_1900=100,jacks2019,observed
2024,real_price_metals,tin,131.56,index_1900=100,jacks2019,observed
2025,real_price_metals,tin,145.24,index_1900=100,jacks2019,observed
1850,real_price_metals,zinc,86.29,index_1900=100,jacks2019,observed
1851,real_price_metals,zinc,83.36,index_1900=100,jacks2019,observed
1852,real_price_metals,zinc,94.93,index_1900=100,jacks2019,observed
1853,real_price_metals,zinc,153.49,index_1900=100,jacks2019,observed
1854,real_price_metals,zinc,163.24,index_1900=100,jacks2019,observed
1855,real_price_metals,zinc,130.28,index_1900=100,jacks2019,observed
1856,real_price_metals,zinc,143.94,index_1900=100,jacks2019,observed
1857,real_price_metals,zinc,170.08,index_1900=100,jacks2019,observed
1858,real_price_metals,zinc,154.82,index_1900=100,jacks2019,observed
1859,real_price_metals,zinc,124.34,index_1900=100,jacks2019,observed
1860,real_price_metals,zinc,119.71,index_1900=100,jacks2019,observed
1861,real_price_metals,zinc,99.65,index_1900=100,jacks2019,observed
1862,real_price_metals,zinc,101.07,index_1900=100,jacks2019,observed
1863,real_price_metals,zinc,123.6,index_1900=100,jacks2019,observed
1864,real_price_metals,zinc,161.63,index_1900=100,jacks2019,observed
1865,real_price_metals,zinc,126.35,index_1900=100,jacks2019,observed
1866,real_price_metals,zinc,134.85,index_1900=100,jacks2019,observed
1867,real_price_metals,zinc,126.89,index_1900=100,jacks2019,observed
1868,real_price_metals,zinc,132.86,index_1900=100,jacks2019,observed
1869,real_price_metals,zinc,144.81,index_1900=100,jacks2019,observed
1870,real_price_metals,zinc,131.01,index_1900=100,jacks2019,observed
1871,real_price_metals,zinc,116.33,index_1900=100,jacks2019,observed
1872,real_price_metals,zinc,117.27,index_1900=100,jacks2019,observed
1873,real_price_metals,zinc,139.49,index_1900=100,jacks2019,observed
1874,real_price_metals,zinc,123.06,index_1900=100,jacks2019,observed
1875,real_price_metals,zinc,122.81,index_1900=100,jacks2019,observed
1876,real_price_metals,zinc,130.2,index_1900=100,jacks2019,observed
1877,real_price_metals,zinc,110.89,index_1900=100,jacks2019,observed
1878,real_price_metals,zinc,94.2,index_1900=100,jacks2019,observed
1879,real_price_metals,zinc,97.22,index_1900=100,jacks2019,observed
1880,real_price_metals,zinc,103.81,index_1900=100,jacks2019,observed
1881,real_price_metals,zinc,98.76,index_1900=100,jacks2019,observed
1882,real_price_metals,zinc,100.28,index_1900=100,jacks2019,observed
1883,real_price_metals,zinc,86.39,index_1900=100,jacks2019,observed
1884,real_price_metals,zinc,87.07,index_1900=100,jacks2019,observed
1885,real_price_metals,zinc,87.02,index_1900=100,jacks2019,observed
1886,real_price_metals,zinc,90.04,index_1900=100,jacks2019,observed
1887,real_price_metals,zinc,93.55,index_1900=100,jacks2019,observed
1888,real_price_metals,zinc,99.57,index_1900=100,jacks2019,observed
1889,real_price_metals,zinc,105.12,index_1900=100,jacks2019,observed
1890,real_price_metals,zinc,117.47,index_1900=100,jacks2019,observed
1891,real_price_metals,zinc,106.24,index_1900=100,jacks2019,observed
1892,real_price_metals,zinc,98.14,index_1900=100,jacks2019,observed
1893,real_price_metals,zinc,87.32,index_1900=100,jacks2019,observed
1894,real_price_metals,zinc,78.84,index_1900=100,jacks2019,observed
1895,real_price_metals,zinc,83.11,index_1900=100,jacks2019,observed
1896,real_price_metals,zinc,90.43,index_1900=100,jacks2019,observed
1897,real_price_metals,zinc,95.65,index_1900=100,jacks2019,observed
1898,real_price_metals,zinc,106.06,index_1900=100,jacks2019,observed
1899,real_price_metals,zinc,133.57,index_1900=100,jacks2019,observed
1900,real_price_metals,zinc,100.0,index_1900=100,jacks2019,observed
1901,real_price_metals,zinc,91.59,index_1900=100,jacks2019,observed
1902,real_price_metals,zinc,107.61,index_1900=100,jacks2019,observed
1903,real_price_metals,zinc,112.74,index_1900=100,jacks2019,observed
1904,real_price_metals,zinc,105.92,index_1900=100,jacks2019,observed
1905,real_price_metals,zinc,124.55,index_1900=100,jacks2019,observed
1906,real_price_metals,zinc,128.64,index_1900=100,jacks2019,observed
1907,real_price_metals,zinc,118.25,index_1900=100,jacks2019,observed
1908,real_price_metals,zinc,95.2,index_1900=100,jacks2019,observed
1909,real_price_metals,zinc,112.47,index_1900=100,jacks2019,observed
1910,real_price_metals,zinc,94.33,index_1900=100,jacks2019,observed
1911,real_price_metals,zinc,106.05,index_1900=100,jacks2019,observed
1912,real_price_metals,zinc,134.13,index_1900=100,jacks2019,observed
1913,real_price_metals,zinc,106.23,index_1900=100,jacks2019,observed
1914,real_price_metals,zinc,96.82,index_1900=100,jacks2019,observed
1915,real_price_metals,zinc,248.43,index_1900=100,jacks2019,observed
1916,real_price_metals,zinc,220.1,index_1900=100,jacks2019,observed
1917,real_price_metals,zinc,127.42,index_1900=100,jacks2019,observed
1918,real_price_metals,zinc,97.14,index_1900=100,jacks2019,observed
1919,real_price_metals,zinc,74.92,index_1900=100,jacks2019,observed
1920,real_price_metals,zinc,70.97,index_1900=100,jacks2019,observed
1921,real_price_metals,zinc,48.27,index_1900=100,jacks2019,observed
1922,real_price_metals,zinc,63.24,index_1900=100,jacks2019,observed
1923,real_price_metals,zinc,71.8,index_1900=100,jacks2019,observed
1924,real_price_metals,zinc,68.75,index_1900=100,jacks2019,observed
1925,real_price_metals,zinc,80.6,index_1900=100,jacks2019,observed
1926,real_price_metals,zinc,76.89,index_1900=100,jacks2019,observed
1927,real_price_metals,zinc,66.61,index_1900=100,jacks2019,observed
1928,real_price_metals,zinc,65.27,index_1900=100,jacks2019,observed
1929,real_price_metals,zinc,70.47,index_1900=100,jacks2019,observed
1930,real_price_metals,zinc,50.63,index_1900=100,jacks2019,observed
1931,real_price_metals,zinc,44.31,index_1900=100,jacks2019,observed
1932,real_price_metals,zinc,39.09,index_1900=100,jacks2019,observed
1933,real_price_metals,zinc,57.66,index_1900=100,jacks2019,observed
1934,real_price_metals,zinc,57.61,index_1900=100,jacks2019,observed
1935,real_price_metals,zinc,58.48,index_1900=100,jacks2019,observed
1936,real_price_metals,zinc,65.55,index_1900=100,jacks2019,observed
1937,real_price_metals,zinc,84.19,index_1900=100,jacks2019,observed
1938,real_price_metals,zinc,60.67,index_1900=100,jacks2019,observed
1939,real_price_metals,zinc,68.21,index_1900=100,jacks2019,observed
1940,real_price_metals,zinc,83.79,index_1900=100,jacks2019,observed
1941,real_price_metals,zinc,94.03,index_1900=100,jacks2019,observed
1942,real_price_metals,zinc,93.85,index_1900=100,jacks2019,observed
1943,real_price_metals,zinc,88.42,index_1900=100,jacks2019,observed
1944,real_price_metals,zinc,86.92,index_1900=100,jacks2019,observed
1945,real_price_metals,zinc,84.98,index_1900=100,jacks2019,observed
1946,real_price_metals,zinc,82.84,index_1900=100,jacks2019,observed
1947,real_price_metals,zinc,87.15,index_1900=100,jacks2019,observed
1948,real_price_metals,zinc,104.64,index_1900=100,jacks2019,observed
1949,real_price_metals,zinc,94.38,index_1900=100,jacks2019,observed
1950,real_price_metals,zinc,106.8,index_1900=100,jacks2019,observed
1951,real_price_metals,zinc,128.47,index_1900=100,jacks2019,observed
1952,real_price_metals,zinc,113.28,index_1900=100,jacks2019,observed
1953,real_price_metals,zinc,75.28,index_1900=100,jacks2019,observed
1954,real_price_metals,zinc,73.67,index_1900=100,jacks2019,observed
1955,real_price_metals,zinc,85.16,index_1900=100,jacks2019,observed
1956,real_price_metals,zinc,92.03,index_1900=100,jacks2019,observed
1957,real_price_metals,zinc,75.09,index_1900=100,jacks2019,observed
1958,real_price_metals,zinc,66.1,index_1900=100,jacks2019,observed
1959,real_price_metals,zinc,72.81,index_1900=100,jacks2019,observed
1960,real_price_metals,zinc,81.07,index_1900=100,jacks2019,observed
1961,real_price_metals,zinc,71.52,index_1900=100,jacks2019,observed
1962,real_price_metals,zinc,71.2,index_1900=100,jacks2019,observed
1963,real_price_metals,zinc,72.67,index_1900=100,jacks2019,observed
1964,real_price_metals,zinc,81.09,index_1900=100,jacks2019,observed
1965,real_price_metals,zinc,85.19,index_1900=100,jacks2019,observed
1966,real_price_metals,zinc,82.83,index_1900=100,jacks2019,observed
1967,real_price_metals,zinc,76.83,index_1900=100,jacks2019,observed
1968,real_price_metals,zinc,71.93,index_1900=100,jacks2019,observed
1969,real_price_metals,zinc,73.82,index_1900=100,jacks2019,observed
1970,real_price_metals,zinc,73.14,index_1900=100,jacks2019,observed
1971,real_price_metals,zinc,73.83,index_1900=100,jacks2019,observed
1972,real_price_metals,zinc,78.64,index_1900=100,jacks2019,observed
1973,real_price_metals,zinc,86.18,index_1900=100,jacks2019,observed
1974,real_price_metals,zinc,135.13,index_1900=100,jacks2019,observed
1975,real_price_metals,zinc,134.14,index_1900=100,jacks2019,observed
1976,real_price_metals,zinc,121.53,index_1900=100,jacks2019,observed
1977,real_price_metals,zinc,105.21,index_1900=100,jacks2019,observed
1978,real_price_metals,zinc,88.05,index_1900=100,jacks2019,observed
1979,real_price_metals,zinc,95.28,index_1900=100,jacks2019,observed
1980,real_price_metals,zinc,84.18,index_1900=100,jacks2019,observed
1981,real_price_metals,zinc,84.77,index_1900=100,jacks2019,observed
1982,real_price_metals,zinc,70.33,index_1900=100,jacks2019,observed
1983,real_price_metals,zinc,69.94,index_1900=100,jacks2019,observed
1984,real_price_metals,zinc,80.86,index_1900=100,jacks2019,observed
1985,real_price_metals,zinc,66.35,index_1900=100,jacks2019,observed
1986,real_price_metals,zinc,62.69,index_1900=100,jacks2019,observed
1987,real_price_metals,zinc,64.02,index_1900=100,jacks2019,observed
1988,real_price_metals,zinc,95.54,index_1900=100,jacks2019,observed
1989,real_price_metals,zinc,121.72,index_1900=100,jacks2019,observed
1990,real_price_metals,zinc,105.83,index_1900=100,jacks2019,observed
1991,real_price_metals,zinc,75.03,index_1900=100,jacks2019,observed
1992,real_price_metals,zinc,80.66,index_1900=100,jacks2019,observed
1993,real_price_metals,zinc,60.79,index_1900=100,jacks2019,observed
1994,real_price_metals,zinc,61.38,index_1900=100,jacks2019,observed
1995,real_price_metals,zinc,61.65,index_1900=100,jacks2019,observed
1996,real_price_metals,zinc,59.53,index_1900=100,jacks2019,observed
1997,real_price_metals,zinc,74.66,index_1900=100,jacks2019,observed
1998,real_price_metals,zinc,57.26,index_1900=100,jacks2019,observed
1999,real_price_metals,zinc,58.85,index_1900=100,jacks2019,observed
2000,real_price_metals,zinc,59.68,index_1900=100,jacks2019,observed
2001,real_price_metals,zinc,45.63,index_1900=100,jacks2019,observed
2002,real_price_metals,zinc,39.46,index_1900=100,jacks2019,observed
2003,real_price_metals,zinc,41.01,index_1900=100,jacks2019,observed
2004,real_price_metals,zinc,50.56,index_1900=100,jacks2019,observed
2005,real_price_metals,zinc,64.42,index_1900=100,jacks2019,observed
2006,real_price_metals,zinc,147.64,index_1900=100,jacks2019,observed
2007,real_price_metals,zinc,142.83,index_1900=100,jacks2019,observed
2008,real_price_metals,zinc,79.78,index_1900=100,jacks2019,observed
2009,real_price_metals,zinc,70.44,index_1900=100,jacks2019,observed
2010,real_price_metals,zinc,90.28,index_1900=100,jacks2019,observed
2011,real_price_metals,zinc,88.95,index_1900=100,jacks2019,observed
2012,real_price_metals,zinc,77.4,index_1900=100,jacks2019,observed
2013,real_price_metals,zinc,74.72,index_1900=100,jacks2019,observed
2014,real_price_metals,zinc,83.19,index_1900=100,jacks2019,observed
2015,real_price_metals,zinc,74.27,index_1900=100,jacks2019,observed
2016,real_price_metals,zinc,79.36,index_1900=100,jacks2019,observed
2017,real_price_metals,zinc,107.48,index_1900=100,jacks2019,observed
2018,real_price_metals,zinc,106.06,index_1900=100,jacks2019,observed
2019,real_price_metals,zinc,90.91,index_1900=100,jacks2019,observed
2020,real_price_metals,zinc,79.82,index_1900=100,jacks2019,observed
2021,real_price_metals,zinc,100.99,index_1900=100,jacks2019,observed
2022,real_price_metals,zinc,108.52,index_1900=100,jacks2019,observed
2023,real_price_metals,zinc,79.34,index_1900=100,jacks2019,observed
2024,real_price_metals,zinc,80.66,index_1900=100,jacks2019,observed
2025,real_price_metals,zinc,81.14,index_1900=100,jacks2019,observed
1900,real_price_minerals,bauxite,100.0,index_1900=100,jacks2019,observed
1901,real_price_minerals,bauxite,94.83,index_1900=100,jacks2019,observed
1902,real_price_minerals,bauxite,88.49,index_1900=100,jacks2019,observed
1903,real_price_minerals,bauxite,83.72,index_1900=100,jacks2019,observed
1904,real_price_minerals,bauxite,79.23,index_1900=100,jacks2019,observed
1905,real_price_minerals,bauxite,99.5,index_1900=100,jacks2019,observed
1906,real_price_minerals,bauxite,86.88,index_1900=100,jacks2019,observed
1907,real_price_minerals,bauxite,87.21,index_1900=100,jacks2019,observed
1908,real_price_minerals,bauxite,97.1,index_1900=100,jacks2019,observed
1909,real_price_minerals,bauxite,108.78,index_1900=100,jacks2019,observed
1910,real_price_minerals,bauxite,97.34,index_1900=100,jacks2019,observed
1911,real_price_minerals,bauxite,88.15,index_1900=100,jacks2019,observed
1912,real_price_minerals,bauxite,82.67,index_1900=100,jacks2019,observed
1913,real_price_minerals,bauxite,89.09,index_1900=100,jacks2019,observed
1914,real_price_minerals,bauxite,85.57,index_1900=100,jacks2019,observed
1915,real_price_minerals,bauxite,109.65,index_1900=100,jacks2019,observed
1916,real_price_minerals,bauxite,58.14,index_1900=100,jacks2019,observed
1917,real_price_minerals,bauxite,62.82,index_1900=100,jacks2019,observed
1918,real_price_minerals,bauxite,57.51,index_1900=100,jacks2019,observed
1919,real_price_minerals,bauxite,74.66,index_1900=100,jacks2019,observed
1920,real_price_minerals,bauxite,62.5,index_1900=100,jacks2019,observed
1921,real_price_minerals,bauxite,71.3,index_1900=100,jacks2019,observed
1922,real_price_minerals,bauxite,50.61,index_1900=100,jacks2019,observed
1923,real_price_minerals,bauxite,62.44,index_1900=100,jacks2019,observed
1924,real_price_minerals,bauxite,56.23,index_1900=100,jacks2019,observed
1925,real_price_minerals,bauxite,53.37,index_1900=100,jacks2019,observed
1926,real_price_minerals,bauxite,50.89,index_1900=100,jacks2019,observed
1927,real_price_minerals,bauxite,54.24,index_1900=100,jacks2019,observed
1928,real_price_minerals,bauxite,54.62,index_1900=100,jacks2019,observed
1929,real_price_minerals,bauxite,57.53,index_1900=100,jacks2019,observed
1930,real_price_minerals,bauxite,62.26,index_1900=100,jacks2019,observed
1931,real_price_minerals,bauxite,68.41,index_1900=100,jacks2019,observed
1932,real_price_minerals,bauxite,79.29,index_1900=100,jacks2019,observed
1933,real_price_minerals,bauxite,99.15,index_1900=100,jacks2019,observed
1934,real_price_minerals,bauxite,115.1,index_1900=100,jacks2019,observed
1935,real_price_minerals,bauxite,112.72,index_1900=100,jacks2019,observed
1936,real_price_minerals,bauxite,113.08,index_1900=100,jacks2019,observed
1937,real_price_minerals,bauxite,105.81,index_1900=100,jacks2019,observed
1938,real_price_minerals,bauxite,117.24,index_1900=100,jacks2019,observed
1939,real_price_minerals,bauxite,111.27,index_1900=100,jacks2019,observed
1940,real_price_minerals,bauxite,103.97,index_1900=100,jacks2019,observed
1941,real_price_minerals,bauxite,96.97,index_1900=100,jacks2019,observed
1942,real_price_minerals,bauxite,88.16,index_1900=100,jacks2019,observed
1943,real_price_minerals,bauxite,86.7,index_1900=100,jacks2019,observed
1944,real_price_minerals,bauxite,83.25,index_1900=100,jacks2019,observed
1945,real_price_minerals,bauxite,84.66,index_1900=100,jacks2019,observed
1946,real_price_minerals,bauxite,76.54,index_1900=100,jacks2019,observed
1947,real_price_minerals,bauxite,62.38,index_1900=100,jacks2019,observed
1948,real_price_minerals,bauxite,56.43,index_1900=100,jacks2019,observed
1949,real_price_minerals,bauxite,54.43,index_1900=100,jacks2019,observed
1950,real_price_minerals,bauxite,55.44,index_1900=100,jacks2019,observed
1951,real_price_minerals,bauxite,51.89,index_1900=100,jacks2019,observed
1952,real_price_minerals,bauxite,53.39,index_1900=100,jacks2019,observed
1953,real_price_minerals,bauxite,53.8,index_1900=100,jacks2019,observed
1954,real_price_minerals,bauxite,54.83,index_1900=100,jacks2019,observed
1955,real_price_minerals,bauxite,59.9,index_1900=100,jacks2019,observed
1956,real_price_minerals,bauxite,61.57,index_1900=100,jacks2019,observed
1957,real_price_minerals,bauxite,65.08,index_1900=100,jacks2019,observed
1958,real_price_minerals,bauxite,65.45,index_1900=100,jacks2019,observed
1959,real_price_minerals,bauxite,66.18,index_1900=100,jacks2019,observed
1960,real_price_minerals,bauxite,64.42,index_1900=100,jacks2019,observed
1961,real_price_minerals,bauxite,68.92,index_1900=100,jacks2019,observed
1962,real_price_minerals,bauxite,81.78,index_1900=100,jacks2019,observed
1963,real_price_minerals,bauxite,86.49,index_1900=100,jacks2019,observed
1964,real_price_minerals,bauxite,87.44,index_1900=100,jacks2019,observed
1965,real_price_minerals,bauxite,77.72,index_1900=100,jacks2019,observed
1966,real_price_minerals,bauxite,76.23,index_1900=100,jacks2019,observed
1967,real_price_minerals,bauxite,83.84,index_1900=100,jacks2019,observed
1968,real_price_minerals,bauxite,78.59,index_1900=100,jacks2019,observed
1969,real_price_minerals,bauxite,77.19,index_1900=100,jacks2019,observed
1970,real_price_minerals,bauxite,68.13,index_1900=100,jacks2019,observed
1971,real_price_minerals,bauxite,65.69,index_1900=100,jacks2019,observed
1972,real_price_minerals,bauxite,67.43,index_1900=100,jacks2019,observed
1973,real_price_minerals,bauxite,61.04,index_1900=100,jacks2019,observed
1974,real_price_minerals,bauxite,110.45,index_1900=100,jacks2019,observed
1975,real_price_minerals,bauxite,81.84,index_1900=100,jacks2019,observed
1976,real_price_minerals,bauxite,90.73,index_1900=100,jacks2019,observed
1977,real_price_minerals,bauxite,90.61,index_1900=100,jacks2019,observed
1978,real_price_minerals,bauxite,87.53,index_1900=100,jacks2019,observed
1979,real_price_minerals,bauxite,76.27,index_1900=100,jacks2019,observed
1980,real_price_minerals,bauxite,66.66,index_1900=100,jacks2019,observed
1981,real_price_minerals,bauxite,67.56,index_1900=100,jacks2019,observed
1982,real_price_minerals,bauxite,73.33,index_1900=100,jacks2019,observed
1983,real_price_minerals,bauxite,62.55,index_1900=100,jacks2019,observed
1984,real_price_minerals,bauxite,62.26,index_1900=100,jacks2019,observed
1985,real_price_minerals,bauxite,58.5,index_1900=100,jacks2019,observed
1986,real_price_minerals,bauxite,54.46,index_1900=100,jacks2019,observed
1987,real_price_minerals,bauxite,44.52,index_1900=100,jacks2019,observed
1988,real_price_minerals,bauxite,43.85,index_1900=100,jacks2019,observed
1989,real_price_minerals,bauxite,46.91,index_1900=100,jacks2019,observed
1990,real_price_minerals,bauxite,45.17,index_1900=100,jacks2019,observed
1991,real_price_minerals,bauxite,48.45,index_1900=100,jacks2019,observed
1992,real_price_minerals,bauxite,44.25,index_1900=100,jacks2019,observed
1993,real_price_minerals,bauxite,41.76,index_1900=100,jacks2019,observed
1994,real_price_minerals,bauxite,37.5,index_1900=100,jacks2019,observed
1995,real_price_minerals,bauxite,33.47,index_1900=100,jacks2019,observed
1996,real_price_minerals,bauxite,37.22,index_1900=100,jacks2019,observed
1997,real_price_minerals,bauxite,33.27,index_1900=100,jacks2019,observed
1998,real_price_minerals,bauxite,30.23,index_1900=100,jacks2019,observed
1999,real_price_minerals,bauxite,28.14,index_1900=100,jacks2019,observed
2000,real_price_minerals,bauxite,29.12,index_1900=100,jacks2019,observed
2001,real_price_minerals,bauxite,28.56,index_1900=100,jacks2019,observed
2002,real_price_minerals,bauxite,24.61,index_1900=100,jacks2019,observed
2003,real_price_minerals,bauxite,23.0,index_1900=100,jacks2019,observed
2004,real_price_minerals,bauxite,25.85,index_1900=100,jacks2019,observed
2005,real_price_minerals,bauxite,27.45,index_1900=100,jacks2019,observed
2006,real_price_minerals,bauxite,30.26,index_1900=100,jacks2019,observed
2007,real_price_minerals,bauxite,32.66,index_1900=100,jacks2019,observed
2008,real_price_minerals,bauxite,26.62,index_1900=100,jacks2019,observed
2009,real_price_minerals,bauxite,30.15,index_1900=100,jacks2019,observed
2010,real_price_minerals,bauxite,29.27,index_1900=100,jacks2019,observed
2011,real_price_minerals,bauxite,31.63,index_1900=100,jacks2019,observed
2012,real_price_minerals,bauxite,27.39,index_1900=100,jacks2019,observed
2013,real_price_minerals,bauxite,26.29,index_1900=100,jacks2019,observed
2014,real_price_minerals,bauxite,26.74,index_1900=100,jacks2019,observed
2015,real_price_minerals,bauxite,23.79,index_1900=100,jacks2019,observed
2016,real_price_minerals,bauxite,20.85,index_1900=100,jacks2019,observed
2017,real_price_minerals,bauxite,22.9,index_1900=100,jacks2019,observed
2018,real_price_minerals,bauxite,24.75,index_1900=100,jacks2019,observed
2019,real_price_minerals,bauxite,21.94,index_1900=100,jacks2019,observed
2020,real_price_minerals,bauxite,21.49,index_1900=100,jacks2019,observed
2021,real_price_minerals,bauxite,30.73,index_1900=100,jacks2019,observed
2022,real_price_minerals,bauxite,34.61,index_1900=100,jacks2019,observed
2023,real_price_minerals,bauxite,28.82,index_1900=100,jacks2019,observed
2024,real_price_minerals,bauxite,28.94,index_1900=100,jacks2019,observed
2025,real_price_minerals,bauxite,29.18,index_1900=100,jacks2019,observed
1900,real_price_minerals,iron_ore,100.0,index_1900=100,jacks2019,observed
1901,real_price_minerals,iron_ore,70.62,index_1900=100,jacks2019,observed
1902,real_price_minerals,iron_ore,75.59,index_1900=100,jacks2019,observed
1903,real_price_minerals,iron_ore,76.34,index_1900=100,jacks2019,observed
1904,real_price_minerals,iron_ore,62.21,index_1900=100,jacks2019,observed
1905,real_price_minerals,iron_ore,71.06,index_1900=100,jacks2019,observed
1906,real_price_minerals,iron_ore,83.02,index_1900=100,jacks2019,observed
1907,real_price_minerals,iron_ore,96.2,index_1900=100,jacks2019,observed
1908,real_price_minerals,iron_ore,87.37,index_1900=100,jacks2019,observed
1909,real_price_minerals,iron_ore,83.65,index_1900=100,jacks2019,observed
1910,real_price_minerals,iron_ore,92.52,index_1900=100,jacks2019,observed
1911,real_price_minerals,iron_ore,74.47,index_1900=100,jacks2019,observed
1912,real_price_minerals,iron_ore,71.86,index_1900=100,jacks2019,observed
1913,real_price_minerals,iron_ore,76.49,index_1900=100,jacks2019,observed
1914,real_price_minerals,iron_ore,62.91,index_1900=100,jacks2019,observed
1915,real_price_minerals,iron_ore,65.08,index_1900=100,jacks2019,observed
1916,real_price_minerals,iron_ore,78.13,index_1900=100,jacks2019,observed
1917,real_price_minerals,iron_ore,84.3,index_1900=100,jacks2019,observed
1918,real_price_minerals,iron_ore,79.58,index_1900=100,jacks2019,observed
1919,real_price_minerals,iron_ore,64.07,index_1900=100,jacks2019,observed
1920,real_price_minerals,iron_ore,71.56,index_1900=100,jacks2019,observed
1921,real_price_minerals,iron_ore,58.05,index_1900=100,jacks2019,observed
1922,real_price_minerals,iron_ore,68.57,index_1900=100,jacks2019,observed
1923,real_price_minerals,iron_ore,69.8,index_1900=100,jacks2019,observed
1924,real_price_minerals,iron_ore,57.33,index_1900=100,jacks2019,observed
1925,real_price_minerals,iron_ore,50.78,index_1900=100,jacks2019,observed
1926,real_price_minerals,iron_ore,49.32,index_1900=100,jacks2019,observed
1927,real_price_minerals,iron_ore,49.85,index_1900=100,jacks2019,observed
1928,real_price_minerals,iron_ore,49.54,index_1900=100,jacks2019,observed
1929,real_price_minerals,iron_ore,53.59,index_1900=100,jacks2019,observed
1930,real_price_minerals,iron_ore,51.23,index_1900=100,jacks2019,observed
1931,real_price_minerals,iron_ore,53.67,index_1900=100,jacks2019,observed
1932,real_price_minerals,iron_ore,35.75,index_1900=100,jacks2019,observed
1933,real_price_minerals,iron_ore,94.08,index_1900=100,jacks2019,observed
1934,real_price_minerals,iron_ore,68.29,index_1900=100,jacks2019,observed
1935,real_price_minerals,iron_ore,67.11,index_1900=100,jacks2019,observed
1936,real_price_minerals,iron_ore,65.98,index_1900=100,jacks2019,observed
1937,real_price_minerals,iron_ore,68.02,index_1900=100,jacks2019,observed
1938,real_price_minerals,iron_ore,62.93,index_1900=100,jacks2019,observed
1939,real_price_minerals,iron_ore,74.56,index_1900=100,jacks2019,observed
1940,real_price_minerals,iron_ore,62.22,index_1900=100,jacks2019,observed
1941,real_price_minerals,iron_ore,62.32,index_1900=100,jacks2019,observed
1942,real_price_minerals,iron_ore,55.46,index_1900=100,jacks2019,observed
1943,real_price_minerals,iron_ore,52.46,index_1900=100,jacks2019,observed
1944,real_price_minerals,iron_ore,52.94,index_1900=100,jacks2019,observed
1945,real_price_minerals,iron_ore,52.34,index_1900=100,jacks2019,observed
1946,real_price_minerals,iron_ore,53.36,index_1900=100,jacks2019,observed
1947,real_price_minerals,iron_ore,53.34,index_1900=100,jacks2019,observed
1948,real_price_minerals,iron_ore,55.81,index_1900=100,jacks2019,observed
1949,real_price_minerals,iron_ore,64.77,index_1900=100,jacks2019,observed
1950,real_price_minerals,iron_ore,70.77,index_1900=100,jacks2019,observed
1951,real_price_minerals,iron_ore,72.0,index_1900=100,jacks2019,observed
1952,real_price_minerals,iron_ore,81.02,index_1900=100,jacks2019,observed
1953,real_price_minerals,iron_ore,88.18,index_1900=100,jacks2019,observed
1954,real_price_minerals,iron_ore,87.11,index_1900=100,jacks2019,observed
1955,real_price_minerals,iron_ore,93.26,index_1900=100,jacks2019,observed
1956,real_price_minerals,iron_ore,97.87,index_1900=100,jacks2019,observed
1957,real_price_minerals,iron_ore,99.67,index_1900=100,jacks2019,observed
1958,real_price_minerals,iron_ore,99.05,index_1900=100,jacks2019,observed
1959,real_price_minerals,iron_ore,100.73,index_1900=100,jacks2019,observed
1960,real_price_minerals,iron_ore,97.65,index_1900=100,jacks2019,observed
1961,real_price_minerals,iron_ore,105.7,index_1900=100,jacks2019,observed
1962,real_price_minerals,iron_ore,100.96,index_1900=100,jacks2019,observed
1963,real_price_minerals,iron_ore,104.3,index_1900=100,jacks2019,observed
1964,real_price_minerals,iron_ore,105.6,index_1900=100,jacks2019,observed
1965,real_price_minerals,iron_ore,101.52,index_1900=100,jacks2019,observed
1966,real_price_minerals,iron_ore,101.38,index_1900=100,jacks2019,observed
1967,real_price_minerals,iron_ore,99.97,index_1900=100,jacks2019,observed
1968,real_price_minerals,iron_ore,97.35,index_1900=100,jacks2019,observed
1969,real_price_minerals,iron_ore,96.35,index_1900=100,jacks2019,observed
1970,real_price_minerals,iron_ore,92.75,index_1900=100,jacks2019,observed
1971,real_price_minerals,iron_ore,93.2,index_1900=100,jacks2019,observed
1972,real_price_minerals,iron_ore,100.15,index_1900=100,jacks2019,observed
1973,real_price_minerals,iron_ore,99.75,index_1900=100,jacks2019,observed
1974,real_price_minerals,iron_ore,108.84,index_1900=100,jacks2019,observed
1975,real_price_minerals,iron_ore,124.81,index_1900=100,jacks2019,observed
1976,real_price_minerals,iron_ore,137.48,index_1900=100,jacks2019,observed
1977,real_price_minerals,iron_ore,142.87,index_1900=100,jacks2019,observed
1978,real_price_minerals,iron_ore,147.11,index_1900=100,jacks2019,observed
1979,real_price_minerals,iron_ore,147.01,index_1900=100,jacks2019,observed
1980,real_price_minerals,iron_ore,145.06,index_1900=100,jacks2019,observed
1981,real_price_minerals,iron_ore,142.85,index_1900=100,jacks2019,observed
1982,real_price_minerals,iron_ore,138.91,index_1900=100,jacks2019,observed
1983,real_price_minerals,iron_ore,161.02,index_1900=100,jacks2019,observed
1984,real_price_minerals,iron_ore,133.02,index_1900=100,jacks2019,observed
1985,real_price_minerals,iron_ore,124.26,index_1900=100,jacks2019,observed
1986,real_price_minerals,iron_ore,108.09,index_1900=100,jacks2019,observed
1987,real_price_minerals,iron_ore,90.25,index_1900=100,jacks2019,observed
1988,real_price_minerals,iron_ore,82.86,index_1900=100,jacks2019,observed
1989,real_price_minerals,iron_ore,87.43,index_1900=100,jacks2019,observed
1990,real_price_minerals,iron_ore,81.89,index_1900=100,jacks2019,observed
1991,real_price_minerals,iron_ore,76.55,index_1900=100,jacks2019,observed
1992,real_price_minerals,iron_ore,70.61,index_1900=100,jacks2019,observed
1993,real_price_minerals,iron_ore,61.85,index_1900=100,jacks2019,observed
1994,real_price_minerals,iron_ore,58.9,index_1900=100,jacks2019,observed
1995,real_price_minerals,iron_ore,62.96,index_1900=100,jacks2019,observed
1996,real_price_minerals,iron_ore,63.8,index_1900=100,jacks2019,observed
1997,real_price_minerals,iron_ore,64.53,index_1900=100,jacks2019,observed
1998,real_price_minerals,iron_ore,66.3,index_1900=100,jacks2019,observed
1999,real_price_minerals,iron_ore,55.72,index_1900=100,jacks2019,observed
2000,real_price_minerals,iron_ore,51.9,index_1900=100,jacks2019,observed
2001,real_price_minerals,iron_ore,47.92,index_1900=100,jacks2019,observed
2002,real_price_minerals,iron_ore,49.87,index_1900=100,jacks2019,observed
2003,real_price_minerals,iron_ore,58.36,index_1900=100,jacks2019,observed
2004,real_price_minerals,iron_ore,67.48,index_1900=100,jacks2019,observed
2005,real_price_minerals,iron_ore,77.68,index_1900=100,jacks2019,observed
2006,real_price_minerals,iron_ore,92.44,index_1900=100,jacks2019,observed
2007,real_price_minerals,iron_ore,99.23,index_1900=100,jacks2019,observed
2008,real_price_minerals,iron_ore,120.18,index_1900=100,jacks2019,observed
2009,real_price_minerals,iron_ore,150.47,index_1900=100,jacks2019,observed
2010,real_price_minerals,iron_ore,160.28,index_1900=100,jacks2019,observed
2011,real_price_minerals,iron_ore,177.69,index_1900=100,jacks2019,observed
2012,real_price_minerals,iron_ore,133.36,index_1900=100,jacks2019,observed
2013,real_price_minerals,iron_ore,138.41,index_1900=100,jacks2019,observed
2014,real_price_minerals,iron_ore,98.0,index_1900=100,jacks2019,observed
2015,real_price_minerals,iron_ore,56.42,index_1900=100,jacks2019,observed
2016,real_price_minerals,iron_ore,58.13,index_1900=100,jacks2019,observed
2017,real_price_minerals,iron_ore,69.13,index_1900=100,jacks2019,observed
2018,real_price_minerals,iron_ore,66.54,index_1900=100,jacks2019,observed
2019,real_price_minerals,iron_ore,87.24,index_1900=100,jacks2019,observed
2020,real_price_minerals,iron_ore,99.47,index_1900=100,jacks2019,observed
2021,real_price_minerals,iron_ore,139.04,index_1900=100,jacks2019,observed
2022,real_price_minerals,iron_ore,98.25,index_1900=100,jacks2019,observed
2023,real_price_minerals,iron_ore,94.07,index_1900=100,jacks2019,observed
2024,real_price_minerals,iron_ore,84.34,index_1900=100,jacks2019,observed
2025,real_price_minerals,iron_ore,76.75,index_1900=100,jacks2019,observed
1880,real_price_minerals,phosphate,121.95,index_1900=100,jacks2019,observed
1881,real_price_minerals,phosphate,169.78,index_1900=100,jacks2019,observed
1882,real_price_minerals,phosphate,137.29,index_1900=100,jacks2019,observed
1883,real_price_minerals,phosphate,140.34,index_1900=100,jacks2019,observed
1884,real_price_minerals,phosphate,131.13,index_1900=100,jacks2019,observed
1885,real_price_minerals,phosphate,149.86,index_1900=100,jacks2019,observed
1886,real_price_minerals,phosphate,106.66,index_1900=100,jacks2019,observed
1887,real_price_minerals,phosphate,93.94,index_1900=100,jacks2019,observed
1888,real_price_minerals,phosphate,110.91,index_1900=100,jacks2019,observed
1889,real_price_minerals,phosphate,136.0,index_1900=100,jacks2019,observed
1890,real_price_minerals,phosphate,161.96,index_1900=100,jacks2019,observed
1891,real_price_minerals,phosphate,159.65,index_1900=100,jacks2019,observed
1892,real_price_minerals,phosphate,124.17,index_1900=100,jacks2019,observed
1893,real_price_minerals,phosphate,116.49,index_1900=100,jacks2019,observed
1894,real_price_minerals,phosphate,94.88,index_1900=100,jacks2019,observed
1895,real_price_minerals,phosphate,96.66,index_1900=100,jacks2019,observed
1896,real_price_minerals,phosphate,106.13,index_1900=100,jacks2019,observed
1897,real_price_minerals,phosphate,72.48,index_1900=100,jacks2019,observed
1898,real_price_minerals,phosphate,74.45,index_1900=100,jacks2019,observed
1899,real_price_minerals,phosphate,94.48,index_1900=100,jacks2019,observed
1900,real_price_minerals,phosphate,100.0,index_1900=100,jacks2019,observed
1901,real_price_minerals,phosphate,98.51,index_1900=100,jacks2019,observed
1902,real_price_minerals,phosphate,85.64,index_1900=100,jacks2019,observed
1903,real_price_minerals,phosphate,89.32,index_1900=100,jacks2019,observed
1904,real_price_minerals,phosphate,92.22,index_1900=100,jacks2019,observed
1905,real_price_minerals,phosphate,92.24,index_1900=100,jacks2019,observed
1906,real_price_minerals,phosphate,107.13,index_1900=100,jacks2019,observed
1907,real_price_minerals,phosphate,116.98,index_1900=100,jacks2019,observed
1908,real_price_minerals,phosphate,121.51,index_1900=100,jacks2019,observed
1909,real_price_minerals,phosphate,118.77,index_1900=100,jacks2019,observed
1910,real_price_minerals,phosphate,101.19,index_1900=100,jacks2019,observed
1911,real_price_minerals,phosphate,96.02,index_1900=100,jacks2019,observed
1912,real_price_minerals,phosphate,94.8,index_1900=100,jacks2019,observed
1913,real_price_minerals,phosphate,89.51,index_1900=100,jacks2019,observed
1914,real_price_minerals,phosphate,82.13,index_1900=100,jacks2019,observed
1915,real_price_minerals,phosphate,68.67,index_1900=100,jacks2019,observed
1916,real_price_minerals,phosphate,63.51,index_1900=100,jacks2019,observed
1917,real_price_minerals,phosphate,53.24,index_1900=100,jacks2019,observed
1918,real_price_minerals,phosphate,49.68,index_1900=100,jacks2019,observed
1919,real_price_minerals,phosphate,67.89,index_1900=100,jacks2019,observed
1920,real_price_minerals,phosphate,69.13,index_1900=100,jacks2019,observed
1921,real_price_minerals,phosphate,75.24,index_1900=100,jacks2019,observed
1922,real_price_minerals,phosphate,58.68,index_1900=100,jacks2019,observed
1923,real_price_minerals,phosphate,51.14,index_1900=100,jacks2019,observed
1924,real_price_minerals,phosphate,47.34,index_1900=100,jacks2019,observed
1925,real_price_minerals,phosphate,42.94,index_1900=100,jacks2019,observed
1926,real_price_minerals,phosphate,43.43,index_1900=100,jacks2019,observed
1927,real_price_minerals,phosphate,46.34,index_1900=100,jacks2019,observed
1928,real_price_minerals,phosphate,46.99,index_1900=100,jacks2019,observed
1929,real_price_minerals,phosphate,47.39,index_1900=100,jacks2019,observed
1930,real_price_minerals,phosphate,48.47,index_1900=100,jacks2019,observed
1931,real_price_minerals,phosphate,54.49,index_1900=100,jacks2019,observed
1932,real_price_minerals,phosphate,55.77,index_1900=100,jacks2019,observed
1933,real_price_minerals,phosphate,55.29,index_1900=100,jacks2019,observed
1934,real_price_minerals,phosphate,59.94,index_1900=100,jacks2019,observed
1935,real_price_minerals,phosphate,60.77,index_1900=100,jacks2019,observed
1936,real_price_minerals,phosphate,55.62,index_1900=100,jacks2019,observed
1937,real_price_minerals,phosphate,51.79,index_1900=100,jacks2019,observed
1938,real_price_minerals,phosphate,55.68,index_1900=100,jacks2019,observed
1939,real_price_minerals,phosphate,53.38,index_1900=100,jacks2019,observed
1940,real_price_minerals,phosphate,49.78,index_1900=100,jacks2019,observed
1941,real_price_minerals,phosphate,51.26,index_1900=100,jacks2019,observed
1942,real_price_minerals,phosphate,49.66,index_1900=100,jacks2019,observed
1943,real_price_minerals,phosphate,48.49,index_1900=100,jacks2019,observed
1944,real_price_minerals,phosphate,49.99,index_1900=100,jacks2019,observed
1945,real_price_minerals,phosphate,51.9,index_1900=100,jacks2019,observed
1946,real_price_minerals,phosphate,52.45,index_1900=100,jacks2019,observed
1947,real_price_minerals,phosphate,52.47,index_1900=100,jacks2019,observed
1948,real_price_minerals,phosphate,54.9,index_1900=100,jacks2019,observed
1949,real_price_minerals,phosphate,54.38,index_1900=100,jacks2019,observed
1950,real_price_minerals,phosphate,54.24,index_1900=100,jacks2019,observed
1951,real_price_minerals,phosphate,52.02,index_1900=100,jacks2019,observed
1952,real_price_minerals,phosphate,51.41,index_1900=100,jacks2019,observed
1953,real_price_minerals,phosphate,51.88,index_1900=100,jacks2019,observed
1954,real_price_minerals,phosphate,52.72,index_1900=100,jacks2019,observed
1955,real_price_minerals,phosphate,53.26,index_1900=100,jacks2019,observed
1956,real_price_minerals,phosphate,52.72,index_1900=100,jacks2019,observed
1957,real_price_minerals,phosphate,50.58,index_1900=100,jacks2019,observed
1958,real_price_minerals,phosphate,49.39,index_1900=100,jacks2019,observed
1959,real_price_minerals,phosphate,48.21,index_1900=100,jacks2019,observed
1960,real_price_minerals,phosphate,51.37,index_1900=100,jacks2019,observed
1961,real_price_minerals,phosphate,50.85,index_1900=100,jacks2019,observed
1962,real_price_minerals,phosphate,44.48,index_1900=100,jacks2019,observed
1963,real_price_minerals,phosphate,43.95,index_1900=100,jacks2019,observed
1964,real_price_minerals,phosphate,47.15,index_1900=100,jacks2019,observed
1965,real_price_minerals,phosphate,51.92,index_1900=100,jacks2019,observed
1966,real_price_minerals,phosphate,46.87,index_1900=100,jacks2019,observed
1967,real_price_minerals,phosphate,42.05,index_1900=100,jacks2019,observed
1968,real_price_minerals,phosphate,38.67,index_1900=100,jacks2019,observed
1969,real_price_minerals,phosphate,35.9,index_1900=100,jacks2019,observed
1970,real_price_minerals,phosphate,33.15,index_1900=100,jacks2019,observed
1971,real_price_minerals,phosphate,32.5,index_1900=100,jacks2019,observed
1972,real_price_minerals,phosphate,32.16,index_1900=100,jacks2019,observed
1973,real_price_minerals,phosphate,36.2,index_1900=100,jacks2019,observed
1974,real_price_minerals,phosphate,129.35,index_1900=100,jacks2019,observed
1975,real_price_minerals,phosphate,146.0,index_1900=100,jacks2019,observed
1976,real_price_minerals,phosphate,73.65,index_1900=100,jacks2019,observed
1977,real_price_minerals,phosphate,119.31,index_1900=100,jacks2019,observed
1978,real_price_minerals,phosphate,56.13,index_1900=100,jacks2019,observed
1979,real_price_minerals,phosphate,57.22,index_1900=100,jacks2019,observed
1980,real_price_minerals,phosphate,63.46,index_1900=100,jacks2019,observed
1981,real_price_minerals,phosphate,63.01,index_1900=100,jacks2019,observed
1982,real_price_minerals,phosphate,52.1,index_1900=100,jacks2019,observed
1983,real_price_minerals,phosphate,46.77,index_1900=100,jacks2019,observed
1984,real_price_minerals,phosphate,37.25,index_1900=100,jacks2019,observed
1985,real_price_minerals,phosphate,39.16,index_1900=100,jacks2019,observed
1986,real_price_minerals,phosphate,38.44,index_1900=100,jacks2019,observed
1987,real_price_minerals,phosphate,35.18,index_1900=100,jacks2019,observed
1988,real_price_minerals,phosphate,31.26,index_1900=100,jacks2019,observed
1989,real_price_minerals,phosphate,29.26,index_1900=100,jacks2019,observed
1990,real_price_minerals,phosphate,28.02,index_1900=100,jacks2019,observed
1991,real_price_minerals,phosphate,27.07,index_1900=100,jacks2019,observed
1992,real_price_minerals,phosphate,26.28,index_1900=100,jacks2019,observed
1993,real_price_minerals,phosphate,25.51,index_1900=100,jacks2019,observed
1994,real_price_minerals,phosphate,25.14,index_1900=100,jacks2019,observed
1995,real_price_minerals,phosphate,25.09,index_1900=100,jacks2019,observed
1996,real_price_minerals,phosphate,24.64,index_1900=100,jacks2019,observed
1997,real_price_minerals,phosphate,23.7,index_1900=100,jacks2019,observed
1998,real_price_minerals,phosphate,23.33,index_1900=100,jacks2019,observed
1999,real_price_minerals,phosphate,30.07,index_1900=100,jacks2019,observed
2000,real_price_minerals,phosphate,29.9,index_1900=100,jacks2019,observed
2001,real_price_minerals,phosphate,29.08,index_1900=100,jacks2019,observed
2002,real_price_minerals,phosphate,28.62,index_1900=100,jacks2019,observed
2003,real_price_minerals,phosphate,27.99,index_1900=100,jacks2019,observed
2004,real_price_minerals,phosphate,27.26,index_1900=100,jacks2019,observed
2005,real_price_minerals,phosphate,26.37,index_1900=100,jacks2019,observed
2006,real_price_minerals,phosphate,25.54,index_1900=100,jacks2019,observed
2007,real_price_minerals,phosphate,29.36,index_1900=100,jacks2019,observed
2008,real_price_minerals,phosphate,131.95,index_1900=100,jacks2019,observed
2009,real_price_minerals,phosphate,121.51,index_1900=100,jacks2019,observed
2010,real_price_minerals,phosphate,56.52,index_1900=100,jacks2019,observed
2011,real_price_minerals,phosphate,85.09,index_1900=100,jacks2019,observed
2012,real_price_minerals,phosphate,94.27,index_1900=100,jacks2019,observed
2013,real_price_minerals,phosphate,63.46,index_1900=100,jacks2019,observed
2014,real_price_minerals,phosphate,54.61,index_1900=100,jacks2019,observed
2015,real_price_minerals,phosphate,59.41,index_1900=100,jacks2019,observed
2016,real_price_minerals,phosphate,53.86,index_1900=100,jacks2019,observed
2017,real_price_minerals,phosphate,42.82,index_1900=100,jacks2019,observed
2018,real_price_minerals,phosphate,40.97,index_1900=100,jacks2019,observed
2019,real_price_minerals,phosphate,40.27,index_1900=100,jacks2019,observed
2020,real_price_minerals,phosphate,34.39,index_1900=100,jacks2019,observed
2021,real_price_minerals,phosphate,53.22,index_1900=100,jacks2019,observed
2022,real_price_minerals,phosphate,106.44,index_1900=100,jacks2019,observed
2023,real_price_minerals,phosphate,123.55,index_1900=100,jacks2019,observed
2024,real_price_minerals,phosphate,56.9,index_1900=100,jacks2019,observed
2025,real_price_minerals,phosphate,55.44,index_1900=100,jacks2019,observed
1900,real_price_minerals,potash,100.0,index_1900=100,jacks2019,observed
1901,real_price_minerals,potash,108.56,index_1900=100,jacks2019,observed
1902,real_price_minerals,potash,82.45,index_1900=100,jacks2019,observed
1903,real_price_minerals,potash,87.29,index_1900=100,jacks2019,observed
1904,real_price_minerals,potash,103.94,index_1900=100,jacks2019,observed
1905,real_price_minerals,potash,110.68,index_1900=100,jacks2019,observed
1906,real_price_minerals,potash,93.49,index_1900=100,jacks2019,observed
1907,real_price_minerals,potash,122.13,index_1900=100,jacks2019,observed
1908,real_price_minerals,potash,75.84,index_1900=100,jacks2019,observed
1909,real_price_minerals,potash,101.56,index_1900=100,jacks2019,observed
1910,real_price_minerals,potash,78.29,index_1900=100,jacks2019,observed
1911,real_price_minerals,potash,86.23,index_1900=100,jacks2019,observed
1912,real_price_minerals,potash,83.96,index_1900=100,jacks2019,observed
1913,real_price_minerals,potash,78.85,index_1900=100,jacks2019,observed
1914,real_price_minerals,potash,80.94,index_1900=100,jacks2019,observed
1915,real_price_minerals,potash,116.26,index_1900=100,jacks2019,observed
1916,real_price_minerals,potash,583.38,index_1900=100,jacks2019,observed
1917,real_price_minerals,potash,452.29,index_1900=100,jacks2019,observed
1918,real_price_minerals,potash,376.79,index_1900=100,jacks2019,observed
1919,real_price_minerals,potash,162.57,index_1900=100,jacks2019,observed
1920,real_price_minerals,potash,118.7,index_1900=100,jacks2019,observed
1921,real_price_minerals,potash,90.67,index_1900=100,jacks2019,observed
1922,real_price_minerals,potash,46.84,index_1900=100,jacks2019,observed
1923,real_price_minerals,potash,46.45,index_1900=100,jacks2019,observed
1924,real_price_minerals,potash,43.69,index_1900=100,jacks2019,observed
1925,real_price_minerals,potash,43.11,index_1900=100,jacks2019,observed
1926,real_price_minerals,potash,51.66,index_1900=100,jacks2019,observed
1927,real_price_minerals,potash,55.78,index_1900=100,jacks2019,observed
1928,real_price_minerals,potash,52.15,index_1900=100,jacks2019,observed
1929,real_price_minerals,potash,55.62,index_1900=100,jacks2019,observed
1930,real_price_minerals,potash,56.31,index_1900=100,jacks2019,observed
1931,real_price_minerals,potash,63.05,index_1900=100,jacks2019,observed
1932,real_price_minerals,potash,64.67,index_1900=100,jacks2019,observed
1933,real_price_minerals,potash,58.03,index_1900=100,jacks2019,observed
1934,real_price_minerals,potash,51.45,index_1900=100,jacks2019,observed
1935,real_price_minerals,potash,37.36,index_1900=100,jacks2019,observed
1936,real_price_minerals,potash,43.71,index_1900=100,jacks2019,observed
1937,real_price_minerals,potash,42.71,index_1900=100,jacks2019,observed
1938,real_price_minerals,potash,45.64,index_1900=100,jacks2019,observed
1939,real_price_minerals,potash,38.36,index_1900=100,jacks2019,observed
1940,real_price_minerals,potash,30.11,index_1900=100,jacks2019,observed
1941,real_price_minerals,potash,33.14,index_1900=100,jacks2019,observed
1942,real_price_minerals,potash,25.54,index_1900=100,jacks2019,observed
1943,real_price_minerals,potash,23.85,index_1900=100,jacks2019,observed
1944,real_price_minerals,potash,25.98,index_1900=100,jacks2019,observed
1945,real_price_minerals,potash,25.33,index_1900=100,jacks2019,observed
1946,real_price_minerals,potash,21.37,index_1900=100,jacks2019,observed
1947,real_price_minerals,potash,17.25,index_1900=100,jacks2019,observed
1948,real_price_minerals,potash,15.85,index_1900=100,jacks2019,observed
1949,real_price_minerals,potash,16.26,index_1900=100,jacks2019,observed
1950,real_price_minerals,potash,21.46,index_1900=100,jacks2019,observed
1951,real_price_minerals,potash,19.7,index_1900=100,jacks2019,observed
1952,real_price_minerals,potash,20.11,index_1900=100,jacks2019,observed
1953,real_price_minerals,potash,20.1,index_1900=100,jacks2019,observed
1954,real_price_minerals,potash,19.27,index_1900=100,jacks2019,observed
1955,real_price_minerals,potash,19.57,index_1900=100,jacks2019,observed
1956,real_price_minerals,potash,18.78,index_1900=100,jacks2019,observed
1957,real_price_minerals,potash,17.25,index_1900=100,jacks2019,observed
1958,real_price_minerals,potash,15.77,index_1900=100,jacks2019,observed
1959,real_price_minerals,potash,16.02,index_1900=100,jacks2019,observed
1960,real_price_minerals,potash,15.35,index_1900=100,jacks2019,observed
1961,real_price_minerals,potash,16.0,index_1900=100,jacks2019,observed
1962,real_price_minerals,potash,15.82,index_1900=100,jacks2019,observed
1963,real_price_minerals,potash,15.63,index_1900=100,jacks2019,observed
1964,real_price_minerals,potash,16.71,index_1900=100,jacks2019,observed
1965,real_price_minerals,potash,14.91,index_1900=100,jacks2019,observed
1966,real_price_minerals,potash,13.52,index_1900=100,jacks2019,observed
1967,real_price_minerals,potash,12.18,index_1900=100,jacks2019,observed
1968,real_price_minerals,potash,11.0,index_1900=100,jacks2019,observed
1969,real_price_minerals,potash,9.57,index_1900=100,jacks2019,observed
1970,real_price_minerals,potash,12.94,index_1900=100,jacks2019,observed
1971,real_price_minerals,potash,12.8,index_1900=100,jacks2019,observed
1972,real_price_minerals,potash,12.77,index_1900=100,jacks2019,observed
1973,real_price_minerals,potash,15.25,index_1900=100,jacks2019,observed
1974,real_price_minerals,potash,19.57,index_1900=100,jacks2019,observed
1975,real_price_minerals,potash,24.1,index_1900=100,jacks2019,observed
1976,real_price_minerals,potash,15.55,index_1900=100,jacks2019,observed
1977,real_price_minerals,potash,14.55,index_1900=100,jacks2019,observed
1978,real_price_minerals,potash,14.44,index_1900=100,jacks2019,observed
1979,real_price_minerals,potash,16.81,index_1900=100,jacks2019,observed
1980,real_price_minerals,potash,20.63,index_1900=100,jacks2019,observed
1981,real_price_minerals,potash,19.33,index_1900=100,jacks2019,observed
1982,real_price_minerals,potash,13.76,index_1900=100,jacks2019,observed
1983,real_price_minerals,potash,11.92,index_1900=100,jacks2019,observed
1984,real_price_minerals,potash,12.92,index_1900=100,jacks2019,observed
1985,real_price_minerals,potash,12.34,index_1900=100,jacks2019,observed
1986,real_price_minerals,potash,10.62,index_1900=100,jacks2019,observed
1987,real_price_minerals,potash,9.45,index_1900=100,jacks2019,observed
1988,real_price_minerals,potash,11.71,index_1900=100,jacks2019,observed
1989,real_price_minerals,potash,12.65,index_1900=100,jacks2019,observed
1990,real_price_minerals,potash,11.55,index_1900=100,jacks2019,observed
1991,real_price_minerals,potash,12.47,index_1900=100,jacks2019,observed
1992,real_price_minerals,potash,12.71,index_1900=100,jacks2019,observed
1993,real_price_minerals,potash,12.43,index_1900=100,jacks2019,observed
1994,real_price_minerals,potash,12.11,index_1900=100,jacks2019,observed
1995,real_price_minerals,potash,11.78,index_1900=100,jacks2019,observed
1996,real_price_minerals,potash,11.44,index_1900=100,jacks2019,observed
1997,real_price_minerals,potash,11.18,index_1900=100,jacks2019,observed
1998,real_price_minerals,potash,11.01,index_1900=100,jacks2019,observed
1999,real_price_minerals,potash,10.77,index_1900=100,jacks2019,observed
2000,real_price_minerals,potash,10.42,index_1900=100,jacks2019,observed
2001,real_price_minerals,potash,10.13,index_1900=100,jacks2019,observed
2002,real_price_minerals,potash,9.98,index_1900=100,jacks2019,observed
2003,real_price_minerals,potash,9.75,index_1900=100,jacks2019,observed
2004,real_price_minerals,potash,10.6,index_1900=100,jacks2019,observed
2005,real_price_minerals,potash,12.66,index_1900=100,jacks2019,observed
2006,real_price_minerals,potash,14.11,index_1900=100,jacks2019,observed
2007,real_price_minerals,potash,15.04,index_1900=100,jacks2019,observed
2008,real_price_minerals,potash,33.79,index_1900=100,jacks2019,observed
2009,real_price_minerals,potash,41.53,index_1900=100,jacks2019,observed
2010,real_price_minerals,potash,24.3,index_1900=100,jacks2019,observed
2011,real_price_minerals,potash,27.86,index_1900=100,jacks2019,observed
2012,real_price_minerals,potash,32.34,index_1900=100,jacks2019,observed
2013,real_price_minerals,potash,27.05,index_1900=100,jacks2019,observed
2014,real_price_minerals,potash,19.99,index_1900=100,jacks2019,observed
2015,real_price_minerals,potash,19.93,index_1900=100,jacks2019,observed
2016,real_price_minerals,potash,17.31,index_1900=100,jacks2019,observed
2017,real_price_minerals,potash,14.2,index_1900=100,jacks2019,observed
2018,real_price_minerals,potash,13.69,index_1900=100,jacks2019,observed
2019,real_price_minerals,potash,15.94,index_1900=100,jacks2019,observed
2020,real_price_minerals,potash,14.86,index_1900=100,jacks2019,observed
2021,real_price_minerals,potash,31.96,index_1900=100,jacks2019,observed
2022,real_price_minerals,potash,47.07,index_1900=100,jacks2019,observed
2023,real_price_minerals,potash,20.07,index_1900=100,jacks2019,observed
2024,real_price_minerals,potash,15.01,index_1900=100,jacks2019,observed
2025,real_price_minerals,potash,17.22,index_1900=100,jacks2019,observed
1870,real_price_minerals,sulfur,156.43,index_1900=100,jacks2019,observed
1871,real_price_minerals,sulfur,164.76,index_1900=100,jacks2019,observed
1872,real_price_minerals,sulfur,120.91,index_1900=100,jacks2019,observed
1873,real_price_minerals,sulfur,163.33,index_1900=100,jacks2019,observed
1874,real_price_minerals,sulfur,129.67,index_1900=100,jacks2019,observed
1875,real_price_minerals,sulfur,142.46,index_1900=100,jacks2019,observed
1876,real_price_minerals,sulfur,140.48,index_1900=100,jacks2019,observed
1877,real_price_minerals,sulfur,120.3,index_1900=100,jacks2019,observed
1878,real_price_minerals,sulfur,119.74,index_1900=100,jacks2019,observed
1879,real_price_minerals,sulfur,108.85,index_1900=100,jacks2019,observed
1880,real_price_minerals,sulfur,116.84,index_1900=100,jacks2019,observed
1881,real_price_minerals,sulfur,135.95,index_1900=100,jacks2019,observed
1882,real_price_minerals,sulfur,142.33,index_1900=100,jacks2019,observed
1883,real_price_minerals,sulfur,112.74,index_1900=100,jacks2019,observed
1884,real_price_minerals,sulfur,110.68,index_1900=100,jacks2019,observed
1885,real_price_minerals,sulfur,97.88,index_1900=100,jacks2019,observed
1886,real_price_minerals,sulfur,103.87,index_1900=100,jacks2019,observed
1887,real_price_minerals,sulfur,92.09,index_1900=100,jacks2019,observed
1888,real_price_minerals,sulfur,91.33,index_1900=100,jacks2019,observed
1889,real_price_minerals,sulfur,103.84,index_1900=100,jacks2019,observed
1890,real_price_minerals,sulfur,92.29,index_1900=100,jacks2019,observed
1891,real_price_minerals,sulfur,124.91,index_1900=100,jacks2019,observed
1892,real_price_minerals,sulfur,105.82,index_1900=100,jacks2019,observed
1893,real_price_minerals,sulfur,82.89,index_1900=100,jacks2019,observed
1894,real_price_minerals,sulfur,76.65,index_1900=100,jacks2019,observed
1895,real_price_minerals,sulfur,73.97,index_1900=100,jacks2019,observed
1896,real_price_minerals,sulfur,85.0,index_1900=100,jacks2019,observed
1897,real_price_minerals,sulfur,96.01,index_1900=100,jacks2019,observed
1898,real_price_minerals,sulfur,109.97,index_1900=100,jacks2019,observed
1899,real_price_minerals,sulfur,101.24,index_1900=100,jacks2019,observed
1900,real_price_minerals,sulfur,100.0,index_1900=100,jacks2019,observed
1901,real_price_minerals,sulfur,51.98,index_1900=100,jacks2019,observed
1902,real_price_minerals,sulfur,44.94,index_1900=100,jacks2019,observed
1903,real_price_minerals,sulfur,46.0,index_1900=100,jacks2019,observed
1904,real_price_minerals,sulfur,98.88,index_1900=100,jacks2019,observed
1905,real_price_minerals,sulfur,140.25,index_1900=100,jacks2019,observed
1906,real_price_minerals,sulfur,142.95,index_1900=100,jacks2019,observed
1907,real_price_minerals,sulfur,187.34,index_1900=100,jacks2019,observed
1908,real_price_minerals,sulfur,151.94,index_1900=100,jacks2019,observed
1909,real_price_minerals,sulfur,172.63,index_1900=100,jacks2019,observed
1910,real_price_minerals,sulfur,160.78,index_1900=100,jacks2019,observed
1911,real_price_minerals,sulfur,160.78,index_1900=100,jacks2019,observed
1912,real_price_minerals,sulfur,152.19,index_1900=100,jacks2019,observed
1913,real_price_minerals,sulfur,150.76,index_1900=100,jacks2019,observed
1914,real_price_minerals,sulfur,154.54,index_1900=100,jacks2019,observed
1915,real_price_minerals,sulfur,142.58,index_1900=100,jacks2019,observed
1916,real_price_minerals,sulfur,123.44,index_1900=100,jacks2019,observed
1917,real_price_minerals,sulfur,137.69,index_1900=100,jacks2019,observed
1918,real_price_minerals,sulfur,120.54,index_1900=100,jacks2019,observed
1919,real_price_minerals,sulfur,72.05,index_1900=100,jacks2019,observed
1920,real_price_minerals,sulfur,81.4,index_1900=100,jacks2019,observed
1921,real_price_minerals,sulfur,81.79,index_1900=100,jacks2019,observed
1922,real_price_minerals,sulfur,80.32,index_1900=100,jacks2019,observed
1923,real_price_minerals,sulfur,77.43,index_1900=100,jacks2019,observed
1924,real_price_minerals,sulfur,78.28,index_1900=100,jacks2019,observed
1925,real_price_minerals,sulfur,70.63,index_1900=100,jacks2019,observed
1926,real_price_minerals,sulfur,81.3,index_1900=100,jacks2019,observed
1927,real_price_minerals,sulfur,84.28,index_1900=100,jacks2019,observed
1928,real_price_minerals,sulfur,82.05,index_1900=100,jacks2019,observed
1929,real_price_minerals,sulfur,82.54,index_1900=100,jacks2019,observed
1930,real_price_minerals,sulfur,83.66,index_1900=100,jacks2019,observed
1931,real_price_minerals,sulfur,89.54,index_1900=100,jacks2019,observed
1932,real_price_minerals,sulfur,102.89,index_1900=100,jacks2019,observed
1933,real_price_minerals,sulfur,107.16,index_1900=100,jacks2019,observed
1934,real_price_minerals,sulfur,99.97,index_1900=100,jacks2019,observed
1935,real_price_minerals,sulfur,95.66,index_1900=100,jacks2019,observed
1936,real_price_minerals,sulfur,95.97,index_1900=100,jacks2019,observed
1937,real_price_minerals,sulfur,94.38,index_1900=100,jacks2019,observed
1938,real_price_minerals,sulfur,86.09,index_1900=100,jacks2019,observed
1939,real_price_minerals,sulfur,85.53,index_1900=100,jacks2019,observed
1940,real_price_minerals,sulfur,85.27,index_1900=100,jacks2019,observed
1941,real_price_minerals,sulfur,82.92,index_1900=100,jacks2019,observed
1942,real_price_minerals,sulfur,73.39,index_1900=100,jacks2019,observed
1943,real_price_minerals,sulfur,68.18,index_1900=100,jacks2019,observed
1944,real_price_minerals,sulfur,71.3,index_1900=100,jacks2019,observed
1945,real_price_minerals,sulfur,72.5,index_1900=100,jacks2019,observed
1946,real_price_minerals,sulfur,65.08,index_1900=100,jacks2019,observed
1947,real_price_minerals,sulfur,59.92,index_1900=100,jacks2019,observed
1948,real_price_minerals,sulfur,56.63,index_1900=100,jacks2019,observed
1949,real_price_minerals,sulfur,57.18,index_1900=100,jacks2019,observed
1950,real_price_minerals,sulfur,61.84,index_1900=100,jacks2019,observed
1951,real_price_minerals,sulfur,63.11,index_1900=100,jacks2019,observed
1952,real_price_minerals,sulfur,62.07,index_1900=100,jacks2019,observed
1953,real_price_minerals,sulfur,76.0,index_1900=100,jacks2019,observed
1954,real_price_minerals,sulfur,75.32,index_1900=100,jacks2019,observed
1955,real_price_minerals,sulfur,79.66,index_1900=100,jacks2019,observed
1956,real_price_minerals,sulfur,74.18,index_1900=100,jacks2019,observed
1957,real_price_minerals,sulfur,65.08,index_1900=100,jacks2019,observed
1958,real_price_minerals,sulfur,67.69,index_1900=100,jacks2019,observed
1959,real_price_minerals,sulfur,66.27,index_1900=100,jacks2019,observed
1960,real_price_minerals,sulfur,64.4,index_1900=100,jacks2019,observed
1961,real_price_minerals,sulfur,63.75,index_1900=100,jacks2019,observed
1962,real_price_minerals,sulfur,59.44,index_1900=100,jacks2019,observed
1963,real_price_minerals,sulfur,53.55,index_1900=100,jacks2019,observed
1964,real_price_minerals,sulfur,53.38,index_1900=100,jacks2019,observed
1965,real_price_minerals,sulfur,58.58,index_1900=100,jacks2019,observed
1966,real_price_minerals,sulfur,65.21,index_1900=100,jacks2019,observed
1967,real_price_minerals,sulfur,80.4,index_1900=100,jacks2019,observed
1968,real_price_minerals,sulfur,93.76,index_1900=100,jacks2019,observed
1969,real_price_minerals,sulfur,60.69,index_1900=100,jacks2019,observed
1970,real_price_minerals,sulfur,49.11,index_1900=100,jacks2019,observed
1971,real_price_minerals,sulfur,35.52,index_1900=100,jacks2019,observed
1972,real_price_minerals,sulfur,33.58,index_1900=100,jacks2019,observed
1973,real_price_minerals,sulfur,33.12,index_1900=100,jacks2019,observed
1974,real_price_minerals,sulfur,48.16,index_1900=100,jacks2019,observed
1975,real_price_minerals,sulfur,69.77,index_1900=100,jacks2019,observed
1976,real_price_minerals,sulfur,67.14,index_1900=100,jacks2019,observed
1977,real_price_minerals,sulfur,61.28,index_1900=100,jacks2019,observed
1978,real_price_minerals,sulfur,57.98,index_1900=100,jacks2019,observed
1979,real_price_minerals,sulfur,64.33,index_1900=100,jacks2019,observed
1980,real_price_minerals,sulfur,90.48,index_1900=100,jacks2019,observed
1981,real_price_minerals,sulfur,102.12,index_1900=100,jacks2019,observed
1982,real_price_minerals,sulfur,93.63,index_1900=100,jacks2019,observed
1983,real_price_minerals,sulfur,73.24,index_1900=100,jacks2019,observed
1984,real_price_minerals,sulfur,75.93,index_1900=100,jacks2019,observed
1985,real_price_minerals,sulfur,82.41,index_1900=100,jacks2019,observed
1986,real_price_minerals,sulfur,80.15,index_1900=100,jacks2019,observed
1987,real_price_minerals,sulfur,66.13,index_1900=100,jacks2019,observed
1988,real_price_minerals,sulfur,60.82,index_1900=100,jacks2019,observed
1989,real_price_minerals,sulfur,58.43,index_1900=100,jacks2019,observed
1990,real_price_minerals,sulfur,51.27,index_1900=100,jacks2019,observed
1991,real_price_minerals,sulfur,43.92,index_1900=100,jacks2019,observed
1992,real_price_minerals,sulfur,28.68,index_1900=100,jacks2019,observed
1993,real_price_minerals,sulfur,18.47,index_1900=100,jacks2019,observed
1994,real_price_minerals,sulfur,16.99,index_1900=100,jacks2019,observed
1995,real_price_minerals,sulfur,24.43,index_1900=100,jacks2019,observed
1996,real_price_minerals,sulfur,18.18,index_1900=100,jacks2019,observed
1997,real_price_minerals,sulfur,18.82,index_1900=100,jacks2019,observed
1998,real_price_minerals,sulfur,14.94,index_1900=100,jacks2019,observed
1999,real_price_minerals,sulfur,18.98,index_1900=100,jacks2019,observed
2000,real_price_minerals,sulfur,12.0,index_1900=100,jacks2019,observed
2001,real_price_minerals,sulfur,4.72,index_1900=100,jacks2019,observed
2002,real_price_minerals,sulfur,5.49,index_1900=100,jacks2019,observed
2003,real_price_minerals,sulfur,13.05,index_1900=100,jacks2019,observed
2004,real_price_minerals,sulfur,14.44,index_1900=100,jacks2019,observed
2005,real_price_minerals,sulfur,13.19,index_1900=100,jacks2019,observed
2006,real_price_minerals,sulfur,13.65,index_1900=100,jacks2019,observed
2007,real_price_minerals,sulfur,13.27,index_1900=100,jacks2019,observed
2008,real_price_minerals,sulfur,10.26,index_1900=100,jacks2019,observed
2009,real_price_minerals,sulfur,6.63,index_1900=100,jacks2019,observed
2010,real_price_minerals,sulfur,26.93,index_1900=100,jacks2019,observed
2011,real_price_minerals,sulfur,59.5,index_1900=100,jacks2019,observed
2012,real_price_minerals,sulfur,45.04,index_1900=100,jacks2019,observed
2013,real_price_minerals,sulfur,24.69,index_1900=100,jacks2019,observed
2014,real_price_minerals,sulfur,28.31,index_1900=100,jacks2019,observed
2015,real_price_minerals,sulfur,30.94,index_1900=100,jacks2019,observed
2016,real_price_minerals,sulfur,13.21,index_1900=100,jacks2019,observed
2017,real_price_minerals,sulfur,15.85,index_1900=100,jacks2019,observed
2018,real_price_minerals,sulfur,27.07,index_1900=100,jacks2019,observed
2019,real_price_minerals,sulfur,16.73,index_1900=100,jacks2019,observed
2020,real_price_minerals,sulfur,7.96,index_1900=100,jacks2019,observed
2021,real_price_minerals,sulfur,28.08,index_1900=100,jacks2019,observed
2022,real_price_minerals,sulfur,51.06,index_1900=100,jacks2019,observed
2023,real_price_minerals,sulfur,27.47,index_1900=100,jacks2019,observed
2024,real_price_minerals,sulfur,25.62,index_1900=100,jacks2019,observed
2025,real_price_minerals,sulfur,45.5,index_1900=100,jacks2019,observed
1850,real_price_precious_metals,gold,107.53,index_1900=100,jacks2019,observed
1851,real_price_precious_metals,gold,109.85,index_1900=100,jacks2019,observed
1852,real_price_precious_metals,gold,108.68,index_1900=100,jacks2019,observed
1853,real_price_precious_metals,gold,108.68,index_1900=100,jacks2019,observed
1854,real_price_precious_metals,gold,100.0,index_1900=100,jacks2019,observed
1855,real_price_precious_metals,gold,97.14,index_1900=100,jacks2019,observed
1856,real_price_precious_metals,gold,99.03,index_1900=100,jacks2019,observed
1857,real_price_precious_metals,gold,96.33,index_1900=100,jacks2019,observed
1858,real_price_precious_metals,gold,102.01,index_1900=100,jacks2019,observed
1859,real_price_precious_metals,gold,100.99,index_1900=100,jacks2019,observed
1860,real_price_precious_metals,gold,100.99,index_1900=100,jacks2019,observed
1861,real_price_precious_metals,gold,99.21,index_1900=100,jacks2019,observed
1862,real_price_precious_metals,gold,116.32,index_1900=100,jacks2019,observed
1863,real_price_precious_metals,gold,118.71,index_1900=100,jacks2019,observed
1864,real_price_precious_metals,gold,97.81,index_1900=100,jacks2019,observed
1865,real_price_precious_metals,gold,73.02,index_1900=100,jacks2019,observed
1866,real_price_precious_metals,gold,73.67,index_1900=100,jacks2019,observed
1867,real_price_precious_metals,gold,79.82,index_1900=100,jacks2019,observed
1868,real_price_precious_metals,gold,80.34,index_1900=100,jacks2019,observed
1869,real_price_precious_metals,gold,74.1,index_1900=100,jacks2019,observed
1870,real_price_precious_metals,gold,71.97,index_1900=100,jacks2019,observed
1871,real_price_precious_metals,gold,77.07,index_1900=100,jacks2019,observed
1872,real_price_precious_metals,gold,78.9,index_1900=100,jacks2019,observed
1873,real_price_precious_metals,gold,77.94,index_1900=100,jacks2019,observed
1874,real_price_precious_metals,gold,83.6,index_1900=100,jacks2019,observed
1875,real_price_precious_metals,gold,86.87,index_1900=100,jacks2019,observed
1876,real_price_precious_metals,gold,83.7,index_1900=100,jacks2019,observed
1877,real_price_precious_metals,gold,81.54,index_1900=100,jacks2019,observed
1878,real_price_precious_metals,gold,84.26,index_1900=100,jacks2019,observed
1879,real_price_precious_metals,gold,84.18,index_1900=100,jacks2019,observed
1880,real_price_precious_metals,gold,82.14,index_1900=100,jacks2019,observed
1881,real_price_precious_metals,gold,82.14,index_1900=100,jacks2019,observed
1882,real_price_precious_metals,gold,82.14,index_1900=100,jacks2019,observed
1883,real_price_precious_metals,gold,83.83,index_1900=100,jacks2019,observed
1884,real_price_precious_metals,gold,85.59,index_1900=100,jacks2019,observed
1885,real_price_precious_metals,gold,87.34,index_1900=100,jacks2019,observed
1886,real_price_precious_metals,gold,89.25,index_1900=100,jacks2019,observed
1887,real_price_precious_metals,gold,88.29,index_1900=100,jacks2019,observed
1888,real_price_precious_metals,gold,88.29,index_1900=100,jacks2019,observed
1889,real_price_precious_metals,gold,91.26,index_1900=100,jacks2019,observed
1890,real_price_precious_metals,gold,92.29,index_1900=100,jacks2019,observed
1891,real_price_precious_metals,gold,92.29,index_1900=100,jacks2019,observed
1892,real_price_precious_metals,gold,92.29,index_1900=100,jacks2019,observed
1893,real_price_precious_metals,gold,93.35,index_1900=100,jacks2019,observed
1894,real_price_precious_metals,gold,97.6,index_1900=100,jacks2019,observed
1895,real_price_precious_metals,gold,100.0,index_1900=100,jacks2019,observed
1896,real_price_precious_metals,gold,100.0,index_1900=100,jacks2019,observed
1897,real_price_precious_metals,gold,101.24,index_1900=100,jacks2019,observed
1898,real_price_precious_metals,gold,101.24,index_1900=100,jacks2019,observed
1899,real_price_precious_metals,gold,101.24,index_1900=100,jacks2019,observed
1900,real_price_precious_metals,gold,100.0,index_1900=100,jacks2019,observed
1901,real_price_precious_metals,gold,98.79,index_1900=100,jacks2019,observed
1902,real_price_precious_metals,gold,97.6,index_1900=100,jacks2019,observed
1903,real_price_precious_metals,gold,95.43,index_1900=100,jacks2019,observed
1904,real_price_precious_metals,gold,94.32,index_1900=100,jacks2019,observed
1905,real_price_precious_metals,gold,95.43,index_1900=100,jacks2019,observed
1906,real_price_precious_metals,gold,93.35,index_1900=100,jacks2019,observed
1907,real_price_precious_metals,gold,89.35,index_1900=100,jacks2019,observed
1908,real_price_precious_metals,gold,91.26,index_1900=100,jacks2019,observed
1909,real_price_precious_metals,gold,92.29,index_1900=100,jacks2019,observed
1910,real_price_precious_metals,gold,88.38,index_1900=100,jacks2019,observed
1911,real_price_precious_metals,gold,88.38,index_1900=100,jacks2019,observed
1912,real_price_precious_metals,gold,86.6,index_1900=100,jacks2019,observed
1913,real_price_precious_metals,gold,84.79,index_1900=100,jacks2019,observed
1914,real_price_precious_metals,gold,84.0,index_1900=100,jacks2019,observed
1915,real_price_precious_metals,gold,83.57,index_1900=100,jacks2019,observed
1916,real_price_precious_metals,gold,76.5,index_1900=100,jacks2019,observed
1917,real_price_precious_metals,gold,63.49,index_1900=100,jacks2019,observed
1918,real_price_precious_metals,gold,54.05,index_1900=100,jacks2019,observed
1919,real_price_precious_metals,gold,47.05,index_1900=100,jacks2019,observed
1920,real_price_precious_metals,gold,40.62,index_1900=100,jacks2019,observed
1921,real_price_precious_metals,gold,45.47,index_1900=100,jacks2019,observed
1922,real_price_precious_metals,gold,48.54,index_1900=100,jacks2019,observed
1923,real_price_precious_metals,gold,47.69,index_1900=100,jacks2019,observed
1924,real_price_precious_metals,gold,47.6,index_1900=100,jacks2019,observed
1925,real_price_precious_metals,gold,46.43,index_1900=100,jacks2019,observed
1926,real_price_precious_metals,gold,45.99,index_1900=100,jacks2019,observed
1927,real_price_precious_metals,gold,46.86,index_1900=100,jacks2019,observed
1928,real_price_precious_metals,gold,47.52,index_1900=100,jacks2019,observed
1929,real_price_precious_metals,gold,47.52,index_1900=100,jacks2019,observed
1930,real_price_precious_metals,gold,48.74,index_1900=100,jacks2019,observed
1931,real_price_precious_metals,gold,53.45,index_1900=100,jacks2019,observed
1932,real_price_precious_metals,gold,65.62,index_1900=100,jacks2019,observed
1933,real_price_precious_metals,gold,102.48,index_1900=100,jacks2019,observed
1934,real_price_precious_metals,gold,102.94,index_1900=100,jacks2019,observed
1935,real_price_precious_metals,gold,100.39,index_1900=100,jacks2019,observed
1936,real_price_precious_metals,gold,99.45,index_1900=100,jacks2019,observed
1937,real_price_precious_metals,gold,95.98,index_1900=100,jacks2019,observed
1938,real_price_precious_metals,gold,97.82,index_1900=100,jacks2019,observed
1939,real_price_precious_metals,gold,98.03,index_1900=100,jacks2019,observed
1940,real_price_precious_metals,gold,96.72,index_1900=100,jacks2019,observed
1941,real_price_precious_metals,gold,94.3,index_1900=100,jacks2019,observed
1942,real_price_precious_metals,gold,86.88,index_1900=100,jacks2019,observed
1943,real_price_precious_metals,gold,82.47,index_1900=100,jacks2019,observed
1944,real_price_precious_metals,gold,82.56,index_1900=100,jacks2019,observed
1945,real_price_precious_metals,gold,83.64,index_1900=100,jacks2019,observed
1946,real_price_precious_metals,gold,77.97,index_1900=100,jacks2019,observed
1947,real_price_precious_metals,gold,75.1,index_1900=100,jacks2019,observed
1948,real_price_precious_metals,gold,68.82,index_1900=100,jacks2019,observed
1949,real_price_precious_metals,gold,65.84,index_1900=100,jacks2019,observed
1950,real_price_precious_metals,gold,67.34,index_1900=100,jacks2019,observed
1951,real_price_precious_metals,gold,60.39,index_1900=100,jacks2019,observed
1952,real_price_precious_metals,gold,56.62,index_1900=100,jacks2019,observed
1953,real_price_precious_metals,gold,52.43,index_1900=100,jacks2019,observed
1954,real_price_precious_metals,gold,51.62,index_1900=100,jacks2019,observed
1955,real_price_precious_metals,gold,51.69,index_1900=100,jacks2019,observed
1956,real_price_precious_metals,gold,50.96,index_1900=100,jacks2019,observed
1957,real_price_precious_metals,gold,49.31,index_1900=100,jacks2019,observed
1958,real_price_precious_metals,gold,48.0,index_1900=100,jacks2019,observed
1959,real_price_precious_metals,gold,47.6,index_1900=100,jacks2019,observed
1960,real_price_precious_metals,gold,46.89,index_1900=100,jacks2019,observed
1961,real_price_precious_metals,gold,46.4,index_1900=100,jacks2019,observed
1962,real_price_precious_metals,gold,45.85,index_1900=100,jacks2019,observed
1963,real_price_precious_metals,gold,45.13,index_1900=100,jacks2019,observed
1964,real_price_precious_metals,gold,44.55,index_1900=100,jacks2019,observed
1965,real_price_precious_metals,gold,43.82,index_1900=100,jacks2019,observed
1966,real_price_precious_metals,gold,42.62,index_1900=100,jacks2019,observed
1967,real_price_precious_metals,gold,41.21,index_1900=100,jacks2019,observed
1968,real_price_precious_metals,gold,44.05,index_1900=100,jacks2019,observed
1969,real_price_precious_metals,gold,44.12,index_1900=100,jacks2019,observed
1970,real_price_precious_metals,gold,36.44,index_1900=100,jacks2019,observed
1971,real_price_precious_metals,gold,39.67,index_1900=100,jacks2019,observed
1972,real_price_precious_metals,gold,54.73,index_1900=100,jacks2019,observed
1973,real_price_precious_metals,gold,86.23,index_1900=100,jacks2019,observed
1974,real_price_precious_metals,gold,127.13,index_1900=100,jacks2019,observed
1975,real_price_precious_metals,gold,117.78,index_1900=100,jacks2019,observed
1976,real_price_precious_metals,gold,86.32,index_1900=100,jacks2019,observed
1977,real_price_precious_metals,gold,95.98,index_1900=100,jacks2019,observed
1978,real_price_precious_metals,gold,116.68,index_1900=100,jacks2019,observed
1979,real_price_precious_metals,gold,166.42,index_1900=100,jacks2019,observed
1980,real_price_precious_metals,gold,290.58,index_1900=100,jacks2019,observed
1981,real_price_precious_metals,gold,199.11,index_1900=100,jacks2019,observed
1982,real_price_precious_metals,gold,153.36,index_1900=100,jacks2019,observed
1983,real_price_precious_metals,gold,167.06,index_1900=100,jacks2019,observed
1984,real_price_precious_metals,gold,136.63,index_1900=100,jacks2019,observed
1985,real_price_precious_metals,gold,116.35,index_1900=100,jacks2019,observed
1986,real_price_precious_metals,gold,132.12,index_1900=100,jacks2019,observed
1987,real_price_precious_metals,gold,154.77,index_1900=100,jacks2019,observed
1988,real_price_precious_metals,gold,145.49,index_1900=100,jacks2019,observed
1989,real_price_precious_metals,gold,121.14,index_1900=100,jacks2019,observed
1990,real_price_precious_metals,gold,115.54,index_1900=100,jacks2019,observed
1991,real_price_precious_metals,gold,104.72,index_1900=100,jacks2019,observed
1992,real_price_precious_metals,gold,96.48,index_1900=100,jacks2019,observed
1993,real_price_precious_metals,gold,98.05,index_1900=100,jacks2019,observed
1994,real_price_precious_metals,gold,102.04,index_1900=100,jacks2019,observed
1995,real_price_precious_metals,gold,99.27,index_1900=100,jacks2019,observed
1996,real_price_precious_metals,gold,97.31,index_1900=100,jacks2019,observed
1997,real_price_precious_metals,gold,81.24,index_1900=100,jacks2019,observed
1998,real_price_precious_metals,gold,71.07,index_1900=100,jacks2019,observed
1999,real_price_precious_metals,gold,65.89,index_1900=100,jacks2019,observed
2000,real_price_precious_metals,gold,63.81,index_1900=100,jacks2019,observed
2001,real_price_precious_metals,gold,60.26,index_1900=100,jacks2019,observed
2002,real_price_precious_metals,gold,67.85,index_1900=100,jacks2019,observed
2003,real_price_precious_metals,gold,77.8,index_1900=100,jacks2019,observed
2004,real_price_precious_metals,gold,85.31,index_1900=100,jacks2019,observed
2005,real_price_precious_metals,gold,89.7,index_1900=100,jacks2019,observed
2006,real_price_precious_metals,gold,118.05,index_1900=100,jacks2019,observed
2007,real_price_precious_metals,gold,132.33,index_1900=100,jacks2019,observed
2008,real_price_precious_metals,gold,159.44,index_1900=100,jacks2019,observed
2009,real_price_precious_metals,gold,178.6,index_1900=100,jacks2019,observed
2010,real_price_precious_metals,gold,221.17,index_1900=100,jacks2019,observed
2011,real_price_precious_metals,gold,274.73,index_1900=100,jacks2019,observed
2012,real_price_precious_metals,gold,286.37,index_1900=100,jacks2019,observed
2013,real_price_precious_metals,gold,238.61,index_1900=100,jacks2019,observed
2014,real_price_precious_metals,gold,210.53,index_1900=100,jacks2019,observed
2015,real_price_precious_metals,gold,192.85,index_1900=100,jacks2019,observed
2016,real_price_precious_metals,gold,204.94,index_1900=100,jacks2019,observed
2017,real_price_precious_metals,gold,202.04,index_1900=100,jacks2019,observed
2018,real_price_precious_metals,gold,199.05,index_1900=100,jacks2019,observed
2019,real_price_precious_metals,gold,214.5,index_1900=100,jacks2019,observed
2020,real_price_precious_metals,gold,269.37,index_1900=100,jacks2019,observed
2021,real_price_precious_metals,gold,261.55,index_1900=100,jacks2019,observed
2022,real_price_precious_metals,gold,242.3,index_1900=100,jacks2019,observed
2023,real_price_precious_metals,gold,251.08,index_1900=100,jacks2019,observed
2024,real_price_precious_metals,gold,299.76,index_1900=100,jacks2019,observed
2025,real_price_precious_metals,gold,420.98,index_1900=100,jacks2019,observed
1900,real_price_precious_metals,platinum,100.0,index_1900=100,jacks2019,observed
1901,real_price_precious_metals,platinum,112.21,index_1900=100,jacks2019,observed
1902,real_price_precious_metals,platinum,127.79,index_1900=100,jacks2019,observed
1903,real_price_precious_metals,platinum,122.7,index_1900=100,jacks2019,observed
1904,real_price_precious_metals,platinum,113.96,index_1900=100,jacks2019,observed
1905,real_price_precious_metals,platinum,128.22,index_1900=100,jacks2019,observed
1906,real_price_precious_metals,platinum,148.85,index_1900=100,jacks2019,observed
1907,real_price_precious_metals,platinum,187.18,index_1900=100,jacks2019,observed
1908,real_price_precious_metals,platinum,128.21,index_1900=100,jacks2019,observed
1909,real_price_precious_metals,platinum,133.67,index_1900=100,jacks2019,observed
1910,real_price_precious_metals,platinum,153.23,index_1900=100,jacks2019,observed
1911,real_price_precious_metals,platinum,202.06,index_1900=100,jacks2019,observed
1912,real_price_precious_metals,platinum,209.15,index_1900=100,jacks2019,observed
1913,real_price_precious_metals,platinum,201.75,index_1900=100,jacks2019,observed
1914,real_price_precious_metals,platinum,201.06,index_1900=100,jacks2019,observed
1915,real_price_precious_metals,platinum,208.85,index_1900=100,jacks2019,observed
1916,real_price_precious_metals,platinum,338.29,index_1900=100,jacks2019,observed
1917,real_price_precious_metals,platinum,346.16,index_1900=100,jacks2019,observed
1918,real_price_precious_metals,platinum,303.63,index_1900=100,jacks2019,observed
1919,real_price_precious_metals,platinum,285.9,index_1900=100,jacks2019,observed
1920,real_price_precious_metals,platinum,238.83,index_1900=100,jacks2019,observed
1921,real_price_precious_metals,platinum,180.91,index_1900=100,jacks2019,observed
1922,real_price_precious_metals,platinum,251.22,index_1900=100,jacks2019,observed
1923,real_price_precious_metals,platinum,294.64,index_1900=100,jacks2019,observed
1924,real_price_precious_metals,platinum,299.88,index_1900=100,jacks2019,observed
1925,real_price_precious_metals,platinum,293.2,index_1900=100,jacks2019,observed
1926,real_price_precious_metals,platinum,266.95,index_1900=100,jacks2019,observed
1927,real_price_precious_metals,platinum,195.02,index_1900=100,jacks2019,observed
1928,real_price_precious_metals,platinum,191.59,index_1900=100,jacks2019,observed
1929,real_price_precious_metals,platinum,160.91,index_1900=100,jacks2019,observed
1930,real_price_precious_metals,platinum,109.72,index_1900=100,jacks2019,observed
1931,real_price_precious_metals,platinum,93.47,index_1900=100,jacks2019,observed
1932,real_price_precious_metals,platinum,107.6,index_1900=100,jacks2019,observed
1933,real_price_precious_metals,platinum,101.56,index_1900=100,jacks2019,observed
1934,real_price_precious_metals,platinum,113.23,index_1900=100,jacks2019,observed
1935,real_price_precious_metals,platinum,101.0,index_1900=100,jacks2019,observed
1936,real_price_precious_metals,platinum,127.85,index_1900=100,jacks2019,observed
1937,real_price_precious_metals,platinum,149.42,index_1900=100,jacks2019,observed
1938,real_price_precious_metals,platinum,105.71,index_1900=100,jacks2019,observed
1939,real_price_precious_metals,platinum,109.54,index_1900=100,jacks2019,observed
1940,real_price_precious_metals,platinum,112.62,index_1900=100,jacks2019,observed
1941,real_price_precious_metals,platinum,102.55,index_1900=100,jacks2019,observed
1942,real_price_precious_metals,platinum,93.07,index_1900=100,jacks2019,observed
1943,real_price_precious_metals,platinum,87.37,index_1900=100,jacks2019,observed
1944,real_price_precious_metals,platinum,85.83,index_1900=100,jacks2019,observed
1945,real_price_precious_metals,platinum,83.92,index_1900=100,jacks2019,observed
1946,real_price_precious_metals,platinum,128.15,index_1900=100,jacks2019,observed
1947,real_price_precious_metals,platinum,116.85,index_1900=100,jacks2019,observed
1948,real_price_precious_metals,platinum,157.01,index_1900=100,jacks2019,observed
1949,real_price_precious_metals,platinum,135.02,index_1900=100,jacks2019,observed
1950,real_price_precious_metals,platinum,139.08,index_1900=100,jacks2019,observed
1951,real_price_precious_metals,platinum,152.0,index_1900=100,jacks2019,observed
1952,real_price_precious_metals,platinum,153.74,index_1900=100,jacks2019,observed
1953,real_price_precious_metals,platinum,148.28,index_1900=100,jacks2019,observed
1954,real_price_precious_metals,platinum,138.33,index_1900=100,jacks2019,observed
1955,real_price_precious_metals,platinum,137.08,index_1900=100,jacks2019,observed
1956,real_price_precious_metals,platinum,163.98,index_1900=100,jacks2019,observed
1957,real_price_precious_metals,platinum,138.74,index_1900=100,jacks2019,observed
1958,real_price_precious_metals,platinum,99.51,index_1900=100,jacks2019,observed
1959,real_price_precious_metals,platinum,110.4,index_1900=100,jacks2019,observed
1960,real_price_precious_metals,platinum,121.24,index_1900=100,jacks2019,observed
1961,real_price_precious_metals,platinum,120.02,index_1900=100,jacks2019,observed
1962,real_price_precious_metals,platinum,118.68,index_1900=100,jacks2019,observed
1963,real_price_precious_metals,platinum,113.67,index_1900=100,jacks2019,observed
1964,real_price_precious_metals,platinum,122.63,index_1900=100,jacks2019,observed
1965,real_price_precious_metals,platinum,133.6,index_1900=100,jacks2019,observed
1966,real_price_precious_metals,platinum,132.12,index_1900=100,jacks2019,observed
1967,real_price_precious_metals,platinum,141.96,index_1900=100,jacks2019,observed
1968,real_price_precious_metals,platinum,144.85,index_1900=100,jacks2019,observed
1969,real_price_precious_metals,platinum,145.65,index_1900=100,jacks2019,observed
1970,real_price_precious_metals,platinum,146.72,index_1900=100,jacks2019,observed
1971,real_price_precious_metals,platinum,130.63,index_1900=100,jacks2019,observed
1972,real_price_precious_metals,platinum,130.64,index_1900=100,jacks2019,observed
1973,real_price_precious_metals,platinum,147.25,index_1900=100,jacks2019,observed
1974,real_price_precious_metals,platinum,161.27,index_1900=100,jacks2019,observed
1975,real_price_precious_metals,platinum,135.7,index_1900=100,jacks2019,observed
1976,real_price_precious_metals,platinum,120.58,index_1900=100,jacks2019,observed
1977,real_price_precious_metals,platinum,112.34,index_1900=100,jacks2019,observed
1978,real_price_precious_metals,platinum,171.88,index_1900=100,jacks2019,observed
1979,real_price_precious_metals,platinum,262.42,index_1900=100,jacks2019,observed
1980,real_price_precious_metals,platinum,354.53,index_1900=100,jacks2019,observed
1981,real_price_precious_metals,platinum,211.65,index_1900=100,jacks2019,observed
1982,real_price_precious_metals,platinum,146.31,index_1900=100,jacks2019,observed
1983,real_price_precious_metals,platinum,182.79,index_1900=100,jacks2019,observed
1984,real_price_precious_metals,platinum,148.11,index_1900=100,jacks2019,observed
1985,real_price_precious_metals,platinum,116.91,index_1900=100,jacks2019,observed
1986,real_price_precious_metals,platinum,182.48,index_1900=100,jacks2019,observed
1987,real_price_precious_metals,platinum,210.39,index_1900=100,jacks2019,observed
1988,real_price_precious_metals,platinum,192.8,index_1900=100,jacks2019,observed
1989,real_price_precious_metals,platinum,176.76,index_1900=100,jacks2019,observed
1990,real_price_precious_metals,platinum,155.18,index_1900=100,jacks2019,observed
1991,real_price_precious_metals,platinum,118.67,index_1900=100,jacks2019,observed
1992,real_price_precious_metals,platinum,110.26,index_1900=100,jacks2019,observed
1993,real_price_precious_metals,platinum,111.32,index_1900=100,jacks2019,observed
1994,real_price_precious_metals,platinum,117.61,index_1900=100,jacks2019,observed
1995,real_price_precious_metals,platinum,119.75,index_1900=100,jacks2019,observed
1996,real_price_precious_metals,platinum,108.85,index_1900=100,jacks2019,observed
1997,real_price_precious_metals,platinum,105.82,index_1900=100,jacks2019,observed
1998,real_price_precious_metals,platinum,98.23,index_1900=100,jacks2019,observed
1999,real_price_precious_metals,platinum,97.31,index_1900=100,jacks2019,observed
2000,real_price_precious_metals,platinum,136.02,index_1900=100,jacks2019,observed
2001,real_price_precious_metals,platinum,128.59,index_1900=100,jacks2019,observed
2002,real_price_precious_metals,platinum,128.98,index_1900=100,jacks2019,observed
2003,real_price_precious_metals,platinum,161.68,index_1900=100,jacks2019,observed
2004,real_price_precious_metals,platinum,192.46,index_1900=100,jacks2019,observed
2005,real_price_precious_metals,platinum,197.43,index_1900=100,jacks2019,observed
2006,real_price_precious_metals,platinum,243.36,index_1900=100,jacks2019,observed
2007,real_price_precious_metals,platinum,270.68,index_1900=100,jacks2019,observed
2008,real_price_precious_metals,platinum,314.52,index_1900=100,jacks2019,observed
2009,real_price_precious_metals,platinum,241.24,index_1900=100,jacks2019,observed
2010,real_price_precious_metals,platinum,317.49,index_1900=100,jacks2019,observed
2011,real_price_precious_metals,platinum,328.76,index_1900=100,jacks2019,observed
2012,real_price_precious_metals,platinum,290.51,index_1900=100,jacks2019,observed
2013,real_price_precious_metals,platinum,274.44,index_1900=100,jacks2019,observed
2014,real_price_precious_metals,platinum,251.36,index_1900=100,jacks2019,observed
2015,real_price_precious_metals,platinum,191.11,index_1900=100,jacks2019,observed
2016,real_price_precious_metals,platinum,176.88,index_1900=100,jacks2019,observed
2017,real_price_precious_metals,platinum,166.41,index_1900=100,jacks2019,observed
2018,real_price_precious_metals,platinum,150.64,index_1900=100,jacks2019,observed
2019,real_price_precious_metals,platinum,145.35,index_1900=100,jacks2019,observed
2020,real_price_precious_metals,platinum,146.8,index_1900=100,jacks2019,observed
2021,real_price_precious_metals,platinum,173.18,index_1900=100,jacks2019,observed
2022,real_price_precious_metals,platinum,141.33,index_1900=100,jacks2019,observed
2023,real_price_precious_metals,platinum,136.4,index_1900=100,jacks2019,observed
2024,real_price_precious_metals,platinum,130.96,index_1900=100,jacks2019,observed
2025,real_price_precious_metals,platinum,170.77,index_1900=100,jacks2019,observed
1850,real_price_precious_metals,silver,214.4,index_1900=100,jacks2019,observed
1851,real_price_precious_metals,silver,219.03,index_1900=100,jacks2019,observed
1852,real_price_precious_metals,silver,216.69,index_1900=100,jacks2019,observed
1853,real_price_precious_metals,silver,216.69,index_1900=100,jacks2019,observed
1854,real_price_precious_metals,silver,199.38,index_1900=100,jacks2019,observed
1855,real_price_precious_metals,silver,193.67,index_1900=100,jacks2019,observed
1856,real_price_precious_metals,silver,197.44,index_1900=100,jacks2019,observed
1857,real_price_precious_metals,silver,192.14,index_1900=100,jacks2019,observed
1858,real_price_precious_metals,silver,203.38,index_1900=100,jacks2019,observed
1859,real_price_precious_metals,silver,201.36,index_1900=100,jacks2019,observed
1860,real_price_precious_metals,silver,201.36,index_1900=100,jacks2019,observed
1861,real_price_precious_metals,silver,190.04,index_1900=100,jacks2019,observed
1862,real_price_precious_metals,silver,220.18,index_1900=100,jacks2019,observed
1863,real_price_precious_metals,silver,201.48,index_1900=100,jacks2019,observed
1864,real_price_precious_metals,silver,242.41,index_1900=100,jacks2019,observed
1865,real_price_precious_metals,silver,150.28,index_1900=100,jacks2019,observed
1866,real_price_precious_metals,silver,144.15,index_1900=100,jacks2019,observed
1867,real_price_precious_metals,silver,152.51,index_1900=100,jacks2019,observed
1868,real_price_precious_metals,silver,159.26,index_1900=100,jacks2019,observed
1869,real_price_precious_metals,silver,149.2,index_1900=100,jacks2019,observed
1870,real_price_precious_metals,silver,142.0,index_1900=100,jacks2019,observed
1871,real_price_precious_metals,silver,149.81,index_1900=100,jacks2019,observed
1872,real_price_precious_metals,silver,153.73,index_1900=100,jacks2019,observed
1873,real_price_precious_metals,silver,153.88,index_1900=100,jacks2019,observed
1874,real_price_precious_metals,silver,160.55,index_1900=100,jacks2019,observed
1875,real_price_precious_metals,silver,164.58,index_1900=100,jacks2019,observed
1876,real_price_precious_metals,silver,158.99,index_1900=100,jacks2019,observed
1877,real_price_precious_metals,silver,150.0,index_1900=100,jacks2019,observed
1878,real_price_precious_metals,silver,142.89,index_1900=100,jacks2019,observed
1879,real_price_precious_metals,silver,148.61,index_1900=100,jacks2019,observed
1880,real_price_precious_metals,silver,141.46,index_1900=100,jacks2019,observed
1881,real_price_precious_metals,silver,143.11,index_1900=100,jacks2019,observed
1882,real_price_precious_metals,silver,139.31,index_1900=100,jacks2019,observed
1883,real_price_precious_metals,silver,143.6,index_1900=100,jacks2019,observed
1884,real_price_precious_metals,silver,143.19,index_1900=100,jacks2019,observed
1885,real_price_precious_metals,silver,139.1,index_1900=100,jacks2019,observed
1886,real_price_precious_metals,silver,138.56,index_1900=100,jacks2019,observed
1887,real_price_precious_metals,silver,132.16,index_1900=100,jacks2019,observed
1888,real_price_precious_metals,silver,127.52,index_1900=100,jacks2019,observed
1889,real_price_precious_metals,silver,135.05,index_1900=100,jacks2019,observed
1890,real_price_precious_metals,silver,150.4,index_1900=100,jacks2019,observed
1891,real_price_precious_metals,silver,136.16,index_1900=100,jacks2019,observed
1892,real_price_precious_metals,silver,119.64,index_1900=100,jacks2019,observed
1893,real_price_precious_metals,silver,101.27,index_1900=100,jacks2019,observed
1894,real_price_precious_metals,silver,92.63,index_1900=100,jacks2019,observed
1895,real_price_precious_metals,silver,104.48,index_1900=100,jacks2019,observed
1896,real_price_precious_metals,silver,102.47,index_1900=100,jacks2019,observed
1897,real_price_precious_metals,silver,92.18,index_1900=100,jacks2019,observed
1898,real_price_precious_metals,silver,94.21,index_1900=100,jacks2019,observed
1899,real_price_precious_metals,silver,93.74,index_1900=100,jacks2019,observed
1900,real_price_precious_metals,silver,100.0,index_1900=100,jacks2019,observed
1901,real_price_precious_metals,silver,85.07,index_1900=100,jacks2019,observed
1902,real_price_precious_metals,silver,73.35,index_1900=100,jacks2019,observed
1903,real_price_precious_metals,silver,82.47,index_1900=100,jacks2019,observed
1904,real_price_precious_metals,silver,89.08,index_1900=100,jacks2019,observed
1905,real_price_precious_metals,silver,96.46,index_1900=100,jacks2019,observed
1906,real_price_precious_metals,silver,100.26,index_1900=100,jacks2019,observed
1907,real_price_precious_metals,silver,76.11,index_1900=100,jacks2019,observed
1908,real_price_precious_metals,silver,69.57,index_1900=100,jacks2019,observed
1909,real_price_precious_metals,silver,75.34,index_1900=100,jacks2019,observed
1910,real_price_precious_metals,silver,75.42,index_1900=100,jacks2019,observed
1911,real_price_precious_metals,silver,75.83,index_1900=100,jacks2019,observed
1912,real_price_precious_metals,silver,85.53,index_1900=100,jacks2019,observed
1913,real_price_precious_metals,silver,76.42,index_1900=100,jacks2019,observed
1914,real_price_precious_metals,silver,65.21,index_1900=100,jacks2019,observed
1915,real_price_precious_metals,silver,72.35,index_1900=100,jacks2019,observed
1916,real_price_precious_metals,silver,89.49,index_1900=100,jacks2019,observed
1917,real_price_precious_metals,silver,88.09,index_1900=100,jacks2019,observed
1918,real_price_precious_metals,silver,85.0,index_1900=100,jacks2019,observed
1919,real_price_precious_metals,silver,97.01,index_1900=100,jacks2019,observed
1920,real_price_precious_metals,silver,41.06,index_1900=100,jacks2019,observed
1921,real_price_precious_metals,silver,46.53,index_1900=100,jacks2019,observed
1922,real_price_precious_metals,silver,48.16,index_1900=100,jacks2019,observed
1923,real_price_precious_metals,silver,47.83,index_1900=100,jacks2019,observed
1924,real_price_precious_metals,silver,50.83,index_1900=100,jacks2019,observed
1925,real_price_precious_metals,silver,49.59,index_1900=100,jacks2019,observed
1926,real_price_precious_metals,silver,38.18,index_1900=100,jacks2019,observed
1927,real_price_precious_metals,silver,42.16,index_1900=100,jacks2019,observed
1928,real_price_precious_metals,silver,42.31,index_1900=100,jacks2019,observed
1929,real_price_precious_metals,silver,35.79,index_1900=100,jacks2019,observed
1930,real_price_precious_metals,silver,24.82,index_1900=100,jacks2019,observed
1931,real_price_precious_metals,silver,25.07,index_1900=100,jacks2019,observed
1932,real_price_precious_metals,silver,23.36,index_1900=100,jacks2019,observed
1933,real_price_precious_metals,silver,42.36,index_1900=100,jacks2019,observed
1934,real_price_precious_metals,silver,51.03,index_1900=100,jacks2019,observed
1935,real_price_precious_metals,silver,53.43,index_1900=100,jacks2019,observed
1936,real_price_precious_metals,silver,41.15,index_1900=100,jacks2019,observed
1937,real_price_precious_metals,silver,38.32,index_1900=100,jacks2019,observed
1938,real_price_precious_metals,silver,38.16,index_1900=100,jacks2019,observed
1939,real_price_precious_metals,silver,31.65,index_1900=100,jacks2019,observed
1940,real_price_precious_metals,silver,31.16,index_1900=100,jacks2019,observed
1941,real_price_precious_metals,silver,29.93,index_1900=100,jacks2019,observed
1942,real_price_precious_metals,silver,34.53,index_1900=100,jacks2019,observed
1943,real_price_precious_metals,silver,32.53,index_1900=100,jacks2019,observed
1944,real_price_precious_metals,silver,31.98,index_1900=100,jacks2019,observed
1945,real_price_precious_metals,silver,49.41,index_1900=100,jacks2019,observed
1946,real_price_precious_metals,silver,55.74,index_1900=100,jacks2019,observed
1947,real_price_precious_metals,silver,41.95,index_1900=100,jacks2019,observed
1948,real_price_precious_metals,silver,36.52,index_1900=100,jacks2019,observed
1949,real_price_precious_metals,silver,38.61,index_1900=100,jacks2019,observed
1950,real_price_precious_metals,silver,41.73,index_1900=100,jacks2019,observed
1951,real_price_precious_metals,silver,42.55,index_1900=100,jacks2019,observed
1952,real_price_precious_metals,silver,39.41,index_1900=100,jacks2019,observed
1953,real_price_precious_metals,silver,40.06,index_1900=100,jacks2019,observed
1954,real_price_precious_metals,silver,39.86,index_1900=100,jacks2019,observed
1955,real_price_precious_metals,silver,42.45,index_1900=100,jacks2019,observed
1956,real_price_precious_metals,silver,42.24,index_1900=100,jacks2019,observed
1957,real_price_precious_metals,silver,40.07,index_1900=100,jacks2019,observed
1958,real_price_precious_metals,silver,38.66,index_1900=100,jacks2019,observed
1959,real_price_precious_metals,silver,39.37,index_1900=100,jacks2019,observed
1960,real_price_precious_metals,silver,38.75,index_1900=100,jacks2019,observed
1961,real_price_precious_metals,silver,38.81,index_1900=100,jacks2019,observed
1962,real_price_precious_metals,silver,44.99,index_1900=100,jacks2019,observed
1963,real_price_precious_metals,silver,52.47,index_1900=100,jacks2019,observed
1964,real_price_precious_metals,silver,52.34,index_1900=100,jacks2019,observed
1965,real_price_precious_metals,silver,51.46,index_1900=100,jacks2019,observed
1966,real_price_precious_metals,silver,50.04,index_1900=100,jacks2019,observed
1967,real_price_precious_metals,silver,58.26,index_1900=100,jacks2019,observed
1968,real_price_precious_metals,silver,77.41,index_1900=100,jacks2019,observed
1969,real_price_precious_metals,silver,61.34,index_1900=100,jacks2019,observed
1970,real_price_precious_metals,silver,57.27,index_1900=100,jacks2019,observed
1971,real_price_precious_metals,silver,47.93,index_1900=100,jacks2019,observed
1972,real_price_precious_metals,silver,50.56,index_1900=100,jacks2019,observed
1973,real_price_precious_metals,silver,72.28,index_1900=100,jacks2019,observed
1974,real_price_precious_metals,silver,119.89,index_1900=100,jacks2019,observed
1975,real_price_precious_metals,silver,103.09,index_1900=100,jacks2019,observed
1976,real_price_precious_metals,silver,96.09,index_1900=100,jacks2019,observed
1977,real_price_precious_metals,silver,96.09,index_1900=100,jacks2019,observed
1978,real_price_precious_metals,silver,104.37,index_1900=100,jacks2019,observed
1979,real_price_precious_metals,silver,192.13,index_1900=100,jacks2019,observed
1980,real_price_precious_metals,silver,317.24,index_1900=100,jacks2019,observed
1981,real_price_precious_metals,silver,145.37,index_1900=100,jacks2019,observed
1982,real_price_precious_metals,silver,103.23,index_1900=100,jacks2019,observed
1983,real_price_precious_metals,silver,144.11,index_1900=100,jacks2019,observed
1984,real_price_precious_metals,silver,98.46,index_1900=100,jacks2019,observed
1985,real_price_precious_metals,silver,71.39,index_1900=100,jacks2019,observed
1986,real_price_precious_metals,silver,62.34,index_1900=100,jacks2019,observed
1987,real_price_precious_metals,silver,77.52,index_1900=100,jacks2019,observed
1988,real_price_precious_metals,silver,69.34,index_1900=100,jacks2019,observed
1989,real_price_precious_metals,silver,55.79,index_1900=100,jacks2019,observed
1990,real_price_precious_metals,silver,46.45,index_1900=100,jacks2019,observed
1991,real_price_precious_metals,silver,37.37,index_1900=100,jacks2019,observed
1992,real_price_precious_metals,silver,35.33,index_1900=100,jacks2019,observed
1993,real_price_precious_metals,silver,37.45,index_1900=100,jacks2019,observed
1994,real_price_precious_metals,silver,44.79,index_1900=100,jacks2019,observed
1995,real_price_precious_metals,silver,42.86,index_1900=100,jacks2019,observed
1996,real_price_precious_metals,silver,41.64,index_1900=100,jacks2019,observed
1997,real_price_precious_metals,silver,38.4,index_1900=100,jacks2019,observed
1998,real_price_precious_metals,silver,42.78,index_1900=100,jacks2019,observed
1999,real_price_precious_metals,silver,39.32,index_1900=100,jacks2019,observed
2000,real_price_precious_metals,silver,36.13,index_1900=100,jacks2019,observed
2001,real_price_precious_metals,silver,31.04,index_1900=100,jacks2019,observed
2002,real_price_precious_metals,silver,32.13,index_1900=100,jacks2019,observed
2003,real_price_precious_metals,silver,33.29,index_1900=100,jacks2019,observed
2004,real_price_precious_metals,silver,44.27,index_1900=100,jacks2019,observed
2005,real_price_precious_metals,silver,47.01,index_1900=100,jacks2019,observed
2006,real_price_precious_metals,silver,72.03,index_1900=100,jacks2019,observed
2007,real_price_precious_metals,silver,81.14,index_1900=100,jacks2019,observed
2008,real_price_precious_metals,silver,87.5,index_1900=100,jacks2019,observed
2009,real_price_precious_metals,silver,85.74,index_1900=100,jacks2019,observed
2010,real_price_precious_metals,silver,116.09,index_1900=100,jacks2019,observed
2011,real_price_precious_metals,silver,196.71,index_1900=100,jacks2019,observed
2012,real_price_precious_metals,silver,170.36,index_1900=100,jacks2019,observed
2013,real_price_precious_metals,silver,128.61,index_1900=100,jacks2019,observed
2014,real_price_precious_metals,silver,101.2,index_1900=100,jacks2019,observed
2015,real_price_precious_metals,silver,83.32,index_1900=100,jacks2019,observed
2016,real_price_precious_metals,silver,89.75,index_1900=100,jacks2019,observed
2017,real_price_precious_metals,silver,87.46,index_1900=100,jacks2019,observed
2018,real_price_precious_metals,silver,78.61,index_1900=100,jacks2019,observed
2019,real_price_precious_metals,silver,79.69,index_1900=100,jacks2019,observed
2020,real_price_precious_metals,silver,99.68,index_1900=100,jacks2019,observed
2021,real_price_precious_metals,silver,116.66,index_1900=100,jacks2019,observed
2022,real_price_precious_metals,silver,93.55,index_1900=100,jacks2019,observed
2023,real_price_precious_metals,silver,96.47,index_1900=100,jacks2019,observed
2024,real_price_precious_metals,silver,113.21,index_1900=100,jacks2019,observed
2025,real_price_precious_metals,silver,155.3,index_1900=100,jacks2019,observed
1850,real_price_softs,cocoa,79.91,index_1900=100,jacks2019,observed
1851,real_price_softs,cocoa,78.67,index_1900=100,jacks2019,observed
1852,real_price_softs,cocoa,63.19,index_1900=100,jacks2019,observed
1853,real_price_softs,cocoa,92.88,index_1900=100,jacks2019,observed
1854,real_price_softs,cocoa,94.58,index_1900=100,jacks2019,observed
1855,real_price_softs,cocoa,91.88,index_1900=100,jacks2019,observed
1856,real_price_softs,cocoa,93.66,index_1900=100,jacks2019,observed
1857,real_price_softs,cocoa,85.81,index_1900=100,jacks2019,observed
1858,real_price_softs,cocoa,90.05,index_1900=100,jacks2019,observed
1859,real_price_softs,cocoa,76.42,index_1900=100,jacks2019,observed
1860,real_price_softs,cocoa,71.87,index_1900=100,jacks2019,observed
1861,real_price_softs,cocoa,69.55,index_1900=100,jacks2019,observed
1862,real_price_softs,cocoa,124.1,index_1900=100,jacks2019,observed
1863,real_price_softs,cocoa,134.36,index_1900=100,jacks2019,observed
1864,real_price_softs,cocoa,117.04,index_1900=100,jacks2019,observed
1865,real_price_softs,cocoa,132.1,index_1900=100,jacks2019,observed
1866,real_price_softs,cocoa,93.93,index_1900=100,jacks2019,observed
1867,real_price_softs,cocoa,77.02,index_1900=100,jacks2019,observed
1868,real_price_softs,cocoa,72.0,index_1900=100,jacks2019,observed
1869,real_price_softs,cocoa,68.07,index_1900=100,jacks2019,observed
1870,real_price_softs,cocoa,78.82,index_1900=100,jacks2019,observed
1871,real_price_softs,cocoa,66.69,index_1900=100,jacks2019,observed
1872,real_price_softs,cocoa,71.59,index_1900=100,jacks2019,observed
1873,real_price_softs,cocoa,65.75,index_1900=100,jacks2019,observed
1874,real_price_softs,cocoa,69.92,index_1900=100,jacks2019,observed
1875,real_price_softs,cocoa,69.36,index_1900=100,jacks2019,observed
1876,real_price_softs,cocoa,80.7,index_1900=100,jacks2019,observed
1877,real_price_softs,cocoa,87.77,index_1900=100,jacks2019,observed
1878,real_price_softs,cocoa,95.97,index_1900=100,jacks2019,observed
1879,real_price_softs,cocoa,108.44,index_1900=100,jacks2019,observed
1880,real_price_softs,cocoa,96.58,index_1900=100,jacks2019,observed
1881,real_price_softs,cocoa,88.23,index_1900=100,jacks2019,observed
1882,real_price_softs,cocoa,87.34,index_1900=100,jacks2019,observed
1883,real_price_softs,cocoa,94.79,index_1900=100,jacks2019,observed
1884,real_price_softs,cocoa,86.94,index_1900=100,jacks2019,observed
1885,real_price_softs,cocoa,87.51,index_1900=100,jacks2019,observed
1886,real_price_softs,cocoa,92.67,index_1900=100,jacks2019,observed
1887,real_price_softs,cocoa,88.28,index_1900=100,jacks2019,observed
1888,real_price_softs,cocoa,88.28,index_1900=100,jacks2019,observed
1889,real_price_softs,cocoa,84.05,index_1900=100,jacks2019,observed
1890,real_price_softs,cocoa,80.65,index_1900=100,jacks2019,observed
1891,real_price_softs,cocoa,75.94,index_1900=100,jacks2019,observed
1892,real_price_softs,cocoa,74.21,index_1900=100,jacks2019,observed
1893,real_price_softs,cocoa,82.45,index_1900=100,jacks2019,observed
1894,real_price_softs,cocoa,75.71,index_1900=100,jacks2019,observed
1895,real_price_softs,cocoa,73.77,index_1900=100,jacks2019,observed
1896,real_price_softs,cocoa,67.47,index_1900=100,jacks2019,observed
1897,real_price_softs,cocoa,71.85,index_1900=100,jacks2019,observed
1898,real_price_softs,cocoa,96.86,index_1900=100,jacks2019,observed
1899,real_price_softs,cocoa,87.33,index_1900=100,jacks2019,observed
1900,real_price_softs,cocoa,100.0,index_1900=100,jacks2019,observed
1901,real_price_softs,cocoa,92.91,index_1900=100,jacks2019,observed
1902,real_price_softs,cocoa,92.37,index_1900=100,jacks2019,observed
1903,real_price_softs,cocoa,90.89,index_1900=100,jacks2019,observed
1904,real_price_softs,cocoa,92.08,index_1900=100,jacks2019,observed
1905,real_price_softs,cocoa,91.45,index_1900=100,jacks2019,observed
1906,real_price_softs,cocoa,91.68,index_1900=100,jacks2019,observed
1907,real_price_softs,cocoa,106.37,index_1900=100,jacks2019,observed
1908,real_price_softs,cocoa,75.51,index_1900=100,jacks2019,observed
1909,real_price_softs,cocoa,65.37,index_1900=100,jacks2019,observed
1910,real_price_softs,cocoa,58.92,index_1900=100,jacks2019,observed
1911,real_price_softs,cocoa,62.08,index_1900=100,jacks2019,observed
1912,real_price_softs,cocoa,64.44,index_1900=100,jacks2019,observed
1913,real_price_softs,cocoa,70.16,index_1900=100,jacks2019,observed
1914,real_price_softs,cocoa,62.0,index_1900=100,jacks2019,observed
1915,real_price_softs,cocoa,83.08,index_1900=100,jacks2019,observed
1916,real_price_softs,cocoa,64.66,index_1900=100,jacks2019,observed
1917,real_price_softs,cocoa,42.33,index_1900=100,jacks2019,observed
1918,real_price_softs,cocoa,41.51,index_1900=100,jacks2019,observed
1919,real_price_softs,cocoa,52.09,index_1900=100,jacks2019,observed
1920,real_price_softs,cocoa,32.88,index_1900=100,jacks2019,observed
1921,real_price_softs,cocoa,21.11,index_1900=100,jacks2019,observed
1922,real_price_softs,cocoa,26.58,index_1900=100,jacks2019,observed
1923,real_price_softs,cocoa,21.57,index_1900=100,jacks2019,observed
1924,real_price_softs,cocoa,21.54,index_1900=100,jacks2019,observed
1925,real_price_softs,cocoa,26.26,index_1900=100,jacks2019,observed
1926,real_price_softs,cocoa,31.48,index_1900=100,jacks2019,observed
1927,real_price_softs,cocoa,44.07,index_1900=100,jacks2019,observed
1928,real_price_softs,cocoa,36.2,index_1900=100,jacks2019,observed
1929,real_price_softs,cocoa,29.42,index_1900=100,jacks2019,observed
1930,real_price_softs,cocoa,23.79,index_1900=100,jacks2019,observed
1931,real_price_softs,cocoa,16.54,index_1900=100,jacks2019,observed
1932,real_price_softs,cocoa,15.61,index_1900=100,jacks2019,observed
1933,real_price_softs,cocoa,16.45,index_1900=100,jacks2019,observed
1934,real_price_softs,cocoa,18.81,index_1900=100,jacks2019,observed
1935,real_price_softs,cocoa,17.64,index_1900=100,jacks2019,observed
1936,real_price_softs,cocoa,23.77,index_1900=100,jacks2019,observed
1937,real_price_softs,cocoa,28.34,index_1900=100,jacks2019,observed
1938,real_price_softs,cocoa,17.88,index_1900=100,jacks2019,observed
1939,real_price_softs,cocoa,16.74,index_1900=100,jacks2019,observed
1940,real_price_softs,cocoa,17.61,index_1900=100,jacks2019,observed
1941,real_price_softs,cocoa,25.0,index_1900=100,jacks2019,observed
1942,real_price_softs,cocoa,26.46,index_1900=100,jacks2019,observed
1943,real_price_softs,cocoa,24.93,index_1900=100,jacks2019,observed
1944,real_price_softs,cocoa,24.5,index_1900=100,jacks2019,observed
1945,real_price_softs,cocoa,23.96,index_1900=100,jacks2019,observed
1946,real_price_softs,cocoa,28.51,index_1900=100,jacks2019,observed
1947,real_price_softs,cocoa,75.69,index_1900=100,jacks2019,observed
1948,real_price_softs,cocoa,79.88,index_1900=100,jacks2019,observed
1949,real_price_softs,cocoa,43.88,index_1900=100,jacks2019,observed
1950,real_price_softs,cocoa,64.59,index_1900=100,jacks2019,observed
1951,real_price_softs,cocoa,66.21,index_1900=100,jacks2019,observed
1952,real_price_softs,cocoa,64.6,index_1900=100,jacks2019,observed
1953,real_price_softs,cocoa,67.2,index_1900=100,jacks2019,observed
1954,real_price_softs,cocoa,104.19,index_1900=100,jacks2019,observed
1955,real_price_softs,cocoa,67.85,index_1900=100,jacks2019,observed
1956,real_price_softs,cocoa,48.67,index_1900=100,jacks2019,observed
1957,real_price_softs,cocoa,52.67,index_1900=100,jacks2019,observed
1958,real_price_softs,cocoa,74.22,index_1900=100,jacks2019,observed
1959,real_price_softs,cocoa,60.82,index_1900=100,jacks2019,observed
1960,real_price_softs,cocoa,46.46,index_1900=100,jacks2019,observed
1961,real_price_softs,cocoa,37.37,index_1900=100,jacks2019,observed
1962,real_price_softs,cocoa,35.36,index_1900=100,jacks2019,observed
1963,real_price_softs,cocoa,42.14,index_1900=100,jacks2019,observed
1964,real_price_softs,cocoa,38.08,index_1900=100,jacks2019,observed
1965,real_price_softs,cocoa,27.04,index_1900=100,jacks2019,observed
1966,real_price_softs,cocoa,37.26,index_1900=100,jacks2019,observed
1967,real_price_softs,cocoa,41.84,index_1900=100,jacks2019,observed
1968,real_price_softs,cocoa,48.39,index_1900=100,jacks2019,observed
1969,real_price_softs,cocoa,57.19,index_1900=100,jacks2019,observed
1970,real_price_softs,cocoa,40.6,index_1900=100,jacks2019,observed
1971,real_price_softs,cocoa,31.03,index_1900=100,jacks2019,observed
1972,real_price_softs,cocoa,35.95,index_1900=100,jacks2019,observed
1973,real_price_softs,cocoa,59.44,index_1900=100,jacks2019,observed
1974,real_price_softs,cocoa,73.93,index_1900=100,jacks2019,observed
1975,real_price_softs,cocoa,54.07,index_1900=100,jacks2019,observed
1976,real_price_softs,cocoa,83.94,index_1900=100,jacks2019,observed
1977,real_price_softs,cocoa,146.09,index_1900=100,jacks2019,observed
1978,real_price_softs,cocoa,121.9,index_1900=100,jacks2019,observed
1979,real_price_softs,cocoa,106.0,index_1900=100,jacks2019,observed
1980,real_price_softs,cocoa,73.83,index_1900=100,jacks2019,observed
1981,real_price_softs,cocoa,53.43,index_1900=100,jacks2019,observed
1982,real_price_softs,cocoa,42.02,index_1900=100,jacks2019,observed
1983,real_price_softs,cocoa,49.72,index_1900=100,jacks2019,observed
1984,real_price_softs,cocoa,53.87,index_1900=100,jacks2019,observed
1985,real_price_softs,cocoa,48.95,index_1900=100,jacks2019,observed
1986,real_price_softs,cocoa,44.12,index_1900=100,jacks2019,observed
1987,real_price_softs,cocoa,41.01,index_1900=100,jacks2019,observed
1988,real_price_softs,cocoa,31.29,index_1900=100,jacks2019,observed
1989,real_price_softs,cocoa,23.38,index_1900=100,jacks2019,observed
1990,real_price_softs,cocoa,22.64,index_1900=100,jacks2019,observed
1991,real_price_softs,cocoa,20.5,index_1900=100,jacks2019,observed
1992,real_price_softs,cocoa,18.31,index_1900=100,jacks2019,observed
1993,real_price_softs,cocoa,18.06,index_1900=100,jacks2019,observed
1994,real_price_softs,cocoa,22.01,index_1900=100,jacks2019,observed
1995,real_price_softs,cocoa,21.96,index_1900=100,jacks2019,observed
1996,real_price_softs,cocoa,21.67,index_1900=100,jacks2019,observed
1997,real_price_softs,cocoa,23.56,index_1900=100,jacks2019,observed
1998,real_price_softs,cocoa,24.03,index_1900=100,jacks2019,observed
1999,real_price_softs,cocoa,15.92,index_1900=100,jacks2019,observed
2000,real_price_softs,cocoa,12.29,index_1900=100,jacks2019,observed
2001,real_price_softs,cocoa,14.1,index_1900=100,jacks2019,observed
2002,real_price_softs,cocoa,23.09,index_1900=100,jacks2019,observed
2003,real_price_softs,cocoa,22.23,index_1900=100,jacks2019,observed
2004,real_price_softs,cocoa,19.17,index_1900=100,jacks2019,observed
2005,real_price_softs,cocoa,18.4,index_1900=100,jacks2019,observed
2006,real_price_softs,cocoa,18.45,index_1900=100,jacks2019,observed
2007,real_price_softs,cocoa,22.0,index_1900=100,jacks2019,observed
2008,real_price_softs,cocoa,27.96,index_1900=100,jacks2019,observed
2009,real_price_softs,cocoa,31.46,index_1900=100,jacks2019,observed
2010,real_price_softs,cocoa,33.57,index_1900=100,jacks2019,observed
2011,real_price_softs,cocoa,30.95,index_1900=100,jacks2019,observed
2012,real_price_softs,cocoa,24.34,index_1900=100,jacks2019,observed
2013,real_price_softs,cocoa,24.46,index_1900=100,jacks2019,observed
2014,real_price_softs,cocoa,30.22,index_1900=100,jacks2019,observed
2015,real_price_softs,cocoa,30.9,index_1900=100,jacks2019,observed
2016,real_price_softs,cocoa,28.14,index_1900=100,jacks2019,observed
2017,real_price_softs,cocoa,19.34,index_1900=100,jacks2019,observed
2018,real_price_softs,cocoa,21.34,index_1900=100,jacks2019,observed
2019,real_price_softs,cocoa,21.39,index_1900=100,jacks2019,observed
2020,real_price_softs,cocoa,21.39,index_1900=100,jacks2019,observed
2021,real_price_softs,cocoa,20.92,index_1900=100,jacks2019,observed
2022,real_price_softs,cocoa,19.1,index_1900=100,jacks2019,observed
2023,real_price_softs,cocoa,25.15,index_1900=100,jacks2019,observed
2024,real_price_softs,cocoa,54.59,index_1900=100,jacks2019,observed
2025,real_price_softs,cocoa,56.59,index_1900=100,jacks2019,observed
1850,real_price_softs,coffee,138.99,index_1900=100,jacks2019,observed
1851,real_price_softs,coffee,120.28,index_1900=100,jacks2019,observed
1852,real_price_softs,coffee,112.38,index_1900=100,jacks2019,observed
1853,real_price_softs,coffee,115.69,index_1900=100,jacks2019,observed
1854,real_price_softs,coffee,123.18,index_1900=100,jacks2019,observed
1855,real_price_softs,coffee,116.69,index_1900=100,jacks2019,observed
1856,real_price_softs,coffee,129.51,index_1900=100,jacks2019,observed
1857,real_price_softs,coffee,128.76,index_1900=100,jacks2019,observed
1858,real_price_softs,coffee,128.75,index_1900=100,jacks2019,observed
1859,real_price_softs,coffee,138.22,index_1900=100,jacks2019,observed
1860,real_price_softs,coffee,147.43,index_1900=100,jacks2019,observed
1861,real_price_softs,coffee,159.44,index_1900=100,jacks2019,observed
1862,real_price_softs,coffee,223.45,index_1900=100,jacks2019,observed
1863,real_price_softs,coffee,245.13,index_1900=100,jacks2019,observed
1864,real_price_softs,coffee,104.85,index_1900=100,jacks2019,observed
1865,real_price_softs,coffee,100.34,index_1900=100,jacks2019,observed
1866,real_price_softs,coffee,89.28,index_1900=100,jacks2019,observed
1867,real_price_softs,coffee,83.73,index_1900=100,jacks2019,observed
1868,real_price_softs,coffee,75.46,index_1900=100,jacks2019,observed
1869,real_price_softs,coffee,78.71,index_1900=100,jacks2019,observed
1870,real_price_softs,coffee,88.07,index_1900=100,jacks2019,observed
1871,real_price_softs,coffee,108.73,index_1900=100,jacks2019,observed
1872,real_price_softs,coffee,140.09,index_1900=100,jacks2019,observed
1873,real_price_softs,coffee,172.87,index_1900=100,jacks2019,observed
1874,real_price_softs,coffee,187.24,index_1900=100,jacks2019,observed
1875,real_price_softs,coffee,175.67,index_1900=100,jacks2019,observed
1876,real_price_softs,coffee,184.24,index_1900=100,jacks2019,observed
1877,real_price_softs,coffee,197.85,index_1900=100,jacks2019,observed
1878,real_price_softs,coffee,169.47,index_1900=100,jacks2019,observed
1879,real_price_softs,coffee,149.34,index_1900=100,jacks2019,observed
1880,real_price_softs,coffee,145.1,index_1900=100,jacks2019,observed
1881,real_price_softs,coffee,118.37,index_1900=100,jacks2019,observed
1882,real_price_softs,coffee,103.78,index_1900=100,jacks2019,observed
1883,real_price_softs,coffee,105.38,index_1900=100,jacks2019,observed
1884,real_price_softs,coffee,110.42,index_1900=100,jacks2019,observed
1885,real_price_softs,coffee,91.97,index_1900=100,jacks2019,observed
1886,real_price_softs,coffee,107.79,index_1900=100,jacks2019,observed
1887,real_price_softs,coffee,193.66,index_1900=100,jacks2019,observed
1888,real_price_softs,coffee,171.06,index_1900=100,jacks2019,observed
1889,real_price_softs,coffee,204.28,index_1900=100,jacks2019,observed
1890,real_price_softs,coffee,213.79,index_1900=100,jacks2019,observed
1891,real_price_softs,coffee,201.16,index_1900=100,jacks2019,observed
1892,real_price_softs,coffee,190.4,index_1900=100,jacks2019,observed
1893,real_price_softs,coffee,214.77,index_1900=100,jacks2019,observed
1894,real_price_softs,coffee,219.05,index_1900=100,jacks2019,observed
1895,real_price_softs,coffee,205.55,index_1900=100,jacks2019,observed
1896,real_price_softs,coffee,186.66,index_1900=100,jacks2019,observed
1897,real_price_softs,coffee,95.45,index_1900=100,jacks2019,observed
1898,real_price_softs,coffee,76.98,index_1900=100,jacks2019,observed
1899,real_price_softs,coffee,75.44,index_1900=100,jacks2019,observed
1900,real_price_softs,coffee,100.0,index_1900=100,jacks2019,observed
1901,real_price_softs,coffee,77.71,index_1900=100,jacks2019,observed
1902,real_price_softs,coffee,68.64,index_1900=100,jacks2019,observed
1903,real_price_softs,coffee,65.98,index_1900=100,jacks2019,observed
1904,real_price_softs,coffee,90.31,index_1900=100,jacks2019,observed
1905,real_price_softs,coffee,96.11,index_1900=100,jacks2019,observed
1906,real_price_softs,coffee,91.28,index_1900=100,jacks2019,observed
1907,real_price_softs,coffee,71.07,index_1900=100,jacks2019,observed
1908,real_price_softs,coffee,70.12,index_1900=100,jacks2019,observed
1909,real_price_softs,coffee,88.71,index_1900=100,jacks2019,observed
1910,real_price_softs,coffee,104.5,index_1900=100,jacks2019,observed
1911,real_price_softs,coffee,144.67,index_1900=100,jacks2019,observed
1912,real_price_softs,coffee,153.75,index_1900=100,jacks2019,observed
1913,real_price_softs,coffee,112.69,index_1900=100,jacks2019,observed
1914,real_price_softs,coffee,82.58,index_1900=100,jacks2019,observed
1915,real_price_softs,coffee,75.93,index_1900=100,jacks2019,observed
1916,real_price_softs,coffee,86.83,index_1900=100,jacks2019,observed
1917,real_price_softs,coffee,71.14,index_1900=100,jacks2019,observed
1918,real_price_softs,coffee,64.14,index_1900=100,jacks2019,observed
1919,real_price_softs,coffee,102.15,index_1900=100,jacks2019,observed
1920,real_price_softs,coffee,59.29,index_1900=100,jacks2019,observed
1921,real_price_softs,coffee,39.8,index_1900=100,jacks2019,observed
1922,real_price_softs,coffee,60.93,index_1900=100,jacks2019,observed
1923,real_price_softs,coffee,66.67,index_1900=100,jacks2019,observed
1924,real_price_softs,coffee,97.48,index_1900=100,jacks2019,observed
1925,real_price_softs,coffee,114.95,index_1900=100,jacks2019,observed
1926,real_price_softs,coffee,101.73,index_1900=100,jacks2019,observed
1927,real_price_softs,coffee,103.33,index_1900=100,jacks2019,observed
1928,real_price_softs,coffee,133.3,index_1900=100,jacks2019,observed
1929,real_price_softs,coffee,129.41,index_1900=100,jacks2019,observed
1930,real_price_softs,coffee,77.27,index_1900=100,jacks2019,observed
1931,real_price_softs,coffee,56.52,index_1900=100,jacks2019,observed
1932,real_price_softs,coffee,77.48,index_1900=100,jacks2019,observed
1933,real_price_softs,coffee,70.12,index_1900=100,jacks2019,observed
1934,real_price_softs,coffee,82.2,index_1900=100,jacks2019,observed
1935,real_price_softs,coffee,63.86,index_1900=100,jacks2019,observed
1936,real_price_softs,coffee,67.5,index_1900=100,jacks2019,observed
1937,real_price_softs,coffee,75.89,index_1900=100,jacks2019,observed
1938,real_price_softs,coffee,54.06,index_1900=100,jacks2019,observed
1939,real_price_softs,coffee,52.68,index_1900=100,jacks2019,observed
1940,real_price_softs,coffee,50.7,index_1900=100,jacks2019,observed
1941,real_price_softs,coffee,76.14,index_1900=100,jacks2019,observed
1942,real_price_softs,coffee,81.41,index_1900=100,jacks2019,observed
1943,real_price_softs,coffee,76.7,index_1900=100,jacks2019,observed
1944,real_price_softs,coffee,75.4,index_1900=100,jacks2019,observed
1945,real_price_softs,coffee,74.77,index_1900=100,jacks2019,observed
1946,real_price_softs,coffee,94.57,index_1900=100,jacks2019,observed
1947,real_price_softs,coffee,114.73,index_1900=100,jacks2019,observed
1948,real_price_softs,coffee,111.11,index_1900=100,jacks2019,observed
1949,real_price_softs,coffee,136.53,index_1900=100,jacks2019,observed
1950,real_price_softs,coffee,209.55,index_1900=100,jacks2019,observed
1951,real_price_softs,coffee,206.46,index_1900=100,jacks2019,observed
1952,real_price_softs,coffee,200.97,index_1900=100,jacks2019,observed
1953,real_price_softs,coffee,216.1,index_1900=100,jacks2019,observed
1954,real_price_softs,coffee,287.47,index_1900=100,jacks2019,observed
1955,real_price_softs,coffee,208.42,index_1900=100,jacks2019,observed
1956,real_price_softs,coffee,212.53,index_1900=100,jacks2019,observed
1957,real_price_softs,coffee,198.39,index_1900=100,jacks2019,observed
1958,real_price_softs,coffee,164.89,index_1900=100,jacks2019,observed
1959,real_price_softs,coffee,125.58,index_1900=100,jacks2019,observed
1960,real_price_softs,coffee,122.79,index_1900=100,jacks2019,observed
1961,real_price_softs,coffee,117.88,index_1900=100,jacks2019,observed
1962,real_price_softs,coffee,108.36,index_1900=100,jacks2019,observed
1963,real_price_softs,coffee,103.64,index_1900=100,jacks2019,observed
1964,real_price_softs,coffee,128.16,index_1900=100,jacks2019,observed
1965,real_price_softs,coffee,124.83,index_1900=100,jacks2019,observed
1966,real_price_softs,coffee,112.68,index_1900=100,jacks2019,observed
1967,real_price_softs,coffee,101.9,index_1900=100,jacks2019,observed
1968,real_price_softs,coffee,98.12,index_1900=100,jacks2019,observed
1969,real_price_softs,coffee,94.16,index_1900=100,jacks2019,observed
1970,real_price_softs,coffee,116.27,index_1900=100,jacks2019,observed
1971,real_price_softs,coffee,96.43,index_1900=100,jacks2019,observed
1972,real_price_softs,coffee,104.42,index_1900=100,jacks2019,observed
1973,real_price_softs,coffee,121.69,index_1900=100,jacks2019,observed
1974,real_price_softs,coffee,115.89,index_1900=100,jacks2019,observed
1975,real_price_softs,coffee,105.49,index_1900=100,jacks2019,observed
1976,real_price_softs,coffee,217.65,index_1900=100,jacks2019,observed
1977,real_price_softs,coffee,335.87,index_1900=100,jacks2019,observed
1978,real_price_softs,coffee,216.79,index_1900=100,jacks2019,observed
1979,real_price_softs,coffee,207.65,index_1900=100,jacks2019,observed
1980,real_price_softs,coffee,165.71,index_1900=100,jacks2019,observed
1981,real_price_softs,coffee,124.24,index_1900=100,jacks2019,observed
1982,real_price_softs,coffee,126.01,index_1900=100,jacks2019,observed
1983,real_price_softs,coffee,115.12,index_1900=100,jacks2019,observed
1984,real_price_softs,coffee,120.87,index_1900=100,jacks2019,observed
1985,real_price_softs,coffee,118.25,index_1900=100,jacks2019,observed
1986,real_price_softs,coffee,154.25,index_1900=100,jacks2019,observed
1987,real_price_softs,coffee,86.85,index_1900=100,jacks2019,observed
1988,real_price_softs,coffee,101.0,index_1900=100,jacks2019,observed
1989,real_price_softs,coffee,75.82,index_1900=100,jacks2019,observed
1990,real_price_softs,coffee,59.43,index_1900=100,jacks2019,observed
1991,real_price_softs,coffee,54.17,index_1900=100,jacks2019,observed
1992,real_price_softs,coffee,39.63,index_1900=100,jacks2019,observed
1993,real_price_softs,coffee,42.52,index_1900=100,jacks2019,observed
1994,real_price_softs,coffee,87.9,index_1900=100,jacks2019,observed
1995,real_price_softs,coffee,86.12,index_1900=100,jacks2019,observed
1996,real_price_softs,coffee,67.63,index_1900=100,jacks2019,observed
1997,real_price_softs,coffee,102.27,index_1900=100,jacks2019,observed
1998,real_price_softs,coffee,72.03,index_1900=100,jacks2019,observed
1999,real_price_softs,coffee,54.15,index_1900=100,jacks2019,observed
2000,real_price_softs,coffee,43.9,index_1900=100,jacks2019,observed
2001,real_price_softs,coffee,30.54,index_1900=100,jacks2019,observed
2002,real_price_softs,coffee,29.7,index_1900=100,jacks2019,observed
2003,real_price_softs,coffee,30.3,index_1900=100,jacks2019,observed
2004,real_price_softs,coffee,36.99,index_1900=100,jacks2019,observed
2005,real_price_softs,coffee,51.06,index_1900=100,jacks2019,observed
2006,real_price_softs,coffee,49.27,index_1900=100,jacks2019,observed
2007,real_price_softs,coffee,51.74,index_1900=100,jacks2019,observed
2008,real_price_softs,coffee,56.37,index_1900=100,jacks2019,observed
2009,real_price_softs,coffee,58.21,index_1900=100,jacks2019,observed
2010,real_price_softs,coffee,78.03,index_1900=100,jacks2019,observed
2011,real_price_softs,coffee,104.63,index_1900=100,jacks2019,observed
2012,real_price_softs,coffee,70.52,index_1900=100,jacks2019,observed
2013,real_price_softs,coffee,52.0,index_1900=100,jacks2019,observed
2014,real_price_softs,coffee,73.53,index_1900=100,jacks2019,observed
2015,real_price_softs,coffee,58.59,index_1900=100,jacks2019,observed
2016,real_price_softs,coffee,59.26,index_1900=100,jacks2019,observed
2017,real_price_softs,coffee,53.34,index_1900=100,jacks2019,observed
2018,real_price_softs,coffee,45.89,index_1900=100,jacks2019,observed
2019,real_price_softs,coffee,44.36,index_1900=100,jacks2019,observed
2020,real_price_softs,coffee,50.58,index_1900=100,jacks2019,observed
2021,real_price_softs,coffee,65.58,index_1900=100,jacks2019,observed
2022,real_price_softs,coffee,75.77,index_1900=100,jacks2019,observed
2023,real_price_softs,coffee,58.68,index_1900=100,jacks2019,observed
2024,real_price_softs,coffee,70.56,index_1900=100,jacks2019,observed
2025,real_price_softs,coffee,103.62,index_1900=100,jacks2019,observed
1850,real_price_softs,cotton,134.81,index_1900=100,jacks2019,observed
1851,real_price_softs,cotton,111.49,index_1900=100,jacks2019,observed
1852,real_price_softs,cotton,110.3,index_1900=100,jacks2019,observed
1853,real_price_softs,cotton,107.06,index_1900=100,jacks2019,observed
1854,real_price_softs,cotton,86.57,index_1900=100,jacks2019,observed
1855,real_price_softs,cotton,92.79,index_1900=100,jacks2019,observed
1856,real_price_softs,cotton,112.33,index_1900=100,jacks2019,observed
1857,real_price_softs,cotton,126.38,index_1900=100,jacks2019,observed
1858,real_price_softs,cotton,133.98,index_1900=100,jacks2019,observed
1859,real_price_softs,cotton,120.59,index_1900=100,jacks2019,observed
1860,real_price_softs,cotton,120.59,index_1900=100,jacks2019,observed
1861,real_price_softs,cotton,143.69,index_1900=100,jacks2019,observed
1862,real_price_softs,cotton,256.69,index_1900=100,jacks2019,observed
1863,real_price_softs,cotton,307.47,index_1900=100,jacks2019,observed
1864,real_price_softs,cotton,274.42,index_1900=100,jacks2019,observed
1865,real_price_softs,cotton,178.51,index_1900=100,jacks2019,observed
1866,real_price_softs,cotton,151.57,index_1900=100,jacks2019,observed
1867,real_price_softs,cotton,118.61,index_1900=100,jacks2019,observed
1868,real_price_softs,cotton,119.91,index_1900=100,jacks2019,observed
1869,real_price_softs,cotton,143.47,index_1900=100,jacks2019,observed
1870,real_price_softs,cotton,124.85,index_1900=100,jacks2019,observed
1871,real_price_softs,cotton,95.43,index_1900=100,jacks2019,observed
1872,real_price_softs,cotton,123.13,index_1900=100,jacks2019,observed
1873,real_price_softs,cotton,103.69,index_1900=100,jacks2019,observed
1874,real_price_softs,cotton,93.54,index_1900=100,jacks2019,observed
1875,real_price_softs,cotton,91.35,index_1900=100,jacks2019,observed
1876,real_price_softs,cotton,84.19,index_1900=100,jacks2019,observed
1877,real_price_softs,cotton,99.35,index_1900=100,jacks2019,observed
1878,real_price_softs,cotton,99.25,index_1900=100,jacks2019,observed
1879,real_price_softs,cotton,100.51,index_1900=100,jacks2019,observed
1880,real_price_softs,cotton,102.98,index_1900=100,jacks2019,observed
1881,real_price_softs,cotton,85.82,index_1900=100,jacks2019,observed
1882,real_price_softs,cotton,84.59,index_1900=100,jacks2019,observed
1883,real_price_softs,cotton,77.58,index_1900=100,jacks2019,observed
1884,real_price_softs,cotton,80.48,index_1900=100,jacks2019,observed
1885,real_price_softs,cotton,88.64,index_1900=100,jacks2019,observed
1886,real_price_softs,cotton,75.93,index_1900=100,jacks2019,observed
1887,real_price_softs,cotton,75.11,index_1900=100,jacks2019,observed
1888,real_price_softs,cotton,81.7,index_1900=100,jacks2019,observed
1889,real_price_softs,cotton,89.89,index_1900=100,jacks2019,observed
1890,real_price_softs,cotton,86.78,index_1900=100,jacks2019,observed
1891,real_price_softs,cotton,71.63,index_1900=100,jacks2019,observed
1892,real_price_softs,cotton,66.12,index_1900=100,jacks2019,observed
1893,real_price_softs,cotton,62.7,index_1900=100,jacks2019,observed
1894,real_price_softs,cotton,61.18,index_1900=100,jacks2019,observed
1895,real_price_softs,cotton,65.67,index_1900=100,jacks2019,observed
1896,real_price_softs,cotton,73.88,index_1900=100,jacks2019,observed
1897,real_price_softs,cotton,73.29,index_1900=100,jacks2019,observed
1898,real_price_softs,cotton,60.44,index_1900=100,jacks2019,observed
1899,real_price_softs,cotton,66.49,index_1900=100,jacks2019,observed
1900,real_price_softs,cotton,100.0,index_1900=100,jacks2019,observed
1901,real_price_softs,cotton,99.37,index_1900=100,jacks2019,observed
1902,real_price_softs,cotton,101.39,index_1900=100,jacks2019,observed
1903,real_price_softs,cotton,120.87,index_1900=100,jacks2019,observed
1904,real_price_softs,cotton,114.75,index_1900=100,jacks2019,observed
1905,real_price_softs,cotton,108.18,index_1900=100,jacks2019,observed
1906,real_price_softs,cotton,116.7,index_1900=100,jacks2019,observed
1907,real_price_softs,cotton,113.18,index_1900=100,jacks2019,observed
1908,real_price_softs,cotton,110.54,index_1900=100,jacks2019,observed
1909,real_price_softs,cotton,127.71,index_1900=100,jacks2019,observed
1910,real_price_softs,cotton,144.36,index_1900=100,jacks2019,observed
1911,real_price_softs,cotton,125.73,index_1900=100,jacks2019,observed
1912,real_price_softs,cotton,111.62,index_1900=100,jacks2019,observed
1913,real_price_softs,cotton,120.13,index_1900=100,jacks2019,observed
1914,real_price_softs,cotton,103.14,index_1900=100,jacks2019,observed
1915,real_price_softs,cotton,97.05,index_1900=100,jacks2019,observed
1916,real_price_softs,cotton,133.06,index_1900=100,jacks2019,observed
1917,real_price_softs,cotton,172.51,index_1900=100,jacks2019,observed
1918,real_price_softs,cotton,182.0,index_1900=100,jacks2019,observed
1919,real_price_softs,cotton,175.94,index_1900=100,jacks2019,observed
1920,real_price_softs,cotton,119.61,index_1900=100,jacks2019,observed
1921,real_price_softs,cotton,87.93,index_1900=100,jacks2019,observed
1922,real_price_softs,cotton,118.39,index_1900=100,jacks2019,observed
1923,real_price_softs,cotton,148.11,index_1900=100,jacks2019,observed
1924,real_price_softs,cotton,143.62,index_1900=100,jacks2019,observed
1925,real_price_softs,cotton,113.26,index_1900=100,jacks2019,observed
1926,real_price_softs,cotton,87.13,index_1900=100,jacks2019,observed
1927,real_price_softs,cotton,88.79,index_1900=100,jacks2019,observed
1928,real_price_softs,cotton,101.39,index_1900=100,jacks2019,observed
1929,real_price_softs,cotton,91.09,index_1900=100,jacks2019,observed
1930,real_price_softs,cotton,68.8,index_1900=100,jacks2019,observed
1931,real_price_softs,cotton,46.02,index_1900=100,jacks2019,observed
1932,real_price_softs,cotton,43.39,index_1900=100,jacks2019,observed
1933,real_price_softs,cotton,62.81,index_1900=100,jacks2019,observed
1934,real_price_softs,cotton,78.36,index_1900=100,jacks2019,observed
1935,real_price_softs,cotton,79.07,index_1900=100,jacks2019,observed
1936,real_price_softs,cotton,79.3,index_1900=100,jacks2019,observed
1937,real_price_softs,cotton,67.4,index_1900=100,jacks2019,observed
1938,real_price_softs,cotton,55.87,index_1900=100,jacks2019,observed
1939,real_price_softs,cotton,60.57,index_1900=100,jacks2019,observed
1940,real_price_softs,cotton,66.73,index_1900=100,jacks2019,observed
1941,real_price_softs,cotton,88.11,index_1900=100,jacks2019,observed
1942,real_price_softs,cotton,102.93,index_1900=100,jacks2019,observed
1943,real_price_softs,cotton,101.44,index_1900=100,jacks2019,observed
1944,real_price_softs,cotton,103.31,index_1900=100,jacks2019,observed
1945,real_price_softs,cotton,113.07,index_1900=100,jacks2019,observed
1946,real_price_softs,cotton,133.56,index_1900=100,jacks2019,observed
1947,real_price_softs,cotton,133.01,index_1900=100,jacks2019,observed
1948,real_price_softs,cotton,117.21,index_1900=100,jacks2019,observed
1949,real_price_softs,cotton,114.34,index_1900=100,jacks2019,observed
1950,real_price_softs,cotton,134.66,index_1900=100,jacks2019,observed
1951,real_price_softs,cotton,138.92,index_1900=100,jacks2019,observed
1952,real_price_softs,cotton,120.78,index_1900=100,jacks2019,observed
1953,real_price_softs,cotton,109.06,index_1900=100,jacks2019,observed
1954,real_price_softs,cotton,107.69,index_1900=100,jacks2019,observed
1955,real_price_softs,cotton,108.25,index_1900=100,jacks2019,observed
1956,real_price_softs,cotton,103.33,index_1900=100,jacks2019,observed
1957,real_price_softs,cotton,97.2,index_1900=100,jacks2019,observed
1958,real_price_softs,cotton,95.87,index_1900=100,jacks2019,observed
1959,real_price_softs,cotton,92.12,index_1900=100,jacks2019,observed
1960,real_price_softs,cotton,86.73,index_1900=100,jacks2019,observed
1961,real_price_softs,cotton,88.18,index_1900=100,jacks2019,observed
1962,real_price_softs,cotton,84.22,index_1900=100,jacks2019,observed
1963,real_price_softs,cotton,82.75,index_1900=100,jacks2019,observed
1964,real_price_softs,cotton,82.26,index_1900=100,jacks2019,observed
1965,real_price_softs,cotton,79.33,index_1900=100,jacks2019,observed
1966,real_price_softs,cotton,75.3,index_1900=100,jacks2019,observed
1967,real_price_softs,cotton,79.5,index_1900=100,jacks2019,observed
1968,real_price_softs,cotton,77.2,index_1900=100,jacks2019,observed
1969,real_price_softs,cotton,67.11,index_1900=100,jacks2019,observed
1970,real_price_softs,cotton,68.34,index_1900=100,jacks2019,observed
1971,real_price_softs,cotton,75.88,index_1900=100,jacks2019,observed
1972,real_price_softs,cotton,77.56,index_1900=100,jacks2019,observed
1973,real_price_softs,cotton,122.78,index_1900=100,jacks2019,observed
1974,real_price_softs,cotton,116.06,index_1900=100,jacks2019,observed
1975,real_price_softs,cotton,89.15,index_1900=100,jacks2019,observed
1976,real_price_softs,cotton,120.45,index_1900=100,jacks2019,observed
1977,real_price_softs,cotton,105.46,index_1900=100,jacks2019,observed
1978,real_price_softs,cotton,96.69,index_1900=100,jacks2019,observed
1979,real_price_softs,cotton,92.34,index_1900=100,jacks2019,observed
1980,real_price_softs,cotton,98.23,index_1900=100,jacks2019,observed
1981,real_price_softs,cotton,80.76,index_1900=100,jacks2019,observed
1982,real_price_softs,cotton,64.96,index_1900=100,jacks2019,observed
1983,real_price_softs,cotton,73.05,index_1900=100,jacks2019,observed
1984,real_price_softs,cotton,67.42,index_1900=100,jacks2019,observed
1985,real_price_softs,cotton,48.09,index_1900=100,jacks2019,observed
1986,real_price_softs,cotton,37.83,index_1900=100,jacks2019,observed
1987,real_price_softs,cotton,56.95,index_1900=100,jacks2019,observed
1988,real_price_softs,cotton,46.43,index_1900=100,jacks2019,observed
1989,real_price_softs,cotton,52.99,index_1900=100,jacks2019,observed
1990,real_price_softs,cotton,54.63,index_1900=100,jacks2019,observed
1991,real_price_softs,cotton,48.34,index_1900=100,jacks2019,observed
1992,real_price_softs,cotton,35.76,index_1900=100,jacks2019,observed
1993,real_price_softs,cotton,34.77,index_1900=100,jacks2019,observed
1994,real_price_softs,cotton,46.68,index_1900=100,jacks2019,observed
1995,real_price_softs,cotton,54.8,index_1900=100,jacks2019,observed
1996,real_price_softs,cotton,44.36,index_1900=100,jacks2019,observed
1997,real_price_softs,cotton,42.73,index_1900=100,jacks2019,observed
1998,real_price_softs,cotton,34.79,index_1900=100,jacks2019,observed
1999,real_price_softs,cotton,27.59,index_1900=100,jacks2019,observed
2000,real_price_softs,cotton,29.68,index_1900=100,jacks2019,observed
2001,real_price_softs,cotton,23.45,index_1900=100,jacks2019,observed
2002,real_price_softs,cotton,22.24,index_1900=100,jacks2019,observed
2003,real_price_softs,cotton,29.84,index_1900=100,jacks2019,observed
2004,real_price_softs,cotton,28.38,index_1900=100,jacks2019,observed
2005,real_price_softs,cotton,24.46,index_1900=100,jacks2019,observed
2006,real_price_softs,cotton,24.66,index_1900=100,jacks2019,observed
2007,real_price_softs,cotton,26.41,index_1900=100,jacks2019,observed
2008,real_price_softs,cotton,28.69,index_1900=100,jacks2019,observed
2009,real_price_softs,cotton,25.28,index_1900=100,jacks2019,observed
2010,real_price_softs,cotton,41.1,index_1900=100,jacks2019,observed
2011,real_price_softs,cotton,58.08,index_1900=100,jacks2019,observed
2012,real_price_softs,cotton,33.63,index_1900=100,jacks2019,observed
2013,real_price_softs,cotton,33.57,index_1900=100,jacks2019,observed
2014,real_price_softs,cotton,30.37,index_1900=100,jacks2019,observed
2015,real_price_softs,cotton,25.71,index_1900=100,jacks2019,observed
2016,real_price_softs,cotton,26.76,index_1900=100,jacks2019,observed
2017,real_price_softs,cotton,29.51,index_1900=100,jacks2019,observed
2018,real_price_softs,cotton,31.49,index_1900=100,jacks2019,observed
2019,real_price_softs,cotton,26.36,index_1900=100,jacks2019,observed
2020,real_price_softs,cotton,24.05,index_1900=100,jacks2019,observed
2021,real_price_softs,cotton,32.31,index_1900=100,jacks2019,observed
2022,real_price_softs,cotton,38.42,index_1900=100,jacks2019,observed
2023,real_price_softs,cotton,26.99,index_1900=100,jacks2019,observed
2024,real_price_softs,cotton,23.91,index_1900=100,jacks2019,observed
2025,real_price_softs,cotton,20.81,index_1900=100,jacks2019,observed
1874,real_price_softs,cottonseed,112.38,index_1900=100,jacks2019,observed
1875,real_price_softs,cottonseed,126.1,index_1900=100,jacks2019,observed
1876,real_price_softs,cottonseed,102.12,index_1900=100,jacks2019,observed
1877,real_price_softs,cottonseed,104.53,index_1900=100,jacks2019,observed
1878,real_price_softs,cottonseed,87.66,index_1900=100,jacks2019,observed
1879,real_price_softs,cottonseed,99.85,index_1900=100,jacks2019,observed
1880,real_price_softs,cottonseed,105.36,index_1900=100,jacks2019,observed
1881,real_price_softs,cottonseed,116.69,index_1900=100,jacks2019,observed
1882,real_price_softs,cottonseed,112.16,index_1900=100,jacks2019,observed
1883,real_price_softs,cottonseed,103.49,index_1900=100,jacks2019,observed
1884,real_price_softs,cottonseed,90.32,index_1900=100,jacks2019,observed
1885,real_price_softs,cottonseed,81.92,index_1900=100,jacks2019,observed
1886,real_price_softs,cottonseed,81.87,index_1900=100,jacks2019,observed
1887,real_price_softs,cottonseed,92.55,index_1900=100,jacks2019,observed
1888,real_price_softs,cottonseed,113.86,index_1900=100,jacks2019,observed
1889,real_price_softs,cottonseed,86.22,index_1900=100,jacks2019,observed
1890,real_price_softs,cottonseed,89.74,index_1900=100,jacks2019,observed
1891,real_price_softs,cottonseed,89.11,index_1900=100,jacks2019,observed
1892,real_price_softs,cottonseed,82.11,index_1900=100,jacks2019,observed
1893,real_price_softs,cottonseed,93.35,index_1900=100,jacks2019,observed
1894,real_price_softs,cottonseed,72.7,index_1900=100,jacks2019,observed
1895,real_price_softs,cottonseed,71.03,index_1900=100,jacks2019,observed
1896,real_price_softs,cottonseed,80.69,index_1900=100,jacks2019,observed
1897,real_price_softs,cottonseed,64.94,index_1900=100,jacks2019,observed
1898,real_price_softs,cottonseed,60.75,index_1900=100,jacks2019,observed
1899,real_price_softs,cottonseed,87.28,index_1900=100,jacks2019,observed
1900,real_price_softs,cottonseed,100.0,index_1900=100,jacks2019,observed
1901,real_price_softs,cottonseed,98.79,index_1900=100,jacks2019,observed
1902,real_price_softs,cottonseed,106.35,index_1900=100,jacks2019,observed
1903,real_price_softs,cottonseed,109.25,index_1900=100,jacks2019,observed
1904,real_price_softs,cottonseed,98.23,index_1900=100,jacks2019,observed
1905,real_price_softs,cottonseed,99.38,index_1900=100,jacks2019,observed
1906,real_price_softs,cottonseed,115.24,index_1900=100,jacks2019,observed
1907,real_price_softs,cottonseed,115.85,index_1900=100,jacks2019,observed
1908,real_price_softs,cottonseed,107.62,index_1900=100,jacks2019,observed
1909,real_price_softs,cottonseed,154.67,index_1900=100,jacks2019,observed
1910,real_price_softs,cottonseed,159.09,index_1900=100,jacks2019,observed
1911,real_price_softs,cottonseed,104.84,index_1900=100,jacks2019,observed
1912,real_price_softs,cottonseed,109.89,index_1900=100,jacks2019,observed
1913,real_price_softs,cottonseed,128.65,index_1900=100,jacks2019,observed
1914,real_price_softs,cottonseed,89.8,index_1900=100,jacks2019,observed
1915,real_price_softs,cottonseed,173.49,index_1900=100,jacks2019,observed
1916,real_price_softs,cottonseed,240.59,index_1900=100,jacks2019,observed
1917,real_price_softs,cottonseed,281.57,index_1900=100,jacks2019,observed
1918,real_price_softs,cottonseed,243.04,index_1900=100,jacks2019,observed
1919,real_price_softs,cottonseed,213.52,index_1900=100,jacks2019,observed
1920,real_price_softs,cottonseed,71.71,index_1900=100,jacks2019,observed
1921,real_price_softs,cottonseed,91.26,index_1900=100,jacks2019,observed
1922,real_price_softs,cottonseed,101.76,index_1900=100,jacks2019,observed
1923,real_price_softs,cottonseed,135.49,index_1900=100,jacks2019,observed
1924,real_price_softs,cottonseed,109.32,index_1900=100,jacks2019,observed
1925,real_price_softs,cottonseed,101.2,index_1900=100,jacks2019,observed
1926,real_price_softs,cottonseed,69.78,index_1900=100,jacks2019,observed
1927,real_price_softs,cottonseed,112.47,index_1900=100,jacks2019,observed
1928,real_price_softs,cottonseed,112.08,index_1900=100,jacks2019,observed
1929,real_price_softs,cottonseed,101.26,index_1900=100,jacks2019,observed
1930,real_price_softs,cottonseed,74.29,index_1900=100,jacks2019,observed
1931,real_price_softs,cottonseed,33.17,index_1900=100,jacks2019,observed
1932,real_price_softs,cottonseed,42.33,index_1900=100,jacks2019,observed
1933,real_price_softs,cottonseed,55.88,index_1900=100,jacks2019,observed
1934,real_price_softs,cottonseed,138.35,index_1900=100,jacks2019,observed
1935,real_price_softs,cottonseed,124.71,index_1900=100,jacks2019,observed
1936,real_price_softs,cottonseed,134.88,index_1900=100,jacks2019,observed
1937,real_price_softs,cottonseed,76.23,index_1900=100,jacks2019,observed
1938,real_price_softs,cottonseed,86.86,index_1900=100,jacks2019,observed
1939,real_price_softs,cottonseed,85.28,index_1900=100,jacks2019,observed
1940,real_price_softs,cottonseed,86.83,index_1900=100,jacks2019,observed
1941,real_price_softs,cottonseed,181.41,index_1900=100,jacks2019,observed
1942,real_price_softs,cottonseed,157.05,index_1900=100,jacks2019,observed
1943,real_price_softs,cottonseed,169.06,index_1900=100,jacks2019,observed
1944,real_price_softs,cottonseed,168.09,index_1900=100,jacks2019,observed
1945,real_price_softs,cottonseed,159.37,index_1900=100,jacks2019,observed
1946,real_price_softs,cottonseed,206.85,index_1900=100,jacks2019,observed
1947,real_price_softs,cottonseed,215.86,index_1900=100,jacks2019,observed
1948,real_price_softs,cottonseed,156.66,index_1900=100,jacks2019,observed
1949,real_price_softs,cottonseed,102.15,index_1900=100,jacks2019,observed
1950,real_price_softs,cottonseed,201.89,index_1900=100,jacks2019,observed
1951,real_price_softs,cottonseed,149.74,index_1900=100,jacks2019,observed
1952,real_price_softs,cottonseed,147.16,index_1900=100,jacks2019,observed
1953,real_price_softs,cottonseed,110.6,index_1900=100,jacks2019,observed
1954,real_price_softs,cottonseed,125.93,index_1900=100,jacks2019,observed
1955,real_price_softs,cottonseed,93.49,index_1900=100,jacks2019,observed
1956,real_price_softs,cottonseed,110.29,index_1900=100,jacks2019,observed
1957,real_price_softs,cottonseed,101.91,index_1900=100,jacks2019,observed
1958,real_price_softs,cottonseed,85.02,index_1900=100,jacks2019,observed
1959,real_price_softs,cottonseed,74.7,index_1900=100,jacks2019,observed
1960,real_price_softs,cottonseed,114.85,index_1900=100,jacks2019,observed
1961,real_price_softs,cottonseed,95.88,index_1900=100,jacks2019,observed
1962,real_price_softs,cottonseed,88.86,index_1900=100,jacks2019,observed
1963,real_price_softs,cottonseed,92.95,index_1900=100,jacks2019,observed
1964,real_price_softs,cottonseed,85.21,index_1900=100,jacks2019,observed
1965,real_price_softs,cottonseed,83.07,index_1900=100,jacks2019,observed
1966,real_price_softs,cottonseed,113.97,index_1900=100,jacks2019,observed
1967,real_price_softs,cottonseed,92.78,index_1900=100,jacks2019,observed
1968,real_price_softs,cottonseed,81.46,index_1900=100,jacks2019,observed
1969,real_price_softs,cottonseed,62.92,index_1900=100,jacks2019,observed
1970,real_price_softs,cottonseed,81.66,index_1900=100,jacks2019,observed
1971,real_price_softs,cottonseed,78.71,index_1900=100,jacks2019,observed
1972,real_price_softs,cottonseed,66.4,index_1900=100,jacks2019,observed
1973,real_price_softs,cottonseed,118.97,index_1900=100,jacks2019,observed
1974,real_price_softs,cottonseed,143.85,index_1900=100,jacks2019,observed
1975,real_price_softs,cottonseed,90.67,index_1900=100,jacks2019,observed
1976,real_price_softs,cottonseed,85.73,index_1900=100,jacks2019,observed
1977,real_price_softs,cottonseed,56.67,index_1900=100,jacks2019,observed
1978,real_price_softs,cottonseed,84.55,index_1900=100,jacks2019,observed
1979,real_price_softs,cottonseed,77.85,index_1900=100,jacks2019,observed
1980,real_price_softs,cottonseed,70.36,index_1900=100,jacks2019,observed
1981,real_price_softs,cottonseed,45.53,index_1900=100,jacks2019,observed
1982,real_price_softs,cottonseed,40.88,index_1900=100,jacks2019,observed
1983,real_price_softs,cottonseed,79.22,index_1900=100,jacks2019,observed
1984,real_price_softs,cottonseed,47.35,index_1900=100,jacks2019,observed
1985,real_price_softs,cottonseed,28.29,index_1900=100,jacks2019,observed
1986,real_price_softs,cottonseed,34.66,index_1900=100,jacks2019,observed
1987,real_price_softs,cottonseed,35.37,index_1900=100,jacks2019,observed
1988,real_price_softs,cottonseed,46.11,index_1900=100,jacks2019,observed
1989,real_price_softs,cottonseed,46.74,index_1900=100,jacks2019,observed
1990,real_price_softs,cottonseed,43.23,index_1900=100,jacks2019,observed
1991,real_price_softs,cottonseed,25.21,index_1900=100,jacks2019,observed
1992,real_price_softs,cottonseed,37.49,index_1900=100,jacks2019,observed
1993,real_price_softs,cottonseed,40.11,index_1900=100,jacks2019,observed
1994,real_price_softs,cottonseed,33.52,index_1900=100,jacks2019,observed
1995,real_price_softs,cottonseed,35.15,index_1900=100,jacks2019,observed
1996,real_price_softs,cottonseed,40.04,index_1900=100,jacks2019,observed
1997,real_price_softs,cottonseed,34.59,index_1900=100,jacks2019,observed
1998,real_price_softs,cottonseed,39.14,index_1900=100,jacks2019,observed
1999,real_price_softs,cottonseed,23.68,index_1900=100,jacks2019,observed
2000,real_price_softs,cottonseed,28.85,index_1900=100,jacks2019,observed
2001,real_price_softs,cottonseed,25.44,index_1900=100,jacks2019,observed
2002,real_price_softs,cottonseed,27.89,index_1900=100,jacks2019,observed
2003,real_price_softs,cottonseed,33.09,index_1900=100,jacks2019,observed
2004,real_price_softs,cottonseed,26.81,index_1900=100,jacks2019,observed
2005,real_price_softs,cottonseed,25.19,index_1900=100,jacks2019,observed
2006,real_price_softs,cottonseed,28.51,index_1900=100,jacks2019,observed
2007,real_price_softs,cottonseed,36.41,index_1900=100,jacks2019,observed
2008,real_price_softs,cottonseed,51.35,index_1900=100,jacks2019,observed
2009,real_price_softs,cottonseed,35.42,index_1900=100,jacks2019,observed
2010,real_price_softs,cottonseed,34.4,index_1900=100,jacks2019,observed
2011,real_price_softs,cottonseed,62.58,index_1900=100,jacks2019,observed
2012,real_price_softs,cottonseed,56.22,index_1900=100,jacks2019,observed
2013,real_price_softs,cottonseed,53.11,index_1900=100,jacks2019,observed
2014,real_price_softs,cottonseed,43.82,index_1900=100,jacks2019,observed
2015,real_price_softs,cottonseed,46.05,index_1900=100,jacks2019,observed
2016,real_price_softs,cottonseed,43.53,index_1900=100,jacks2019,observed
2017,real_price_softs,cottonseed,32.82,index_1900=100,jacks2019,observed
2018,real_price_softs,cottonseed,30.47,index_1900=100,jacks2019,observed
2019,real_price_softs,cottonseed,32.62,index_1900=100,jacks2019,observed
2020,real_price_softs,cottonseed,35.81,index_1900=100,jacks2019,observed
2021,real_price_softs,cottonseed,44.12,index_1900=100,jacks2019,observed
2022,real_price_softs,cottonseed,60.76,index_1900=100,jacks2019,observed
2023,real_price_softs,cottonseed,39.57,index_1900=100,jacks2019,observed
2024,real_price_softs,cottonseed,34.87,index_1900=100,jacks2019,observed
2025,real_price_softs,cottonseed,32.45,index_1900=100,jacks2019,observed
1850,real_price_softs,palm_oil,117.31,index_1900=100,jacks2019,observed
1851,real_price_softs,palm_oil,111.85,index_1900=100,jacks2019,observed
1852,real_price_softs,palm_oil,114.61,index_1900=100,jacks2019,observed
1853,real_price_softs,palm_oil,146.22,index_1900=100,jacks2019,observed
1854,real_price_softs,palm_oil,174.55,index_1900=100,jacks2019,observed
1855,real_price_softs,palm_oil,155.42,index_1900=100,jacks2019,observed
1856,real_price_softs,palm_oil,151.24,index_1900=100,jacks2019,observed
1857,real_price_softs,palm_oil,157.45,index_1900=100,jacks2019,observed
1858,real_price_softs,palm_oil,144.66,index_1900=100,jacks2019,observed
1859,real_price_softs,palm_oil,165.26,index_1900=100,jacks2019,observed
1860,real_price_softs,palm_oil,168.93,index_1900=100,jacks2019,observed
1861,real_price_softs,palm_oil,155.97,index_1900=100,jacks2019,observed
1862,real_price_softs,palm_oil,130.54,index_1900=100,jacks2019,observed
1863,real_price_softs,palm_oil,89.99,index_1900=100,jacks2019,observed
1864,real_price_softs,palm_oil,66.08,index_1900=100,jacks2019,observed
1865,real_price_softs,palm_oil,69.36,index_1900=100,jacks2019,observed
1866,real_price_softs,palm_oil,80.78,index_1900=100,jacks2019,observed
1867,real_price_softs,palm_oil,84.63,index_1900=100,jacks2019,observed
1868,real_price_softs,palm_oil,85.92,index_1900=100,jacks2019,observed
1869,real_price_softs,palm_oil,91.87,index_1900=100,jacks2019,observed
1870,real_price_softs,palm_oil,91.26,index_1900=100,jacks2019,observed
1871,real_price_softs,palm_oil,95.0,index_1900=100,jacks2019,observed
1872,real_price_softs,palm_oil,97.5,index_1900=100,jacks2019,observed
1873,real_price_softs,palm_oil,96.97,index_1900=100,jacks2019,observed
1874,real_price_softs,palm_oil,96.52,index_1900=100,jacks2019,observed
1875,real_price_softs,palm_oil,100.15,index_1900=100,jacks2019,observed
1876,real_price_softs,palm_oil,108.26,index_1900=100,jacks2019,observed
1877,real_price_softs,palm_oil,116.65,index_1900=100,jacks2019,observed
1878,real_price_softs,palm_oil,116.32,index_1900=100,jacks2019,observed
1879,real_price_softs,palm_oil,104.07,index_1900=100,jacks2019,observed
1880,real_price_softs,palm_oil,95.58,index_1900=100,jacks2019,observed
1881,real_price_softs,palm_oil,95.58,index_1900=100,jacks2019,observed
1882,real_price_softs,palm_oil,104.54,index_1900=100,jacks2019,observed
1883,real_price_softs,palm_oil,124.98,index_1900=100,jacks2019,observed
1884,real_price_softs,palm_oil,112.05,index_1900=100,jacks2019,observed
1885,real_price_softs,palm_oil,95.28,index_1900=100,jacks2019,observed
1886,real_price_softs,palm_oil,77.89,index_1900=100,jacks2019,observed
1887,real_price_softs,palm_oil,70.63,index_1900=100,jacks2019,observed
1888,real_price_softs,palm_oil,70.63,index_1900=100,jacks2019,observed
1889,real_price_softs,palm_oil,82.96,index_1900=100,jacks2019,observed
1890,real_price_softs,palm_oil,90.61,index_1900=100,jacks2019,observed
1891,real_price_softs,palm_oil,87.26,index_1900=100,jacks2019,observed
1892,real_price_softs,palm_oil,80.54,index_1900=100,jacks2019,observed
1893,real_price_softs,palm_oil,82.32,index_1900=100,jacks2019,observed
1894,real_price_softs,palm_oil,86.95,index_1900=100,jacks2019,observed
1895,real_price_softs,palm_oil,83.64,index_1900=100,jacks2019,observed
1896,real_price_softs,palm_oil,80.0,index_1900=100,jacks2019,observed
1897,real_price_softs,palm_oil,81.0,index_1900=100,jacks2019,observed
1898,real_price_softs,palm_oil,84.68,index_1900=100,jacks2019,observed
1899,real_price_softs,palm_oil,92.04,index_1900=100,jacks2019,observed
1900,real_price_softs,palm_oil,100.0,index_1900=100,jacks2019,observed
1901,real_price_softs,palm_oil,93.6,index_1900=100,jacks2019,observed
1902,real_price_softs,palm_oil,97.6,index_1900=100,jacks2019,observed
1903,real_price_softs,palm_oil,97.1,index_1900=100,jacks2019,observed
1904,real_price_softs,palm_oil,94.32,index_1900=100,jacks2019,observed
1905,real_price_softs,palm_oil,93.76,index_1900=100,jacks2019,observed
1906,real_price_softs,palm_oil,103.15,index_1900=100,jacks2019,observed
1907,real_price_softs,palm_oil,106.61,index_1900=100,jacks2019,observed
1908,real_price_softs,palm_oil,91.26,index_1900=100,jacks2019,observed
1909,real_price_softs,palm_oil,97.14,index_1900=100,jacks2019,observed
1910,real_price_softs,palm_oil,113.18,index_1900=100,jacks2019,observed
1911,real_price_softs,palm_oil,111.64,index_1900=100,jacks2019,observed
1912,real_price_softs,palm_oil,104.83,index_1900=100,jacks2019,observed
1913,real_price_softs,palm_oil,110.07,index_1900=100,jacks2019,observed
1914,real_price_softs,palm_oil,119.39,index_1900=100,jacks2019,observed
1915,real_price_softs,palm_oil,124.63,index_1900=100,jacks2019,observed
1916,real_price_softs,palm_oil,163.77,index_1900=100,jacks2019,observed
1917,real_price_softs,palm_oil,199.37,index_1900=100,jacks2019,observed
1918,real_price_softs,palm_oil,154.55,index_1900=100,jacks2019,observed
1919,real_price_softs,palm_oil,148.6,index_1900=100,jacks2019,observed
1920,real_price_softs,palm_oil,89.79,index_1900=100,jacks2019,observed
1921,real_price_softs,palm_oil,55.85,index_1900=100,jacks2019,observed
1922,real_price_softs,palm_oil,63.01,index_1900=100,jacks2019,observed
1923,real_price_softs,palm_oil,63.57,index_1900=100,jacks2019,observed
1924,real_price_softs,palm_oil,68.49,index_1900=100,jacks2019,observed
1925,real_price_softs,palm_oil,75.75,index_1900=100,jacks2019,observed
1926,real_price_softs,palm_oil,69.39,index_1900=100,jacks2019,observed
1927,real_price_softs,palm_oil,65.78,index_1900=100,jacks2019,observed
1928,real_price_softs,palm_oil,67.54,index_1900=100,jacks2019,observed
1929,real_price_softs,palm_oil,68.37,index_1900=100,jacks2019,observed
1930,real_price_softs,palm_oil,55.6,index_1900=100,jacks2019,observed
1931,real_price_softs,palm_oil,45.0,index_1900=100,jacks2019,observed
1932,real_price_softs,palm_oil,39.74,index_1900=100,jacks2019,observed
1933,real_price_softs,palm_oil,41.89,index_1900=100,jacks2019,observed
1934,real_price_softs,palm_oil,57.6,index_1900=100,jacks2019,observed
1935,real_price_softs,palm_oil,80.07,index_1900=100,jacks2019,observed
1936,real_price_softs,palm_oil,80.35,index_1900=100,jacks2019,observed
1937,real_price_softs,palm_oil,85.52,index_1900=100,jacks2019,observed
1938,real_price_softs,palm_oil,68.93,index_1900=100,jacks2019,observed
1939,real_price_softs,palm_oil,71.97,index_1900=100,jacks2019,observed
1940,real_price_softs,palm_oil,73.28,index_1900=100,jacks2019,observed
1941,real_price_softs,palm_oil,94.05,index_1900=100,jacks2019,observed
1942,real_price_softs,palm_oil,104.25,index_1900=100,jacks2019,observed
1943,real_price_softs,palm_oil,70.99,index_1900=100,jacks2019,observed
1944,real_price_softs,palm_oil,69.78,index_1900=100,jacks2019,observed
1945,real_price_softs,palm_oil,68.23,index_1900=100,jacks2019,observed
1946,real_price_softs,palm_oil,62.85,index_1900=100,jacks2019,observed
1947,real_price_softs,palm_oil,113.77,index_1900=100,jacks2019,observed
1948,real_price_softs,palm_oil,129.28,index_1900=100,jacks2019,observed
1949,real_price_softs,palm_oil,96.4,index_1900=100,jacks2019,observed
1950,real_price_softs,palm_oil,86.58,index_1900=100,jacks2019,observed
1951,real_price_softs,palm_oil,126.97,index_1900=100,jacks2019,observed
1952,real_price_softs,palm_oil,74.23,index_1900=100,jacks2019,observed
1953,real_price_softs,palm_oil,65.14,index_1900=100,jacks2019,observed
1954,real_price_softs,palm_oil,66.41,index_1900=100,jacks2019,observed
1955,real_price_softs,palm_oil,69.32,index_1900=100,jacks2019,observed
1956,real_price_softs,palm_oil,78.8,index_1900=100,jacks2019,observed
1957,real_price_softs,palm_oil,77.12,index_1900=100,jacks2019,observed
1958,real_price_softs,palm_oil,71.11,index_1900=100,jacks2019,observed
1959,real_price_softs,palm_oil,71.5,index_1900=100,jacks2019,observed
1960,real_price_softs,palm_oil,68.46,index_1900=100,jacks2019,observed
1961,real_price_softs,palm_oil,68.98,index_1900=100,jacks2019,observed
1962,real_price_softs,palm_oil,64.57,index_1900=100,jacks2019,observed
1963,real_price_softs,palm_oil,65.63,index_1900=100,jacks2019,observed
1964,real_price_softs,palm_oil,69.73,index_1900=100,jacks2019,observed
1965,real_price_softs,palm_oil,78.03,index_1900=100,jacks2019,observed
1966,real_price_softs,palm_oil,65.6,index_1900=100,jacks2019,observed
1967,real_price_softs,palm_oil,60.45,index_1900=100,jacks2019,observed
1968,real_price_softs,palm_oil,43.84,index_1900=100,jacks2019,observed
1969,real_price_softs,palm_oil,44.63,index_1900=100,jacks2019,observed
1970,real_price_softs,palm_oil,60.5,index_1900=100,jacks2019,observed
1971,real_price_softs,palm_oil,58.21,index_1900=100,jacks2019,observed
1972,real_price_softs,palm_oil,46.91,index_1900=100,jacks2019,observed
1973,real_price_softs,palm_oil,76.75,index_1900=100,jacks2019,observed
1974,real_price_softs,palm_oil,122.56,index_1900=100,jacks2019,observed
1975,real_price_softs,palm_oil,72.87,index_1900=100,jacks2019,observed
1976,real_price_softs,palm_oil,64.52,index_1900=100,jacks2019,observed
1977,real_price_softs,palm_oil,79.02,index_1900=100,jacks2019,observed
1978,real_price_softs,palm_oil,83.18,index_1900=100,jacks2019,observed
1979,real_price_softs,palm_oil,81.41,index_1900=100,jacks2019,observed
1980,real_price_softs,palm_oil,64.02,index_1900=100,jacks2019,observed
1981,real_price_softs,palm_oil,56.71,index_1900=100,jacks2019,observed
1982,real_price_softs,palm_oil,41.68,index_1900=100,jacks2019,observed
1983,real_price_softs,palm_oil,45.49,index_1900=100,jacks2019,observed
1984,real_price_softs,palm_oil,63.39,index_1900=100,jacks2019,observed
1985,real_price_softs,palm_oil,42.04,index_1900=100,jacks2019,observed
1986,real_price_softs,palm_oil,21.19,index_1900=100,jacks2019,observed
1987,real_price_softs,palm_oil,27.25,index_1900=100,jacks2019,observed
1988,real_price_softs,palm_oil,33.39,index_1900=100,jacks2019,observed
1989,real_price_softs,palm_oil,25.54,index_1900=100,jacks2019,observed
1990,real_price_softs,palm_oil,20.03,index_1900=100,jacks2019,observed
1991,real_price_softs,palm_oil,22.49,index_1900=100,jacks2019,observed
1992,real_price_softs,palm_oil,25.34,index_1900=100,jacks2019,observed
1993,real_price_softs,palm_oil,23.62,index_1900=100,jacks2019,observed
1994,real_price_softs,palm_oil,32.22,index_1900=100,jacks2019,observed
1995,real_price_softs,palm_oil,37.25,index_1900=100,jacks2019,observed
1996,real_price_softs,palm_oil,30.58,index_1900=100,jacks2019,observed
1997,real_price_softs,palm_oil,30.73,index_1900=100,jacks2019,observed
1998,real_price_softs,palm_oil,37.2,index_1900=100,jacks2019,observed
1999,real_price_softs,palm_oil,23.65,index_1900=100,jacks2019,observed
2000,real_price_softs,palm_oil,16.28,index_1900=100,jacks2019,observed
2001,real_price_softs,palm_oil,14.67,index_1900=100,jacks2019,observed
2002,real_price_softs,palm_oil,20.64,index_1900=100,jacks2019,observed
2003,real_price_softs,palm_oil,23.41,index_1900=100,jacks2019,observed
2004,real_price_softs,palm_oil,23.88,index_1900=100,jacks2019,observed
2005,real_price_softs,palm_oil,20.85,index_1900=100,jacks2019,observed
2006,real_price_softs,palm_oil,22.78,index_1900=100,jacks2019,observed
2007,real_price_softs,palm_oil,35.59,index_1900=100,jacks2019,observed
2008,real_price_softs,palm_oil,43.77,index_1900=100,jacks2019,observed
2009,real_price_softs,palm_oil,31.22,index_1900=100,jacks2019,observed
2010,real_price_softs,palm_oil,38.66,index_1900=100,jacks2019,observed
2011,real_price_softs,palm_oil,47.94,index_1900=100,jacks2019,observed
2012,real_price_softs,palm_oil,41.07,index_1900=100,jacks2019,observed
2013,real_price_softs,palm_oil,33.78,index_1900=100,jacks2019,observed
2014,real_price_softs,palm_oil,31.97,index_1900=100,jacks2019,observed
2015,real_price_softs,palm_oil,25.29,index_1900=100,jacks2019,observed
2016,real_price_softs,palm_oil,27.7,index_1900=100,jacks2019,observed
2017,real_price_softs,palm_oil,27.68,index_1900=100,jacks2019,observed
2018,real_price_softs,palm_oil,22.98,index_1900=100,jacks2019,observed
2019,real_price_softs,palm_oil,21.26,index_1900=100,jacks2019,observed
2020,real_price_softs,palm_oil,26.25,index_1900=100,jacks2019,observed
2021,real_price_softs,palm_oil,37.7,index_1900=100,jacks2019,observed
2022,real_price_softs,palm_oil,39.4,index_1900=100,jacks2019,observed
2023,real_price_softs,palm_oil,26.29,index_1900=100,jacks2019,observed
2024,real_price_softs,palm_oil,27.75,index_1900=100,jacks2019,observed
2025,real_price_softs,palm_oil,28.26,index_1900=100,jacks2019,observed
1870,real_price_softs,peanuts,203.42,index_1900=100,jacks2019,observed
1871,real_price_softs,peanuts,221.77,index_1900=100,jacks2019,observed
1872,real_price_softs,peanuts,188.51,index_1900=100,jacks2019,observed
1873,real_price_softs,peanuts,178.83,index_1900=100,jacks2019,observed
1874,real_price_softs,peanuts,230.71,index_1900=100,jacks2019,observed
1875,real_price_softs,peanuts,197.43,index_1900=100,jacks2019,observed
1876,real_price_softs,peanuts,171.85,index_1900=100,jacks2019,observed
1877,real_price_softs,peanuts,152.63,index_1900=100,jacks2019,observed
1878,real_price_softs,peanuts,160.21,index_1900=100,jacks2019,observed
1879,real_price_softs,peanuts,133.06,index_1900=100,jacks2019,observed
1880,real_price_softs,peanuts,132.48,index_1900=100,jacks2019,observed
1881,real_price_softs,peanuts,145.73,index_1900=100,jacks2019,observed
1882,real_price_softs,peanuts,190.78,index_1900=100,jacks2019,observed
1883,real_price_softs,peanuts,213.63,index_1900=100,jacks2019,observed
1884,real_price_softs,peanuts,173.95,index_1900=100,jacks2019,observed
1885,real_price_softs,peanuts,112.7,index_1900=100,jacks2019,observed
1886,real_price_softs,peanuts,126.68,index_1900=100,jacks2019,observed
1887,real_price_softs,peanuts,113.92,index_1900=100,jacks2019,observed
1888,real_price_softs,peanuts,131.01,index_1900=100,jacks2019,observed
1889,real_price_softs,peanuts,173.68,index_1900=100,jacks2019,observed
1890,real_price_softs,peanuts,169.69,index_1900=100,jacks2019,observed
1891,real_price_softs,peanuts,113.13,index_1900=100,jacks2019,observed
1892,real_price_softs,peanuts,101.22,index_1900=100,jacks2019,observed
1893,real_price_softs,peanuts,102.38,index_1900=100,jacks2019,observed
1894,real_price_softs,peanuts,85.01,index_1900=100,jacks2019,observed
1895,real_price_softs,peanuts,96.77,index_1900=100,jacks2019,observed
1896,real_price_softs,peanuts,109.68,index_1900=100,jacks2019,observed
1897,real_price_softs,peanuts,91.45,index_1900=100,jacks2019,observed
1898,real_price_softs,peanuts,94.71,index_1900=100,jacks2019,observed
1899,real_price_softs,peanuts,111.04,index_1900=100,jacks2019,observed
1900,real_price_softs,peanuts,100.0,index_1900=100,jacks2019,observed
1901,real_price_softs,peanuts,92.41,index_1900=100,jacks2019,observed
1902,real_price_softs,peanuts,107.05,index_1900=100,jacks2019,observed
1903,real_price_softs,peanuts,110.82,index_1900=100,jacks2019,observed
1904,real_price_softs,peanuts,139.96,index_1900=100,jacks2019,observed
1905,real_price_softs,peanuts,123.13,index_1900=100,jacks2019,observed
1906,real_price_softs,peanuts,117.44,index_1900=100,jacks2019,observed
1907,real_price_softs,peanuts,126.82,index_1900=100,jacks2019,observed
1908,real_price_softs,peanuts,108.92,index_1900=100,jacks2019,observed
1909,real_price_softs,peanuts,122.06,index_1900=100,jacks2019,observed
1910,real_price_softs,peanuts,114.04,index_1900=100,jacks2019,observed
1911,real_price_softs,peanuts,119.74,index_1900=100,jacks2019,observed
1912,real_price_softs,peanuts,122.91,index_1900=100,jacks2019,observed
1913,real_price_softs,peanuts,123.08,index_1900=100,jacks2019,observed
1914,real_price_softs,peanuts,113.81,index_1900=100,jacks2019,observed
1915,real_price_softs,peanuts,110.53,index_1900=100,jacks2019,observed
1916,real_price_softs,peanuts,118.46,index_1900=100,jacks2019,observed
1917,real_price_softs,peanuts,143.37,index_1900=100,jacks2019,observed
1918,real_price_softs,peanuts,113.33,index_1900=100,jacks2019,observed
1919,real_price_softs,peanuts,142.67,index_1900=100,jacks2019,observed
1920,real_price_softs,peanuts,61.58,index_1900=100,jacks2019,observed
1921,real_price_softs,peanuts,55.74,index_1900=100,jacks2019,observed
1922,real_price_softs,peanuts,84.55,index_1900=100,jacks2019,observed
1923,real_price_softs,peanuts,98.45,index_1900=100,jacks2019,observed
1924,real_price_softs,peanuts,89.06,index_1900=100,jacks2019,observed
1925,real_price_softs,peanuts,64.41,index_1900=100,jacks2019,observed
1926,real_price_softs,peanuts,74.18,index_1900=100,jacks2019,observed
1927,real_price_softs,peanuts,78.61,index_1900=100,jacks2019,observed
1928,real_price_softs,peanuts,75.11,index_1900=100,jacks2019,observed
1929,real_price_softs,peanuts,56.72,index_1900=100,jacks2019,observed
1930,real_price_softs,peanuts,55.03,index_1900=100,jacks2019,observed
1931,real_price_softs,peanuts,27.59,index_1900=100,jacks2019,observed
1932,real_price_softs,peanuts,28.83,index_1900=100,jacks2019,observed
1933,real_price_softs,peanuts,56.73,index_1900=100,jacks2019,observed
1934,real_price_softs,peanuts,64.71,index_1900=100,jacks2019,observed
1935,real_price_softs,peanuts,59.29,index_1900=100,jacks2019,observed
1936,real_price_softs,peanuts,70.1,index_1900=100,jacks2019,observed
1937,real_price_softs,peanuts,60.34,index_1900=100,jacks2019,observed
1938,real_price_softs,peanuts,61.5,index_1900=100,jacks2019,observed
1939,real_price_softs,peanuts,64.27,index_1900=100,jacks2019,observed
1940,real_price_softs,peanuts,61.76,index_1900=100,jacks2019,observed
1941,real_price_softs,peanuts,83.78,index_1900=100,jacks2019,observed
1942,real_price_softs,peanuts,98.27,index_1900=100,jacks2019,observed
1943,real_price_softs,peanuts,107.76,index_1900=100,jacks2019,observed
1944,real_price_softs,peanuts,119.35,index_1900=100,jacks2019,observed
1945,real_price_softs,peanuts,121.08,index_1900=100,jacks2019,observed
1946,real_price_softs,peanuts,122.29,index_1900=100,jacks2019,observed
1947,real_price_softs,peanuts,118.71,index_1900=100,jacks2019,observed
1948,real_price_softs,peanuts,114.5,index_1900=100,jacks2019,observed
1949,real_price_softs,peanuts,114.5,index_1900=100,jacks2019,observed
1950,real_price_softs,peanuts,118.86,index_1900=100,jacks2019,observed
1951,real_price_softs,peanuts,105.11,index_1900=100,jacks2019,observed
1952,real_price_softs,peanuts,107.8,index_1900=100,jacks2019,observed
1953,real_price_softs,peanuts,108.96,index_1900=100,jacks2019,observed
1954,real_price_softs,peanuts,119.18,index_1900=100,jacks2019,observed
1955,real_price_softs,peanuts,114.72,index_1900=100,jacks2019,observed
1956,real_price_softs,peanuts,108.2,index_1900=100,jacks2019,observed
1957,real_price_softs,peanuts,97.01,index_1900=100,jacks2019,observed
1958,real_price_softs,peanuts,96.24,index_1900=100,jacks2019,observed
1959,real_price_softs,peanuts,86.45,index_1900=100,jacks2019,observed
1960,real_price_softs,peanuts,88.65,index_1900=100,jacks2019,observed
1961,real_price_softs,peanuts,95.66,index_1900=100,jacks2019,observed
1962,real_price_softs,peanuts,95.45,index_1900=100,jacks2019,observed
1963,real_price_softs,peanuts,96.05,index_1900=100,jacks2019,observed
1964,real_price_softs,peanuts,94.78,index_1900=100,jacks2019,observed
1965,real_price_softs,peanuts,94.85,index_1900=100,jacks2019,observed
1966,real_price_softs,peanuts,91.41,index_1900=100,jacks2019,observed
1967,real_price_softs,peanuts,89.62,index_1900=100,jacks2019,observed
1968,real_price_softs,peanuts,89.79,index_1900=100,jacks2019,observed
1969,real_price_softs,peanuts,88.08,index_1900=100,jacks2019,observed
1970,real_price_softs,peanuts,86.54,index_1900=100,jacks2019,observed
1971,real_price_softs,peanuts,88.15,index_1900=100,jacks2019,observed
1972,real_price_softs,peanuts,90.35,index_1900=100,jacks2019,observed
1973,real_price_softs,peanuts,95.7,index_1900=100,jacks2019,observed
1974,real_price_softs,peanuts,95.28,index_1900=100,jacks2019,observed
1975,real_price_softs,peanuts,95.59,index_1900=100,jacks2019,observed
1976,real_price_softs,peanuts,92.23,index_1900=100,jacks2019,observed
1977,real_price_softs,peanuts,90.98,index_1900=100,jacks2019,observed
1978,real_price_softs,peanuts,84.95,index_1900=100,jacks2019,observed
1979,real_price_softs,peanuts,74.54,index_1900=100,jacks2019,observed
1980,real_price_softs,peanuts,80.0,index_1900=100,jacks2019,observed
1981,real_price_softs,peanuts,73.7,index_1900=100,jacks2019,observed
1982,real_price_softs,peanuts,45.7,index_1900=100,jacks2019,observed
1983,real_price_softs,peanuts,51.66,index_1900=100,jacks2019,observed
1984,real_price_softs,peanuts,42.91,index_1900=100,jacks2019,observed
1985,real_price_softs,peanuts,33.47,index_1900=100,jacks2019,observed
1986,real_price_softs,peanuts,48.32,index_1900=100,jacks2019,observed
1987,real_price_softs,peanuts,35.59,index_1900=100,jacks2019,observed
1988,real_price_softs,peanuts,42.16,index_1900=100,jacks2019,observed
1989,real_price_softs,peanuts,35.14,index_1900=100,jacks2019,observed
1990,real_price_softs,peanuts,54.05,index_1900=100,jacks2019,observed
1991,real_price_softs,peanuts,48.44,index_1900=100,jacks2019,observed
1992,real_price_softs,peanuts,30.36,index_1900=100,jacks2019,observed
1993,real_price_softs,peanuts,40.28,index_1900=100,jacks2019,observed
1994,real_price_softs,peanuts,34.34,index_1900=100,jacks2019,observed
1995,real_price_softs,peanuts,31.82,index_1900=100,jacks2019,observed
1996,real_price_softs,peanuts,32.68,index_1900=100,jacks2019,observed
1997,real_price_softs,peanuts,32.82,index_1900=100,jacks2019,observed
1998,real_price_softs,peanuts,32.33,index_1900=100,jacks2019,observed
1999,real_price_softs,peanuts,27.63,index_1900=100,jacks2019,observed
2000,real_price_softs,peanuts,26.95,index_1900=100,jacks2019,observed
2001,real_price_softs,peanuts,26.07,index_1900=100,jacks2019,observed
2002,real_price_softs,peanuts,21.43,index_1900=100,jacks2019,observed
2003,real_price_softs,peanuts,28.88,index_1900=100,jacks2019,observed
2004,real_price_softs,peanuts,27.88,index_1900=100,jacks2019,observed
2005,real_price_softs,peanuts,23.86,index_1900=100,jacks2019,observed
2006,real_price_softs,peanuts,23.14,index_1900=100,jacks2019,observed
2007,real_price_softs,peanuts,32.07,index_1900=100,jacks2019,observed
2008,real_price_softs,peanuts,39.63,index_1900=100,jacks2019,observed
2009,real_price_softs,peanuts,28.07,index_1900=100,jacks2019,observed
2010,real_price_softs,peanuts,30.32,index_1900=100,jacks2019,observed
2011,real_price_softs,peanuts,44.64,index_1900=100,jacks2019,observed
2012,real_price_softs,peanuts,56.71,index_1900=100,jacks2019,observed
2013,real_price_softs,peanuts,34.65,index_1900=100,jacks2019,observed
2014,real_price_softs,peanuts,28.33,index_1900=100,jacks2019,observed
2015,real_price_softs,peanuts,29.34,index_1900=100,jacks2019,observed
2016,real_price_softs,peanuts,30.93,index_1900=100,jacks2019,observed
2017,real_price_softs,peanuts,32.33,index_1900=100,jacks2019,observed
2018,real_price_softs,peanuts,28.02,index_1900=100,jacks2019,observed
2019,real_price_softs,peanuts,27.75,index_1900=100,jacks2019,observed
2020,real_price_softs,peanuts,37.87,index_1900=100,jacks2019,observed
2021,real_price_softs,peanuts,30.59,index_1900=100,jacks2019,observed
2022,real_price_softs,peanuts,28.56,index_1900=100,jacks2019,observed
2023,real_price_softs,peanuts,33.09,index_1900=100,jacks2019,observed
2024,real_price_softs,peanuts,30.47,index_1900=100,jacks2019,observed
2025,real_price_softs,peanuts,22.36,index_1900=100,jacks2019,observed
1890,real_price_softs,rubber,138.23,index_1900=100,jacks2019,observed
1891,real_price_softs,rubber,129.18,index_1900=100,jacks2019,observed
1892,real_price_softs,rubber,110.46,index_1900=100,jacks2019,observed
1893,real_price_softs,rubber,118.41,index_1900=100,jacks2019,observed
1894,real_price_softs,rubber,116.5,index_1900=100,jacks2019,observed
1895,real_price_softs,rubber,131.42,index_1900=100,jacks2019,observed
1896,real_price_softs,rubber,141.59,index_1900=100,jacks2019,observed
1897,real_price_softs,rubber,151.49,index_1900=100,jacks2019,observed
1898,real_price_softs,rubber,136.23,index_1900=100,jacks2019,observed
1899,real_price_softs,rubber,103.68,index_1900=100,jacks2019,observed
1900,real_price_softs,rubber,100.0,index_1900=100,jacks2019,observed
1901,real_price_softs,rubber,86.99,index_1900=100,jacks2019,observed
1902,real_price_softs,rubber,83.36,index_1900=100,jacks2019,observed
1903,real_price_softs,rubber,103.9,index_1900=100,jacks2019,observed
1904,real_price_softs,rubber,115.22,index_1900=100,jacks2019,observed
1905,real_price_softs,rubber,124.61,index_1900=100,jacks2019,observed
1906,real_price_softs,rubber,126.72,index_1900=100,jacks2019,observed
1907,real_price_softs,rubber,111.94,index_1900=100,jacks2019,observed
1908,real_price_softs,rubber,92.32,index_1900=100,jacks2019,observed
1909,real_price_softs,rubber,134.35,index_1900=100,jacks2019,observed
1910,real_price_softs,rubber,156.93,index_1900=100,jacks2019,observed
1911,real_price_softs,rubber,126.58,index_1900=100,jacks2019,observed
1912,real_price_softs,rubber,120.16,index_1900=100,jacks2019,observed
1913,real_price_softs,rubber,95.71,index_1900=100,jacks2019,observed
1914,real_price_softs,rubber,71.11,index_1900=100,jacks2019,observed
1915,real_price_softs,rubber,71.66,index_1900=100,jacks2019,observed
1916,real_price_softs,rubber,77.73,index_1900=100,jacks2019,observed
1917,real_price_softs,rubber,62.68,index_1900=100,jacks2019,observed
1918,real_price_softs,rubber,41.85,index_1900=100,jacks2019,observed
1919,real_price_softs,rubber,32.63,index_1900=100,jacks2019,observed
1920,real_price_softs,rubber,30.01,index_1900=100,jacks2019,observed
1921,real_price_softs,rubber,12.84,index_1900=100,jacks2019,observed
1922,real_price_softs,rubber,14.53,index_1900=100,jacks2019,observed
1923,real_price_softs,rubber,24.33,index_1900=100,jacks2019,observed
1924,real_price_softs,rubber,21.41,index_1900=100,jacks2019,observed
1925,real_price_softs,rubber,58.09,index_1900=100,jacks2019,observed
1926,real_price_softs,rubber,39.19,index_1900=100,jacks2019,observed
1927,real_price_softs,rubber,30.59,index_1900=100,jacks2019,observed
1928,real_price_softs,rubber,18.32,index_1900=100,jacks2019,observed
1929,real_price_softs,rubber,16.8,index_1900=100,jacks2019,observed
1930,real_price_softs,rubber,8.62,index_1900=100,jacks2019,observed
1931,real_price_softs,rubber,5.65,index_1900=100,jacks2019,observed
1932,real_price_softs,rubber,3.53,index_1900=100,jacks2019,observed
1933,real_price_softs,rubber,6.4,index_1900=100,jacks2019,observed
1934,real_price_softs,rubber,13.58,index_1900=100,jacks2019,observed
1935,real_price_softs,rubber,12.61,index_1900=100,jacks2019,observed
1936,real_price_softs,rubber,16.68,index_1900=100,jacks2019,observed
1937,real_price_softs,rubber,18.86,index_1900=100,jacks2019,observed
1938,real_price_softs,rubber,14.52,index_1900=100,jacks2019,observed
1939,real_price_softs,rubber,17.67,index_1900=100,jacks2019,observed
1940,real_price_softs,rubber,19.93,index_1900=100,jacks2019,observed
1941,real_price_softs,rubber,21.09,index_1900=100,jacks2019,observed
1942,real_price_softs,rubber,19.4,index_1900=100,jacks2019,observed
1943,real_price_softs,rubber,18.28,index_1900=100,jacks2019,observed
1944,real_price_softs,rubber,17.96,index_1900=100,jacks2019,observed
1945,real_price_softs,rubber,17.57,index_1900=100,jacks2019,observed
1946,real_price_softs,rubber,16.18,index_1900=100,jacks2019,observed
1947,real_price_softs,rubber,13.19,index_1900=100,jacks2019,observed
1948,real_price_softs,rubber,12.84,index_1900=100,jacks2019,observed
1949,real_price_softs,rubber,10.35,index_1900=100,jacks2019,observed
1950,real_price_softs,rubber,23.99,index_1900=100,jacks2019,observed
1951,real_price_softs,rubber,31.96,index_1900=100,jacks2019,observed
1952,real_price_softs,rubber,20.42,index_1900=100,jacks2019,observed
1953,real_price_softs,rubber,12.73,index_1900=100,jacks2019,observed
1954,real_price_softs,rubber,12.36,index_1900=100,jacks2019,observed
1955,real_price_softs,rubber,20.54,index_1900=100,jacks2019,observed
1956,real_price_softs,rubber,17.67,index_1900=100,jacks2019,observed
1957,real_price_softs,rubber,15.55,index_1900=100,jacks2019,observed
1958,real_price_softs,rubber,13.64,index_1900=100,jacks2019,observed
1959,real_price_softs,rubber,17.61,index_1900=100,jacks2019,observed
1960,real_price_softs,rubber,18.1,index_1900=100,jacks2019,observed
1961,real_price_softs,rubber,13.81,index_1900=100,jacks2019,observed
1962,real_price_softs,rubber,12.8,index_1900=100,jacks2019,observed
1963,real_price_softs,rubber,11.7,index_1900=100,jacks2019,observed
1964,real_price_softs,rubber,10.86,index_1900=100,jacks2019,observed
1965,real_price_softs,rubber,10.99,index_1900=100,jacks2019,observed
1966,real_price_softs,rubber,9.98,index_1900=100,jacks2019,observed
1967,real_price_softs,rubber,8.03,index_1900=100,jacks2019,observed
1968,real_price_softs,rubber,7.55,index_1900=100,jacks2019,observed
1969,real_price_softs,rubber,9.41,index_1900=100,jacks2019,observed
1970,real_price_softs,rubber,7.2,index_1900=100,jacks2019,observed
1971,real_price_softs,rubber,5.64,index_1900=100,jacks2019,observed
1972,real_price_softs,rubber,5.45,index_1900=100,jacks2019,observed
1973,real_price_softs,rubber,10.48,index_1900=100,jacks2019,observed
1974,real_price_softs,rubber,10.47,index_1900=100,jacks2019,observed
1975,real_price_softs,rubber,7.16,index_1900=100,jacks2019,observed
1976,real_price_softs,rubber,9.34,index_1900=100,jacks2019,observed
1977,real_price_softs,rubber,9.24,index_1900=100,jacks2019,observed
1978,real_price_softs,rubber,10.39,index_1900=100,jacks2019,observed
1979,real_price_softs,rubber,11.95,index_1900=100,jacks2019,observed
1980,real_price_softs,rubber,11.88,index_1900=100,jacks2019,observed
1981,real_price_softs,rubber,8.49,index_1900=100,jacks2019,observed
1982,real_price_softs,rubber,6.11,index_1900=100,jacks2019,observed
1983,real_price_softs,rubber,7.34,index_1900=100,jacks2019,observed
1984,real_price_softs,rubber,6.33,index_1900=100,jacks2019,observed
1985,real_price_softs,rubber,4.85,index_1900=100,jacks2019,observed
1986,real_price_softs,rubber,5.06,index_1900=100,jacks2019,observed
1987,real_price_softs,rubber,5.96,index_1900=100,jacks2019,observed
1988,real_price_softs,rubber,6.88,index_1900=100,jacks2019,observed
1989,real_price_softs,rubber,5.38,index_1900=100,jacks2019,observed
1990,real_price_softs,rubber,4.55,index_1900=100,jacks2019,observed
1991,real_price_softs,rubber,4.17,index_1900=100,jacks2019,observed
1992,real_price_softs,rubber,4.22,index_1900=100,jacks2019,observed
1993,real_price_softs,rubber,3.95,index_1900=100,jacks2019,observed
1994,real_price_softs,rubber,5.22,index_1900=100,jacks2019,observed
1995,real_price_softs,rubber,7.13,index_1900=100,jacks2019,observed
1996,real_price_softs,rubber,6.1,index_1900=100,jacks2019,observed
1997,real_price_softs,rubber,4.36,index_1900=100,jacks2019,observed
1998,real_price_softs,rubber,3.04,index_1900=100,jacks2019,observed
1999,real_price_softs,rubber,2.59,index_1900=100,jacks2019,observed
2000,real_price_softs,rubber,2.66,index_1900=100,jacks2019,observed
2001,real_price_softs,rubber,2.23,index_1900=100,jacks2019,observed
2002,real_price_softs,rubber,2.92,index_1900=100,jacks2019,observed
2003,real_price_softs,rubber,4.04,index_1900=100,jacks2019,observed
2004,real_price_softs,rubber,4.66,index_1900=100,jacks2019,observed
2005,real_price_softs,rubber,5.24,index_1900=100,jacks2019,observed
2006,real_price_softs,rubber,7.09,index_1900=100,jacks2019,observed
2007,real_price_softs,rubber,7.5,index_1900=100,jacks2019,observed
2008,real_price_softs,rubber,8.26,index_1900=100,jacks2019,observed
2009,real_price_softs,rubber,6.15,index_1900=100,jacks2019,observed
2010,real_price_softs,rubber,11.52,index_1900=100,jacks2019,observed
2011,real_price_softs,rubber,14.74,index_1900=100,jacks2019,observed
2012,real_price_softs,rubber,10.11,index_1900=100,jacks2019,observed
2013,real_price_softs,rubber,8.24,index_1900=100,jacks2019,observed
2014,real_price_softs,rubber,5.67,index_1900=100,jacks2019,observed
2015,real_price_softs,rubber,4.56,index_1900=100,jacks2019,observed
2016,real_price_softs,rubber,4.6,index_1900=100,jacks2019,observed
2017,real_price_softs,rubber,5.59,index_1900=100,jacks2019,observed
2018,real_price_softs,rubber,4.28,index_1900=100,jacks2019,observed
2019,real_price_softs,rubber,4.41,index_1900=100,jacks2019,observed
2020,real_price_softs,rubber,4.59,index_1900=100,jacks2019,observed
2021,real_price_softs,rubber,5.25,index_1900=100,jacks2019,observed
2022,real_price_softs,rubber,4.25,index_1900=100,jacks2019,observed
2023,real_price_softs,rubber,3.56,index_1900=100,jacks2019,observed
2024,real_price_softs,rubber,5.0,index_1900=100,jacks2019,observed
2025,real_price_softs,rubber,4.65,index_1900=100,jacks2019,observed
1850,real_price_softs,saw_logs,101.71,index_1900=100,jacks2019,observed
1851,real_price_softs,saw_logs,113.35,index_1900=100,jacks2019,observed
1852,real_price_softs,saw_logs,140.17,index_1900=100,jacks2019,observed
1853,real_price_softs,saw_logs,149.52,index_1900=100,jacks2019,observed
1854,real_price_softs,saw_logs,149.61,index_1900=100,jacks2019,observed
1855,real_price_softs,saw_logs,140.32,index_1900=100,jacks2019,observed
1856,real_price_softs,saw_logs,136.24,index_1900=100,jacks2019,observed
1857,real_price_softs,saw_logs,115.83,index_1900=100,jacks2019,observed
1858,real_price_softs,saw_logs,114.02,index_1900=100,jacks2019,observed
1859,real_price_softs,saw_logs,119.84,index_1900=100,jacks2019,observed
1860,real_price_softs,saw_logs,128.52,index_1900=100,jacks2019,observed
1861,real_price_softs,saw_logs,124.58,index_1900=100,jacks2019,observed
1862,real_price_softs,saw_logs,109.12,index_1900=100,jacks2019,observed
1863,real_price_softs,saw_logs,82.82,index_1900=100,jacks2019,observed
1864,real_price_softs,saw_logs,66.18,index_1900=100,jacks2019,observed
1865,real_price_softs,saw_logs,59.4,index_1900=100,jacks2019,observed
1866,real_price_softs,saw_logs,55.48,index_1900=100,jacks2019,observed
1867,real_price_softs,saw_logs,56.62,index_1900=100,jacks2019,observed
1868,real_price_softs,saw_logs,61.97,index_1900=100,jacks2019,observed
1869,real_price_softs,saw_logs,68.88,index_1900=100,jacks2019,observed
1870,real_price_softs,saw_logs,71.93,index_1900=100,jacks2019,observed
1871,real_price_softs,saw_logs,77.98,index_1900=100,jacks2019,observed
1872,real_price_softs,saw_logs,80.05,index_1900=100,jacks2019,observed
1873,real_price_softs,saw_logs,82.86,index_1900=100,jacks2019,observed
1874,real_price_softs,saw_logs,83.63,index_1900=100,jacks2019,observed
1875,real_price_softs,saw_logs,79.44,index_1900=100,jacks2019,observed
1876,real_price_softs,saw_logs,76.41,index_1900=100,jacks2019,observed
1877,real_price_softs,saw_logs,74.48,index_1900=100,jacks2019,observed
1878,real_price_softs,saw_logs,71.49,index_1900=100,jacks2019,observed
1879,real_price_softs,saw_logs,72.88,index_1900=100,jacks2019,observed
1880,real_price_softs,saw_logs,76.29,index_1900=100,jacks2019,observed
1881,real_price_softs,saw_logs,81.46,index_1900=100,jacks2019,observed
1882,real_price_softs,saw_logs,85.29,index_1900=100,jacks2019,observed
1883,real_price_softs,saw_logs,84.52,index_1900=100,jacks2019,observed
1884,real_price_softs,saw_logs,86.3,index_1900=100,jacks2019,observed
1885,real_price_softs,saw_logs,83.99,index_1900=100,jacks2019,observed
1886,real_price_softs,saw_logs,87.05,index_1900=100,jacks2019,observed
1887,real_price_softs,saw_logs,88.29,index_1900=100,jacks2019,observed
1888,real_price_softs,saw_logs,86.11,index_1900=100,jacks2019,observed
1889,real_price_softs,saw_logs,89.01,index_1900=100,jacks2019,observed
1890,real_price_softs,saw_logs,90.01,index_1900=100,jacks2019,observed
1891,real_price_softs,saw_logs,88.75,index_1900=100,jacks2019,observed
1892,real_price_softs,saw_logs,85.72,index_1900=100,jacks2019,observed
1893,real_price_softs,saw_logs,88.23,index_1900=100,jacks2019,observed
1894,real_price_softs,saw_logs,90.65,index_1900=100,jacks2019,observed
1895,real_price_softs,saw_logs,89.86,index_1900=100,jacks2019,observed
1896,real_price_softs,saw_logs,89.86,index_1900=100,jacks2019,observed
1897,real_price_softs,saw_logs,87.65,index_1900=100,jacks2019,observed
1898,real_price_softs,saw_logs,92.37,index_1900=100,jacks2019,observed
1899,real_price_softs,saw_logs,102.08,index_1900=100,jacks2019,observed
1900,real_price_softs,saw_logs,100.0,index_1900=100,jacks2019,observed
1901,real_price_softs,saw_logs,96.62,index_1900=100,jacks2019,observed
1902,real_price_softs,saw_logs,113.38,index_1900=100,jacks2019,observed
1903,real_price_softs,saw_logs,107.72,index_1900=100,jacks2019,observed
1904,real_price_softs,saw_logs,95.1,index_1900=100,jacks2019,observed
1905,real_price_softs,saw_logs,111.64,index_1900=100,jacks2019,observed
1906,real_price_softs,saw_logs,128.9,index_1900=100,jacks2019,observed
1907,real_price_softs,saw_logs,131.7,index_1900=100,jacks2019,observed
1908,real_price_softs,saw_logs,166.01,index_1900=100,jacks2019,observed
1909,real_price_softs,saw_logs,177.5,index_1900=100,jacks2019,observed
1910,real_price_softs,saw_logs,160.78,index_1900=100,jacks2019,observed
1911,real_price_softs,saw_logs,179.43,index_1900=100,jacks2019,observed
1912,real_price_softs,saw_logs,177.22,index_1900=100,jacks2019,observed
1913,real_price_softs,saw_logs,194.44,index_1900=100,jacks2019,observed
1914,real_price_softs,saw_logs,182.28,index_1900=100,jacks2019,observed
1915,real_price_softs,saw_logs,188.67,index_1900=100,jacks2019,observed
1916,real_price_softs,saw_logs,175.43,index_1900=100,jacks2019,observed
1917,real_price_softs,saw_logs,172.22,index_1900=100,jacks2019,observed
1918,real_price_softs,saw_logs,165.56,index_1900=100,jacks2019,observed
1919,real_price_softs,saw_logs,164.62,index_1900=100,jacks2019,observed
1920,real_price_softs,saw_logs,169.82,index_1900=100,jacks2019,observed
1921,real_price_softs,saw_logs,143.15,index_1900=100,jacks2019,observed
1922,real_price_softs,saw_logs,151.6,index_1900=100,jacks2019,observed
1923,real_price_softs,saw_logs,148.55,index_1900=100,jacks2019,observed
1924,real_price_softs,saw_logs,172.41,index_1900=100,jacks2019,observed
1925,real_price_softs,saw_logs,212.84,index_1900=100,jacks2019,observed
1926,real_price_softs,saw_logs,194.66,index_1900=100,jacks2019,observed
1927,real_price_softs,saw_logs,190.27,index_1900=100,jacks2019,observed
1928,real_price_softs,saw_logs,173.8,index_1900=100,jacks2019,observed
1929,real_price_softs,saw_logs,219.11,index_1900=100,jacks2019,observed
1930,real_price_softs,saw_logs,177.08,index_1900=100,jacks2019,observed
1931,real_price_softs,saw_logs,161.81,index_1900=100,jacks2019,observed
1932,real_price_softs,saw_logs,138.61,index_1900=100,jacks2019,observed
1933,real_price_softs,saw_logs,146.09,index_1900=100,jacks2019,observed
1934,real_price_softs,saw_logs,160.56,index_1900=100,jacks2019,observed
1935,real_price_softs,saw_logs,157.72,index_1900=100,jacks2019,observed
1936,real_price_softs,saw_logs,163.32,index_1900=100,jacks2019,observed
1937,real_price_softs,saw_logs,173.63,index_1900=100,jacks2019,observed
1938,real_price_softs,saw_logs,157.64,index_1900=100,jacks2019,observed
1939,real_price_softs,saw_logs,169.23,index_1900=100,jacks2019,observed
1940,real_price_softs,saw_logs,163.41,index_1900=100,jacks2019,observed
1941,real_price_softs,saw_logs,187.59,index_1900=100,jacks2019,observed
1942,real_price_softs,saw_logs,208.78,index_1900=100,jacks2019,observed
1943,real_price_softs,saw_logs,272.52,index_1900=100,jacks2019,observed
1944,real_price_softs,saw_logs,264.7,index_1900=100,jacks2019,observed
1945,real_price_softs,saw_logs,255.6,index_1900=100,jacks2019,observed
1946,real_price_softs,saw_logs,348.44,index_1900=100,jacks2019,observed
1947,real_price_softs,saw_logs,403.5,index_1900=100,jacks2019,observed
1948,real_price_softs,saw_logs,373.88,index_1900=100,jacks2019,observed
1949,real_price_softs,saw_logs,396.94,index_1900=100,jacks2019,observed
1950,real_price_softs,saw_logs,396.2,index_1900=100,jacks2019,observed
1951,real_price_softs,saw_logs,368.0,index_1900=100,jacks2019,observed
1952,real_price_softs,saw_logs,380.09,index_1900=100,jacks2019,observed
1953,real_price_softs,saw_logs,384.75,index_1900=100,jacks2019,observed
1954,real_price_softs,saw_logs,382.06,index_1900=100,jacks2019,observed
1955,real_price_softs,saw_logs,405.64,index_1900=100,jacks2019,observed
1956,real_price_softs,saw_logs,403.36,index_1900=100,jacks2019,observed
1957,real_price_softs,saw_logs,376.07,index_1900=100,jacks2019,observed
1958,real_price_softs,saw_logs,355.88,index_1900=100,jacks2019,observed
1959,real_price_softs,saw_logs,355.78,index_1900=100,jacks2019,observed
1960,real_price_softs,saw_logs,375.63,index_1900=100,jacks2019,observed
1961,real_price_softs,saw_logs,384.9,index_1900=100,jacks2019,observed
1962,real_price_softs,saw_logs,418.91,index_1900=100,jacks2019,observed
1963,real_price_softs,saw_logs,403.7,index_1900=100,jacks2019,observed
1964,real_price_softs,saw_logs,339.65,index_1900=100,jacks2019,observed
1965,real_price_softs,saw_logs,386.59,index_1900=100,jacks2019,observed
1966,real_price_softs,saw_logs,395.19,index_1900=100,jacks2019,observed
1967,real_price_softs,saw_logs,410.18,index_1900=100,jacks2019,observed
1968,real_price_softs,saw_logs,400.88,index_1900=100,jacks2019,observed
1969,real_price_softs,saw_logs,369.43,index_1900=100,jacks2019,observed
1970,real_price_softs,saw_logs,386.84,index_1900=100,jacks2019,observed
1971,real_price_softs,saw_logs,372.04,index_1900=100,jacks2019,observed
1972,real_price_softs,saw_logs,342.23,index_1900=100,jacks2019,observed
1973,real_price_softs,saw_logs,533.13,index_1900=100,jacks2019,observed
1974,real_price_softs,saw_logs,576.67,index_1900=100,jacks2019,observed
1975,real_price_softs,saw_logs,436.79,index_1900=100,jacks2019,observed
1976,real_price_softs,saw_logs,562.94,index_1900=100,jacks2019,observed
1977,real_price_softs,saw_logs,532.01,index_1900=100,jacks2019,observed
1978,real_price_softs,saw_logs,520.0,index_1900=100,jacks2019,observed
1979,real_price_softs,saw_logs,816.22,index_1900=100,jacks2019,observed
1980,real_price_softs,saw_logs,826.73,index_1900=100,jacks2019,observed
1981,real_price_softs,saw_logs,592.12,index_1900=100,jacks2019,observed
1982,real_price_softs,saw_logs,528.67,index_1900=100,jacks2019,observed
1983,real_price_softs,saw_logs,481.62,index_1900=100,jacks2019,observed
1984,real_price_softs,saw_logs,525.57,index_1900=100,jacks2019,observed
1985,real_price_softs,saw_logs,394.1,index_1900=100,jacks2019,observed
1986,real_price_softs,saw_logs,440.44,index_1900=100,jacks2019,observed
1987,real_price_softs,saw_logs,618.72,index_1900=100,jacks2019,observed
1988,real_price_softs,saw_logs,591.45,index_1900=100,jacks2019,observed
1989,real_price_softs,saw_logs,535.41,index_1900=100,jacks2019,observed
1990,real_price_softs,saw_logs,472.26,index_1900=100,jacks2019,observed
1991,real_price_softs,saw_logs,489.74,index_1900=100,jacks2019,observed
1992,real_price_softs,saw_logs,520.18,index_1900=100,jacks2019,observed
1993,real_price_softs,saw_logs,939.71,index_1900=100,jacks2019,observed
1994,real_price_softs,saw_logs,722.9,index_1900=100,jacks2019,observed
1995,real_price_softs,saw_logs,584.28,index_1900=100,jacks2019,observed
1996,real_price_softs,saw_logs,559.71,index_1900=100,jacks2019,observed
1997,real_price_softs,saw_logs,517.1,index_1900=100,jacks2019,observed
1998,real_price_softs,saw_logs,347.12,index_1900=100,jacks2019,observed
1999,real_price_softs,saw_logs,391.23,index_1900=100,jacks2019,observed
2000,real_price_softs,saw_logs,384.25,index_1900=100,jacks2019,observed
2001,real_price_softs,saw_logs,312.85,index_1900=100,jacks2019,observed
2002,real_price_softs,saw_logs,316.41,index_1900=100,jacks2019,observed
2003,real_price_softs,saw_logs,354.33,index_1900=100,jacks2019,observed
2004,real_price_softs,saw_logs,363.75,index_1900=100,jacks2019,observed
2005,real_price_softs,saw_logs,362.29,index_1900=100,jacks2019,observed
2006,real_price_softs,saw_logs,413.71,index_1900=100,jacks2019,observed
2007,real_price_softs,saw_logs,450.23,index_1900=100,jacks2019,observed
2008,real_price_softs,saw_logs,472.92,index_1900=100,jacks2019,observed
2009,real_price_softs,saw_logs,466.33,index_1900=100,jacks2019,observed
2010,real_price_softs,saw_logs,444.37,index_1900=100,jacks2019,observed
2011,real_price_softs,saw_logs,604.75,index_1900=100,jacks2019,observed
2012,real_price_softs,saw_logs,546.98,index_1900=100,jacks2019,observed
2013,real_price_softs,saw_logs,456.73,index_1900=100,jacks2019,observed
2014,real_price_softs,saw_logs,415.02,index_1900=100,jacks2019,observed
2015,real_price_softs,saw_logs,361.58,index_1900=100,jacks2019,observed
2016,real_price_softs,saw_logs,398.24,index_1900=100,jacks2019,observed
2017,real_price_softs,saw_logs,377.21,index_1900=100,jacks2019,observed
2018,real_price_softs,saw_logs,374.15,index_1900=100,jacks2019,observed
2019,real_price_softs,saw_logs,372.12,index_1900=100,jacks2019,observed
2020,real_price_softs,saw_logs,375.44,index_1900=100,jacks2019,observed
2021,real_price_softs,saw_logs,348.84,index_1900=100,jacks2019,observed
2022,real_price_softs,saw_logs,271.38,index_1900=100,jacks2019,observed
2023,real_price_softs,saw_logs,242.8,index_1900=100,jacks2019,observed
2024,real_price_softs,saw_logs,218.49,index_1900=100,jacks2019,observed
2025,real_price_softs,saw_logs,215.43,index_1900=100,jacks2019,observed
1900,real_price_softs,soybeans,100.0,index_1900=100,jacks2019,observed
1901,real_price_softs,soybeans,96.96,index_1900=100,jacks2019,observed
1902,real_price_softs,soybeans,90.37,index_1900=100,jacks2019,observed
1903,real_price_softs,soybeans,68.92,index_1900=100,jacks2019,observed
1904,real_price_softs,soybeans,57.64,index_1900=100,jacks2019,observed
1905,real_price_softs,soybeans,68.92,index_1900=100,jacks2019,observed
1906,real_price_softs,soybeans,74.33,index_1900=100,jacks2019,observed
1907,real_price_softs,soybeans,72.81,index_1900=100,jacks2019,observed
1908,real_price_softs,soybeans,76.05,index_1900=100,jacks2019,observed
1909,real_price_softs,soybeans,83.74,index_1900=100,jacks2019,observed
1910,real_price_softs,soybeans,108.02,index_1900=100,jacks2019,observed
1911,real_price_softs,soybeans,114.57,index_1900=100,jacks2019,observed
1912,real_price_softs,soybeans,96.22,index_1900=100,jacks2019,observed
1913,real_price_softs,soybeans,71.44,index_1900=100,jacks2019,observed
1914,real_price_softs,soybeans,75.64,index_1900=100,jacks2019,observed
1915,real_price_softs,soybeans,88.06,index_1900=100,jacks2019,observed
1916,real_price_softs,soybeans,84.39,index_1900=100,jacks2019,observed
1917,real_price_softs,soybeans,77.2,index_1900=100,jacks2019,observed
1918,real_price_softs,soybeans,93.88,index_1900=100,jacks2019,observed
1919,real_price_softs,soybeans,69.15,index_1900=100,jacks2019,observed
1920,real_price_softs,soybeans,72.11,index_1900=100,jacks2019,observed
1921,real_price_softs,soybeans,46.87,index_1900=100,jacks2019,observed
1922,real_price_softs,soybeans,48.51,index_1900=100,jacks2019,observed
1923,real_price_softs,soybeans,48.19,index_1900=100,jacks2019,observed
1924,real_price_softs,soybeans,53.55,index_1900=100,jacks2019,observed
1925,real_price_softs,soybeans,55.82,index_1900=100,jacks2019,observed
1926,real_price_softs,soybeans,49.78,index_1900=100,jacks2019,observed
1927,real_price_softs,soybeans,43.77,index_1900=100,jacks2019,observed
1928,real_price_softs,soybeans,42.3,index_1900=100,jacks2019,observed
1929,real_price_softs,soybeans,46.02,index_1900=100,jacks2019,observed
1930,real_price_softs,soybeans,43.06,index_1900=100,jacks2019,observed
1931,real_price_softs,soybeans,26.82,index_1900=100,jacks2019,observed
1932,real_price_softs,soybeans,13.59,index_1900=100,jacks2019,observed
1933,real_price_softs,soybeans,21.7,index_1900=100,jacks2019,observed
1934,real_price_softs,soybeans,33.04,index_1900=100,jacks2019,observed
1935,real_price_softs,soybeans,27.53,index_1900=100,jacks2019,observed
1936,real_price_softs,soybeans,26.97,index_1900=100,jacks2019,observed
1937,real_price_softs,soybeans,35.47,index_1900=100,jacks2019,observed
1938,real_price_softs,soybeans,24.19,index_1900=100,jacks2019,observed
1939,real_price_softs,soybeans,24.9,index_1900=100,jacks2019,observed
1940,real_price_softs,soybeans,26.17,index_1900=100,jacks2019,observed
1941,real_price_softs,soybeans,36.58,index_1900=100,jacks2019,observed
1942,real_price_softs,soybeans,42.06,index_1900=100,jacks2019,observed
1943,real_price_softs,soybeans,39.15,index_1900=100,jacks2019,observed
1944,real_price_softs,soybeans,43.67,index_1900=100,jacks2019,observed
1945,real_price_softs,soybeans,47.11,index_1900=100,jacks2019,observed
1946,real_price_softs,soybeans,47.74,index_1900=100,jacks2019,observed
1947,real_price_softs,soybeans,57.0,index_1900=100,jacks2019,observed
1948,real_price_softs,soybeans,55.12,index_1900=100,jacks2019,observed
1949,real_price_softs,soybeans,39.31,index_1900=100,jacks2019,observed
1950,real_price_softs,soybeans,44.14,index_1900=100,jacks2019,observed
1951,real_price_softs,soybeans,46.59,index_1900=100,jacks2019,observed
1952,real_price_softs,soybeans,44.69,index_1900=100,jacks2019,observed
1953,real_price_softs,soybeans,41.23,index_1900=100,jacks2019,observed
1954,real_price_softs,soybeans,47.87,index_1900=100,jacks2019,observed
1955,real_price_softs,soybeans,35.88,index_1900=100,jacks2019,observed
1956,real_price_softs,soybeans,37.13,index_1900=100,jacks2019,observed
1957,real_price_softs,soybeans,32.77,index_1900=100,jacks2019,observed
1958,real_price_softs,soybeans,29.84,index_1900=100,jacks2019,observed
1959,real_price_softs,soybeans,29.48,index_1900=100,jacks2019,observed
1960,real_price_softs,soybeans,28.16,index_1900=100,jacks2019,observed
1961,real_price_softs,soybeans,33.19,index_1900=100,jacks2019,observed
1962,real_price_softs,soybeans,30.18,index_1900=100,jacks2019,observed
1963,real_price_softs,soybeans,32.66,index_1900=100,jacks2019,observed
1964,real_price_softs,soybeans,32.35,index_1900=100,jacks2019,observed
1965,real_price_softs,soybeans,33.64,index_1900=100,jacks2019,observed
1966,real_price_softs,soybeans,35.16,index_1900=100,jacks2019,observed
1967,real_price_softs,soybeans,31.2,index_1900=100,jacks2019,observed
1968,real_price_softs,soybeans,28.92,index_1900=100,jacks2019,observed
1969,real_price_softs,soybeans,26.44,index_1900=100,jacks2019,observed
1970,real_price_softs,soybeans,27.34,index_1900=100,jacks2019,observed
1971,real_price_softs,soybeans,28.16,index_1900=100,jacks2019,observed
1972,real_price_softs,soybeans,30.39,index_1900=100,jacks2019,observed
1973,real_price_softs,soybeans,59.33,index_1900=100,jacks2019,observed
1974,real_price_softs,soybeans,50.99,index_1900=100,jacks2019,observed
1975,real_price_softs,soybeans,37.1,index_1900=100,jacks2019,observed
1976,real_price_softs,soybeans,36.88,index_1900=100,jacks2019,observed
1977,real_price_softs,soybeans,41.99,index_1900=100,jacks2019,observed
1978,real_price_softs,soybeans,37.37,index_1900=100,jacks2019,observed
1979,real_price_softs,soybeans,37.27,index_1900=100,jacks2019,observed
1980,real_price_softs,soybeans,32.66,index_1900=100,jacks2019,observed
1981,real_price_softs,soybeans,28.81,index_1900=100,jacks2019,observed
1982,real_price_softs,soybeans,23.02,index_1900=100,jacks2019,observed
1983,real_price_softs,soybeans,25.68,index_1900=100,jacks2019,observed
1984,real_price_softs,soybeans,24.66,index_1900=100,jacks2019,observed
1985,real_price_softs,soybeans,18.94,index_1900=100,jacks2019,observed
1986,real_price_softs,soybeans,17.27,index_1900=100,jacks2019,observed
1987,real_price_softs,soybeans,17.25,index_1900=100,jacks2019,observed
1988,real_price_softs,soybeans,23.3,index_1900=100,jacks2019,observed
1989,real_price_softs,soybeans,20.14,index_1900=100,jacks2019,observed
1990,real_price_softs,soybeans,17.15,index_1900=100,jacks2019,observed
1991,real_price_softs,soybeans,15.98,index_1900=100,jacks2019,observed
1992,real_price_softs,soybeans,15.25,index_1900=100,jacks2019,observed
1993,real_price_softs,soybeans,16.03,index_1900=100,jacks2019,observed
1994,real_price_softs,soybeans,15.44,index_1900=100,jacks2019,observed
1995,real_price_softs,soybeans,15.45,index_1900=100,jacks2019,observed
1996,real_price_softs,soybeans,17.65,index_1900=100,jacks2019,observed
1997,real_price_softs,soybeans,16.72,index_1900=100,jacks2019,observed
1998,real_price_softs,soybeans,13.56,index_1900=100,jacks2019,observed
1999,real_price_softs,soybeans,11.0,index_1900=100,jacks2019,observed
2000,real_price_softs,soybeans,11.17,index_1900=100,jacks2019,observed
2001,real_price_softs,soybeans,10.04,index_1900=100,jacks2019,observed
2002,real_price_softs,soybeans,10.74,index_1900=100,jacks2019,observed
2003,real_price_softs,soybeans,13.03,index_1900=100,jacks2019,observed
2004,real_price_softs,soybeans,14.74,index_1900=100,jacks2019,observed
2005,real_price_softs,soybeans,12.78,index_1900=100,jacks2019,observed
2006,real_price_softs,soybeans,12.1,index_1900=100,jacks2019,observed
2007,real_price_softs,soybeans,16.78,index_1900=100,jacks2019,observed
2008,real_price_softs,soybeans,22.02,index_1900=100,jacks2019,observed
2009,real_price_softs,soybeans,17.94,index_1900=100,jacks2019,observed
2010,real_price_softs,soybeans,18.62,index_1900=100,jacks2019,observed
2011,real_price_softs,soybeans,21.71,index_1900=100,jacks2019,observed
2012,real_price_softs,soybeans,23.56,index_1900=100,jacks2019,observed
2013,real_price_softs,soybeans,21.5,index_1900=100,jacks2019,observed
2014,real_price_softs,soybeans,18.6,index_1900=100,jacks2019,observed
2015,real_price_softs,soybeans,15.03,index_1900=100,jacks2019,observed
2016,real_price_softs,soybeans,15.34,index_1900=100,jacks2019,observed
2017,real_price_softs,soybeans,14.58,index_1900=100,jacks2019,observed
2018,real_price_softs,soybeans,14.27,index_1900=100,jacks2019,observed
2019,real_price_softs,soybeans,13.11,index_1900=100,jacks2019,observed
2020,real_price_softs,soybeans,14.27,index_1900=100,jacks2019,observed
2021,real_price_softs,soybeans,19.55,index_1900=100,jacks2019,observed
2022,real_price_softs,soybeans,20.96,index_1900=100,jacks2019,observed
2023,real_price_softs,soybeans,17.82,index_1900=100,jacks2019,observed
2024,real_price_softs,soybeans,13.39,index_1900=100,jacks2019,observed
2025,real_price_softs,soybeans,11.69,index_1900=100,jacks2019,observed
1850,real_price_softs,sugar,210.84,index_1900=100,jacks2019,observed
1851,real_price_softs,sugar,224.01,index_1900=100,jacks2019,observed
1852,real_price_softs,sugar,196.05,index_1900=100,jacks2019,observed
1853,real_price_softs,sugar,221.62,index_1900=100,jacks2019,observed
1854,real_price_softs,sugar,196.08,index_1900=100,jacks2019,observed
1855,real_price_softs,sugar,220.94,index_1900=100,jacks2019,observed
1856,real_price_softs,sugar,256.3,index_1900=100,jacks2019,observed
1857,real_price_softs,sugar,309.41,index_1900=100,jacks2019,observed
1858,real_price_softs,sugar,264.01,index_1900=100,jacks2019,observed
1859,real_price_softs,sugar,245.55,index_1900=100,jacks2019,observed
1860,real_price_softs,sugar,253.47,index_1900=100,jacks2019,observed
1861,real_price_softs,sugar,216.8,index_1900=100,jacks2019,observed
1862,real_price_softs,sugar,183.34,index_1900=100,jacks2019,observed
1863,real_price_softs,sugar,141.64,index_1900=100,jacks2019,observed
1864,real_price_softs,sugar,134.14,index_1900=100,jacks2019,observed
1865,real_price_softs,sugar,109.17,index_1900=100,jacks2019,observed
1866,real_price_softs,sugar,107.86,index_1900=100,jacks2019,observed
1867,real_price_softs,sugar,124.66,index_1900=100,jacks2019,observed
1868,real_price_softs,sugar,129.72,index_1900=100,jacks2019,observed
1869,real_price_softs,sugar,144.99,index_1900=100,jacks2019,observed
1870,real_price_softs,sugar,151.41,index_1900=100,jacks2019,observed
1871,real_price_softs,sugar,167.16,index_1900=100,jacks2019,observed
1872,real_price_softs,sugar,161.76,index_1900=100,jacks2019,observed
1873,real_price_softs,sugar,154.1,index_1900=100,jacks2019,observed
1874,real_price_softs,sugar,153.25,index_1900=100,jacks2019,observed
1875,real_price_softs,sugar,150.01,index_1900=100,jacks2019,observed
1876,real_price_softs,sugar,159.76,index_1900=100,jacks2019,observed
1877,real_price_softs,sugar,188.7,index_1900=100,jacks2019,observed
1878,real_price_softs,sugar,165.05,index_1900=100,jacks2019,observed
1879,real_price_softs,sugar,158.45,index_1900=100,jacks2019,observed
1880,real_price_softs,sugar,164.28,index_1900=100,jacks2019,observed
1881,real_price_softs,sugar,170.72,index_1900=100,jacks2019,observed
1882,real_price_softs,sugar,164.28,index_1900=100,jacks2019,observed
1883,real_price_softs,sugar,161.09,index_1900=100,jacks2019,observed
1884,real_price_softs,sugar,117.48,index_1900=100,jacks2019,observed
1885,real_price_softs,sugar,119.88,index_1900=100,jacks2019,observed
1886,real_price_softs,sugar,101.5,index_1900=100,jacks2019,observed
1887,real_price_softs,sugar,100.4,index_1900=100,jacks2019,observed
1888,real_price_softs,sugar,110.79,index_1900=100,jacks2019,observed
1889,real_price_softs,sugar,135.99,index_1900=100,jacks2019,observed
1890,real_price_softs,sugar,110.39,index_1900=100,jacks2019,observed
1891,real_price_softs,sugar,112.2,index_1900=100,jacks2019,observed
1892,real_price_softs,sugar,115.82,index_1900=100,jacks2019,observed
1893,real_price_softs,sugar,108.91,index_1900=100,jacks2019,observed
1894,real_price_softs,sugar,105.26,index_1900=100,jacks2019,observed
1895,real_price_softs,sugar,94.12,index_1900=100,jacks2019,observed
1896,real_price_softs,sugar,98.04,index_1900=100,jacks2019,observed
1897,real_price_softs,sugar,87.35,index_1900=100,jacks2019,observed
1898,real_price_softs,sugar,93.3,index_1900=100,jacks2019,observed
1899,real_price_softs,sugar,97.27,index_1900=100,jacks2019,observed
1900,real_price_softs,sugar,100.0,index_1900=100,jacks2019,observed
1901,real_price_softs,sugar,79.94,index_1900=100,jacks2019,observed
1902,real_price_softs,sugar,63.11,index_1900=100,jacks2019,observed
1903,real_price_softs,sugar,66.09,index_1900=100,jacks2019,observed
1904,real_price_softs,sugar,86.99,index_1900=100,jacks2019,observed
1905,real_price_softs,sugar,94.08,index_1900=100,jacks2019,observed
1906,real_price_softs,sugar,69.93,index_1900=100,jacks2019,observed
1907,real_price_softs,sugar,70.41,index_1900=100,jacks2019,observed
1908,real_price_softs,sugar,82.55,index_1900=100,jacks2019,observed
1909,real_price_softs,sugar,82.18,index_1900=100,jacks2019,observed
1910,real_price_softs,sugar,84.95,index_1900=100,jacks2019,observed
1911,real_price_softs,sugar,94.32,index_1900=100,jacks2019,observed
1912,real_price_softs,sugar,79.86,index_1900=100,jacks2019,observed
1913,real_price_softs,sugar,58.42,index_1900=100,jacks2019,observed
1914,real_price_softs,sugar,78.36,index_1900=100,jacks2019,observed
1915,real_price_softs,sugar,97.75,index_1900=100,jacks2019,observed
1916,real_price_softs,sugar,118.13,index_1900=100,jacks2019,observed
1917,real_price_softs,sugar,103.65,index_1900=100,jacks2019,observed
1918,real_price_softs,sugar,80.98,index_1900=100,jacks2019,observed
1919,real_price_softs,sugar,84.13,index_1900=100,jacks2019,observed
1920,real_price_softs,sugar,171.52,index_1900=100,jacks2019,observed
1921,real_price_softs,sugar,49.81,index_1900=100,jacks2019,observed
1922,real_price_softs,sugar,48.02,index_1900=100,jacks2019,observed
1923,real_price_softs,sugar,84.76,index_1900=100,jacks2019,observed
1924,real_price_softs,sugar,64.25,index_1900=100,jacks2019,observed
1925,real_price_softs,sugar,36.75,index_1900=100,jacks2019,observed
1926,real_price_softs,sugar,36.08,index_1900=100,jacks2019,observed
1927,real_price_softs,sugar,43.72,index_1900=100,jacks2019,observed
1928,real_price_softs,sugar,36.6,index_1900=100,jacks2019,observed
1929,real_price_softs,sugar,28.88,index_1900=100,jacks2019,observed
1930,real_price_softs,sugar,21.18,index_1900=100,jacks2019,observed
1931,real_price_softs,sugar,20.96,index_1900=100,jacks2019,observed
1932,real_price_softs,sugar,14.95,index_1900=100,jacks2019,observed
1933,real_price_softs,sugar,21.53,index_1900=100,jacks2019,observed
1934,real_price_softs,sugar,25.56,index_1900=100,jacks2019,observed
1935,real_price_softs,sugar,33.1,index_1900=100,jacks2019,observed
1936,real_price_softs,sugar,35.9,index_1900=100,jacks2019,observed
1937,real_price_softs,sugar,35.25,index_1900=100,jacks2019,observed
1938,real_price_softs,sugar,29.6,index_1900=100,jacks2019,observed
1939,real_price_softs,sugar,31.27,index_1900=100,jacks2019,observed
1940,real_price_softs,sugar,27.88,index_1900=100,jacks2019,observed
1941,real_price_softs,sugar,33.0,index_1900=100,jacks2019,observed
1942,real_price_softs,sugar,44.64,index_1900=100,jacks2019,observed
1943,real_price_softs,sugar,40.57,index_1900=100,jacks2019,observed
1944,real_price_softs,sugar,40.37,index_1900=100,jacks2019,observed
1945,real_price_softs,sugar,46.98,index_1900=100,jacks2019,observed
1946,real_price_softs,sugar,52.26,index_1900=100,jacks2019,observed
1947,real_price_softs,sugar,61.8,index_1900=100,jacks2019,observed
1948,real_price_softs,sugar,50.53,index_1900=100,jacks2019,observed
1949,real_price_softs,sugar,50.17,index_1900=100,jacks2019,observed
1950,real_price_softs,sugar,59.48,index_1900=100,jacks2019,observed
1951,real_price_softs,sugar,62.77,index_1900=100,jacks2019,observed
1952,real_price_softs,sugar,45.18,index_1900=100,jacks2019,observed
1953,real_price_softs,sugar,36.67,index_1900=100,jacks2019,observed
1954,real_price_softs,sugar,34.88,index_1900=100,jacks2019,observed
1955,real_price_softs,sugar,34.8,index_1900=100,jacks2019,observed
1956,real_price_softs,sugar,36.83,index_1900=100,jacks2019,observed
1957,real_price_softs,sugar,52.72,index_1900=100,jacks2019,observed
1958,real_price_softs,sugar,34.81,index_1900=100,jacks2019,observed
1959,real_price_softs,sugar,29.3,index_1900=100,jacks2019,observed
1960,real_price_softs,sugar,30.49,index_1900=100,jacks2019,observed
1961,real_price_softs,sugar,27.1,index_1900=100,jacks2019,observed
1962,real_price_softs,sugar,27.81,index_1900=100,jacks2019,observed
1963,real_price_softs,sugar,81.63,index_1900=100,jacks2019,observed
1964,real_price_softs,sugar,55.53,index_1900=100,jacks2019,observed
1965,real_price_softs,sugar,19.11,index_1900=100,jacks2019,observed
1966,real_price_softs,sugar,16.73,index_1900=100,jacks2019,observed
1967,real_price_softs,sugar,17.18,index_1900=100,jacks2019,observed
1968,real_price_softs,sugar,16.44,index_1900=100,jacks2019,observed
1969,real_price_softs,sugar,26.26,index_1900=100,jacks2019,observed
1970,real_price_softs,sugar,28.88,index_1900=100,jacks2019,observed
1971,real_price_softs,sugar,33.37,index_1900=100,jacks2019,observed
1972,real_price_softs,sugar,52.24,index_1900=100,jacks2019,observed
1973,real_price_softs,sugar,64.01,index_1900=100,jacks2019,observed
1974,real_price_softs,sugar,181.07,index_1900=100,jacks2019,observed
1975,real_price_softs,sugar,114.29,index_1900=100,jacks2019,observed
1976,real_price_softs,sugar,61.05,index_1900=100,jacks2019,observed
1977,real_price_softs,sugar,40.27,index_1900=100,jacks2019,observed
1978,real_price_softs,sugar,36.04,index_1900=100,jacks2019,observed
1979,real_price_softs,sugar,40.03,index_1900=100,jacks2019,observed
1980,real_price_softs,sugar,104.59,index_1900=100,jacks2019,observed
1981,real_price_softs,sugar,56.12,index_1900=100,jacks2019,observed
1982,real_price_softs,sugar,26.24,index_1900=100,jacks2019,observed
1983,real_price_softs,sugar,25.57,index_1900=100,jacks2019,observed
1984,real_price_softs,sugar,15.05,index_1900=100,jacks2019,observed
1985,real_price_softs,sugar,11.34,index_1900=100,jacks2019,observed
1986,real_price_softs,sugar,16.6,index_1900=100,jacks2019,observed
1987,real_price_softs,sugar,17.89,index_1900=100,jacks2019,observed
1988,real_price_softs,sugar,25.91,index_1900=100,jacks2019,observed
1989,real_price_softs,sugar,31.03,index_1900=100,jacks2019,observed
1990,real_price_softs,sugar,28.88,index_1900=100,jacks2019,observed
1991,real_price_softs,sugar,19.79,index_1900=100,jacks2019,observed
1992,real_price_softs,sugar,19.41,index_1900=100,jacks2019,observed
1993,real_price_softs,sugar,20.86,index_1900=100,jacks2019,observed
1994,real_price_softs,sugar,24.57,index_1900=100,jacks2019,observed
1995,real_price_softs,sugar,26.21,index_1900=100,jacks2019,observed
1996,real_price_softs,sugar,22.92,index_1900=100,jacks2019,observed
1997,real_price_softs,sugar,21.3,index_1900=100,jacks2019,observed
1998,real_price_softs,sugar,16.46,index_1900=100,jacks2019,observed
1999,real_price_softs,sugar,11.31,index_1900=100,jacks2019,observed
2000,real_price_softs,sugar,14.29,index_1900=100,jacks2019,observed
2001,real_price_softs,sugar,14.66,index_1900=100,jacks2019,observed
2002,real_price_softs,sugar,11.51,index_1900=100,jacks2019,observed
2003,real_price_softs,sugar,11.59,index_1900=100,jacks2019,observed
2004,real_price_softs,sugar,11.41,index_1900=100,jacks2019,observed
2005,real_price_softs,sugar,15.22,index_1900=100,jacks2019,observed
2006,real_price_softs,sugar,22.05,index_1900=100,jacks2019,observed
2007,real_price_softs,sugar,14.62,index_1900=100,jacks2019,observed
2008,real_price_softs,sugar,17.88,index_1900=100,jacks2019,observed
2009,real_price_softs,sugar,25.43,index_1900=100,jacks2019,observed
2010,real_price_softs,sugar,29.36,index_1900=100,jacks2019,observed
2011,real_price_softs,sugar,34.76,index_1900=100,jacks2019,observed
2012,real_price_softs,sugar,28.22,index_1900=100,jacks2019,observed
2013,real_price_softs,sugar,22.84,index_1900=100,jacks2019,observed
2014,real_price_softs,sugar,21.61,index_1900=100,jacks2019,observed
2015,real_price_softs,sugar,17.05,index_1900=100,jacks2019,observed
2016,real_price_softs,sugar,22.62,index_1900=100,jacks2019,observed
2017,real_price_softs,sugar,19.65,index_1900=100,jacks2019,observed
2018,real_price_softs,sugar,14.97,index_1900=100,jacks2019,observed
2019,real_price_softs,sugar,14.94,index_1900=100,jacks2019,observed
2020,real_price_softs,sugar,14.92,index_1900=100,jacks2019,observed
2021,real_price_softs,sugar,19.61,index_1900=100,jacks2019,observed
2022,real_price_softs,sugar,19.01,index_1900=100,jacks2019,observed
2023,real_price_softs,sugar,23.12,index_1900=100,jacks2019,observed
2024,real_price_softs,sugar,19.51,index_1900=100,jacks2019,observed
2025,real_price_softs,sugar,15.68,index_1900=100,jacks2019,observed
1850,real_price_softs,tea,191.12,index_1900=100,jacks2019,observed
1851,real_price_softs,tea,182.45,index_1900=100,jacks2019,observed
1852,real_price_softs,tea,155.16,index_1900=100,jacks2019,observed
1853,real_price_softs,tea,193.16,index_1900=100,jacks2019,observed
1854,real_price_softs,tea,180.65,index_1900=100,jacks2019,observed
1855,real_price_softs,tea,170.5,index_1900=100,jacks2019,observed
1856,real_price_softs,tea,168.62,index_1900=100,jacks2019,observed
1857,real_price_softs,tea,195.24,index_1900=100,jacks2019,observed
1858,real_price_softs,tea,196.88,index_1900=100,jacks2019,observed
1859,real_price_softs,tea,218.7,index_1900=100,jacks2019,observed
1860,real_price_softs,tea,219.52,index_1900=100,jacks2019,observed
1861,real_price_softs,tea,189.08,index_1900=100,jacks2019,observed
1862,real_price_softs,tea,186.63,index_1900=100,jacks2019,observed
1863,real_price_softs,tea,145.85,index_1900=100,jacks2019,observed
1864,real_price_softs,tea,113.44,index_1900=100,jacks2019,observed
1865,real_price_softs,tea,119.45,index_1900=100,jacks2019,observed
1866,real_price_softs,tea,118.79,index_1900=100,jacks2019,observed
1867,real_price_softs,tea,124.84,index_1900=100,jacks2019,observed
1868,real_price_softs,tea,132.67,index_1900=100,jacks2019,observed
1869,real_price_softs,tea,127.69,index_1900=100,jacks2019,observed
1870,real_price_softs,tea,128.85,index_1900=100,jacks2019,observed
1871,real_price_softs,tea,131.73,index_1900=100,jacks2019,observed
1872,real_price_softs,tea,134.46,index_1900=100,jacks2019,observed
1873,real_price_softs,tea,136.34,index_1900=100,jacks2019,observed
1874,real_price_softs,tea,146.09,index_1900=100,jacks2019,observed
1875,real_price_softs,tea,149.17,index_1900=100,jacks2019,observed
1876,real_price_softs,tea,149.93,index_1900=100,jacks2019,observed
1877,real_price_softs,tea,149.36,index_1900=100,jacks2019,observed
1878,real_price_softs,tea,150.01,index_1900=100,jacks2019,observed
1879,real_price_softs,tea,144.02,index_1900=100,jacks2019,observed
1880,real_price_softs,tea,128.95,index_1900=100,jacks2019,observed
1881,real_price_softs,tea,122.73,index_1900=100,jacks2019,observed
1882,real_price_softs,tea,120.43,index_1900=100,jacks2019,observed
1883,real_price_softs,tea,121.74,index_1900=100,jacks2019,observed
1884,real_price_softs,tea,117.52,index_1900=100,jacks2019,observed
1885,real_price_softs,tea,122.76,index_1900=100,jacks2019,observed
1886,real_price_softs,tea,122.44,index_1900=100,jacks2019,observed
1887,real_price_softs,tea,108.87,index_1900=100,jacks2019,observed
1888,real_price_softs,tea,113.08,index_1900=100,jacks2019,observed
1889,real_price_softs,tea,114.76,index_1900=100,jacks2019,observed
1890,real_price_softs,tea,114.56,index_1900=100,jacks2019,observed
1891,real_price_softs,tea,115.74,index_1900=100,jacks2019,observed
1892,real_price_softs,tea,108.86,index_1900=100,jacks2019,observed
1893,real_price_softs,tea,107.22,index_1900=100,jacks2019,observed
1894,real_price_softs,tea,109.09,index_1900=100,jacks2019,observed
1895,real_price_softs,tea,112.24,index_1900=100,jacks2019,observed
1896,real_price_softs,tea,111.31,index_1900=100,jacks2019,observed
1897,real_price_softs,tea,110.45,index_1900=100,jacks2019,observed
1898,real_price_softs,tea,107.73,index_1900=100,jacks2019,observed
1899,real_price_softs,tea,104.08,index_1900=100,jacks2019,observed
1900,real_price_softs,tea,100.0,index_1900=100,jacks2019,observed
1901,real_price_softs,tea,94.48,index_1900=100,jacks2019,observed
1902,real_price_softs,tea,98.91,index_1900=100,jacks2019,observed
1903,real_price_softs,tea,73.65,index_1900=100,jacks2019,observed
1904,real_price_softs,tea,87.36,index_1900=100,jacks2019,observed
1905,real_price_softs,tea,85.82,index_1900=100,jacks2019,observed
1906,real_price_softs,tea,73.62,index_1900=100,jacks2019,observed
1907,real_price_softs,tea,68.96,index_1900=100,jacks2019,observed
1908,real_price_softs,tea,65.23,index_1900=100,jacks2019,observed
1909,real_price_softs,tea,72.16,index_1900=100,jacks2019,observed
1910,real_price_softs,tea,71.18,index_1900=100,jacks2019,observed
1911,real_price_softs,tea,71.78,index_1900=100,jacks2019,observed
1912,real_price_softs,tea,71.2,index_1900=100,jacks2019,observed
1913,real_price_softs,tea,70.57,index_1900=100,jacks2019,observed
1914,real_price_softs,tea,69.91,index_1900=100,jacks2019,observed
1915,real_price_softs,tea,67.31,index_1900=100,jacks2019,observed
1916,real_price_softs,tea,61.61,index_1900=100,jacks2019,observed
1917,real_price_softs,tea,65.2,index_1900=100,jacks2019,observed
1918,real_price_softs,tea,64.93,index_1900=100,jacks2019,observed
1919,real_price_softs,tea,54.25,index_1900=100,jacks2019,observed
1920,real_price_softs,tea,37.52,index_1900=100,jacks2019,observed
1921,real_price_softs,tea,36.48,index_1900=100,jacks2019,observed
1922,real_price_softs,tea,54.56,index_1900=100,jacks2019,observed
1923,real_price_softs,tea,68.57,index_1900=100,jacks2019,observed
1924,real_price_softs,tea,69.97,index_1900=100,jacks2019,observed
1925,real_price_softs,tea,67.84,index_1900=100,jacks2019,observed
1926,real_price_softs,tea,72.48,index_1900=100,jacks2019,observed
1927,real_price_softs,tea,72.75,index_1900=100,jacks2019,observed
1928,real_price_softs,tea,64.91,index_1900=100,jacks2019,observed
1929,real_price_softs,tea,63.23,index_1900=100,jacks2019,observed
1930,real_price_softs,tea,60.55,index_1900=100,jacks2019,observed
1931,real_price_softs,tea,49.7,index_1900=100,jacks2019,observed
1932,real_price_softs,tea,33.01,index_1900=100,jacks2019,observed
1933,real_price_softs,tea,52.33,index_1900=100,jacks2019,observed
1934,real_price_softs,tea,68.48,index_1900=100,jacks2019,observed
1935,real_price_softs,tea,63.01,index_1900=100,jacks2019,observed
1936,real_price_softs,tea,64.28,index_1900=100,jacks2019,observed
1937,real_price_softs,tea,71.6,index_1900=100,jacks2019,observed
1938,real_price_softs,tea,68.37,index_1900=100,jacks2019,observed
1939,real_price_softs,tea,60.29,index_1900=100,jacks2019,observed
1940,real_price_softs,tea,60.97,index_1900=100,jacks2019,observed
1941,real_price_softs,tea,74.31,index_1900=100,jacks2019,observed
1942,real_price_softs,tea,87.52,index_1900=100,jacks2019,observed
1943,real_price_softs,tea,74.16,index_1900=100,jacks2019,observed
1944,real_price_softs,tea,71.2,index_1900=100,jacks2019,observed
1945,real_price_softs,tea,69.62,index_1900=100,jacks2019,observed
1946,real_price_softs,tea,60.76,index_1900=100,jacks2019,observed
1947,real_price_softs,tea,73.63,index_1900=100,jacks2019,observed
1948,real_price_softs,tea,72.66,index_1900=100,jacks2019,observed
1949,real_price_softs,tea,78.14,index_1900=100,jacks2019,observed
1950,real_price_softs,tea,68.94,index_1900=100,jacks2019,observed
1951,real_price_softs,tea,80.19,index_1900=100,jacks2019,observed
1952,real_price_softs,tea,65.44,index_1900=100,jacks2019,observed
1953,real_price_softs,tea,77.73,index_1900=100,jacks2019,observed
1954,real_price_softs,tea,111.71,index_1900=100,jacks2019,observed
1955,real_price_softs,tea,106.36,index_1900=100,jacks2019,observed
1956,real_price_softs,tea,101.35,index_1900=100,jacks2019,observed
1957,real_price_softs,tea,89.76,index_1900=100,jacks2019,observed
1958,real_price_softs,tea,90.47,index_1900=100,jacks2019,observed
1959,real_price_softs,tea,89.02,index_1900=100,jacks2019,observed
1960,real_price_softs,tea,88.6,index_1900=100,jacks2019,observed
1961,real_price_softs,tea,81.08,index_1900=100,jacks2019,observed
1962,real_price_softs,tea,81.95,index_1900=100,jacks2019,observed
1963,real_price_softs,tea,79.32,index_1900=100,jacks2019,observed
1964,real_price_softs,tea,76.14,index_1900=100,jacks2019,observed
1965,real_price_softs,tea,80.78,index_1900=100,jacks2019,observed
1966,real_price_softs,tea,68.65,index_1900=100,jacks2019,observed
1967,real_price_softs,tea,63.81,index_1900=100,jacks2019,observed
1968,real_price_softs,tea,54.83,index_1900=100,jacks2019,observed
1969,real_price_softs,tea,50.47,index_1900=100,jacks2019,observed
1970,real_price_softs,tea,54.79,index_1900=100,jacks2019,observed
1971,real_price_softs,tea,53.52,index_1900=100,jacks2019,observed
1972,real_price_softs,tea,47.64,index_1900=100,jacks2019,observed
1973,real_price_softs,tea,45.2,index_1900=100,jacks2019,observed
1974,real_price_softs,tea,56.51,index_1900=100,jacks2019,observed
1975,real_price_softs,tea,54.07,index_1900=100,jacks2019,observed
1976,real_price_softs,tea,53.14,index_1900=100,jacks2019,observed
1977,real_price_softs,tea,82.19,index_1900=100,jacks2019,observed
1978,real_price_softs,tea,55.08,index_1900=100,jacks2019,observed
1979,real_price_softs,tea,52.87,index_1900=100,jacks2019,observed
1980,real_price_softs,tea,51.34,index_1900=100,jacks2019,observed
1981,real_price_softs,tea,41.21,index_1900=100,jacks2019,observed
1982,real_price_softs,tea,40.76,index_1900=100,jacks2019,observed
1983,real_price_softs,tea,53.66,index_1900=100,jacks2019,observed
1984,real_price_softs,tea,67.25,index_1900=100,jacks2019,observed
1985,real_price_softs,tea,41.44,index_1900=100,jacks2019,observed
1986,real_price_softs,tea,38.59,index_1900=100,jacks2019,observed
1987,real_price_softs,tea,37.05,index_1900=100,jacks2019,observed
1988,real_price_softs,tea,34.0,index_1900=100,jacks2019,observed
1989,real_price_softs,tea,37.51,index_1900=100,jacks2019,observed
1990,real_price_softs,tea,40.12,index_1900=100,jacks2019,observed
1991,real_price_softs,tea,31.33,index_1900=100,jacks2019,observed
1992,real_price_softs,tea,29.14,index_1900=100,jacks2019,observed
1993,real_price_softs,tea,28.48,index_1900=100,jacks2019,observed
1994,real_price_softs,tea,25.66,index_1900=100,jacks2019,observed
1995,real_price_softs,tea,24.9,index_1900=100,jacks2019,observed
1996,real_price_softs,tea,26.97,index_1900=100,jacks2019,observed
1997,real_price_softs,tea,32.71,index_1900=100,jacks2019,observed
1998,real_price_softs,tea,31.99,index_1900=100,jacks2019,observed
1999,real_price_softs,tea,28.14,index_1900=100,jacks2019,observed
2000,real_price_softs,tea,27.77,index_1900=100,jacks2019,observed
2001,real_price_softs,tea,23.0,index_1900=100,jacks2019,observed
2002,real_price_softs,tea,21.34,index_1900=100,jacks2019,observed
2003,real_price_softs,tea,21.01,index_1900=100,jacks2019,observed
2004,real_price_softs,tea,22.74,index_1900=100,jacks2019,observed
2005,real_price_softs,tea,21.5,index_1900=100,jacks2019,observed
2006,real_price_softs,tea,23.67,index_1900=100,jacks2019,observed
2007,real_price_softs,tea,25.03,index_1900=100,jacks2019,observed
2008,real_price_softs,tea,28.65,index_1900=100,jacks2019,observed
2009,real_price_softs,tea,32.36,index_1900=100,jacks2019,observed
2010,real_price_softs,tea,33.72,index_1900=100,jacks2019,observed
2011,real_price_softs,tea,33.09,index_1900=100,jacks2019,observed
2012,real_price_softs,tea,32.17,index_1900=100,jacks2019,observed
2013,real_price_softs,tea,31.31,index_1900=100,jacks2019,observed
2014,real_price_softs,tea,29.29,index_1900=100,jacks2019,observed
2015,real_price_softs,tea,29.86,index_1900=100,jacks2019,observed
2016,real_price_softs,tea,28.51,index_1900=100,jacks2019,observed
2017,real_price_softs,tea,32.74,index_1900=100,jacks2019,observed
2018,real_price_softs,tea,28.9,index_1900=100,jacks2019,observed
2019,real_price_softs,tea,25.55,index_1900=100,jacks2019,observed
2020,real_price_softs,tea,26.58,index_1900=100,jacks2019,observed
2021,real_price_softs,tea,25.29,index_1900=100,jacks2019,observed
2022,real_price_softs,tea,26.57,index_1900=100,jacks2019,observed
2023,real_price_softs,tea,22.92,index_1900=100,jacks2019,observed
2024,real_price_softs,tea,24.7,index_1900=100,jacks2019,observed
2025,real_price_softs,tea,23.04,index_1900=100,jacks2019,observed
1850,real_price_softs,tobacco,181.27,index_1900=100,jacks2019,observed
1851,real_price_softs,tobacco,202.11,index_1900=100,jacks2019,observed
1852,real_price_softs,tobacco,180.21,index_1900=100,jacks2019,observed
1853,real_price_softs,tobacco,183.08,index_1900=100,jacks2019,observed
1854,real_price_softs,tobacco,169.19,index_1900=100,jacks2019,observed
1855,real_price_softs,tobacco,166.46,index_1900=100,jacks2019,observed
1856,real_price_softs,tobacco,173.91,index_1900=100,jacks2019,observed
1857,real_price_softs,tobacco,172.03,index_1900=100,jacks2019,observed
1858,real_price_softs,tobacco,175.44,index_1900=100,jacks2019,observed
1859,real_price_softs,tobacco,169.06,index_1900=100,jacks2019,observed
1860,real_price_softs,tobacco,167.61,index_1900=100,jacks2019,observed
1861,real_price_softs,tobacco,164.32,index_1900=100,jacks2019,observed
1862,real_price_softs,tobacco,152.9,index_1900=100,jacks2019,observed
1863,real_price_softs,tobacco,121.53,index_1900=100,jacks2019,observed
1864,real_price_softs,tobacco,94.78,index_1900=100,jacks2019,observed
1865,real_price_softs,tobacco,90.81,index_1900=100,jacks2019,observed
1866,real_price_softs,tobacco,91.57,index_1900=100,jacks2019,observed
1867,real_price_softs,tobacco,98.28,index_1900=100,jacks2019,observed
1868,real_price_softs,tobacco,107.56,index_1900=100,jacks2019,observed
1869,real_price_softs,tobacco,100.25,index_1900=100,jacks2019,observed
1870,real_price_softs,tobacco,93.16,index_1900=100,jacks2019,observed
1871,real_price_softs,tobacco,104.66,index_1900=100,jacks2019,observed
1872,real_price_softs,tobacco,109.79,index_1900=100,jacks2019,observed
1873,real_price_softs,tobacco,90.07,index_1900=100,jacks2019,observed
1874,real_price_softs,tobacco,150.77,index_1900=100,jacks2019,observed
1875,real_price_softs,tobacco,87.92,index_1900=100,jacks2019,observed
1876,real_price_softs,tobacco,85.36,index_1900=100,jacks2019,observed
1877,real_price_softs,tobacco,64.64,index_1900=100,jacks2019,observed
1878,real_price_softs,tobacco,72.87,index_1900=100,jacks2019,observed
1879,real_price_softs,tobacco,76.64,index_1900=100,jacks2019,observed
1880,real_price_softs,tobacco,99.3,index_1900=100,jacks2019,observed
1881,real_price_softs,tobacco,117.69,index_1900=100,jacks2019,observed
1882,real_price_softs,tobacco,104.21,index_1900=100,jacks2019,observed
1883,real_price_softs,tobacco,110.11,index_1900=100,jacks2019,observed
1884,real_price_softs,tobacco,103.48,index_1900=100,jacks2019,observed
1885,real_price_softs,tobacco,97.77,index_1900=100,jacks2019,observed
1886,real_price_softs,tobacco,95.92,index_1900=100,jacks2019,observed
1887,real_price_softs,tobacco,138.36,index_1900=100,jacks2019,observed
1888,real_price_softs,tobacco,104.1,index_1900=100,jacks2019,observed
1889,real_price_softs,tobacco,89.89,index_1900=100,jacks2019,observed
1890,real_price_softs,tobacco,110.2,index_1900=100,jacks2019,observed
1891,real_price_softs,tobacco,112.95,index_1900=100,jacks2019,observed
1892,real_price_softs,tobacco,122.59,index_1900=100,jacks2019,observed
1893,real_price_softs,tobacco,110.07,index_1900=100,jacks2019,observed
1894,real_price_softs,tobacco,96.15,index_1900=100,jacks2019,observed
1895,real_price_softs,tobacco,101.49,index_1900=100,jacks2019,observed
1896,real_price_softs,tobacco,82.09,index_1900=100,jacks2019,observed
1897,real_price_softs,tobacco,111.82,index_1900=100,jacks2019,observed
1898,real_price_softs,tobacco,92.18,index_1900=100,jacks2019,observed
1899,real_price_softs,tobacco,107.29,index_1900=100,jacks2019,observed
1900,real_price_softs,tobacco,100.0,index_1900=100,jacks2019,observed
1901,real_price_softs,tobacco,100.3,index_1900=100,jacks2019,observed
1902,real_price_softs,tobacco,104.65,index_1900=100,jacks2019,observed
1903,real_price_softs,tobacco,108.17,index_1900=100,jacks2019,observed
1904,real_price_softs,tobacco,103.61,index_1900=100,jacks2019,observed
1905,real_price_softs,tobacco,100.86,index_1900=100,jacks2019,observed
1906,real_price_softs,tobacco,103.56,index_1900=100,jacks2019,observed
1907,real_price_softs,tobacco,102.65,index_1900=100,jacks2019,observed
1908,real_price_softs,tobacco,111.02,index_1900=100,jacks2019,observed
1909,real_price_softs,tobacco,116.73,index_1900=100,jacks2019,observed
1910,real_price_softs,tobacco,109.85,index_1900=100,jacks2019,observed
1911,real_price_softs,tobacco,113.14,index_1900=100,jacks2019,observed
1912,real_price_softs,tobacco,114.64,index_1900=100,jacks2019,observed
1913,real_price_softs,tobacco,115.96,index_1900=100,jacks2019,observed
1914,real_price_softs,tobacco,117.27,index_1900=100,jacks2019,observed
1915,real_price_softs,tobacco,122.16,index_1900=100,jacks2019,observed
1916,real_price_softs,tobacco,116.68,index_1900=100,jacks2019,observed
1917,real_price_softs,tobacco,134.49,index_1900=100,jacks2019,observed
1918,real_price_softs,tobacco,190.06,index_1900=100,jacks2019,observed
1919,real_price_softs,tobacco,184.5,index_1900=100,jacks2019,observed
1920,real_price_softs,tobacco,245.67,index_1900=100,jacks2019,observed
1921,real_price_softs,tobacco,209.16,index_1900=100,jacks2019,observed
1922,real_price_softs,tobacco,189.91,index_1900=100,jacks2019,observed
1923,real_price_softs,tobacco,176.24,index_1900=100,jacks2019,observed
1924,real_price_softs,tobacco,163.85,index_1900=100,jacks2019,observed
1925,real_price_softs,tobacco,175.27,index_1900=100,jacks2019,observed
1926,real_price_softs,tobacco,151.95,index_1900=100,jacks2019,observed
1927,real_price_softs,tobacco,148.69,index_1900=100,jacks2019,observed
1928,real_price_softs,tobacco,147.03,index_1900=100,jacks2019,observed
1929,real_price_softs,tobacco,144.43,index_1900=100,jacks2019,observed
1930,real_price_softs,tobacco,143.45,index_1900=100,jacks2019,observed
1931,real_price_softs,tobacco,134.73,index_1900=100,jacks2019,observed
1932,real_price_softs,tobacco,115.27,index_1900=100,jacks2019,observed
1933,real_price_softs,tobacco,141.7,index_1900=100,jacks2019,observed
1934,real_price_softs,tobacco,209.51,index_1900=100,jacks2019,observed
1935,real_price_softs,tobacco,240.91,index_1900=100,jacks2019,observed
1936,real_price_softs,tobacco,228.37,index_1900=100,jacks2019,observed
1937,real_price_softs,tobacco,209.87,index_1900=100,jacks2019,observed
1938,real_price_softs,tobacco,218.7,index_1900=100,jacks2019,observed
1939,real_price_softs,tobacco,159.4,index_1900=100,jacks2019,observed
1940,real_price_softs,tobacco,135.97,index_1900=100,jacks2019,observed
1941,real_price_softs,tobacco,157.8,index_1900=100,jacks2019,observed
1942,real_price_softs,tobacco,165.55,index_1900=100,jacks2019,observed
1943,real_price_softs,tobacco,235.16,index_1900=100,jacks2019,observed
1944,real_price_softs,tobacco,278.61,index_1900=100,jacks2019,observed
1945,real_price_softs,tobacco,265.69,index_1900=100,jacks2019,observed
1946,real_price_softs,tobacco,262.35,index_1900=100,jacks2019,observed
1947,real_price_softs,tobacco,230.5,index_1900=100,jacks2019,observed
1948,real_price_softs,tobacco,201.34,index_1900=100,jacks2019,observed
1949,real_price_softs,tobacco,201.57,index_1900=100,jacks2019,observed
1950,real_price_softs,tobacco,207.26,index_1900=100,jacks2019,observed
1951,real_price_softs,tobacco,227.07,index_1900=100,jacks2019,observed
1952,real_price_softs,tobacco,221.93,index_1900=100,jacks2019,observed
1953,real_price_softs,tobacco,232.32,index_1900=100,jacks2019,observed
1954,real_price_softs,tobacco,235.57,index_1900=100,jacks2019,observed
1955,real_price_softs,tobacco,232.99,index_1900=100,jacks2019,observed
1956,real_price_softs,tobacco,227.53,index_1900=100,jacks2019,observed
1957,real_price_softs,tobacco,240.25,index_1900=100,jacks2019,observed
1958,real_price_softs,tobacco,236.44,index_1900=100,jacks2019,observed
1959,real_price_softs,tobacco,236.45,index_1900=100,jacks2019,observed
1960,real_price_softs,tobacco,238.73,index_1900=100,jacks2019,observed
1961,real_price_softs,tobacco,212.71,index_1900=100,jacks2019,observed
1962,real_price_softs,tobacco,189.02,index_1900=100,jacks2019,observed
1963,real_price_softs,tobacco,178.65,index_1900=100,jacks2019,observed
1964,real_price_softs,tobacco,195.27,index_1900=100,jacks2019,observed
1965,real_price_softs,tobacco,163.24,index_1900=100,jacks2019,observed
1966,real_price_softs,tobacco,198.32,index_1900=100,jacks2019,observed
1967,real_price_softs,tobacco,158.39,index_1900=100,jacks2019,observed
1968,real_price_softs,tobacco,140.91,index_1900=100,jacks2019,observed
1969,real_price_softs,tobacco,123.5,index_1900=100,jacks2019,observed
1970,real_price_softs,tobacco,112.79,index_1900=100,jacks2019,observed
1971,real_price_softs,tobacco,104.79,index_1900=100,jacks2019,observed
1972,real_price_softs,tobacco,104.45,index_1900=100,jacks2019,observed
1973,real_price_softs,tobacco,103.32,index_1900=100,jacks2019,observed
1974,real_price_softs,tobacco,122.32,index_1900=100,jacks2019,observed
1975,real_price_softs,tobacco,139.29,index_1900=100,jacks2019,observed
1976,real_price_softs,tobacco,156.35,index_1900=100,jacks2019,observed
1977,real_price_softs,tobacco,151.4,index_1900=100,jacks2019,observed
1978,real_price_softs,tobacco,141.58,index_1900=100,jacks2019,observed
1979,real_price_softs,tobacco,131.53,index_1900=100,jacks2019,observed
1980,real_price_softs,tobacco,112.47,index_1900=100,jacks2019,observed
1981,real_price_softs,tobacco,103.95,index_1900=100,jacks2019,observed
1982,real_price_softs,tobacco,108.17,index_1900=100,jacks2019,observed
1983,real_price_softs,tobacco,108.59,index_1900=100,jacks2019,observed
1984,real_price_softs,tobacco,109.18,index_1900=100,jacks2019,observed
1985,real_price_softs,tobacco,98.82,index_1900=100,jacks2019,observed
1986,real_price_softs,tobacco,98.78,index_1900=100,jacks2019,observed
1987,real_price_softs,tobacco,98.4,index_1900=100,jacks2019,observed
1988,real_price_softs,tobacco,84.93,index_1900=100,jacks2019,observed
1989,real_price_softs,tobacco,104.0,index_1900=100,jacks2019,observed
1990,real_price_softs,tobacco,105.67,index_1900=100,jacks2019,observed
1991,real_price_softs,tobacco,104.62,index_1900=100,jacks2019,observed
1992,real_price_softs,tobacco,99.81,index_1900=100,jacks2019,observed
1993,real_price_softs,tobacco,75.94,index_1900=100,jacks2019,observed
1994,real_price_softs,tobacco,72.57,index_1900=100,jacks2019,observed
1995,real_price_softs,tobacco,70.62,index_1900=100,jacks2019,observed
1996,real_price_softs,tobacco,79.28,index_1900=100,jacks2019,observed
1997,real_price_softs,tobacco,89.58,index_1900=100,jacks2019,observed
1998,real_price_softs,tobacco,83.33,index_1900=100,jacks2019,observed
1999,real_price_softs,tobacco,74.32,index_1900=100,jacks2019,observed
2000,real_price_softs,tobacco,70.37,index_1900=100,jacks2019,observed
2001,real_price_softs,tobacco,69.07,index_1900=100,jacks2019,observed
2002,real_price_softs,tobacco,62.11,index_1900=100,jacks2019,observed
2003,real_price_softs,tobacco,58.55,index_1900=100,jacks2019,observed
2004,real_price_softs,tobacco,59.06,index_1900=100,jacks2019,observed
2005,real_price_softs,tobacco,58.15,index_1900=100,jacks2019,observed
2006,real_price_softs,tobacco,59.96,index_1900=100,jacks2019,observed
2007,real_price_softs,tobacco,65.09,index_1900=100,jacks2019,observed
2008,real_price_softs,tobacco,67.86,index_1900=100,jacks2019,observed
2009,real_price_softs,tobacco,80.37,index_1900=100,jacks2019,observed
2010,real_price_softs,tobacco,80.9,index_1900=100,jacks2019,observed
2011,real_price_softs,tobacco,81.18,index_1900=100,jacks2019,observed
2012,real_price_softs,tobacco,76.29,index_1900=100,jacks2019,observed
2013,real_price_softs,tobacco,80.2,index_1900=100,jacks2019,observed
2014,real_price_softs,tobacco,85.83,index_1900=100,jacks2019,observed
2015,real_price_softs,tobacco,84.31,index_1900=100,jacks2019,observed
2016,real_price_softs,tobacco,81.26,index_1900=100,jacks2019,observed
2017,real_price_softs,tobacco,76.86,index_1900=100,jacks2019,observed
2018,real_price_softs,tobacco,78.89,index_1900=100,jacks2019,observed
2019,real_price_softs,tobacco,72.93,index_1900=100,jacks2019,observed
2020,real_price_softs,tobacco,68.21,index_1900=100,jacks2019,observed
2021,real_price_softs,tobacco,62.43,index_1900=100,jacks2019,observed
2022,real_price_softs,tobacco,59.4,index_1900=100,jacks2019,observed
2023,real_price_softs,tobacco,67.02,index_1900=100,jacks2019,observed
2024,real_price_softs,tobacco,76.57,index_1900=100,jacks2019,observed
2025,real_price_softs,tobacco,92.12,index_1900=100,jacks2019,observed
1850,real_price_softs,wool,121.18,index_1900=100,jacks2019,observed
1851,real_price_softs,wool,129.03,index_1900=100,jacks2019,observed
1852,real_price_softs,wool,144.9,index_1900=100,jacks2019,observed
1853,real_price_softs,wool,156.98,index_1900=100,jacks2019,observed
1854,real_price_softs,wool,134.13,index_1900=100,jacks2019,observed
1855,real_price_softs,wool,128.74,index_1900=100,jacks2019,observed
1856,real_price_softs,wool,157.19,index_1900=100,jacks2019,observed
1857,real_price_softs,wool,168.0,index_1900=100,jacks2019,observed
1858,real_price_softs,wool,159.08,index_1900=100,jacks2019,observed
1859,real_price_softs,wool,171.93,index_1900=100,jacks2019,observed
1860,real_price_softs,wool,179.94,index_1900=100,jacks2019,observed
1861,real_price_softs,wool,157.35,index_1900=100,jacks2019,observed
1862,real_price_softs,wool,140.47,index_1900=100,jacks2019,observed
1863,real_price_softs,wool,117.58,index_1900=100,jacks2019,observed
1864,real_price_softs,wool,104.56,index_1900=100,jacks2019,observed
1865,real_price_softs,wool,96.56,index_1900=100,jacks2019,observed
1866,real_price_softs,wool,98.65,index_1900=100,jacks2019,observed
1867,real_price_softs,wool,90.78,index_1900=100,jacks2019,observed
1868,real_price_softs,wool,86.5,index_1900=100,jacks2019,observed
1869,real_price_softs,wool,83.38,index_1900=100,jacks2019,observed
1870,real_price_softs,wool,84.52,index_1900=100,jacks2019,observed
1871,real_price_softs,wool,114.58,index_1900=100,jacks2019,observed
1872,real_price_softs,wool,140.23,index_1900=100,jacks2019,observed
1873,real_price_softs,wool,136.45,index_1900=100,jacks2019,observed
1874,real_price_softs,wool,130.49,index_1900=100,jacks2019,observed
1875,real_price_softs,wool,127.2,index_1900=100,jacks2019,observed
1876,real_price_softs,wool,116.27,index_1900=100,jacks2019,observed
1877,real_price_softs,wool,116.16,index_1900=100,jacks2019,observed
1878,real_price_softs,wool,117.92,index_1900=100,jacks2019,observed
1879,real_price_softs,wool,106.22,index_1900=100,jacks2019,observed
1880,real_price_softs,wool,123.21,index_1900=100,jacks2019,observed
1881,real_price_softs,wool,107.24,index_1900=100,jacks2019,observed
1882,real_price_softs,wool,104.3,index_1900=100,jacks2019,observed
1883,real_price_softs,wool,99.8,index_1900=100,jacks2019,observed
1884,real_price_softs,wool,98.84,index_1900=100,jacks2019,observed
1885,real_price_softs,wool,91.84,index_1900=100,jacks2019,observed
1886,real_price_softs,wool,91.03,index_1900=100,jacks2019,observed
1887,real_price_softs,wool,93.54,index_1900=100,jacks2019,observed
1888,real_price_softs,wool,92.84,index_1900=100,jacks2019,observed
1889,real_price_softs,wool,106.46,index_1900=100,jacks2019,observed
1890,real_price_softs,wool,101.08,index_1900=100,jacks2019,observed
1891,real_price_softs,wool,91.92,index_1900=100,jacks2019,observed
1892,real_price_softs,wool,81.3,index_1900=100,jacks2019,observed
1893,real_price_softs,wool,81.49,index_1900=100,jacks2019,observed
1894,real_price_softs,wool,84.43,index_1900=100,jacks2019,observed
1895,real_price_softs,wool,94.05,index_1900=100,jacks2019,observed
1896,real_price_softs,wool,98.02,index_1900=100,jacks2019,observed
1897,real_price_softs,wool,89.59,index_1900=100,jacks2019,observed
1898,real_price_softs,wool,92.0,index_1900=100,jacks2019,observed
1899,real_price_softs,wool,109.28,index_1900=100,jacks2019,observed
1900,real_price_softs,wool,100.0,index_1900=100,jacks2019,observed
1901,real_price_softs,wool,82.93,index_1900=100,jacks2019,observed
1902,real_price_softs,wool,88.91,index_1900=100,jacks2019,observed
1903,real_price_softs,wool,93.71,index_1900=100,jacks2019,observed
1904,real_price_softs,wool,99.37,index_1900=100,jacks2019,observed
1905,real_price_softs,wool,122.7,index_1900=100,jacks2019,observed
1906,real_price_softs,wool,118.35,index_1900=100,jacks2019,observed
1907,real_price_softs,wool,111.68,index_1900=100,jacks2019,observed
1908,real_price_softs,wool,97.78,index_1900=100,jacks2019,observed
1909,real_price_softs,wool,115.35,index_1900=100,jacks2019,observed
1910,real_price_softs,wool,102.6,index_1900=100,jacks2019,observed
1911,real_price_softs,wool,89.97,index_1900=100,jacks2019,observed
1912,real_price_softs,wool,98.97,index_1900=100,jacks2019,observed
1913,real_price_softs,wool,84.79,index_1900=100,jacks2019,observed
1914,real_price_softs,wool,88.5,index_1900=100,jacks2019,observed
1915,real_price_softs,wool,105.96,index_1900=100,jacks2019,observed
1916,real_price_softs,wool,114.77,index_1900=100,jacks2019,observed
1917,real_price_softs,wool,178.04,index_1900=100,jacks2019,observed
1918,real_price_softs,wool,175.68,index_1900=100,jacks2019,observed
1919,real_price_softs,wool,149.57,index_1900=100,jacks2019,observed
1920,real_price_softs,wool,116.07,index_1900=100,jacks2019,observed
1921,real_price_softs,wool,69.04,index_1900=100,jacks2019,observed
1922,real_price_softs,wool,108.35,index_1900=100,jacks2019,observed
1923,real_price_softs,wool,120.08,index_1900=100,jacks2019,observed
1924,real_price_softs,wool,119.87,index_1900=100,jacks2019,observed
1925,real_price_softs,wool,115.26,index_1900=100,jacks2019,observed
1926,real_price_softs,wool,95.26,index_1900=100,jacks2019,observed
1927,real_price_softs,wool,92.06,index_1900=100,jacks2019,observed
1928,real_price_softs,wool,98.43,index_1900=100,jacks2019,observed
1929,real_price_softs,wool,83.16,index_1900=100,jacks2019,observed
1930,real_price_softs,wool,66.16,index_1900=100,jacks2019,observed
1931,real_price_softs,wool,60.13,index_1900=100,jacks2019,observed
1932,real_price_softs,wool,50.03,index_1900=100,jacks2019,observed
1933,real_price_softs,wool,75.14,index_1900=100,jacks2019,observed
1934,real_price_softs,wool,89.02,index_1900=100,jacks2019,observed
1935,real_price_softs,wool,79.4,index_1900=100,jacks2019,observed
1936,real_price_softs,wool,96.5,index_1900=100,jacks2019,observed
1937,real_price_softs,wool,103.25,index_1900=100,jacks2019,observed
1938,real_price_softs,wool,72.21,index_1900=100,jacks2019,observed
1939,real_price_softs,wool,86.86,index_1900=100,jacks2019,observed
1940,real_price_softs,wool,99.47,index_1900=100,jacks2019,observed
1941,real_price_softs,wool,107.57,index_1900=100,jacks2019,observed
1942,real_price_softs,wool,106.14,index_1900=100,jacks2019,observed
1943,real_price_softs,wool,99.16,index_1900=100,jacks2019,observed
1944,real_price_softs,wool,98.3,index_1900=100,jacks2019,observed
1945,real_price_softs,wool,95.3,index_1900=100,jacks2019,observed
1946,real_price_softs,wool,76.63,index_1900=100,jacks2019,observed
1947,real_price_softs,wool,80.81,index_1900=100,jacks2019,observed
1948,real_price_softs,wool,99.37,index_1900=100,jacks2019,observed
1949,real_price_softs,wool,101.42,index_1900=100,jacks2019,observed
1950,real_price_softs,wool,120.26,index_1900=100,jacks2019,observed
1951,real_price_softs,wool,151.35,index_1900=100,jacks2019,observed
1952,real_price_softs,wool,90.51,index_1900=100,jacks2019,observed
1953,real_price_softs,wool,94.01,index_1900=100,jacks2019,observed
1954,real_price_softs,wool,92.27,index_1900=100,jacks2019,observed
1955,real_price_softs,wool,77.14,index_1900=100,jacks2019,observed
1956,real_price_softs,wool,73.33,index_1900=100,jacks2019,observed
1957,real_price_softs,wool,83.3,index_1900=100,jacks2019,observed
1958,real_price_softs,wool,59.56,index_1900=100,jacks2019,observed
1959,real_price_softs,wool,60.62,index_1900=100,jacks2019,observed
1960,real_price_softs,wool,57.18,index_1900=100,jacks2019,observed
1961,real_price_softs,wool,57.52,index_1900=100,jacks2019,observed
1962,real_price_softs,wool,59.91,index_1900=100,jacks2019,observed
1963,real_price_softs,wool,62.96,index_1900=100,jacks2019,observed
1964,real_price_softs,wool,65.45,index_1900=100,jacks2019,observed
1965,real_price_softs,wool,57.53,index_1900=100,jacks2019,observed
1966,real_price_softs,wool,60.41,index_1900=100,jacks2019,observed
1967,real_price_softs,wool,52.88,index_1900=100,jacks2019,observed
1968,real_price_softs,wool,50.42,index_1900=100,jacks2019,observed
1969,real_price_softs,wool,48.4,index_1900=100,jacks2019,observed
1970,real_price_softs,wool,38.32,index_1900=100,jacks2019,observed
1971,real_price_softs,wool,23.83,index_1900=100,jacks2019,observed
1972,real_price_softs,wool,40.19,index_1900=100,jacks2019,observed
1973,real_price_softs,wool,81.76,index_1900=100,jacks2019,observed
1974,real_price_softs,wool,51.86,index_1900=100,jacks2019,observed
1975,real_price_softs,wool,40.55,index_1900=100,jacks2019,observed
1976,real_price_softs,wool,46.49,index_1900=100,jacks2019,observed
1977,real_price_softs,wool,43.96,index_1900=100,jacks2019,observed
1978,real_price_softs,wool,42.35,index_1900=100,jacks2019,observed
1979,real_price_softs,wool,43.67,index_1900=100,jacks2019,observed
1980,real_price_softs,wool,40.06,index_1900=100,jacks2019,observed
1981,real_price_softs,wool,33.05,index_1900=100,jacks2019,observed
1982,real_price_softs,wool,27.27,index_1900=100,jacks2019,observed
1983,real_price_softs,wool,24.69,index_1900=100,jacks2019,observed
1984,real_price_softs,wool,23.32,index_1900=100,jacks2019,observed
1985,real_price_softs,wool,21.51,index_1900=100,jacks2019,observed
1986,real_price_softs,wool,22.84,index_1900=100,jacks2019,observed
1987,real_price_softs,wool,27.57,index_1900=100,jacks2019,observed
1988,real_price_softs,wool,30.35,index_1900=100,jacks2019,observed
1989,real_price_softs,wool,26.11,index_1900=100,jacks2019,observed
1990,real_price_softs,wool,20.17,index_1900=100,jacks2019,observed
1991,real_price_softs,wool,14.81,index_1900=100,jacks2019,observed
1992,real_price_softs,wool,14.9,index_1900=100,jacks2019,observed
1993,real_price_softs,wool,13.56,index_1900=100,jacks2019,observed
1994,real_price_softs,wool,16.52,index_1900=100,jacks2019,observed
1995,real_price_softs,wool,19.99,index_1900=100,jacks2019,observed
1996,real_price_softs,wool,16.75,index_1900=100,jacks2019,observed
1997,real_price_softs,wool,16.91,index_1900=100,jacks2019,observed
1998,real_price_softs,wool,12.65,index_1900=100,jacks2019,observed
1999,real_price_softs,wool,10.17,index_1900=100,jacks2019,observed
2000,real_price_softs,wool,10.0,index_1900=100,jacks2019,observed
2001,real_price_softs,wool,11.5,index_1900=100,jacks2019,observed
2002,real_price_softs,wool,19.27,index_1900=100,jacks2019,observed
2003,real_price_softs,wool,21.95,index_1900=100,jacks2019,observed
2004,real_price_softs,wool,17.95,index_1900=100,jacks2019,observed
2005,real_price_softs,wool,16.65,index_1900=100,jacks2019,observed
2006,real_price_softs,wool,16.43,index_1900=100,jacks2019,observed
2007,real_price_softs,wool,22.61,index_1900=100,jacks2019,observed
2008,real_price_softs,wool,20.19,index_1900=100,jacks2019,observed
2009,real_price_softs,wool,17.46,index_1900=100,jacks2019,observed
2010,real_price_softs,wool,23.01,index_1900=100,jacks2019,observed
2011,real_price_softs,wool,32.7,index_1900=100,jacks2019,observed
2012,real_price_softs,wool,32.25,index_1900=100,jacks2019,observed
2013,real_price_softs,wool,29.42,index_1900=100,jacks2019,observed
2014,real_price_softs,wool,26.51,index_1900=100,jacks2019,observed
2015,real_price_softs,wool,24.04,index_1900=100,jacks2019,observed
2016,real_price_softs,wool,25.97,index_1900=100,jacks2019,observed
2017,real_price_softs,wool,27.23,index_1900=100,jacks2019,observed
2018,real_price_softs,wool,37.08,index_1900=100,jacks2019,observed
2019,real_price_softs,wool,33.4,index_1900=100,jacks2019,observed
2020,real_price_softs,wool,20.59,index_1900=100,jacks2019,observed
2021,real_price_softs,wool,20.55,index_1900=100,jacks2019,observed
2022,real_price_softs,wool,18.45,index_1900=100,jacks2019,observed
2023,real_price_softs,wool,17.75,index_1900=100,jacks2019,observed
2024,real_price_softs,wool,17.21,index_1900=100,jacks2019,observed
2025,real_price_softs,wool,19.01,index_1900=100,jacks2019,observed
