year,series,commodity,value,unit,source,method
1900,S0_high,fossil_fuels,3079.5642620583303,Gt (fuel basis),rogner2012_gea_ch7+gcb2025v15,derived_partial_coverage
1900,S0_high,metal_ores,323.9499836,Gt (gross basis),usgs_mcs2026+usgs_ds140,derived_partial_coverage
1900,S0_high,metal_ores,6.2575140220800005,Gt (metal basis),usgs_mcs2026+usgs_ds140,derived_partial_coverage
1900,S0_high,non_metallic_minerals,146.65787,Gt (gross basis),usgs_mcs2026+usgs_ds140,derived_partial_coverage
1900,S0_literal_reading,fossil_fuels,1397.9510280939028,Gt (fuel basis),rogner2012_gea_ch7+gcb2025v15,derived_partial_coverage
1900,S0_literal_reading,metal_ores,230.73999999999998,Gt (gross basis),usgs_mcs2026+usgs_ds140,derived_partial_coverage
1900,S0_literal_reading,metal_ores,3.428452,Gt (metal basis),usgs_mcs2026+usgs_ds140,derived_partial_coverage
1900,S0_literal_reading,non_metallic_minerals,108.0,Gt (gross basis),usgs_mcs2026+usgs_ds140,derived_partial_coverage
1900,S0_low,fossil_fuels,1805.4353242387683,Gt (fuel basis),rogner2012_gea_ch7+gcb2025v15,derived_partial_coverage
1900,S0_low,metal_ores,323.9499836,Gt (gross basis),usgs_mcs2026+usgs_ds140,derived_partial_coverage
1900,S0_low,metal_ores,6.2575140220800005,Gt (metal basis),usgs_mcs2026+usgs_ds140,derived_partial_coverage
1900,S0_low,non_metallic_minerals,146.65787,Gt (gross basis),usgs_mcs2026+usgs_ds140,derived_partial_coverage
2005,URR_additional_occurrences,fossil_fuels,21778.9598108747,"Gt (unconventional oil and gas only, not counted in URR_high)",rogner2012_gea_ch7:table7.1_p431+ipcc2006_v2_ch1,derived
2005,URR_central,fossil_fuels,18873.717528451263,Gt (cumulative production plus midpoint reserves and resources),rogner2012_gea_ch7:table7.1_p431+ipcc2006_v2_ch1,derived
2005,URR_central,fossil_fuels_conventional_and_coal,15843.566375968992,Gt (cumulative production plus midpoint reserves and resources),rogner2012_gea_ch7:table7.1_p431+ipcc2006_v2_ch1,derived
2025,URR_central,metal_ores_contained_metal,8.3384,"Gt (identified plus half the undiscovered estimate, which exists for copper only)",usgs_mcs2026,derived_partial_coverage
2025,URR_high,bauxite_gross_ore,75.0,Gt (world resources as stated),usgs_mcs2026:p51,transcribed
2025,URR_high,chromium_ore_gross_ore,12.0,Gt (world resources as stated),usgs_mcs2026:p67,transcribed
2005,URR_high,fossil_fuels,23235.241492110617,Gt (cumulative production plus high reserves and resources; additional occurrences excluded),rogner2012_gea_ch7:table7.1_p431+ipcc2006_v2_ch1,derived
2005,URR_high,fossil_fuels_conventional_and_coal,18800.99016232338,Gt (cumulative production plus high reserves and resources),rogner2012_gea_ch7:table7.1_p431+ipcc2006_v2_ch1,derived
2025,URR_high,iron_ore_gross_ore,900.0,Gt (world resources as stated),usgs_mcs2026:p109,transcribed
2025,URR_high,metal_ores_contained_metal,10.0884,Gt (identified plus undiscovered),usgs_mcs2026,derived_partial_coverage
2025,URR_high,titanium_minerals_gross_ore,2.0,Gt (world resources as stated),usgs_mcs2026:p199,transcribed
2025,URR_low,bauxite_gross_ore,55.0,Gt (world resources as stated),usgs_mcs2026:p51,transcribed
2025,URR_low,chromium_ore_gross_ore,12.0,Gt (world resources as stated),usgs_mcs2026:p67,transcribed
2005,URR_low,fossil_fuels,1880.375570399692,Gt (cumulative production to 2005 plus low reserves),rogner2012_gea_ch7:table7.1_p431+ipcc2006_v2_ch1,derived
2005,URR_low,fossil_fuels_conventional_and_coal,1358.4912618890537,Gt (cumulative production to 2005 plus low reserves),rogner2012_gea_ch7:table7.1_p431+ipcc2006_v2_ch1,derived
2025,URR_low,iron_ore_gross_ore,900.0,Gt (world resources as stated),usgs_mcs2026:p109,transcribed
2025,URR_low,metal_ores_contained_metal,6.588400000000001,Gt (identified resources of the seven metals the MCS reports a world figure for),usgs_mcs2026,derived_partial_coverage
2025,URR_low,titanium_minerals_gross_ore,2.0,Gt (world resources as stated),usgs_mcs2026:p199,transcribed
1900,X0_high,fossil_fuels,3097.1642125505127,Gt (fuel basis),rogner2012_gea_ch7+gcb2025v15,derived_partial_coverage
1900,X0_high,metal_ores,323.9499836,Gt (gross basis),usgs_mcs2026+usgs_ds140,derived_no_pre1900_coverage
1900,X0_high,metal_ores,6.2575140220800005,Gt (metal basis),usgs_mcs2026+usgs_ds140,derived_no_pre1900_coverage
1900,X0_high,non_metallic_minerals,146.65787,Gt (gross basis),usgs_mcs2026+usgs_ds140,derived_no_pre1900_coverage
1900,X0_low,fossil_fuels,1823.0352747309512,Gt (fuel basis),rogner2012_gea_ch7+gcb2025v15,derived_partial_coverage
1900,X0_low,metal_ores,323.9499836,Gt (gross basis),usgs_mcs2026+usgs_ds140,derived_no_pre1900_coverage
1900,X0_low,metal_ores,6.2575140220800005,Gt (metal basis),usgs_mcs2026+usgs_ds140,derived_no_pre1900_coverage
1900,X0_low,non_metallic_minerals,146.65787,Gt (gross basis),usgs_mcs2026+usgs_ds140,derived_no_pre1900_coverage
1900,X0_minus_S0_extraction_before_1900,fossil_fuels,17.5999504921827,Gt (fuel basis),rogner2012_gea_ch7+gcb2025v15,derived_partial_coverage
1900,X0_minus_S0_extraction_before_1900,metal_ores,0.0,Gt (gross basis),usgs_mcs2026+usgs_ds140,derived_partial_coverage
1900,X0_minus_S0_extraction_before_1900,metal_ores,0.0,Gt (metal basis),usgs_mcs2026+usgs_ds140,derived_partial_coverage
1900,X0_minus_S0_extraction_before_1900,non_metallic_minerals,0.0,Gt (gross basis),usgs_mcs2026+usgs_ds140,derived_partial_coverage
2021,cumulative_extraction_since_1900,bauxite_alumina__bauxite,8.870299,"Gt (gross basis, 1900-2021)",usgs_ds140,derived
2022,cumulative_extraction_since_1900,chromium,0.3312125,"Gt (metal basis, 1900-2022)",usgs_ds140,derived
2024,cumulative_extraction_since_1900,coal,330.8903111956504,"Gt (fuel basis, 1900-2024)",gcb2025v15+ipcc2006_v2_ch1,derived
2021,cumulative_extraction_since_1900,cobalt,0.00346653,"Gt (metal basis, 1901-2021)",usgs_ds140,derived
2020,cumulative_extraction_since_1900,copper,0.750098,"Gt (metal basis, 1900-2020)",usgs_ds140,derived
2024,cumulative_extraction_since_1900,gas,102.657400258467,"Gt (fuel basis, 1900-2024)",gcb2025v15+ipcc2006_v2_ch1,derived
2022,cumulative_extraction_since_1900,gold,0.000175343,"Gt (metal basis, 1900-2022)",usgs_ds140,derived
2022,cumulative_extraction_since_1900,gypsum,7.23398,"Gt (gross basis, 1924-2022)",usgs_ds140,derived
2021,cumulative_extraction_since_1900,iron_ore,84.0319,"Gt (gross basis, 1904-2021)",usgs_ds140,derived
2021,cumulative_extraction_since_1900,lead,0.276475,"Gt (metal basis, 1900-2021)",usgs_ds140,derived
2022,cumulative_extraction_since_1900,manganese,0.764329,"Gt (metal basis, 1900-2022)",usgs_ds140,derived
2022,cumulative_extraction_since_1900,molybdenum,0.0094322324,"Gt (metal basis, 1900-2022)",usgs_ds140,derived
2019,cumulative_extraction_since_1900,nickel,0.07449769,"Gt (metal basis, 1900-2019)",usgs_ds140,derived
2024,cumulative_extraction_since_1900,oil,205.4337671779497,"Gt (fuel basis, 1900-2024)",gcb2025v15+ipcc2006_v2_ch1,derived
2022,cumulative_extraction_since_1900,phosphate__phosphate_rock,9.8525,"Gt (gross basis, 1900-2022)",usgs_ds140,derived
2022,cumulative_extraction_since_1900,platinum__platinum_group_metals,1.920668e-05,"Gt (metal basis, 1900-2022)",usgs_ds140,derived
2022,cumulative_extraction_since_1900,potash,1.83055,"Gt (gross basis, 1919-2022)",usgs_ds140,derived
2021,cumulative_extraction_since_1900,salt,13.8879,"Gt (gross basis, 1900-2021)",usgs_ds140,derived
2021,cumulative_extraction_since_1900,silver,0.00136278,"Gt (metal basis, 1900-2021)",usgs_ds140,derived
2022,cumulative_extraction_since_1900,soda_ash,2.0031,"Gt (gross basis, 1955-2022)",usgs_ds140,derived
2022,cumulative_extraction_since_1900,sulfur,3.84984,"Gt (gross basis, 1900-2022)",usgs_ds140,derived
2021,cumulative_extraction_since_1900,tin,0.0228765,"Gt (metal basis, 1905-2021)",usgs_ds140,derived
2020,cumulative_extraction_since_1900,titanium_minerals__ilmenite_and_slag,0.3077846,"Gt (gross basis, 1925-2020)",usgs_ds140,derived
2019,cumulative_extraction_since_1900,tungsten,0.00361124,"Gt (metal basis, 1905-2019)",usgs_ds140,derived
2022,cumulative_extraction_since_1900,zinc,0.591506,"Gt (metal basis, 1900-2022)",usgs_ds140,derived
2020,cumulative_extraction_since_1900_category,fossil_fuels,638.9814786320671,Gt (fuel basis),usgs_ds140|gcb2025v15,derived_partial_coverage
2020,cumulative_extraction_since_1900_category,metal_ores,93.2099836,Gt (gross basis),usgs_ds140|gcb2025v15,derived_partial_coverage
2020,cumulative_extraction_since_1900_category,metal_ores,2.8290620220800005,Gt (metal basis),usgs_ds140|gcb2025v15,derived_partial_coverage
2020,cumulative_extraction_since_1900_category,non_metallic_minerals,38.65787,Gt (gross basis),usgs_ds140|gcb2025v15,derived_partial_coverage
1900,fossil_extraction_mass,coal,0.7713606585050068,Gt,gcb2025v15+ipcc2006_v2_ch1,derived
1901,fossil_extraction_mass,coal,0.7933672439647967,Gt,gcb2025v15+ipcc2006_v2_ch1,derived
1902,fossil_extraction_mass,coal,0.8113717123916285,Gt,gcb2025v15+ipcc2006_v2_ch1,derived
1903,fossil_extraction_mass,coal,0.885800377763574,Gt,gcb2025v15+ipcc2006_v2_ch1,derived
1904,fossil_extraction_mass,coal,0.8909133216972319,Gt,gcb2025v15+ipcc2006_v2_ch1,derived
1905,fossil_extraction_mass,coal,0.9509228403559664,Gt,gcb2025v15+ipcc2006_v2_ch1,derived
1906,fossil_extraction_mass,coal,0.993759492436534,Gt,gcb2025v15+ipcc2006_v2_ch1,derived
1907,fossil_extraction_mass,coal,1.1304141345854437,Gt,gcb2025v15+ipcc2006_v2_ch1,derived
1908,fossil_extraction_mass,coal,1.0797328691184425,Gt,gcb2025v15+ipcc2006_v2_ch1,derived
1909,fossil_extraction_mass,coal,1.1229752548470096,Gt,gcb2025v15+ipcc2006_v2_ch1,derived
1910,fossil_extraction_mass,coal,1.176653323663897,Gt,gcb2025v15+ipcc2006_v2_ch1,derived
1911,fossil_extraction_mass,coal,1.19193979833489,Gt,gcb2025v15+ipcc2006_v2_ch1,derived
1912,fossil_extraction_mass,coal,1.2531247070488554,Gt,gcb2025v15+ipcc2006_v2_ch1,derived
1913,fossil_extraction_mass,coal,1.353046772211023,Gt,gcb2025v15+ipcc2006_v2_ch1,derived
1914,fossil_extraction_mass,coal,1.2173761164921253,Gt,gcb2025v15+ipcc2006_v2_ch1,derived
1915,fossil_extraction_mass,coal,1.1915803571135912,Gt,gcb2025v15+ipcc2006_v2_ch1,derived
1916,fossil_extraction_mass,coal,1.2846851668387498,Gt,gcb2025v15+ipcc2006_v2_ch1,derived
1917,fossil_extraction_mass,coal,1.3379965751347984,Gt,gcb2025v15+ipcc2006_v2_ch1,derived
1918,fossil_extraction_mass,coal,1.3176234348624152,Gt,gcb2025v15+ipcc2006_v2_ch1,derived
1919,fossil_extraction_mass,coal,1.1145069144664599,Gt,gcb2025v15+ipcc2006_v2_ch1,derived
1920,fossil_extraction_mass,coal,1.2835014524640673,Gt,gcb2025v15+ipcc2006_v2_ch1,derived
1921,fossil_extraction_mass,coal,1.0948196301850304,Gt,gcb2025v15+ipcc2006_v2_ch1,derived
1922,fossil_extraction_mass,coal,1.136336665191668,Gt,gcb2025v15+ipcc2006_v2_ch1,derived
1923,fossil_extraction_mass,coal,1.290507036563581,Gt,gcb2025v15+ipcc2006_v2_ch1,derived
1924,fossil_extraction_mass,coal,1.2930626382811348,Gt,gcb2025v15+ipcc2006_v2_ch1,derived
1925,fossil_extraction_mass,coal,1.2921305558287035,Gt,gcb2025v15+ipcc2006_v2_ch1,derived
1926,fossil_extraction_mass,coal,1.2636003040136357,Gt,gcb2025v15+ipcc2006_v2_ch1,derived
1927,fossil_extraction_mass,coal,1.37846797449891,Gt,gcb2025v15+ipcc2006_v2_ch1,derived
1928,fossil_extraction_mass,coal,1.3551883602110886,Gt,gcb2025v15+ipcc2006_v2_ch1,derived
1929,fossil_extraction_mass,coal,1.443812163413475,Gt,gcb2025v15+ipcc2006_v2_ch1,derived
1930,fossil_extraction_mass,coal,1.3177683157972369,Gt,gcb2025v15+ipcc2006_v2_ch1,derived
1931,fossil_extraction_mass,coal,1.160822208974548,Gt,gcb2025v15+ipcc2006_v2_ch1,derived
1932,fossil_extraction_mass,coal,1.0334701759345757,Gt,gcb2025v15+ipcc2006_v2_ch1,derived
1933,fossil_extraction_mass,coal,1.0811770178802629,Gt,gcb2025v15+ipcc2006_v2_ch1,derived
1934,fossil_extraction_mass,coal,1.1801916334791942,Gt,gcb2025v15+ipcc2006_v2_ch1,derived
1935,fossil_extraction_mass,coal,1.2284972560925644,Gt,gcb2025v15+ipcc2006_v2_ch1,derived
1936,fossil_extraction_mass,coal,1.3470510636380024,Gt,gcb2025v15+ipcc2006_v2_ch1,derived
1937,fossil_extraction_mass,coal,1.4200927610338103,Gt,gcb2025v15+ipcc2006_v2_ch1,derived
1938,fossil_extraction_mass,coal,1.3236416740416606,Gt,gcb2025v15+ipcc2006_v2_ch1,derived
1939,fossil_extraction_mass,coal,1.4077147020502483,Gt,gcb2025v15+ipcc2006_v2_ch1,derived
1940,fossil_extraction_mass,coal,1.5551007108674633,Gt,gcb2025v15+ipcc2006_v2_ch1,derived
1941,fossil_extraction_mass,coal,1.592164038300801,Gt,gcb2025v15+ipcc2006_v2_ch1,derived
1942,fossil_extraction_mass,coal,1.602240439139912,Gt,gcb2025v15+ipcc2006_v2_ch1,derived
1943,fossil_extraction_mass,coal,1.60884916129931,Gt,gcb2025v15+ipcc2006_v2_ch1,derived
1944,fossil_extraction_mass,coal,1.5852578875559271,Gt,gcb2025v15+ipcc2006_v2_ch1,derived
1945,fossil_extraction_mass,coal,1.2291148073487717,Gt,gcb2025v15+ipcc2006_v2_ch1,derived
1946,fossil_extraction_mass,coal,1.3258643439533246,Gt,gcb2025v15+ipcc2006_v2_ch1,derived
1947,fossil_extraction_mass,coal,1.484485338512218,Gt,gcb2025v15+ipcc2006_v2_ch1,derived
1948,fossil_extraction_mass,coal,1.5326576486880703,Gt,gcb2025v15+ipcc2006_v2_ch1,derived
1949,fossil_extraction_mass,coal,1.4533957872396217,Gt,gcb2025v15+ipcc2006_v2_ch1,derived
1950,fossil_extraction_mass,coal,1.589702337873052,Gt,gcb2025v15+ipcc2006_v2_ch1,derived
1951,fossil_extraction_mass,coal,1.6733639760230756,Gt,gcb2025v15+ipcc2006_v2_ch1,derived
1952,fossil_extraction_mass,coal,1.6512020014913875,Gt,gcb2025v15+ipcc2006_v2_ch1,derived
1953,fossil_extraction_mass,coal,1.6639218713637185,Gt,gcb2025v15+ipcc2006_v2_ch1,derived
1954,fossil_extraction_mass,coal,1.660879677384991,Gt,gcb2025v15+ipcc2006_v2_ch1,derived
1955,fossil_extraction_mass,coal,1.797074016667486,Gt,gcb2025v15+ipcc2006_v2_ch1,derived
1956,fossil_extraction_mass,coal,1.88811997640002,Gt,gcb2025v15+ipcc2006_v2_ch1,derived
1957,fossil_extraction_mass,coal,1.9222440426438532,Gt,gcb2025v15+ipcc2006_v2_ch1,derived
1958,fossil_extraction_mass,coal,1.9508736540636216,Gt,gcb2025v15+ipcc2006_v2_ch1,derived
1959,fossil_extraction_mass,coal,2.0297343703394137,Gt,gcb2025v15+ipcc2006_v2_ch1,derived
1960,fossil_extraction_mass,coal,2.113477674254716,Gt,gcb2025v15+ipcc2006_v2_ch1,derived
1961,fossil_extraction_mass,coal,2.025741293000312,Gt,gcb2025v15+ipcc2006_v2_ch1,derived
1962,fossil_extraction_mass,coal,2.0193500475277384,Gt,gcb2025v15+ipcc2006_v2_ch1,derived
1963,fossil_extraction_mass,coal,2.092831056508842,Gt,gcb2025v15+ipcc2006_v2_ch1,derived
1964,fossil_extraction_mass,coal,2.1359681191307343,Gt,gcb2025v15+ipcc2006_v2_ch1,derived
1965,fossil_extraction_mass,coal,2.1670552768081026,Gt,gcb2025v15+ipcc2006_v2_ch1,derived
1966,fossil_extraction_mass,coal,2.192002895504532,Gt,gcb2025v15+ipcc2006_v2_ch1,derived
1967,fossil_extraction_mass,coal,2.1559024595604503,Gt,gcb2025v15+ipcc2006_v2_ch1,derived
1968,fossil_extraction_mass,coal,2.179580504203747,Gt,gcb2025v15+ipcc2006_v2_ch1,derived
1969,fossil_extraction_mass,coal,2.2609573532785947,Gt,gcb2025v15+ipcc2006_v2_ch1,derived
1970,fossil_extraction_mass,coal,2.334946978301129,Gt,gcb2025v15+ipcc2006_v2_ch1,derived
1971,fossil_extraction_mass,coal,2.335437314600849,Gt,gcb2025v15+ipcc2006_v2_ch1,derived
1972,fossil_extraction_mass,coal,2.3318435157415145,Gt,gcb2025v15+ipcc2006_v2_ch1,derived
1973,fossil_extraction_mass,coal,2.4013382991625285,Gt,gcb2025v15+ipcc2006_v2_ch1,derived
1974,fossil_extraction_mass,coal,2.400025125374896,Gt,gcb2025v15+ipcc2006_v2_ch1,derived
1975,fossil_extraction_mass,coal,2.4658354011996657,Gt,gcb2025v15+ipcc2006_v2_ch1,derived
1976,fossil_extraction_mass,coal,2.551067609436714,Gt,gcb2025v15+ipcc2006_v2_ch1,derived
1977,fossil_extraction_mass,coal,2.611986629136142,Gt,gcb2025v15+ipcc2006_v2_ch1,derived
1978,fossil_extraction_mass,coal,2.667341862513726,Gt,gcb2025v15+ipcc2006_v2_ch1,derived
1979,fossil_extraction_mass,coal,2.7860603344149992,Gt,gcb2025v15+ipcc2006_v2_ch1,derived
1980,fossil_extraction_mass,coal,2.8619030925807563,Gt,gcb2025v15+ipcc2006_v2_ch1,derived
1981,fossil_extraction_mass,coal,2.844675086451317,Gt,gcb2025v15+ipcc2006_v2_ch1,derived
1982,fossil_extraction_mass,coal,2.89550313478211,Gt,gcb2025v15+ipcc2006_v2_ch1,derived
1983,fossil_extraction_mass,coal,2.97836639502106,Gt,gcb2025v15+ipcc2006_v2_ch1,derived
1984,fossil_extraction_mass,coal,3.108197489224314,Gt,gcb2025v15+ipcc2006_v2_ch1,derived
1985,fossil_extraction_mass,coal,3.337112636642247,Gt,gcb2025v15+ipcc2006_v2_ch1,derived
1986,fossil_extraction_mass,coal,3.384903352754151,Gt,gcb2025v15+ipcc2006_v2_ch1,derived
1987,fossil_extraction_mass,coal,3.502806422390482,Gt,gcb2025v15+ipcc2006_v2_ch1,derived
1988,fossil_extraction_mass,coal,3.620478215907042,Gt,gcb2025v15+ipcc2006_v2_ch1,derived
1989,fossil_extraction_mass,coal,3.616941742055493,Gt,gcb2025v15+ipcc2006_v2_ch1,derived
1990,fossil_extraction_mass,coal,3.5481043668158057,Gt,gcb2025v15+ipcc2006_v2_ch1,derived
1991,fossil_extraction_mass,coal,3.5129923132077945,Gt,gcb2025v15+ipcc2006_v2_ch1,derived
1992,fossil_extraction_mass,coal,3.425755934411722,Gt,gcb2025v15+ipcc2006_v2_ch1,derived
1993,fossil_extraction_mass,coal,3.470356022501926,Gt,gcb2025v15+ipcc2006_v2_ch1,derived
1994,fossil_extraction_mass,coal,3.488268278102824,Gt,gcb2025v15+ipcc2006_v2_ch1,derived
1995,fossil_extraction_mass,coal,3.588524996722225,Gt,gcb2025v15+ipcc2006_v2_ch1,derived
1996,fossil_extraction_mass,coal,3.6780583833194034,Gt,gcb2025v15+ipcc2006_v2_ch1,derived
1997,fossil_extraction_mass,coal,3.657710253699789,Gt,gcb2025v15+ipcc2006_v2_ch1,derived
1998,fossil_extraction_mass,coal,3.5600738560565093,Gt,gcb2025v15+ipcc2006_v2_ch1,derived
1999,fossil_extraction_mass,coal,3.6092780036711085,Gt,gcb2025v15+ipcc2006_v2_ch1,derived
2000,fossil_extraction_mass,coal,3.751674806611273,Gt,gcb2025v15+ipcc2006_v2_ch1,derived
2001,fossil_extraction_mass,coal,3.772894716636347,Gt,gcb2025v15+ipcc2006_v2_ch1,derived
2002,fossil_extraction_mass,coal,3.9456959347394975,Gt,gcb2025v15+ipcc2006_v2_ch1,derived
2003,fossil_extraction_mass,coal,4.288381067161611,Gt,gcb2025v15+ipcc2006_v2_ch1,derived
2004,fossil_extraction_mass,coal,4.430483129701559,Gt,gcb2025v15+ipcc2006_v2_ch1,derived
2005,fossil_extraction_mass,coal,4.71118714497599,Gt,gcb2025v15+ipcc2006_v2_ch1,derived
2006,fossil_extraction_mass,coal,4.972482284855041,Gt,gcb2025v15+ipcc2006_v2_ch1,derived
2007,fossil_extraction_mass,coal,5.213486182539293,Gt,gcb2025v15+ipcc2006_v2_ch1,derived
2008,fossil_extraction_mass,coal,5.387707096792697,Gt,gcb2025v15+ipcc2006_v2_ch1,derived
2009,fossil_extraction_mass,coal,5.327684213825656,Gt,gcb2025v15+ipcc2006_v2_ch1,derived
2010,fossil_extraction_mass,coal,5.702600648589738,Gt,gcb2025v15+ipcc2006_v2_ch1,derived
2011,fossil_extraction_mass,coal,6.024641684284708,Gt,gcb2025v15+ipcc2006_v2_ch1,derived
2012,fossil_extraction_mass,coal,6.091663771571857,Gt,gcb2025v15+ipcc2006_v2_ch1,derived
2013,fossil_extraction_mass,coal,6.126634029860531,Gt,gcb2025v15+ipcc2006_v2_ch1,derived
2014,fossil_extraction_mass,coal,6.151926431568252,Gt,gcb2025v15+ipcc2006_v2_ch1,derived
2015,fossil_extraction_mass,coal,6.004480825015979,Gt,gcb2025v15+ipcc2006_v2_ch1,derived
2016,fossil_extraction_mass,coal,5.868441998131668,Gt,gcb2025v15+ipcc2006_v2_ch1,derived
2017,fossil_extraction_mass,coal,5.938577741858827,Gt,gcb2025v15+ipcc2006_v2_ch1,derived
2018,fossil_extraction_mass,coal,6.048598951931429,Gt,gcb2025v15+ipcc2006_v2_ch1,derived
2019,fossil_extraction_mass,coal,6.024123398397169,Gt,gcb2025v15+ipcc2006_v2_ch1,derived
2020,fossil_extraction_mass,coal,5.845517045249684,Gt,gcb2025v15+ipcc2006_v2_ch1,derived
2021,fossil_extraction_mass,coal,6.1332290128161,Gt,gcb2025v15+ipcc2006_v2_ch1,derived
2022,fossil_extraction_mass,coal,6.329865853778456,Gt,gcb2025v15+ipcc2006_v2_ch1,derived
2023,fossil_extraction_mass,coal,6.406564292738089,Gt,gcb2025v15+ipcc2006_v2_ch1,derived
2024,fossil_extraction_mass,coal,6.475758457479063,Gt,gcb2025v15+ipcc2006_v2_ch1,derived
1900,fossil_extraction_mass,gas,0.0042860962566844,Gt,gcb2025v15+ipcc2006_v2_ch1,derived
1901,fossil_extraction_mass,gas,0.004775935828877,Gt,gcb2025v15+ipcc2006_v2_ch1,derived
1902,fossil_extraction_mass,gas,0.005086167557932201,Gt,gcb2025v15+ipcc2006_v2_ch1,derived
1903,fossil_extraction_mass,gas,0.0053950386215092,Gt,gcb2025v15+ipcc2006_v2_ch1,derived
1904,fossil_extraction_mass,gas,0.0056317713903743,Gt,gcb2025v15+ipcc2006_v2_ch1,derived
1905,fossil_extraction_mass,gas,0.0063760784313725,Gt,gcb2025v15+ipcc2006_v2_ch1,derived
1906,fossil_extraction_mass,gas,0.007065935828877,Gt,gcb2025v15+ipcc2006_v2_ch1,derived
1907,fossil_extraction_mass,gas,0.0073815875668449,Gt,gcb2025v15+ipcc2006_v2_ch1,derived
1908,fossil_extraction_mass,gas,0.0073067736185383,Gt,gcb2025v15+ipcc2006_v2_ch1,derived
1909,fossil_extraction_mass,gas,0.0087354716280451,Gt,gcb2025v15+ipcc2006_v2_ch1,derived
1910,fossil_extraction_mass,gas,0.0092525252525252,Gt,gcb2025v15+ipcc2006_v2_ch1,derived
1911,fossil_extraction_mass,gas,0.0095505247326203,Gt,gcb2025v15+ipcc2006_v2_ch1,derived
1912,fossil_extraction_mass,gas,0.0105152228163992,Gt,gcb2025v15+ipcc2006_v2_ch1,derived
1913,fossil_extraction_mass,gas,0.0109914557338086,Gt,gcb2025v15+ipcc2006_v2_ch1,derived
1914,fossil_extraction_mass,gas,0.0111914969548425,Gt,gcb2025v15+ipcc2006_v2_ch1,derived
1915,fossil_extraction_mass,gas,0.0118336861259655,Gt,gcb2025v15+ipcc2006_v2_ch1,derived
1916,fossil_extraction_mass,gas,0.0142516377005347,Gt,gcb2025v15+ipcc2006_v2_ch1,derived
1917,fossil_extraction_mass,gas,0.0150434952465834,Gt,gcb2025v15+ipcc2006_v2_ch1,derived
1918,fossil_extraction_mass,gas,0.0135617535650623,Gt,gcb2025v15+ipcc2006_v2_ch1,derived
1919,fossil_extraction_mass,gas,0.0140924075311942,Gt,gcb2025v15+ipcc2006_v2_ch1,derived
1920,fossil_extraction_mass,gas,0.0154803156565656,Gt,gcb2025v15+ipcc2006_v2_ch1,derived
1921,fossil_extraction_mass,gas,0.012994786838978,Gt,gcb2025v15+ipcc2006_v2_ch1,derived
1922,fossil_extraction_mass,gas,0.0148941714943553,Gt,gcb2025v15+ipcc2006_v2_ch1,derived
1923,fossil_extraction_mass,gas,0.019506138220439603,Gt,gcb2025v15+ipcc2006_v2_ch1,derived
1924,fossil_extraction_mass,gas,0.0221735984848484,Gt,gcb2025v15+ipcc2006_v2_ch1,derived
1925,fossil_extraction_mass,gas,0.0237383901515151,Gt,gcb2025v15+ipcc2006_v2_ch1,derived
1926,fossil_extraction_mass,gas,0.0256777328431372,Gt,gcb2025v15+ipcc2006_v2_ch1,derived
1927,fossil_extraction_mass,gas,0.0282299090166369,Gt,gcb2025v15+ipcc2006_v2_ch1,derived
1928,fossil_extraction_mass,gas,0.0306830934343434,Gt,gcb2025v15+ipcc2006_v2_ch1,derived
1929,fossil_extraction_mass,gas,0.0382110628342245,Gt,gcb2025v15+ipcc2006_v2_ch1,derived
1930,fossil_extraction_mass,gas,0.0387049680629827,Gt,gcb2025v15+ipcc2006_v2_ch1,derived
1931,fossil_extraction_mass,gas,0.0344951396316102,Gt,gcb2025v15+ipcc2006_v2_ch1,derived
1932,fossil_extraction_mass,gas,0.0327613844325609,Gt,gcb2025v15+ipcc2006_v2_ch1,derived
1933,fossil_extraction_mass,gas,0.0337635795454545,Gt,gcb2025v15+ipcc2006_v2_ch1,derived
1934,fossil_extraction_mass,gas,0.0378608842097445,Gt,gcb2025v15+ipcc2006_v2_ch1,derived
1935,fossil_extraction_mass,gas,0.0413600687017231,Gt,gcb2025v15+ipcc2006_v2_ch1,derived
1936,fossil_extraction_mass,gas,0.0466176006387403,Gt,gcb2025v15+ipcc2006_v2_ch1,derived
1937,fossil_extraction_mass,gas,0.0522050441919191,Gt,gcb2025v15+ipcc2006_v2_ch1,derived
1938,fossil_extraction_mass,gas,0.0503181283422459,Gt,gcb2025v15+ipcc2006_v2_ch1,derived
1939,fossil_extraction_mass,gas,0.0524849171865716,Gt,gcb2025v15+ipcc2006_v2_ch1,derived
1940,fossil_extraction_mass,gas,0.0570111961527034,Gt,gcb2025v15+ipcc2006_v2_ch1,derived
1941,fossil_extraction_mass,gas,0.056990203134284,Gt,gcb2025v15+ipcc2006_v2_ch1,derived
1942,fossil_extraction_mass,gas,0.0616640459744503,Gt,gcb2025v15+ipcc2006_v2_ch1,derived
1943,fossil_extraction_mass,gas,0.0679218267231134,Gt,gcb2025v15+ipcc2006_v2_ch1,derived
1944,fossil_extraction_mass,gas,0.0733811742424242,Gt,gcb2025v15+ipcc2006_v2_ch1,derived
1945,fossil_extraction_mass,gas,0.0804739795008912,Gt,gcb2025v15+ipcc2006_v2_ch1,derived
1946,fossil_extraction_mass,gas,0.0831243976530005,Gt,gcb2025v15+ipcc2006_v2_ch1,derived
1947,fossil_extraction_mass,gas,0.0920575527332144,Gt,gcb2025v15+ipcc2006_v2_ch1,derived
1948,fossil_extraction_mass,gas,0.1040282404931669,Gt,gcb2025v15+ipcc2006_v2_ch1,derived
1949,fossil_extraction_mass,gas,0.1115789367944147,Gt,gcb2025v15+ipcc2006_v2_ch1,derived
1950,fossil_extraction_mass,gas,0.1311482538621509,Gt,gcb2025v15+ipcc2006_v2_ch1,derived
1951,fossil_extraction_mass,gas,0.1545552428698752,Gt,gcb2025v15+ipcc2006_v2_ch1,derived
1952,fossil_extraction_mass,gas,0.1660301381461675,Gt,gcb2025v15+ipcc2006_v2_ch1,derived
1953,fossil_extraction_mass,gas,0.1762218809417706,Gt,gcb2025v15+ipcc2006_v2_ch1,derived
1954,fossil_extraction_mass,gas,0.1861839000297088,Gt,gcb2025v15+ipcc2006_v2_ch1,derived
1955,fossil_extraction_mass,gas,0.2032241963755199,Gt,gcb2025v15+ipcc2006_v2_ch1,derived
1956,fossil_extraction_mass,gas,0.2180785758318478,Gt,gcb2025v15+ipcc2006_v2_ch1,derived
1957,fossil_extraction_mass,gas,0.2401541651812239,Gt,gcb2025v15+ipcc2006_v2_ch1,derived
1958,fossil_extraction_mass,gas,0.2621260802881759,Gt,gcb2025v15+ipcc2006_v2_ch1,derived
1959,fossil_extraction_mass,gas,0.2815879307783719,Gt,gcb2025v15+ipcc2006_v2_ch1,derived
1960,fossil_extraction_mass,gas,0.30994423833927504,Gt,gcb2025v15+ipcc2006_v2_ch1,derived
1961,fossil_extraction_mass,gas,0.3275867543077837,Gt,gcb2025v15+ipcc2006_v2_ch1,derived
1962,fossil_extraction_mass,gas,0.3594102269013666,Gt,gcb2025v15+ipcc2006_v2_ch1,derived
1963,fossil_extraction_mass,gas,0.38879605652109334,Gt,gcb2025v15+ipcc2006_v2_ch1,derived
1964,fossil_extraction_mass,gas,0.4281757869132501,Gt,gcb2025v15+ipcc2006_v2_ch1,derived
1965,fossil_extraction_mass,gas,0.4570211690433749,Gt,gcb2025v15+ipcc2006_v2_ch1,derived
1966,fossil_extraction_mass,gas,0.4976158433600713,Gt,gcb2025v15+ipcc2006_v2_ch1,derived
1967,fossil_extraction_mass,gas,0.5321964999257278,Gt,gcb2025v15+ipcc2006_v2_ch1,derived
1968,fossil_extraction_mass,gas,0.579230101010101,Gt,gcb2025v15+ipcc2006_v2_ch1,derived
1969,fossil_extraction_mass,gas,0.6345513784907901,Gt,gcb2025v15+ipcc2006_v2_ch1,derived
1970,fossil_extraction_mass,gas,0.6650832234105762,Gt,gcb2025v15+ipcc2006_v2_ch1,derived
1971,fossil_extraction_mass,gas,0.7180586092543078,Gt,gcb2025v15+ipcc2006_v2_ch1,derived
1972,fossil_extraction_mass,gas,0.7621616373291741,Gt,gcb2025v15+ipcc2006_v2_ch1,derived
1973,fossil_extraction_mass,gas,0.8180045124034462,Gt,gcb2025v15+ipcc2006_v2_ch1,derived
1974,fossil_extraction_mass,gas,0.8379903628193701,Gt,gcb2025v15+ipcc2006_v2_ch1,derived
1975,fossil_extraction_mass,gas,0.8323181862745098,Gt,gcb2025v15+ipcc2006_v2_ch1,derived
1976,fossil_extraction_mass,gas,0.8760432783719548,Gt,gcb2025v15+ipcc2006_v2_ch1,derived
1977,fossil_extraction_mass,gas,0.8956181298276884,Gt,gcb2025v15+ipcc2006_v2_ch1,derived
1978,fossil_extraction_mass,gas,0.9439012570558527,Gt,gcb2025v15+ipcc2006_v2_ch1,derived
1979,fossil_extraction_mass,gas,0.9908143538324419,Gt,gcb2025v15+ipcc2006_v2_ch1,derived
1980,fossil_extraction_mass,gas,1.0180905247326204,Gt,gcb2025v15+ipcc2006_v2_ch1,derived
1981,fossil_extraction_mass,gas,1.0262080355020795,Gt,gcb2025v15+ipcc2006_v2_ch1,derived
1982,fossil_extraction_mass,gas,1.0032302491830063,Gt,gcb2025v15+ipcc2006_v2_ch1,derived
1983,fossil_extraction_mass,gas,1.0186867205139631,Gt,gcb2025v15+ipcc2006_v2_ch1,derived
1984,fossil_extraction_mass,gas,1.1036939137700532,Gt,gcb2025v15+ipcc2006_v2_ch1,derived
1985,fossil_extraction_mass,gas,1.1473931108882949,Gt,gcb2025v15+ipcc2006_v2_ch1,derived
1986,fossil_extraction_mass,gas,1.1195062284610815,Gt,gcb2025v15+ipcc2006_v2_ch1,derived
1987,fossil_extraction_mass,gas,1.2186449234997028,Gt,gcb2025v15+ipcc2006_v2_ch1,derived
1988,fossil_extraction_mass,gas,1.2759870699643494,Gt,gcb2025v15+ipcc2006_v2_ch1,derived
1989,fossil_extraction_mass,gas,1.3387397794117646,Gt,gcb2025v15+ipcc2006_v2_ch1,derived
1990,fossil_extraction_mass,gas,1.4075244537284612,Gt,gcb2025v15+ipcc2006_v2_ch1,derived
1991,fossil_extraction_mass,gas,1.4303031677064766,Gt,gcb2025v15+ipcc2006_v2_ch1,derived
1992,fossil_extraction_mass,gas,1.4488139200831849,Gt,gcb2025v15+ipcc2006_v2_ch1,derived
1993,fossil_extraction_mass,gas,1.4883408051099227,Gt,gcb2025v15+ipcc2006_v2_ch1,derived
1994,fossil_extraction_mass,gas,1.5003616766934045,Gt,gcb2025v15+ipcc2006_v2_ch1,derived
1995,fossil_extraction_mass,gas,1.5585441206179442,Gt,gcb2025v15+ipcc2006_v2_ch1,derived
1996,fossil_extraction_mass,gas,1.6271534607100415,Gt,gcb2025v15+ipcc2006_v2_ch1,derived
1997,fossil_extraction_mass,gas,1.6321515734551395,Gt,gcb2025v15+ipcc2006_v2_ch1,derived
1998,fossil_extraction_mass,gas,1.6501428260546642,Gt,gcb2025v15+ipcc2006_v2_ch1,derived
1999,fossil_extraction_mass,gas,1.703121670751634,Gt,gcb2025v15+ipcc2006_v2_ch1,derived
2000,fossil_extraction_mass,gas,1.7557274093879975,Gt,gcb2025v15+ipcc2006_v2_ch1,derived
2001,fossil_extraction_mass,gas,1.772027206996435,Gt,gcb2025v15+ipcc2006_v2_ch1,derived
2002,fossil_extraction_mass,gas,1.8247369975490195,Gt,gcb2025v15+ipcc2006_v2_ch1,derived
2003,fossil_extraction_mass,gas,1.8925266532976828,Gt,gcb2025v15+ipcc2006_v2_ch1,derived
2004,fossil_extraction_mass,gas,1.9524921007872849,Gt,gcb2025v15+ipcc2006_v2_ch1,derived
2005,fossil_extraction_mass,gas,1.9965421932560905,Gt,gcb2025v15+ipcc2006_v2_ch1,derived
2006,fossil_extraction_mass,gas,2.053998010620915,Gt,gcb2025v15+ipcc2006_v2_ch1,derived
2007,fossil_extraction_mass,gas,2.130361306446821,Gt,gcb2025v15+ipcc2006_v2_ch1,derived
2008,fossil_extraction_mass,gas,2.193070582664884,Gt,gcb2025v15+ipcc2006_v2_ch1,derived
2009,fossil_extraction_mass,gas,2.1411482854278074,Gt,gcb2025v15+ipcc2006_v2_ch1,derived
2010,fossil_extraction_mass,gas,2.304582485145573,Gt,gcb2025v15+ipcc2006_v2_ch1,derived
2011,fossil_extraction_mass,gas,2.372745942884729,Gt,gcb2025v15+ipcc2006_v2_ch1,derived
2012,fossil_extraction_mass,gas,2.422438715834818,Gt,gcb2025v15+ipcc2006_v2_ch1,derived
2013,fossil_extraction_mass,gas,2.4409965600861554,Gt,gcb2025v15+ipcc2006_v2_ch1,derived
2014,fossil_extraction_mass,gas,2.452828074123589,Gt,gcb2025v15+ipcc2006_v2_ch1,derived
2015,fossil_extraction_mass,gas,2.498881991235888,Gt,gcb2025v15+ipcc2006_v2_ch1,derived
2016,fossil_extraction_mass,gas,2.5679033110516936,Gt,gcb2025v15+ipcc2006_v2_ch1,derived
2017,fossil_extraction_mass,gas,2.6309473310308973,Gt,gcb2025v15+ipcc2006_v2_ch1,derived
2018,fossil_extraction_mass,gas,2.755278114601901,Gt,gcb2025v15+ipcc2006_v2_ch1,derived
2019,fossil_extraction_mass,gas,2.812706442736185,Gt,gcb2025v15+ipcc2006_v2_ch1,derived
2020,fossil_extraction_mass,gas,2.79293656788473,Gt,gcb2025v15+ipcc2006_v2_ch1,derived
2021,fossil_extraction_mass,gas,2.9258386096256683,Gt,gcb2025v15+ipcc2006_v2_ch1,derived
2022,fossil_extraction_mass,gas,2.8812928687611405,Gt,gcb2025v15+ipcc2006_v2_ch1,derived
2023,fossil_extraction_mass,gas,2.89766982694593,Gt,gcb2025v15+ipcc2006_v2_ch1,derived
2024,fossil_extraction_mass,gas,2.9745349398395717,Gt,gcb2025v15+ipcc2006_v2_ch1,derived
1900,fossil_extraction_mass,oil,0.0216966582849774,Gt,gcb2025v15+ipcc2006_v2_ch1,derived
1901,fossil_extraction_mass,oil,0.0240959851708575,Gt,gcb2025v15+ipcc2006_v2_ch1,derived
1902,fossil_extraction_mass,oil,0.0260487540296582,Gt,gcb2025v15+ipcc2006_v2_ch1,derived
1903,fossil_extraction_mass,oil,0.027582325918762,Gt,gcb2025v15+ipcc2006_v2_ch1,derived
1904,fossil_extraction_mass,oil,0.0309713185041908,Gt,gcb2025v15+ipcc2006_v2_ch1,derived
1905,fossil_extraction_mass,oil,0.0312733755641521,Gt,gcb2025v15+ipcc2006_v2_ch1,derived
1906,fossil_extraction_mass,oil,0.031553105093488,Gt,gcb2025v15+ipcc2006_v2_ch1,derived
1907,fossil_extraction_mass,oil,0.0384943939393939,Gt,gcb2025v15+ipcc2006_v2_ch1,derived
1908,fossil_extraction_mass,oil,0.0415148413926499,Gt,gcb2025v15+ipcc2006_v2_ch1,derived
1909,fossil_extraction_mass,oil,0.0433133214055448,Gt,gcb2025v15+ipcc2006_v2_ch1,derived
1910,fossil_extraction_mass,oil,0.046451808833010894,Gt,gcb2025v15+ipcc2006_v2_ch1,derived
1911,fossil_extraction_mass,oil,0.0492632317859445,Gt,gcb2025v15+ipcc2006_v2_ch1,derived
1912,fossil_extraction_mass,oil,0.0506643932946486,Gt,gcb2025v15+ipcc2006_v2_ch1,derived
1913,fossil_extraction_mass,oil,0.0586580383623468,Gt,gcb2025v15+ipcc2006_v2_ch1,derived
1914,fossil_extraction_mass,oil,0.0599623897485493,Gt,gcb2025v15+ipcc2006_v2_ch1,derived
1915,fossil_extraction_mass,oil,0.0636889371373307,Gt,gcb2025v15+ipcc2006_v2_ch1,derived
1916,fossil_extraction_mass,oil,0.0693730712443584,Gt,gcb2025v15+ipcc2006_v2_ch1,derived
1917,fossil_extraction_mass,oil,0.0771647408123791,Gt,gcb2025v15+ipcc2006_v2_ch1,derived
1918,fossil_extraction_mass,oil,0.0789886276595744,Gt,gcb2025v15+ipcc2006_v2_ch1,derived
1919,fossil_extraction_mass,oil,0.088140133784655,Gt,gcb2025v15+ipcc2006_v2_ch1,derived
1920,fossil_extraction_mass,oil,0.116389076402321,Gt,gcb2025v15+ipcc2006_v2_ch1,derived
1921,fossil_extraction_mass,oil,0.1280690506125081,Gt,gcb2025v15+ipcc2006_v2_ch1,derived
1922,fossil_extraction_mass,oil,0.1412983784655061,Gt,gcb2025v15+ipcc2006_v2_ch1,derived
1923,fossil_extraction_mass,oil,0.1565230132172791,Gt,gcb2025v15+ipcc2006_v2_ch1,derived
1924,fossil_extraction_mass,oil,0.15608809606705348,Gt,gcb2025v15+ipcc2006_v2_ch1,derived
1925,fossil_extraction_mass,oil,0.1629669867827208,Gt,gcb2025v15+ipcc2006_v2_ch1,derived
1926,fossil_extraction_mass,oil,0.1632721189555125,Gt,gcb2025v15+ipcc2006_v2_ch1,derived
1927,fossil_extraction_mass,oil,0.17864216827853,Gt,gcb2025v15+ipcc2006_v2_ch1,derived
1928,fossil_extraction_mass,oil,0.1829751573178594,Gt,gcb2025v15+ipcc2006_v2_ch1,derived
1929,fossil_extraction_mass,oil,0.2004185973565442,Gt,gcb2025v15+ipcc2006_v2_ch1,derived
1930,fossil_extraction_mass,oil,0.1933539745325596,Gt,gcb2025v15+ipcc2006_v2_ch1,derived
1931,fossil_extraction_mass,oil,0.1871394806576402,Gt,gcb2025v15+ipcc2006_v2_ch1,derived
1932,fossil_extraction_mass,oil,0.1792346073500967,Gt,gcb2025v15+ipcc2006_v2_ch1,derived
1933,fossil_extraction_mass,oil,0.1958662127659574,Gt,gcb2025v15+ipcc2006_v2_ch1,derived
1934,fossil_extraction_mass,oil,0.2074905454545454,Gt,gcb2025v15+ipcc2006_v2_ch1,derived
1935,fossil_extraction_mass,oil,0.2230688375241779,Gt,gcb2025v15+ipcc2006_v2_ch1,derived
1936,fossil_extraction_mass,oil,0.2428904294003868,Gt,gcb2025v15+ipcc2006_v2_ch1,derived
1937,fossil_extraction_mass,oil,0.2729289816247582,Gt,gcb2025v15+ipcc2006_v2_ch1,derived
1938,fossil_extraction_mass,oil,0.265252411992263,Gt,gcb2025v15+ipcc2006_v2_ch1,derived
1939,fossil_extraction_mass,oil,0.2754673984526112,Gt,gcb2025v15+ipcc2006_v2_ch1,derived
1940,fossil_extraction_mass,oil,0.2904514829142489,Gt,gcb2025v15+ipcc2006_v2_ch1,derived
1941,fossil_extraction_mass,oil,0.2941124883945841,Gt,gcb2025v15+ipcc2006_v2_ch1,derived
1942,fossil_extraction_mass,oil,0.2783712047066408,Gt,gcb2025v15+ipcc2006_v2_ch1,derived
1943,fossil_extraction_mass,oil,0.2987075373952289,Gt,gcb2025v15+ipcc2006_v2_ch1,derived
1944,fossil_extraction_mass,oil,0.3445474361702128,Gt,gcb2025v15+ipcc2006_v2_ch1,derived
1945,fossil_extraction_mass,oil,0.3371336966473243,Gt,gcb2025v15+ipcc2006_v2_ch1,derived
1946,fossil_extraction_mass,oil,0.3573277127659574,Gt,gcb2025v15+ipcc2006_v2_ch1,derived
1947,fossil_extraction_mass,oil,0.4018275361057382,Gt,gcb2025v15+ipcc2006_v2_ch1,derived
1948,fossil_extraction_mass,oil,0.4418286341070278,Gt,gcb2025v15+ipcc2006_v2_ch1,derived
1949,fossil_extraction_mass,oil,0.4171274439071567,Gt,gcb2025v15+ipcc2006_v2_ch1,derived
1950,fossil_extraction_mass,oil,0.5002524429400387,Gt,gcb2025v15+ipcc2006_v2_ch1,derived
1951,fossil_extraction_mass,oil,0.5545376850419085,Gt,gcb2025v15+ipcc2006_v2_ch1,derived
1952,fossil_extraction_mass,oil,0.5864260676982592,Gt,gcb2025v15+ipcc2006_v2_ch1,derived
1953,fossil_extraction_mass,oil,0.6247773368794327,Gt,gcb2025v15+ipcc2006_v2_ch1,derived
1954,fossil_extraction_mass,oil,0.6622282469374597,Gt,gcb2025v15+ipcc2006_v2_ch1,derived
1955,fossil_extraction_mass,oil,0.741308161508704,Gt,gcb2025v15+ipcc2006_v2_ch1,derived
1956,fossil_extraction_mass,oil,0.8056200702772405,Gt,gcb2025v15+ipcc2006_v2_ch1,derived
1957,fossil_extraction_mass,oil,0.8420535615731786,Gt,gcb2025v15+ipcc2006_v2_ch1,derived
1958,fossil_extraction_mass,oil,0.8766071495809156,Gt,gcb2025v15+ipcc2006_v2_ch1,derived
1959,fossil_extraction_mass,oil,0.9341370834945196,Gt,gcb2025v15+ipcc2006_v2_ch1,derived
1960,fossil_extraction_mass,oil,1.0057929326241135,Gt,gcb2025v15+ipcc2006_v2_ch1,derived
1961,fossil_extraction_mass,oil,1.0667623807221147,Gt,gcb2025v15+ipcc2006_v2_ch1,derived
1962,fossil_extraction_mass,oil,1.1470862050290136,Gt,gcb2025v15+ipcc2006_v2_ch1,derived
1963,fossil_extraction_mass,oil,1.2261955157962603,Gt,gcb2025v15+ipcc2006_v2_ch1,derived
1964,fossil_extraction_mass,oil,1.3231272701482917,Gt,gcb2025v15+ipcc2006_v2_ch1,derived
1965,fossil_extraction_mass,oil,1.4214837140554482,Gt,gcb2025v15+ipcc2006_v2_ch1,derived
1966,fossil_extraction_mass,oil,1.5341304258542876,Gt,gcb2025v15+ipcc2006_v2_ch1,derived
1967,fossil_extraction_mass,oil,1.6358930570599617,Gt,gcb2025v15+ipcc2006_v2_ch1,derived
1968,fossil_extraction_mass,oil,1.782139939716312,Gt,gcb2025v15+ipcc2006_v2_ch1,derived
1969,fossil_extraction_mass,oil,1.9272927840103158,Gt,gcb2025v15+ipcc2006_v2_ch1,derived
1970,fossil_extraction_mass,oil,2.191816896840748,Gt,gcb2025v15+ipcc2006_v2_ch1,derived
1971,fossil_extraction_mass,oil,2.321414389426177,Gt,gcb2025v15+ipcc2006_v2_ch1,derived
1972,fossil_extraction_mass,oil,2.5031286470019345,Gt,gcb2025v15+ipcc2006_v2_ch1,derived
1973,fossil_extraction_mass,oil,2.649803630883301,Gt,gcb2025v15+ipcc2006_v2_ch1,derived
1974,fossil_extraction_mass,oil,2.610989765312701,Gt,gcb2025v15+ipcc2006_v2_ch1,derived
1975,fossil_extraction_mass,oil,2.580632477756286,Gt,gcb2025v15+ipcc2006_v2_ch1,derived
1976,fossil_extraction_mass,oil,2.7323152978723404,Gt,gcb2025v15+ipcc2006_v2_ch1,derived
1977,fossil_extraction_mass,oil,2.826371860412637,Gt,gcb2025v15+ipcc2006_v2_ch1,derived
1978,fossil_extraction_mass,oil,2.944462360090264,Gt,gcb2025v15+ipcc2006_v2_ch1,derived
1979,fossil_extraction_mass,oil,2.9736676773049644,Gt,gcb2025v15+ipcc2006_v2_ch1,derived
1980,fossil_extraction_mass,oil,2.8731382366215343,Gt,gcb2025v15+ipcc2006_v2_ch1,derived
1981,fossil_extraction_mass,oil,2.7348174987105094,Gt,gcb2025v15+ipcc2006_v2_ch1,derived
1982,fossil_extraction_mass,oil,2.668039227917473,Gt,gcb2025v15+ipcc2006_v2_ch1,derived
1983,fossil_extraction_mass,oil,2.6481924184397156,Gt,gcb2025v15+ipcc2006_v2_ch1,derived
1984,fossil_extraction_mass,oil,2.6559337185686656,Gt,gcb2025v15+ipcc2006_v2_ch1,derived
1985,fossil_extraction_mass,oil,2.658804953578337,Gt,gcb2025v15+ipcc2006_v2_ch1,derived
1986,fossil_extraction_mass,oil,2.7371352904577693,Gt,gcb2025v15+ipcc2006_v2_ch1,derived
1987,fossil_extraction_mass,oil,2.7657424206963253,Gt,gcb2025v15+ipcc2006_v2_ch1,derived
1988,fossil_extraction_mass,oil,2.865680151837524,Gt,gcb2025v15+ipcc2006_v2_ch1,derived
1989,fossil_extraction_mass,oil,2.9134062624113475,Gt,gcb2025v15+ipcc2006_v2_ch1,derived
1990,fossil_extraction_mass,oil,2.964680822695036,Gt,gcb2025v15+ipcc2006_v2_ch1,derived
1991,fossil_extraction_mass,oil,3.1129876002578984,Gt,gcb2025v15+ipcc2006_v2_ch1,derived
1992,fossil_extraction_mass,oil,2.951210517085751,Gt,gcb2025v15+ipcc2006_v2_ch1,derived
1993,fossil_extraction_mass,oil,2.956905571566732,Gt,gcb2025v15+ipcc2006_v2_ch1,derived
1994,fossil_extraction_mass,oil,2.96461498774984,Gt,gcb2025v15+ipcc2006_v2_ch1,derived
1995,fossil_extraction_mass,oil,2.992875972920696,Gt,gcb2025v15+ipcc2006_v2_ch1,derived
1996,fossil_extraction_mass,oil,3.08257152901354,Gt,gcb2025v15+ipcc2006_v2_ch1,derived
1997,fossil_extraction_mass,oil,3.1277275731785945,Gt,gcb2025v15+ipcc2006_v2_ch1,derived
1998,fossil_extraction_mass,oil,3.166336103481625,Gt,gcb2025v15+ipcc2006_v2_ch1,derived
1999,fossil_extraction_mass,oil,3.2444190760799487,Gt,gcb2025v15+ipcc2006_v2_ch1,derived
2000,fossil_extraction_mass,oil,3.291948441328176,Gt,gcb2025v15+ipcc2006_v2_ch1,derived
2001,fossil_extraction_mass,oil,3.315142017408124,Gt,gcb2025v15+ipcc2006_v2_ch1,derived
2002,fossil_extraction_mass,oil,3.31055862346873,Gt,gcb2025v15+ipcc2006_v2_ch1,derived
2003,fossil_extraction_mass,oil,3.39808167666022,Gt,gcb2025v15+ipcc2006_v2_ch1,derived
2004,fossil_extraction_mass,oil,3.5217841108961965,Gt,gcb2025v15+ipcc2006_v2_ch1,derived
2005,fossil_extraction_mass,oil,3.5558685938104446,Gt,gcb2025v15+ipcc2006_v2_ch1,derived
2006,fossil_extraction_mass,oil,3.592175298839458,Gt,gcb2025v15+ipcc2006_v2_ch1,derived
2007,fossil_extraction_mass,oil,3.6055165931657,Gt,gcb2025v15+ipcc2006_v2_ch1,derived
2008,fossil_extraction_mass,oil,3.592308132172792,Gt,gcb2025v15+ipcc2006_v2_ch1,derived
2009,fossil_extraction_mass,oil,3.5137318826563506,Gt,gcb2025v15+ipcc2006_v2_ch1,derived
2010,fossil_extraction_mass,oil,3.627883471631206,Gt,gcb2025v15+ipcc2006_v2_ch1,derived
2011,fossil_extraction_mass,oil,3.646082793359124,Gt,gcb2025v15+ipcc2006_v2_ch1,derived
2012,fossil_extraction_mass,oil,3.685595319793682,Gt,gcb2025v15+ipcc2006_v2_ch1,derived
2013,fossil_extraction_mass,oil,3.712645312701484,Gt,gcb2025v15+ipcc2006_v2_ch1,derived
2014,fossil_extraction_mass,oil,3.727218510960671,Gt,gcb2025v15+ipcc2006_v2_ch1,derived
2015,fossil_extraction_mass,oil,3.7943335454545455,Gt,gcb2025v15+ipcc2006_v2_ch1,derived
2016,fossil_extraction_mass,oil,3.836319668923275,Gt,gcb2025v15+ipcc2006_v2_ch1,derived
2017,fossil_extraction_mass,oil,3.895967822695036,Gt,gcb2025v15+ipcc2006_v2_ch1,derived
2018,fossil_extraction_mass,oil,3.9145158936170215,Gt,gcb2025v15+ipcc2006_v2_ch1,derived
2019,fossil_extraction_mass,oil,3.973535780786589,Gt,gcb2025v15+ipcc2006_v2_ch1,derived
2020,fossil_extraction_mass,oil,3.5242880212765963,Gt,gcb2025v15+ipcc2006_v2_ch1,derived
2021,fossil_extraction_mass,oil,3.711530108639588,Gt,gcb2025v15+ipcc2006_v2_ch1,derived
2022,fossil_extraction_mass,oil,3.8410419693745976,Gt,gcb2025v15+ipcc2006_v2_ch1,derived
2023,fossil_extraction_mass,oil,3.958169389426177,Gt,gcb2025v15+ipcc2006_v2_ch1,derived
2024,fossil_extraction_mass,oil,4.02017908349452,Gt,gcb2025v15+ipcc2006_v2_ch1,derived
2025,identified_resources_gt,copper,2.1,Gt (contained metal),usgs_mcs2026:p73,transcribed
2025,identified_resources_gt,lead,2.0,Gt (contained metal),usgs_mcs2026:p115,transcribed
2025,identified_resources_gt,lithium,0.15000000000000002,Gt (contained metal),usgs_mcs2026:p119,transcribed
2025,identified_resources_gt,molybdenum,0.025400000000000002,Gt (contained metal),usgs_mcs2026:p131,transcribed
2025,identified_resources_gt,nickel,0.35000000000000003,Gt (contained metal),usgs_mcs2026:p133,transcribed
2025,identified_resources_gt,vanadium,0.063,Gt (contained metal),usgs_mcs2026:p203,transcribed
2025,identified_resources_gt,zinc,1.9000000000000001,Gt (contained metal),usgs_mcs2026:p213,transcribed
1850,price_index_jacks_metals_group_unweighted,index,143.08333333333334,index_1900=100,jacks2019,derived
1851,price_index_jacks_metals_group_unweighted,index,145.335,index_1900=100,jacks2019,derived
1852,price_index_jacks_metals_group_unweighted,index,150.10833333333335,index_1900=100,jacks2019,derived
1853,price_index_jacks_metals_group_unweighted,index,168.99,index_1900=100,jacks2019,derived
1854,price_index_jacks_metals_group_unweighted,index,161.87666666666667,index_1900=100,jacks2019,derived
1855,price_index_jacks_metals_group_unweighted,index,144.855,index_1900=100,jacks2019,derived
1856,price_index_jacks_metals_group_unweighted,index,151.64499999999998,index_1900=100,jacks2019,derived
1857,price_index_jacks_metals_group_unweighted,index,149.045,index_1900=100,jacks2019,derived
1858,price_index_jacks_metals_group_unweighted,index,137.5,index_1900=100,jacks2019,derived
1859,price_index_jacks_metals_group_unweighted,index,133.72333333333333,index_1900=100,jacks2019,derived
1860,price_index_jacks_metals_group_unweighted,index,131.27,index_1900=100,jacks2019,derived
1861,price_index_jacks_metals_group_unweighted,index,117.44999999999999,index_1900=100,jacks2019,derived
1862,price_index_jacks_metals_group_unweighted,index,102.395,index_1900=100,jacks2019,derived
1863,price_index_jacks_metals_group_unweighted,index,104.57166666666666,index_1900=100,jacks2019,derived
1864,price_index_jacks_metals_group_unweighted,index,106.36666666666667,index_1900=100,jacks2019,derived
1865,price_index_jacks_metals_group_unweighted,index,84.44833333333334,index_1900=100,jacks2019,derived
1866,price_index_jacks_metals_group_unweighted,index,85.68166666666667,index_1900=100,jacks2019,derived
1867,price_index_jacks_metals_group_unweighted,index,86.96833333333332,index_1900=100,jacks2019,derived
1868,price_index_jacks_metals_group_unweighted,index,82.59500000000001,index_1900=100,jacks2019,derived
1869,price_index_jacks_metals_group_unweighted,index,93.73666666666668,index_1900=100,jacks2019,derived
1870,price_index_jacks_metals_group_unweighted,index,90.42999999999999,index_1900=100,jacks2019,derived
1871,price_index_jacks_metals_group_unweighted,index,93.88,index_1900=100,jacks2019,derived
1872,price_index_jacks_metals_group_unweighted,index,120.88499999999999,index_1900=100,jacks2019,derived
1873,price_index_jacks_metals_group_unweighted,index,162.9366666666667,index_1900=100,jacks2019,derived
1874,price_index_jacks_metals_group_unweighted,index,144.595,index_1900=100,jacks2019,derived
1875,price_index_jacks_metals_group_unweighted,index,144.91333333333333,index_1900=100,jacks2019,derived
1876,price_index_jacks_metals_group_unweighted,index,135.37666666666667,index_1900=100,jacks2019,derived
1877,price_index_jacks_metals_group_unweighted,index,108.00333333333334,index_1900=100,jacks2019,derived
1878,price_index_jacks_metals_group_unweighted,index,86.35333333333334,index_1900=100,jacks2019,derived
1879,price_index_jacks_metals_group_unweighted,index,83.79333333333334,index_1900=100,jacks2019,derived
1880,price_index_jacks_metals_group_unweighted,index,87.755,index_1900=100,jacks2019,derived
1881,price_index_jacks_metals_group_unweighted,index,84.88499999999999,index_1900=100,jacks2019,derived
1882,price_index_jacks_metals_group_unweighted,index,88.27999999999999,index_1900=100,jacks2019,derived
1883,price_index_jacks_metals_group_unweighted,index,87.495,index_1900=100,jacks2019,derived
1884,price_index_jacks_metals_group_unweighted,index,73.225,index_1900=100,jacks2019,derived
1885,price_index_jacks_metals_group_unweighted,index,71.75333333333333,index_1900=100,jacks2019,derived
1886,price_index_jacks_metals_group_unweighted,index,71.78666666666668,index_1900=100,jacks2019,derived
1887,price_index_jacks_metals_group_unweighted,index,77.84666666666666,index_1900=100,jacks2019,derived
1888,price_index_jacks_metals_group_unweighted,index,87.57833333333333,index_1900=100,jacks2019,derived
1889,price_index_jacks_metals_group_unweighted,index,82.97666666666667,index_1900=100,jacks2019,derived
1890,price_index_jacks_metals_group_unweighted,index,86.805,index_1900=100,jacks2019,derived
1891,price_index_jacks_metals_group_unweighted,index,80.17166666666667,index_1900=100,jacks2019,derived
1892,price_index_jacks_metals_group_unweighted,index,80.89333333333333,index_1900=100,jacks2019,derived
1893,price_index_jacks_metals_group_unweighted,index,70.44,index_1900=100,jacks2019,derived
1894,price_index_jacks_metals_group_unweighted,index,70.48333333333333,index_1900=100,jacks2019,derived
1895,price_index_jacks_metals_group_unweighted,index,65.41833333333334,index_1900=100,jacks2019,derived
1896,price_index_jacks_metals_group_unweighted,index,69.05833333333332,index_1900=100,jacks2019,derived
1897,price_index_jacks_metals_group_unweighted,index,71.58666666666666,index_1900=100,jacks2019,derived
1898,price_index_jacks_metals_group_unweighted,index,75.60833333333333,index_1900=100,jacks2019,derived
1899,price_index_jacks_metals_group_unweighted,index,104.41833333333335,index_1900=100,jacks2019,derived
1900,price_index_jacks_metals_group_unweighted,index,100.0,index_1900=100,jacks2019,derived
1901,price_index_jacks_metals_group_unweighted,index,98.35777777777778,index_1900=100,jacks2019,derived
1902,price_index_jacks_metals_group_unweighted,index,92.01111111111112,index_1900=100,jacks2019,derived
1903,price_index_jacks_metals_group_unweighted,index,98.75666666666666,index_1900=100,jacks2019,derived
1904,price_index_jacks_metals_group_unweighted,index,87.96333333333332,index_1900=100,jacks2019,derived
1905,price_index_jacks_metals_group_unweighted,index,97.36333333333333,index_1900=100,jacks2019,derived
1906,price_index_jacks_metals_group_unweighted,index,112.47111111111113,index_1900=100,jacks2019,derived
1907,price_index_jacks_metals_group_unweighted,index,109.08333333333333,index_1900=100,jacks2019,derived
1908,price_index_jacks_metals_group_unweighted,index,84.82222222222224,index_1900=100,jacks2019,derived
1909,price_index_jacks_metals_group_unweighted,index,83.97888888888889,index_1900=100,jacks2019,derived
1910,price_index_jacks_metals_group_unweighted,index,81.58666666666667,index_1900=100,jacks2019,derived
1911,price_index_jacks_metals_group_unweighted,index,83.29888888888888,index_1900=100,jacks2019,derived
1912,price_index_jacks_metals_group_unweighted,index,86.42333333333335,index_1900=100,jacks2019,derived
1913,price_index_jacks_metals_group_unweighted,index,83.32333333333334,index_1900=100,jacks2019,derived
1914,price_index_jacks_metals_group_unweighted,index,72.91444444444444,index_1900=100,jacks2019,derived
1915,price_index_jacks_metals_group_unweighted,index,101.53222222222223,index_1900=100,jacks2019,derived
1916,price_index_jacks_metals_group_unweighted,index,125.39444444444445,index_1900=100,jacks2019,derived
1917,price_index_jacks_metals_group_unweighted,index,108.70555555555556,index_1900=100,jacks2019,derived
1918,price_index_jacks_metals_group_unweighted,index,101.49555555555554,index_1900=100,jacks2019,derived
1919,price_index_jacks_metals_group_unweighted,index,74.4411111111111,index_1900=100,jacks2019,derived
1920,price_index_jacks_metals_group_unweighted,index,59.1011111111111,index_1900=100,jacks2019,derived
1921,price_index_jacks_metals_group_unweighted,index,39.33,index_1900=100,jacks2019,derived
1922,price_index_jacks_metals_group_unweighted,index,47.42333333333334,index_1900=100,jacks2019,derived
1923,price_index_jacks_metals_group_unweighted,index,56.97888888888888,index_1900=100,jacks2019,derived
1924,price_index_jacks_metals_group_unweighted,index,56.25333333333333,index_1900=100,jacks2019,derived
1925,price_index_jacks_metals_group_unweighted,index,59.68444444444444,index_1900=100,jacks2019,derived
1926,price_index_jacks_metals_group_unweighted,index,59.00888888888889,index_1900=100,jacks2019,derived
1927,price_index_jacks_metals_group_unweighted,index,54.614444444444445,index_1900=100,jacks2019,derived
1928,price_index_jacks_metals_group_unweighted,index,53.20333333333333,index_1900=100,jacks2019,derived
1929,price_index_jacks_metals_group_unweighted,index,55.134444444444455,index_1900=100,jacks2019,derived
1930,price_index_jacks_metals_group_unweighted,index,47.10333333333333,index_1900=100,jacks2019,derived
1931,price_index_jacks_metals_group_unweighted,index,44.50444444444444,index_1900=100,jacks2019,derived
1932,price_index_jacks_metals_group_unweighted,index,48.48888888888889,index_1900=100,jacks2019,derived
1933,price_index_jacks_metals_group_unweighted,index,58.32888888888888,index_1900=100,jacks2019,derived
1934,price_index_jacks_metals_group_unweighted,index,57.64555555555556,index_1900=100,jacks2019,derived
1935,price_index_jacks_metals_group_unweighted,index,57.47,index_1900=100,jacks2019,derived
1936,price_index_jacks_metals_group_unweighted,index,57.63555555555555,index_1900=100,jacks2019,derived
1937,price_index_jacks_metals_group_unweighted,index,64.55888888888889,index_1900=100,jacks2019,derived
1938,price_index_jacks_metals_group_unweighted,index,59.291111111111114,index_1900=100,jacks2019,derived
1939,price_index_jacks_metals_group_unweighted,index,62.59111111111112,index_1900=100,jacks2019,derived
1940,price_index_jacks_metals_group_unweighted,index,62.63777777777778,index_1900=100,jacks2019,derived
1941,price_index_jacks_metals_group_unweighted,index,62.92888888888889,index_1900=100,jacks2019,derived
1942,price_index_jacks_metals_group_unweighted,index,59.683333333333344,index_1900=100,jacks2019,derived
1943,price_index_jacks_metals_group_unweighted,index,57.34999999999999,index_1900=100,jacks2019,derived
1944,price_index_jacks_metals_group_unweighted,index,58.609999999999985,index_1900=100,jacks2019,derived
1945,price_index_jacks_metals_group_unweighted,index,58.705555555555556,index_1900=100,jacks2019,derived
1946,price_index_jacks_metals_group_unweighted,index,56.64111111111111,index_1900=100,jacks2019,derived
1947,price_index_jacks_metals_group_unweighted,index,64.09,index_1900=100,jacks2019,derived
1948,price_index_jacks_metals_group_unweighted,index,70.19777777777777,index_1900=100,jacks2019,derived
1949,price_index_jacks_metals_group_unweighted,index,68.47888888888889,index_1900=100,jacks2019,derived
1950,price_index_jacks_metals_group_unweighted,index,70.15555555555554,index_1900=100,jacks2019,derived
1951,price_index_jacks_metals_group_unweighted,index,78.00888888888889,index_1900=100,jacks2019,derived
1952,price_index_jacks_metals_group_unweighted,index,76.3,index_1900=100,jacks2019,derived
1953,price_index_jacks_metals_group_unweighted,index,71.1222222222222,index_1900=100,jacks2019,derived
1954,price_index_jacks_metals_group_unweighted,index,68.72666666666666,index_1900=100,jacks2019,derived
1955,price_index_jacks_metals_group_unweighted,index,73.12333333333332,index_1900=100,jacks2019,derived
1956,price_index_jacks_metals_group_unweighted,index,78.46222222222222,index_1900=100,jacks2019,derived
1957,price_index_jacks_metals_group_unweighted,index,76.32777777777778,index_1900=100,jacks2019,derived
1958,price_index_jacks_metals_group_unweighted,index,69.24333333333334,index_1900=100,jacks2019,derived
1959,price_index_jacks_metals_group_unweighted,index,72.34222222222222,index_1900=100,jacks2019,derived
1960,price_index_jacks_metals_group_unweighted,index,68.70333333333332,index_1900=100,jacks2019,derived
1961,price_index_jacks_metals_group_unweighted,index,67.5111111111111,index_1900=100,jacks2019,derived
1962,price_index_jacks_metals_group_unweighted,index,67.14111111111112,index_1900=100,jacks2019,derived
1963,price_index_jacks_metals_group_unweighted,index,65.6422222222222,index_1900=100,jacks2019,derived
1964,price_index_jacks_metals_group_unweighted,index,73.03666666666668,index_1900=100,jacks2019,derived
1965,price_index_jacks_metals_group_unweighted,index,76.64222222222222,index_1900=100,jacks2019,derived
1966,price_index_jacks_metals_group_unweighted,index,72.76666666666667,index_1900=100,jacks2019,derived
1967,price_index_jacks_metals_group_unweighted,index,69.94555555555557,index_1900=100,jacks2019,derived
1968,price_index_jacks_metals_group_unweighted,index,66.72,index_1900=100,jacks2019,derived
1969,price_index_jacks_metals_group_unweighted,index,67.68222222222224,index_1900=100,jacks2019,derived
1970,price_index_jacks_metals_group_unweighted,index,68.58444444444444,index_1900=100,jacks2019,derived
1971,price_index_jacks_metals_group_unweighted,index,68.23333333333333,index_1900=100,jacks2019,derived
1972,price_index_jacks_metals_group_unweighted,index,68.85333333333332,index_1900=100,jacks2019,derived
1973,price_index_jacks_metals_group_unweighted,index,74.64777777777779,index_1900=100,jacks2019,derived
1974,price_index_jacks_metals_group_unweighted,index,101.19777777777776,index_1900=100,jacks2019,derived
1975,price_index_jacks_metals_group_unweighted,index,102.73,index_1900=100,jacks2019,derived
1976,price_index_jacks_metals_group_unweighted,index,100.47333333333333,index_1900=100,jacks2019,derived
1977,price_index_jacks_metals_group_unweighted,index,106.36444444444444,index_1900=100,jacks2019,derived
1978,price_index_jacks_metals_group_unweighted,index,103.89666666666666,index_1900=100,jacks2019,derived
1979,price_index_jacks_metals_group_unweighted,index,112.31444444444443,index_1900=100,jacks2019,derived
1980,price_index_jacks_metals_group_unweighted,index,106.89111111111114,index_1900=100,jacks2019,derived
1981,price_index_jacks_metals_group_unweighted,index,91.13444444444445,index_1900=100,jacks2019,derived
1982,price_index_jacks_metals_group_unweighted,index,82.00111111111111,index_1900=100,jacks2019,derived
1983,price_index_jacks_metals_group_unweighted,index,77.42222222222222,index_1900=100,jacks2019,derived
1984,price_index_jacks_metals_group_unweighted,index,77.78333333333335,index_1900=100,jacks2019,derived
1985,price_index_jacks_metals_group_unweighted,index,73.64,index_1900=100,jacks2019,derived
1986,price_index_jacks_metals_group_unweighted,index,62.04111111111112,index_1900=100,jacks2019,derived
1987,price_index_jacks_metals_group_unweighted,index,61.5,index_1900=100,jacks2019,derived
1988,price_index_jacks_metals_group_unweighted,index,80.89777777777778,index_1900=100,jacks2019,derived
1989,price_index_jacks_metals_group_unweighted,index,89.57111111111112,index_1900=100,jacks2019,derived
1990,price_index_jacks_metals_group_unweighted,index,77.23333333333333,index_1900=100,jacks2019,derived
1991,price_index_jacks_metals_group_unweighted,index,71.11555555555555,index_1900=100,jacks2019,derived
1992,price_index_jacks_metals_group_unweighted,index,63.82666666666667,index_1900=100,jacks2019,derived
1993,price_index_jacks_metals_group_unweighted,index,53.3688888888889,index_1900=100,jacks2019,derived
1994,price_index_jacks_metals_group_unweighted,index,55.14333333333333,index_1900=100,jacks2019,derived
1995,price_index_jacks_metals_group_unweighted,index,62.76888888888889,index_1900=100,jacks2019,derived
1996,price_index_jacks_metals_group_unweighted,index,58.58222222222223,index_1900=100,jacks2019,derived
1997,price_index_jacks_metals_group_unweighted,index,58.22222222222222,index_1900=100,jacks2019,derived
1998,price_index_jacks_metals_group_unweighted,index,50.08888888888888,index_1900=100,jacks2019,derived
1999,price_index_jacks_metals_group_unweighted,index,45.50222222222223,index_1900=100,jacks2019,derived
2000,price_index_jacks_metals_group_unweighted,index,48.49,index_1900=100,jacks2019,derived
2001,price_index_jacks_metals_group_unweighted,index,41.47555555555555,index_1900=100,jacks2019,derived
2002,price_index_jacks_metals_group_unweighted,index,38.80222222222222,index_1900=100,jacks2019,derived
2003,price_index_jacks_metals_group_unweighted,index,46.17666666666667,index_1900=100,jacks2019,derived
2004,price_index_jacks_metals_group_unweighted,index,72.06,index_1900=100,jacks2019,derived
2005,price_index_jacks_metals_group_unweighted,index,68.64555555555555,index_1900=100,jacks2019,derived
2006,price_index_jacks_metals_group_unweighted,index,83.87888888888888,index_1900=100,jacks2019,derived
2007,price_index_jacks_metals_group_unweighted,index,117.1233333333333,index_1900=100,jacks2019,derived
2008,price_index_jacks_metals_group_unweighted,index,129.54444444444442,index_1900=100,jacks2019,derived
2009,price_index_jacks_metals_group_unweighted,index,85.52666666666667,index_1900=100,jacks2019,derived
2010,price_index_jacks_metals_group_unweighted,index,106.41444444444443,index_1900=100,jacks2019,derived
2011,price_index_jacks_metals_group_unweighted,index,117.68,index_1900=100,jacks2019,derived
2012,price_index_jacks_metals_group_unweighted,index,99.96666666666665,index_1900=100,jacks2019,derived
2013,price_index_jacks_metals_group_unweighted,index,90.79000000000002,index_1900=100,jacks2019,derived
2014,price_index_jacks_metals_group_unweighted,index,92.58555555555556,index_1900=100,jacks2019,derived
2015,price_index_jacks_metals_group_unweighted,index,81.37666666666668,index_1900=100,jacks2019,derived
2016,price_index_jacks_metals_group_unweighted,index,73.78888888888889,index_1900=100,jacks2019,derived
2017,price_index_jacks_metals_group_unweighted,index,84.7688888888889,index_1900=100,jacks2019,derived
2018,price_index_jacks_metals_group_unweighted,index,86.91888888888889,index_1900=100,jacks2019,derived
2019,price_index_jacks_metals_group_unweighted,index,79.32777777777777,index_1900=100,jacks2019,derived
2020,price_index_jacks_metals_group_unweighted,index,74.0311111111111,index_1900=100,jacks2019,derived
2021,price_index_jacks_metals_group_unweighted,index,104.3088888888889,index_1900=100,jacks2019,derived
2022,price_index_jacks_metals_group_unweighted,index,104.02555555555554,index_1900=100,jacks2019,derived
2023,price_index_jacks_metals_group_unweighted,index,90.30666666666667,index_1900=100,jacks2019,derived
2024,price_index_jacks_metals_group_unweighted,index,87.22444444444443,index_1900=100,jacks2019,derived
2025,price_index_jacks_metals_group_unweighted,index,88.58444444444444,index_1900=100,jacks2019,derived
1850,price_index_jacks_metals_group_weighted,index,60.55973246222638,index_1900=100,jacks2019|usgs_ds140|gcb2025v15,derived
1851,price_index_jacks_metals_group_weighted,index,62.27865871465479,index_1900=100,jacks2019|usgs_ds140|gcb2025v15,derived
1852,price_index_jacks_metals_group_weighted,index,64.5945118049035,index_1900=100,jacks2019|usgs_ds140|gcb2025v15,derived
1853,price_index_jacks_metals_group_weighted,index,71.101861404297,index_1900=100,jacks2019|usgs_ds140|gcb2025v15,derived
1854,price_index_jacks_metals_group_weighted,index,67.45699970589781,index_1900=100,jacks2019|usgs_ds140|gcb2025v15,derived
1855,price_index_jacks_metals_group_weighted,index,48.16711176603753,index_1900=100,jacks2019|usgs_ds140|gcb2025v15,derived
1856,price_index_jacks_metals_group_weighted,index,47.595804525401135,index_1900=100,jacks2019|usgs_ds140|gcb2025v15,derived
1857,price_index_jacks_metals_group_weighted,index,46.62502715443717,index_1900=100,jacks2019|usgs_ds140|gcb2025v15,derived
1858,price_index_jacks_metals_group_weighted,index,48.63922723713767,index_1900=100,jacks2019|usgs_ds140|gcb2025v15,derived
1859,price_index_jacks_metals_group_weighted,index,47.83333164378582,index_1900=100,jacks2019|usgs_ds140|gcb2025v15,derived
1860,price_index_jacks_metals_group_weighted,index,47.68953720289499,index_1900=100,jacks2019|usgs_ds140|gcb2025v15,derived
1861,price_index_jacks_metals_group_weighted,index,45.993090613780225,index_1900=100,jacks2019|usgs_ds140|gcb2025v15,derived
1862,price_index_jacks_metals_group_weighted,index,45.38603264487126,index_1900=100,jacks2019|usgs_ds140|gcb2025v15,derived
1863,price_index_jacks_metals_group_weighted,index,54.78720118378412,index_1900=100,jacks2019|usgs_ds140|gcb2025v15,derived
1864,price_index_jacks_metals_group_weighted,index,55.77267635695103,index_1900=100,jacks2019|usgs_ds140|gcb2025v15,derived
1865,price_index_jacks_metals_group_weighted,index,47.36811014558792,index_1900=100,jacks2019|usgs_ds140|gcb2025v15,derived
1866,price_index_jacks_metals_group_weighted,index,53.681018539893,index_1900=100,jacks2019|usgs_ds140|gcb2025v15,derived
1867,price_index_jacks_metals_group_weighted,index,57.26131396026767,index_1900=100,jacks2019|usgs_ds140|gcb2025v15,derived
1868,price_index_jacks_metals_group_weighted,index,53.9635119929782,index_1900=100,jacks2019|usgs_ds140|gcb2025v15,derived
1869,price_index_jacks_metals_group_weighted,index,53.02542194925566,index_1900=100,jacks2019|usgs_ds140|gcb2025v15,derived
1870,price_index_jacks_metals_group_weighted,index,51.744606582493205,index_1900=100,jacks2019|usgs_ds140|gcb2025v15,derived
1871,price_index_jacks_metals_group_weighted,index,50.09255547895031,index_1900=100,jacks2019|usgs_ds140|gcb2025v15,derived
1872,price_index_jacks_metals_group_weighted,index,50.45035101654322,index_1900=100,jacks2019|usgs_ds140|gcb2025v15,derived
1873,price_index_jacks_metals_group_weighted,index,55.006859675002474,index_1900=100,jacks2019|usgs_ds140|gcb2025v15,derived
1874,price_index_jacks_metals_group_weighted,index,55.93684697608944,index_1900=100,jacks2019|usgs_ds140|gcb2025v15,derived
1875,price_index_jacks_metals_group_weighted,index,56.09760753773196,index_1900=100,jacks2019|usgs_ds140|gcb2025v15,derived
1876,price_index_jacks_metals_group_weighted,index,57.27755788817078,index_1900=100,jacks2019|usgs_ds140|gcb2025v15,derived
1877,price_index_jacks_metals_group_weighted,index,57.97532604594113,index_1900=100,jacks2019|usgs_ds140|gcb2025v15,derived
1878,price_index_jacks_metals_group_weighted,index,60.163043166029595,index_1900=100,jacks2019|usgs_ds140|gcb2025v15,derived
1879,price_index_jacks_metals_group_weighted,index,57.826881402791045,index_1900=100,jacks2019|usgs_ds140|gcb2025v15,derived
1880,price_index_jacks_metals_group_weighted,index,51.480461808028856,index_1900=100,jacks2019|usgs_ds140|gcb2025v15,derived
1881,price_index_jacks_metals_group_weighted,index,51.77456292430265,index_1900=100,jacks2019|usgs_ds140|gcb2025v15,derived
1882,price_index_jacks_metals_group_weighted,index,51.856885410567756,index_1900=100,jacks2019|usgs_ds140|gcb2025v15,derived
1883,price_index_jacks_metals_group_weighted,index,52.644022134389246,index_1900=100,jacks2019|usgs_ds140|gcb2025v15,derived
1884,price_index_jacks_metals_group_weighted,index,53.41043362349879,index_1900=100,jacks2019|usgs_ds140|gcb2025v15,derived
1885,price_index_jacks_metals_group_weighted,index,53.73974536668725,index_1900=100,jacks2019|usgs_ds140|gcb2025v15,derived
1886,price_index_jacks_metals_group_weighted,index,59.39676502764083,index_1900=100,jacks2019|usgs_ds140|gcb2025v15,derived
1887,price_index_jacks_metals_group_weighted,index,60.155042163553105,index_1900=100,jacks2019|usgs_ds140|gcb2025v15,derived
1888,price_index_jacks_metals_group_weighted,index,65.1499594290794,index_1900=100,jacks2019|usgs_ds140|gcb2025v15,derived
1889,price_index_jacks_metals_group_weighted,index,66.76124124844952,index_1900=100,jacks2019|usgs_ds140|gcb2025v15,derived
1890,price_index_jacks_metals_group_weighted,index,67.71819516928639,index_1900=100,jacks2019|usgs_ds140|gcb2025v15,derived
1891,price_index_jacks_metals_group_weighted,index,67.46787979245889,index_1900=100,jacks2019|usgs_ds140|gcb2025v15,derived
1892,price_index_jacks_metals_group_weighted,index,63.29930277193573,index_1900=100,jacks2019|usgs_ds140|gcb2025v15,derived
1893,price_index_jacks_metals_group_weighted,index,63.74868932245397,index_1900=100,jacks2019|usgs_ds140|gcb2025v15,derived
1894,price_index_jacks_metals_group_weighted,index,66.43750578956548,index_1900=100,jacks2019|usgs_ds140|gcb2025v15,derived
1895,price_index_jacks_metals_group_weighted,index,68.13579320571634,index_1900=100,jacks2019|usgs_ds140|gcb2025v15,derived
1896,price_index_jacks_metals_group_weighted,index,68.34962179940385,index_1900=100,jacks2019|usgs_ds140|gcb2025v15,derived
1897,price_index_jacks_metals_group_weighted,index,62.947416761477946,index_1900=100,jacks2019|usgs_ds140|gcb2025v15,derived
1898,price_index_jacks_metals_group_weighted,index,60.73745819495839,index_1900=100,jacks2019|usgs_ds140|gcb2025v15,derived
1899,price_index_jacks_metals_group_weighted,index,122.28644977990399,index_1900=100,jacks2019|usgs_ds140|gcb2025v15,derived
1900,price_index_jacks_metals_group_weighted,index,100.0,index_1900=100,jacks2019|usgs_ds140|gcb2025v15,derived
1901,price_index_jacks_metals_group_weighted,index,89.3516574629867,index_1900=100,jacks2019|usgs_ds140|gcb2025v15,derived
1902,price_index_jacks_metals_group_weighted,index,95.66003795828232,index_1900=100,jacks2019|usgs_ds140|gcb2025v15,derived
1903,price_index_jacks_metals_group_weighted,index,93.66306975436717,index_1900=100,jacks2019|usgs_ds140|gcb2025v15,derived
1904,price_index_jacks_metals_group_weighted,index,79.18554288782731,index_1900=100,jacks2019|usgs_ds140|gcb2025v15,derived
1905,price_index_jacks_metals_group_weighted,index,89.00677029946442,index_1900=100,jacks2019|usgs_ds140|gcb2025v15,derived
1906,price_index_jacks_metals_group_weighted,index,90.36211085267529,index_1900=100,jacks2019|usgs_ds140|gcb2025v15,derived
1907,price_index_jacks_metals_group_weighted,index,91.60416225248444,index_1900=100,jacks2019|usgs_ds140|gcb2025v15,derived
1908,price_index_jacks_metals_group_weighted,index,83.99342157244767,index_1900=100,jacks2019|usgs_ds140|gcb2025v15,derived
1909,price_index_jacks_metals_group_weighted,index,75.71766425436725,index_1900=100,jacks2019|usgs_ds140|gcb2025v15,derived
1910,price_index_jacks_metals_group_weighted,index,78.51168072729372,index_1900=100,jacks2019|usgs_ds140|gcb2025v15,derived
1911,price_index_jacks_metals_group_weighted,index,69.8455333356962,index_1900=100,jacks2019|usgs_ds140|gcb2025v15,derived
1912,price_index_jacks_metals_group_weighted,index,68.44557183832175,index_1900=100,jacks2019|usgs_ds140|gcb2025v15,derived
1913,price_index_jacks_metals_group_weighted,index,73.22654996046617,index_1900=100,jacks2019|usgs_ds140|gcb2025v15,derived
1914,price_index_jacks_metals_group_weighted,index,60.81261772579333,index_1900=100,jacks2019|usgs_ds140|gcb2025v15,derived
1915,price_index_jacks_metals_group_weighted,index,71.42191221430136,index_1900=100,jacks2019|usgs_ds140|gcb2025v15,derived
1916,price_index_jacks_metals_group_weighted,index,120.06321073170216,index_1900=100,jacks2019|usgs_ds140|gcb2025v15,derived
1917,price_index_jacks_metals_group_weighted,index,135.33787632919513,index_1900=100,jacks2019|usgs_ds140|gcb2025v15,derived
1918,price_index_jacks_metals_group_weighted,index,96.74119100897026,index_1900=100,jacks2019|usgs_ds140|gcb2025v15,derived
1919,price_index_jacks_metals_group_weighted,index,71.30521594947422,index_1900=100,jacks2019|usgs_ds140|gcb2025v15,derived
1920,price_index_jacks_metals_group_weighted,index,73.93943488906875,index_1900=100,jacks2019|usgs_ds140|gcb2025v15,derived
1921,price_index_jacks_metals_group_weighted,index,51.92867987837179,index_1900=100,jacks2019|usgs_ds140|gcb2025v15,derived
1922,price_index_jacks_metals_group_weighted,index,50.734645468766004,index_1900=100,jacks2019|usgs_ds140|gcb2025v15,derived
1923,price_index_jacks_metals_group_weighted,index,67.8167988909044,index_1900=100,jacks2019|usgs_ds140|gcb2025v15,derived
1924,price_index_jacks_metals_group_weighted,index,64.014909671963,index_1900=100,jacks2019|usgs_ds140|gcb2025v15,derived
1925,price_index_jacks_metals_group_weighted,index,58.5902273783182,index_1900=100,jacks2019|usgs_ds140|gcb2025v15,derived
1926,price_index_jacks_metals_group_weighted,index,56.58564169784259,index_1900=100,jacks2019|usgs_ds140|gcb2025v15,derived
1927,price_index_jacks_metals_group_weighted,index,53.18501569528161,index_1900=100,jacks2019|usgs_ds140|gcb2025v15,derived
1928,price_index_jacks_metals_group_weighted,index,54.74512560293275,index_1900=100,jacks2019|usgs_ds140|gcb2025v15,derived
1929,price_index_jacks_metals_group_weighted,index,56.39823965368617,index_1900=100,jacks2019|usgs_ds140|gcb2025v15,derived
1930,price_index_jacks_metals_group_weighted,index,51.860052088130956,index_1900=100,jacks2019|usgs_ds140|gcb2025v15,derived
1931,price_index_jacks_metals_group_weighted,index,53.15977162572595,index_1900=100,jacks2019|usgs_ds140|gcb2025v15,derived
1932,price_index_jacks_metals_group_weighted,index,57.59033200829376,index_1900=100,jacks2019|usgs_ds140|gcb2025v15,derived
1933,price_index_jacks_metals_group_weighted,index,63.25288609014047,index_1900=100,jacks2019|usgs_ds140|gcb2025v15,derived
1934,price_index_jacks_metals_group_weighted,index,66.78337825714333,index_1900=100,jacks2019|usgs_ds140|gcb2025v15,derived
1935,price_index_jacks_metals_group_weighted,index,64.89602236462525,index_1900=100,jacks2019|usgs_ds140|gcb2025v15,derived
1936,price_index_jacks_metals_group_weighted,index,68.36216803638354,index_1900=100,jacks2019|usgs_ds140|gcb2025v15,derived
1937,price_index_jacks_metals_group_weighted,index,82.0332637078897,index_1900=100,jacks2019|usgs_ds140|gcb2025v15,derived
1938,price_index_jacks_metals_group_weighted,index,81.66309087043813,index_1900=100,jacks2019|usgs_ds140|gcb2025v15,derived
1939,price_index_jacks_metals_group_weighted,index,77.6398984797454,index_1900=100,jacks2019|usgs_ds140|gcb2025v15,derived
1940,price_index_jacks_metals_group_weighted,index,75.555460591138,index_1900=100,jacks2019|usgs_ds140|gcb2025v15,derived
1941,price_index_jacks_metals_group_weighted,index,72.1861398538858,index_1900=100,jacks2019|usgs_ds140|gcb2025v15,derived
1942,price_index_jacks_metals_group_weighted,index,65.39556043532602,index_1900=100,jacks2019|usgs_ds140|gcb2025v15,derived
1943,price_index_jacks_metals_group_weighted,index,61.68502053720656,index_1900=100,jacks2019|usgs_ds140|gcb2025v15,derived
1944,price_index_jacks_metals_group_weighted,index,60.88243980310477,index_1900=100,jacks2019|usgs_ds140|gcb2025v15,derived
1945,price_index_jacks_metals_group_weighted,index,61.23879103286738,index_1900=100,jacks2019|usgs_ds140|gcb2025v15,derived
1946,price_index_jacks_metals_group_weighted,index,62.71555366949525,index_1900=100,jacks2019|usgs_ds140|gcb2025v15,derived
1947,price_index_jacks_metals_group_weighted,index,60.9167998082402,index_1900=100,jacks2019|usgs_ds140|gcb2025v15,derived
1948,price_index_jacks_metals_group_weighted,index,64.26606143384036,index_1900=100,jacks2019|usgs_ds140|gcb2025v15,derived
1949,price_index_jacks_metals_group_weighted,index,69.74551579832917,index_1900=100,jacks2019|usgs_ds140|gcb2025v15,derived
1950,price_index_jacks_metals_group_weighted,index,71.77309558547039,index_1900=100,jacks2019|usgs_ds140|gcb2025v15,derived
1951,price_index_jacks_metals_group_weighted,index,71.36835852941802,index_1900=100,jacks2019|usgs_ds140|gcb2025v15,derived
1952,price_index_jacks_metals_group_weighted,index,71.31062644116862,index_1900=100,jacks2019|usgs_ds140|gcb2025v15,derived
1953,price_index_jacks_metals_group_weighted,index,75.35128996730181,index_1900=100,jacks2019|usgs_ds140|gcb2025v15,derived
1954,price_index_jacks_metals_group_weighted,index,77.76307941180802,index_1900=100,jacks2019|usgs_ds140|gcb2025v15,derived
1955,price_index_jacks_metals_group_weighted,index,82.70928849507284,index_1900=100,jacks2019|usgs_ds140|gcb2025v15,derived
1956,price_index_jacks_metals_group_weighted,index,87.83929565173675,index_1900=100,jacks2019|usgs_ds140|gcb2025v15,derived
1957,price_index_jacks_metals_group_weighted,index,92.08518591064954,index_1900=100,jacks2019|usgs_ds140|gcb2025v15,derived
1958,price_index_jacks_metals_group_weighted,index,90.7279949911539,index_1900=100,jacks2019|usgs_ds140|gcb2025v15,derived
1959,price_index_jacks_metals_group_weighted,index,95.41354214453489,index_1900=100,jacks2019|usgs_ds140|gcb2025v15,derived
1960,price_index_jacks_metals_group_weighted,index,93.8279802043111,index_1900=100,jacks2019|usgs_ds140|gcb2025v15,derived
1961,price_index_jacks_metals_group_weighted,index,92.7877965461836,index_1900=100,jacks2019|usgs_ds140|gcb2025v15,derived
1962,price_index_jacks_metals_group_weighted,index,91.57432283247238,index_1900=100,jacks2019|usgs_ds140|gcb2025v15,derived
1963,price_index_jacks_metals_group_weighted,index,91.23810314948955,index_1900=100,jacks2019|usgs_ds140|gcb2025v15,derived
1964,price_index_jacks_metals_group_weighted,index,93.23116230653315,index_1900=100,jacks2019|usgs_ds140|gcb2025v15,derived
1965,price_index_jacks_metals_group_weighted,index,91.9014738737687,index_1900=100,jacks2019|usgs_ds140|gcb2025v15,derived
1966,price_index_jacks_metals_group_weighted,index,88.7997648170987,index_1900=100,jacks2019|usgs_ds140|gcb2025v15,derived
1967,price_index_jacks_metals_group_weighted,index,86.69607573636907,index_1900=100,jacks2019|usgs_ds140|gcb2025v15,derived
1968,price_index_jacks_metals_group_weighted,index,86.08763441327976,index_1900=100,jacks2019|usgs_ds140|gcb2025v15,derived
1969,price_index_jacks_metals_group_weighted,index,87.21242187083124,index_1900=100,jacks2019|usgs_ds140|gcb2025v15,derived
1970,price_index_jacks_metals_group_weighted,index,87.67559306916708,index_1900=100,jacks2019|usgs_ds140|gcb2025v15,derived
1971,price_index_jacks_metals_group_weighted,index,94.56248890410612,index_1900=100,jacks2019|usgs_ds140|gcb2025v15,derived
1972,price_index_jacks_metals_group_weighted,index,83.34587134474737,index_1900=100,jacks2019|usgs_ds140|gcb2025v15,derived
1973,price_index_jacks_metals_group_weighted,index,91.99049487510882,index_1900=100,jacks2019|usgs_ds140|gcb2025v15,derived
1974,price_index_jacks_metals_group_weighted,index,107.54366982317211,index_1900=100,jacks2019|usgs_ds140|gcb2025v15,derived
1975,price_index_jacks_metals_group_weighted,index,104.9858844695971,index_1900=100,jacks2019|usgs_ds140|gcb2025v15,derived
1976,price_index_jacks_metals_group_weighted,index,98.6741236365254,index_1900=100,jacks2019|usgs_ds140|gcb2025v15,derived
1977,price_index_jacks_metals_group_weighted,index,103.43432610457319,index_1900=100,jacks2019|usgs_ds140|gcb2025v15,derived
1978,price_index_jacks_metals_group_weighted,index,105.68374223490568,index_1900=100,jacks2019|usgs_ds140|gcb2025v15,derived
1979,price_index_jacks_metals_group_weighted,index,96.18296003681276,index_1900=100,jacks2019|usgs_ds140|gcb2025v15,derived
1980,price_index_jacks_metals_group_weighted,index,97.39227461636219,index_1900=100,jacks2019|usgs_ds140|gcb2025v15,derived
1981,price_index_jacks_metals_group_weighted,index,91.81747170415731,index_1900=100,jacks2019|usgs_ds140|gcb2025v15,derived
1982,price_index_jacks_metals_group_weighted,index,87.86427652861661,index_1900=100,jacks2019|usgs_ds140|gcb2025v15,derived
1983,price_index_jacks_metals_group_weighted,index,98.90560820640437,index_1900=100,jacks2019|usgs_ds140|gcb2025v15,derived
1984,price_index_jacks_metals_group_weighted,index,103.28725702027491,index_1900=100,jacks2019|usgs_ds140|gcb2025v15,derived
1985,price_index_jacks_metals_group_weighted,index,108.24907264501316,index_1900=100,jacks2019|usgs_ds140|gcb2025v15,derived
1986,price_index_jacks_metals_group_weighted,index,106.07496529364913,index_1900=100,jacks2019|usgs_ds140|gcb2025v15,derived
1987,price_index_jacks_metals_group_weighted,index,74.21132645799531,index_1900=100,jacks2019|usgs_ds140|gcb2025v15,derived
1988,price_index_jacks_metals_group_weighted,index,73.36205351823193,index_1900=100,jacks2019|usgs_ds140|gcb2025v15,derived
1989,price_index_jacks_metals_group_weighted,index,79.6997657325645,index_1900=100,jacks2019|usgs_ds140|gcb2025v15,derived
1990,price_index_jacks_metals_group_weighted,index,78.4551122702237,index_1900=100,jacks2019|usgs_ds140|gcb2025v15,derived
1991,price_index_jacks_metals_group_weighted,index,75.75181480614445,index_1900=100,jacks2019|usgs_ds140|gcb2025v15,derived
1992,price_index_jacks_metals_group_weighted,index,62.70109036915298,index_1900=100,jacks2019|usgs_ds140|gcb2025v15,derived
1993,price_index_jacks_metals_group_weighted,index,63.3246290582393,index_1900=100,jacks2019|usgs_ds140|gcb2025v15,derived
1994,price_index_jacks_metals_group_weighted,index,63.5722856582697,index_1900=100,jacks2019|usgs_ds140|gcb2025v15,derived
1995,price_index_jacks_metals_group_weighted,index,62.34232440884504,index_1900=100,jacks2019|usgs_ds140|gcb2025v15,derived
1996,price_index_jacks_metals_group_weighted,index,60.425883932459435,index_1900=100,jacks2019|usgs_ds140|gcb2025v15,derived
1997,price_index_jacks_metals_group_weighted,index,61.51778055977378,index_1900=100,jacks2019|usgs_ds140|gcb2025v15,derived
1998,price_index_jacks_metals_group_weighted,index,57.14327942299775,index_1900=100,jacks2019|usgs_ds140|gcb2025v15,derived
1999,price_index_jacks_metals_group_weighted,index,48.94713543755347,index_1900=100,jacks2019|usgs_ds140|gcb2025v15,derived
2000,price_index_jacks_metals_group_weighted,index,57.140298614361114,index_1900=100,jacks2019|usgs_ds140|gcb2025v15,derived
2001,price_index_jacks_metals_group_weighted,index,41.26178439881,index_1900=100,jacks2019|usgs_ds140|gcb2025v15,derived
2002,price_index_jacks_metals_group_weighted,index,45.57724535658297,index_1900=100,jacks2019|usgs_ds140|gcb2025v15,derived
2003,price_index_jacks_metals_group_weighted,index,57.56258701288354,index_1900=100,jacks2019|usgs_ds140|gcb2025v15,derived
2004,price_index_jacks_metals_group_weighted,index,88.1689008695156,index_1900=100,jacks2019|usgs_ds140|gcb2025v15,derived
2005,price_index_jacks_metals_group_weighted,index,105.65766802968372,index_1900=100,jacks2019|usgs_ds140|gcb2025v15,derived
2006,price_index_jacks_metals_group_weighted,index,98.6915038356445,index_1900=100,jacks2019|usgs_ds140|gcb2025v15,derived
2007,price_index_jacks_metals_group_weighted,index,91.21236033421224,index_1900=100,jacks2019|usgs_ds140|gcb2025v15,derived
2008,price_index_jacks_metals_group_weighted,index,137.328999162482,index_1900=100,jacks2019|usgs_ds140|gcb2025v15,derived
2009,price_index_jacks_metals_group_weighted,index,105.15474274059191,index_1900=100,jacks2019|usgs_ds140|gcb2025v15,derived
2010,price_index_jacks_metals_group_weighted,index,109.49567410871244,index_1900=100,jacks2019|usgs_ds140|gcb2025v15,derived
2011,price_index_jacks_metals_group_weighted,index,117.78185720324213,index_1900=100,jacks2019|usgs_ds140|gcb2025v15,derived
2012,price_index_jacks_metals_group_weighted,index,109.69415797835047,index_1900=100,jacks2019|usgs_ds140|gcb2025v15,derived
2013,price_index_jacks_metals_group_weighted,index,100.85088502006691,index_1900=100,jacks2019|usgs_ds140|gcb2025v15,derived
2014,price_index_jacks_metals_group_weighted,index,102.63893117720696,index_1900=100,jacks2019|usgs_ds140|gcb2025v15,derived
2015,price_index_jacks_metals_group_weighted,index,91.85076986928765,index_1900=100,jacks2019|usgs_ds140|gcb2025v15,derived
2016,price_index_jacks_metals_group_weighted,index,80.57356438218254,index_1900=100,jacks2019|usgs_ds140|gcb2025v15,derived
2017,price_index_jacks_metals_group_weighted,index,86.24165572567956,index_1900=100,jacks2019|usgs_ds140|gcb2025v15,derived
2018,price_index_jacks_metals_group_weighted,index,96.42650835927974,index_1900=100,jacks2019|usgs_ds140|gcb2025v15,derived
2019,price_index_jacks_metals_group_weighted,index,94.05200803577684,index_1900=100,jacks2019|usgs_ds140|gcb2025v15,derived
2020,price_index_jacks_metals_group_weighted,index,84.97752262587885,index_1900=100,jacks2019|usgs_ds140|gcb2025v15,derived
2021,price_index_jacks_metals_group_weighted,index,112.14035706730672,index_1900=100,jacks2019|usgs_ds140|gcb2025v15,derived
2022,price_index_jacks_metals_group_weighted,index,128.62852404358784,index_1900=100,jacks2019|usgs_ds140|gcb2025v15,derived
2023,price_index_jacks_metals_group_weighted,index,112.54915629091936,index_1900=100,jacks2019|usgs_ds140|gcb2025v15,derived
2024,price_index_jacks_metals_group_weighted,index,102.66636359402696,index_1900=100,jacks2019|usgs_ds140|gcb2025v15,derived
2025,price_index_jacks_metals_group_weighted,index,97.95029472945228,index_1900=100,jacks2019|usgs_ds140|gcb2025v15,derived
1850,price_index_mass_weighted_aggregate,index,90.35926869270457,index_1900=100,jacks2019|usgs_ds140|gcb2025v15,derived
1851,price_index_mass_weighted_aggregate,index,101.94275663958643,index_1900=100,jacks2019|usgs_ds140|gcb2025v15,derived
1852,price_index_mass_weighted_aggregate,index,98.85840705005576,index_1900=100,jacks2019|usgs_ds140|gcb2025v15,derived
1853,price_index_mass_weighted_aggregate,index,107.81877439845675,index_1900=100,jacks2019|usgs_ds140|gcb2025v15,derived
1854,price_index_mass_weighted_aggregate,index,120.59722979347438,index_1900=100,jacks2019|usgs_ds140|gcb2025v15,derived
1855,price_index_mass_weighted_aggregate,index,114.21054786225749,index_1900=100,jacks2019|usgs_ds140|gcb2025v15,derived
1856,price_index_mass_weighted_aggregate,index,112.81770027624134,index_1900=100,jacks2019|usgs_ds140|gcb2025v15,derived
1857,price_index_mass_weighted_aggregate,index,123.71163515457053,index_1900=100,jacks2019|usgs_ds140|gcb2025v15,derived
1858,price_index_mass_weighted_aggregate,index,115.98851263511543,index_1900=100,jacks2019|usgs_ds140|gcb2025v15,derived
1859,price_index_mass_weighted_aggregate,index,110.90972968014559,index_1900=100,jacks2019|usgs_ds140|gcb2025v15,derived
1860,price_index_mass_weighted_aggregate,index,243.98307590135659,index_1900=100,jacks2019|usgs_ds140|gcb2025v15,derived
1861,price_index_mass_weighted_aggregate,index,230.05086891856644,index_1900=100,jacks2019|usgs_ds140|gcb2025v15,derived
1862,price_index_mass_weighted_aggregate,index,177.01837178849487,index_1900=100,jacks2019|usgs_ds140|gcb2025v15,derived
1863,price_index_mass_weighted_aggregate,index,197.66349498263503,index_1900=100,jacks2019|usgs_ds140|gcb2025v15,derived
1864,price_index_mass_weighted_aggregate,index,217.60225443617972,index_1900=100,jacks2019|usgs_ds140|gcb2025v15,derived
1865,price_index_mass_weighted_aggregate,index,226.00077244420666,index_1900=100,jacks2019|usgs_ds140|gcb2025v15,derived
1866,price_index_mass_weighted_aggregate,index,178.54269013247102,index_1900=100,jacks2019|usgs_ds140|gcb2025v15,derived
1867,price_index_mass_weighted_aggregate,index,149.5098853246905,index_1900=100,jacks2019|usgs_ds140|gcb2025v15,derived
1868,price_index_mass_weighted_aggregate,index,133.3966597691244,index_1900=100,jacks2019|usgs_ds140|gcb2025v15,derived
1869,price_index_mass_weighted_aggregate,index,138.86325814744026,index_1900=100,jacks2019|usgs_ds140|gcb2025v15,derived
1870,price_index_mass_weighted_aggregate,index,126.00560544256973,index_1900=100,jacks2019|usgs_ds140|gcb2025v15,derived
1871,price_index_mass_weighted_aggregate,index,125.69686371986633,index_1900=100,jacks2019|usgs_ds140|gcb2025v15,derived
1872,price_index_mass_weighted_aggregate,index,120.30227511127245,index_1900=100,jacks2019|usgs_ds140|gcb2025v15,derived
1873,price_index_mass_weighted_aggregate,index,112.56104823834683,index_1900=100,jacks2019|usgs_ds140|gcb2025v15,derived
1874,price_index_mass_weighted_aggregate,index,103.6926551747295,index_1900=100,jacks2019|usgs_ds140|gcb2025v15,derived
1875,price_index_mass_weighted_aggregate,index,103.99430403181789,index_1900=100,jacks2019|usgs_ds140|gcb2025v15,derived
1876,price_index_mass_weighted_aggregate,index,117.17068208150496,index_1900=100,jacks2019|usgs_ds140|gcb2025v15,derived
1877,price_index_mass_weighted_aggregate,index,101.73472659619264,index_1900=100,jacks2019|usgs_ds140|gcb2025v15,derived
1878,price_index_mass_weighted_aggregate,index,83.52700205775149,index_1900=100,jacks2019|usgs_ds140|gcb2025v15,derived
1879,price_index_mass_weighted_aggregate,index,74.61716309013696,index_1900=100,jacks2019|usgs_ds140|gcb2025v15,derived
1880,price_index_mass_weighted_aggregate,index,87.99954135507566,index_1900=100,jacks2019|usgs_ds140|gcb2025v15,derived
1881,price_index_mass_weighted_aggregate,index,81.53022861914842,index_1900=100,jacks2019|usgs_ds140|gcb2025v15,derived
1882,price_index_mass_weighted_aggregate,index,78.6053329497483,index_1900=100,jacks2019|usgs_ds140|gcb2025v15,derived
1883,price_index_mass_weighted_aggregate,index,77.61466685696257,index_1900=100,jacks2019|usgs_ds140|gcb2025v15,derived
1884,price_index_mass_weighted_aggregate,index,74.16363697912884,index_1900=100,jacks2019|usgs_ds140|gcb2025v15,derived
1885,price_index_mass_weighted_aggregate,index,83.70426203767025,index_1900=100,jacks2019|usgs_ds140|gcb2025v15,derived
1886,price_index_mass_weighted_aggregate,index,78.84054699312317,index_1900=100,jacks2019|usgs_ds140|gcb2025v15,derived
1887,price_index_mass_weighted_aggregate,index,79.61366512122206,index_1900=100,jacks2019|usgs_ds140|gcb2025v15,derived
1888,price_index_mass_weighted_aggregate,index,77.738876888109,index_1900=100,jacks2019|usgs_ds140|gcb2025v15,derived
1889,price_index_mass_weighted_aggregate,index,79.19715237262514,index_1900=100,jacks2019|usgs_ds140|gcb2025v15,derived
1890,price_index_mass_weighted_aggregate,index,77.59679734593186,index_1900=100,jacks2019|usgs_ds140|gcb2025v15,derived
1891,price_index_mass_weighted_aggregate,index,73.16135766731811,index_1900=100,jacks2019|usgs_ds140|gcb2025v15,derived
1892,price_index_mass_weighted_aggregate,index,69.46044572526124,index_1900=100,jacks2019|usgs_ds140|gcb2025v15,derived
1893,price_index_mass_weighted_aggregate,index,70.41496652361575,index_1900=100,jacks2019|usgs_ds140|gcb2025v15,derived
1894,price_index_mass_weighted_aggregate,index,75.40754401132186,index_1900=100,jacks2019|usgs_ds140|gcb2025v15,derived
1895,price_index_mass_weighted_aggregate,index,87.67408575552608,index_1900=100,jacks2019|usgs_ds140|gcb2025v15,derived
1896,price_index_mass_weighted_aggregate,index,81.81151267136364,index_1900=100,jacks2019|usgs_ds140|gcb2025v15,derived
1897,price_index_mass_weighted_aggregate,index,70.70977299212768,index_1900=100,jacks2019|usgs_ds140|gcb2025v15,derived
1898,price_index_mass_weighted_aggregate,index,73.29588901447065,index_1900=100,jacks2019|usgs_ds140|gcb2025v15,derived
1899,price_index_mass_weighted_aggregate,index,92.3100613014786,index_1900=100,jacks2019|usgs_ds140|gcb2025v15,derived
1900,price_index_mass_weighted_aggregate,index,100.0,index_1900=100,jacks2019|usgs_ds140|gcb2025v15,derived
1901,price_index_mass_weighted_aggregate,index,90.23216013753687,index_1900=100,jacks2019|usgs_ds140|gcb2025v15,derived
1902,price_index_mass_weighted_aggregate,index,93.26232361173571,index_1900=100,jacks2019|usgs_ds140|gcb2025v15,derived
1903,price_index_mass_weighted_aggregate,index,102.5536847749266,index_1900=100,jacks2019|usgs_ds140|gcb2025v15,derived
1904,price_index_mass_weighted_aggregate,index,94.5735450015069,index_1900=100,jacks2019|usgs_ds140|gcb2025v15,derived
1905,price_index_mass_weighted_aggregate,index,90.6113204318586,index_1900=100,jacks2019|usgs_ds140|gcb2025v15,derived
1906,price_index_mass_weighted_aggregate,index,95.48937029342576,index_1900=100,jacks2019|usgs_ds140|gcb2025v15,derived
1907,price_index_mass_weighted_aggregate,index,98.1981403990021,index_1900=100,jacks2019|usgs_ds140|gcb2025v15,derived
1908,price_index_mass_weighted_aggregate,index,98.54355787882615,index_1900=100,jacks2019|usgs_ds140|gcb2025v15,derived
1909,price_index_mass_weighted_aggregate,index,94.49355803541312,index_1900=100,jacks2019|usgs_ds140|gcb2025v15,derived
1910,price_index_mass_weighted_aggregate,index,88.79542453798523,index_1900=100,jacks2019|usgs_ds140|gcb2025v15,derived
1911,price_index_mass_weighted_aggregate,index,85.38233643232867,index_1900=100,jacks2019|usgs_ds140|gcb2025v15,derived
1912,price_index_mass_weighted_aggregate,index,89.86866212154703,index_1900=100,jacks2019|usgs_ds140|gcb2025v15,derived
1913,price_index_mass_weighted_aggregate,index,102.04324935286213,index_1900=100,jacks2019|usgs_ds140|gcb2025v15,derived
1914,price_index_mass_weighted_aggregate,index,91.28011653779787,index_1900=100,jacks2019|usgs_ds140|gcb2025v15,derived
1915,price_index_mass_weighted_aggregate,index,85.57773825637793,index_1900=100,jacks2019|usgs_ds140|gcb2025v15,derived
1916,price_index_mass_weighted_aggregate,index,113.44002656206145,index_1900=100,jacks2019|usgs_ds140|gcb2025v15,derived
1917,price_index_mass_weighted_aggregate,index,140.3100145436006,index_1900=100,jacks2019|usgs_ds140|gcb2025v15,derived
1918,price_index_mass_weighted_aggregate,index,136.91461257995243,index_1900=100,jacks2019|usgs_ds140|gcb2025v15,derived
1919,price_index_mass_weighted_aggregate,index,118.33346562660307,index_1900=100,jacks2019|usgs_ds140|gcb2025v15,derived
1920,price_index_mass_weighted_aggregate,index,147.8074460553254,index_1900=100,jacks2019|usgs_ds140|gcb2025v15,derived
1921,price_index_mass_weighted_aggregate,index,105.87094243955231,index_1900=100,jacks2019|usgs_ds140|gcb2025v15,derived
1922,price_index_mass_weighted_aggregate,index,118.01561578614977,index_1900=100,jacks2019|usgs_ds140|gcb2025v15,derived
1923,price_index_mass_weighted_aggregate,index,107.49390540537631,index_1900=100,jacks2019|usgs_ds140|gcb2025v15,derived
1924,price_index_mass_weighted_aggregate,index,97.22921177976936,index_1900=100,jacks2019|usgs_ds140|gcb2025v15,derived
1925,price_index_mass_weighted_aggregate,index,96.8041783823941,index_1900=100,jacks2019|usgs_ds140|gcb2025v15,derived
1926,price_index_mass_weighted_aggregate,index,102.24087408407598,index_1900=100,jacks2019|usgs_ds140|gcb2025v15,derived
1927,price_index_mass_weighted_aggregate,index,84.83172931987349,index_1900=100,jacks2019|usgs_ds140|gcb2025v15,derived
1928,price_index_mass_weighted_aggregate,index,82.47536882475961,index_1900=100,jacks2019|usgs_ds140|gcb2025v15,derived
1929,price_index_mass_weighted_aggregate,index,81.80675710045729,index_1900=100,jacks2019|usgs_ds140|gcb2025v15,derived
1930,price_index_mass_weighted_aggregate,index,77.54863383385258,index_1900=100,jacks2019|usgs_ds140|gcb2025v15,derived
1931,price_index_mass_weighted_aggregate,index,66.17374835100951,index_1900=100,jacks2019|usgs_ds140|gcb2025v15,derived
1932,price_index_mass_weighted_aggregate,index,71.12677219747013,index_1900=100,jacks2019|usgs_ds140|gcb2025v15,derived
1933,price_index_mass_weighted_aggregate,index,75.97060993741064,index_1900=100,jacks2019|usgs_ds140|gcb2025v15,derived
1934,price_index_mass_weighted_aggregate,index,91.49425202858494,index_1900=100,jacks2019|usgs_ds140|gcb2025v15,derived
1935,price_index_mass_weighted_aggregate,index,89.73357088447338,index_1900=100,jacks2019|usgs_ds140|gcb2025v15,derived
1936,price_index_mass_weighted_aggregate,index,91.59968616157053,index_1900=100,jacks2019|usgs_ds140|gcb2025v15,derived
1937,price_index_mass_weighted_aggregate,index,96.26741136468587,index_1900=100,jacks2019|usgs_ds140|gcb2025v15,derived
1938,price_index_mass_weighted_aggregate,index,96.26012042707455,index_1900=100,jacks2019|usgs_ds140|gcb2025v15,derived
1939,price_index_mass_weighted_aggregate,index,91.61978208673331,index_1900=100,jacks2019|usgs_ds140|gcb2025v15,derived
1940,price_index_mass_weighted_aggregate,index,90.87148331405214,index_1900=100,jacks2019|usgs_ds140|gcb2025v15,derived
1941,price_index_mass_weighted_aggregate,index,95.95314309645049,index_1900=100,jacks2019|usgs_ds140|gcb2025v15,derived
1942,price_index_mass_weighted_aggregate,index,91.03247038510916,index_1900=100,jacks2019|usgs_ds140|gcb2025v15,derived
1943,price_index_mass_weighted_aggregate,index,92.0861586438513,index_1900=100,jacks2019|usgs_ds140|gcb2025v15,derived
1944,price_index_mass_weighted_aggregate,index,94.99474912274339,index_1900=100,jacks2019|usgs_ds140|gcb2025v15,derived
1945,price_index_mass_weighted_aggregate,index,95.68710543708758,index_1900=100,jacks2019|usgs_ds140|gcb2025v15,derived
1946,price_index_mass_weighted_aggregate,index,99.88440920500088,index_1900=100,jacks2019|usgs_ds140|gcb2025v15,derived
1947,price_index_mass_weighted_aggregate,index,108.59502750796872,index_1900=100,jacks2019|usgs_ds140|gcb2025v15,derived
1948,price_index_mass_weighted_aggregate,index,124.0878750516333,index_1900=100,jacks2019|usgs_ds140|gcb2025v15,derived
1949,price_index_mass_weighted_aggregate,index,124.42831277237323,index_1900=100,jacks2019|usgs_ds140|gcb2025v15,derived
1950,price_index_mass_weighted_aggregate,index,124.20853566981853,index_1900=100,jacks2019|usgs_ds140|gcb2025v15,derived
1951,price_index_mass_weighted_aggregate,index,117.20762012433126,index_1900=100,jacks2019|usgs_ds140|gcb2025v15,derived
1952,price_index_mass_weighted_aggregate,index,116.22670079249944,index_1900=100,jacks2019|usgs_ds140|gcb2025v15,derived
1953,price_index_mass_weighted_aggregate,index,119.4071082849235,index_1900=100,jacks2019|usgs_ds140|gcb2025v15,derived
1954,price_index_mass_weighted_aggregate,index,116.09242685618138,index_1900=100,jacks2019|usgs_ds140|gcb2025v15,derived
1955,price_index_mass_weighted_aggregate,index,117.18157970150057,index_1900=100,jacks2019|usgs_ds140|gcb2025v15,derived
1956,price_index_mass_weighted_aggregate,index,120.86219981629525,index_1900=100,jacks2019|usgs_ds140|gcb2025v15,derived
1957,price_index_mass_weighted_aggregate,index,124.07234196163803,index_1900=100,jacks2019|usgs_ds140|gcb2025v15,derived
1958,price_index_mass_weighted_aggregate,index,119.0054626295964,index_1900=100,jacks2019|usgs_ds140|gcb2025v15,derived
1959,price_index_mass_weighted_aggregate,index,117.11247716911323,index_1900=100,jacks2019|usgs_ds140|gcb2025v15,derived
1960,price_index_mass_weighted_aggregate,index,114.69316551744888,index_1900=100,jacks2019|usgs_ds140|gcb2025v15,derived
1961,price_index_mass_weighted_aggregate,index,113.813580482735,index_1900=100,jacks2019|usgs_ds140|gcb2025v15,derived
1962,price_index_mass_weighted_aggregate,index,111.55044521163671,index_1900=100,jacks2019|usgs_ds140|gcb2025v15,derived
1963,price_index_mass_weighted_aggregate,index,109.75000408823219,index_1900=100,jacks2019|usgs_ds140|gcb2025v15,derived
1964,price_index_mass_weighted_aggregate,index,108.77842804513025,index_1900=100,jacks2019|usgs_ds140|gcb2025v15,derived
1965,price_index_mass_weighted_aggregate,index,106.74365389100143,index_1900=100,jacks2019|usgs_ds140|gcb2025v15,derived
1966,price_index_mass_weighted_aggregate,index,105.38268503441618,index_1900=100,jacks2019|usgs_ds140|gcb2025v15,derived
1967,price_index_mass_weighted_aggregate,index,104.58977790433283,index_1900=100,jacks2019|usgs_ds140|gcb2025v15,derived
1968,price_index_mass_weighted_aggregate,index,101.71351391292237,index_1900=100,jacks2019|usgs_ds140|gcb2025v15,derived
1969,price_index_mass_weighted_aggregate,index,101.56891238880878,index_1900=100,jacks2019|usgs_ds140|gcb2025v15,derived
1970,price_index_mass_weighted_aggregate,index,107.52271883041247,index_1900=100,jacks2019|usgs_ds140|gcb2025v15,derived
1971,price_index_mass_weighted_aggregate,index,112.93747502302321,index_1900=100,jacks2019|usgs_ds140|gcb2025v15,derived
1972,price_index_mass_weighted_aggregate,index,115.6360555775474,index_1900=100,jacks2019|usgs_ds140|gcb2025v15,derived
1973,price_index_mass_weighted_aggregate,index,127.18728107644388,index_1900=100,jacks2019|usgs_ds140|gcb2025v15,derived
1974,price_index_mass_weighted_aggregate,index,230.29004205690944,index_1900=100,jacks2019|usgs_ds140|gcb2025v15,derived
1975,price_index_mass_weighted_aggregate,index,243.5405342612962,index_1900=100,jacks2019|usgs_ds140|gcb2025v15,derived
1976,price_index_mass_weighted_aggregate,index,241.0592240627595,index_1900=100,jacks2019|usgs_ds140|gcb2025v15,derived
1977,price_index_mass_weighted_aggregate,index,243.0307569769922,index_1900=100,jacks2019|usgs_ds140|gcb2025v15,derived
1978,price_index_mass_weighted_aggregate,index,239.96189290950832,index_1900=100,jacks2019|usgs_ds140|gcb2025v15,derived
1979,price_index_mass_weighted_aggregate,index,280.4656516375661,index_1900=100,jacks2019|usgs_ds140|gcb2025v15,derived
1980,price_index_mass_weighted_aggregate,index,320.843423943137,index_1900=100,jacks2019|usgs_ds140|gcb2025v15,derived
1981,price_index_mass_weighted_aggregate,index,317.35510100208353,index_1900=100,jacks2019|usgs_ds140|gcb2025v15,derived
1982,price_index_mass_weighted_aggregate,index,295.7284153078911,index_1900=100,jacks2019|usgs_ds140|gcb2025v15,derived
1983,price_index_mass_weighted_aggregate,index,279.3452901333066,index_1900=100,jacks2019|usgs_ds140|gcb2025v15,derived
1984,price_index_mass_weighted_aggregate,index,261.55306452413225,index_1900=100,jacks2019|usgs_ds140|gcb2025v15,derived
1985,price_index_mass_weighted_aggregate,index,245.58269089505563,index_1900=100,jacks2019|usgs_ds140|gcb2025v15,derived
1986,price_index_mass_weighted_aggregate,index,182.39842780416856,index_1900=100,jacks2019|usgs_ds140|gcb2025v15,derived
1987,price_index_mass_weighted_aggregate,index,181.17088577115567,index_1900=100,jacks2019|usgs_ds140|gcb2025v15,derived
1988,price_index_mass_weighted_aggregate,index,162.06767168925685,index_1900=100,jacks2019|usgs_ds140|gcb2025v15,derived
1989,price_index_mass_weighted_aggregate,index,166.8089456595271,index_1900=100,jacks2019|usgs_ds140|gcb2025v15,derived
1990,price_index_mass_weighted_aggregate,index,173.01043268096777,index_1900=100,jacks2019|usgs_ds140|gcb2025v15,derived
1991,price_index_mass_weighted_aggregate,index,155.3905072300343,index_1900=100,jacks2019|usgs_ds140|gcb2025v15,derived
1992,price_index_mass_weighted_aggregate,index,144.6591141191861,index_1900=100,jacks2019|usgs_ds140|gcb2025v15,derived
1993,price_index_mass_weighted_aggregate,index,129.66437271998694,index_1900=100,jacks2019|usgs_ds140|gcb2025v15,derived
1994,price_index_mass_weighted_aggregate,index,123.1981786672498,index_1900=100,jacks2019|usgs_ds140|gcb2025v15,derived
1995,price_index_mass_weighted_aggregate,index,132.03647944356126,index_1900=100,jacks2019|usgs_ds140|gcb2025v15,derived
1996,price_index_mass_weighted_aggregate,index,140.47282192867908,index_1900=100,jacks2019|usgs_ds140|gcb2025v15,derived
1997,price_index_mass_weighted_aggregate,index,130.8119809403046,index_1900=100,jacks2019|usgs_ds140|gcb2025v15,derived
1998,price_index_mass_weighted_aggregate,index,103.83535517775873,index_1900=100,jacks2019|usgs_ds140|gcb2025v15,derived
1999,price_index_mass_weighted_aggregate,index,108.4740502861903,index_1900=100,jacks2019|usgs_ds140|gcb2025v15,derived
2000,price_index_mass_weighted_aggregate,index,146.69605819906525,index_1900=100,jacks2019|usgs_ds140|gcb2025v15,derived
2001,price_index_mass_weighted_aggregate,index,138.6867704667859,index_1900=100,jacks2019|usgs_ds140|gcb2025v15,derived
2002,price_index_mass_weighted_aggregate,index,124.37971640726926,index_1900=100,jacks2019|usgs_ds140|gcb2025v15,derived
2003,price_index_mass_weighted_aggregate,index,151.62413616847937,index_1900=100,jacks2019|usgs_ds140|gcb2025v15,derived
2004,price_index_mass_weighted_aggregate,index,209.61873495264115,index_1900=100,jacks2019|usgs_ds140|gcb2025v15,derived
2005,price_index_mass_weighted_aggregate,index,244.04358981327326,index_1900=100,jacks2019|usgs_ds140|gcb2025v15,derived
2006,price_index_mass_weighted_aggregate,index,247.8542173206907,index_1900=100,jacks2019|usgs_ds140|gcb2025v15,derived
2007,price_index_mass_weighted_aggregate,index,271.9396795489809,index_1900=100,jacks2019|usgs_ds140|gcb2025v15,derived
2008,price_index_mass_weighted_aggregate,index,400.98139934133883,index_1900=100,jacks2019|usgs_ds140|gcb2025v15,derived
2009,price_index_mass_weighted_aggregate,index,239.35453211900133,index_1900=100,jacks2019|usgs_ds140|gcb2025v15,derived
2010,price_index_mass_weighted_aggregate,index,301.76814650435733,index_1900=100,jacks2019|usgs_ds140|gcb2025v15,derived
2011,price_index_mass_weighted_aggregate,index,348.1355922192049,index_1900=100,jacks2019|usgs_ds140|gcb2025v15,derived
2012,price_index_mass_weighted_aggregate,index,300.5829754708709,index_1900=100,jacks2019|usgs_ds140|gcb2025v15,derived
2013,price_index_mass_weighted_aggregate,index,294.7050468369734,index_1900=100,jacks2019|usgs_ds140|gcb2025v15,derived
2014,price_index_mass_weighted_aggregate,index,270.0430184961886,index_1900=100,jacks2019|usgs_ds140|gcb2025v15,derived
2015,price_index_mass_weighted_aggregate,index,168.57623598577325,index_1900=100,jacks2019|usgs_ds140|gcb2025v15,derived
2016,price_index_mass_weighted_aggregate,index,163.99607311494165,index_1900=100,jacks2019|usgs_ds140|gcb2025v15,derived
2017,price_index_mass_weighted_aggregate,index,198.94470308203813,index_1900=100,jacks2019|usgs_ds140|gcb2025v15,derived
2018,price_index_mass_weighted_aggregate,index,233.00877479846025,index_1900=100,jacks2019|usgs_ds140|gcb2025v15,derived
2019,price_index_mass_weighted_aggregate,index,188.7334575702332,index_1900=100,jacks2019|usgs_ds140|gcb2025v15,derived
2020,price_index_mass_weighted_aggregate,index,146.1466688877422,index_1900=100,jacks2019|usgs_ds140|gcb2025v15,derived
2021,price_index_mass_weighted_aggregate,index,260.4380478521254,index_1900=100,jacks2019|usgs_ds140|gcb2025v15,derived
2022,price_index_mass_weighted_aggregate,index,447.3389463019766,index_1900=100,jacks2019|usgs_ds140|gcb2025v15,derived
2023,price_index_mass_weighted_aggregate,index,252.16570704465968,index_1900=100,jacks2019|usgs_ds140|gcb2025v15,derived
2024,price_index_mass_weighted_aggregate,index,216.29495932811852,index_1900=100,jacks2019|usgs_ds140|gcb2025v15,derived
2025,price_index_mass_weighted_aggregate,index,184.2412175548558,index_1900=100,jacks2019|usgs_ds140|gcb2025v15,derived
1850,price_index_metals_production_weighted,index,60.564250769988384,index_1900=100,jacks2019|usgs_ds140|gcb2025v15,derived
1851,price_index_metals_production_weighted,index,62.28326148959604,index_1900=100,jacks2019|usgs_ds140|gcb2025v15,derived
1852,price_index_metals_production_weighted,index,64.59897043691005,index_1900=100,jacks2019|usgs_ds140|gcb2025v15,derived
1853,price_index_metals_production_weighted,index,71.10611271002982,index_1900=100,jacks2019|usgs_ds140|gcb2025v15,derived
1854,price_index_metals_production_weighted,index,67.4608465715429,index_1900=100,jacks2019|usgs_ds140|gcb2025v15,derived
1855,price_index_metals_production_weighted,index,48.17140150762305,index_1900=100,jacks2019|usgs_ds140|gcb2025v15,derived
1856,price_index_metals_production_weighted,index,47.600225843276036,index_1900=100,jacks2019|usgs_ds140|gcb2025v15,derived
1857,price_index_metals_production_weighted,index,46.62931986200134,index_1900=100,jacks2019|usgs_ds140|gcb2025v15,derived
1858,price_index_metals_production_weighted,index,48.64379395094771,index_1900=100,jacks2019|usgs_ds140|gcb2025v15,derived
1859,price_index_metals_production_weighted,index,47.83786326050001,index_1900=100,jacks2019|usgs_ds140|gcb2025v15,derived
1860,price_index_metals_production_weighted,index,47.69407340094681,index_1900=100,jacks2019|usgs_ds140|gcb2025v15,derived
1861,price_index_metals_production_weighted,index,45.99735439999821,index_1900=100,jacks2019|usgs_ds140|gcb2025v15,derived
1862,price_index_metals_production_weighted,index,45.391229334163725,index_1900=100,jacks2019|usgs_ds140|gcb2025v15,derived
1863,price_index_metals_production_weighted,index,54.791578161301324,index_1900=100,jacks2019|usgs_ds140|gcb2025v15,derived
1864,price_index_metals_production_weighted,index,55.778104340163146,index_1900=100,jacks2019|usgs_ds140|gcb2025v15,derived
1865,price_index_metals_production_weighted,index,47.371112000618204,index_1900=100,jacks2019|usgs_ds140|gcb2025v15,derived
1866,price_index_metals_production_weighted,index,53.68364826384706,index_1900=100,jacks2019|usgs_ds140|gcb2025v15,derived
1867,price_index_metals_production_weighted,index,57.264088045053306,index_1900=100,jacks2019|usgs_ds140|gcb2025v15,derived
1868,price_index_metals_production_weighted,index,53.96658387153654,index_1900=100,jacks2019|usgs_ds140|gcb2025v15,derived
1869,price_index_metals_production_weighted,index,53.02821689421855,index_1900=100,jacks2019|usgs_ds140|gcb2025v15,derived
1870,price_index_metals_production_weighted,index,51.74723111456216,index_1900=100,jacks2019|usgs_ds140|gcb2025v15,derived
1871,price_index_metals_production_weighted,index,50.095471760600674,index_1900=100,jacks2019|usgs_ds140|gcb2025v15,derived
1872,price_index_metals_production_weighted,index,50.45337329923545,index_1900=100,jacks2019|usgs_ds140|gcb2025v15,derived
1873,price_index_metals_production_weighted,index,55.0097375859179,index_1900=100,jacks2019|usgs_ds140|gcb2025v15,derived
1874,price_index_metals_production_weighted,index,55.93990414516359,index_1900=100,jacks2019|usgs_ds140|gcb2025v15,derived
1875,price_index_metals_production_weighted,index,56.100785257686915,index_1900=100,jacks2019|usgs_ds140|gcb2025v15,derived
1876,price_index_metals_production_weighted,index,57.28052859019659,index_1900=100,jacks2019|usgs_ds140|gcb2025v15,derived
1877,price_index_metals_production_weighted,index,57.97801257578759,index_1900=100,jacks2019|usgs_ds140|gcb2025v15,derived
1878,price_index_metals_production_weighted,index,60.16546870484527,index_1900=100,jacks2019|usgs_ds140|gcb2025v15,derived
1879,price_index_metals_production_weighted,index,57.82954282248113,index_1900=100,jacks2019|usgs_ds140|gcb2025v15,derived
1880,price_index_metals_production_weighted,index,51.48311594302537,index_1900=100,jacks2019|usgs_ds140|gcb2025v15,derived
1881,price_index_metals_production_weighted,index,51.77725434398073,index_1900=100,jacks2019|usgs_ds140|gcb2025v15,derived
1882,price_index_metals_production_weighted,index,51.85946675991722,index_1900=100,jacks2019|usgs_ds140|gcb2025v15,derived
1883,price_index_metals_production_weighted,index,52.646705765971824,index_1900=100,jacks2019|usgs_ds140|gcb2025v15,derived
1884,price_index_metals_production_weighted,index,53.413087552952454,index_1900=100,jacks2019|usgs_ds140|gcb2025v15,derived
1885,price_index_metals_production_weighted,index,53.742279429877094,index_1900=100,jacks2019|usgs_ds140|gcb2025v15,derived
1886,price_index_metals_production_weighted,index,59.39911043419951,index_1900=100,jacks2019|usgs_ds140|gcb2025v15,derived
1887,price_index_metals_production_weighted,index,60.157179005654015,index_1900=100,jacks2019|usgs_ds140|gcb2025v15,derived
1888,price_index_metals_production_weighted,index,65.15180593243072,index_1900=100,jacks2019|usgs_ds140|gcb2025v15,derived
1889,price_index_metals_production_weighted,index,66.76325997801268,index_1900=100,jacks2019|usgs_ds140|gcb2025v15,derived
1890,price_index_metals_production_weighted,index,67.72062113357049,index_1900=100,jacks2019|usgs_ds140|gcb2025v15,derived
1891,price_index_metals_production_weighted,index,67.46991108647597,index_1900=100,jacks2019|usgs_ds140|gcb2025v15,derived
1892,price_index_metals_production_weighted,index,63.30099976427107,index_1900=100,jacks2019|usgs_ds140|gcb2025v15,derived
1893,price_index_metals_production_weighted,index,63.74985637306136,index_1900=100,jacks2019|usgs_ds140|gcb2025v15,derived
1894,price_index_metals_production_weighted,index,66.43835810673224,index_1900=100,jacks2019|usgs_ds140|gcb2025v15,derived
1895,price_index_metals_production_weighted,index,68.13693508465977,index_1900=100,jacks2019|usgs_ds140|gcb2025v15,derived
1896,price_index_metals_production_weighted,index,68.35070003162247,index_1900=100,jacks2019|usgs_ds140|gcb2025v15,derived
1897,price_index_metals_production_weighted,index,62.9483805981503,index_1900=100,jacks2019|usgs_ds140|gcb2025v15,derived
1898,price_index_metals_production_weighted,index,60.738549841218614,index_1900=100,jacks2019|usgs_ds140|gcb2025v15,derived
1899,price_index_metals_production_weighted,index,122.28556716572301,index_1900=100,jacks2019|usgs_ds140|gcb2025v15,derived
1900,price_index_metals_production_weighted,index,100.0,index_1900=100,jacks2019|usgs_ds140|gcb2025v15,derived
1901,price_index_metals_production_weighted,index,78.75895624591602,index_1900=100,jacks2019|usgs_ds140|gcb2025v15,derived
1902,price_index_metals_production_weighted,index,83.59354048096588,index_1900=100,jacks2019|usgs_ds140|gcb2025v15,derived
1903,price_index_metals_production_weighted,index,83.0418137749144,index_1900=100,jacks2019|usgs_ds140|gcb2025v15,derived
1904,price_index_metals_production_weighted,index,69.31560996157675,index_1900=100,jacks2019|usgs_ds140|gcb2025v15,derived
1905,price_index_metals_production_weighted,index,79.14630542206638,index_1900=100,jacks2019|usgs_ds140|gcb2025v15,derived
1906,price_index_metals_production_weighted,index,85.90085240661138,index_1900=100,jacks2019|usgs_ds140|gcb2025v15,derived
1907,price_index_metals_production_weighted,index,94.03529447254407,index_1900=100,jacks2019|usgs_ds140|gcb2025v15,derived
1908,price_index_metals_production_weighted,index,86.67745083838298,index_1900=100,jacks2019|usgs_ds140|gcb2025v15,derived
1909,price_index_metals_production_weighted,index,82.14825827213821,index_1900=100,jacks2019|usgs_ds140|gcb2025v15,derived
1910,price_index_metals_production_weighted,index,87.69345736226045,index_1900=100,jacks2019|usgs_ds140|gcb2025v15,derived
1911,price_index_metals_production_weighted,index,73.54123841637858,index_1900=100,jacks2019|usgs_ds140|gcb2025v15,derived
1912,price_index_metals_production_weighted,index,71.21339340809045,index_1900=100,jacks2019|usgs_ds140|gcb2025v15,derived
1913,price_index_metals_production_weighted,index,75.99651361678832,index_1900=100,jacks2019|usgs_ds140|gcb2025v15,derived
1914,price_index_metals_production_weighted,index,63.39333234680444,index_1900=100,jacks2019|usgs_ds140|gcb2025v15,derived
1915,price_index_metals_production_weighted,index,69.83497128128373,index_1900=100,jacks2019|usgs_ds140|gcb2025v15,derived
1916,price_index_metals_production_weighted,index,92.27196205573333,index_1900=100,jacks2019|usgs_ds140|gcb2025v15,derived
1917,price_index_metals_production_weighted,index,101.66905146556272,index_1900=100,jacks2019|usgs_ds140|gcb2025v15,derived
1918,price_index_metals_production_weighted,index,84.60415310676024,index_1900=100,jacks2019|usgs_ds140|gcb2025v15,derived
1919,price_index_metals_production_weighted,index,67.28207146342517,index_1900=100,jacks2019|usgs_ds140|gcb2025v15,derived
1920,price_index_metals_production_weighted,index,71.92648585762068,index_1900=100,jacks2019|usgs_ds140|gcb2025v15,derived
1921,price_index_metals_production_weighted,index,56.55341174024732,index_1900=100,jacks2019|usgs_ds140|gcb2025v15,derived
1922,price_index_metals_production_weighted,index,61.10033123857201,index_1900=100,jacks2019|usgs_ds140|gcb2025v15,derived
1923,price_index_metals_production_weighted,index,68.67443331132544,index_1900=100,jacks2019|usgs_ds140|gcb2025v15,derived
1924,price_index_metals_production_weighted,index,59.69912049753647,index_1900=100,jacks2019|usgs_ds140|gcb2025v15,derived
1925,price_index_metals_production_weighted,index,53.76100492240511,index_1900=100,jacks2019|usgs_ds140|gcb2025v15,derived
1926,price_index_metals_production_weighted,index,52.04690930877703,index_1900=100,jacks2019|usgs_ds140|gcb2025v15,derived
1927,price_index_metals_production_weighted,index,51.30335682161441,index_1900=100,jacks2019|usgs_ds140|gcb2025v15,derived
1928,price_index_metals_production_weighted,index,51.71098053684342,index_1900=100,jacks2019|usgs_ds140|gcb2025v15,derived
1929,price_index_metals_production_weighted,index,54.82705711154112,index_1900=100,jacks2019|usgs_ds140|gcb2025v15,derived
1930,price_index_metals_production_weighted,index,52.065027179377395,index_1900=100,jacks2019|usgs_ds140|gcb2025v15,derived
1931,price_index_metals_production_weighted,index,54.29450009404479,index_1900=100,jacks2019|usgs_ds140|gcb2025v15,derived
1932,price_index_metals_production_weighted,index,46.08106394217883,index_1900=100,jacks2019|usgs_ds140|gcb2025v15,derived
1933,price_index_metals_production_weighted,index,83.1540818892972,index_1900=100,jacks2019|usgs_ds140|gcb2025v15,derived
1934,price_index_metals_production_weighted,index,70.31531715729557,index_1900=100,jacks2019|usgs_ds140|gcb2025v15,derived
1935,price_index_metals_production_weighted,index,68.81230003035064,index_1900=100,jacks2019|usgs_ds140|gcb2025v15,derived
1936,price_index_metals_production_weighted,index,69.4345639087077,index_1900=100,jacks2019|usgs_ds140|gcb2025v15,derived
1937,price_index_metals_production_weighted,index,75.19008527322167,index_1900=100,jacks2019|usgs_ds140|gcb2025v15,derived
1938,price_index_metals_production_weighted,index,72.72361675273989,index_1900=100,jacks2019|usgs_ds140|gcb2025v15,derived
1939,price_index_metals_production_weighted,index,77.69685068031247,index_1900=100,jacks2019|usgs_ds140|gcb2025v15,derived
1940,price_index_metals_production_weighted,index,69.36139912246894,index_1900=100,jacks2019|usgs_ds140|gcb2025v15,derived
1941,price_index_metals_production_weighted,index,67.81019014312649,index_1900=100,jacks2019|usgs_ds140|gcb2025v15,derived
1942,price_index_metals_production_weighted,index,60.868346081840464,index_1900=100,jacks2019|usgs_ds140|gcb2025v15,derived
1943,price_index_metals_production_weighted,index,57.69475785018776,index_1900=100,jacks2019|usgs_ds140|gcb2025v15,derived
1944,price_index_metals_production_weighted,index,57.49257192499557,index_1900=100,jacks2019|usgs_ds140|gcb2025v15,derived
1945,price_index_metals_production_weighted,index,57.35082037184952,index_1900=100,jacks2019|usgs_ds140|gcb2025v15,derived
1946,price_index_metals_production_weighted,index,58.03447897496542,index_1900=100,jacks2019|usgs_ds140|gcb2025v15,derived
1947,price_index_metals_production_weighted,index,56.59061395967009,index_1900=100,jacks2019|usgs_ds140|gcb2025v15,derived
1948,price_index_metals_production_weighted,index,58.917273446624186,index_1900=100,jacks2019|usgs_ds140|gcb2025v15,derived
1949,price_index_metals_production_weighted,index,66.00974236701684,index_1900=100,jacks2019|usgs_ds140|gcb2025v15,derived
1950,price_index_metals_production_weighted,index,70.2916464060875,index_1900=100,jacks2019|usgs_ds140|gcb2025v15,derived
1951,price_index_metals_production_weighted,index,70.66474534016294,index_1900=100,jacks2019|usgs_ds140|gcb2025v15,derived
1952,price_index_metals_production_weighted,index,75.9719558902101,index_1900=100,jacks2019|usgs_ds140|gcb2025v15,derived
1953,price_index_metals_production_weighted,index,81.6271251110899,index_1900=100,jacks2019|usgs_ds140|gcb2025v15,derived
1954,price_index_metals_production_weighted,index,81.93801961396275,index_1900=100,jacks2019|usgs_ds140|gcb2025v15,derived
1955,price_index_metals_production_weighted,index,87.591094037617,index_1900=100,jacks2019|usgs_ds140|gcb2025v15,derived
1956,price_index_metals_production_weighted,index,92.228435721854,index_1900=100,jacks2019|usgs_ds140|gcb2025v15,derived
1957,price_index_metals_production_weighted,index,95.01134128723481,index_1900=100,jacks2019|usgs_ds140|gcb2025v15,derived
1958,price_index_metals_production_weighted,index,94.17781342734263,index_1900=100,jacks2019|usgs_ds140|gcb2025v15,derived
1959,price_index_metals_production_weighted,index,96.89794897915296,index_1900=100,jacks2019|usgs_ds140|gcb2025v15,derived
1960,price_index_metals_production_weighted,index,94.43368779679943,index_1900=100,jacks2019|usgs_ds140|gcb2025v15,derived
1961,price_index_metals_production_weighted,index,98.98463883576123,index_1900=100,jacks2019|usgs_ds140|gcb2025v15,derived
1962,price_index_metals_production_weighted,index,96.49389083061908,index_1900=100,jacks2019|usgs_ds140|gcb2025v15,derived
1963,price_index_metals_production_weighted,index,98.57310932111551,index_1900=100,jacks2019|usgs_ds140|gcb2025v15,derived
1964,price_index_metals_production_weighted,index,100.10574759757031,index_1900=100,jacks2019|usgs_ds140|gcb2025v15,derived
1965,price_index_metals_production_weighted,index,96.71536962856489,index_1900=100,jacks2019|usgs_ds140|gcb2025v15,derived
1966,price_index_metals_production_weighted,index,95.42471733851339,index_1900=100,jacks2019|usgs_ds140|gcb2025v15,derived
1967,price_index_metals_production_weighted,index,94.25849696339402,index_1900=100,jacks2019|usgs_ds140|gcb2025v15,derived
1968,price_index_metals_production_weighted,index,92.22525431262179,index_1900=100,jacks2019|usgs_ds140|gcb2025v15,derived
1969,price_index_metals_production_weighted,index,91.97537477027294,index_1900=100,jacks2019|usgs_ds140|gcb2025v15,derived
1970,price_index_metals_production_weighted,index,89.55200287954116,index_1900=100,jacks2019|usgs_ds140|gcb2025v15,derived
1971,price_index_metals_production_weighted,index,92.18254098637637,index_1900=100,jacks2019|usgs_ds140|gcb2025v15,derived
1972,price_index_metals_production_weighted,index,92.24347563214852,index_1900=100,jacks2019|usgs_ds140|gcb2025v15,derived
1973,price_index_metals_production_weighted,index,94.80174633805052,index_1900=100,jacks2019|usgs_ds140|gcb2025v15,derived
1974,price_index_metals_production_weighted,index,108.45748426127994,index_1900=100,jacks2019|usgs_ds140|gcb2025v15,derived
1975,price_index_metals_production_weighted,index,115.24276568982683,index_1900=100,jacks2019|usgs_ds140|gcb2025v15,derived
1976,price_index_metals_production_weighted,index,120.80582192441571,index_1900=100,jacks2019|usgs_ds140|gcb2025v15,derived
1977,price_index_metals_production_weighted,index,125.66400313641432,index_1900=100,jacks2019|usgs_ds140|gcb2025v15,derived
1978,price_index_metals_production_weighted,index,128.7782326073778,index_1900=100,jacks2019|usgs_ds140|gcb2025v15,derived
1979,price_index_metals_production_weighted,index,124.64902032969391,index_1900=100,jacks2019|usgs_ds140|gcb2025v15,derived
1980,price_index_metals_production_weighted,index,123.42763689529342,index_1900=100,jacks2019|usgs_ds140|gcb2025v15,derived
1981,price_index_metals_production_weighted,index,120.16385679067893,index_1900=100,jacks2019|usgs_ds140|gcb2025v15,derived
1982,price_index_metals_production_weighted,index,116.75235913885993,index_1900=100,jacks2019|usgs_ds140|gcb2025v15,derived
1983,price_index_metals_production_weighted,index,133.03175566912512,index_1900=100,jacks2019|usgs_ds140|gcb2025v15,derived
1984,price_index_metals_production_weighted,index,118.32382455990927,index_1900=100,jacks2019|usgs_ds140|gcb2025v15,derived
1985,price_index_metals_production_weighted,index,114.82565483043543,index_1900=100,jacks2019|usgs_ds140|gcb2025v15,derived
1986,price_index_metals_production_weighted,index,104.40933178852032,index_1900=100,jacks2019|usgs_ds140|gcb2025v15,derived
1987,price_index_metals_production_weighted,index,81.9070650996159,index_1900=100,jacks2019|usgs_ds140|gcb2025v15,derived
1988,price_index_metals_production_weighted,index,77.26365947480994,index_1900=100,jacks2019|usgs_ds140|gcb2025v15,derived
1989,price_index_metals_production_weighted,index,82.39291728295734,index_1900=100,jacks2019|usgs_ds140|gcb2025v15,derived
1990,price_index_metals_production_weighted,index,78.62289620897397,index_1900=100,jacks2019|usgs_ds140|gcb2025v15,derived
1991,price_index_metals_production_weighted,index,74.7149755953825,index_1900=100,jacks2019|usgs_ds140|gcb2025v15,derived
1992,price_index_metals_production_weighted,index,66.286262682577,index_1900=100,jacks2019|usgs_ds140|gcb2025v15,derived
1993,price_index_metals_production_weighted,index,61.281473089366436,index_1900=100,jacks2019|usgs_ds140|gcb2025v15,derived
1994,price_index_metals_production_weighted,index,59.42176408856588,index_1900=100,jacks2019|usgs_ds140|gcb2025v15,derived
1995,price_index_metals_production_weighted,index,61.11437621159551,index_1900=100,jacks2019|usgs_ds140|gcb2025v15,derived
1996,price_index_metals_production_weighted,index,61.11247822114457,index_1900=100,jacks2019|usgs_ds140|gcb2025v15,derived
1997,price_index_metals_production_weighted,index,61.716702300231894,index_1900=100,jacks2019|usgs_ds140|gcb2025v15,derived
1998,price_index_metals_production_weighted,index,60.98910176661704,index_1900=100,jacks2019|usgs_ds140|gcb2025v15,derived
1999,price_index_metals_production_weighted,index,51.74226363579566,index_1900=100,jacks2019|usgs_ds140|gcb2025v15,derived
2000,price_index_metals_production_weighted,index,52.55230164400131,index_1900=100,jacks2019|usgs_ds140|gcb2025v15,derived
2001,price_index_metals_production_weighted,index,44.43576694215874,index_1900=100,jacks2019|usgs_ds140|gcb2025v15,derived
2002,price_index_metals_production_weighted,index,46.92118452361551,index_1900=100,jacks2019|usgs_ds140|gcb2025v15,derived
2003,price_index_metals_production_weighted,index,56.12632912092137,index_1900=100,jacks2019|usgs_ds140|gcb2025v15,derived
2004,price_index_metals_production_weighted,index,72.71089870051779,index_1900=100,jacks2019|usgs_ds140|gcb2025v15,derived
2005,price_index_metals_production_weighted,index,85.08719965160738,index_1900=100,jacks2019|usgs_ds140|gcb2025v15,derived
2006,price_index_metals_production_weighted,index,91.29409307012064,index_1900=100,jacks2019|usgs_ds140|gcb2025v15,derived
2007,price_index_metals_production_weighted,index,92.6567047310868,index_1900=100,jacks2019|usgs_ds140|gcb2025v15,derived
2008,price_index_metals_production_weighted,index,121.26981395109435,index_1900=100,jacks2019|usgs_ds140|gcb2025v15,derived
2009,price_index_metals_production_weighted,index,127.38592956693185,index_1900=100,jacks2019|usgs_ds140|gcb2025v15,derived
2010,price_index_metals_production_weighted,index,134.62084823201033,index_1900=100,jacks2019|usgs_ds140|gcb2025v15,derived
2011,price_index_metals_production_weighted,index,147.88820505425986,index_1900=100,jacks2019|usgs_ds140|gcb2025v15,derived
2012,price_index_metals_production_weighted,index,118.9343452752909,index_1900=100,jacks2019|usgs_ds140|gcb2025v15,derived
2013,price_index_metals_production_weighted,index,118.5962629434205,index_1900=100,jacks2019|usgs_ds140|gcb2025v15,derived
2014,price_index_metals_production_weighted,index,95.76924060849478,index_1900=100,jacks2019|usgs_ds140|gcb2025v15,derived
2015,price_index_metals_production_weighted,index,67.50417249478043,index_1900=100,jacks2019|usgs_ds140|gcb2025v15,derived
2016,price_index_metals_production_weighted,index,64.2384350787691,index_1900=100,jacks2019|usgs_ds140|gcb2025v15,derived
2017,price_index_metals_production_weighted,index,72.8084467072765,index_1900=100,jacks2019|usgs_ds140|gcb2025v15,derived
2018,price_index_metals_production_weighted,index,75.10545492311407,index_1900=100,jacks2019|usgs_ds140|gcb2025v15,derived
2019,price_index_metals_production_weighted,index,86.12655046185489,index_1900=100,jacks2019|usgs_ds140|gcb2025v15,derived
2020,price_index_metals_production_weighted,index,89.91658294654411,index_1900=100,jacks2019|usgs_ds140|gcb2025v15,derived
2021,price_index_metals_production_weighted,index,123.30976197199051,index_1900=100,jacks2019|usgs_ds140|gcb2025v15,derived
2022,price_index_metals_production_weighted,index,105.79308736705634,index_1900=100,jacks2019|usgs_ds140|gcb2025v15,derived
2023,price_index_metals_production_weighted,index,97.19985335687464,index_1900=100,jacks2019|usgs_ds140|gcb2025v15,derived
2024,price_index_metals_production_weighted,index,87.9560811458807,index_1900=100,jacks2019|usgs_ds140|gcb2025v15,derived
2025,price_index_metals_production_weighted,index,81.8416575196624,index_1900=100,jacks2019|usgs_ds140|gcb2025v15,derived
1850,price_index_metals_unweighted,index,147.55375,index_1900=100,jacks2019,derived
1851,price_index_metals_unweighted,index,150.11124999999998,index_1900=100,jacks2019,derived
1852,price_index_metals_unweighted,index,153.2525,index_1900=100,jacks2019,derived
1853,price_index_metals_unweighted,index,167.41375000000002,index_1900=100,jacks2019,derived
1854,price_index_metals_unweighted,index,158.83,index_1900=100,jacks2019,derived
1855,price_index_metals_unweighted,index,144.99249999999998,index_1900=100,jacks2019,derived
1856,price_index_metals_unweighted,index,150.7925,index_1900=100,jacks2019,derived
1857,price_index_metals_unweighted,index,147.84249999999997,index_1900=100,jacks2019,derived
1858,price_index_metals_unweighted,index,141.29875,index_1900=100,jacks2019,derived
1859,price_index_metals_unweighted,index,138.08625,index_1900=100,jacks2019,derived
1860,price_index_metals_unweighted,index,136.24625,index_1900=100,jacks2019,derived
1861,price_index_metals_unweighted,index,124.24374999999999,index_1900=100,jacks2019,derived
1862,price_index_metals_unweighted,index,118.85875000000001,index_1900=100,jacks2019,derived
1863,price_index_metals_unweighted,index,118.4525,index_1900=100,jacks2019,derived
1864,price_index_metals_unweighted,index,122.30250000000001,index_1900=100,jacks2019,derived
1865,price_index_metals_unweighted,index,91.24875,index_1900=100,jacks2019,derived
1866,price_index_metals_unweighted,index,91.48875,index_1900=100,jacks2019,derived
1867,price_index_metals_unweighted,index,94.2675,index_1900=100,jacks2019,derived
1868,price_index_metals_unweighted,index,91.89625000000001,index_1900=100,jacks2019,derived
1869,price_index_metals_unweighted,index,98.21499999999997,index_1900=100,jacks2019,derived
1870,price_index_metals_unweighted,index,94.56875,index_1900=100,jacks2019,derived
1871,price_index_metals_unweighted,index,98.77000000000001,index_1900=100,jacks2019,derived
1872,price_index_metals_unweighted,index,119.74249999999999,index_1900=100,jacks2019,derived
1873,price_index_metals_unweighted,index,151.18,index_1900=100,jacks2019,derived
1874,price_index_metals_unweighted,index,138.965,index_1900=100,jacks2019,derived
1875,price_index_metals_unweighted,index,140.11625,index_1900=100,jacks2019,derived
1876,price_index_metals_unweighted,index,131.86875,index_1900=100,jacks2019,derived
1877,price_index_metals_unweighted,index,109.94500000000001,index_1900=100,jacks2019,derived
1878,price_index_metals_unweighted,index,93.15875,index_1900=100,jacks2019,derived
1879,price_index_metals_unweighted,index,91.94375000000001,index_1900=100,jacks2019,derived
1880,price_index_metals_unweighted,index,93.76625000000001,index_1900=100,jacks2019,derived
1881,price_index_metals_unweighted,index,91.82,index_1900=100,jacks2019,derived
1882,price_index_metals_unweighted,index,93.89125000000001,index_1900=100,jacks2019,derived
1883,price_index_metals_unweighted,index,94.05,index_1900=100,jacks2019,derived
1884,price_index_metals_unweighted,index,83.51624999999999,index_1900=100,jacks2019,derived
1885,price_index_metals_unweighted,index,82.12,index_1900=100,jacks2019,derived
1886,price_index_metals_unweighted,index,82.31625,index_1900=100,jacks2019,derived
1887,price_index_metals_unweighted,index,85.94124999999998,index_1900=100,jacks2019,derived
1888,price_index_metals_unweighted,index,92.66,index_1900=100,jacks2019,derived
1889,price_index_metals_unweighted,index,90.52125,index_1900=100,jacks2019,derived
1890,price_index_metals_unweighted,index,95.44,index_1900=100,jacks2019,derived
1891,price_index_metals_unweighted,index,88.685,index_1900=100,jacks2019,derived
1892,price_index_metals_unweighted,index,87.16125000000001,index_1900=100,jacks2019,derived
1893,price_index_metals_unweighted,index,77.1575,index_1900=100,jacks2019,derived
1894,price_index_metals_unweighted,index,76.64125,index_1900=100,jacks2019,derived
1895,price_index_metals_unweighted,index,74.62375000000002,index_1900=100,jacks2019,derived
1896,price_index_metals_unweighted,index,77.10249999999999,index_1900=100,jacks2019,derived
1897,price_index_metals_unweighted,index,77.86749999999999,index_1900=100,jacks2019,derived
1898,price_index_metals_unweighted,index,81.13749999999999,index_1900=100,jacks2019,derived
1899,price_index_metals_unweighted,index,102.68625,index_1900=100,jacks2019,derived
1900,price_index_metals_unweighted,index,100.0,index_1900=100,jacks2019,derived
1901,price_index_metals_unweighted,index,96.19571428571427,index_1900=100,jacks2019,derived
1902,price_index_metals_unweighted,index,92.20857142857142,index_1900=100,jacks2019,derived
1903,price_index_metals_unweighted,index,96.39071428571428,index_1900=100,jacks2019,derived
1904,price_index_metals_unweighted,index,87.89071428571428,index_1900=100,jacks2019,derived
1905,price_index_metals_unweighted,index,97.63857142857141,index_1900=100,jacks2019,derived
1906,price_index_metals_unweighted,index,108.89999999999999,index_1900=100,jacks2019,derived
1907,price_index_metals_unweighted,index,108.41428571428571,index_1900=100,jacks2019,derived
1908,price_index_metals_unweighted,index,88.35071428571429,index_1900=100,jacks2019,derived
1909,price_index_metals_unweighted,index,89.25285714285714,index_1900=100,jacks2019,derived
1910,price_index_metals_unweighted,index,88.65499999999999,index_1900=100,jacks2019,derived
1911,price_index_metals_unweighted,index,91.32714285714285,index_1900=100,jacks2019,derived
1912,price_index_metals_unweighted,index,93.83,index_1900=100,jacks2019,derived
1913,price_index_metals_unweighted,index,91.31785714285715,index_1900=100,jacks2019,derived
1914,price_index_metals_unweighted,index,82.49857142857141,index_1900=100,jacks2019,derived
1915,price_index_metals_unweighted,index,103.80642857142858,index_1900=100,jacks2019,derived
1916,price_index_metals_unweighted,index,126.36428571428569,index_1900=100,jacks2019,derived
1917,price_index_metals_unweighted,index,115.94357142857143,index_1900=100,jacks2019,derived
1918,price_index_metals_unweighted,index,106.65928571428572,index_1900=100,jacks2019,derived
1919,price_index_metals_unweighted,index,88.47571428571429,index_1900=100,jacks2019,derived
1920,price_index_metals_unweighted,index,70.46285714285715,index_1900=100,jacks2019,derived
1921,price_index_metals_unweighted,index,54.01642857142856,index_1900=100,jacks2019,derived
1922,price_index_metals_unweighted,index,63.8507142857143,index_1900=100,jacks2019,derived
1923,price_index_metals_unweighted,index,73.94357142857143,index_1900=100,jacks2019,derived
1924,price_index_metals_unweighted,index,72.725,index_1900=100,jacks2019,derived
1925,price_index_metals_unweighted,index,73.60928571428572,index_1900=100,jacks2019,derived
1926,price_index_metals_unweighted,index,70.17214285714286,index_1900=100,jacks2019,derived
1927,price_index_metals_unweighted,index,62.832857142857144,index_1900=100,jacks2019,derived
1928,price_index_metals_unweighted,index,61.74357142857143,index_1900=100,jacks2019,derived
1929,price_index_metals_unweighted,index,60.824999999999996,index_1900=100,jacks2019,derived
1930,price_index_metals_unweighted,index,51.47857142857142,index_1900=100,jacks2019,derived
1931,price_index_metals_unweighted,index,49.61500000000001,index_1900=100,jacks2019,derived
1932,price_index_metals_unweighted,index,53.430000000000014,index_1900=100,jacks2019,derived
1933,price_index_metals_unweighted,index,68.89928571428571,index_1900=100,jacks2019,derived
1934,price_index_metals_unweighted,index,69.24285714285715,index_1900=100,jacks2019,derived
1935,price_index_metals_unweighted,index,67.99142857142856,index_1900=100,jacks2019,derived
1936,price_index_metals_unweighted,index,69.01642857142858,index_1900=100,jacks2019,derived
1937,price_index_metals_unweighted,index,74.1842857142857,index_1900=100,jacks2019,derived
1938,price_index_metals_unweighted,index,68.24857142857142,index_1900=100,jacks2019,derived
1939,price_index_metals_unweighted,index,70.59785714285714,index_1900=100,jacks2019,derived
1940,price_index_metals_unweighted,index,69.31642857142857,index_1900=100,jacks2019,derived
1941,price_index_metals_unweighted,index,68.03071428571427,index_1900=100,jacks2019,derived
1942,price_index_metals_unweighted,index,63.94642857142857,index_1900=100,jacks2019,derived
1943,price_index_metals_unweighted,index,61.26285714285714,index_1900=100,jacks2019,derived
1944,price_index_metals_unweighted,index,61.71785714285715,index_1900=100,jacks2019,derived
1945,price_index_metals_unweighted,index,63.022857142857134,index_1900=100,jacks2019,derived
1946,price_index_metals_unweighted,index,64.395,index_1900=100,jacks2019,derived
1947,price_index_metals_unweighted,index,66.17357142857144,index_1900=100,jacks2019,derived
1948,price_index_metals_unweighted,index,71.88357142857143,index_1900=100,jacks2019,derived
1949,price_index_metals_unweighted,index,69.64142857142858,index_1900=100,jacks2019,derived
1950,price_index_metals_unweighted,index,71.84,index_1900=100,jacks2019,derived
1951,price_index_metals_unweighted,index,77.20785714285714,index_1900=100,jacks2019,derived
1952,price_index_metals_unweighted,index,76.49142857142856,index_1900=100,jacks2019,derived
1953,price_index_metals_unweighted,index,73.06071428571428,index_1900=100,jacks2019,derived
1954,price_index_metals_unweighted,index,70.735,index_1900=100,jacks2019,derived
1955,price_index_metals_unweighted,index,74.46357142857144,index_1900=100,jacks2019,derived
1956,price_index_metals_unweighted,index,80.19857142857143,index_1900=100,jacks2019,derived
1957,price_index_metals_unweighted,index,77.13000000000001,index_1900=100,jacks2019,derived
1958,price_index_metals_unweighted,index,69.56142857142858,index_1900=100,jacks2019,derived
1959,price_index_metals_unweighted,index,72.5257142857143,index_1900=100,jacks2019,derived
1960,price_index_metals_unweighted,index,70.52000000000001,index_1900=100,jacks2019,derived
1961,price_index_metals_unweighted,index,70.53214285714286,index_1900=100,jacks2019,derived
1962,price_index_metals_unweighted,index,71.18071428571429,index_1900=100,jacks2019,derived
1963,price_index_metals_unweighted,index,70.91714285714285,index_1900=100,jacks2019,derived
1964,price_index_metals_unweighted,index,76.42071428571428,index_1900=100,jacks2019,derived
1965,price_index_metals_unweighted,index,78.42142857142856,index_1900=100,jacks2019,derived
1966,price_index_metals_unweighted,index,75.52071428571428,index_1900=100,jacks2019,derived
1967,price_index_metals_unweighted,index,75.33928571428571,index_1900=100,jacks2019,derived
1968,price_index_metals_unweighted,index,74.48071428571428,index_1900=100,jacks2019,derived
1969,price_index_metals_unweighted,index,73.84214285714286,index_1900=100,jacks2019,derived
1970,price_index_metals_unweighted,index,72.75500000000001,index_1900=100,jacks2019,derived
1971,price_index_metals_unweighted,index,70.80142857142857,index_1900=100,jacks2019,derived
1972,price_index_metals_unweighted,index,73.08500000000001,index_1900=100,jacks2019,derived
1973,price_index_metals_unweighted,index,81.31285714285714,index_1900=100,jacks2019,derived
1974,price_index_metals_unweighted,index,109.88285714285715,index_1900=100,jacks2019,derived
1975,price_index_metals_unweighted,index,106.27071428571423,index_1900=100,jacks2019,derived
1976,price_index_metals_unweighted,index,102.53285714285711,index_1900=100,jacks2019,derived
1977,price_index_metals_unweighted,index,106.79785714285714,index_1900=100,jacks2019,derived
1978,price_index_metals_unweighted,index,111.61714285714284,index_1900=100,jacks2019,derived
1979,price_index_metals_unweighted,index,132.50571428571428,index_1900=100,jacks2019,derived
1980,price_index_metals_unweighted,index,152.57785714285714,index_1900=100,jacks2019,derived
1981,price_index_metals_unweighted,index,113.33928571428574,index_1900=100,jacks2019,derived
1982,price_index_metals_unweighted,index,96.65357142857142,index_1900=100,jacks2019,derived
1983,price_index_metals_unweighted,index,101.02357142857143,index_1900=100,jacks2019,derived
1984,price_index_metals_unweighted,index,91.32357142857143,index_1900=100,jacks2019,derived
1985,price_index_metals_unweighted,index,82.15499999999999,index_1900=100,jacks2019,derived
1986,price_index_metals_unweighted,index,78.41857142857144,index_1900=100,jacks2019,derived
1987,price_index_metals_unweighted,index,80.78214285714286,index_1900=100,jacks2019,derived
1988,price_index_metals_unweighted,index,90.17285714285713,index_1900=100,jacks2019,derived
1989,price_index_metals_unweighted,index,92.4407142857143,index_1900=100,jacks2019,derived
1990,price_index_metals_unweighted,index,81.38071428571428,index_1900=100,jacks2019,derived
1991,price_index_metals_unweighted,index,73.27142857142857,index_1900=100,jacks2019,derived
1992,price_index_metals_unweighted,index,66.52642857142857,index_1900=100,jacks2019,derived
1993,price_index_metals_unweighted,index,59.33928571428573,index_1900=100,jacks2019,derived
1994,price_index_metals_unweighted,index,61.22357142857142,index_1900=100,jacks2019,derived
1995,price_index_metals_unweighted,index,65.94500000000001,index_1900=100,jacks2019,derived
1996,price_index_metals_unweighted,index,62.57571428571429,index_1900=100,jacks2019,derived
1997,price_index_metals_unweighted,index,60.51857142857142,index_1900=100,jacks2019,derived
1998,price_index_metals_unweighted,index,54.24357142857142,index_1900=100,jacks2019,derived
1999,price_index_metals_unweighted,index,49.70714285714286,index_1900=100,jacks2019,derived
2000,price_index_metals_unweighted,index,53.81357142857143,index_1900=100,jacks2019,derived
2001,price_index_metals_unweighted,index,47.83214285714285,index_1900=100,jacks2019,derived
2002,price_index_metals_unweighted,index,46.618571428571435,index_1900=100,jacks2019,derived
2003,price_index_metals_unweighted,index,54.98,index_1900=100,jacks2019,derived
2004,price_index_metals_unweighted,index,75.99357142857143,index_1900=100,jacks2019,derived
2005,price_index_metals_unweighted,index,75.50571428571429,index_1900=100,jacks2019,derived
2006,price_index_metals_unweighted,index,93.64642857142856,index_1900=100,jacks2019,derived
2007,price_index_metals_unweighted,index,119.29642857142856,index_1900=100,jacks2019,derived
2008,price_index_metals_unweighted,index,133.8685714285714,index_1900=100,jacks2019,derived
2009,price_index_metals_unweighted,index,103.9957142857143,index_1900=100,jacks2019,derived
2010,price_index_metals_unweighted,index,128.71642857142857,index_1900=100,jacks2019,derived
2011,price_index_metals_unweighted,index,147.76,index_1900=100,jacks2019,derived
2012,price_index_metals_unweighted,index,129.12071428571429,index_1900=100,jacks2019,derived
2013,price_index_metals_unweighted,index,115.96214285714284,index_1900=100,jacks2019,derived
2014,price_index_metals_unweighted,index,108.65,index_1900=100,jacks2019,derived
2015,price_index_metals_unweighted,index,91.41999999999999,index_1900=100,jacks2019,derived
2016,price_index_metals_unweighted,index,86.76071428571426,index_1900=100,jacks2019,derived
2017,price_index_metals_unweighted,index,93.63285714285713,index_1900=100,jacks2019,derived
2018,price_index_metals_unweighted,index,92.99000000000001,index_1900=100,jacks2019,derived
2019,price_index_metals_unweighted,index,90.19071428571431,index_1900=100,jacks2019,derived
2020,price_index_metals_unweighted,index,93.07785714285714,index_1900=100,jacks2019,derived
2021,price_index_metals_unweighted,index,118.56714285714285,index_1900=100,jacks2019,derived
2022,price_index_metals_unweighted,index,110.44785714285715,index_1900=100,jacks2019,derived
2023,price_index_metals_unweighted,index,101.4,index_1900=100,jacks2019,derived
2024,price_index_metals_unweighted,index,103.01642857142859,index_1900=100,jacks2019,derived
2025,price_index_metals_unweighted,index,117.87428571428573,index_1900=100,jacks2019,derived
2015,price_index_weight,aluminum,10452017.24137931,"t_per_year (mean 1900-2015, basis metal)",usgs_ds140|gcb2025v15,derived
2015,price_index_weight,bauxite,58364646.551724136,"t_per_year (mean 1900-2015, basis gross)",usgs_ds140|gcb2025v15,derived
2015,price_index_weight,chromium,2082866.3793103448,"t_per_year (mean 1900-2015, basis metal)",usgs_ds140|gcb2025v15,derived
2015,price_index_weight,coal,2377755469.3385334,"t_per_year (mean 1900-2015, basis fuel)",usgs_ds140|gcb2025v15,derived
2015,price_index_weight,copper,5585327.586206896,"t_per_year (mean 1900-2015, basis metal)",usgs_ds140|gcb2025v15,derived
2015,price_index_weight,gold,1318.9913793103449,"t_per_year (mean 1900-2015, basis metal)",usgs_ds140|gcb2025v15,derived
2015,price_index_weight,iron_ore,617516964.2857143,"t_per_year (mean 1900-2015, basis gross)",usgs_ds140|gcb2025v15,derived
2015,price_index_weight,lead,2516010.101010101,"t_per_year (mean 1900-2015, basis metal)",usgs_ds140|gcb2025v15,derived
2015,price_index_weight,manganese,5436456.8965517245,"t_per_year (mean 1900-2015, basis metal)",usgs_ds140|gcb2025v15,derived
2015,price_index_weight,natural_gas,667399071.0861146,"t_per_year (mean 1900-2015, basis fuel)",usgs_ds140|gcb2025v15,derived
2015,price_index_weight,nickel,541618.0172413794,"t_per_year (mean 1900-2015, basis metal)",usgs_ds140|gcb2025v15,derived
2015,price_index_weight,petroleum,1472053615.8596234,"t_per_year (mean 1900-2015, basis fuel)",usgs_ds140|gcb2025v15,derived
2015,price_index_weight,phosphate,70693965.51724137,"t_per_year (mean 1900-2015, basis gross)",usgs_ds140|gcb2025v15,derived
2015,price_index_weight,platinum,138.0403448275862,"t_per_year (mean 1900-2015, basis metal)",usgs_ds140|gcb2025v15,derived
2015,price_index_weight,potash,15789175.25773196,"t_per_year (mean 1900-2015, basis gross)",usgs_ds140|gcb2025v15,derived
2015,price_index_weight,silver,10404.137931034482,"t_per_year (mean 1900-2015, basis metal)",usgs_ds140|gcb2025v15,derived
2015,price_index_weight,steel,354822641.509434,"t_per_year (mean 1900-2015, basis metal)",usgs_ds140|gcb2025v15,derived
2015,price_index_weight,sulfur,28287413.79310345,"t_per_year (mean 1900-2015, basis gross)",usgs_ds140|gcb2025v15,derived
2015,price_index_weight,tin,189409.9099099099,"t_per_year (mean 1900-2015, basis metal)",usgs_ds140|gcb2025v15,derived
2015,price_index_weight,zinc,4287120.689655173,"t_per_year (mean 1900-2015, basis metal)",usgs_ds140|gcb2025v15,derived
2025,reserves_gt,bauxite,29.0,Gt (gross basis),usgs_mcs2026:p51,transcribed
2025,reserves_gt,chromium_ore,1.2,Gt (gross basis),usgs_mcs2026:p67,transcribed
2025,reserves_gt,cobalt,0.012,Gt (metal basis),usgs_mcs2026:p71,transcribed
2025,reserves_gt,copper,0.98,Gt (metal basis),usgs_mcs2026:p73,transcribed
2025,reserves_gt,gold,6.6e-05,Gt (metal basis),usgs_mcs2026:p91,transcribed
2025,reserves_gt,iron_ore_usable,200.0,Gt (gross basis),usgs_mcs2026:p109,transcribed
2025,reserves_gt,lead,0.095,Gt (metal basis),usgs_mcs2026:p115,transcribed
2025,reserves_gt,lithium,0.037000000000000005,Gt (metal basis),usgs_mcs2026:p119,transcribed
2025,reserves_gt,manganese,1.7999999999999998,Gt (metal basis),usgs_mcs2026:p125,transcribed
2025,reserves_gt,molybdenum,0.017,Gt (metal basis),usgs_mcs2026:p131,transcribed
2025,reserves_gt,nickel,0.14,Gt (metal basis),usgs_mcs2026:p133,transcribed
2025,reserves_gt,phosphate_rock,73.0,Gt (gross basis),usgs_mcs2026:p143,transcribed
2025,reserves_gt,platinum_group_metals,7.6e-05,Gt (metal basis),usgs_mcs2026:p145,transcribed
2025,reserves_gt,potash_ore,10.0,Gt (gross basis),usgs_mcs2026:p147,transcribed
2025,reserves_gt,rare_earths,0.07500000000000001,Gt (metal basis),usgs_mcs2026:p153,transcribed
2025,reserves_gt,silver,0.0006100000000000001,Gt (metal basis),usgs_mcs2026:p173,transcribed
2025,reserves_gt,soda_ash_natural,25.0,Gt (gross basis),usgs_mcs2026:p175,transcribed
2025,reserves_gt,tin,0.006,Gt (metal basis),usgs_mcs2026:p195,transcribed
2025,reserves_gt,titanium_ilmenite_rutile,0.5399999999999999,Gt (gross basis),usgs_mcs2026:p199,transcribed
2025,reserves_gt,tungsten,0.0047,Gt (metal basis),usgs_mcs2026:p201,transcribed
2025,reserves_gt,vanadium,0.021,Gt (metal basis),usgs_mcs2026:p203,transcribed
2025,reserves_gt,zinc,0.24,Gt (metal basis),usgs_mcs2026:p213,transcribed
2025,reserves_gt_category,metal_ores,230.73999999999998,Gt (gross basis),usgs_mcs2026,derived_partial_coverage
2025,reserves_gt_category,metal_ores,3.428452,Gt (metal basis),usgs_mcs2026,derived_partial_coverage
2025,reserves_gt_category,non_metallic_minerals,108.0,Gt (gross basis),usgs_mcs2026,derived_partial_coverage
2005,reserves_gt_category_high,fossil_fuels,2672.0799659134645,Gt (fuel basis),rogner2012_gea_ch7:table7.1_p431+ipcc2006_v2_ch1,derived
2005,reserves_gt_category_high,fossil_fuels_conventional_and_coal,1141.7755923910056,Gt (fuel basis; conventional oil and gas plus coal),rogner2012_gea_ch7:table7.1_p431+ipcc2006_v2_ch1,derived
2005,reserves_gt_category_low,fossil_fuels,1397.9510280939028,Gt (fuel basis),rogner2012_gea_ch7:table7.1_p431+ipcc2006_v2_ch1,derived
2005,reserves_gt_category_low,fossil_fuels_conventional_and_coal,890.5485458243993,Gt (fuel basis; conventional oil and gas plus coal),rogner2012_gea_ch7:table7.1_p431+ipcc2006_v2_ch1,derived
2025,undiscovered_resources_gt,copper,3.5,Gt (contained metal),usgs_mcs2026:p73,transcribed
