year,series,region_or_material,value,unit,source,method
2016.0,global_openly_dumped_or_burned_share,World,33.0,percent_of_MSW,"Kaza et al. 2018, What a Waste 2.0, p. 5",transcribed
2016.0,global_recovered_share,World,19.0,percent_of_MSW,"Kaza et al. 2018, What a Waste 2.0, p. 5",transcribed
2016.0,global_incinerated_share,World,11.0,percent_of_MSW,"Kaza et al. 2018, What a Waste 2.0, p. 5",transcribed
2016.0,global_landfilled_share,World,37.0,percent_of_MSW,"Kaza et al. 2018, What a Waste 2.0, p. 5",transcribed
2016.0,global_treated_share,World,67.0,percent_of_MSW,"Kaza et al. 2018, What a Waste 2.0, p. 5",computed_as_100_minus_open_dump
2016.0,global_collected_share_population_weighted,World,84.31890223459003,percent_of_population,"Kaza et al. 2018, What a Waste Global Database, country_level_data.csv",computed
2016.0,global_msw_generated,World,2.07395588181779,Gt_per_year,"Kaza et al. 2018, What a Waste Global Database, country_level_data.csv",computed
2020.0,global_openly_dumped_or_burned_share,World,38.0,percent_of_MSW,"UNEP 2024, Global Waste Management Outlook 2024, p. 21",transcribed
2050.0,global_openly_dumped_or_burned_share,World,41.0,percent_of_MSW,"UNEP 2024, Global Waste Management Outlook 2024, p. 22",transcribed
2020.0,global_treated_share,World,62.0,percent_of_MSW,"UNEP 2024, Global Waste Management Outlook 2024, p. 21",computed_as_100_minus_uncontrolled
2020.0,global_collected_share,World,89.0,percent_of_MSW,"UNEP 2024, Global Waste Management Outlook 2024, table 2B.1.1, annex 2",transcribed_table
2020.0,global_msw_generated,World,2.1,Gt_per_year,"UNEP 2024, Global Waste Management Outlook 2024, p. 19",transcribed
2018.0,unit_cost_collection_and_transfer_low__kaza2018,LIC,20.0,"current_USD_per_tonne_price_base_not_stated (report published 2018, data year 2016)","Kaza et al. 2018, What a Waste 2.0, table 5.2, p. 104",transcribed
2018.0,unit_cost_collection_and_transfer_high__kaza2018,LIC,50.0,"current_USD_per_tonne_price_base_not_stated (report published 2018, data year 2016)","Kaza et al. 2018, What a Waste 2.0, table 5.2, p. 104",transcribed
2018.0,unit_cost_collection_and_transfer_low__kaza2018,LMC,30.0,"current_USD_per_tonne_price_base_not_stated (report published 2018, data year 2016)","Kaza et al. 2018, What a Waste 2.0, table 5.2, p. 104",transcribed
2018.0,unit_cost_collection_and_transfer_high__kaza2018,LMC,75.0,"current_USD_per_tonne_price_base_not_stated (report published 2018, data year 2016)","Kaza et al. 2018, What a Waste 2.0, table 5.2, p. 104",transcribed
2018.0,unit_cost_collection_and_transfer_low__kaza2018,UMC,50.0,"current_USD_per_tonne_price_base_not_stated (report published 2018, data year 2016)","Kaza et al. 2018, What a Waste 2.0, table 5.2, p. 104",transcribed
2018.0,unit_cost_collection_and_transfer_high__kaza2018,UMC,100.0,"current_USD_per_tonne_price_base_not_stated (report published 2018, data year 2016)","Kaza et al. 2018, What a Waste 2.0, table 5.2, p. 104",transcribed
2018.0,unit_cost_collection_and_transfer_low__kaza2018,HIC,90.0,"current_USD_per_tonne_price_base_not_stated (report published 2018, data year 2016)","Kaza et al. 2018, What a Waste 2.0, table 5.2, p. 104",transcribed
2018.0,unit_cost_collection_and_transfer_high__kaza2018,HIC,200.0,"current_USD_per_tonne_price_base_not_stated (report published 2018, data year 2016)","Kaza et al. 2018, What a Waste 2.0, table 5.2, p. 104",transcribed
2018.0,unit_cost_controlled_to_sanitary_landfill_low__kaza2018,LIC,10.0,"current_USD_per_tonne_price_base_not_stated (report published 2018, data year 2016)","Kaza et al. 2018, What a Waste 2.0, table 5.2, p. 104",transcribed
2018.0,unit_cost_controlled_to_sanitary_landfill_high__kaza2018,LIC,20.0,"current_USD_per_tonne_price_base_not_stated (report published 2018, data year 2016)","Kaza et al. 2018, What a Waste 2.0, table 5.2, p. 104",transcribed
2018.0,unit_cost_controlled_to_sanitary_landfill_low__kaza2018,LMC,15.0,"current_USD_per_tonne_price_base_not_stated (report published 2018, data year 2016)","Kaza et al. 2018, What a Waste 2.0, table 5.2, p. 104",transcribed
2018.0,unit_cost_controlled_to_sanitary_landfill_high__kaza2018,LMC,40.0,"current_USD_per_tonne_price_base_not_stated (report published 2018, data year 2016)","Kaza et al. 2018, What a Waste 2.0, table 5.2, p. 104",transcribed
2018.0,unit_cost_controlled_to_sanitary_landfill_low__kaza2018,UMC,20.0,"current_USD_per_tonne_price_base_not_stated (report published 2018, data year 2016)","Kaza et al. 2018, What a Waste 2.0, table 5.2, p. 104",transcribed
2018.0,unit_cost_controlled_to_sanitary_landfill_high__kaza2018,UMC,65.0,"current_USD_per_tonne_price_base_not_stated (report published 2018, data year 2016)","Kaza et al. 2018, What a Waste 2.0, table 5.2, p. 104",transcribed
2018.0,unit_cost_controlled_to_sanitary_landfill_low__kaza2018,HIC,40.0,"current_USD_per_tonne_price_base_not_stated (report published 2018, data year 2016)","Kaza et al. 2018, What a Waste 2.0, table 5.2, p. 104",transcribed
2018.0,unit_cost_controlled_to_sanitary_landfill_high__kaza2018,HIC,100.0,"current_USD_per_tonne_price_base_not_stated (report published 2018, data year 2016)","Kaza et al. 2018, What a Waste 2.0, table 5.2, p. 104",transcribed
2018.0,unit_cost_open_dumping_low__kaza2018,LIC,2.0,"current_USD_per_tonne_price_base_not_stated (report published 2018, data year 2016)","Kaza et al. 2018, What a Waste 2.0, table 5.2, p. 104",transcribed
2018.0,unit_cost_open_dumping_high__kaza2018,LIC,8.0,"current_USD_per_tonne_price_base_not_stated (report published 2018, data year 2016)","Kaza et al. 2018, What a Waste 2.0, table 5.2, p. 104",transcribed
2018.0,unit_cost_open_dumping_low__kaza2018,LMC,3.0,"current_USD_per_tonne_price_base_not_stated (report published 2018, data year 2016)","Kaza et al. 2018, What a Waste 2.0, table 5.2, p. 104",transcribed
2018.0,unit_cost_open_dumping_high__kaza2018,LMC,10.0,"current_USD_per_tonne_price_base_not_stated (report published 2018, data year 2016)","Kaza et al. 2018, What a Waste 2.0, table 5.2, p. 104",transcribed
2018.0,unit_cost_recycling_low__kaza2018,LIC,0.0,"current_USD_per_tonne_price_base_not_stated (report published 2018, data year 2016)","Kaza et al. 2018, What a Waste 2.0, table 5.2, p. 104",transcribed
2018.0,unit_cost_recycling_high__kaza2018,LIC,25.0,"current_USD_per_tonne_price_base_not_stated (report published 2018, data year 2016)","Kaza et al. 2018, What a Waste 2.0, table 5.2, p. 104",transcribed
2018.0,unit_cost_recycling_low__kaza2018,LMC,5.0,"current_USD_per_tonne_price_base_not_stated (report published 2018, data year 2016)","Kaza et al. 2018, What a Waste 2.0, table 5.2, p. 104",transcribed
2018.0,unit_cost_recycling_high__kaza2018,LMC,30.0,"current_USD_per_tonne_price_base_not_stated (report published 2018, data year 2016)","Kaza et al. 2018, What a Waste 2.0, table 5.2, p. 104",transcribed
2018.0,unit_cost_recycling_low__kaza2018,UMC,5.0,"current_USD_per_tonne_price_base_not_stated (report published 2018, data year 2016)","Kaza et al. 2018, What a Waste 2.0, table 5.2, p. 104",transcribed
2018.0,unit_cost_recycling_high__kaza2018,UMC,50.0,"current_USD_per_tonne_price_base_not_stated (report published 2018, data year 2016)","Kaza et al. 2018, What a Waste 2.0, table 5.2, p. 104",transcribed
2018.0,unit_cost_recycling_low__kaza2018,HIC,30.0,"current_USD_per_tonne_price_base_not_stated (report published 2018, data year 2016)","Kaza et al. 2018, What a Waste 2.0, table 5.2, p. 104",transcribed
2018.0,unit_cost_recycling_high__kaza2018,HIC,80.0,"current_USD_per_tonne_price_base_not_stated (report published 2018, data year 2016)","Kaza et al. 2018, What a Waste 2.0, table 5.2, p. 104",transcribed
2018.0,unit_cost_composting_low__kaza2018,LIC,5.0,"current_USD_per_tonne_price_base_not_stated (report published 2018, data year 2016)","Kaza et al. 2018, What a Waste 2.0, table 5.2, p. 104",transcribed
2018.0,unit_cost_composting_high__kaza2018,LIC,30.0,"current_USD_per_tonne_price_base_not_stated (report published 2018, data year 2016)","Kaza et al. 2018, What a Waste 2.0, table 5.2, p. 104",transcribed
2018.0,unit_cost_composting_low__kaza2018,LMC,10.0,"current_USD_per_tonne_price_base_not_stated (report published 2018, data year 2016)","Kaza et al. 2018, What a Waste 2.0, table 5.2, p. 104",transcribed
2018.0,unit_cost_composting_high__kaza2018,LMC,40.0,"current_USD_per_tonne_price_base_not_stated (report published 2018, data year 2016)","Kaza et al. 2018, What a Waste 2.0, table 5.2, p. 104",transcribed
2018.0,unit_cost_composting_low__kaza2018,UMC,20.0,"current_USD_per_tonne_price_base_not_stated (report published 2018, data year 2016)","Kaza et al. 2018, What a Waste 2.0, table 5.2, p. 104",transcribed
2018.0,unit_cost_composting_high__kaza2018,UMC,75.0,"current_USD_per_tonne_price_base_not_stated (report published 2018, data year 2016)","Kaza et al. 2018, What a Waste 2.0, table 5.2, p. 104",transcribed
2018.0,unit_cost_composting_low__kaza2018,HIC,35.0,"current_USD_per_tonne_price_base_not_stated (report published 2018, data year 2016)","Kaza et al. 2018, What a Waste 2.0, table 5.2, p. 104",transcribed
2018.0,unit_cost_composting_high__kaza2018,HIC,90.0,"current_USD_per_tonne_price_base_not_stated (report published 2018, data year 2016)","Kaza et al. 2018, What a Waste 2.0, table 5.2, p. 104",transcribed
2024.0,unit_cost_collection_reported__unep2024,LIC,40.0,"current_USD_per_tonne_price_base_not_stated (report published 2024, table sourced to Kaza et al. 2018)","UNEP 2024, Global Waste Management Outlook 2024, table 2C.1, annex 2",transcribed_table
2024.0,unit_cost_collection_reported__unep2024,LMC,16.0,"current_USD_per_tonne_price_base_not_stated (report published 2024, table sourced to Kaza et al. 2018)","UNEP 2024, Global Waste Management Outlook 2024, table 2C.1, annex 2",transcribed_table
2024.0,unit_cost_collection_reported__unep2024,UMC,98.0,"current_USD_per_tonne_price_base_not_stated (report published 2024, table sourced to Kaza et al. 2018)","UNEP 2024, Global Waste Management Outlook 2024, table 2C.1, annex 2",transcribed_table
2024.0,unit_cost_collection_reported__unep2024,HIC,121.0,"current_USD_per_tonne_price_base_not_stated (report published 2024, table sourced to Kaza et al. 2018)","UNEP 2024, Global Waste Management Outlook 2024, table 2C.1, annex 2",transcribed_table
2024.0,unit_cost_landfill_reported_low__unep2024,HIC,53.0,"current_USD_per_tonne_price_base_not_stated (report published 2024, table sourced to Kaza et al. 2018)","UNEP 2024, Global Waste Management Outlook 2024, table 2C.1, annex 2",transcribed_table
2024.0,unit_cost_landfill_reported_high__unep2024,HIC,99.0,"current_USD_per_tonne_price_base_not_stated (report published 2024, table sourced to Kaza et al. 2018)","UNEP 2024, Global Waste Management Outlook 2024, table 2C.1, annex 2",transcribed_table
2024.0,unit_cost_recycling_reported__unep2024,HIC,202.0,"current_USD_per_tonne_price_base_not_stated (report published 2024, table sourced to Kaza et al. 2018)","UNEP 2024, Global Waste Management Outlook 2024, table 2C.1, annex 2",transcribed_table
2024.0,unit_cost_waste_to_energy_reported__unep2024,HIC,134.0,"current_USD_per_tonne_price_base_not_stated (report published 2024, table sourced to Kaza et al. 2018)","UNEP 2024, Global Waste Management Outlook 2024, table 2C.1, annex 2",transcribed_table
2024.0,unit_cost_open_dumping_reported__unep2024,LIC,7.0,"current_USD_per_tonne_price_base_not_stated (report published 2024, table sourced to Kaza et al. 2018)","UNEP 2024, Global Waste Management Outlook 2024, table 2C.1, annex 2",transcribed_table
2024.0,unit_cost_open_dumping_reported__unep2024,LMC,25.0,"current_USD_per_tonne_price_base_not_stated (report published 2024, table sourced to Kaza et al. 2018)","UNEP 2024, Global Waste Management Outlook 2024, table 2C.1, annex 2",transcribed_table
2024.0,unit_cost_collection_expert_low__unep2024,LIC,20.0,"current_USD_per_tonne_price_base_not_stated (report published 2024, table sourced to Kaza et al. 2018)","UNEP 2024, Global Waste Management Outlook 2024, table 2C.1, annex 2",transcribed_table
2024.0,unit_cost_collection_expert_high__unep2024,LIC,50.0,"current_USD_per_tonne_price_base_not_stated (report published 2024, table sourced to Kaza et al. 2018)","UNEP 2024, Global Waste Management Outlook 2024, table 2C.1, annex 2",transcribed_table
2024.0,unit_cost_collection_expert_low__unep2024,LMC,30.0,"current_USD_per_tonne_price_base_not_stated (report published 2024, table sourced to Kaza et al. 2018)","UNEP 2024, Global Waste Management Outlook 2024, table 2C.1, annex 2",transcribed_table
2024.0,unit_cost_collection_expert_high__unep2024,LMC,75.0,"current_USD_per_tonne_price_base_not_stated (report published 2024, table sourced to Kaza et al. 2018)","UNEP 2024, Global Waste Management Outlook 2024, table 2C.1, annex 2",transcribed_table
2024.0,unit_cost_collection_expert_low__unep2024,UMC,50.0,"current_USD_per_tonne_price_base_not_stated (report published 2024, table sourced to Kaza et al. 2018)","UNEP 2024, Global Waste Management Outlook 2024, table 2C.1, annex 2",transcribed_table
2024.0,unit_cost_collection_expert_high__unep2024,UMC,100.0,"current_USD_per_tonne_price_base_not_stated (report published 2024, table sourced to Kaza et al. 2018)","UNEP 2024, Global Waste Management Outlook 2024, table 2C.1, annex 2",transcribed_table
2024.0,unit_cost_collection_expert_low__unep2024,HIC,90.0,"current_USD_per_tonne_price_base_not_stated (report published 2024, table sourced to Kaza et al. 2018)","UNEP 2024, Global Waste Management Outlook 2024, table 2C.1, annex 2",transcribed_table
2024.0,unit_cost_collection_expert_high__unep2024,HIC,200.0,"current_USD_per_tonne_price_base_not_stated (report published 2024, table sourced to Kaza et al. 2018)","UNEP 2024, Global Waste Management Outlook 2024, table 2C.1, annex 2",transcribed_table
2024.0,unit_cost_landfill_expert_low__unep2024,LMC,15.0,"current_USD_per_tonne_price_base_not_stated (report published 2024, table sourced to Kaza et al. 2018)","UNEP 2024, Global Waste Management Outlook 2024, table 2C.1, annex 2",transcribed_table
2024.0,unit_cost_landfill_expert_high__unep2024,LMC,40.0,"current_USD_per_tonne_price_base_not_stated (report published 2024, table sourced to Kaza et al. 2018)","UNEP 2024, Global Waste Management Outlook 2024, table 2C.1, annex 2",transcribed_table
2024.0,unit_cost_landfill_expert_low__unep2024,UMC,25.0,"current_USD_per_tonne_price_base_not_stated (report published 2024, table sourced to Kaza et al. 2018)","UNEP 2024, Global Waste Management Outlook 2024, table 2C.1, annex 2",transcribed_table
2024.0,unit_cost_landfill_expert_high__unep2024,UMC,65.0,"current_USD_per_tonne_price_base_not_stated (report published 2024, table sourced to Kaza et al. 2018)","UNEP 2024, Global Waste Management Outlook 2024, table 2C.1, annex 2",transcribed_table
2024.0,unit_cost_landfill_expert_low__unep2024,HIC,40.0,"current_USD_per_tonne_price_base_not_stated (report published 2024, table sourced to Kaza et al. 2018)","UNEP 2024, Global Waste Management Outlook 2024, table 2C.1, annex 2",transcribed_table
2024.0,unit_cost_landfill_expert_high__unep2024,HIC,100.0,"current_USD_per_tonne_price_base_not_stated (report published 2024, table sourced to Kaza et al. 2018)","UNEP 2024, Global Waste Management Outlook 2024, table 2C.1, annex 2",transcribed_table
2024.0,unit_cost_recycling_expert_low__unep2024,LIC,0.0,"current_USD_per_tonne_price_base_not_stated (report published 2024, table sourced to Kaza et al. 2018)","UNEP 2024, Global Waste Management Outlook 2024, table 2C.1, annex 2",transcribed_table
2024.0,unit_cost_recycling_expert_high__unep2024,LIC,25.0,"current_USD_per_tonne_price_base_not_stated (report published 2024, table sourced to Kaza et al. 2018)","UNEP 2024, Global Waste Management Outlook 2024, table 2C.1, annex 2",transcribed_table
2024.0,unit_cost_recycling_expert_low__unep2024,LMC,5.0,"current_USD_per_tonne_price_base_not_stated (report published 2024, table sourced to Kaza et al. 2018)","UNEP 2024, Global Waste Management Outlook 2024, table 2C.1, annex 2",transcribed_table
2024.0,unit_cost_recycling_expert_high__unep2024,LMC,30.0,"current_USD_per_tonne_price_base_not_stated (report published 2024, table sourced to Kaza et al. 2018)","UNEP 2024, Global Waste Management Outlook 2024, table 2C.1, annex 2",transcribed_table
2024.0,unit_cost_recycling_expert_low__unep2024,UMC,5.0,"current_USD_per_tonne_price_base_not_stated (report published 2024, table sourced to Kaza et al. 2018)","UNEP 2024, Global Waste Management Outlook 2024, table 2C.1, annex 2",transcribed_table
2024.0,unit_cost_recycling_expert_high__unep2024,UMC,50.0,"current_USD_per_tonne_price_base_not_stated (report published 2024, table sourced to Kaza et al. 2018)","UNEP 2024, Global Waste Management Outlook 2024, table 2C.1, annex 2",transcribed_table
2024.0,unit_cost_recycling_expert_low__unep2024,HIC,30.0,"current_USD_per_tonne_price_base_not_stated (report published 2024, table sourced to Kaza et al. 2018)","UNEP 2024, Global Waste Management Outlook 2024, table 2C.1, annex 2",transcribed_table
2024.0,unit_cost_recycling_expert_high__unep2024,HIC,80.0,"current_USD_per_tonne_price_base_not_stated (report published 2024, table sourced to Kaza et al. 2018)","UNEP 2024, Global Waste Management Outlook 2024, table 2C.1, annex 2",transcribed_table
2024.0,unit_cost_waste_to_energy_expert_low__unep2024,UMC,60.0,"current_USD_per_tonne_price_base_not_stated (report published 2024, table sourced to Kaza et al. 2018)","UNEP 2024, Global Waste Management Outlook 2024, table 2C.1, annex 2",transcribed_table
2024.0,unit_cost_waste_to_energy_expert_high__unep2024,UMC,150.0,"current_USD_per_tonne_price_base_not_stated (report published 2024, table sourced to Kaza et al. 2018)","UNEP 2024, Global Waste Management Outlook 2024, table 2C.1, annex 2",transcribed_table
2024.0,unit_cost_waste_to_energy_expert_low__unep2024,HIC,40.0,"current_USD_per_tonne_price_base_not_stated (report published 2024, table sourced to Kaza et al. 2018)","UNEP 2024, Global Waste Management Outlook 2024, table 2C.1, annex 2",transcribed_table
2024.0,unit_cost_waste_to_energy_expert_high__unep2024,HIC,200.0,"current_USD_per_tonne_price_base_not_stated (report published 2024, table sourced to Kaza et al. 2018)","UNEP 2024, Global Waste Management Outlook 2024, table 2C.1, annex 2",transcribed_table
2024.0,unit_cost_open_dumping_expert_low__unep2024,LIC,2.0,"current_USD_per_tonne_price_base_not_stated (report published 2024, table sourced to Kaza et al. 2018)","UNEP 2024, Global Waste Management Outlook 2024, table 2C.1, annex 2",transcribed_table
2024.0,unit_cost_open_dumping_expert_high__unep2024,LIC,8.0,"current_USD_per_tonne_price_base_not_stated (report published 2024, table sourced to Kaza et al. 2018)","UNEP 2024, Global Waste Management Outlook 2024, table 2C.1, annex 2",transcribed_table
2024.0,unit_cost_open_dumping_expert_low__unep2024,LMC,3.0,"current_USD_per_tonne_price_base_not_stated (report published 2024, table sourced to Kaza et al. 2018)","UNEP 2024, Global Waste Management Outlook 2024, table 2C.1, annex 2",transcribed_table
2024.0,unit_cost_open_dumping_expert_high__unep2024,LMC,10.0,"current_USD_per_tonne_price_base_not_stated (report published 2024, table sourced to Kaza et al. 2018)","UNEP 2024, Global Waste Management Outlook 2024, table 2C.1, annex 2",transcribed_table
2020.0,xsection_income_group_collection_cost,LIC,40.0,current_USD_per_tonne,"UNEP 2024, Global Waste Management Outlook 2024, table 2C.1",transcribed_table
2016.0,xsection_income_group_treated_share,LIC,7.0,percent_of_MSW,"Kaza et al. 2018, What a Waste 2.0, p. 5",computed_as_100_minus_open_dump
2020.0,xsection_income_group_collection_cost,LMC,16.0,current_USD_per_tonne,"UNEP 2024, Global Waste Management Outlook 2024, table 2C.1",transcribed_table
2020.0,xsection_income_group_collection_cost,UMC,98.0,current_USD_per_tonne,"UNEP 2024, Global Waste Management Outlook 2024, table 2C.1",transcribed_table
2020.0,xsection_income_group_collection_cost,HIC,121.0,current_USD_per_tonne,"UNEP 2024, Global Waste Management Outlook 2024, table 2C.1",transcribed_table
2016.0,xsection_income_group_treated_share,HIC,98.0,percent_of_MSW,"Kaza et al. 2018, What a Waste 2.0, p. 5",computed_as_100_minus_open_dump
2016.0,xsection_income_group_treated_share_mswweighted,HIC,98.4517006169103,percent_of_MSW,"Kaza et al. 2018, What a Waste Global Database, country_level_data.csv",computed_as_100_minus_open_dump
2016.0,xsection_income_group_treated_share_mswweighted,LIC,54.87099546229849,percent_of_MSW,"Kaza et al. 2018, What a Waste Global Database, country_level_data.csv",computed_as_100_minus_open_dump
2016.0,xsection_income_group_treated_share_mswweighted,LMC,55.87902942721224,percent_of_MSW,"Kaza et al. 2018, What a Waste Global Database, country_level_data.csv",computed_as_100_minus_open_dump
2016.0,xsection_income_group_treated_share_mswweighted,UMC,59.219950925840074,percent_of_MSW,"Kaza et al. 2018, What a Waste Global Database, country_level_data.csv",computed_as_100_minus_open_dump
2018.0,xsection_income_group_collection_cost_low,LIC,20.0,current_USD_per_tonne,"Kaza et al. 2018, What a Waste 2.0, table 5.2, p. 104",transcribed
2018.0,xsection_income_group_collection_cost_high,LIC,50.0,current_USD_per_tonne,"Kaza et al. 2018, What a Waste 2.0, table 5.2, p. 104",transcribed
2018.0,xsection_income_group_collection_cost_low,LMC,30.0,current_USD_per_tonne,"Kaza et al. 2018, What a Waste 2.0, table 5.2, p. 104",transcribed
2018.0,xsection_income_group_collection_cost_high,LMC,75.0,current_USD_per_tonne,"Kaza et al. 2018, What a Waste 2.0, table 5.2, p. 104",transcribed
2018.0,xsection_income_group_collection_cost_low,UMC,50.0,current_USD_per_tonne,"Kaza et al. 2018, What a Waste 2.0, table 5.2, p. 104",transcribed
2018.0,xsection_income_group_collection_cost_high,UMC,100.0,current_USD_per_tonne,"Kaza et al. 2018, What a Waste 2.0, table 5.2, p. 104",transcribed
2018.0,xsection_income_group_collection_cost_low,HIC,90.0,current_USD_per_tonne,"Kaza et al. 2018, What a Waste 2.0, table 5.2, p. 104",transcribed
2018.0,xsection_income_group_collection_cost_high,HIC,200.0,current_USD_per_tonne,"Kaza et al. 2018, What a Waste 2.0, table 5.2, p. 104",transcribed
2021.0,xsection_country_treated_share,AT_2021,100.0,percent_of_generated_MSW,Eurostat env_wasmun,computed
2021.0,xsection_country_unit_cost,AT_2021,454.32049224184055,current_EUR_per_tonne_MSW_generated_numerator_covers_all_waste,Eurostat env_epea_neep CEP0401 and env_wasmun,computed
2022.0,xsection_country_treated_share,AT_2022,100.0,percent_of_generated_MSW,Eurostat env_wasmun,computed
2022.0,xsection_country_unit_cost,AT_2022,436.3173116650599,current_EUR_per_tonne_MSW_generated_numerator_covers_all_waste,Eurostat env_epea_neep CEP0401 and env_wasmun,computed
2023.0,xsection_country_treated_share,AT_2023,100.0,percent_of_generated_MSW,Eurostat env_wasmun,computed
2023.0,xsection_country_unit_cost,AT_2023,448.87986558387007,current_EUR_per_tonne_MSW_generated_numerator_covers_all_waste,Eurostat env_epea_neep CEP0401 and env_wasmun,computed
2021.0,xsection_country_treated_share,BA_2021,79.17005695687551,percent_of_generated_MSW,Eurostat env_wasmun,computed
2021.0,xsection_country_unit_cost,BA_2021,222.213181448332,current_EUR_per_tonne_MSW_generated_numerator_covers_all_waste,Eurostat env_epea_neep CEP0401 and env_wasmun,computed
2022.0,xsection_country_treated_share,BA_2022,78.46283783783784,percent_of_generated_MSW,Eurostat env_wasmun,computed
2022.0,xsection_country_unit_cost,BA_2022,236.99324324324328,current_EUR_per_tonne_MSW_generated_numerator_covers_all_waste,Eurostat env_epea_neep CEP0401 and env_wasmun,computed
2023.0,xsection_country_treated_share,BA_2023,77.40303541315346,percent_of_generated_MSW,Eurostat env_wasmun,computed
2023.0,xsection_country_unit_cost,BA_2023,189.12310286677908,current_EUR_per_tonne_MSW_generated_numerator_covers_all_waste,Eurostat env_epea_neep CEP0401 and env_wasmun,computed
2024.0,xsection_country_treated_share,BA_2024,82.81389136242208,percent_of_generated_MSW,Eurostat env_wasmun,computed
2024.0,xsection_country_unit_cost,BA_2024,223.77560106856637,current_EUR_per_tonne_MSW_generated_numerator_covers_all_waste,Eurostat env_epea_neep CEP0401 and env_wasmun,computed
2014.0,xsection_country_treated_share,BE_2014,98.3620327593448,percent_of_generated_MSW,Eurostat env_wasmun,computed
2014.0,xsection_country_unit_cost,BE_2014,1118.8156236875263,current_EUR_per_tonne_MSW_generated_numerator_covers_all_waste,Eurostat env_epea_neep CEP0401 and env_wasmun,computed
2015.0,xsection_country_treated_share,BE_2015,98.51389188024984,percent_of_generated_MSW,Eurostat env_wasmun,computed
2015.0,xsection_country_unit_cost,BE_2015,1124.4023260822744,current_EUR_per_tonne_MSW_generated_numerator_covers_all_waste,Eurostat env_epea_neep CEP0401 and env_wasmun,computed
2016.0,xsection_country_treated_share,BE_2016,100.12642225031604,percent_of_generated_MSW,Eurostat env_wasmun,computed
2016.0,xsection_country_unit_cost,BE_2016,1136.8520859671305,current_EUR_per_tonne_MSW_generated_numerator_covers_all_waste,Eurostat env_epea_neep CEP0401 and env_wasmun,computed
2017.0,xsection_country_treated_share,BE_2017,99.14383561643837,percent_of_generated_MSW,Eurostat env_wasmun,computed
2017.0,xsection_country_unit_cost,BE_2017,1253.724315068493,current_EUR_per_tonne_MSW_generated_numerator_covers_all_waste,Eurostat env_epea_neep CEP0401 and env_wasmun,computed
2018.0,xsection_country_treated_share,BE_2018,100.0,percent_of_generated_MSW,Eurostat env_wasmun,computed
2018.0,xsection_country_unit_cost,BE_2018,1341.2016249732735,current_EUR_per_tonne_MSW_generated_numerator_covers_all_waste,Eurostat env_epea_neep CEP0401 and env_wasmun,computed
2019.0,xsection_country_treated_share,BE_2019,100.0,percent_of_generated_MSW,Eurostat env_wasmun,computed
2019.0,xsection_country_unit_cost,BE_2019,1372.7558066541117,current_EUR_per_tonne_MSW_generated_numerator_covers_all_waste,Eurostat env_epea_neep CEP0401 and env_wasmun,computed
2020.0,xsection_country_treated_share,BE_2020,100.0,percent_of_generated_MSW,Eurostat env_wasmun,computed
2020.0,xsection_country_unit_cost,BE_2020,756.8030447193149,current_EUR_per_tonne_MSW_generated_numerator_covers_all_waste,Eurostat env_epea_neep CEP0401 and env_wasmun,computed
2021.0,xsection_country_treated_share,BE_2021,100.0,percent_of_generated_MSW,Eurostat env_wasmun,computed
2021.0,xsection_country_unit_cost,BE_2021,769.3590768879242,current_EUR_per_tonne_MSW_generated_numerator_covers_all_waste,Eurostat env_epea_neep CEP0401 and env_wasmun,computed
2022.0,xsection_country_treated_share,BE_2022,100.01241464928616,percent_of_generated_MSW,Eurostat env_wasmun,computed
2022.0,xsection_country_unit_cost,BE_2022,896.6480446927375,current_EUR_per_tonne_MSW_generated_numerator_covers_all_waste,Eurostat env_epea_neep CEP0401 and env_wasmun,computed
2023.0,xsection_country_treated_share,BE_2023,100.0,percent_of_generated_MSW,Eurostat env_wasmun,computed
2023.0,xsection_country_unit_cost,BE_2023,991.9299111549852,current_EUR_per_tonne_MSW_generated_numerator_covers_all_waste,Eurostat env_epea_neep CEP0401 and env_wasmun,computed
2021.0,xsection_country_treated_share,CY_2021,76.92307692307692,percent_of_generated_MSW,Eurostat env_wasmun,computed
2021.0,xsection_country_unit_cost,CY_2021,217.26495726495727,current_EUR_per_tonne_MSW_generated_numerator_covers_all_waste,Eurostat env_epea_neep CEP0401 and env_wasmun,computed
2022.0,xsection_country_treated_share,CY_2022,76.26016260162602,percent_of_generated_MSW,Eurostat env_wasmun,computed
2022.0,xsection_country_unit_cost,CY_2022,220.3252032520325,current_EUR_per_tonne_MSW_generated_numerator_covers_all_waste,Eurostat env_epea_neep CEP0401 and env_wasmun,computed
2023.0,xsection_country_treated_share,CY_2023,79.62085308056872,percent_of_generated_MSW,Eurostat env_wasmun,computed
2023.0,xsection_country_unit_cost,CY_2023,242.18009478672985,current_EUR_per_tonne_MSW_generated_numerator_covers_all_waste,Eurostat env_epea_neep CEP0401 and env_wasmun,computed
2021.0,xsection_country_treated_share,CZ_2021,101.86947087297614,percent_of_generated_MSW,Eurostat env_wasmun,computed
2021.0,xsection_country_unit_cost,CZ_2021,573.9776331163412,current_EUR_per_tonne_MSW_generated_numerator_covers_all_waste,Eurostat env_epea_neep CEP0401 and env_wasmun,computed
2020.0,xsection_country_treated_share,DE_2020,100.0,percent_of_generated_MSW,Eurostat env_wasmun,computed
2020.0,xsection_country_unit_cost,DE_2020,526.4487453583887,current_EUR_per_tonne_MSW_generated_numerator_covers_all_waste,Eurostat env_epea_neep CEP0401 and env_wasmun,computed
2021.0,xsection_country_treated_share,DE_2021,100.0,percent_of_generated_MSW,Eurostat env_wasmun,computed
2021.0,xsection_country_unit_cost,DE_2021,542.4254236973511,current_EUR_per_tonne_MSW_generated_numerator_covers_all_waste,Eurostat env_epea_neep CEP0401 and env_wasmun,computed
2022.0,xsection_country_treated_share,DE_2022,100.0,percent_of_generated_MSW,Eurostat env_wasmun,computed
2022.0,xsection_country_unit_cost,DE_2022,638.8945974785598,current_EUR_per_tonne_MSW_generated_numerator_covers_all_waste,Eurostat env_epea_neep CEP0401 and env_wasmun,computed
2023.0,xsection_country_treated_share,DE_2023,100.0,percent_of_generated_MSW,Eurostat env_wasmun,computed
2023.0,xsection_country_unit_cost,DE_2023,657.5749260050571,current_EUR_per_tonne_MSW_generated_numerator_covers_all_waste,Eurostat env_epea_neep CEP0401 and env_wasmun,computed
2021.0,xsection_country_treated_share,DK_2021,100.0,percent_of_generated_MSW,Eurostat env_wasmun,computed
2021.0,xsection_country_unit_cost,DK_2021,636.4974402730376,current_EUR_per_tonne_MSW_generated_numerator_covers_all_waste,Eurostat env_epea_neep CEP0401 and env_wasmun,computed
2022.0,xsection_country_treated_share,DK_2022,100.0,percent_of_generated_MSW,Eurostat env_wasmun,computed
2022.0,xsection_country_unit_cost,DK_2022,766.1679321125503,current_EUR_per_tonne_MSW_generated_numerator_covers_all_waste,Eurostat env_epea_neep CEP0401 and env_wasmun,computed
2023.0,xsection_country_treated_share,DK_2023,100.0,percent_of_generated_MSW,Eurostat env_wasmun,computed
2023.0,xsection_country_unit_cost,DK_2023,780.34566807002,current_EUR_per_tonne_MSW_generated_numerator_covers_all_waste,Eurostat env_epea_neep CEP0401 and env_wasmun,computed
2014.0,xsection_country_treated_share,EE_2014,84.68085106382979,percent_of_generated_MSW,Eurostat env_wasmun,computed
2014.0,xsection_country_unit_cost,EE_2014,334.0425531914894,current_EUR_per_tonne_MSW_generated_numerator_covers_all_waste,Eurostat env_epea_neep CEP0401 and env_wasmun,computed
2015.0,xsection_country_treated_share,EE_2015,86.89217758985201,percent_of_generated_MSW,Eurostat env_wasmun,computed
2015.0,xsection_country_unit_cost,EE_2015,372.7272727272728,current_EUR_per_tonne_MSW_generated_numerator_covers_all_waste,Eurostat env_epea_neep CEP0401 and env_wasmun,computed
2016.0,xsection_country_treated_share,EE_2016,91.7004048582996,percent_of_generated_MSW,Eurostat env_wasmun,computed
2016.0,xsection_country_unit_cost,EE_2016,378.7449392712551,current_EUR_per_tonne_MSW_generated_numerator_covers_all_waste,Eurostat env_epea_neep CEP0401 and env_wasmun,computed
2017.0,xsection_country_treated_share,EE_2017,95.71984435797664,percent_of_generated_MSW,Eurostat env_wasmun,computed
2017.0,xsection_country_unit_cost,EE_2017,438.5214007782101,current_EUR_per_tonne_MSW_generated_numerator_covers_all_waste,Eurostat env_epea_neep CEP0401 and env_wasmun,computed
2018.0,xsection_country_treated_share,EE_2018,94.39252336448598,percent_of_generated_MSW,Eurostat env_wasmun,computed
2018.0,xsection_country_unit_cost,EE_2018,446.5420560747664,current_EUR_per_tonne_MSW_generated_numerator_covers_all_waste,Eurostat env_epea_neep CEP0401 and env_wasmun,computed
2019.0,xsection_country_treated_share,EE_2019,93.46938775510203,percent_of_generated_MSW,Eurostat env_wasmun,computed
2019.0,xsection_country_unit_cost,EE_2019,541.4285714285714,current_EUR_per_tonne_MSW_generated_numerator_covers_all_waste,Eurostat env_epea_neep CEP0401 and env_wasmun,computed
2020.0,xsection_country_treated_share,EE_2020,86.44400785854617,percent_of_generated_MSW,Eurostat env_wasmun,computed
2020.0,xsection_country_unit_cost,EE_2020,549.5088408644401,current_EUR_per_tonne_MSW_generated_numerator_covers_all_waste,Eurostat env_epea_neep CEP0401 and env_wasmun,computed
2021.0,xsection_country_treated_share,EE_2021,98.66666666666669,percent_of_generated_MSW,Eurostat env_wasmun,computed
2021.0,xsection_country_unit_cost,EE_2021,639.047619047619,current_EUR_per_tonne_MSW_generated_numerator_covers_all_waste,Eurostat env_epea_neep CEP0401 and env_wasmun,computed
2022.0,xsection_country_treated_share,EE_2022,88.46918489065607,percent_of_generated_MSW,Eurostat env_wasmun,computed
2022.0,xsection_country_unit_cost,EE_2022,679.5228628230616,current_EUR_per_tonne_MSW_generated_numerator_covers_all_waste,Eurostat env_epea_neep CEP0401 and env_wasmun,computed
2023.0,xsection_country_treated_share,EE_2023,90.625,percent_of_generated_MSW,Eurostat env_wasmun,computed
2023.0,xsection_country_unit_cost,EE_2023,766.015625,current_EUR_per_tonne_MSW_generated_numerator_covers_all_waste,Eurostat env_epea_neep CEP0401 and env_wasmun,computed
2021.0,xsection_country_treated_share,EL_2021,100.0,percent_of_generated_MSW,Eurostat env_wasmun,computed
2021.0,xsection_country_unit_cost,EL_2021,403.93978814346775,current_EUR_per_tonne_MSW_generated_numerator_covers_all_waste,Eurostat env_epea_neep CEP0401 and env_wasmun,computed
2022.0,xsection_country_treated_share,EL_2022,100.0,percent_of_generated_MSW,Eurostat env_wasmun,computed
2022.0,xsection_country_unit_cost,EL_2022,446.1623616236162,current_EUR_per_tonne_MSW_generated_numerator_covers_all_waste,Eurostat env_epea_neep CEP0401 and env_wasmun,computed
2023.0,xsection_country_treated_share,EL_2023,100.0,percent_of_generated_MSW,Eurostat env_wasmun,computed
2023.0,xsection_country_unit_cost,EL_2023,508.5110294117647,current_EUR_per_tonne_MSW_generated_numerator_covers_all_waste,Eurostat env_epea_neep CEP0401 and env_wasmun,computed
2014.0,xsection_country_treated_share,EU27_2020_2014,98.03092374785253,percent_of_generated_MSW,Eurostat env_wasmun,computed
2014.0,xsection_country_unit_cost,EU27_2020_2014,469.19896543261154,current_EUR_per_tonne_MSW_generated_numerator_covers_all_waste,Eurostat env_epea_neep CEP0401 and env_wasmun,computed
2015.0,xsection_country_treated_share,EU27_2020_2015,98.07987855161556,percent_of_generated_MSW,Eurostat env_wasmun,computed
2015.0,xsection_country_unit_cost,EU27_2020_2015,487.8879601169503,current_EUR_per_tonne_MSW_generated_numerator_covers_all_waste,Eurostat env_epea_neep CEP0401 and env_wasmun,computed
2016.0,xsection_country_treated_share,EU27_2020_2016,98.20473000359785,percent_of_generated_MSW,Eurostat env_wasmun,computed
2016.0,xsection_country_unit_cost,EU27_2020_2016,502.25661157589366,current_EUR_per_tonne_MSW_generated_numerator_covers_all_waste,Eurostat env_epea_neep CEP0401 and env_wasmun,computed
2017.0,xsection_country_treated_share,EU27_2020_2017,98.2185150397059,percent_of_generated_MSW,Eurostat env_wasmun,computed
2017.0,xsection_country_unit_cost,EU27_2020_2017,520.1630481189694,current_EUR_per_tonne_MSW_generated_numerator_covers_all_waste,Eurostat env_epea_neep CEP0401 and env_wasmun,computed
2018.0,xsection_country_treated_share,EU27_2020_2018,97.7213953092296,percent_of_generated_MSW,Eurostat env_wasmun,computed
2018.0,xsection_country_unit_cost,EU27_2020_2018,561.8884989624371,current_EUR_per_tonne_MSW_generated_numerator_covers_all_waste,Eurostat env_epea_neep CEP0401 and env_wasmun,computed
2019.0,xsection_country_treated_share,EU27_2020_2019,97.82427335256268,percent_of_generated_MSW,Eurostat env_wasmun,computed
2019.0,xsection_country_unit_cost,EU27_2020_2019,578.0874195695585,current_EUR_per_tonne_MSW_generated_numerator_covers_all_waste,Eurostat env_epea_neep CEP0401 and env_wasmun,computed
2020.0,xsection_country_treated_share,EU27_2020_2020,97.8269934272462,percent_of_generated_MSW,Eurostat env_wasmun,computed
2020.0,xsection_country_unit_cost,EU27_2020_2020,564.9989038245775,current_EUR_per_tonne_MSW_generated_numerator_covers_all_waste,Eurostat env_epea_neep CEP0401 and env_wasmun,computed
2021.0,xsection_country_treated_share,EU27_2020_2021,97.91145194617567,percent_of_generated_MSW,Eurostat env_wasmun,computed
2021.0,xsection_country_unit_cost,EU27_2020_2021,612.297780838947,current_EUR_per_tonne_MSW_generated_numerator_covers_all_waste,Eurostat env_epea_neep CEP0401 and env_wasmun,computed
2022.0,xsection_country_treated_share,EU27_2020_2022,97.53232617876267,percent_of_generated_MSW,Eurostat env_wasmun,computed
2022.0,xsection_country_unit_cost,EU27_2020_2022,692.1981801558622,current_EUR_per_tonne_MSW_generated_numerator_covers_all_waste,Eurostat env_epea_neep CEP0401 and env_wasmun,computed
2024.0,xsection_country_treated_share,EU27_2020_2024,95.61996987303635,percent_of_generated_MSW,Eurostat env_wasmun,computed
2024.0,xsection_country_unit_cost,EU27_2020_2024,739.4361953948784,current_EUR_per_tonne_MSW_generated_numerator_covers_all_waste,Eurostat env_epea_neep CEP0401 and env_wasmun,computed
2018.0,xsection_country_treated_share,FI_2018,100.0,percent_of_generated_MSW,Eurostat env_wasmun,computed
2018.0,xsection_country_unit_cost,FI_2018,549.9835580401184,current_EUR_per_tonne_MSW_generated_numerator_covers_all_waste,Eurostat env_epea_neep CEP0401 and env_wasmun,computed
2019.0,xsection_country_treated_share,FI_2019,100.0,percent_of_generated_MSW,Eurostat env_wasmun,computed
2019.0,xsection_country_unit_cost,FI_2019,525.1040666026257,current_EUR_per_tonne_MSW_generated_numerator_covers_all_waste,Eurostat env_epea_neep CEP0401 and env_wasmun,computed
2020.0,xsection_country_treated_share,FI_2020,100.0,percent_of_generated_MSW,Eurostat env_wasmun,computed
2020.0,xsection_country_unit_cost,FI_2020,453.620178041543,current_EUR_per_tonne_MSW_generated_numerator_covers_all_waste,Eurostat env_epea_neep CEP0401 and env_wasmun,computed
2021.0,xsection_country_treated_share,FI_2021,100.0,percent_of_generated_MSW,Eurostat env_wasmun,computed
2021.0,xsection_country_unit_cost,FI_2021,517.0151818963047,current_EUR_per_tonne_MSW_generated_numerator_covers_all_waste,Eurostat env_epea_neep CEP0401 and env_wasmun,computed
2022.0,xsection_country_treated_share,FI_2022,100.0,percent_of_generated_MSW,Eurostat env_wasmun,computed
2022.0,xsection_country_unit_cost,FI_2022,622.912353347136,current_EUR_per_tonne_MSW_generated_numerator_covers_all_waste,Eurostat env_epea_neep CEP0401 and env_wasmun,computed
2023.0,xsection_country_treated_share,FI_2023,100.0,percent_of_generated_MSW,Eurostat env_wasmun,computed
2023.0,xsection_country_unit_cost,FI_2023,630.7427258805513,current_EUR_per_tonne_MSW_generated_numerator_covers_all_waste,Eurostat env_epea_neep CEP0401 and env_wasmun,computed
2014.0,xsection_country_treated_share,FR_2014,100.0,percent_of_generated_MSW,Eurostat env_wasmun,computed
2014.0,xsection_country_unit_cost,FR_2014,453.9258610624635,current_EUR_per_tonne_MSW_generated_numerator_covers_all_waste,Eurostat env_epea_neep CEP0401 and env_wasmun,computed
2015.0,xsection_country_treated_share,FR_2015,100.0,percent_of_generated_MSW,Eurostat env_wasmun,computed
2015.0,xsection_country_unit_cost,FR_2015,449.341952014908,current_EUR_per_tonne_MSW_generated_numerator_covers_all_waste,Eurostat env_epea_neep CEP0401 and env_wasmun,computed
2016.0,xsection_country_treated_share,FR_2016,100.10571684150604,percent_of_generated_MSW,Eurostat env_wasmun,computed
2016.0,xsection_country_unit_cost,FR_2016,429.77962104578353,current_EUR_per_tonne_MSW_generated_numerator_covers_all_waste,Eurostat env_epea_neep CEP0401 and env_wasmun,computed
2017.0,xsection_country_treated_share,FR_2017,99.9518162593356,percent_of_generated_MSW,Eurostat env_wasmun,computed
2017.0,xsection_country_unit_cost,FR_2017,435.4980324972562,current_EUR_per_tonne_MSW_generated_numerator_covers_all_waste,Eurostat env_epea_neep CEP0401 and env_wasmun,computed
2018.0,xsection_country_treated_share,FR_2018,97.92134831460676,percent_of_generated_MSW,Eurostat env_wasmun,computed
2018.0,xsection_country_unit_cost,FR_2018,466.04333868378814,current_EUR_per_tonne_MSW_generated_numerator_covers_all_waste,Eurostat env_epea_neep CEP0401 and env_wasmun,computed
2019.0,xsection_country_treated_share,FR_2019,97.75175769241052,percent_of_generated_MSW,Eurostat env_wasmun,computed
2019.0,xsection_country_unit_cost,FR_2019,491.7849600342182,current_EUR_per_tonne_MSW_generated_numerator_covers_all_waste,Eurostat env_epea_neep CEP0401 and env_wasmun,computed
2020.0,xsection_country_treated_share,FR_2020,96.62289450354608,percent_of_generated_MSW,Eurostat env_wasmun,computed
2020.0,xsection_country_unit_cost,FR_2020,498.6729831560284,current_EUR_per_tonne_MSW_generated_numerator_covers_all_waste,Eurostat env_epea_neep CEP0401 and env_wasmun,computed
2021.0,xsection_country_treated_share,FR_2021,95.18185618729098,percent_of_generated_MSW,Eurostat env_wasmun,computed
2021.0,xsection_country_unit_cost,FR_2021,500.40238294314383,current_EUR_per_tonne_MSW_generated_numerator_covers_all_waste,Eurostat env_epea_neep CEP0401 and env_wasmun,computed
2022.0,xsection_country_treated_share,FR_2022,94.91227588479174,percent_of_generated_MSW,Eurostat env_wasmun,computed
2022.0,xsection_country_unit_cost,FR_2022,573.1089206776311,current_EUR_per_tonne_MSW_generated_numerator_covers_all_waste,Eurostat env_epea_neep CEP0401 and env_wasmun,computed
2023.0,xsection_country_treated_share,FR_2023,94.28333564589984,percent_of_generated_MSW,Eurostat env_wasmun,computed
2023.0,xsection_country_unit_cost,FR_2023,602.9249340918551,current_EUR_per_tonne_MSW_generated_numerator_covers_all_waste,Eurostat env_epea_neep CEP0401 and env_wasmun,computed
2014.0,xsection_country_treated_share,HR_2014,96.64019547953572,percent_of_generated_MSW,Eurostat env_wasmun,computed
2014.0,xsection_country_unit_cost,HR_2014,236.163714111179,current_EUR_per_tonne_MSW_generated_numerator_covers_all_waste,Eurostat env_epea_neep CEP0401 and env_wasmun,computed
2015.0,xsection_country_treated_share,HR_2015,97.76299879081016,percent_of_generated_MSW,Eurostat env_wasmun,computed
2015.0,xsection_country_unit_cost,HR_2015,225.2720677146312,current_EUR_per_tonne_MSW_generated_numerator_covers_all_waste,Eurostat env_epea_neep CEP0401 and env_wasmun,computed
2016.0,xsection_country_treated_share,HR_2016,97.73809523809524,percent_of_generated_MSW,Eurostat env_wasmun,computed
2016.0,xsection_country_unit_cost,HR_2016,235.29761904761904,current_EUR_per_tonne_MSW_generated_numerator_covers_all_waste,Eurostat env_epea_neep CEP0401 and env_wasmun,computed
2017.0,xsection_country_treated_share,HR_2017,96.0955710955711,percent_of_generated_MSW,Eurostat env_wasmun,computed
2017.0,xsection_country_unit_cost,HR_2017,252.33100233100237,current_EUR_per_tonne_MSW_generated_numerator_covers_all_waste,Eurostat env_epea_neep CEP0401 and env_wasmun,computed
2018.0,xsection_country_treated_share,HR_2018,91.57239819004523,percent_of_generated_MSW,Eurostat env_wasmun,computed
2018.0,xsection_country_unit_cost,HR_2018,265.78054298642536,current_EUR_per_tonne_MSW_generated_numerator_covers_all_waste,Eurostat env_epea_neep CEP0401 and env_wasmun,computed
2019.0,xsection_country_treated_share,HR_2019,89.45916114790288,percent_of_generated_MSW,Eurostat env_wasmun,computed
2019.0,xsection_country_unit_cost,HR_2019,278.4216335540839,current_EUR_per_tonne_MSW_generated_numerator_covers_all_waste,Eurostat env_epea_neep CEP0401 and env_wasmun,computed
2020.0,xsection_country_treated_share,HR_2020,90.07678676904902,percent_of_generated_MSW,Eurostat env_wasmun,computed
2020.0,xsection_country_unit_cost,HR_2020,339.8700531600709,current_EUR_per_tonne_MSW_generated_numerator_covers_all_waste,Eurostat env_epea_neep CEP0401 and env_wasmun,computed
2021.0,xsection_country_treated_share,HR_2021,89.9830220713073,percent_of_generated_MSW,Eurostat env_wasmun,computed
2021.0,xsection_country_unit_cost,HR_2021,352.91454442558006,current_EUR_per_tonne_MSW_generated_numerator_covers_all_waste,Eurostat env_epea_neep CEP0401 and env_wasmun,computed
2022.0,xsection_country_treated_share,HR_2022,89.96746203904556,percent_of_generated_MSW,Eurostat env_wasmun,computed
2022.0,xsection_country_unit_cost,HR_2022,347.88503253796097,current_EUR_per_tonne_MSW_generated_numerator_covers_all_waste,Eurostat env_epea_neep CEP0401 and env_wasmun,computed
2023.0,xsection_country_treated_share,HR_2023,89.52536824877251,percent_of_generated_MSW,Eurostat env_wasmun,computed
2023.0,xsection_country_unit_cost,HR_2023,384.0152755046372,current_EUR_per_tonne_MSW_generated_numerator_covers_all_waste,Eurostat env_epea_neep CEP0401 and env_wasmun,computed
2021.0,xsection_country_treated_share,HU_2021,100.0,percent_of_generated_MSW,Eurostat env_wasmun,computed
2021.0,xsection_country_unit_cost,HU_2021,221.8703612073231,current_EUR_per_tonne_MSW_generated_numerator_covers_all_waste,Eurostat env_epea_neep CEP0401 and env_wasmun,computed
2022.0,xsection_country_treated_share,HU_2022,100.0,percent_of_generated_MSW,Eurostat env_wasmun,computed
2022.0,xsection_country_unit_cost,HU_2022,220.12273075939655,current_EUR_per_tonne_MSW_generated_numerator_covers_all_waste,Eurostat env_epea_neep CEP0401 and env_wasmun,computed
2023.0,xsection_country_treated_share,HU_2023,100.0,percent_of_generated_MSW,Eurostat env_wasmun,computed
2023.0,xsection_country_unit_cost,HU_2023,315.04252733900364,current_EUR_per_tonne_MSW_generated_numerator_covers_all_waste,Eurostat env_epea_neep CEP0401 and env_wasmun,computed
2021.0,xsection_country_treated_share,IE_2021,99.20986093552465,percent_of_generated_MSW,Eurostat env_wasmun,computed
2021.0,xsection_country_unit_cost,IE_2021,458.02781289506953,current_EUR_per_tonne_MSW_generated_numerator_covers_all_waste,Eurostat env_epea_neep CEP0401 and env_wasmun,computed
2022.0,xsection_country_treated_share,IE_2022,98.74647445941712,percent_of_generated_MSW,Eurostat env_wasmun,computed
2022.0,xsection_country_unit_cost,IE_2022,513.694766530868,current_EUR_per_tonne_MSW_generated_numerator_covers_all_waste,Eurostat env_epea_neep CEP0401 and env_wasmun,computed
2023.0,xsection_country_treated_share,IE_2023,98.94736842105264,percent_of_generated_MSW,Eurostat env_wasmun,computed
2023.0,xsection_country_unit_cost,IE_2023,550.4306220095693,current_EUR_per_tonne_MSW_generated_numerator_covers_all_waste,Eurostat env_epea_neep CEP0401 and env_wasmun,computed
2016.0,xsection_country_treated_share,IT_2016,90.90727948990435,percent_of_generated_MSW,Eurostat env_wasmun,computed
2016.0,xsection_country_unit_cost,IT_2016,631.5057120085016,current_EUR_per_tonne_MSW_generated_numerator_covers_all_waste,Eurostat env_epea_neep CEP0401 and env_wasmun,computed
2017.0,xsection_country_treated_share,IT_2017,91.12674151224132,percent_of_generated_MSW,Eurostat env_wasmun,computed
2017.0,xsection_country_unit_cost,IT_2017,638.8306506154471,current_EUR_per_tonne_MSW_generated_numerator_covers_all_waste,Eurostat env_epea_neep CEP0401 and env_wasmun,computed
2018.0,xsection_country_treated_share,IT_2018,91.1254765456655,percent_of_generated_MSW,Eurostat env_wasmun,computed
2018.0,xsection_country_unit_cost,IT_2018,658.4816840709432,current_EUR_per_tonne_MSW_generated_numerator_covers_all_waste,Eurostat env_epea_neep CEP0401 and env_wasmun,computed
2019.0,xsection_country_treated_share,IT_2019,91.9528361589448,percent_of_generated_MSW,Eurostat env_wasmun,computed
2019.0,xsection_country_unit_cost,IT_2019,676.4080871331979,current_EUR_per_tonne_MSW_generated_numerator_covers_all_waste,Eurostat env_epea_neep CEP0401 and env_wasmun,computed
2020.0,xsection_country_treated_share,IT_2020,90.87579892900328,percent_of_generated_MSW,Eurostat env_wasmun,computed
2020.0,xsection_country_unit_cost,IT_2020,728.8339955087234,current_EUR_per_tonne_MSW_generated_numerator_covers_all_waste,Eurostat env_epea_neep CEP0401 and env_wasmun,computed
2021.0,xsection_country_treated_share,IT_2021,91.44390510699392,percent_of_generated_MSW,Eurostat env_wasmun,computed
2021.0,xsection_country_unit_cost,IT_2021,768.9820195528816,current_EUR_per_tonne_MSW_generated_numerator_covers_all_waste,Eurostat env_epea_neep CEP0401 and env_wasmun,computed
2022.0,xsection_country_treated_share,IT_2022,90.3945350620382,percent_of_generated_MSW,Eurostat env_wasmun,computed
2022.0,xsection_country_unit_cost,IT_2022,835.6893907709466,current_EUR_per_tonne_MSW_generated_numerator_covers_all_waste,Eurostat env_epea_neep CEP0401 and env_wasmun,computed
2023.0,xsection_country_treated_share,IT_2023,86.4875173370319,percent_of_generated_MSW,Eurostat env_wasmun,computed
2023.0,xsection_country_unit_cost,IT_2023,847.6941747572815,current_EUR_per_tonne_MSW_generated_numerator_covers_all_waste,Eurostat env_epea_neep CEP0401 and env_wasmun,computed
2021.0,xsection_country_treated_share,LT_2021,95.91078066914498,percent_of_generated_MSW,Eurostat env_wasmun,computed
2021.0,xsection_country_unit_cost,LT_2021,453.2342007434944,current_EUR_per_tonne_MSW_generated_numerator_covers_all_waste,Eurostat env_epea_neep CEP0401 and env_wasmun,computed
2022.0,xsection_country_treated_share,LT_2022,100.53151100987093,percent_of_generated_MSW,Eurostat env_wasmun,computed
2022.0,xsection_country_unit_cost,LT_2022,439.40774487471526,current_EUR_per_tonne_MSW_generated_numerator_covers_all_waste,Eurostat env_epea_neep CEP0401 and env_wasmun,computed
2023.0,xsection_country_treated_share,LT_2023,98.75195007800312,percent_of_generated_MSW,Eurostat env_wasmun,computed
2023.0,xsection_country_unit_cost,LT_2023,423.6349453978159,current_EUR_per_tonne_MSW_generated_numerator_covers_all_waste,Eurostat env_epea_neep CEP0401 and env_wasmun,computed
2012.0,xsection_country_treated_share,LU_2012,100.0,percent_of_generated_MSW,Eurostat env_wasmun,computed
2012.0,xsection_country_unit_cost,LU_2012,433.8150289017341,current_EUR_per_tonne_MSW_generated_numerator_covers_all_waste,Eurostat env_epea_neep CEP0401 and env_wasmun,computed
2013.0,xsection_country_treated_share,LU_2013,100.0,percent_of_generated_MSW,Eurostat env_wasmun,computed
2013.0,xsection_country_unit_cost,LU_2013,463.8805970149254,current_EUR_per_tonne_MSW_generated_numerator_covers_all_waste,Eurostat env_epea_neep CEP0401 and env_wasmun,computed
2014.0,xsection_country_treated_share,LU_2014,100.0,percent_of_generated_MSW,Eurostat env_wasmun,computed
2014.0,xsection_country_unit_cost,LU_2014,475.2873563218391,current_EUR_per_tonne_MSW_generated_numerator_covers_all_waste,Eurostat env_epea_neep CEP0401 and env_wasmun,computed
2015.0,xsection_country_treated_share,LU_2015,100.0,percent_of_generated_MSW,Eurostat env_wasmun,computed
2015.0,xsection_country_unit_cost,LU_2015,492.1965317919075,current_EUR_per_tonne_MSW_generated_numerator_covers_all_waste,Eurostat env_epea_neep CEP0401 and env_wasmun,computed
2016.0,xsection_country_treated_share,LU_2016,100.0,percent_of_generated_MSW,Eurostat env_wasmun,computed
2016.0,xsection_country_unit_cost,LU_2016,391.5611814345992,current_EUR_per_tonne_MSW_generated_numerator_covers_all_waste,Eurostat env_epea_neep CEP0401 and env_wasmun,computed
2017.0,xsection_country_treated_share,LU_2017,100.0,percent_of_generated_MSW,Eurostat env_wasmun,computed
2017.0,xsection_country_unit_cost,LU_2017,398.9495798319328,current_EUR_per_tonne_MSW_generated_numerator_covers_all_waste,Eurostat env_epea_neep CEP0401 and env_wasmun,computed
2018.0,xsection_country_treated_share,LU_2018,100.0,percent_of_generated_MSW,Eurostat env_wasmun,computed
2018.0,xsection_country_unit_cost,LU_2018,396.7213114754098,current_EUR_per_tonne_MSW_generated_numerator_covers_all_waste,Eurostat env_epea_neep CEP0401 and env_wasmun,computed
2019.0,xsection_country_treated_share,LU_2019,100.0,percent_of_generated_MSW,Eurostat env_wasmun,computed
2019.0,xsection_country_unit_cost,LU_2019,430.3462321792261,current_EUR_per_tonne_MSW_generated_numerator_covers_all_waste,Eurostat env_epea_neep CEP0401 and env_wasmun,computed
2020.0,xsection_country_treated_share,LU_2020,100.0,percent_of_generated_MSW,Eurostat env_wasmun,computed
2020.0,xsection_country_unit_cost,LU_2020,420.6827309236948,current_EUR_per_tonne_MSW_generated_numerator_covers_all_waste,Eurostat env_epea_neep CEP0401 and env_wasmun,computed
2021.0,xsection_country_treated_share,LU_2021,100.0,percent_of_generated_MSW,Eurostat env_wasmun,computed
2021.0,xsection_country_unit_cost,LU_2021,495.2755905511811,current_EUR_per_tonne_MSW_generated_numerator_covers_all_waste,Eurostat env_epea_neep CEP0401 and env_wasmun,computed
2022.0,xsection_country_treated_share,LU_2022,100.0,percent_of_generated_MSW,Eurostat env_wasmun,computed
2022.0,xsection_country_unit_cost,LU_2022,526.5392781316348,current_EUR_per_tonne_MSW_generated_numerator_covers_all_waste,Eurostat env_epea_neep CEP0401 and env_wasmun,computed
2023.0,xsection_country_treated_share,LU_2023,100.0,percent_of_generated_MSW,Eurostat env_wasmun,computed
2023.0,xsection_country_unit_cost,LU_2023,468.8284518828452,current_EUR_per_tonne_MSW_generated_numerator_covers_all_waste,Eurostat env_epea_neep CEP0401 and env_wasmun,computed
2021.0,xsection_country_treated_share,LV_2021,99.8849252013809,percent_of_generated_MSW,Eurostat env_wasmun,computed
2021.0,xsection_country_unit_cost,LV_2021,232.6812428078251,current_EUR_per_tonne_MSW_generated_numerator_covers_all_waste,Eurostat env_epea_neep CEP0401 and env_wasmun,computed
2022.0,xsection_country_treated_share,LV_2022,97.24770642201835,percent_of_generated_MSW,Eurostat env_wasmun,computed
2022.0,xsection_country_unit_cost,LV_2022,293.92201834862385,current_EUR_per_tonne_MSW_generated_numerator_covers_all_waste,Eurostat env_epea_neep CEP0401 and env_wasmun,computed
2012.0,xsection_country_treated_share,MT_2012,97.27626459143968,percent_of_generated_MSW,Eurostat env_wasmun,computed
2012.0,xsection_country_unit_cost,MT_2012,431.1284046692607,current_EUR_per_tonne_MSW_generated_numerator_covers_all_waste,Eurostat env_epea_neep CEP0401 and env_wasmun,computed
2013.0,xsection_country_treated_share,MT_2013,94.55252918287938,percent_of_generated_MSW,Eurostat env_wasmun,computed
2013.0,xsection_country_unit_cost,MT_2013,437.7431906614786,current_EUR_per_tonne_MSW_generated_numerator_covers_all_waste,Eurostat env_epea_neep CEP0401 and env_wasmun,computed
2014.0,xsection_country_treated_share,MT_2014,92.3076923076923,percent_of_generated_MSW,Eurostat env_wasmun,computed
2014.0,xsection_country_unit_cost,MT_2014,482.78388278388286,current_EUR_per_tonne_MSW_generated_numerator_covers_all_waste,Eurostat env_epea_neep CEP0401 and env_wasmun,computed
2016.0,xsection_country_treated_share,MT_2016,88.6986301369863,percent_of_generated_MSW,Eurostat env_wasmun,computed
2016.0,xsection_country_unit_cost,MT_2016,448.972602739726,current_EUR_per_tonne_MSW_generated_numerator_covers_all_waste,Eurostat env_epea_neep CEP0401 and env_wasmun,computed
2017.0,xsection_country_treated_share,MT_2017,91.02564102564102,percent_of_generated_MSW,Eurostat env_wasmun,computed
2017.0,xsection_country_unit_cost,MT_2017,444.87179487179486,current_EUR_per_tonne_MSW_generated_numerator_covers_all_waste,Eurostat env_epea_neep CEP0401 and env_wasmun,computed
2018.0,xsection_country_treated_share,MT_2018,93.86503067484662,percent_of_generated_MSW,Eurostat env_wasmun,computed
2018.0,xsection_country_unit_cost,MT_2018,405.2147239263804,current_EUR_per_tonne_MSW_generated_numerator_covers_all_waste,Eurostat env_epea_neep CEP0401 and env_wasmun,computed
2019.0,xsection_country_treated_share,MT_2019,100.56980056980056,percent_of_generated_MSW,Eurostat env_wasmun,computed
2019.0,xsection_country_unit_cost,MT_2019,515.0997150997151,current_EUR_per_tonne_MSW_generated_numerator_covers_all_waste,Eurostat env_epea_neep CEP0401 and env_wasmun,computed
2020.0,xsection_country_treated_share,MT_2020,93.65558912386707,percent_of_generated_MSW,Eurostat env_wasmun,computed
2020.0,xsection_country_unit_cost,MT_2020,597.583081570997,current_EUR_per_tonne_MSW_generated_numerator_covers_all_waste,Eurostat env_epea_neep CEP0401 and env_wasmun,computed
2021.0,xsection_country_treated_share,MT_2021,102.52365930599368,percent_of_generated_MSW,Eurostat env_wasmun,computed
2021.0,xsection_country_unit_cost,MT_2021,582.6498422712933,current_EUR_per_tonne_MSW_generated_numerator_covers_all_waste,Eurostat env_epea_neep CEP0401 and env_wasmun,computed
2022.0,xsection_country_treated_share,MT_2022,97.2560975609756,percent_of_generated_MSW,Eurostat env_wasmun,computed
2022.0,xsection_country_unit_cost,MT_2022,621.0365853658536,current_EUR_per_tonne_MSW_generated_numerator_covers_all_waste,Eurostat env_epea_neep CEP0401 and env_wasmun,computed
2023.0,xsection_country_treated_share,MT_2023,93.69369369369367,percent_of_generated_MSW,Eurostat env_wasmun,computed
2023.0,xsection_country_unit_cost,MT_2023,645.6456456456457,current_EUR_per_tonne_MSW_generated_numerator_covers_all_waste,Eurostat env_epea_neep CEP0401 and env_wasmun,computed
2018.0,xsection_country_treated_share,NL_2018,100.0,percent_of_generated_MSW,Eurostat env_wasmun,computed
2018.0,xsection_country_unit_cost,NL_2018,1025.4712695889166,current_EUR_per_tonne_MSW_generated_numerator_covers_all_waste,Eurostat env_epea_neep CEP0401 and env_wasmun,computed
2019.0,xsection_country_treated_share,NL_2019,100.0,percent_of_generated_MSW,Eurostat env_wasmun,computed
2019.0,xsection_country_unit_cost,NL_2019,1033.8178514649103,current_EUR_per_tonne_MSW_generated_numerator_covers_all_waste,Eurostat env_epea_neep CEP0401 and env_wasmun,computed
2020.0,xsection_country_treated_share,NL_2020,100.0,percent_of_generated_MSW,Eurostat env_wasmun,computed
2020.0,xsection_country_unit_cost,NL_2020,1025.215053763441,current_EUR_per_tonne_MSW_generated_numerator_covers_all_waste,Eurostat env_epea_neep CEP0401 and env_wasmun,computed
2021.0,xsection_country_treated_share,NL_2021,100.0,percent_of_generated_MSW,Eurostat env_wasmun,computed
2021.0,xsection_country_unit_cost,NL_2021,1222.2259246917697,current_EUR_per_tonne_MSW_generated_numerator_covers_all_waste,Eurostat env_epea_neep CEP0401 and env_wasmun,computed
2022.0,xsection_country_treated_share,NL_2022,100.0,percent_of_generated_MSW,Eurostat env_wasmun,computed
2022.0,xsection_country_unit_cost,NL_2022,1382.46264196055,current_EUR_per_tonne_MSW_generated_numerator_covers_all_waste,Eurostat env_epea_neep CEP0401 and env_wasmun,computed
2023.0,xsection_country_treated_share,NL_2023,100.0,percent_of_generated_MSW,Eurostat env_wasmun,computed
2023.0,xsection_country_unit_cost,NL_2023,1517.5204425204424,current_EUR_per_tonne_MSW_generated_numerator_covers_all_waste,Eurostat env_epea_neep CEP0401 and env_wasmun,computed
2021.0,xsection_country_treated_share,NO_2021,100.0,percent_of_generated_MSW,Eurostat env_wasmun,computed
2021.0,xsection_country_unit_cost,NO_2021,211.4351851851852,current_EUR_per_tonne_MSW_generated_numerator_covers_all_waste,Eurostat env_epea_neep CEP0401 and env_wasmun,computed
2022.0,xsection_country_treated_share,NO_2022,100.0,percent_of_generated_MSW,Eurostat env_wasmun,computed
2022.0,xsection_country_unit_cost,NO_2022,248.31702076867987,current_EUR_per_tonne_MSW_generated_numerator_covers_all_waste,Eurostat env_epea_neep CEP0401 and env_wasmun,computed
2023.0,xsection_country_treated_share,NO_2023,99.79984988741556,percent_of_generated_MSW,Eurostat env_wasmun,computed
2023.0,xsection_country_unit_cost,NO_2023,296.8976732549412,current_EUR_per_tonne_MSW_generated_numerator_covers_all_waste,Eurostat env_epea_neep CEP0401 and env_wasmun,computed
2021.0,xsection_country_treated_share,PL_2021,100.0,percent_of_generated_MSW,Eurostat env_wasmun,computed
2021.0,xsection_country_unit_cost,PL_2021,716.3302618107357,current_EUR_per_tonne_MSW_generated_numerator_covers_all_waste,Eurostat env_epea_neep CEP0401 and env_wasmun,computed
2014.0,xsection_country_treated_share,RO_2014,87.53026634382567,percent_of_generated_MSW,Eurostat env_wasmun,computed
2014.0,xsection_country_unit_cost,RO_2014,223.6682808716707,current_EUR_per_tonne_MSW_generated_numerator_covers_all_waste,Eurostat env_epea_neep CEP0401 and env_wasmun,computed
2015.0,xsection_country_treated_share,RO_2015,87.43882544861337,percent_of_generated_MSW,Eurostat env_wasmun,computed
2015.0,xsection_country_unit_cost,RO_2015,338.478792822186,current_EUR_per_tonne_MSW_generated_numerator_covers_all_waste,Eurostat env_epea_neep CEP0401 and env_wasmun,computed
2016.0,xsection_country_treated_share,RO_2016,92.55298463931555,percent_of_generated_MSW,Eurostat env_wasmun,computed
2016.0,xsection_country_unit_cost,RO_2016,298.87225354851256,current_EUR_per_tonne_MSW_generated_numerator_covers_all_waste,Eurostat env_epea_neep CEP0401 and env_wasmun,computed
2017.0,xsection_country_treated_share,RO_2017,95.1059441215076,percent_of_generated_MSW,Eurostat env_wasmun,computed
2017.0,xsection_country_unit_cost,RO_2017,669.0418151134446,current_EUR_per_tonne_MSW_generated_numerator_covers_all_waste,Eurostat env_epea_neep CEP0401 and env_wasmun,computed
2018.0,xsection_country_treated_share,RO_2018,93.65558912386707,percent_of_generated_MSW,Eurostat env_wasmun,computed
2018.0,xsection_country_unit_cost,RO_2018,578.738670694864,current_EUR_per_tonne_MSW_generated_numerator_covers_all_waste,Eurostat env_epea_neep CEP0401 and env_wasmun,computed
2019.0,xsection_country_treated_share,RO_2019,92.20994475138122,percent_of_generated_MSW,Eurostat env_wasmun,computed
2019.0,xsection_country_unit_cost,RO_2019,656.9429097605894,current_EUR_per_tonne_MSW_generated_numerator_covers_all_waste,Eurostat env_epea_neep CEP0401 and env_wasmun,computed
2020.0,xsection_country_treated_share,RO_2020,90.99483893931304,percent_of_generated_MSW,Eurostat env_wasmun,computed
2020.0,xsection_country_unit_cost,RO_2020,827.8341341875779,current_EUR_per_tonne_MSW_generated_numerator_covers_all_waste,Eurostat env_epea_neep CEP0401 and env_wasmun,computed
2021.0,xsection_country_treated_share,RO_2021,92.67786048121864,percent_of_generated_MSW,Eurostat env_wasmun,computed
2021.0,xsection_country_unit_cost,RO_2021,846.737060758179,current_EUR_per_tonne_MSW_generated_numerator_covers_all_waste,Eurostat env_epea_neep CEP0401 and env_wasmun,computed
2022.0,xsection_country_treated_share,RO_2022,93.89630657187446,percent_of_generated_MSW,Eurostat env_wasmun,computed
2022.0,xsection_country_unit_cost,RO_2022,1121.2588867695508,current_EUR_per_tonne_MSW_generated_numerator_covers_all_waste,Eurostat env_epea_neep CEP0401 and env_wasmun,computed
2023.0,xsection_country_treated_share,RO_2023,94.16008244589489,percent_of_generated_MSW,Eurostat env_wasmun,computed
2023.0,xsection_country_unit_cost,RO_2023,1023.0848505668156,current_EUR_per_tonne_MSW_generated_numerator_covers_all_waste,Eurostat env_epea_neep CEP0401 and env_wasmun,computed
2021.0,xsection_country_treated_share,SE_2021,100.09191176470588,percent_of_generated_MSW,Eurostat env_wasmun,computed
2021.0,xsection_country_unit_cost,SE_2021,1841.8887867647056,current_EUR_per_tonne_MSW_generated_numerator_covers_all_waste,Eurostat env_epea_neep CEP0401 and env_wasmun,computed
2022.0,xsection_country_treated_share,SE_2022,99.56511234597728,percent_of_generated_MSW,Eurostat env_wasmun,computed
2022.0,xsection_country_unit_cost,SE_2022,2089.103648224209,current_EUR_per_tonne_MSW_generated_numerator_covers_all_waste,Eurostat env_epea_neep CEP0401 and env_wasmun,computed
2023.0,xsection_country_treated_share,SE_2023,99.49201741654572,percent_of_generated_MSW,Eurostat env_wasmun,computed
2023.0,xsection_country_unit_cost,SE_2023,2207.4987905176586,current_EUR_per_tonne_MSW_generated_numerator_covers_all_waste,Eurostat env_epea_neep CEP0401 and env_wasmun,computed
2021.0,xsection_country_treated_share,SI_2021,79.20148560817084,percent_of_generated_MSW,Eurostat env_wasmun,computed
2021.0,xsection_country_unit_cost,SI_2021,393.4076137418756,current_EUR_per_tonne_MSW_generated_numerator_covers_all_waste,Eurostat env_epea_neep CEP0401 and env_wasmun,computed
2022.0,xsection_country_treated_share,SI_2022,83.96501457725948,percent_of_generated_MSW,Eurostat env_wasmun,computed
2022.0,xsection_country_unit_cost,SI_2022,450.1457725947522,current_EUR_per_tonne_MSW_generated_numerator_covers_all_waste,Eurostat env_epea_neep CEP0401 and env_wasmun,computed
2023.0,xsection_country_treated_share,SI_2023,82.8623518687329,percent_of_generated_MSW,Eurostat env_wasmun,computed
2023.0,xsection_country_unit_cost,SI_2023,450.5013673655424,current_EUR_per_tonne_MSW_generated_numerator_covers_all_waste,Eurostat env_epea_neep CEP0401 and env_wasmun,computed
2021.0,xsection_country_treated_share,SK_2021,98.33641404805915,percent_of_generated_MSW,Eurostat env_wasmun,computed
2021.0,xsection_country_unit_cost,SK_2021,300.184842883549,current_EUR_per_tonne_MSW_generated_numerator_covers_all_waste,Eurostat env_epea_neep CEP0401 and env_wasmun,computed
2022.0,xsection_country_treated_share,SK_2022,97.458606083943,percent_of_generated_MSW,Eurostat env_wasmun,computed
2022.0,xsection_country_unit_cost,SK_2022,455.41008856372736,current_EUR_per_tonne_MSW_generated_numerator_covers_all_waste,Eurostat env_epea_neep CEP0401 and env_wasmun,computed
2023.0,xsection_country_treated_share,SK_2023,97.8524014057009,percent_of_generated_MSW,Eurostat env_wasmun,computed
2023.0,xsection_country_unit_cost,SK_2023,397.6181179226865,current_EUR_per_tonne_MSW_generated_numerator_covers_all_waste,Eurostat env_epea_neep CEP0401 and env_wasmun,computed
2005.0,xsection_country_treated_share_oecd_no_cost,ARG_2005,94.54565570143087,percent_of_generated_MSW,"OECD Environment Statistics, DSD_MUNW@DF_MUNW",computed
2010.0,xsection_country_treated_share_oecd_no_cost,ARG_2010,89.19086149452642,percent_of_generated_MSW,"OECD Environment Statistics, DSD_MUNW@DF_MUNW",computed
2007.0,xsection_country_treated_share_oecd_no_cost,AUS_2007,100.0000000000033,percent_of_generated_MSW,"OECD Environment Statistics, DSD_MUNW@DF_MUNW",computed
2008.0,xsection_country_treated_share_oecd_no_cost,AUS_2008,99.0762035658382,percent_of_generated_MSW,"OECD Environment Statistics, DSD_MUNW@DF_MUNW",computed
2009.0,xsection_country_treated_share_oecd_no_cost,AUS_2009,99.9999999999982,percent_of_generated_MSW,"OECD Environment Statistics, DSD_MUNW@DF_MUNW",computed
2010.0,xsection_country_treated_share_oecd_no_cost,AUS_2010,100.00000000000306,percent_of_generated_MSW,"OECD Environment Statistics, DSD_MUNW@DF_MUNW",computed
2011.0,xsection_country_treated_share_oecd_no_cost,AUS_2011,99.99999999999994,percent_of_generated_MSW,"OECD Environment Statistics, DSD_MUNW@DF_MUNW",computed
2012.0,xsection_country_treated_share_oecd_no_cost,AUS_2012,99.27647893397815,percent_of_generated_MSW,"OECD Environment Statistics, DSD_MUNW@DF_MUNW",computed
2013.0,xsection_country_treated_share_oecd_no_cost,AUS_2013,99.41620109648498,percent_of_generated_MSW,"OECD Environment Statistics, DSD_MUNW@DF_MUNW",computed
2014.0,xsection_country_treated_share_oecd_no_cost,AUS_2014,99.99999999999788,percent_of_generated_MSW,"OECD Environment Statistics, DSD_MUNW@DF_MUNW",computed
2015.0,xsection_country_treated_share_oecd_no_cost,AUS_2015,100.0000000000007,percent_of_generated_MSW,"OECD Environment Statistics, DSD_MUNW@DF_MUNW",computed
2016.0,xsection_country_treated_share_oecd_no_cost,AUS_2016,100.00000000000225,percent_of_generated_MSW,"OECD Environment Statistics, DSD_MUNW@DF_MUNW",computed
2017.0,xsection_country_treated_share_oecd_no_cost,AUS_2017,100.00000000000234,percent_of_generated_MSW,"OECD Environment Statistics, DSD_MUNW@DF_MUNW",computed
2018.0,xsection_country_treated_share_oecd_no_cost,AUS_2018,100.00000000000232,percent_of_generated_MSW,"OECD Environment Statistics, DSD_MUNW@DF_MUNW",computed
2019.0,xsection_country_treated_share_oecd_no_cost,AUS_2019,99.99999999999925,percent_of_generated_MSW,"OECD Environment Statistics, DSD_MUNW@DF_MUNW",computed
2020.0,xsection_country_treated_share_oecd_no_cost,AUS_2020,99.68648969598262,percent_of_generated_MSW,"OECD Environment Statistics, DSD_MUNW@DF_MUNW",computed
2021.0,xsection_country_treated_share_oecd_no_cost,AUS_2021,99.79836001451515,percent_of_generated_MSW,"OECD Environment Statistics, DSD_MUNW@DF_MUNW",computed
2022.0,xsection_country_treated_share_oecd_no_cost,AUS_2022,99.88732058010667,percent_of_generated_MSW,"OECD Environment Statistics, DSD_MUNW@DF_MUNW",computed
2023.0,xsection_country_treated_share_oecd_no_cost,AUS_2023,99.69540764210994,percent_of_generated_MSW,"OECD Environment Statistics, DSD_MUNW@DF_MUNW",computed
1991.0,xsection_country_treated_share_oecd_no_cost,AUT_1991,88.61164427383237,percent_of_generated_MSW,"OECD Environment Statistics, DSD_MUNW@DF_MUNW",computed
1992.0,xsection_country_treated_share_oecd_no_cost,AUT_1992,88.8853904282116,percent_of_generated_MSW,"OECD Environment Statistics, DSD_MUNW@DF_MUNW",computed
1993.0,xsection_country_treated_share_oecd_no_cost,AUT_1993,86.50104759054176,percent_of_generated_MSW,"OECD Environment Statistics, DSD_MUNW@DF_MUNW",computed
1994.0,xsection_country_treated_share_oecd_no_cost,AUT_1994,85.97058823529412,percent_of_generated_MSW,"OECD Environment Statistics, DSD_MUNW@DF_MUNW",computed
2002.0,xsection_country_treated_share_oecd_no_cost,AUT_2002,104.72120472120471,percent_of_generated_MSW,"OECD Environment Statistics, DSD_MUNW@DF_MUNW",computed
2004.0,xsection_country_treated_share_oecd_no_cost,AUT_2004,98.6835086521433,percent_of_generated_MSW,"OECD Environment Statistics, DSD_MUNW@DF_MUNW",computed
2005.0,xsection_country_treated_share_oecd_no_cost,AUT_2005,97.24411944966926,percent_of_generated_MSW,"OECD Environment Statistics, DSD_MUNW@DF_MUNW",computed
2006.0,xsection_country_treated_share_oecd_no_cost,AUT_2006,98.00709579320832,percent_of_generated_MSW,"OECD Environment Statistics, DSD_MUNW@DF_MUNW",computed
2007.0,xsection_country_treated_share_oecd_no_cost,AUT_2007,98.14788632829068,percent_of_generated_MSW,"OECD Environment Statistics, DSD_MUNW@DF_MUNW",computed
2008.0,xsection_country_treated_share_oecd_no_cost,AUT_2008,97.83465748764232,percent_of_generated_MSW,"OECD Environment Statistics, DSD_MUNW@DF_MUNW",computed
2009.0,xsection_country_treated_share_oecd_no_cost,AUT_2009,97.28916886811623,percent_of_generated_MSW,"OECD Environment Statistics, DSD_MUNW@DF_MUNW",computed
2010.0,xsection_country_treated_share_oecd_no_cost,AUT_2010,97.4663886997958,percent_of_generated_MSW,"OECD Environment Statistics, DSD_MUNW@DF_MUNW",computed
2011.0,xsection_country_treated_share_oecd_no_cost,AUT_2011,96.3552393434438,percent_of_generated_MSW,"OECD Environment Statistics, DSD_MUNW@DF_MUNW",computed
2012.0,xsection_country_treated_share_oecd_no_cost,AUT_2012,96.61908955009932,percent_of_generated_MSW,"OECD Environment Statistics, DSD_MUNW@DF_MUNW",computed
2013.0,xsection_country_treated_share_oecd_no_cost,AUT_2013,96.70349832830466,percent_of_generated_MSW,"OECD Environment Statistics, DSD_MUNW@DF_MUNW",computed
2014.0,xsection_country_treated_share_oecd_no_cost,AUT_2014,96.70356958096224,percent_of_generated_MSW,"OECD Environment Statistics, DSD_MUNW@DF_MUNW",computed
2015.0,xsection_country_treated_share_oecd_no_cost,AUT_2015,97.76261373035568,percent_of_generated_MSW,"OECD Environment Statistics, DSD_MUNW@DF_MUNW",computed
2016.0,xsection_country_treated_share_oecd_no_cost,AUT_2016,97.90601412223032,percent_of_generated_MSW,"OECD Environment Statistics, DSD_MUNW@DF_MUNW",computed
2017.0,xsection_country_treated_share_oecd_no_cost,AUT_2017,98.53515625,percent_of_generated_MSW,"OECD Environment Statistics, DSD_MUNW@DF_MUNW",computed
2018.0,xsection_country_treated_share_oecd_no_cost,AUT_2018,98.47821840203164,percent_of_generated_MSW,"OECD Environment Statistics, DSD_MUNW@DF_MUNW",computed
2019.0,xsection_country_treated_share_oecd_no_cost,AUT_2019,98.6339813190097,percent_of_generated_MSW,"OECD Environment Statistics, DSD_MUNW@DF_MUNW",computed
2020.0,xsection_country_treated_share_oecd_no_cost,AUT_2020,99.55695719188948,percent_of_generated_MSW,"OECD Environment Statistics, DSD_MUNW@DF_MUNW",computed
2021.0,xsection_country_treated_share_oecd_no_cost,AUT_2021,99.44394540317958,percent_of_generated_MSW,"OECD Environment Statistics, DSD_MUNW@DF_MUNW",computed
2022.0,xsection_country_treated_share_oecd_no_cost,AUT_2022,99.39994753556752,percent_of_generated_MSW,"OECD Environment Statistics, DSD_MUNW@DF_MUNW",computed
2023.0,xsection_country_treated_share_oecd_no_cost,AUT_2023,99.47163756379646,percent_of_generated_MSW,"OECD Environment Statistics, DSD_MUNW@DF_MUNW",computed
2024.0,xsection_country_treated_share_oecd_no_cost,AUT_2024,62.70898653545555,percent_of_generated_MSW,"OECD Environment Statistics, DSD_MUNW@DF_MUNW",computed
2004.0,xsection_country_treated_share_oecd_no_cost,AZE_2004,100.0,percent_of_generated_MSW,"OECD Environment Statistics, DSD_MUNW@DF_MUNW",computed
2005.0,xsection_country_treated_share_oecd_no_cost,AZE_2005,100.0,percent_of_generated_MSW,"OECD Environment Statistics, DSD_MUNW@DF_MUNW",computed
2006.0,xsection_country_treated_share_oecd_no_cost,AZE_2006,100.0,percent_of_generated_MSW,"OECD Environment Statistics, DSD_MUNW@DF_MUNW",computed
2007.0,xsection_country_treated_share_oecd_no_cost,AZE_2007,100.0,percent_of_generated_MSW,"OECD Environment Statistics, DSD_MUNW@DF_MUNW",computed
2008.0,xsection_country_treated_share_oecd_no_cost,AZE_2008,100.0,percent_of_generated_MSW,"OECD Environment Statistics, DSD_MUNW@DF_MUNW",computed
2009.0,xsection_country_treated_share_oecd_no_cost,AZE_2009,100.0,percent_of_generated_MSW,"OECD Environment Statistics, DSD_MUNW@DF_MUNW",computed
2010.0,xsection_country_treated_share_oecd_no_cost,AZE_2010,100.0,percent_of_generated_MSW,"OECD Environment Statistics, DSD_MUNW@DF_MUNW",computed
2011.0,xsection_country_treated_share_oecd_no_cost,AZE_2011,100.0,percent_of_generated_MSW,"OECD Environment Statistics, DSD_MUNW@DF_MUNW",computed
2012.0,xsection_country_treated_share_oecd_no_cost,AZE_2012,100.0,percent_of_generated_MSW,"OECD Environment Statistics, DSD_MUNW@DF_MUNW",computed
2013.0,xsection_country_treated_share_oecd_no_cost,AZE_2013,95.93058049072413,percent_of_generated_MSW,"OECD Environment Statistics, DSD_MUNW@DF_MUNW",computed
2014.0,xsection_country_treated_share_oecd_no_cost,AZE_2014,94.76014760147602,percent_of_generated_MSW,"OECD Environment Statistics, DSD_MUNW@DF_MUNW",computed
2015.0,xsection_country_treated_share_oecd_no_cost,AZE_2015,94.78827361563518,percent_of_generated_MSW,"OECD Environment Statistics, DSD_MUNW@DF_MUNW",computed
2016.0,xsection_country_treated_share_oecd_no_cost,AZE_2016,94.71698113207547,percent_of_generated_MSW,"OECD Environment Statistics, DSD_MUNW@DF_MUNW",computed
2017.0,xsection_country_treated_share_oecd_no_cost,AZE_2017,95.30456852791878,percent_of_generated_MSW,"OECD Environment Statistics, DSD_MUNW@DF_MUNW",computed
2018.0,xsection_country_treated_share_oecd_no_cost,AZE_2018,95.55808656036446,percent_of_generated_MSW,"OECD Environment Statistics, DSD_MUNW@DF_MUNW",computed
2019.0,xsection_country_treated_share_oecd_no_cost,AZE_2019,96.24134520276954,percent_of_generated_MSW,"OECD Environment Statistics, DSD_MUNW@DF_MUNW",computed
2020.0,xsection_country_treated_share_oecd_no_cost,AZE_2020,99.49302915082384,percent_of_generated_MSW,"OECD Environment Statistics, DSD_MUNW@DF_MUNW",computed
2021.0,xsection_country_treated_share_oecd_no_cost,AZE_2021,99.22570654277972,percent_of_generated_MSW,"OECD Environment Statistics, DSD_MUNW@DF_MUNW",computed
2022.0,xsection_country_treated_share_oecd_no_cost,AZE_2022,99.48438088069253,percent_of_generated_MSW,"OECD Environment Statistics, DSD_MUNW@DF_MUNW",computed
2023.0,xsection_country_treated_share_oecd_no_cost,AZE_2023,98.95220588235294,percent_of_generated_MSW,"OECD Environment Statistics, DSD_MUNW@DF_MUNW",computed
1995.0,xsection_country_treated_share_oecd_no_cost,BEL_1995,98.06187625087637,percent_of_generated_MSW,"OECD Environment Statistics, DSD_MUNW@DF_MUNW",computed
1996.0,xsection_country_treated_share_oecd_no_cost,BEL_1996,96.8175915392769,percent_of_generated_MSW,"OECD Environment Statistics, DSD_MUNW@DF_MUNW",computed
1997.0,xsection_country_treated_share_oecd_no_cost,BEL_1997,99.5453991170462,percent_of_generated_MSW,"OECD Environment Statistics, DSD_MUNW@DF_MUNW",computed
1998.0,xsection_country_treated_share_oecd_no_cost,BEL_1998,100.08553077173568,percent_of_generated_MSW,"OECD Environment Statistics, DSD_MUNW@DF_MUNW",computed
1999.0,xsection_country_treated_share_oecd_no_cost,BEL_1999,98.0239264082663,percent_of_generated_MSW,"OECD Environment Statistics, DSD_MUNW@DF_MUNW",computed
2000.0,xsection_country_treated_share_oecd_no_cost,BEL_2000,102.65961554480326,percent_of_generated_MSW,"OECD Environment Statistics, DSD_MUNW@DF_MUNW",computed
2001.0,xsection_country_treated_share_oecd_no_cost,BEL_2001,98.49711289380951,percent_of_generated_MSW,"OECD Environment Statistics, DSD_MUNW@DF_MUNW",computed
2002.0,xsection_country_treated_share_oecd_no_cost,BEL_2002,98.37233808839612,percent_of_generated_MSW,"OECD Environment Statistics, DSD_MUNW@DF_MUNW",computed
2003.0,xsection_country_treated_share_oecd_no_cost,BEL_2003,101.46072519690313,percent_of_generated_MSW,"OECD Environment Statistics, DSD_MUNW@DF_MUNW",computed
2004.0,xsection_country_treated_share_oecd_no_cost,BEL_2004,100.7399899995346,percent_of_generated_MSW,"OECD Environment Statistics, DSD_MUNW@DF_MUNW",computed
2005.0,xsection_country_treated_share_oecd_no_cost,BEL_2005,104.48564961667915,percent_of_generated_MSW,"OECD Environment Statistics, DSD_MUNW@DF_MUNW",computed
2006.0,xsection_country_treated_share_oecd_no_cost,BEL_2006,100.65912125632708,percent_of_generated_MSW,"OECD Environment Statistics, DSD_MUNW@DF_MUNW",computed
2007.0,xsection_country_treated_share_oecd_no_cost,BEL_2007,104.03003091709375,percent_of_generated_MSW,"OECD Environment Statistics, DSD_MUNW@DF_MUNW",computed
2008.0,xsection_country_treated_share_oecd_no_cost,BEL_2008,96.45146741630468,percent_of_generated_MSW,"OECD Environment Statistics, DSD_MUNW@DF_MUNW",computed
2009.0,xsection_country_treated_share_oecd_no_cost,BEL_2009,96.14208696907777,percent_of_generated_MSW,"OECD Environment Statistics, DSD_MUNW@DF_MUNW",computed
2010.0,xsection_country_treated_share_oecd_no_cost,BEL_2010,96.75218597681904,percent_of_generated_MSW,"OECD Environment Statistics, DSD_MUNW@DF_MUNW",computed
2011.0,xsection_country_treated_share_oecd_no_cost,BEL_2011,96.43119169075024,percent_of_generated_MSW,"OECD Environment Statistics, DSD_MUNW@DF_MUNW",computed
2012.0,xsection_country_treated_share_oecd_no_cost,BEL_2012,96.8246618425778,percent_of_generated_MSW,"OECD Environment Statistics, DSD_MUNW@DF_MUNW",computed
2013.0,xsection_country_treated_share_oecd_no_cost,BEL_2013,98.85546505756916,percent_of_generated_MSW,"OECD Environment Statistics, DSD_MUNW@DF_MUNW",computed
2014.0,xsection_country_treated_share_oecd_no_cost,BEL_2014,99.85495400570404,percent_of_generated_MSW,"OECD Environment Statistics, DSD_MUNW@DF_MUNW",computed
2015.0,xsection_country_treated_share_oecd_no_cost,BEL_2015,100.01720749163842,percent_of_generated_MSW,"OECD Environment Statistics, DSD_MUNW@DF_MUNW",computed
2016.0,xsection_country_treated_share_oecd_no_cost,BEL_2016,100.1328820948253,percent_of_generated_MSW,"OECD Environment Statistics, DSD_MUNW@DF_MUNW",computed
2017.0,xsection_country_treated_share_oecd_no_cost,BEL_2017,99.15476191120116,percent_of_generated_MSW,"OECD Environment Statistics, DSD_MUNW@DF_MUNW",computed
2018.0,xsection_country_treated_share_oecd_no_cost,BEL_2018,100.00062631151845,percent_of_generated_MSW,"OECD Environment Statistics, DSD_MUNW@DF_MUNW",computed
2019.0,xsection_country_treated_share_oecd_no_cost,BEL_2019,99.98600225721448,percent_of_generated_MSW,"OECD Environment Statistics, DSD_MUNW@DF_MUNW",computed
2020.0,xsection_country_treated_share_oecd_no_cost,BEL_2020,99.737972598363,percent_of_generated_MSW,"OECD Environment Statistics, DSD_MUNW@DF_MUNW",computed
2021.0,xsection_country_treated_share_oecd_no_cost,BEL_2021,99.0225711960355,percent_of_generated_MSW,"OECD Environment Statistics, DSD_MUNW@DF_MUNW",computed
2022.0,xsection_country_treated_share_oecd_no_cost,BEL_2022,98.64188542365127,percent_of_generated_MSW,"OECD Environment Statistics, DSD_MUNW@DF_MUNW",computed
2023.0,xsection_country_treated_share_oecd_no_cost,BEL_2023,98.56999554452013,percent_of_generated_MSW,"OECD Environment Statistics, DSD_MUNW@DF_MUNW",computed
2024.0,xsection_country_treated_share_oecd_no_cost,BEL_2024,99.02803098195864,percent_of_generated_MSW,"OECD Environment Statistics, DSD_MUNW@DF_MUNW",computed
2019.0,xsection_country_treated_share_oecd_no_cost,BGD_2019,78.30329924170628,percent_of_generated_MSW,"OECD Environment Statistics, DSD_MUNW@DF_MUNW",computed
2020.0,xsection_country_treated_share_oecd_no_cost,BGD_2020,74.55893857449081,percent_of_generated_MSW,"OECD Environment Statistics, DSD_MUNW@DF_MUNW",computed
2021.0,xsection_country_treated_share_oecd_no_cost,BGD_2021,79.2167863370111,percent_of_generated_MSW,"OECD Environment Statistics, DSD_MUNW@DF_MUNW",computed
1995.0,xsection_country_treated_share_oecd_no_cost,BGR_1995,76.52038659325825,percent_of_generated_MSW,"OECD Environment Statistics, DSD_MUNW@DF_MUNW",computed
1996.0,xsection_country_treated_share_oecd_no_cost,BGR_1996,77.37136107964722,percent_of_generated_MSW,"OECD Environment Statistics, DSD_MUNW@DF_MUNW",computed
1997.0,xsection_country_treated_share_oecd_no_cost,BGR_1997,75.15341697183699,percent_of_generated_MSW,"OECD Environment Statistics, DSD_MUNW@DF_MUNW",computed
1998.0,xsection_country_treated_share_oecd_no_cost,BGR_1998,80.83032786885246,percent_of_generated_MSW,"OECD Environment Statistics, DSD_MUNW@DF_MUNW",computed
1999.0,xsection_country_treated_share_oecd_no_cost,BGR_1999,80.77780040733198,percent_of_generated_MSW,"OECD Environment Statistics, DSD_MUNW@DF_MUNW",computed
2000.0,xsection_country_treated_share_oecd_no_cost,BGR_2000,80.95178071228491,percent_of_generated_MSW,"OECD Environment Statistics, DSD_MUNW@DF_MUNW",computed
2001.0,xsection_country_treated_share_oecd_no_cost,BGR_2001,83.13576367064739,percent_of_generated_MSW,"OECD Environment Statistics, DSD_MUNW@DF_MUNW",computed
2002.0,xsection_country_treated_share_oecd_no_cost,BGR_2002,83.95291622481442,percent_of_generated_MSW,"OECD Environment Statistics, DSD_MUNW@DF_MUNW",computed
2003.0,xsection_country_treated_share_oecd_no_cost,BGR_2003,84.59914712153518,percent_of_generated_MSW,"OECD Environment Statistics, DSD_MUNW@DF_MUNW",computed
2004.0,xsection_country_treated_share_oecd_no_cost,BGR_2004,84.1067330591037,percent_of_generated_MSW,"OECD Environment Statistics, DSD_MUNW@DF_MUNW",computed
2005.0,xsection_country_treated_share_oecd_no_cost,BGR_2005,88.1274988893825,percent_of_generated_MSW,"OECD Environment Statistics, DSD_MUNW@DF_MUNW",computed
2006.0,xsection_country_treated_share_oecd_no_cost,BGR_2006,81.8418053339412,percent_of_generated_MSW,"OECD Environment Statistics, DSD_MUNW@DF_MUNW",computed
2007.0,xsection_country_treated_share_oecd_no_cost,BGR_2007,91.97363374880152,percent_of_generated_MSW,"OECD Environment Statistics, DSD_MUNW@DF_MUNW",computed
2008.0,xsection_country_treated_share_oecd_no_cost,BGR_2008,94.28065091395452,percent_of_generated_MSW,"OECD Environment Statistics, DSD_MUNW@DF_MUNW",computed
2009.0,xsection_country_treated_share_oecd_no_cost,BGR_2009,96.8680602382558,percent_of_generated_MSW,"OECD Environment Statistics, DSD_MUNW@DF_MUNW",computed
2010.0,xsection_country_treated_share_oecd_no_cost,BGR_2010,98.77088422081094,percent_of_generated_MSW,"OECD Environment Statistics, DSD_MUNW@DF_MUNW",computed
2011.0,xsection_country_treated_share_oecd_no_cost,BGR_2011,95.03403001071813,percent_of_generated_MSW,"OECD Environment Statistics, DSD_MUNW@DF_MUNW",computed
2012.0,xsection_country_treated_share_oecd_no_cost,BGR_2012,94.05677764565992,percent_of_generated_MSW,"OECD Environment Statistics, DSD_MUNW@DF_MUNW",computed
2013.0,xsection_country_treated_share_oecd_no_cost,BGR_2013,99.2025518341308,percent_of_generated_MSW,"OECD Environment Statistics, DSD_MUNW@DF_MUNW",computed
2014.0,xsection_country_treated_share_oecd_no_cost,BGR_2014,94.11027568922306,percent_of_generated_MSW,"OECD Environment Statistics, DSD_MUNW@DF_MUNW",computed
2015.0,xsection_country_treated_share_oecd_no_cost,BGR_2015,98.30621056127532,percent_of_generated_MSW,"OECD Environment Statistics, DSD_MUNW@DF_MUNW",computed
2016.0,xsection_country_treated_share_oecd_no_cost,BGR_2016,99.86115931968068,percent_of_generated_MSW,"OECD Environment Statistics, DSD_MUNW@DF_MUNW",computed
2017.0,xsection_country_treated_share_oecd_no_cost,BGR_2017,99.7077922077922,percent_of_generated_MSW,"OECD Environment Statistics, DSD_MUNW@DF_MUNW",computed
2018.0,xsection_country_treated_share_oecd_no_cost,BGR_2018,99.895178197065,percent_of_generated_MSW,"OECD Environment Statistics, DSD_MUNW@DF_MUNW",computed
2019.0,xsection_country_treated_share_oecd_no_cost,BGR_2019,99.7077922077922,percent_of_generated_MSW,"OECD Environment Statistics, DSD_MUNW@DF_MUNW",computed
2020.0,xsection_country_treated_share_oecd_no_cost,BGR_2020,90.18334640989464,percent_of_generated_MSW,"OECD Environment Statistics, DSD_MUNW@DF_MUNW",computed
2021.0,xsection_country_treated_share_oecd_no_cost,BGR_2021,62.47380284435137,percent_of_generated_MSW,"OECD Environment Statistics, DSD_MUNW@DF_MUNW",computed
2022.0,xsection_country_treated_share_oecd_no_cost,BGR_2022,92.4411067333929,percent_of_generated_MSW,"OECD Environment Statistics, DSD_MUNW@DF_MUNW",computed
2023.0,xsection_country_treated_share_oecd_no_cost,BGR_2023,68.26617477186312,percent_of_generated_MSW,"OECD Environment Statistics, DSD_MUNW@DF_MUNW",computed
2024.0,xsection_country_treated_share_oecd_no_cost,BGR_2024,74.86498215225564,percent_of_generated_MSW,"OECD Environment Statistics, DSD_MUNW@DF_MUNW",computed
2008.0,xsection_country_treated_share_oecd_no_cost,BIH_2008,89.24650169337791,percent_of_generated_MSW,"OECD Environment Statistics, DSD_MUNW@DF_MUNW",computed
2009.0,xsection_country_treated_share_oecd_no_cost,BIH_2009,73.56681350954479,percent_of_generated_MSW,"OECD Environment Statistics, DSD_MUNW@DF_MUNW",computed
2010.0,xsection_country_treated_share_oecd_no_cost,BIH_2010,86.38394256693209,percent_of_generated_MSW,"OECD Environment Statistics, DSD_MUNW@DF_MUNW",computed
2011.0,xsection_country_treated_share_oecd_no_cost,BIH_2011,82.17291507268554,percent_of_generated_MSW,"OECD Environment Statistics, DSD_MUNW@DF_MUNW",computed
2012.0,xsection_country_treated_share_oecd_no_cost,BIH_2012,71.06676899462778,percent_of_generated_MSW,"OECD Environment Statistics, DSD_MUNW@DF_MUNW",computed
2013.0,xsection_country_treated_share_oecd_no_cost,BIH_2013,75.25167785234899,percent_of_generated_MSW,"OECD Environment Statistics, DSD_MUNW@DF_MUNW",computed
2014.0,xsection_country_treated_share_oecd_no_cost,BIH_2014,67.26591760299625,percent_of_generated_MSW,"OECD Environment Statistics, DSD_MUNW@DF_MUNW",computed
2015.0,xsection_country_treated_share_oecd_no_cost,BIH_2015,76.38110488390713,percent_of_generated_MSW,"OECD Environment Statistics, DSD_MUNW@DF_MUNW",computed
2016.0,xsection_country_treated_share_oecd_no_cost,BIH_2016,76.68810289389067,percent_of_generated_MSW,"OECD Environment Statistics, DSD_MUNW@DF_MUNW",computed
2017.0,xsection_country_treated_share_oecd_no_cost,BIH_2017,76.92307692307692,percent_of_generated_MSW,"OECD Environment Statistics, DSD_MUNW@DF_MUNW",computed
2022.0,xsection_country_treated_share_oecd_no_cost,BIH_2022,82.03147623916269,percent_of_generated_MSW,"OECD Environment Statistics, DSD_MUNW@DF_MUNW",computed
2023.0,xsection_country_treated_share_oecd_no_cost,BIH_2023,77.3872117992545,percent_of_generated_MSW,"OECD Environment Statistics, DSD_MUNW@DF_MUNW",computed
2024.0,xsection_country_treated_share_oecd_no_cost,BIH_2024,82.86019208343987,percent_of_generated_MSW,"OECD Environment Statistics, DSD_MUNW@DF_MUNW",computed
2004.0,xsection_country_treated_share_oecd_no_cost,BLR_2004,100.0,percent_of_generated_MSW,"OECD Environment Statistics, DSD_MUNW@DF_MUNW",computed
2005.0,xsection_country_treated_share_oecd_no_cost,BLR_2005,100.0,percent_of_generated_MSW,"OECD Environment Statistics, DSD_MUNW@DF_MUNW",computed
2006.0,xsection_country_treated_share_oecd_no_cost,BLR_2006,100.0036579120638,percent_of_generated_MSW,"OECD Environment Statistics, DSD_MUNW@DF_MUNW",computed
2007.0,xsection_country_treated_share_oecd_no_cost,BLR_2007,100.0,percent_of_generated_MSW,"OECD Environment Statistics, DSD_MUNW@DF_MUNW",computed
2008.0,xsection_country_treated_share_oecd_no_cost,BLR_2008,100.0,percent_of_generated_MSW,"OECD Environment Statistics, DSD_MUNW@DF_MUNW",computed
2009.0,xsection_country_treated_share_oecd_no_cost,BLR_2009,100.0,percent_of_generated_MSW,"OECD Environment Statistics, DSD_MUNW@DF_MUNW",computed
2010.0,xsection_country_treated_share_oecd_no_cost,BLR_2010,100.0,percent_of_generated_MSW,"OECD Environment Statistics, DSD_MUNW@DF_MUNW",computed
2011.0,xsection_country_treated_share_oecd_no_cost,BLR_2011,100.0,percent_of_generated_MSW,"OECD Environment Statistics, DSD_MUNW@DF_MUNW",computed
2012.0,xsection_country_treated_share_oecd_no_cost,BLR_2012,100.0,percent_of_generated_MSW,"OECD Environment Statistics, DSD_MUNW@DF_MUNW",computed
2013.0,xsection_country_treated_share_oecd_no_cost,BLR_2013,100.0,percent_of_generated_MSW,"OECD Environment Statistics, DSD_MUNW@DF_MUNW",computed
2014.0,xsection_country_treated_share_oecd_no_cost,BLR_2014,100.0,percent_of_generated_MSW,"OECD Environment Statistics, DSD_MUNW@DF_MUNW",computed
2015.0,xsection_country_treated_share_oecd_no_cost,BLR_2015,100.0,percent_of_generated_MSW,"OECD Environment Statistics, DSD_MUNW@DF_MUNW",computed
2016.0,xsection_country_treated_share_oecd_no_cost,BLR_2016,100.0,percent_of_generated_MSW,"OECD Environment Statistics, DSD_MUNW@DF_MUNW",computed
2017.0,xsection_country_treated_share_oecd_no_cost,BLR_2017,100.0,percent_of_generated_MSW,"OECD Environment Statistics, DSD_MUNW@DF_MUNW",computed
2018.0,xsection_country_treated_share_oecd_no_cost,BLR_2018,100.00263483782574,percent_of_generated_MSW,"OECD Environment Statistics, DSD_MUNW@DF_MUNW",computed
2019.0,xsection_country_treated_share_oecd_no_cost,BLR_2019,100.0,percent_of_generated_MSW,"OECD Environment Statistics, DSD_MUNW@DF_MUNW",computed
2020.0,xsection_country_treated_share_oecd_no_cost,BLR_2020,100.0,percent_of_generated_MSW,"OECD Environment Statistics, DSD_MUNW@DF_MUNW",computed
2021.0,xsection_country_treated_share_oecd_no_cost,BLR_2021,100.00251876479774,percent_of_generated_MSW,"OECD Environment Statistics, DSD_MUNW@DF_MUNW",computed
2022.0,xsection_country_treated_share_oecd_no_cost,BLR_2022,100.0,percent_of_generated_MSW,"OECD Environment Statistics, DSD_MUNW@DF_MUNW",computed
2023.0,xsection_country_treated_share_oecd_no_cost,BLR_2023,100.0,percent_of_generated_MSW,"OECD Environment Statistics, DSD_MUNW@DF_MUNW",computed
2004.0,xsection_country_treated_share_oecd_no_cost,BRA_2004,95.41987579763168,percent_of_generated_MSW,"OECD Environment Statistics, DSD_MUNW@DF_MUNW",computed
2005.0,xsection_country_treated_share_oecd_no_cost,BRA_2005,72.7987927263631,percent_of_generated_MSW,"OECD Environment Statistics, DSD_MUNW@DF_MUNW",computed
1990.0,xsection_country_treated_share_oecd_no_cost,CHE_1990,100.0,percent_of_generated_MSW,"OECD Environment Statistics, DSD_MUNW@DF_MUNW",computed
1991.0,xsection_country_treated_share_oecd_no_cost,CHE_1991,98.06351665375678,percent_of_generated_MSW,"OECD Environment Statistics, DSD_MUNW@DF_MUNW",computed
1992.0,xsection_country_treated_share_oecd_no_cost,CHE_1992,99.99951180218224,percent_of_generated_MSW,"OECD Environment Statistics, DSD_MUNW@DF_MUNW",computed
1993.0,xsection_country_treated_share_oecd_no_cost,CHE_1993,100.0007246026762,percent_of_generated_MSW,"OECD Environment Statistics, DSD_MUNW@DF_MUNW",computed
1994.0,xsection_country_treated_share_oecd_no_cost,CHE_1994,100.00024029796948,percent_of_generated_MSW,"OECD Environment Statistics, DSD_MUNW@DF_MUNW",computed
1995.0,xsection_country_treated_share_oecd_no_cost,CHE_1995,100.0,percent_of_generated_MSW,"OECD Environment Statistics, DSD_MUNW@DF_MUNW",computed
1996.0,xsection_country_treated_share_oecd_no_cost,CHE_1996,99.88317757009344,percent_of_generated_MSW,"OECD Environment Statistics, DSD_MUNW@DF_MUNW",computed
1997.0,xsection_country_treated_share_oecd_no_cost,CHE_1997,100.69864927806242,percent_of_generated_MSW,"OECD Environment Statistics, DSD_MUNW@DF_MUNW",computed
1998.0,xsection_country_treated_share_oecd_no_cost,CHE_1998,100.0,percent_of_generated_MSW,"OECD Environment Statistics, DSD_MUNW@DF_MUNW",computed
1999.0,xsection_country_treated_share_oecd_no_cost,CHE_1999,100.0,percent_of_generated_MSW,"OECD Environment Statistics, DSD_MUNW@DF_MUNW",computed
2000.0,xsection_country_treated_share_oecd_no_cost,CHE_2000,100.0,percent_of_generated_MSW,"OECD Environment Statistics, DSD_MUNW@DF_MUNW",computed
2001.0,xsection_country_treated_share_oecd_no_cost,CHE_2001,100.0,percent_of_generated_MSW,"OECD Environment Statistics, DSD_MUNW@DF_MUNW",computed
2002.0,xsection_country_treated_share_oecd_no_cost,CHE_2002,100.0,percent_of_generated_MSW,"OECD Environment Statistics, DSD_MUNW@DF_MUNW",computed
2003.0,xsection_country_treated_share_oecd_no_cost,CHE_2003,100.0,percent_of_generated_MSW,"OECD Environment Statistics, DSD_MUNW@DF_MUNW",computed
2004.0,xsection_country_treated_share_oecd_no_cost,CHE_2004,99.9795918367347,percent_of_generated_MSW,"OECD Environment Statistics, DSD_MUNW@DF_MUNW",computed
2005.0,xsection_country_treated_share_oecd_no_cost,CHE_2005,100.0,percent_of_generated_MSW,"OECD Environment Statistics, DSD_MUNW@DF_MUNW",computed
2006.0,xsection_country_treated_share_oecd_no_cost,CHE_2006,100.0,percent_of_generated_MSW,"OECD Environment Statistics, DSD_MUNW@DF_MUNW",computed
2007.0,xsection_country_treated_share_oecd_no_cost,CHE_2007,100.0,percent_of_generated_MSW,"OECD Environment Statistics, DSD_MUNW@DF_MUNW",computed
2008.0,xsection_country_treated_share_oecd_no_cost,CHE_2008,100.0,percent_of_generated_MSW,"OECD Environment Statistics, DSD_MUNW@DF_MUNW",computed
2009.0,xsection_country_treated_share_oecd_no_cost,CHE_2009,100.0,percent_of_generated_MSW,"OECD Environment Statistics, DSD_MUNW@DF_MUNW",computed
2010.0,xsection_country_treated_share_oecd_no_cost,CHE_2010,100.0,percent_of_generated_MSW,"OECD Environment Statistics, DSD_MUNW@DF_MUNW",computed
2011.0,xsection_country_treated_share_oecd_no_cost,CHE_2011,100.0,percent_of_generated_MSW,"OECD Environment Statistics, DSD_MUNW@DF_MUNW",computed
2012.0,xsection_country_treated_share_oecd_no_cost,CHE_2012,100.0,percent_of_generated_MSW,"OECD Environment Statistics, DSD_MUNW@DF_MUNW",computed
2013.0,xsection_country_treated_share_oecd_no_cost,CHE_2013,100.0,percent_of_generated_MSW,"OECD Environment Statistics, DSD_MUNW@DF_MUNW",computed
2014.0,xsection_country_treated_share_oecd_no_cost,CHE_2014,100.0,percent_of_generated_MSW,"OECD Environment Statistics, DSD_MUNW@DF_MUNW",computed
2015.0,xsection_country_treated_share_oecd_no_cost,CHE_2015,100.0,percent_of_generated_MSW,"OECD Environment Statistics, DSD_MUNW@DF_MUNW",computed
2016.0,xsection_country_treated_share_oecd_no_cost,CHE_2016,100.0,percent_of_generated_MSW,"OECD Environment Statistics, DSD_MUNW@DF_MUNW",computed
2017.0,xsection_country_treated_share_oecd_no_cost,CHE_2017,100.0,percent_of_generated_MSW,"OECD Environment Statistics, DSD_MUNW@DF_MUNW",computed
2018.0,xsection_country_treated_share_oecd_no_cost,CHE_2018,100.0,percent_of_generated_MSW,"OECD Environment Statistics, DSD_MUNW@DF_MUNW",computed
2019.0,xsection_country_treated_share_oecd_no_cost,CHE_2019,100.0,percent_of_generated_MSW,"OECD Environment Statistics, DSD_MUNW@DF_MUNW",computed
2020.0,xsection_country_treated_share_oecd_no_cost,CHE_2020,100.0,percent_of_generated_MSW,"OECD Environment Statistics, DSD_MUNW@DF_MUNW",computed
2021.0,xsection_country_treated_share_oecd_no_cost,CHE_2021,100.0,percent_of_generated_MSW,"OECD Environment Statistics, DSD_MUNW@DF_MUNW",computed
2022.0,xsection_country_treated_share_oecd_no_cost,CHE_2022,100.0,percent_of_generated_MSW,"OECD Environment Statistics, DSD_MUNW@DF_MUNW",computed
2023.0,xsection_country_treated_share_oecd_no_cost,CHE_2023,100.0,percent_of_generated_MSW,"OECD Environment Statistics, DSD_MUNW@DF_MUNW",computed
2024.0,xsection_country_treated_share_oecd_no_cost,CHE_2024,100.0,percent_of_generated_MSW,"OECD Environment Statistics, DSD_MUNW@DF_MUNW",computed
2014.0,xsection_country_treated_share_oecd_no_cost,CHL_2014,80.39787366167967,percent_of_generated_MSW,"OECD Environment Statistics, DSD_MUNW@DF_MUNW",computed
2015.0,xsection_country_treated_share_oecd_no_cost,CHL_2015,100.03445712658132,percent_of_generated_MSW,"OECD Environment Statistics, DSD_MUNW@DF_MUNW",computed
2016.0,xsection_country_treated_share_oecd_no_cost,CHL_2016,100.06972256230416,percent_of_generated_MSW,"OECD Environment Statistics, DSD_MUNW@DF_MUNW",computed
2017.0,xsection_country_treated_share_oecd_no_cost,CHL_2017,99.91984722955829,percent_of_generated_MSW,"OECD Environment Statistics, DSD_MUNW@DF_MUNW",computed
2018.0,xsection_country_treated_share_oecd_no_cost,CHL_2018,96.83551713394765,percent_of_generated_MSW,"OECD Environment Statistics, DSD_MUNW@DF_MUNW",computed
2019.0,xsection_country_treated_share_oecd_no_cost,CHL_2019,98.47277548582596,percent_of_generated_MSW,"OECD Environment Statistics, DSD_MUNW@DF_MUNW",computed
2020.0,xsection_country_treated_share_oecd_no_cost,CHL_2020,63.70613890001892,percent_of_generated_MSW,"OECD Environment Statistics, DSD_MUNW@DF_MUNW",computed
2021.0,xsection_country_treated_share_oecd_no_cost,CHL_2021,71.6247470216664,percent_of_generated_MSW,"OECD Environment Statistics, DSD_MUNW@DF_MUNW",computed
2022.0,xsection_country_treated_share_oecd_no_cost,CHL_2022,75.03655909157706,percent_of_generated_MSW,"OECD Environment Statistics, DSD_MUNW@DF_MUNW",computed
2023.0,xsection_country_treated_share_oecd_no_cost,CHL_2023,86.49919896327673,percent_of_generated_MSW,"OECD Environment Statistics, DSD_MUNW@DF_MUNW",computed
2001.0,xsection_country_treated_share_oecd_no_cost,CHN_2001,58.202672605790646,percent_of_generated_MSW,"OECD Environment Statistics, DSD_MUNW@DF_MUNW",computed
2002.0,xsection_country_treated_share_oecd_no_cost,CHN_2002,54.24395604395605,percent_of_generated_MSW,"OECD Environment Statistics, DSD_MUNW@DF_MUNW",computed
2003.0,xsection_country_treated_share_oecd_no_cost,CHN_2003,50.4186578717103,percent_of_generated_MSW,"OECD Environment Statistics, DSD_MUNW@DF_MUNW",computed
2004.0,xsection_country_treated_share_oecd_no_cost,CHN_2004,52.02076213811336,percent_of_generated_MSW,"OECD Environment Statistics, DSD_MUNW@DF_MUNW",computed
2005.0,xsection_country_treated_share_oecd_no_cost,CHN_2005,51.316042883738845,percent_of_generated_MSW,"OECD Environment Statistics, DSD_MUNW@DF_MUNW",computed
2006.0,xsection_country_treated_share_oecd_no_cost,CHN_2006,52.78620039080924,percent_of_generated_MSW,"OECD Environment Statistics, DSD_MUNW@DF_MUNW",computed
2007.0,xsection_country_treated_share_oecd_no_cost,CHN_2007,61.24088070982583,percent_of_generated_MSW,"OECD Environment Statistics, DSD_MUNW@DF_MUNW",computed
2008.0,xsection_country_treated_share_oecd_no_cost,CHN_2008,65.86151055836248,percent_of_generated_MSW,"OECD Environment Statistics, DSD_MUNW@DF_MUNW",computed
2009.0,xsection_country_treated_share_oecd_no_cost,CHN_2009,70.54404474386679,percent_of_generated_MSW,"OECD Environment Statistics, DSD_MUNW@DF_MUNW",computed
2010.0,xsection_country_treated_share_oecd_no_cost,CHN_2010,76.53244583923872,percent_of_generated_MSW,"OECD Environment Statistics, DSD_MUNW@DF_MUNW",computed
2011.0,xsection_country_treated_share_oecd_no_cost,CHN_2011,79.83751440961738,percent_of_generated_MSW,"OECD Environment Statistics, DSD_MUNW@DF_MUNW",computed
2012.0,xsection_country_treated_share_oecd_no_cost,CHN_2012,84.82925372784807,percent_of_generated_MSW,"OECD Environment Statistics, DSD_MUNW@DF_MUNW",computed
2013.0,xsection_country_treated_share_oecd_no_cost,CHN_2013,89.29959509472927,percent_of_generated_MSW,"OECD Environment Statistics, DSD_MUNW@DF_MUNW",computed
2014.0,xsection_country_treated_share_oecd_no_cost,CHN_2014,91.78956562636476,percent_of_generated_MSW,"OECD Environment Statistics, DSD_MUNW@DF_MUNW",computed
2015.0,xsection_country_treated_share_oecd_no_cost,CHN_2015,94.10246631734572,percent_of_generated_MSW,"OECD Environment Statistics, DSD_MUNW@DF_MUNW",computed
2016.0,xsection_country_treated_share_oecd_no_cost,CHN_2016,96.61968372458502,percent_of_generated_MSW,"OECD Environment Statistics, DSD_MUNW@DF_MUNW",computed
2017.0,xsection_country_treated_share_oecd_no_cost,CHN_2017,97.73801281544915,percent_of_generated_MSW,"OECD Environment Statistics, DSD_MUNW@DF_MUNW",computed
2018.0,xsection_country_treated_share_oecd_no_cost,CHN_2018,98.9628011823628,percent_of_generated_MSW,"OECD Environment Statistics, DSD_MUNW@DF_MUNW",computed
2019.0,xsection_country_treated_share_oecd_no_cost,CHN_2019,99.20103114078212,percent_of_generated_MSW,"OECD Environment Statistics, DSD_MUNW@DF_MUNW",computed
2020.0,xsection_country_treated_share_oecd_no_cost,CHN_2020,99.74735982510836,percent_of_generated_MSW,"OECD Environment Statistics, DSD_MUNW@DF_MUNW",computed
2021.0,xsection_country_treated_share_oecd_no_cost,CHN_2021,99.87977096167148,percent_of_generated_MSW,"OECD Environment Statistics, DSD_MUNW@DF_MUNW",computed
2022.0,xsection_country_treated_share_oecd_no_cost,CHN_2022,99.89609199540186,percent_of_generated_MSW,"OECD Environment Statistics, DSD_MUNW@DF_MUNW",computed
2023.0,xsection_country_treated_share_oecd_no_cost,CHN_2023,99.9759916246192,percent_of_generated_MSW,"OECD Environment Statistics, DSD_MUNW@DF_MUNW",computed
2014.0,xsection_country_treated_share_oecd_no_cost,CRI_2014,68.65212527964206,percent_of_generated_MSW,"OECD Environment Statistics, DSD_MUNW@DF_MUNW",computed
2015.0,xsection_country_treated_share_oecd_no_cost,CRI_2015,99.61108151305274,percent_of_generated_MSW,"OECD Environment Statistics, DSD_MUNW@DF_MUNW",computed
2016.0,xsection_country_treated_share_oecd_no_cost,CRI_2016,100.0,percent_of_generated_MSW,"OECD Environment Statistics, DSD_MUNW@DF_MUNW",computed
2017.0,xsection_country_treated_share_oecd_no_cost,CRI_2017,100.00789265982635,percent_of_generated_MSW,"OECD Environment Statistics, DSD_MUNW@DF_MUNW",computed
2018.0,xsection_country_treated_share_oecd_no_cost,CRI_2018,100.0547195622435,percent_of_generated_MSW,"OECD Environment Statistics, DSD_MUNW@DF_MUNW",computed
2019.0,xsection_country_treated_share_oecd_no_cost,CRI_2019,99.9404761904762,percent_of_generated_MSW,"OECD Environment Statistics, DSD_MUNW@DF_MUNW",computed
2020.0,xsection_country_treated_share_oecd_no_cost,CRI_2020,100.0,percent_of_generated_MSW,"OECD Environment Statistics, DSD_MUNW@DF_MUNW",computed
2021.0,xsection_country_treated_share_oecd_no_cost,CRI_2021,100.00617856039544,percent_of_generated_MSW,"OECD Environment Statistics, DSD_MUNW@DF_MUNW",computed
2022.0,xsection_country_treated_share_oecd_no_cost,CRI_2022,99.99381111523704,percent_of_generated_MSW,"OECD Environment Statistics, DSD_MUNW@DF_MUNW",computed
2023.0,xsection_country_treated_share_oecd_no_cost,CRI_2023,99.99941532434882,percent_of_generated_MSW,"OECD Environment Statistics, DSD_MUNW@DF_MUNW",computed
2024.0,xsection_country_treated_share_oecd_no_cost,CRI_2024,51.09613130128957,percent_of_generated_MSW,"OECD Environment Statistics, DSD_MUNW@DF_MUNW",computed
1995.0,xsection_country_treated_share_oecd_no_cost,CYP_1995,100.0,percent_of_generated_MSW,"OECD Environment Statistics, DSD_MUNW@DF_MUNW",computed
1996.0,xsection_country_treated_share_oecd_no_cost,CYP_1996,100.0,percent_of_generated_MSW,"OECD Environment Statistics, DSD_MUNW@DF_MUNW",computed
1997.0,xsection_country_treated_share_oecd_no_cost,CYP_1997,100.0,percent_of_generated_MSW,"OECD Environment Statistics, DSD_MUNW@DF_MUNW",computed
1998.0,xsection_country_treated_share_oecd_no_cost,CYP_1998,100.0,percent_of_generated_MSW,"OECD Environment Statistics, DSD_MUNW@DF_MUNW",computed
1999.0,xsection_country_treated_share_oecd_no_cost,CYP_1999,100.0,percent_of_generated_MSW,"OECD Environment Statistics, DSD_MUNW@DF_MUNW",computed
2000.0,xsection_country_treated_share_oecd_no_cost,CYP_2000,100.0,percent_of_generated_MSW,"OECD Environment Statistics, DSD_MUNW@DF_MUNW",computed
2001.0,xsection_country_treated_share_oecd_no_cost,CYP_2001,100.0,percent_of_generated_MSW,"OECD Environment Statistics, DSD_MUNW@DF_MUNW",computed
2002.0,xsection_country_treated_share_oecd_no_cost,CYP_2002,100.0,percent_of_generated_MSW,"OECD Environment Statistics, DSD_MUNW@DF_MUNW",computed
2003.0,xsection_country_treated_share_oecd_no_cost,CYP_2003,100.0,percent_of_generated_MSW,"OECD Environment Statistics, DSD_MUNW@DF_MUNW",computed
2004.0,xsection_country_treated_share_oecd_no_cost,CYP_2004,100.0,percent_of_generated_MSW,"OECD Environment Statistics, DSD_MUNW@DF_MUNW",computed
2005.0,xsection_country_treated_share_oecd_no_cost,CYP_2005,100.0,percent_of_generated_MSW,"OECD Environment Statistics, DSD_MUNW@DF_MUNW",computed
2006.0,xsection_country_treated_share_oecd_no_cost,CYP_2006,100.0,percent_of_generated_MSW,"OECD Environment Statistics, DSD_MUNW@DF_MUNW",computed
2007.0,xsection_country_treated_share_oecd_no_cost,CYP_2007,100.0,percent_of_generated_MSW,"OECD Environment Statistics, DSD_MUNW@DF_MUNW",computed
2008.0,xsection_country_treated_share_oecd_no_cost,CYP_2008,100.0,percent_of_generated_MSW,"OECD Environment Statistics, DSD_MUNW@DF_MUNW",computed
2009.0,xsection_country_treated_share_oecd_no_cost,CYP_2009,100.0,percent_of_generated_MSW,"OECD Environment Statistics, DSD_MUNW@DF_MUNW",computed
2010.0,xsection_country_treated_share_oecd_no_cost,CYP_2010,95.5274241571319,percent_of_generated_MSW,"OECD Environment Statistics, DSD_MUNW@DF_MUNW",computed
2011.0,xsection_country_treated_share_oecd_no_cost,CYP_2011,91.96783533867146,percent_of_generated_MSW,"OECD Environment Statistics, DSD_MUNW@DF_MUNW",computed
2012.0,xsection_country_treated_share_oecd_no_cost,CYP_2012,92.15954230002396,percent_of_generated_MSW,"OECD Environment Statistics, DSD_MUNW@DF_MUNW",computed
2013.0,xsection_country_treated_share_oecd_no_cost,CYP_2013,93.35649121524033,percent_of_generated_MSW,"OECD Environment Statistics, DSD_MUNW@DF_MUNW",computed
2014.0,xsection_country_treated_share_oecd_no_cost,CYP_2014,91.28888214715724,percent_of_generated_MSW,"OECD Environment Statistics, DSD_MUNW@DF_MUNW",computed
2015.0,xsection_country_treated_share_oecd_no_cost,CYP_2015,92.58138026864287,percent_of_generated_MSW,"OECD Environment Statistics, DSD_MUNW@DF_MUNW",computed
2016.0,xsection_country_treated_share_oecd_no_cost,CYP_2016,93.37144469301428,percent_of_generated_MSW,"OECD Environment Statistics, DSD_MUNW@DF_MUNW",computed
2017.0,xsection_country_treated_share_oecd_no_cost,CYP_2017,93.5981675368932,percent_of_generated_MSW,"OECD Environment Statistics, DSD_MUNW@DF_MUNW",computed
2018.0,xsection_country_treated_share_oecd_no_cost,CYP_2018,85.81928795032955,percent_of_generated_MSW,"OECD Environment Statistics, DSD_MUNW@DF_MUNW",computed
2019.0,xsection_country_treated_share_oecd_no_cost,CYP_2019,82.35401575125783,percent_of_generated_MSW,"OECD Environment Statistics, DSD_MUNW@DF_MUNW",computed
2020.0,xsection_country_treated_share_oecd_no_cost,CYP_2020,83.46508788318341,percent_of_generated_MSW,"OECD Environment Statistics, DSD_MUNW@DF_MUNW",computed
2021.0,xsection_country_treated_share_oecd_no_cost,CYP_2021,76.5820059531336,percent_of_generated_MSW,"OECD Environment Statistics, DSD_MUNW@DF_MUNW",computed
2022.0,xsection_country_treated_share_oecd_no_cost,CYP_2022,75.98190752009371,percent_of_generated_MSW,"OECD Environment Statistics, DSD_MUNW@DF_MUNW",computed
2023.0,xsection_country_treated_share_oecd_no_cost,CYP_2023,79.23777062993157,percent_of_generated_MSW,"OECD Environment Statistics, DSD_MUNW@DF_MUNW",computed
2024.0,xsection_country_treated_share_oecd_no_cost,CYP_2024,84.32542470159538,percent_of_generated_MSW,"OECD Environment Statistics, DSD_MUNW@DF_MUNW",computed
1998.0,xsection_country_treated_share_oecd_no_cost,CZE_1998,99.3370898243288,percent_of_generated_MSW,"OECD Environment Statistics, DSD_MUNW@DF_MUNW",computed
1999.0,xsection_country_treated_share_oecd_no_cost,CZE_1999,94.68053491827638,percent_of_generated_MSW,"OECD Environment Statistics, DSD_MUNW@DF_MUNW",computed
2000.0,xsection_country_treated_share_oecd_no_cost,CZE_2000,94.64181712288875,percent_of_generated_MSW,"OECD Environment Statistics, DSD_MUNW@DF_MUNW",computed
2001.0,xsection_country_treated_share_oecd_no_cost,CZE_2001,92.28020014295926,percent_of_generated_MSW,"OECD Environment Statistics, DSD_MUNW@DF_MUNW",computed
2002.0,xsection_country_treated_share_oecd_no_cost,CZE_2002,88.7170474516696,percent_of_generated_MSW,"OECD Environment Statistics, DSD_MUNW@DF_MUNW",computed
2003.0,xsection_country_treated_share_oecd_no_cost,CZE_2003,86.66433321666084,percent_of_generated_MSW,"OECD Environment Statistics, DSD_MUNW@DF_MUNW",computed
2004.0,xsection_country_treated_share_oecd_no_cost,CZE_2004,84.37170010559662,percent_of_generated_MSW,"OECD Environment Statistics, DSD_MUNW@DF_MUNW",computed
2005.0,xsection_country_treated_share_oecd_no_cost,CZE_2005,84.52945159106297,percent_of_generated_MSW,"OECD Environment Statistics, DSD_MUNW@DF_MUNW",computed
2006.0,xsection_country_treated_share_oecd_no_cost,CZE_2006,87.50312602829878,percent_of_generated_MSW,"OECD Environment Statistics, DSD_MUNW@DF_MUNW",computed
2007.0,xsection_country_treated_share_oecd_no_cost,CZE_2007,93.13652892561984,percent_of_generated_MSW,"OECD Environment Statistics, DSD_MUNW@DF_MUNW",computed
2008.0,xsection_country_treated_share_oecd_no_cost,CZE_2008,86.82808564231738,percent_of_generated_MSW,"OECD Environment Statistics, DSD_MUNW@DF_MUNW",computed
2009.0,xsection_country_treated_share_oecd_no_cost,CZE_2009,87.44592145015106,percent_of_generated_MSW,"OECD Environment Statistics, DSD_MUNW@DF_MUNW",computed
2010.0,xsection_country_treated_share_oecd_no_cost,CZE_2010,95.57258548290342,percent_of_generated_MSW,"OECD Environment Statistics, DSD_MUNW@DF_MUNW",computed
2011.0,xsection_country_treated_share_oecd_no_cost,CZE_2011,99.65276950565811,percent_of_generated_MSW,"OECD Environment Statistics, DSD_MUNW@DF_MUNW",computed
2012.0,xsection_country_treated_share_oecd_no_cost,CZE_2012,99.98886483142591,percent_of_generated_MSW,"OECD Environment Statistics, DSD_MUNW@DF_MUNW",computed
2013.0,xsection_country_treated_share_oecd_no_cost,CZE_2013,100.0,percent_of_generated_MSW,"OECD Environment Statistics, DSD_MUNW@DF_MUNW",computed
2014.0,xsection_country_treated_share_oecd_no_cost,CZE_2014,100.0306578206025,percent_of_generated_MSW,"OECD Environment Statistics, DSD_MUNW@DF_MUNW",computed
2015.0,xsection_country_treated_share_oecd_no_cost,CZE_2015,99.9999700359808,percent_of_generated_MSW,"OECD Environment Statistics, DSD_MUNW@DF_MUNW",computed
2016.0,xsection_country_treated_share_oecd_no_cost,CZE_2016,100.02793446111784,percent_of_generated_MSW,"OECD Environment Statistics, DSD_MUNW@DF_MUNW",computed
2017.0,xsection_country_treated_share_oecd_no_cost,CZE_2017,95.61122720853147,percent_of_generated_MSW,"OECD Environment Statistics, DSD_MUNW@DF_MUNW",computed
2018.0,xsection_country_treated_share_oecd_no_cost,CZE_2018,95.8223176619803,percent_of_generated_MSW,"OECD Environment Statistics, DSD_MUNW@DF_MUNW",computed
2019.0,xsection_country_treated_share_oecd_no_cost,CZE_2019,96.41721079225567,percent_of_generated_MSW,"OECD Environment Statistics, DSD_MUNW@DF_MUNW",computed
2020.0,xsection_country_treated_share_oecd_no_cost,CZE_2020,101.15284591594975,percent_of_generated_MSW,"OECD Environment Statistics, DSD_MUNW@DF_MUNW",computed
2021.0,xsection_country_treated_share_oecd_no_cost,CZE_2021,101.87502788108786,percent_of_generated_MSW,"OECD Environment Statistics, DSD_MUNW@DF_MUNW",computed
2022.0,xsection_country_treated_share_oecd_no_cost,CZE_2022,99.06386473464607,percent_of_generated_MSW,"OECD Environment Statistics, DSD_MUNW@DF_MUNW",computed
2023.0,xsection_country_treated_share_oecd_no_cost,CZE_2023,100.08008163978158,percent_of_generated_MSW,"OECD Environment Statistics, DSD_MUNW@DF_MUNW",computed
2024.0,xsection_country_treated_share_oecd_no_cost,CZE_2024,99.27275115507278,percent_of_generated_MSW,"OECD Environment Statistics, DSD_MUNW@DF_MUNW",computed
1995.0,xsection_country_treated_share_oecd_no_cost,DEU_1995,99.99803513184266,percent_of_generated_MSW,"OECD Environment Statistics, DSD_MUNW@DF_MUNW",computed
1996.0,xsection_country_treated_share_oecd_no_cost,DEU_1996,100.0,percent_of_generated_MSW,"OECD Environment Statistics, DSD_MUNW@DF_MUNW",computed
1997.0,xsection_country_treated_share_oecd_no_cost,DEU_1997,99.99814698143275,percent_of_generated_MSW,"OECD Environment Statistics, DSD_MUNW@DF_MUNW",computed
1998.0,xsection_country_treated_share_oecd_no_cost,DEU_1998,100.0,percent_of_generated_MSW,"OECD Environment Statistics, DSD_MUNW@DF_MUNW",computed
1999.0,xsection_country_treated_share_oecd_no_cost,DEU_1999,100.0,percent_of_generated_MSW,"OECD Environment Statistics, DSD_MUNW@DF_MUNW",computed
2000.0,xsection_country_treated_share_oecd_no_cost,DEU_2000,100.0,percent_of_generated_MSW,"OECD Environment Statistics, DSD_MUNW@DF_MUNW",computed
2001.0,xsection_country_treated_share_oecd_no_cost,DEU_2001,100.0,percent_of_generated_MSW,"OECD Environment Statistics, DSD_MUNW@DF_MUNW",computed
2002.0,xsection_country_treated_share_oecd_no_cost,DEU_2002,99.99810505571136,percent_of_generated_MSW,"OECD Environment Statistics, DSD_MUNW@DF_MUNW",computed
2003.0,xsection_country_treated_share_oecd_no_cost,DEU_2003,100.0,percent_of_generated_MSW,"OECD Environment Statistics, DSD_MUNW@DF_MUNW",computed
2004.0,xsection_country_treated_share_oecd_no_cost,DEU_2004,100.0,percent_of_generated_MSW,"OECD Environment Statistics, DSD_MUNW@DF_MUNW",computed
2005.0,xsection_country_treated_share_oecd_no_cost,DEU_2005,100.0,percent_of_generated_MSW,"OECD Environment Statistics, DSD_MUNW@DF_MUNW",computed
2006.0,xsection_country_treated_share_oecd_no_cost,DEU_2006,100.0,percent_of_generated_MSW,"OECD Environment Statistics, DSD_MUNW@DF_MUNW",computed
2007.0,xsection_country_treated_share_oecd_no_cost,DEU_2007,100.0,percent_of_generated_MSW,"OECD Environment Statistics, DSD_MUNW@DF_MUNW",computed
2008.0,xsection_country_treated_share_oecd_no_cost,DEU_2008,100.0,percent_of_generated_MSW,"OECD Environment Statistics, DSD_MUNW@DF_MUNW",computed
2009.0,xsection_country_treated_share_oecd_no_cost,DEU_2009,100.0,percent_of_generated_MSW,"OECD Environment Statistics, DSD_MUNW@DF_MUNW",computed
2010.0,xsection_country_treated_share_oecd_no_cost,DEU_2010,99.99796900704754,percent_of_generated_MSW,"OECD Environment Statistics, DSD_MUNW@DF_MUNW",computed
2011.0,xsection_country_treated_share_oecd_no_cost,DEU_2011,100.00199056472322,percent_of_generated_MSW,"OECD Environment Statistics, DSD_MUNW@DF_MUNW",computed
2012.0,xsection_country_treated_share_oecd_no_cost,DEU_2012,100.0,percent_of_generated_MSW,"OECD Environment Statistics, DSD_MUNW@DF_MUNW",computed
2013.0,xsection_country_treated_share_oecd_no_cost,DEU_2013,101.10752471252772,percent_of_generated_MSW,"OECD Environment Statistics, DSD_MUNW@DF_MUNW",computed
2014.0,xsection_country_treated_share_oecd_no_cost,DEU_2014,102.18582442957222,percent_of_generated_MSW,"OECD Environment Statistics, DSD_MUNW@DF_MUNW",computed
2015.0,xsection_country_treated_share_oecd_no_cost,DEU_2015,102.10169491525424,percent_of_generated_MSW,"OECD Environment Statistics, DSD_MUNW@DF_MUNW",computed
2016.0,xsection_country_treated_share_oecd_no_cost,DEU_2016,100.76535016208544,percent_of_generated_MSW,"OECD Environment Statistics, DSD_MUNW@DF_MUNW",computed
2017.0,xsection_country_treated_share_oecd_no_cost,DEU_2017,100.63622320911372,percent_of_generated_MSW,"OECD Environment Statistics, DSD_MUNW@DF_MUNW",computed
2018.0,xsection_country_treated_share_oecd_no_cost,DEU_2018,100.59996616890056,percent_of_generated_MSW,"OECD Environment Statistics, DSD_MUNW@DF_MUNW",computed
2019.0,xsection_country_treated_share_oecd_no_cost,DEU_2019,100.5999656461462,percent_of_generated_MSW,"OECD Environment Statistics, DSD_MUNW@DF_MUNW",computed
2020.0,xsection_country_treated_share_oecd_no_cost,DEU_2020,100.46968714471512,percent_of_generated_MSW,"OECD Environment Statistics, DSD_MUNW@DF_MUNW",computed
2021.0,xsection_country_treated_share_oecd_no_cost,DEU_2021,100.43186666737924,percent_of_generated_MSW,"OECD Environment Statistics, DSD_MUNW@DF_MUNW",computed
2022.0,xsection_country_treated_share_oecd_no_cost,DEU_2022,100.42459819244831,percent_of_generated_MSW,"OECD Environment Statistics, DSD_MUNW@DF_MUNW",computed
2023.0,xsection_country_treated_share_oecd_no_cost,DEU_2023,100.4256392008674,percent_of_generated_MSW,"OECD Environment Statistics, DSD_MUNW@DF_MUNW",computed
2024.0,xsection_country_treated_share_oecd_no_cost,DEU_2024,102.04758723179084,percent_of_generated_MSW,"OECD Environment Statistics, DSD_MUNW@DF_MUNW",computed
1985.0,xsection_country_treated_share_oecd_no_cost,DNK_1985,95.06172839506172,percent_of_generated_MSW,"OECD Environment Statistics, DSD_MUNW@DF_MUNW",computed
1994.0,xsection_country_treated_share_oecd_no_cost,DNK_1994,100.01427246128596,percent_of_generated_MSW,"OECD Environment Statistics, DSD_MUNW@DF_MUNW",computed
1995.0,xsection_country_treated_share_oecd_no_cost,DNK_1995,100.0,percent_of_generated_MSW,"OECD Environment Statistics, DSD_MUNW@DF_MUNW",computed
1996.0,xsection_country_treated_share_oecd_no_cost,DNK_1996,100.0,percent_of_generated_MSW,"OECD Environment Statistics, DSD_MUNW@DF_MUNW",computed
1997.0,xsection_country_treated_share_oecd_no_cost,DNK_1997,100.0,percent_of_generated_MSW,"OECD Environment Statistics, DSD_MUNW@DF_MUNW",computed
1998.0,xsection_country_treated_share_oecd_no_cost,DNK_1998,100.0,percent_of_generated_MSW,"OECD Environment Statistics, DSD_MUNW@DF_MUNW",computed
1999.0,xsection_country_treated_share_oecd_no_cost,DNK_1999,100.0,percent_of_generated_MSW,"OECD Environment Statistics, DSD_MUNW@DF_MUNW",computed
2000.0,xsection_country_treated_share_oecd_no_cost,DNK_2000,100.0,percent_of_generated_MSW,"OECD Environment Statistics, DSD_MUNW@DF_MUNW",computed
2001.0,xsection_country_treated_share_oecd_no_cost,DNK_2001,100.0,percent_of_generated_MSW,"OECD Environment Statistics, DSD_MUNW@DF_MUNW",computed
2002.0,xsection_country_treated_share_oecd_no_cost,DNK_2002,100.0,percent_of_generated_MSW,"OECD Environment Statistics, DSD_MUNW@DF_MUNW",computed
2003.0,xsection_country_treated_share_oecd_no_cost,DNK_2003,100.0,percent_of_generated_MSW,"OECD Environment Statistics, DSD_MUNW@DF_MUNW",computed
2004.0,xsection_country_treated_share_oecd_no_cost,DNK_2004,100.0,percent_of_generated_MSW,"OECD Environment Statistics, DSD_MUNW@DF_MUNW",computed
2005.0,xsection_country_treated_share_oecd_no_cost,DNK_2005,100.0,percent_of_generated_MSW,"OECD Environment Statistics, DSD_MUNW@DF_MUNW",computed
2006.0,xsection_country_treated_share_oecd_no_cost,DNK_2006,100.0,percent_of_generated_MSW,"OECD Environment Statistics, DSD_MUNW@DF_MUNW",computed
2007.0,xsection_country_treated_share_oecd_no_cost,DNK_2007,100.0,percent_of_generated_MSW,"OECD Environment Statistics, DSD_MUNW@DF_MUNW",computed
2008.0,xsection_country_treated_share_oecd_no_cost,DNK_2008,100.0,percent_of_generated_MSW,"OECD Environment Statistics, DSD_MUNW@DF_MUNW",computed
2009.0,xsection_country_treated_share_oecd_no_cost,DNK_2009,100.0,percent_of_generated_MSW,"OECD Environment Statistics, DSD_MUNW@DF_MUNW",computed
2010.0,xsection_country_treated_share_oecd_no_cost,DNK_2010,100.0,percent_of_generated_MSW,"OECD Environment Statistics, DSD_MUNW@DF_MUNW",computed
2011.0,xsection_country_treated_share_oecd_no_cost,DNK_2011,100.0,percent_of_generated_MSW,"OECD Environment Statistics, DSD_MUNW@DF_MUNW",computed
2012.0,xsection_country_treated_share_oecd_no_cost,DNK_2012,99.97781721384206,percent_of_generated_MSW,"OECD Environment Statistics, DSD_MUNW@DF_MUNW",computed
2013.0,xsection_country_treated_share_oecd_no_cost,DNK_2013,99.9780893952673,percent_of_generated_MSW,"OECD Environment Statistics, DSD_MUNW@DF_MUNW",computed
2014.0,xsection_country_treated_share_oecd_no_cost,DNK_2014,100.02193944712592,percent_of_generated_MSW,"OECD Environment Statistics, DSD_MUNW@DF_MUNW",computed
2015.0,xsection_country_treated_share_oecd_no_cost,DNK_2015,100.0,percent_of_generated_MSW,"OECD Environment Statistics, DSD_MUNW@DF_MUNW",computed
2016.0,xsection_country_treated_share_oecd_no_cost,DNK_2016,100.02102165230188,percent_of_generated_MSW,"OECD Environment Statistics, DSD_MUNW@DF_MUNW",computed
2017.0,xsection_country_treated_share_oecd_no_cost,DNK_2017,100.0,percent_of_generated_MSW,"OECD Environment Statistics, DSD_MUNW@DF_MUNW",computed
2018.0,xsection_country_treated_share_oecd_no_cost,DNK_2018,99.83032873807,percent_of_generated_MSW,"OECD Environment Statistics, DSD_MUNW@DF_MUNW",computed
2019.0,xsection_country_treated_share_oecd_no_cost,DNK_2019,99.999996248573,percent_of_generated_MSW,"OECD Environment Statistics, DSD_MUNW@DF_MUNW",computed
2020.0,xsection_country_treated_share_oecd_no_cost,DNK_2020,99.34545873092098,percent_of_generated_MSW,"OECD Environment Statistics, DSD_MUNW@DF_MUNW",computed
2021.0,xsection_country_treated_share_oecd_no_cost,DNK_2021,99.85588316040806,percent_of_generated_MSW,"OECD Environment Statistics, DSD_MUNW@DF_MUNW",computed
2022.0,xsection_country_treated_share_oecd_no_cost,DNK_2022,99.53917647586913,percent_of_generated_MSW,"OECD Environment Statistics, DSD_MUNW@DF_MUNW",computed
2023.0,xsection_country_treated_share_oecd_no_cost,DNK_2023,99.39185034253292,percent_of_generated_MSW,"OECD Environment Statistics, DSD_MUNW@DF_MUNW",computed
2024.0,xsection_country_treated_share_oecd_no_cost,DNK_2024,98.84109199769787,percent_of_generated_MSW,"OECD Environment Statistics, DSD_MUNW@DF_MUNW",computed
1995.0,xsection_country_treated_share_oecd_no_cost,ESP_1995,72.25483163976888,percent_of_generated_MSW,"OECD Environment Statistics, DSD_MUNW@DF_MUNW",computed
1996.0,xsection_country_treated_share_oecd_no_cost,ESP_1996,68.02179387650767,percent_of_generated_MSW,"OECD Environment Statistics, DSD_MUNW@DF_MUNW",computed
1997.0,xsection_country_treated_share_oecd_no_cost,ESP_1997,71.50592575221877,percent_of_generated_MSW,"OECD Environment Statistics, DSD_MUNW@DF_MUNW",computed
1998.0,xsection_country_treated_share_oecd_no_cost,ESP_1998,72.02292289167373,percent_of_generated_MSW,"OECD Environment Statistics, DSD_MUNW@DF_MUNW",computed
1999.0,xsection_country_treated_share_oecd_no_cost,ESP_1999,73.81467102574581,percent_of_generated_MSW,"OECD Environment Statistics, DSD_MUNW@DF_MUNW",computed
2000.0,xsection_country_treated_share_oecd_no_cost,ESP_2000,75.10016977928693,percent_of_generated_MSW,"OECD Environment Statistics, DSD_MUNW@DF_MUNW",computed
2001.0,xsection_country_treated_share_oecd_no_cost,ESP_2001,82.34144875263,percent_of_generated_MSW,"OECD Environment Statistics, DSD_MUNW@DF_MUNW",computed
2002.0,xsection_country_treated_share_oecd_no_cost,ESP_2002,90.95212846538404,percent_of_generated_MSW,"OECD Environment Statistics, DSD_MUNW@DF_MUNW",computed
2003.0,xsection_country_treated_share_oecd_no_cost,ESP_2003,90.84708470847085,percent_of_generated_MSW,"OECD Environment Statistics, DSD_MUNW@DF_MUNW",computed
2004.0,xsection_country_treated_share_oecd_no_cost,ESP_2004,86.85232657500194,percent_of_generated_MSW,"OECD Environment Statistics, DSD_MUNW@DF_MUNW",computed
2005.0,xsection_country_treated_share_oecd_no_cost,ESP_2005,87.81684382665577,percent_of_generated_MSW,"OECD Environment Statistics, DSD_MUNW@DF_MUNW",computed
2006.0,xsection_country_treated_share_oecd_no_cost,ESP_2006,100.0,percent_of_generated_MSW,"OECD Environment Statistics, DSD_MUNW@DF_MUNW",computed
2007.0,xsection_country_treated_share_oecd_no_cost,ESP_2007,100.0,percent_of_generated_MSW,"OECD Environment Statistics, DSD_MUNW@DF_MUNW",computed
2008.0,xsection_country_treated_share_oecd_no_cost,ESP_2008,100.0,percent_of_generated_MSW,"OECD Environment Statistics, DSD_MUNW@DF_MUNW",computed
2009.0,xsection_country_treated_share_oecd_no_cost,ESP_2009,100.0,percent_of_generated_MSW,"OECD Environment Statistics, DSD_MUNW@DF_MUNW",computed
2010.0,xsection_country_treated_share_oecd_no_cost,ESP_2010,100.0,percent_of_generated_MSW,"OECD Environment Statistics, DSD_MUNW@DF_MUNW",computed
2011.0,xsection_country_treated_share_oecd_no_cost,ESP_2011,100.0,percent_of_generated_MSW,"OECD Environment Statistics, DSD_MUNW@DF_MUNW",computed
2012.0,xsection_country_treated_share_oecd_no_cost,ESP_2012,100.0,percent_of_generated_MSW,"OECD Environment Statistics, DSD_MUNW@DF_MUNW",computed
2013.0,xsection_country_treated_share_oecd_no_cost,ESP_2013,100.0,percent_of_generated_MSW,"OECD Environment Statistics, DSD_MUNW@DF_MUNW",computed
2014.0,xsection_country_treated_share_oecd_no_cost,ESP_2014,100.0,percent_of_generated_MSW,"OECD Environment Statistics, DSD_MUNW@DF_MUNW",computed
2015.0,xsection_country_treated_share_oecd_no_cost,ESP_2015,100.0,percent_of_generated_MSW,"OECD Environment Statistics, DSD_MUNW@DF_MUNW",computed
2016.0,xsection_country_treated_share_oecd_no_cost,ESP_2016,100.0,percent_of_generated_MSW,"OECD Environment Statistics, DSD_MUNW@DF_MUNW",computed
2017.0,xsection_country_treated_share_oecd_no_cost,ESP_2017,99.9995458240795,percent_of_generated_MSW,"OECD Environment Statistics, DSD_MUNW@DF_MUNW",computed
2018.0,xsection_country_treated_share_oecd_no_cost,ESP_2018,99.99838905544064,percent_of_generated_MSW,"OECD Environment Statistics, DSD_MUNW@DF_MUNW",computed
2019.0,xsection_country_treated_share_oecd_no_cost,ESP_2019,100.00520223520758,percent_of_generated_MSW,"OECD Environment Statistics, DSD_MUNW@DF_MUNW",computed
2020.0,xsection_country_treated_share_oecd_no_cost,ESP_2020,100.0,percent_of_generated_MSW,"OECD Environment Statistics, DSD_MUNW@DF_MUNW",computed
2021.0,xsection_country_treated_share_oecd_no_cost,ESP_2021,100.0,percent_of_generated_MSW,"OECD Environment Statistics, DSD_MUNW@DF_MUNW",computed
2022.0,xsection_country_treated_share_oecd_no_cost,ESP_2022,100.00000172764196,percent_of_generated_MSW,"OECD Environment Statistics, DSD_MUNW@DF_MUNW",computed
2023.0,xsection_country_treated_share_oecd_no_cost,ESP_2023,100.0,percent_of_generated_MSW,"OECD Environment Statistics, DSD_MUNW@DF_MUNW",computed
2024.0,xsection_country_treated_share_oecd_no_cost,ESP_2024,100.0,percent_of_generated_MSW,"OECD Environment Statistics, DSD_MUNW@DF_MUNW",computed
1995.0,xsection_country_treated_share_oecd_no_cost,EST_1995,99.812382739212,percent_of_generated_MSW,"OECD Environment Statistics, DSD_MUNW@DF_MUNW",computed
1996.0,xsection_country_treated_share_oecd_no_cost,EST_1996,100.0,percent_of_generated_MSW,"OECD Environment Statistics, DSD_MUNW@DF_MUNW",computed
1997.0,xsection_country_treated_share_oecd_no_cost,EST_1997,100.0,percent_of_generated_MSW,"OECD Environment Statistics, DSD_MUNW@DF_MUNW",computed
1998.0,xsection_country_treated_share_oecd_no_cost,EST_1998,100.02872531418312,percent_of_generated_MSW,"OECD Environment Statistics, DSD_MUNW@DF_MUNW",computed
1999.0,xsection_country_treated_share_oecd_no_cost,EST_1999,99.94551845342708,percent_of_generated_MSW,"OECD Environment Statistics, DSD_MUNW@DF_MUNW",computed
2000.0,xsection_country_treated_share_oecd_no_cost,EST_2000,97.23696682464455,percent_of_generated_MSW,"OECD Environment Statistics, DSD_MUNW@DF_MUNW",computed
2001.0,xsection_country_treated_share_oecd_no_cost,EST_2001,84.52205376280652,percent_of_generated_MSW,"OECD Environment Statistics, DSD_MUNW@DF_MUNW",computed
2002.0,xsection_country_treated_share_oecd_no_cost,EST_2002,78.49757790470682,percent_of_generated_MSW,"OECD Environment Statistics, DSD_MUNW@DF_MUNW",computed
2003.0,xsection_country_treated_share_oecd_no_cost,EST_2003,80.49047282992237,percent_of_generated_MSW,"OECD Environment Statistics, DSD_MUNW@DF_MUNW",computed
2004.0,xsection_country_treated_share_oecd_no_cost,EST_2004,88.02705377763114,percent_of_generated_MSW,"OECD Environment Statistics, DSD_MUNW@DF_MUNW",computed
2005.0,xsection_country_treated_share_oecd_no_cost,EST_2005,85.57196137536403,percent_of_generated_MSW,"OECD Environment Statistics, DSD_MUNW@DF_MUNW",computed
2006.0,xsection_country_treated_share_oecd_no_cost,EST_2006,87.19962686567165,percent_of_generated_MSW,"OECD Environment Statistics, DSD_MUNW@DF_MUNW",computed
2007.0,xsection_country_treated_share_oecd_no_cost,EST_2007,88.18106312292359,percent_of_generated_MSW,"OECD Environment Statistics, DSD_MUNW@DF_MUNW",computed
2008.0,xsection_country_treated_share_oecd_no_cost,EST_2008,83.87786259541984,percent_of_generated_MSW,"OECD Environment Statistics, DSD_MUNW@DF_MUNW",computed
2009.0,xsection_country_treated_share_oecd_no_cost,EST_2009,84.64159292035399,percent_of_generated_MSW,"OECD Environment Statistics, DSD_MUNW@DF_MUNW",computed
2010.0,xsection_country_treated_share_oecd_no_cost,EST_2010,83.8128078817734,percent_of_generated_MSW,"OECD Environment Statistics, DSD_MUNW@DF_MUNW",computed
2011.0,xsection_country_treated_share_oecd_no_cost,EST_2011,85.08771929824562,percent_of_generated_MSW,"OECD Environment Statistics, DSD_MUNW@DF_MUNW",computed
2012.0,xsection_country_treated_share_oecd_no_cost,EST_2012,76.61725067385444,percent_of_generated_MSW,"OECD Environment Statistics, DSD_MUNW@DF_MUNW",computed
2013.0,xsection_country_treated_share_oecd_no_cost,EST_2013,92.0707240674105,percent_of_generated_MSW,"OECD Environment Statistics, DSD_MUNW@DF_MUNW",computed
2014.0,xsection_country_treated_share_oecd_no_cost,EST_2014,90.88276008944734,percent_of_generated_MSW,"OECD Environment Statistics, DSD_MUNW@DF_MUNW",computed
2015.0,xsection_country_treated_share_oecd_no_cost,EST_2015,91.89503756216271,percent_of_generated_MSW,"OECD Environment Statistics, DSD_MUNW@DF_MUNW",computed
2016.0,xsection_country_treated_share_oecd_no_cost,EST_2016,91.53653208188364,percent_of_generated_MSW,"OECD Environment Statistics, DSD_MUNW@DF_MUNW",computed
2017.0,xsection_country_treated_share_oecd_no_cost,EST_2017,95.77719803753602,percent_of_generated_MSW,"OECD Environment Statistics, DSD_MUNW@DF_MUNW",computed
2018.0,xsection_country_treated_share_oecd_no_cost,EST_2018,94.33229378699882,percent_of_generated_MSW,"OECD Environment Statistics, DSD_MUNW@DF_MUNW",computed
2019.0,xsection_country_treated_share_oecd_no_cost,EST_2019,93.4191693669082,percent_of_generated_MSW,"OECD Environment Statistics, DSD_MUNW@DF_MUNW",computed
2020.0,xsection_country_treated_share_oecd_no_cost,EST_2020,86.38991004853807,percent_of_generated_MSW,"OECD Environment Statistics, DSD_MUNW@DF_MUNW",computed
2021.0,xsection_country_treated_share_oecd_no_cost,EST_2021,98.62688033073644,percent_of_generated_MSW,"OECD Environment Statistics, DSD_MUNW@DF_MUNW",computed
2022.0,xsection_country_treated_share_oecd_no_cost,EST_2022,88.45499397194438,percent_of_generated_MSW,"OECD Environment Statistics, DSD_MUNW@DF_MUNW",computed
2023.0,xsection_country_treated_share_oecd_no_cost,EST_2023,81.13795105473355,percent_of_generated_MSW,"OECD Environment Statistics, DSD_MUNW@DF_MUNW",computed
2024.0,xsection_country_treated_share_oecd_no_cost,EST_2024,91.39899939528163,percent_of_generated_MSW,"OECD Environment Statistics, DSD_MUNW@DF_MUNW",computed
1995.0,xsection_country_treated_share_oecd_no_cost,EU27_2020_1995,95.0592965230216,percent_of_generated_MSW,"OECD Environment Statistics, DSD_MUNW@DF_MUNW",computed
1996.0,xsection_country_treated_share_oecd_no_cost,EU27_2020_1996,93.45646749641966,percent_of_generated_MSW,"OECD Environment Statistics, DSD_MUNW@DF_MUNW",computed
1997.0,xsection_country_treated_share_oecd_no_cost,EU27_2020_1997,94.3757261638943,percent_of_generated_MSW,"OECD Environment Statistics, DSD_MUNW@DF_MUNW",computed
1998.0,xsection_country_treated_share_oecd_no_cost,EU27_2020_1998,94.56055708489598,percent_of_generated_MSW,"OECD Environment Statistics, DSD_MUNW@DF_MUNW",computed
1999.0,xsection_country_treated_share_oecd_no_cost,EU27_2020_1999,94.40401681457264,percent_of_generated_MSW,"OECD Environment Statistics, DSD_MUNW@DF_MUNW",computed
2000.0,xsection_country_treated_share_oecd_no_cost,EU27_2020_2000,94.81172156511704,percent_of_generated_MSW,"OECD Environment Statistics, DSD_MUNW@DF_MUNW",computed
2001.0,xsection_country_treated_share_oecd_no_cost,EU27_2020_2001,94.73758774495468,percent_of_generated_MSW,"OECD Environment Statistics, DSD_MUNW@DF_MUNW",computed
2002.0,xsection_country_treated_share_oecd_no_cost,EU27_2020_2002,94.73971613602004,percent_of_generated_MSW,"OECD Environment Statistics, DSD_MUNW@DF_MUNW",computed
2003.0,xsection_country_treated_share_oecd_no_cost,EU27_2020_2003,94.509312419939,percent_of_generated_MSW,"OECD Environment Statistics, DSD_MUNW@DF_MUNW",computed
2004.0,xsection_country_treated_share_oecd_no_cost,EU27_2020_2004,93.85201833041825,percent_of_generated_MSW,"OECD Environment Statistics, DSD_MUNW@DF_MUNW",computed
2005.0,xsection_country_treated_share_oecd_no_cost,EU27_2020_2005,92.6514584042674,percent_of_generated_MSW,"OECD Environment Statistics, DSD_MUNW@DF_MUNW",computed
2006.0,xsection_country_treated_share_oecd_no_cost,EU27_2020_2006,94.08071308316477,percent_of_generated_MSW,"OECD Environment Statistics, DSD_MUNW@DF_MUNW",computed
2007.0,xsection_country_treated_share_oecd_no_cost,EU27_2020_2007,95.33057103647909,percent_of_generated_MSW,"OECD Environment Statistics, DSD_MUNW@DF_MUNW",computed
2008.0,xsection_country_treated_share_oecd_no_cost,EU27_2020_2008,95.6198347107438,percent_of_generated_MSW,"OECD Environment Statistics, DSD_MUNW@DF_MUNW",computed
2009.0,xsection_country_treated_share_oecd_no_cost,EU27_2020_2009,96.75919534343087,percent_of_generated_MSW,"OECD Environment Statistics, DSD_MUNW@DF_MUNW",computed
2010.0,xsection_country_treated_share_oecd_no_cost,EU27_2020_2010,97.3546117499741,percent_of_generated_MSW,"OECD Environment Statistics, DSD_MUNW@DF_MUNW",computed
2011.0,xsection_country_treated_share_oecd_no_cost,EU27_2020_2011,97.48133861598716,percent_of_generated_MSW,"OECD Environment Statistics, DSD_MUNW@DF_MUNW",computed
2012.0,xsection_country_treated_share_oecd_no_cost,EU27_2020_2012,97.2931610334273,percent_of_generated_MSW,"OECD Environment Statistics, DSD_MUNW@DF_MUNW",computed
2013.0,xsection_country_treated_share_oecd_no_cost,EU27_2020_2013,97.44617872493345,percent_of_generated_MSW,"OECD Environment Statistics, DSD_MUNW@DF_MUNW",computed
2014.0,xsection_country_treated_share_oecd_no_cost,EU27_2020_2014,95.11837112273216,percent_of_generated_MSW,"OECD Environment Statistics, DSD_MUNW@DF_MUNW",computed
2015.0,xsection_country_treated_share_oecd_no_cost,EU27_2020_2015,94.31882075118077,percent_of_generated_MSW,"OECD Environment Statistics, DSD_MUNW@DF_MUNW",computed
2016.0,xsection_country_treated_share_oecd_no_cost,EU27_2020_2016,95.70355729425214,percent_of_generated_MSW,"OECD Environment Statistics, DSD_MUNW@DF_MUNW",computed
2017.0,xsection_country_treated_share_oecd_no_cost,EU27_2020_2017,97.30080760052311,percent_of_generated_MSW,"OECD Environment Statistics, DSD_MUNW@DF_MUNW",computed
2018.0,xsection_country_treated_share_oecd_no_cost,EU27_2020_2018,96.93885325767864,percent_of_generated_MSW,"OECD Environment Statistics, DSD_MUNW@DF_MUNW",computed
2019.0,xsection_country_treated_share_oecd_no_cost,EU27_2020_2019,97.18304859108054,percent_of_generated_MSW,"OECD Environment Statistics, DSD_MUNW@DF_MUNW",computed
2020.0,xsection_country_treated_share_oecd_no_cost,EU27_2020_2020,97.75454116030404,percent_of_generated_MSW,"OECD Environment Statistics, DSD_MUNW@DF_MUNW",computed
2021.0,xsection_country_treated_share_oecd_no_cost,EU27_2020_2021,97.0280696304816,percent_of_generated_MSW,"OECD Environment Statistics, DSD_MUNW@DF_MUNW",computed
2022.0,xsection_country_treated_share_oecd_no_cost,EU27_2020_2022,96.6469719350074,percent_of_generated_MSW,"OECD Environment Statistics, DSD_MUNW@DF_MUNW",computed
2023.0,xsection_country_treated_share_oecd_no_cost,EU27_2020_2023,95.24241802652654,percent_of_generated_MSW,"OECD Environment Statistics, DSD_MUNW@DF_MUNW",computed
1997.0,xsection_country_treated_share_oecd_no_cost,FIN_1997,101.30434782608695,percent_of_generated_MSW,"OECD Environment Statistics, DSD_MUNW@DF_MUNW",computed
1998.0,xsection_country_treated_share_oecd_no_cost,FIN_1998,102.65083333333334,percent_of_generated_MSW,"OECD Environment Statistics, DSD_MUNW@DF_MUNW",computed
1999.0,xsection_country_treated_share_oecd_no_cost,FIN_1999,99.2892,percent_of_generated_MSW,"OECD Environment Statistics, DSD_MUNW@DF_MUNW",computed
2000.0,xsection_country_treated_share_oecd_no_cost,FIN_2000,104.7626923076923,percent_of_generated_MSW,"OECD Environment Statistics, DSD_MUNW@DF_MUNW",computed
2001.0,xsection_country_treated_share_oecd_no_cost,FIN_2001,103.5924543946932,percent_of_generated_MSW,"OECD Environment Statistics, DSD_MUNW@DF_MUNW",computed
2003.0,xsection_country_treated_share_oecd_no_cost,FIN_2003,103.68178261048642,percent_of_generated_MSW,"OECD Environment Statistics, DSD_MUNW@DF_MUNW",computed
2004.0,xsection_country_treated_share_oecd_no_cost,FIN_2004,103.22287437841364,percent_of_generated_MSW,"OECD Environment Statistics, DSD_MUNW@DF_MUNW",computed
2005.0,xsection_country_treated_share_oecd_no_cost,FIN_2005,101.63141511692872,percent_of_generated_MSW,"OECD Environment Statistics, DSD_MUNW@DF_MUNW",computed
2006.0,xsection_country_treated_share_oecd_no_cost,FIN_2006,100.0,percent_of_generated_MSW,"OECD Environment Statistics, DSD_MUNW@DF_MUNW",computed
2007.0,xsection_country_treated_share_oecd_no_cost,FIN_2007,100.0381322666268,percent_of_generated_MSW,"OECD Environment Statistics, DSD_MUNW@DF_MUNW",computed
2008.0,xsection_country_treated_share_oecd_no_cost,FIN_2008,102.32947976878611,percent_of_generated_MSW,"OECD Environment Statistics, DSD_MUNW@DF_MUNW",computed
2009.0,xsection_country_treated_share_oecd_no_cost,FIN_2009,100.0167837626854,percent_of_generated_MSW,"OECD Environment Statistics, DSD_MUNW@DF_MUNW",computed
2010.0,xsection_country_treated_share_oecd_no_cost,FIN_2010,100.0,percent_of_generated_MSW,"OECD Environment Statistics, DSD_MUNW@DF_MUNW",computed
2011.0,xsection_country_treated_share_oecd_no_cost,FIN_2011,99.96322177271055,percent_of_generated_MSW,"OECD Environment Statistics, DSD_MUNW@DF_MUNW",computed
2012.0,xsection_country_treated_share_oecd_no_cost,FIN_2012,100.0,percent_of_generated_MSW,"OECD Environment Statistics, DSD_MUNW@DF_MUNW",computed
2013.0,xsection_country_treated_share_oecd_no_cost,FIN_2013,99.9996270813522,percent_of_generated_MSW,"OECD Environment Statistics, DSD_MUNW@DF_MUNW",computed
2014.0,xsection_country_treated_share_oecd_no_cost,FIN_2014,100.0,percent_of_generated_MSW,"OECD Environment Statistics, DSD_MUNW@DF_MUNW",computed
2015.0,xsection_country_treated_share_oecd_no_cost,FIN_2015,100.0,percent_of_generated_MSW,"OECD Environment Statistics, DSD_MUNW@DF_MUNW",computed
2016.0,xsection_country_treated_share_oecd_no_cost,FIN_2016,100.00018064040636,percent_of_generated_MSW,"OECD Environment Statistics, DSD_MUNW@DF_MUNW",computed
2017.0,xsection_country_treated_share_oecd_no_cost,FIN_2017,100.0,percent_of_generated_MSW,"OECD Environment Statistics, DSD_MUNW@DF_MUNW",computed
2018.0,xsection_country_treated_share_oecd_no_cost,FIN_2018,100.0,percent_of_generated_MSW,"OECD Environment Statistics, DSD_MUNW@DF_MUNW",computed
2019.0,xsection_country_treated_share_oecd_no_cost,FIN_2019,100.0,percent_of_generated_MSW,"OECD Environment Statistics, DSD_MUNW@DF_MUNW",computed
2020.0,xsection_country_treated_share_oecd_no_cost,FIN_2020,100.0,percent_of_generated_MSW,"OECD Environment Statistics, DSD_MUNW@DF_MUNW",computed
2021.0,xsection_country_treated_share_oecd_no_cost,FIN_2021,100.0,percent_of_generated_MSW,"OECD Environment Statistics, DSD_MUNW@DF_MUNW",computed
2022.0,xsection_country_treated_share_oecd_no_cost,FIN_2022,99.71377236293596,percent_of_generated_MSW,"OECD Environment Statistics, DSD_MUNW@DF_MUNW",computed
2023.0,xsection_country_treated_share_oecd_no_cost,FIN_2023,99.83148962103157,percent_of_generated_MSW,"OECD Environment Statistics, DSD_MUNW@DF_MUNW",computed
2024.0,xsection_country_treated_share_oecd_no_cost,FIN_2024,99.70917282526442,percent_of_generated_MSW,"OECD Environment Statistics, DSD_MUNW@DF_MUNW",computed
1993.0,xsection_country_treated_share_oecd_no_cost,FRA_1993,100.00360269481573,percent_of_generated_MSW,"OECD Environment Statistics, DSD_MUNW@DF_MUNW",computed
1995.0,xsection_country_treated_share_oecd_no_cost,FRA_1995,100.0,percent_of_generated_MSW,"OECD Environment Statistics, DSD_MUNW@DF_MUNW",computed
1996.0,xsection_country_treated_share_oecd_no_cost,FRA_1996,100.0,percent_of_generated_MSW,"OECD Environment Statistics, DSD_MUNW@DF_MUNW",computed
1997.0,xsection_country_treated_share_oecd_no_cost,FRA_1997,100.0,percent_of_generated_MSW,"OECD Environment Statistics, DSD_MUNW@DF_MUNW",computed
1998.0,xsection_country_treated_share_oecd_no_cost,FRA_1998,100.0,percent_of_generated_MSW,"OECD Environment Statistics, DSD_MUNW@DF_MUNW",computed
1999.0,xsection_country_treated_share_oecd_no_cost,FRA_1999,100.0,percent_of_generated_MSW,"OECD Environment Statistics, DSD_MUNW@DF_MUNW",computed
2000.0,xsection_country_treated_share_oecd_no_cost,FRA_2000,100.0,percent_of_generated_MSW,"OECD Environment Statistics, DSD_MUNW@DF_MUNW",computed
2001.0,xsection_country_treated_share_oecd_no_cost,FRA_2001,100.0,percent_of_generated_MSW,"OECD Environment Statistics, DSD_MUNW@DF_MUNW",computed
2002.0,xsection_country_treated_share_oecd_no_cost,FRA_2002,100.0,percent_of_generated_MSW,"OECD Environment Statistics, DSD_MUNW@DF_MUNW",computed
2003.0,xsection_country_treated_share_oecd_no_cost,FRA_2003,100.0,percent_of_generated_MSW,"OECD Environment Statistics, DSD_MUNW@DF_MUNW",computed
2004.0,xsection_country_treated_share_oecd_no_cost,FRA_2004,100.0,percent_of_generated_MSW,"OECD Environment Statistics, DSD_MUNW@DF_MUNW",computed
2005.0,xsection_country_treated_share_oecd_no_cost,FRA_2005,100.0,percent_of_generated_MSW,"OECD Environment Statistics, DSD_MUNW@DF_MUNW",computed
2006.0,xsection_country_treated_share_oecd_no_cost,FRA_2006,100.0,percent_of_generated_MSW,"OECD Environment Statistics, DSD_MUNW@DF_MUNW",computed
2007.0,xsection_country_treated_share_oecd_no_cost,FRA_2007,100.0,percent_of_generated_MSW,"OECD Environment Statistics, DSD_MUNW@DF_MUNW",computed
2008.0,xsection_country_treated_share_oecd_no_cost,FRA_2008,100.0,percent_of_generated_MSW,"OECD Environment Statistics, DSD_MUNW@DF_MUNW",computed
2009.0,xsection_country_treated_share_oecd_no_cost,FRA_2009,100.0,percent_of_generated_MSW,"OECD Environment Statistics, DSD_MUNW@DF_MUNW",computed
2010.0,xsection_country_treated_share_oecd_no_cost,FRA_2010,100.0,percent_of_generated_MSW,"OECD Environment Statistics, DSD_MUNW@DF_MUNW",computed
2011.0,xsection_country_treated_share_oecd_no_cost,FRA_2011,100.0,percent_of_generated_MSW,"OECD Environment Statistics, DSD_MUNW@DF_MUNW",computed
2012.0,xsection_country_treated_share_oecd_no_cost,FRA_2012,100.0,percent_of_generated_MSW,"OECD Environment Statistics, DSD_MUNW@DF_MUNW",computed
2013.0,xsection_country_treated_share_oecd_no_cost,FRA_2013,100.0,percent_of_generated_MSW,"OECD Environment Statistics, DSD_MUNW@DF_MUNW",computed
2014.0,xsection_country_treated_share_oecd_no_cost,FRA_2014,100.0,percent_of_generated_MSW,"OECD Environment Statistics, DSD_MUNW@DF_MUNW",computed
2015.0,xsection_country_treated_share_oecd_no_cost,FRA_2015,100.0,percent_of_generated_MSW,"OECD Environment Statistics, DSD_MUNW@DF_MUNW",computed
2016.0,xsection_country_treated_share_oecd_no_cost,FRA_2016,99.69455658523589,percent_of_generated_MSW,"OECD Environment Statistics, DSD_MUNW@DF_MUNW",computed
2017.0,xsection_country_treated_share_oecd_no_cost,FRA_2017,99.51784394976067,percent_of_generated_MSW,"OECD Environment Statistics, DSD_MUNW@DF_MUNW",computed
2018.0,xsection_country_treated_share_oecd_no_cost,FRA_2018,97.45635955590024,percent_of_generated_MSW,"OECD Environment Statistics, DSD_MUNW@DF_MUNW",computed
2019.0,xsection_country_treated_share_oecd_no_cost,FRA_2019,97.23247133826752,percent_of_generated_MSW,"OECD Environment Statistics, DSD_MUNW@DF_MUNW",computed
2020.0,xsection_country_treated_share_oecd_no_cost,FRA_2020,96.20694498582527,percent_of_generated_MSW,"OECD Environment Statistics, DSD_MUNW@DF_MUNW",computed
2021.0,xsection_country_treated_share_oecd_no_cost,FRA_2021,94.72444205803929,percent_of_generated_MSW,"OECD Environment Statistics, DSD_MUNW@DF_MUNW",computed
2022.0,xsection_country_treated_share_oecd_no_cost,FRA_2022,94.34430636103195,percent_of_generated_MSW,"OECD Environment Statistics, DSD_MUNW@DF_MUNW",computed
2023.0,xsection_country_treated_share_oecd_no_cost,FRA_2023,93.67052952702971,percent_of_generated_MSW,"OECD Environment Statistics, DSD_MUNW@DF_MUNW",computed
2024.0,xsection_country_treated_share_oecd_no_cost,FRA_2024,97.2337340844644,percent_of_generated_MSW,"OECD Environment Statistics, DSD_MUNW@DF_MUNW",computed
1995.0,xsection_country_treated_share_oecd_no_cost,GBR_1995,100.03460207612456,percent_of_generated_MSW,"OECD Environment Statistics, DSD_MUNW@DF_MUNW",computed
1996.0,xsection_country_treated_share_oecd_no_cost,GBR_1996,100.5344537815126,percent_of_generated_MSW,"OECD Environment Statistics, DSD_MUNW@DF_MUNW",computed
1997.0,xsection_country_treated_share_oecd_no_cost,GBR_1997,100.48643772952774,percent_of_generated_MSW,"OECD Environment Statistics, DSD_MUNW@DF_MUNW",computed
1998.0,xsection_country_treated_share_oecd_no_cost,GBR_1998,100.40382370571348,percent_of_generated_MSW,"OECD Environment Statistics, DSD_MUNW@DF_MUNW",computed
1999.0,xsection_country_treated_share_oecd_no_cost,GBR_1999,100.31744130330618,percent_of_generated_MSW,"OECD Environment Statistics, DSD_MUNW@DF_MUNW",computed
2000.0,xsection_country_treated_share_oecd_no_cost,GBR_2000,100.0,percent_of_generated_MSW,"OECD Environment Statistics, DSD_MUNW@DF_MUNW",computed
2001.0,xsection_country_treated_share_oecd_no_cost,GBR_2001,99.99141508084132,percent_of_generated_MSW,"OECD Environment Statistics, DSD_MUNW@DF_MUNW",computed
2002.0,xsection_country_treated_share_oecd_no_cost,GBR_2002,100.00562872903298,percent_of_generated_MSW,"OECD Environment Statistics, DSD_MUNW@DF_MUNW",computed
2003.0,xsection_country_treated_share_oecd_no_cost,GBR_2003,99.90246322174664,percent_of_generated_MSW,"OECD Environment Statistics, DSD_MUNW@DF_MUNW",computed
2004.0,xsection_country_treated_share_oecd_no_cost,GBR_2004,99.9144818803466,percent_of_generated_MSW,"OECD Environment Statistics, DSD_MUNW@DF_MUNW",computed
2005.0,xsection_country_treated_share_oecd_no_cost,GBR_2005,99.9316648159221,percent_of_generated_MSW,"OECD Environment Statistics, DSD_MUNW@DF_MUNW",computed
2006.0,xsection_country_treated_share_oecd_no_cost,GBR_2006,99.69277600834296,percent_of_generated_MSW,"OECD Environment Statistics, DSD_MUNW@DF_MUNW",computed
2007.0,xsection_country_treated_share_oecd_no_cost,GBR_2007,99.55721679125936,percent_of_generated_MSW,"OECD Environment Statistics, DSD_MUNW@DF_MUNW",computed
2008.0,xsection_country_treated_share_oecd_no_cost,GBR_2008,99.3747008137865,percent_of_generated_MSW,"OECD Environment Statistics, DSD_MUNW@DF_MUNW",computed
2009.0,xsection_country_treated_share_oecd_no_cost,GBR_2009,100.0,percent_of_generated_MSW,"OECD Environment Statistics, DSD_MUNW@DF_MUNW",computed
2010.0,xsection_country_treated_share_oecd_no_cost,GBR_2010,100.00078236217674,percent_of_generated_MSW,"OECD Environment Statistics, DSD_MUNW@DF_MUNW",computed
2011.0,xsection_country_treated_share_oecd_no_cost,GBR_2011,100.00012875787918,percent_of_generated_MSW,"OECD Environment Statistics, DSD_MUNW@DF_MUNW",computed
2012.0,xsection_country_treated_share_oecd_no_cost,GBR_2012,100.19578482608412,percent_of_generated_MSW,"OECD Environment Statistics, DSD_MUNW@DF_MUNW",computed
2013.0,xsection_country_treated_share_oecd_no_cost,GBR_2013,100.31504597607828,percent_of_generated_MSW,"OECD Environment Statistics, DSD_MUNW@DF_MUNW",computed
2014.0,xsection_country_treated_share_oecd_no_cost,GBR_2014,100.14805285661735,percent_of_generated_MSW,"OECD Environment Statistics, DSD_MUNW@DF_MUNW",computed
2015.0,xsection_country_treated_share_oecd_no_cost,GBR_2015,100.16640820236726,percent_of_generated_MSW,"OECD Environment Statistics, DSD_MUNW@DF_MUNW",computed
2016.0,xsection_country_treated_share_oecd_no_cost,GBR_2016,100.23436775169368,percent_of_generated_MSW,"OECD Environment Statistics, DSD_MUNW@DF_MUNW",computed
2017.0,xsection_country_treated_share_oecd_no_cost,GBR_2017,100.27029145520628,percent_of_generated_MSW,"OECD Environment Statistics, DSD_MUNW@DF_MUNW",computed
2018.0,xsection_country_treated_share_oecd_no_cost,GBR_2018,100.42137990705132,percent_of_generated_MSW,"OECD Environment Statistics, DSD_MUNW@DF_MUNW",computed
2019.0,xsection_country_treated_share_oecd_no_cost,GBR_2019,100.6297257356974,percent_of_generated_MSW,"OECD Environment Statistics, DSD_MUNW@DF_MUNW",computed
2020.0,xsection_country_treated_share_oecd_no_cost,GBR_2020,100.47591846557576,percent_of_generated_MSW,"OECD Environment Statistics, DSD_MUNW@DF_MUNW",computed
2021.0,xsection_country_treated_share_oecd_no_cost,GBR_2021,100.72658600601754,percent_of_generated_MSW,"OECD Environment Statistics, DSD_MUNW@DF_MUNW",computed
2022.0,xsection_country_treated_share_oecd_no_cost,GBR_2022,100.67440989134508,percent_of_generated_MSW,"OECD Environment Statistics, DSD_MUNW@DF_MUNW",computed
2023.0,xsection_country_treated_share_oecd_no_cost,GBR_2023,100.61526018027294,percent_of_generated_MSW,"OECD Environment Statistics, DSD_MUNW@DF_MUNW",computed
2024.0,xsection_country_treated_share_oecd_no_cost,GBR_2024,100.6040900738356,percent_of_generated_MSW,"OECD Environment Statistics, DSD_MUNW@DF_MUNW",computed
1997.0,xsection_country_treated_share_oecd_no_cost,GRC_1997,99.98974358974358,percent_of_generated_MSW,"OECD Environment Statistics, DSD_MUNW@DF_MUNW",computed
1998.0,xsection_country_treated_share_oecd_no_cost,GRC_1998,100.0,percent_of_generated_MSW,"OECD Environment Statistics, DSD_MUNW@DF_MUNW",computed
1999.0,xsection_country_treated_share_oecd_no_cost,GRC_1999,100.0,percent_of_generated_MSW,"OECD Environment Statistics, DSD_MUNW@DF_MUNW",computed
2000.0,xsection_country_treated_share_oecd_no_cost,GRC_2000,100.0,percent_of_generated_MSW,"OECD Environment Statistics, DSD_MUNW@DF_MUNW",computed
2001.0,xsection_country_treated_share_oecd_no_cost,GRC_2001,100.0,percent_of_generated_MSW,"OECD Environment Statistics, DSD_MUNW@DF_MUNW",computed
2002.0,xsection_country_treated_share_oecd_no_cost,GRC_2002,99.9978448740329,percent_of_generated_MSW,"OECD Environment Statistics, DSD_MUNW@DF_MUNW",computed
2003.0,xsection_country_treated_share_oecd_no_cost,GRC_2003,99.99893849648642,percent_of_generated_MSW,"OECD Environment Statistics, DSD_MUNW@DF_MUNW",computed
2004.0,xsection_country_treated_share_oecd_no_cost,GRC_2004,99.99937258182578,percent_of_generated_MSW,"OECD Environment Statistics, DSD_MUNW@DF_MUNW",computed
2005.0,xsection_country_treated_share_oecd_no_cost,GRC_2005,100.29363280445084,percent_of_generated_MSW,"OECD Environment Statistics, DSD_MUNW@DF_MUNW",computed
2006.0,xsection_country_treated_share_oecd_no_cost,GRC_2006,100.0008118365773,percent_of_generated_MSW,"OECD Environment Statistics, DSD_MUNW@DF_MUNW",computed
2007.0,xsection_country_treated_share_oecd_no_cost,GRC_2007,100.02059341010876,percent_of_generated_MSW,"OECD Environment Statistics, DSD_MUNW@DF_MUNW",computed
2008.0,xsection_country_treated_share_oecd_no_cost,GRC_2008,100.01812093756156,percent_of_generated_MSW,"OECD Environment Statistics, DSD_MUNW@DF_MUNW",computed
2009.0,xsection_country_treated_share_oecd_no_cost,GRC_2009,100.0,percent_of_generated_MSW,"OECD Environment Statistics, DSD_MUNW@DF_MUNW",computed
2010.0,xsection_country_treated_share_oecd_no_cost,GRC_2010,100.0,percent_of_generated_MSW,"OECD Environment Statistics, DSD_MUNW@DF_MUNW",computed
2011.0,xsection_country_treated_share_oecd_no_cost,GRC_2011,100.0,percent_of_generated_MSW,"OECD Environment Statistics, DSD_MUNW@DF_MUNW",computed
2012.0,xsection_country_treated_share_oecd_no_cost,GRC_2012,100.0,percent_of_generated_MSW,"OECD Environment Statistics, DSD_MUNW@DF_MUNW",computed
2013.0,xsection_country_treated_share_oecd_no_cost,GRC_2013,100.0,percent_of_generated_MSW,"OECD Environment Statistics, DSD_MUNW@DF_MUNW",computed
2014.0,xsection_country_treated_share_oecd_no_cost,GRC_2014,100.0,percent_of_generated_MSW,"OECD Environment Statistics, DSD_MUNW@DF_MUNW",computed
2015.0,xsection_country_treated_share_oecd_no_cost,GRC_2015,100.0,percent_of_generated_MSW,"OECD Environment Statistics, DSD_MUNW@DF_MUNW",computed
2016.0,xsection_country_treated_share_oecd_no_cost,GRC_2016,100.0,percent_of_generated_MSW,"OECD Environment Statistics, DSD_MUNW@DF_MUNW",computed
2017.0,xsection_country_treated_share_oecd_no_cost,GRC_2017,100.0,percent_of_generated_MSW,"OECD Environment Statistics, DSD_MUNW@DF_MUNW",computed
2018.0,xsection_country_treated_share_oecd_no_cost,GRC_2018,100.0,percent_of_generated_MSW,"OECD Environment Statistics, DSD_MUNW@DF_MUNW",computed
2019.0,xsection_country_treated_share_oecd_no_cost,GRC_2019,100.0,percent_of_generated_MSW,"OECD Environment Statistics, DSD_MUNW@DF_MUNW",computed
2020.0,xsection_country_treated_share_oecd_no_cost,GRC_2020,100.0,percent_of_generated_MSW,"OECD Environment Statistics, DSD_MUNW@DF_MUNW",computed
2021.0,xsection_country_treated_share_oecd_no_cost,GRC_2021,100.0,percent_of_generated_MSW,"OECD Environment Statistics, DSD_MUNW@DF_MUNW",computed
2022.0,xsection_country_treated_share_oecd_no_cost,GRC_2022,99.8598754764372,percent_of_generated_MSW,"OECD Environment Statistics, DSD_MUNW@DF_MUNW",computed
2023.0,xsection_country_treated_share_oecd_no_cost,GRC_2023,99.79034128820813,percent_of_generated_MSW,"OECD Environment Statistics, DSD_MUNW@DF_MUNW",computed
2006.0,xsection_country_treated_share_oecd_no_cost,HRV_2006,73.79799408745488,percent_of_generated_MSW,"OECD Environment Statistics, DSD_MUNW@DF_MUNW",computed
2007.0,xsection_country_treated_share_oecd_no_cost,HRV_2007,99.1487752370978,percent_of_generated_MSW,"OECD Environment Statistics, DSD_MUNW@DF_MUNW",computed
2008.0,xsection_country_treated_share_oecd_no_cost,HRV_2008,99.54146652426031,percent_of_generated_MSW,"OECD Environment Statistics, DSD_MUNW@DF_MUNW",computed
2009.0,xsection_country_treated_share_oecd_no_cost,HRV_2009,99.33398729929267,percent_of_generated_MSW,"OECD Environment Statistics, DSD_MUNW@DF_MUNW",computed
2010.0,xsection_country_treated_share_oecd_no_cost,HRV_2010,98.4183272798665,percent_of_generated_MSW,"OECD Environment Statistics, DSD_MUNW@DF_MUNW",computed
2011.0,xsection_country_treated_share_oecd_no_cost,HRV_2011,99.25910168358354,percent_of_generated_MSW,"OECD Environment Statistics, DSD_MUNW@DF_MUNW",computed
2012.0,xsection_country_treated_share_oecd_no_cost,HRV_2012,97.45149700598802,percent_of_generated_MSW,"OECD Environment Statistics, DSD_MUNW@DF_MUNW",computed
2013.0,xsection_country_treated_share_oecd_no_cost,HRV_2013,97.12220181780144,percent_of_generated_MSW,"OECD Environment Statistics, DSD_MUNW@DF_MUNW",computed
2014.0,xsection_country_treated_share_oecd_no_cost,HRV_2014,96.6307554187508,percent_of_generated_MSW,"OECD Environment Statistics, DSD_MUNW@DF_MUNW",computed
2015.0,xsection_country_treated_share_oecd_no_cost,HRV_2015,97.75744896972044,percent_of_generated_MSW,"OECD Environment Statistics, DSD_MUNW@DF_MUNW",computed
2016.0,xsection_country_treated_share_oecd_no_cost,HRV_2016,98.01459732342715,percent_of_generated_MSW,"OECD Environment Statistics, DSD_MUNW@DF_MUNW",computed
2017.0,xsection_country_treated_share_oecd_no_cost,HRV_2017,96.18023350656009,percent_of_generated_MSW,"OECD Environment Statistics, DSD_MUNW@DF_MUNW",computed
2018.0,xsection_country_treated_share_oecd_no_cost,HRV_2018,91.55015434760358,percent_of_generated_MSW,"OECD Environment Statistics, DSD_MUNW@DF_MUNW",computed
2019.0,xsection_country_treated_share_oecd_no_cost,HRV_2019,89.45108154758981,percent_of_generated_MSW,"OECD Environment Statistics, DSD_MUNW@DF_MUNW",computed
2020.0,xsection_country_treated_share_oecd_no_cost,HRV_2020,90.05826460779484,percent_of_generated_MSW,"OECD Environment Statistics, DSD_MUNW@DF_MUNW",computed
2021.0,xsection_country_treated_share_oecd_no_cost,HRV_2021,89.99060320623131,percent_of_generated_MSW,"OECD Environment Statistics, DSD_MUNW@DF_MUNW",computed
2022.0,xsection_country_treated_share_oecd_no_cost,HRV_2022,89.93942469618548,percent_of_generated_MSW,"OECD Environment Statistics, DSD_MUNW@DF_MUNW",computed
2023.0,xsection_country_treated_share_oecd_no_cost,HRV_2023,89.49390378037126,percent_of_generated_MSW,"OECD Environment Statistics, DSD_MUNW@DF_MUNW",computed
2024.0,xsection_country_treated_share_oecd_no_cost,HRV_2024,89.34666461298873,percent_of_generated_MSW,"OECD Environment Statistics, DSD_MUNW@DF_MUNW",computed
1990.0,xsection_country_treated_share_oecd_no_cost,HUN_1990,75.83636363636364,percent_of_generated_MSW,"OECD Environment Statistics, DSD_MUNW@DF_MUNW",computed
1995.0,xsection_country_treated_share_oecd_no_cost,HUN_1995,81.80429292929293,percent_of_generated_MSW,"OECD Environment Statistics, DSD_MUNW@DF_MUNW",computed
1996.0,xsection_country_treated_share_oecd_no_cost,HUN_1996,84.82954075299959,percent_of_generated_MSW,"OECD Environment Statistics, DSD_MUNW@DF_MUNW",computed
1997.0,xsection_country_treated_share_oecd_no_cost,HUN_1997,86.49501594896331,percent_of_generated_MSW,"OECD Environment Statistics, DSD_MUNW@DF_MUNW",computed
1998.0,xsection_country_treated_share_oecd_no_cost,HUN_1998,87.86053054662379,percent_of_generated_MSW,"OECD Environment Statistics, DSD_MUNW@DF_MUNW",computed
1999.0,xsection_country_treated_share_oecd_no_cost,HUN_1999,90.13574752174792,percent_of_generated_MSW,"OECD Environment Statistics, DSD_MUNW@DF_MUNW",computed
2000.0,xsection_country_treated_share_oecd_no_cost,HUN_2000,91.32535149384886,percent_of_generated_MSW,"OECD Environment Statistics, DSD_MUNW@DF_MUNW",computed
2001.0,xsection_country_treated_share_oecd_no_cost,HUN_2001,89.57397349554638,percent_of_generated_MSW,"OECD Environment Statistics, DSD_MUNW@DF_MUNW",computed
2002.0,xsection_country_treated_share_oecd_no_cost,HUN_2002,91.32953077916488,percent_of_generated_MSW,"OECD Environment Statistics, DSD_MUNW@DF_MUNW",computed
2003.0,xsection_country_treated_share_oecd_no_cost,HUN_2003,93.10702127659576,percent_of_generated_MSW,"OECD Environment Statistics, DSD_MUNW@DF_MUNW",computed
2004.0,xsection_country_treated_share_oecd_no_cost,HUN_2004,99.13755553619652,percent_of_generated_MSW,"OECD Environment Statistics, DSD_MUNW@DF_MUNW",computed
2005.0,xsection_country_treated_share_oecd_no_cost,HUN_2005,99.13904433921653,percent_of_generated_MSW,"OECD Environment Statistics, DSD_MUNW@DF_MUNW",computed
2006.0,xsection_country_treated_share_oecd_no_cost,HUN_2006,99.15092337083422,percent_of_generated_MSW,"OECD Environment Statistics, DSD_MUNW@DF_MUNW",computed
2007.0,xsection_country_treated_share_oecd_no_cost,HUN_2007,95.02557962338086,percent_of_generated_MSW,"OECD Environment Statistics, DSD_MUNW@DF_MUNW",computed
2008.0,xsection_country_treated_share_oecd_no_cost,HUN_2008,97.210630353613,percent_of_generated_MSW,"OECD Environment Statistics, DSD_MUNW@DF_MUNW",computed
2009.0,xsection_country_treated_share_oecd_no_cost,HUN_2009,99.35064935064936,percent_of_generated_MSW,"OECD Environment Statistics, DSD_MUNW@DF_MUNW",computed
2010.0,xsection_country_treated_share_oecd_no_cost,HUN_2010,100.0,percent_of_generated_MSW,"OECD Environment Statistics, DSD_MUNW@DF_MUNW",computed
2011.0,xsection_country_treated_share_oecd_no_cost,HUN_2011,100.0,percent_of_generated_MSW,"OECD Environment Statistics, DSD_MUNW@DF_MUNW",computed
2012.0,xsection_country_treated_share_oecd_no_cost,HUN_2012,100.0,percent_of_generated_MSW,"OECD Environment Statistics, DSD_MUNW@DF_MUNW",computed
2013.0,xsection_country_treated_share_oecd_no_cost,HUN_2013,100.0,percent_of_generated_MSW,"OECD Environment Statistics, DSD_MUNW@DF_MUNW",computed
2014.0,xsection_country_treated_share_oecd_no_cost,HUN_2014,97.83926218708828,percent_of_generated_MSW,"OECD Environment Statistics, DSD_MUNW@DF_MUNW",computed
2015.0,xsection_country_treated_share_oecd_no_cost,HUN_2015,99.94612068965516,percent_of_generated_MSW,"OECD Environment Statistics, DSD_MUNW@DF_MUNW",computed
2016.0,xsection_country_treated_share_oecd_no_cost,HUN_2016,100.34936844934155,percent_of_generated_MSW,"OECD Environment Statistics, DSD_MUNW@DF_MUNW",computed
2017.0,xsection_country_treated_share_oecd_no_cost,HUN_2017,99.57537154989384,percent_of_generated_MSW,"OECD Environment Statistics, DSD_MUNW@DF_MUNW",computed
2018.0,xsection_country_treated_share_oecd_no_cost,HUN_2018,100.45588629659426,percent_of_generated_MSW,"OECD Environment Statistics, DSD_MUNW@DF_MUNW",computed
2019.0,xsection_country_treated_share_oecd_no_cost,HUN_2019,100.29100529100528,percent_of_generated_MSW,"OECD Environment Statistics, DSD_MUNW@DF_MUNW",computed
2020.0,xsection_country_treated_share_oecd_no_cost,HUN_2020,100.0,percent_of_generated_MSW,"OECD Environment Statistics, DSD_MUNW@DF_MUNW",computed
2021.0,xsection_country_treated_share_oecd_no_cost,HUN_2021,100.00002474303125,percent_of_generated_MSW,"OECD Environment Statistics, DSD_MUNW@DF_MUNW",computed
2022.0,xsection_country_treated_share_oecd_no_cost,HUN_2022,100.0,percent_of_generated_MSW,"OECD Environment Statistics, DSD_MUNW@DF_MUNW",computed
2023.0,xsection_country_treated_share_oecd_no_cost,HUN_2023,100.0,percent_of_generated_MSW,"OECD Environment Statistics, DSD_MUNW@DF_MUNW",computed
2024.0,xsection_country_treated_share_oecd_no_cost,HUN_2024,100.0,percent_of_generated_MSW,"OECD Environment Statistics, DSD_MUNW@DF_MUNW",computed
1995.0,xsection_country_treated_share_oecd_no_cost,IRL_1995,90.89925332756196,percent_of_generated_MSW,"OECD Environment Statistics, DSD_MUNW@DF_MUNW",computed
1996.0,xsection_country_treated_share_oecd_no_cost,IRL_1996,93.9936775553214,percent_of_generated_MSW,"OECD Environment Statistics, DSD_MUNW@DF_MUNW",computed
1997.0,xsection_country_treated_share_oecd_no_cost,IRL_1997,95.5,percent_of_generated_MSW,"OECD Environment Statistics, DSD_MUNW@DF_MUNW",computed
1998.0,xsection_country_treated_share_oecd_no_cost,IRL_1998,94.03413234793602,percent_of_generated_MSW,"OECD Environment Statistics, DSD_MUNW@DF_MUNW",computed
2000.0,xsection_country_treated_share_oecd_no_cost,IRL_2000,103.74336244349848,percent_of_generated_MSW,"OECD Environment Statistics, DSD_MUNW@DF_MUNW",computed
2001.0,xsection_country_treated_share_oecd_no_cost,IRL_2001,87.90680473372781,percent_of_generated_MSW,"OECD Environment Statistics, DSD_MUNW@DF_MUNW",computed
2002.0,xsection_country_treated_share_oecd_no_cost,IRL_2002,90.57491545360976,percent_of_generated_MSW,"OECD Environment Statistics, DSD_MUNW@DF_MUNW",computed
2003.0,xsection_country_treated_share_oecd_no_cost,IRL_2003,88.89955104698585,percent_of_generated_MSW,"OECD Environment Statistics, DSD_MUNW@DF_MUNW",computed
2004.0,xsection_country_treated_share_oecd_no_cost,IRL_2004,90.11531027127909,percent_of_generated_MSW,"OECD Environment Statistics, DSD_MUNW@DF_MUNW",computed
2005.0,xsection_country_treated_share_oecd_no_cost,IRL_2005,91.39342914460488,percent_of_generated_MSW,"OECD Environment Statistics, DSD_MUNW@DF_MUNW",computed
2006.0,xsection_country_treated_share_oecd_no_cost,IRL_2006,91.59132541511552,percent_of_generated_MSW,"OECD Environment Statistics, DSD_MUNW@DF_MUNW",computed
2007.0,xsection_country_treated_share_oecd_no_cost,IRL_2007,93.44556611825648,percent_of_generated_MSW,"OECD Environment Statistics, DSD_MUNW@DF_MUNW",computed
2008.0,xsection_country_treated_share_oecd_no_cost,IRL_2008,96.26552284541044,percent_of_generated_MSW,"OECD Environment Statistics, DSD_MUNW@DF_MUNW",computed
2009.0,xsection_country_treated_share_oecd_no_cost,IRL_2009,95.66641155713889,percent_of_generated_MSW,"OECD Environment Statistics, DSD_MUNW@DF_MUNW",computed
2010.0,xsection_country_treated_share_oecd_no_cost,IRL_2010,92.1293042867182,percent_of_generated_MSW,"OECD Environment Statistics, DSD_MUNW@DF_MUNW",computed
2011.0,xsection_country_treated_share_oecd_no_cost,IRL_2011,90.61955366631244,percent_of_generated_MSW,"OECD Environment Statistics, DSD_MUNW@DF_MUNW",computed
2012.0,xsection_country_treated_share_oecd_no_cost,IRL_2012,90.6016713091922,percent_of_generated_MSW,"OECD Environment Statistics, DSD_MUNW@DF_MUNW",computed
2013.0,xsection_country_treated_share_oecd_no_cost,IRL_2013,90.6016713091922,percent_of_generated_MSW,"OECD Environment Statistics, DSD_MUNW@DF_MUNW",computed
2014.0,xsection_country_treated_share_oecd_no_cost,IRL_2014,98.32761872761569,percent_of_generated_MSW,"OECD Environment Statistics, DSD_MUNW@DF_MUNW",computed
2015.0,xsection_country_treated_share_oecd_no_cost,IRL_2015,98.32761872761569,percent_of_generated_MSW,"OECD Environment Statistics, DSD_MUNW@DF_MUNW",computed
2016.0,xsection_country_treated_share_oecd_no_cost,IRL_2016,98.37621106505686,percent_of_generated_MSW,"OECD Environment Statistics, DSD_MUNW@DF_MUNW",computed
2017.0,xsection_country_treated_share_oecd_no_cost,IRL_2017,98.39232988793889,percent_of_generated_MSW,"OECD Environment Statistics, DSD_MUNW@DF_MUNW",computed
2018.0,xsection_country_treated_share_oecd_no_cost,IRL_2018,98.38120584970297,percent_of_generated_MSW,"OECD Environment Statistics, DSD_MUNW@DF_MUNW",computed
2019.0,xsection_country_treated_share_oecd_no_cost,IRL_2019,98.42299131593582,percent_of_generated_MSW,"OECD Environment Statistics, DSD_MUNW@DF_MUNW",computed
2020.0,xsection_country_treated_share_oecd_no_cost,IRL_2020,98.70638502098308,percent_of_generated_MSW,"OECD Environment Statistics, DSD_MUNW@DF_MUNW",computed
2021.0,xsection_country_treated_share_oecd_no_cost,IRL_2021,98.73875450055748,percent_of_generated_MSW,"OECD Environment Statistics, DSD_MUNW@DF_MUNW",computed
2022.0,xsection_country_treated_share_oecd_no_cost,IRL_2022,98.22919844396414,percent_of_generated_MSW,"OECD Environment Statistics, DSD_MUNW@DF_MUNW",computed
2023.0,xsection_country_treated_share_oecd_no_cost,IRL_2023,98.335290137108,percent_of_generated_MSW,"OECD Environment Statistics, DSD_MUNW@DF_MUNW",computed
2024.0,xsection_country_treated_share_oecd_no_cost,IRL_2024,100.710066975494,percent_of_generated_MSW,"OECD Environment Statistics, DSD_MUNW@DF_MUNW",computed
1997.0,xsection_country_treated_share_oecd_no_cost,ISL_1997,100.83333333333331,percent_of_generated_MSW,"OECD Environment Statistics, DSD_MUNW@DF_MUNW",computed
1998.0,xsection_country_treated_share_oecd_no_cost,ISL_1998,100.8130081300813,percent_of_generated_MSW,"OECD Environment Statistics, DSD_MUNW@DF_MUNW",computed
1999.0,xsection_country_treated_share_oecd_no_cost,ISL_1999,101.58730158730158,percent_of_generated_MSW,"OECD Environment Statistics, DSD_MUNW@DF_MUNW",computed
2000.0,xsection_country_treated_share_oecd_no_cost,ISL_2000,103.84615384615384,percent_of_generated_MSW,"OECD Environment Statistics, DSD_MUNW@DF_MUNW",computed
2001.0,xsection_country_treated_share_oecd_no_cost,ISL_2001,99.24812030075188,percent_of_generated_MSW,"OECD Environment Statistics, DSD_MUNW@DF_MUNW",computed
2002.0,xsection_country_treated_share_oecd_no_cost,ISL_2002,98.54014598540148,percent_of_generated_MSW,"OECD Environment Statistics, DSD_MUNW@DF_MUNW",computed
2003.0,xsection_country_treated_share_oecd_no_cost,ISL_2003,100.71428571428572,percent_of_generated_MSW,"OECD Environment Statistics, DSD_MUNW@DF_MUNW",computed
2005.0,xsection_country_treated_share_oecd_no_cost,ISL_2005,79.08496732026144,percent_of_generated_MSW,"OECD Environment Statistics, DSD_MUNW@DF_MUNW",computed
2006.0,xsection_country_treated_share_oecd_no_cost,ISL_2006,76.0233918128655,percent_of_generated_MSW,"OECD Environment Statistics, DSD_MUNW@DF_MUNW",computed
2007.0,xsection_country_treated_share_oecd_no_cost,ISL_2007,77.01149425287356,percent_of_generated_MSW,"OECD Environment Statistics, DSD_MUNW@DF_MUNW",computed
2008.0,xsection_country_treated_share_oecd_no_cost,ISL_2008,100.0,percent_of_generated_MSW,"OECD Environment Statistics, DSD_MUNW@DF_MUNW",computed
2009.0,xsection_country_treated_share_oecd_no_cost,ISL_2009,100.0,percent_of_generated_MSW,"OECD Environment Statistics, DSD_MUNW@DF_MUNW",computed
2010.0,xsection_country_treated_share_oecd_no_cost,ISL_2010,100.0,percent_of_generated_MSW,"OECD Environment Statistics, DSD_MUNW@DF_MUNW",computed
2011.0,xsection_country_treated_share_oecd_no_cost,ISL_2011,100.0,percent_of_generated_MSW,"OECD Environment Statistics, DSD_MUNW@DF_MUNW",computed
2012.0,xsection_country_treated_share_oecd_no_cost,ISL_2012,100.60975609756098,percent_of_generated_MSW,"OECD Environment Statistics, DSD_MUNW@DF_MUNW",computed
2013.0,xsection_country_treated_share_oecd_no_cost,ISL_2013,99.40119760479044,percent_of_generated_MSW,"OECD Environment Statistics, DSD_MUNW@DF_MUNW",computed
2014.0,xsection_country_treated_share_oecd_no_cost,ISL_2014,100.0,percent_of_generated_MSW,"OECD Environment Statistics, DSD_MUNW@DF_MUNW",computed
2015.0,xsection_country_treated_share_oecd_no_cost,ISL_2015,100.18041263608048,percent_of_generated_MSW,"OECD Environment Statistics, DSD_MUNW@DF_MUNW",computed
2016.0,xsection_country_treated_share_oecd_no_cost,ISL_2016,100.0154643160906,percent_of_generated_MSW,"OECD Environment Statistics, DSD_MUNW@DF_MUNW",computed
2017.0,xsection_country_treated_share_oecd_no_cost,ISL_2017,99.99112479864388,percent_of_generated_MSW,"OECD Environment Statistics, DSD_MUNW@DF_MUNW",computed
2018.0,xsection_country_treated_share_oecd_no_cost,ISL_2018,99.9616153861694,percent_of_generated_MSW,"OECD Environment Statistics, DSD_MUNW@DF_MUNW",computed
2019.0,xsection_country_treated_share_oecd_no_cost,ISL_2019,99.99600623028076,percent_of_generated_MSW,"OECD Environment Statistics, DSD_MUNW@DF_MUNW",computed
2020.0,xsection_country_treated_share_oecd_no_cost,ISL_2020,100.0,percent_of_generated_MSW,"OECD Environment Statistics, DSD_MUNW@DF_MUNW",computed
2021.0,xsection_country_treated_share_oecd_no_cost,ISL_2021,100.0,percent_of_generated_MSW,"OECD Environment Statistics, DSD_MUNW@DF_MUNW",computed
2022.0,xsection_country_treated_share_oecd_no_cost,ISL_2022,100.0,percent_of_generated_MSW,"OECD Environment Statistics, DSD_MUNW@DF_MUNW",computed
2023.0,xsection_country_treated_share_oecd_no_cost,ISL_2023,100.00000447423368,percent_of_generated_MSW,"OECD Environment Statistics, DSD_MUNW@DF_MUNW",computed
2024.0,xsection_country_treated_share_oecd_no_cost,ISL_2024,59.233213579114185,percent_of_generated_MSW,"OECD Environment Statistics, DSD_MUNW@DF_MUNW",computed
2013.0,xsection_country_treated_share_oecd_no_cost,ISR_2013,100.0,percent_of_generated_MSW,"OECD Environment Statistics, DSD_MUNW@DF_MUNW",computed
2014.0,xsection_country_treated_share_oecd_no_cost,ISR_2014,100.0,percent_of_generated_MSW,"OECD Environment Statistics, DSD_MUNW@DF_MUNW",computed
2015.0,xsection_country_treated_share_oecd_no_cost,ISR_2015,100.0,percent_of_generated_MSW,"OECD Environment Statistics, DSD_MUNW@DF_MUNW",computed
2016.0,xsection_country_treated_share_oecd_no_cost,ISR_2016,99.99996198738312,percent_of_generated_MSW,"OECD Environment Statistics, DSD_MUNW@DF_MUNW",computed
2017.0,xsection_country_treated_share_oecd_no_cost,ISR_2017,100.0,percent_of_generated_MSW,"OECD Environment Statistics, DSD_MUNW@DF_MUNW",computed
2018.0,xsection_country_treated_share_oecd_no_cost,ISR_2018,99.99999999646532,percent_of_generated_MSW,"OECD Environment Statistics, DSD_MUNW@DF_MUNW",computed
2019.0,xsection_country_treated_share_oecd_no_cost,ISR_2019,100.00000000347268,percent_of_generated_MSW,"OECD Environment Statistics, DSD_MUNW@DF_MUNW",computed
2020.0,xsection_country_treated_share_oecd_no_cost,ISR_2020,99.9999999999988,percent_of_generated_MSW,"OECD Environment Statistics, DSD_MUNW@DF_MUNW",computed
2021.0,xsection_country_treated_share_oecd_no_cost,ISR_2021,99.99999999999902,percent_of_generated_MSW,"OECD Environment Statistics, DSD_MUNW@DF_MUNW",computed
2022.0,xsection_country_treated_share_oecd_no_cost,ISR_2022,99.99999999999984,percent_of_generated_MSW,"OECD Environment Statistics, DSD_MUNW@DF_MUNW",computed
2023.0,xsection_country_treated_share_oecd_no_cost,ISR_2023,100.00000000000014,percent_of_generated_MSW,"OECD Environment Statistics, DSD_MUNW@DF_MUNW",computed
2024.0,xsection_country_treated_share_oecd_no_cost,ISR_2024,99.9999999999994,percent_of_generated_MSW,"OECD Environment Statistics, DSD_MUNW@DF_MUNW",computed
1995.0,xsection_country_treated_share_oecd_no_cost,ITA_1995,103.20791311093872,percent_of_generated_MSW,"OECD Environment Statistics, DSD_MUNW@DF_MUNW",computed
1996.0,xsection_country_treated_share_oecd_no_cost,ITA_1996,94.31047765793528,percent_of_generated_MSW,"OECD Environment Statistics, DSD_MUNW@DF_MUNW",computed
1997.0,xsection_country_treated_share_oecd_no_cost,ITA_1997,95.84288667543694,percent_of_generated_MSW,"OECD Environment Statistics, DSD_MUNW@DF_MUNW",computed
1998.0,xsection_country_treated_share_oecd_no_cost,ITA_1998,95.63808388586754,percent_of_generated_MSW,"OECD Environment Statistics, DSD_MUNW@DF_MUNW",computed
1999.0,xsection_country_treated_share_oecd_no_cost,ITA_1999,96.2558172331124,percent_of_generated_MSW,"OECD Environment Statistics, DSD_MUNW@DF_MUNW",computed
2000.0,xsection_country_treated_share_oecd_no_cost,ITA_2000,97.65185261922028,percent_of_generated_MSW,"OECD Environment Statistics, DSD_MUNW@DF_MUNW",computed
2001.0,xsection_country_treated_share_oecd_no_cost,ITA_2001,94.08004352409128,percent_of_generated_MSW,"OECD Environment Statistics, DSD_MUNW@DF_MUNW",computed
2002.0,xsection_country_treated_share_oecd_no_cost,ITA_2002,86.52558264130725,percent_of_generated_MSW,"OECD Environment Statistics, DSD_MUNW@DF_MUNW",computed
2003.0,xsection_country_treated_share_oecd_no_cost,ITA_2003,86.41917762610288,percent_of_generated_MSW,"OECD Environment Statistics, DSD_MUNW@DF_MUNW",computed
2004.0,xsection_country_treated_share_oecd_no_cost,ITA_2004,85.47672552166934,percent_of_generated_MSW,"OECD Environment Statistics, DSD_MUNW@DF_MUNW",computed
2005.0,xsection_country_treated_share_oecd_no_cost,ITA_2005,84.65959328028293,percent_of_generated_MSW,"OECD Environment Statistics, DSD_MUNW@DF_MUNW",computed
2006.0,xsection_country_treated_share_oecd_no_cost,ITA_2006,85.58555787919794,percent_of_generated_MSW,"OECD Environment Statistics, DSD_MUNW@DF_MUNW",computed
2007.0,xsection_country_treated_share_oecd_no_cost,ITA_2007,89.36562576837964,percent_of_generated_MSW,"OECD Environment Statistics, DSD_MUNW@DF_MUNW",computed
2008.0,xsection_country_treated_share_oecd_no_cost,ITA_2008,86.80570530790796,percent_of_generated_MSW,"OECD Environment Statistics, DSD_MUNW@DF_MUNW",computed
2009.0,xsection_country_treated_share_oecd_no_cost,ITA_2009,92.93923443485843,percent_of_generated_MSW,"OECD Environment Statistics, DSD_MUNW@DF_MUNW",computed
2010.0,xsection_country_treated_share_oecd_no_cost,ITA_2010,94.0351418002466,percent_of_generated_MSW,"OECD Environment Statistics, DSD_MUNW@DF_MUNW",computed
2011.0,xsection_country_treated_share_oecd_no_cost,ITA_2011,95.3546167080864,percent_of_generated_MSW,"OECD Environment Statistics, DSD_MUNW@DF_MUNW",computed
2012.0,xsection_country_treated_share_oecd_no_cost,ITA_2012,95.90251383610055,percent_of_generated_MSW,"OECD Environment Statistics, DSD_MUNW@DF_MUNW",computed
2013.0,xsection_country_treated_share_oecd_no_cost,ITA_2013,96.50018598045514,percent_of_generated_MSW,"OECD Environment Statistics, DSD_MUNW@DF_MUNW",computed
2014.0,xsection_country_treated_share_oecd_no_cost,ITA_2014,92.867260218535,percent_of_generated_MSW,"OECD Environment Statistics, DSD_MUNW@DF_MUNW",computed
2015.0,xsection_country_treated_share_oecd_no_cost,ITA_2015,92.10472835659124,percent_of_generated_MSW,"OECD Environment Statistics, DSD_MUNW@DF_MUNW",computed
2016.0,xsection_country_treated_share_oecd_no_cost,ITA_2016,90.90727948990435,percent_of_generated_MSW,"OECD Environment Statistics, DSD_MUNW@DF_MUNW",computed
2017.0,xsection_country_treated_share_oecd_no_cost,ITA_2017,91.1301230894089,percent_of_generated_MSW,"OECD Environment Statistics, DSD_MUNW@DF_MUNW",computed
2018.0,xsection_country_treated_share_oecd_no_cost,ITA_2018,91.1254765456655,percent_of_generated_MSW,"OECD Environment Statistics, DSD_MUNW@DF_MUNW",computed
2019.0,xsection_country_treated_share_oecd_no_cost,ITA_2019,91.9528361589448,percent_of_generated_MSW,"OECD Environment Statistics, DSD_MUNW@DF_MUNW",computed
2020.0,xsection_country_treated_share_oecd_no_cost,ITA_2020,90.87394713014032,percent_of_generated_MSW,"OECD Environment Statistics, DSD_MUNW@DF_MUNW",computed
2021.0,xsection_country_treated_share_oecd_no_cost,ITA_2021,91.4434807446296,percent_of_generated_MSW,"OECD Environment Statistics, DSD_MUNW@DF_MUNW",computed
2022.0,xsection_country_treated_share_oecd_no_cost,ITA_2022,90.39563846372268,percent_of_generated_MSW,"OECD Environment Statistics, DSD_MUNW@DF_MUNW",computed
2023.0,xsection_country_treated_share_oecd_no_cost,ITA_2023,86.48640990157057,percent_of_generated_MSW,"OECD Environment Statistics, DSD_MUNW@DF_MUNW",computed
2024.0,xsection_country_treated_share_oecd_no_cost,ITA_2024,86.62762165156722,percent_of_generated_MSW,"OECD Environment Statistics, DSD_MUNW@DF_MUNW",computed
1985.0,xsection_country_treated_share_oecd_no_cost,JPN_1985,99.989606592295,percent_of_generated_MSW,"OECD Environment Statistics, DSD_MUNW@DF_MUNW",computed
1986.0,xsection_country_treated_share_oecd_no_cost,JPN_1986,99.9924301683026,percent_of_generated_MSW,"OECD Environment Statistics, DSD_MUNW@DF_MUNW",computed
1987.0,xsection_country_treated_share_oecd_no_cost,JPN_1987,99.99035804384876,percent_of_generated_MSW,"OECD Environment Statistics, DSD_MUNW@DF_MUNW",computed
1988.0,xsection_country_treated_share_oecd_no_cost,JPN_1988,99.99156770918977,percent_of_generated_MSW,"OECD Environment Statistics, DSD_MUNW@DF_MUNW",computed
1989.0,xsection_country_treated_share_oecd_no_cost,JPN_1989,99.88115283573084,percent_of_generated_MSW,"OECD Environment Statistics, DSD_MUNW@DF_MUNW",computed
1990.0,xsection_country_treated_share_oecd_no_cost,JPN_1990,100.02230551693434,percent_of_generated_MSW,"OECD Environment Statistics, DSD_MUNW@DF_MUNW",computed
1991.0,xsection_country_treated_share_oecd_no_cost,JPN_1991,99.99401548932175,percent_of_generated_MSW,"OECD Environment Statistics, DSD_MUNW@DF_MUNW",computed
1992.0,xsection_country_treated_share_oecd_no_cost,JPN_1992,100.01498931102998,percent_of_generated_MSW,"OECD Environment Statistics, DSD_MUNW@DF_MUNW",computed
1993.0,xsection_country_treated_share_oecd_no_cost,JPN_1993,99.9808847251399,percent_of_generated_MSW,"OECD Environment Statistics, DSD_MUNW@DF_MUNW",computed
1994.0,xsection_country_treated_share_oecd_no_cost,JPN_1994,99.9980694980695,percent_of_generated_MSW,"OECD Environment Statistics, DSD_MUNW@DF_MUNW",computed
1995.0,xsection_country_treated_share_oecd_no_cost,JPN_1995,99.99042585784314,percent_of_generated_MSW,"OECD Environment Statistics, DSD_MUNW@DF_MUNW",computed
1996.0,xsection_country_treated_share_oecd_no_cost,JPN_1996,100.00756029333938,percent_of_generated_MSW,"OECD Environment Statistics, DSD_MUNW@DF_MUNW",computed
1997.0,xsection_country_treated_share_oecd_no_cost,JPN_1997,99.98116689894158,percent_of_generated_MSW,"OECD Environment Statistics, DSD_MUNW@DF_MUNW",computed
1998.0,xsection_country_treated_share_oecd_no_cost,JPN_1998,100.04290644529428,percent_of_generated_MSW,"OECD Environment Statistics, DSD_MUNW@DF_MUNW",computed
1999.0,xsection_country_treated_share_oecd_no_cost,JPN_1999,100.17877427885064,percent_of_generated_MSW,"OECD Environment Statistics, DSD_MUNW@DF_MUNW",computed
2000.0,xsection_country_treated_share_oecd_no_cost,JPN_2000,100.04012182444878,percent_of_generated_MSW,"OECD Environment Statistics, DSD_MUNW@DF_MUNW",computed
2001.0,xsection_country_treated_share_oecd_no_cost,JPN_2001,100.21396828880232,percent_of_generated_MSW,"OECD Environment Statistics, DSD_MUNW@DF_MUNW",computed
2002.0,xsection_country_treated_share_oecd_no_cost,JPN_2002,100.09963283455414,percent_of_generated_MSW,"OECD Environment Statistics, DSD_MUNW@DF_MUNW",computed
2003.0,xsection_country_treated_share_oecd_no_cost,JPN_2003,100.1768900517772,percent_of_generated_MSW,"OECD Environment Statistics, DSD_MUNW@DF_MUNW",computed
2004.0,xsection_country_treated_share_oecd_no_cost,JPN_2004,100.10491606714628,percent_of_generated_MSW,"OECD Environment Statistics, DSD_MUNW@DF_MUNW",computed
2005.0,xsection_country_treated_share_oecd_no_cost,JPN_2005,100.05690440060698,percent_of_generated_MSW,"OECD Environment Statistics, DSD_MUNW@DF_MUNW",computed
2006.0,xsection_country_treated_share_oecd_no_cost,JPN_2006,100.0922651084115,percent_of_generated_MSW,"OECD Environment Statistics, DSD_MUNW@DF_MUNW",computed
2007.0,xsection_country_treated_share_oecd_no_cost,JPN_2007,99.91734886649874,percent_of_generated_MSW,"OECD Environment Statistics, DSD_MUNW@DF_MUNW",computed
2011.0,xsection_country_treated_share_oecd_no_cost,JPN_2011,99.08650671362535,percent_of_generated_MSW,"OECD Environment Statistics, DSD_MUNW@DF_MUNW",computed
2012.0,xsection_country_treated_share_oecd_no_cost,JPN_2012,99.58659415483928,percent_of_generated_MSW,"OECD Environment Statistics, DSD_MUNW@DF_MUNW",computed
2013.0,xsection_country_treated_share_oecd_no_cost,JPN_2013,99.48968222133084,percent_of_generated_MSW,"OECD Environment Statistics, DSD_MUNW@DF_MUNW",computed
2014.0,xsection_country_treated_share_oecd_no_cost,JPN_2014,98.55585892546878,percent_of_generated_MSW,"OECD Environment Statistics, DSD_MUNW@DF_MUNW",computed
2015.0,xsection_country_treated_share_oecd_no_cost,JPN_2015,98.63804824810714,percent_of_generated_MSW,"OECD Environment Statistics, DSD_MUNW@DF_MUNW",computed
2016.0,xsection_country_treated_share_oecd_no_cost,JPN_2016,99.30507296733845,percent_of_generated_MSW,"OECD Environment Statistics, DSD_MUNW@DF_MUNW",computed
2017.0,xsection_country_treated_share_oecd_no_cost,JPN_2017,99.944048118618,percent_of_generated_MSW,"OECD Environment Statistics, DSD_MUNW@DF_MUNW",computed
2018.0,xsection_country_treated_share_oecd_no_cost,JPN_2018,99.93914854775667,percent_of_generated_MSW,"OECD Environment Statistics, DSD_MUNW@DF_MUNW",computed
2019.0,xsection_country_treated_share_oecd_no_cost,JPN_2019,100.43522006692092,percent_of_generated_MSW,"OECD Environment Statistics, DSD_MUNW@DF_MUNW",computed
2020.0,xsection_country_treated_share_oecd_no_cost,JPN_2020,100.70316062300512,percent_of_generated_MSW,"OECD Environment Statistics, DSD_MUNW@DF_MUNW",computed
2021.0,xsection_country_treated_share_oecd_no_cost,JPN_2021,101.10126242277732,percent_of_generated_MSW,"OECD Environment Statistics, DSD_MUNW@DF_MUNW",computed
2023.0,xsection_country_treated_share_oecd_no_cost,JPN_2023,101.21106378611384,percent_of_generated_MSW,"OECD Environment Statistics, DSD_MUNW@DF_MUNW",computed
1985.0,xsection_country_treated_share_oecd_no_cost,KOR_1985,100.00004763249812,percent_of_generated_MSW,"OECD Environment Statistics, DSD_MUNW@DF_MUNW",computed
1987.0,xsection_country_treated_share_oecd_no_cost,KOR_1987,100.00008174509428,percent_of_generated_MSW,"OECD Environment Statistics, DSD_MUNW@DF_MUNW",computed
1988.0,xsection_country_treated_share_oecd_no_cost,KOR_1988,100.0000375835294,percent_of_generated_MSW,"OECD Environment Statistics, DSD_MUNW@DF_MUNW",computed
1989.0,xsection_country_treated_share_oecd_no_cost,KOR_1989,99.9998946544138,percent_of_generated_MSW,"OECD Environment Statistics, DSD_MUNW@DF_MUNW",computed
1990.0,xsection_country_treated_share_oecd_no_cost,KOR_1990,100.00013052231768,percent_of_generated_MSW,"OECD Environment Statistics, DSD_MUNW@DF_MUNW",computed
1991.0,xsection_country_treated_share_oecd_no_cost,KOR_1991,100.0006237043285,percent_of_generated_MSW,"OECD Environment Statistics, DSD_MUNW@DF_MUNW",computed
1992.0,xsection_country_treated_share_oecd_no_cost,KOR_1992,100.00014593214156,percent_of_generated_MSW,"OECD Environment Statistics, DSD_MUNW@DF_MUNW",computed
1993.0,xsection_country_treated_share_oecd_no_cost,KOR_1993,100.00004352917108,percent_of_generated_MSW,"OECD Environment Statistics, DSD_MUNW@DF_MUNW",computed
1994.0,xsection_country_treated_share_oecd_no_cost,KOR_1994,99.99990571863611,percent_of_generated_MSW,"OECD Environment Statistics, DSD_MUNW@DF_MUNW",computed
1995.0,xsection_country_treated_share_oecd_no_cost,KOR_1995,100.0,percent_of_generated_MSW,"OECD Environment Statistics, DSD_MUNW@DF_MUNW",computed
1996.0,xsection_country_treated_share_oecd_no_cost,KOR_1996,100.00016463073328,percent_of_generated_MSW,"OECD Environment Statistics, DSD_MUNW@DF_MUNW",computed
1997.0,xsection_country_treated_share_oecd_no_cost,KOR_1997,99.9999427973252,percent_of_generated_MSW,"OECD Environment Statistics, DSD_MUNW@DF_MUNW",computed
1998.0,xsection_country_treated_share_oecd_no_cost,KOR_1998,100.0012290447864,percent_of_generated_MSW,"OECD Environment Statistics, DSD_MUNW@DF_MUNW",computed
1999.0,xsection_country_treated_share_oecd_no_cost,KOR_1999,100.00012012661348,percent_of_generated_MSW,"OECD Environment Statistics, DSD_MUNW@DF_MUNW",computed
2000.0,xsection_country_treated_share_oecd_no_cost,KOR_2000,100.00058997398214,percent_of_generated_MSW,"OECD Environment Statistics, DSD_MUNW@DF_MUNW",computed
2001.0,xsection_country_treated_share_oecd_no_cost,KOR_2001,100.00022596189152,percent_of_generated_MSW,"OECD Environment Statistics, DSD_MUNW@DF_MUNW",computed
2002.0,xsection_country_treated_share_oecd_no_cost,KOR_2002,99.99890195561704,percent_of_generated_MSW,"OECD Environment Statistics, DSD_MUNW@DF_MUNW",computed
2003.0,xsection_country_treated_share_oecd_no_cost,KOR_2003,99.9985960289218,percent_of_generated_MSW,"OECD Environment Statistics, DSD_MUNW@DF_MUNW",computed
2004.0,xsection_country_treated_share_oecd_no_cost,KOR_2004,100.0054788516327,percent_of_generated_MSW,"OECD Environment Statistics, DSD_MUNW@DF_MUNW",computed
2005.0,xsection_country_treated_share_oecd_no_cost,KOR_2005,100.00566091140674,percent_of_generated_MSW,"OECD Environment Statistics, DSD_MUNW@DF_MUNW",computed
2008.0,xsection_country_treated_share_oecd_no_cost,KOR_2008,100.0,percent_of_generated_MSW,"OECD Environment Statistics, DSD_MUNW@DF_MUNW",computed
2009.0,xsection_country_treated_share_oecd_no_cost,KOR_2009,100.0,percent_of_generated_MSW,"OECD Environment Statistics, DSD_MUNW@DF_MUNW",computed
2010.0,xsection_country_treated_share_oecd_no_cost,KOR_2010,100.0,percent_of_generated_MSW,"OECD Environment Statistics, DSD_MUNW@DF_MUNW",computed
2011.0,xsection_country_treated_share_oecd_no_cost,KOR_2011,100.0,percent_of_generated_MSW,"OECD Environment Statistics, DSD_MUNW@DF_MUNW",computed
2012.0,xsection_country_treated_share_oecd_no_cost,KOR_2012,100.0,percent_of_generated_MSW,"OECD Environment Statistics, DSD_MUNW@DF_MUNW",computed
2013.0,xsection_country_treated_share_oecd_no_cost,KOR_2013,100.0,percent_of_generated_MSW,"OECD Environment Statistics, DSD_MUNW@DF_MUNW",computed
2014.0,xsection_country_treated_share_oecd_no_cost,KOR_2014,100.0,percent_of_generated_MSW,"OECD Environment Statistics, DSD_MUNW@DF_MUNW",computed
2015.0,xsection_country_treated_share_oecd_no_cost,KOR_2015,100.0,percent_of_generated_MSW,"OECD Environment Statistics, DSD_MUNW@DF_MUNW",computed
2016.0,xsection_country_treated_share_oecd_no_cost,KOR_2016,100.0,percent_of_generated_MSW,"OECD Environment Statistics, DSD_MUNW@DF_MUNW",computed
2017.0,xsection_country_treated_share_oecd_no_cost,KOR_2017,100.0,percent_of_generated_MSW,"OECD Environment Statistics, DSD_MUNW@DF_MUNW",computed
2018.0,xsection_country_treated_share_oecd_no_cost,KOR_2018,100.0000024446386,percent_of_generated_MSW,"OECD Environment Statistics, DSD_MUNW@DF_MUNW",computed
2019.0,xsection_country_treated_share_oecd_no_cost,KOR_2019,100.0,percent_of_generated_MSW,"OECD Environment Statistics, DSD_MUNW@DF_MUNW",computed
2020.0,xsection_country_treated_share_oecd_no_cost,KOR_2020,100.00009048716426,percent_of_generated_MSW,"OECD Environment Statistics, DSD_MUNW@DF_MUNW",computed
2021.0,xsection_country_treated_share_oecd_no_cost,KOR_2021,99.99559374311522,percent_of_generated_MSW,"OECD Environment Statistics, DSD_MUNW@DF_MUNW",computed
2022.0,xsection_country_treated_share_oecd_no_cost,KOR_2022,100.0,percent_of_generated_MSW,"OECD Environment Statistics, DSD_MUNW@DF_MUNW",computed
2023.0,xsection_country_treated_share_oecd_no_cost,KOR_2023,100.00446109921484,percent_of_generated_MSW,"OECD Environment Statistics, DSD_MUNW@DF_MUNW",computed
1995.0,xsection_country_treated_share_oecd_no_cost,LTU_1995,100.0,percent_of_generated_MSW,"OECD Environment Statistics, DSD_MUNW@DF_MUNW",computed
1996.0,xsection_country_treated_share_oecd_no_cost,LTU_1996,100.0,percent_of_generated_MSW,"OECD Environment Statistics, DSD_MUNW@DF_MUNW",computed
1997.0,xsection_country_treated_share_oecd_no_cost,LTU_1997,100.0,percent_of_generated_MSW,"OECD Environment Statistics, DSD_MUNW@DF_MUNW",computed
1998.0,xsection_country_treated_share_oecd_no_cost,LTU_1998,100.0,percent_of_generated_MSW,"OECD Environment Statistics, DSD_MUNW@DF_MUNW",computed
1999.0,xsection_country_treated_share_oecd_no_cost,LTU_1999,100.0,percent_of_generated_MSW,"OECD Environment Statistics, DSD_MUNW@DF_MUNW",computed
2000.0,xsection_country_treated_share_oecd_no_cost,LTU_2000,94.76377829330993,percent_of_generated_MSW,"OECD Environment Statistics, DSD_MUNW@DF_MUNW",computed
2001.0,xsection_country_treated_share_oecd_no_cost,LTU_2001,89.03041607978987,percent_of_generated_MSW,"OECD Environment Statistics, DSD_MUNW@DF_MUNW",computed
2002.0,xsection_country_treated_share_oecd_no_cost,LTU_2002,80.21145437603039,percent_of_generated_MSW,"OECD Environment Statistics, DSD_MUNW@DF_MUNW",computed
2003.0,xsection_country_treated_share_oecd_no_cost,LTU_2003,85.54545386069704,percent_of_generated_MSW,"OECD Environment Statistics, DSD_MUNW@DF_MUNW",computed
2004.0,xsection_country_treated_share_oecd_no_cost,LTU_2004,93.36571120210772,percent_of_generated_MSW,"OECD Environment Statistics, DSD_MUNW@DF_MUNW",computed
2005.0,xsection_country_treated_share_oecd_no_cost,LTU_2005,93.07502893496044,percent_of_generated_MSW,"OECD Environment Statistics, DSD_MUNW@DF_MUNW",computed
2006.0,xsection_country_treated_share_oecd_no_cost,LTU_2006,93.35983465588512,percent_of_generated_MSW,"OECD Environment Statistics, DSD_MUNW@DF_MUNW",computed
2007.0,xsection_country_treated_share_oecd_no_cost,LTU_2007,99.50207223646396,percent_of_generated_MSW,"OECD Environment Statistics, DSD_MUNW@DF_MUNW",computed
2008.0,xsection_country_treated_share_oecd_no_cost,LTU_2008,98.87142251895573,percent_of_generated_MSW,"OECD Environment Statistics, DSD_MUNW@DF_MUNW",computed
2009.0,xsection_country_treated_share_oecd_no_cost,LTU_2009,99.17546639237514,percent_of_generated_MSW,"OECD Environment Statistics, DSD_MUNW@DF_MUNW",computed
2010.0,xsection_country_treated_share_oecd_no_cost,LTU_2010,91.2886589707972,percent_of_generated_MSW,"OECD Environment Statistics, DSD_MUNW@DF_MUNW",computed
2011.0,xsection_country_treated_share_oecd_no_cost,LTU_2011,97.70249686398662,percent_of_generated_MSW,"OECD Environment Statistics, DSD_MUNW@DF_MUNW",computed
2012.0,xsection_country_treated_share_oecd_no_cost,LTU_2012,96.45606543573706,percent_of_generated_MSW,"OECD Environment Statistics, DSD_MUNW@DF_MUNW",computed
2013.0,xsection_country_treated_share_oecd_no_cost,LTU_2013,97.41181985078708,percent_of_generated_MSW,"OECD Environment Statistics, DSD_MUNW@DF_MUNW",computed
2014.0,xsection_country_treated_share_oecd_no_cost,LTU_2014,98.19255340505178,percent_of_generated_MSW,"OECD Environment Statistics, DSD_MUNW@DF_MUNW",computed
2015.0,xsection_country_treated_share_oecd_no_cost,LTU_2015,98.6571517802335,percent_of_generated_MSW,"OECD Environment Statistics, DSD_MUNW@DF_MUNW",computed
2016.0,xsection_country_treated_share_oecd_no_cost,LTU_2016,95.20250994252636,percent_of_generated_MSW,"OECD Environment Statistics, DSD_MUNW@DF_MUNW",computed
2017.0,xsection_country_treated_share_oecd_no_cost,LTU_2017,99.13668326552316,percent_of_generated_MSW,"OECD Environment Statistics, DSD_MUNW@DF_MUNW",computed
2018.0,xsection_country_treated_share_oecd_no_cost,LTU_2018,89.73590081902424,percent_of_generated_MSW,"OECD Environment Statistics, DSD_MUNW@DF_MUNW",computed
2019.0,xsection_country_treated_share_oecd_no_cost,LTU_2019,87.90193652233434,percent_of_generated_MSW,"OECD Environment Statistics, DSD_MUNW@DF_MUNW",computed
2020.0,xsection_country_treated_share_oecd_no_cost,LTU_2020,88.58984834219417,percent_of_generated_MSW,"OECD Environment Statistics, DSD_MUNW@DF_MUNW",computed
2021.0,xsection_country_treated_share_oecd_no_cost,LTU_2021,95.72307058624972,percent_of_generated_MSW,"OECD Environment Statistics, DSD_MUNW@DF_MUNW",computed
2022.0,xsection_country_treated_share_oecd_no_cost,LTU_2022,100.16894829119244,percent_of_generated_MSW,"OECD Environment Statistics, DSD_MUNW@DF_MUNW",computed
2023.0,xsection_country_treated_share_oecd_no_cost,LTU_2023,98.2187658497867,percent_of_generated_MSW,"OECD Environment Statistics, DSD_MUNW@DF_MUNW",computed
2024.0,xsection_country_treated_share_oecd_no_cost,LTU_2024,98.10053720740646,percent_of_generated_MSW,"OECD Environment Statistics, DSD_MUNW@DF_MUNW",computed
1995.0,xsection_country_treated_share_oecd_no_cost,LUX_1995,100.0,percent_of_generated_MSW,"OECD Environment Statistics, DSD_MUNW@DF_MUNW",computed
1996.0,xsection_country_treated_share_oecd_no_cost,LUX_1996,100.0,percent_of_generated_MSW,"OECD Environment Statistics, DSD_MUNW@DF_MUNW",computed
1997.0,xsection_country_treated_share_oecd_no_cost,LUX_1997,100.0,percent_of_generated_MSW,"OECD Environment Statistics, DSD_MUNW@DF_MUNW",computed
1998.0,xsection_country_treated_share_oecd_no_cost,LUX_1998,100.0,percent_of_generated_MSW,"OECD Environment Statistics, DSD_MUNW@DF_MUNW",computed
1999.0,xsection_country_treated_share_oecd_no_cost,LUX_1999,100.0,percent_of_generated_MSW,"OECD Environment Statistics, DSD_MUNW@DF_MUNW",computed
2000.0,xsection_country_treated_share_oecd_no_cost,LUX_2000,100.0,percent_of_generated_MSW,"OECD Environment Statistics, DSD_MUNW@DF_MUNW",computed
2001.0,xsection_country_treated_share_oecd_no_cost,LUX_2001,100.0,percent_of_generated_MSW,"OECD Environment Statistics, DSD_MUNW@DF_MUNW",computed
2002.0,xsection_country_treated_share_oecd_no_cost,LUX_2002,100.0,percent_of_generated_MSW,"OECD Environment Statistics, DSD_MUNW@DF_MUNW",computed
2003.0,xsection_country_treated_share_oecd_no_cost,LUX_2003,100.0,percent_of_generated_MSW,"OECD Environment Statistics, DSD_MUNW@DF_MUNW",computed
2004.0,xsection_country_treated_share_oecd_no_cost,LUX_2004,100.0,percent_of_generated_MSW,"OECD Environment Statistics, DSD_MUNW@DF_MUNW",computed
2005.0,xsection_country_treated_share_oecd_no_cost,LUX_2005,100.0,percent_of_generated_MSW,"OECD Environment Statistics, DSD_MUNW@DF_MUNW",computed
2006.0,xsection_country_treated_share_oecd_no_cost,LUX_2006,100.0,percent_of_generated_MSW,"OECD Environment Statistics, DSD_MUNW@DF_MUNW",computed
2007.0,xsection_country_treated_share_oecd_no_cost,LUX_2007,100.0,percent_of_generated_MSW,"OECD Environment Statistics, DSD_MUNW@DF_MUNW",computed
2008.0,xsection_country_treated_share_oecd_no_cost,LUX_2008,99.9970647802988,percent_of_generated_MSW,"OECD Environment Statistics, DSD_MUNW@DF_MUNW",computed
2009.0,xsection_country_treated_share_oecd_no_cost,LUX_2009,100.0,percent_of_generated_MSW,"OECD Environment Statistics, DSD_MUNW@DF_MUNW",computed
2010.0,xsection_country_treated_share_oecd_no_cost,LUX_2010,100.0,percent_of_generated_MSW,"OECD Environment Statistics, DSD_MUNW@DF_MUNW",computed
2011.0,xsection_country_treated_share_oecd_no_cost,LUX_2011,100.0,percent_of_generated_MSW,"OECD Environment Statistics, DSD_MUNW@DF_MUNW",computed
2012.0,xsection_country_treated_share_oecd_no_cost,LUX_2012,100.0,percent_of_generated_MSW,"OECD Environment Statistics, DSD_MUNW@DF_MUNW",computed
2013.0,xsection_country_treated_share_oecd_no_cost,LUX_2013,100.0,percent_of_generated_MSW,"OECD Environment Statistics, DSD_MUNW@DF_MUNW",computed
2014.0,xsection_country_treated_share_oecd_no_cost,LUX_2014,100.0,percent_of_generated_MSW,"OECD Environment Statistics, DSD_MUNW@DF_MUNW",computed
2015.0,xsection_country_treated_share_oecd_no_cost,LUX_2015,100.0,percent_of_generated_MSW,"OECD Environment Statistics, DSD_MUNW@DF_MUNW",computed
2016.0,xsection_country_treated_share_oecd_no_cost,LUX_2016,99.9999958362408,percent_of_generated_MSW,"OECD Environment Statistics, DSD_MUNW@DF_MUNW",computed
2017.0,xsection_country_treated_share_oecd_no_cost,LUX_2017,100.0000037177235,percent_of_generated_MSW,"OECD Environment Statistics, DSD_MUNW@DF_MUNW",computed
2018.0,xsection_country_treated_share_oecd_no_cost,LUX_2018,100.00000232023724,percent_of_generated_MSW,"OECD Environment Statistics, DSD_MUNW@DF_MUNW",computed
2019.0,xsection_country_treated_share_oecd_no_cost,LUX_2019,100.0000072426518,percent_of_generated_MSW,"OECD Environment Statistics, DSD_MUNW@DF_MUNW",computed
2020.0,xsection_country_treated_share_oecd_no_cost,LUX_2020,100.200902356182,percent_of_generated_MSW,"OECD Environment Statistics, DSD_MUNW@DF_MUNW",computed
2021.0,xsection_country_treated_share_oecd_no_cost,LUX_2021,99.99999773437376,percent_of_generated_MSW,"OECD Environment Statistics, DSD_MUNW@DF_MUNW",computed
2022.0,xsection_country_treated_share_oecd_no_cost,LUX_2022,100.00000318682416,percent_of_generated_MSW,"OECD Environment Statistics, DSD_MUNW@DF_MUNW",computed
2023.0,xsection_country_treated_share_oecd_no_cost,LUX_2023,99.99999052958316,percent_of_generated_MSW,"OECD Environment Statistics, DSD_MUNW@DF_MUNW",computed
2024.0,xsection_country_treated_share_oecd_no_cost,LUX_2024,96.8526561272349,percent_of_generated_MSW,"OECD Environment Statistics, DSD_MUNW@DF_MUNW",computed
1995.0,xsection_country_treated_share_oecd_no_cost,LVA_1995,69.52663622526636,percent_of_generated_MSW,"OECD Environment Statistics, DSD_MUNW@DF_MUNW",computed
1996.0,xsection_country_treated_share_oecd_no_cost,LVA_1996,73.22461538461539,percent_of_generated_MSW,"OECD Environment Statistics, DSD_MUNW@DF_MUNW",computed
1997.0,xsection_country_treated_share_oecd_no_cost,LVA_1997,81.51797646073838,percent_of_generated_MSW,"OECD Environment Statistics, DSD_MUNW@DF_MUNW",computed
1998.0,xsection_country_treated_share_oecd_no_cost,LVA_1998,89.83226756838194,percent_of_generated_MSW,"OECD Environment Statistics, DSD_MUNW@DF_MUNW",computed
1999.0,xsection_country_treated_share_oecd_no_cost,LVA_1999,92.47455636743216,percent_of_generated_MSW,"OECD Environment Statistics, DSD_MUNW@DF_MUNW",computed
2000.0,xsection_country_treated_share_oecd_no_cost,LVA_2000,93.0404984423676,percent_of_generated_MSW,"OECD Environment Statistics, DSD_MUNW@DF_MUNW",computed
2001.0,xsection_country_treated_share_oecd_no_cost,LVA_2001,89.76157082748948,percent_of_generated_MSW,"OECD Environment Statistics, DSD_MUNW@DF_MUNW",computed
2002.0,xsection_country_treated_share_oecd_no_cost,LVA_2002,84.90163934426229,percent_of_generated_MSW,"OECD Environment Statistics, DSD_MUNW@DF_MUNW",computed
2003.0,xsection_country_treated_share_oecd_no_cost,LVA_2003,87.16402877697841,percent_of_generated_MSW,"OECD Environment Statistics, DSD_MUNW@DF_MUNW",computed
2004.0,xsection_country_treated_share_oecd_no_cost,LVA_2004,89.82481468114051,percent_of_generated_MSW,"OECD Environment Statistics, DSD_MUNW@DF_MUNW",computed
2005.0,xsection_country_treated_share_oecd_no_cost,LVA_2005,83.17877094972067,percent_of_generated_MSW,"OECD Environment Statistics, DSD_MUNW@DF_MUNW",computed
2006.0,xsection_country_treated_share_oecd_no_cost,LVA_2006,93.27236842105263,percent_of_generated_MSW,"OECD Environment Statistics, DSD_MUNW@DF_MUNW",computed
2007.0,xsection_country_treated_share_oecd_no_cost,LVA_2007,90.94805556846164,percent_of_generated_MSW,"OECD Environment Statistics, DSD_MUNW@DF_MUNW",computed
2008.0,xsection_country_treated_share_oecd_no_cost,LVA_2008,100.57319927651878,percent_of_generated_MSW,"OECD Environment Statistics, DSD_MUNW@DF_MUNW",computed
2009.0,xsection_country_treated_share_oecd_no_cost,LVA_2009,100.0,percent_of_generated_MSW,"OECD Environment Statistics, DSD_MUNW@DF_MUNW",computed
2010.0,xsection_country_treated_share_oecd_no_cost,LVA_2010,99.9941188578822,percent_of_generated_MSW,"OECD Environment Statistics, DSD_MUNW@DF_MUNW",computed
2011.0,xsection_country_treated_share_oecd_no_cost,LVA_2011,83.4272313499112,percent_of_generated_MSW,"OECD Environment Statistics, DSD_MUNW@DF_MUNW",computed
2012.0,xsection_country_treated_share_oecd_no_cost,LVA_2012,93.54148038661096,percent_of_generated_MSW,"OECD Environment Statistics, DSD_MUNW@DF_MUNW",computed
2013.0,xsection_country_treated_share_oecd_no_cost,LVA_2013,101.57840909090908,percent_of_generated_MSW,"OECD Environment Statistics, DSD_MUNW@DF_MUNW",computed
2014.0,xsection_country_treated_share_oecd_no_cost,LVA_2014,99.41955922865014,percent_of_generated_MSW,"OECD Environment Statistics, DSD_MUNW@DF_MUNW",computed
2015.0,xsection_country_treated_share_oecd_no_cost,LVA_2015,92.52012064240704,percent_of_generated_MSW,"OECD Environment Statistics, DSD_MUNW@DF_MUNW",computed
2016.0,xsection_country_treated_share_oecd_no_cost,LVA_2016,91.82178091973188,percent_of_generated_MSW,"OECD Environment Statistics, DSD_MUNW@DF_MUNW",computed
2017.0,xsection_country_treated_share_oecd_no_cost,LVA_2017,92.39601747460182,percent_of_generated_MSW,"OECD Environment Statistics, DSD_MUNW@DF_MUNW",computed
2018.0,xsection_country_treated_share_oecd_no_cost,LVA_2018,86.20690533631225,percent_of_generated_MSW,"OECD Environment Statistics, DSD_MUNW@DF_MUNW",computed
2019.0,xsection_country_treated_share_oecd_no_cost,LVA_2019,101.61182656622398,percent_of_generated_MSW,"OECD Environment Statistics, DSD_MUNW@DF_MUNW",computed
2020.0,xsection_country_treated_share_oecd_no_cost,LVA_2020,95.08615935794754,percent_of_generated_MSW,"OECD Environment Statistics, DSD_MUNW@DF_MUNW",computed
2021.0,xsection_country_treated_share_oecd_no_cost,LVA_2021,99.90405908303951,percent_of_generated_MSW,"OECD Environment Statistics, DSD_MUNW@DF_MUNW",computed
2022.0,xsection_country_treated_share_oecd_no_cost,LVA_2022,97.32197353868465,percent_of_generated_MSW,"OECD Environment Statistics, DSD_MUNW@DF_MUNW",computed
2023.0,xsection_country_treated_share_oecd_no_cost,LVA_2023,88.09312565919709,percent_of_generated_MSW,"OECD Environment Statistics, DSD_MUNW@DF_MUNW",computed
2024.0,xsection_country_treated_share_oecd_no_cost,LVA_2024,87.5258704403711,percent_of_generated_MSW,"OECD Environment Statistics, DSD_MUNW@DF_MUNW",computed
2020.0,xsection_country_treated_share_oecd_no_cost,MDA_2020,98.62405045148344,percent_of_generated_MSW,"OECD Environment Statistics, DSD_MUNW@DF_MUNW",computed
2021.0,xsection_country_treated_share_oecd_no_cost,MDA_2021,97.39786625032528,percent_of_generated_MSW,"OECD Environment Statistics, DSD_MUNW@DF_MUNW",computed
1995.0,xsection_country_treated_share_oecd_no_cost,MEX_1995,100.00009832970606,percent_of_generated_MSW,"OECD Environment Statistics, DSD_MUNW@DF_MUNW",computed
1996.0,xsection_country_treated_share_oecd_no_cost,MEX_1996,100.00012515879524,percent_of_generated_MSW,"OECD Environment Statistics, DSD_MUNW@DF_MUNW",computed
1997.0,xsection_country_treated_share_oecd_no_cost,MEX_1997,99.99996583812738,percent_of_generated_MSW,"OECD Environment Statistics, DSD_MUNW@DF_MUNW",computed
1998.0,xsection_country_treated_share_oecd_no_cost,MEX_1998,100.00016366344248,percent_of_generated_MSW,"OECD Environment Statistics, DSD_MUNW@DF_MUNW",computed
1999.0,xsection_country_treated_share_oecd_no_cost,MEX_1999,99.99996769191006,percent_of_generated_MSW,"OECD Environment Statistics, DSD_MUNW@DF_MUNW",computed
2000.0,xsection_country_treated_share_oecd_no_cost,MEX_2000,100.00016269156932,percent_of_generated_MSW,"OECD Environment Statistics, DSD_MUNW@DF_MUNW",computed
2001.0,xsection_country_treated_share_oecd_no_cost,MEX_2001,99.99996824247503,percent_of_generated_MSW,"OECD Environment Statistics, DSD_MUNW@DF_MUNW",computed
2002.0,xsection_country_treated_share_oecd_no_cost,MEX_2002,100.0000310813835,percent_of_generated_MSW,"OECD Environment Statistics, DSD_MUNW@DF_MUNW",computed
2003.0,xsection_country_treated_share_oecd_no_cost,MEX_2003,99.99969619360976,percent_of_generated_MSW,"OECD Environment Statistics, DSD_MUNW@DF_MUNW",computed
2004.0,xsection_country_treated_share_oecd_no_cost,MEX_2004,99.9952028667206,percent_of_generated_MSW,"OECD Environment Statistics, DSD_MUNW@DF_MUNW",computed
2005.0,xsection_country_treated_share_oecd_no_cost,MEX_2005,100.00028244677996,percent_of_generated_MSW,"OECD Environment Statistics, DSD_MUNW@DF_MUNW",computed
2006.0,xsection_country_treated_share_oecd_no_cost,MEX_2006,99.99991697799916,percent_of_generated_MSW,"OECD Environment Statistics, DSD_MUNW@DF_MUNW",computed
2007.0,xsection_country_treated_share_oecd_no_cost,MEX_2007,100.0,percent_of_generated_MSW,"OECD Environment Statistics, DSD_MUNW@DF_MUNW",computed
2008.0,xsection_country_treated_share_oecd_no_cost,MEX_2008,100.0,percent_of_generated_MSW,"OECD Environment Statistics, DSD_MUNW@DF_MUNW",computed
2009.0,xsection_country_treated_share_oecd_no_cost,MEX_2009,100.0,percent_of_generated_MSW,"OECD Environment Statistics, DSD_MUNW@DF_MUNW",computed
2010.0,xsection_country_treated_share_oecd_no_cost,MEX_2010,100.00007489000532,percent_of_generated_MSW,"OECD Environment Statistics, DSD_MUNW@DF_MUNW",computed
2011.0,xsection_country_treated_share_oecd_no_cost,MEX_2011,99.99995129375952,percent_of_generated_MSW,"OECD Environment Statistics, DSD_MUNW@DF_MUNW",computed
2012.0,xsection_country_treated_share_oecd_no_cost,MEX_2012,100.00057003402392,percent_of_generated_MSW,"OECD Environment Statistics, DSD_MUNW@DF_MUNW",computed
2008.0,xsection_country_treated_share_oecd_no_cost,MKD_2008,74.36974789915966,percent_of_generated_MSW,"OECD Environment Statistics, DSD_MUNW@DF_MUNW",computed
2011.0,xsection_country_treated_share_oecd_no_cost,MKD_2011,100.0,percent_of_generated_MSW,"OECD Environment Statistics, DSD_MUNW@DF_MUNW",computed
2022.0,xsection_country_treated_share_oecd_no_cost,MKD_2022,70.68878789749459,percent_of_generated_MSW,"OECD Environment Statistics, DSD_MUNW@DF_MUNW",computed
2023.0,xsection_country_treated_share_oecd_no_cost,MKD_2023,70.78259039751754,percent_of_generated_MSW,"OECD Environment Statistics, DSD_MUNW@DF_MUNW",computed
1995.0,xsection_country_treated_share_oecd_no_cost,MLT_1995,100.0,percent_of_generated_MSW,"OECD Environment Statistics, DSD_MUNW@DF_MUNW",computed
1996.0,xsection_country_treated_share_oecd_no_cost,MLT_1996,99.99360818152763,percent_of_generated_MSW,"OECD Environment Statistics, DSD_MUNW@DF_MUNW",computed
1997.0,xsection_country_treated_share_oecd_no_cost,MLT_1997,99.99400263883892,percent_of_generated_MSW,"OECD Environment Statistics, DSD_MUNW@DF_MUNW",computed
1998.0,xsection_country_treated_share_oecd_no_cost,MLT_1998,99.9943509207999,percent_of_generated_MSW,"OECD Environment Statistics, DSD_MUNW@DF_MUNW",computed
1999.0,xsection_country_treated_share_oecd_no_cost,MLT_1999,99.99446198150302,percent_of_generated_MSW,"OECD Environment Statistics, DSD_MUNW@DF_MUNW",computed
2000.0,xsection_country_treated_share_oecd_no_cost,MLT_2000,99.995194848878,percent_of_generated_MSW,"OECD Environment Statistics, DSD_MUNW@DF_MUNW",computed
2001.0,xsection_country_treated_share_oecd_no_cost,MLT_2001,100.0,percent_of_generated_MSW,"OECD Environment Statistics, DSD_MUNW@DF_MUNW",computed
2002.0,xsection_country_treated_share_oecd_no_cost,MLT_2002,99.9953310299748,percent_of_generated_MSW,"OECD Environment Statistics, DSD_MUNW@DF_MUNW",computed
2003.0,xsection_country_treated_share_oecd_no_cost,MLT_2003,99.9913416165202,percent_of_generated_MSW,"OECD Environment Statistics, DSD_MUNW@DF_MUNW",computed
2004.0,xsection_country_treated_share_oecd_no_cost,MLT_2004,100.0,percent_of_generated_MSW,"OECD Environment Statistics, DSD_MUNW@DF_MUNW",computed
2005.0,xsection_country_treated_share_oecd_no_cost,MLT_2005,100.0,percent_of_generated_MSW,"OECD Environment Statistics, DSD_MUNW@DF_MUNW",computed
2006.0,xsection_country_treated_share_oecd_no_cost,MLT_2006,100.0,percent_of_generated_MSW,"OECD Environment Statistics, DSD_MUNW@DF_MUNW",computed
2007.0,xsection_country_treated_share_oecd_no_cost,MLT_2007,100.0,percent_of_generated_MSW,"OECD Environment Statistics, DSD_MUNW@DF_MUNW",computed
2008.0,xsection_country_treated_share_oecd_no_cost,MLT_2008,100.0,percent_of_generated_MSW,"OECD Environment Statistics, DSD_MUNW@DF_MUNW",computed
2009.0,xsection_country_treated_share_oecd_no_cost,MLT_2009,99.99450902775082,percent_of_generated_MSW,"OECD Environment Statistics, DSD_MUNW@DF_MUNW",computed
2010.0,xsection_country_treated_share_oecd_no_cost,MLT_2010,96.21534029032787,percent_of_generated_MSW,"OECD Environment Statistics, DSD_MUNW@DF_MUNW",computed
2011.0,xsection_country_treated_share_oecd_no_cost,MLT_2011,98.74551335364804,percent_of_generated_MSW,"OECD Environment Statistics, DSD_MUNW@DF_MUNW",computed
2012.0,xsection_country_treated_share_oecd_no_cost,MLT_2012,97.24347007426938,percent_of_generated_MSW,"OECD Environment Statistics, DSD_MUNW@DF_MUNW",computed
2013.0,xsection_country_treated_share_oecd_no_cost,MLT_2013,94.76061423798392,percent_of_generated_MSW,"OECD Environment Statistics, DSD_MUNW@DF_MUNW",computed
2014.0,xsection_country_treated_share_oecd_no_cost,MLT_2014,92.36897596337606,percent_of_generated_MSW,"OECD Environment Statistics, DSD_MUNW@DF_MUNW",computed
2016.0,xsection_country_treated_share_oecd_no_cost,MLT_2016,88.7248141610894,percent_of_generated_MSW,"OECD Environment Statistics, DSD_MUNW@DF_MUNW",computed
2017.0,xsection_country_treated_share_oecd_no_cost,MLT_2017,91.07155177977276,percent_of_generated_MSW,"OECD Environment Statistics, DSD_MUNW@DF_MUNW",computed
2018.0,xsection_country_treated_share_oecd_no_cost,MLT_2018,93.97681370364596,percent_of_generated_MSW,"OECD Environment Statistics, DSD_MUNW@DF_MUNW",computed
2019.0,xsection_country_treated_share_oecd_no_cost,MLT_2019,100.36300269538508,percent_of_generated_MSW,"OECD Environment Statistics, DSD_MUNW@DF_MUNW",computed
2020.0,xsection_country_treated_share_oecd_no_cost,MLT_2020,93.5501103897739,percent_of_generated_MSW,"OECD Environment Statistics, DSD_MUNW@DF_MUNW",computed
2021.0,xsection_country_treated_share_oecd_no_cost,MLT_2021,102.50565906151236,percent_of_generated_MSW,"OECD Environment Statistics, DSD_MUNW@DF_MUNW",computed
2022.0,xsection_country_treated_share_oecd_no_cost,MLT_2022,96.75114785030269,percent_of_generated_MSW,"OECD Environment Statistics, DSD_MUNW@DF_MUNW",computed
2023.0,xsection_country_treated_share_oecd_no_cost,MLT_2023,93.37411258893992,percent_of_generated_MSW,"OECD Environment Statistics, DSD_MUNW@DF_MUNW",computed
2024.0,xsection_country_treated_share_oecd_no_cost,MLT_2024,90.75222758468284,percent_of_generated_MSW,"OECD Environment Statistics, DSD_MUNW@DF_MUNW",computed
2011.0,xsection_country_treated_share_oecd_no_cost,MNE_2011,83.55979345363451,percent_of_generated_MSW,"OECD Environment Statistics, DSD_MUNW@DF_MUNW",computed
2012.0,xsection_country_treated_share_oecd_no_cost,MNE_2012,90.93875322548146,percent_of_generated_MSW,"OECD Environment Statistics, DSD_MUNW@DF_MUNW",computed
2013.0,xsection_country_treated_share_oecd_no_cost,MNE_2013,95.7815680720579,percent_of_generated_MSW,"OECD Environment Statistics, DSD_MUNW@DF_MUNW",computed
2014.0,xsection_country_treated_share_oecd_no_cost,MNE_2014,100.2332222591351,percent_of_generated_MSW,"OECD Environment Statistics, DSD_MUNW@DF_MUNW",computed
2015.0,xsection_country_treated_share_oecd_no_cost,MNE_2015,100.87298743143464,percent_of_generated_MSW,"OECD Environment Statistics, DSD_MUNW@DF_MUNW",computed
2016.0,xsection_country_treated_share_oecd_no_cost,MNE_2016,101.96280553643602,percent_of_generated_MSW,"OECD Environment Statistics, DSD_MUNW@DF_MUNW",computed
2017.0,xsection_country_treated_share_oecd_no_cost,MNE_2017,96.33001338477284,percent_of_generated_MSW,"OECD Environment Statistics, DSD_MUNW@DF_MUNW",computed
2018.0,xsection_country_treated_share_oecd_no_cost,MNE_2018,92.78096954091605,percent_of_generated_MSW,"OECD Environment Statistics, DSD_MUNW@DF_MUNW",computed
2019.0,xsection_country_treated_share_oecd_no_cost,MNE_2019,94.92834493631644,percent_of_generated_MSW,"OECD Environment Statistics, DSD_MUNW@DF_MUNW",computed
2020.0,xsection_country_treated_share_oecd_no_cost,MNE_2020,94.04470279789729,percent_of_generated_MSW,"OECD Environment Statistics, DSD_MUNW@DF_MUNW",computed
2021.0,xsection_country_treated_share_oecd_no_cost,MNE_2021,97.70749003734036,percent_of_generated_MSW,"OECD Environment Statistics, DSD_MUNW@DF_MUNW",computed
2022.0,xsection_country_treated_share_oecd_no_cost,MNE_2022,98.50796425099118,percent_of_generated_MSW,"OECD Environment Statistics, DSD_MUNW@DF_MUNW",computed
2023.0,xsection_country_treated_share_oecd_no_cost,MNE_2023,97.67011744335078,percent_of_generated_MSW,"OECD Environment Statistics, DSD_MUNW@DF_MUNW",computed
2024.0,xsection_country_treated_share_oecd_no_cost,MNE_2024,98.55544893762853,percent_of_generated_MSW,"OECD Environment Statistics, DSD_MUNW@DF_MUNW",computed
1985.0,xsection_country_treated_share_oecd_no_cost,NLD_1985,93.27852300591374,percent_of_generated_MSW,"OECD Environment Statistics, DSD_MUNW@DF_MUNW",computed
1991.0,xsection_country_treated_share_oecd_no_cost,NLD_1991,95.89022757697455,percent_of_generated_MSW,"OECD Environment Statistics, DSD_MUNW@DF_MUNW",computed
1993.0,xsection_country_treated_share_oecd_no_cost,NLD_1993,95.32052047272292,percent_of_generated_MSW,"OECD Environment Statistics, DSD_MUNW@DF_MUNW",computed
1994.0,xsection_country_treated_share_oecd_no_cost,NLD_1994,95.8004940595224,percent_of_generated_MSW,"OECD Environment Statistics, DSD_MUNW@DF_MUNW",computed
1995.0,xsection_country_treated_share_oecd_no_cost,NLD_1995,94.39846467554275,percent_of_generated_MSW,"OECD Environment Statistics, DSD_MUNW@DF_MUNW",computed
1996.0,xsection_country_treated_share_oecd_no_cost,NLD_1996,93.2399299474606,percent_of_generated_MSW,"OECD Environment Statistics, DSD_MUNW@DF_MUNW",computed
1997.0,xsection_country_treated_share_oecd_no_cost,NLD_1997,93.5232584019586,percent_of_generated_MSW,"OECD Environment Statistics, DSD_MUNW@DF_MUNW",computed
1998.0,xsection_country_treated_share_oecd_no_cost,NLD_1998,87.36354614621237,percent_of_generated_MSW,"OECD Environment Statistics, DSD_MUNW@DF_MUNW",computed
1999.0,xsection_country_treated_share_oecd_no_cost,NLD_1999,85.24714828897338,percent_of_generated_MSW,"OECD Environment Statistics, DSD_MUNW@DF_MUNW",computed
2000.0,xsection_country_treated_share_oecd_no_cost,NLD_2000,85.23454717179138,percent_of_generated_MSW,"OECD Environment Statistics, DSD_MUNW@DF_MUNW",computed
2001.0,xsection_country_treated_share_oecd_no_cost,NLD_2001,85.24607329842932,percent_of_generated_MSW,"OECD Environment Statistics, DSD_MUNW@DF_MUNW",computed
2002.0,xsection_country_treated_share_oecd_no_cost,NLD_2002,85.84262701363073,percent_of_generated_MSW,"OECD Environment Statistics, DSD_MUNW@DF_MUNW",computed
2003.0,xsection_country_treated_share_oecd_no_cost,NLD_2003,81.83922558922559,percent_of_generated_MSW,"OECD Environment Statistics, DSD_MUNW@DF_MUNW",computed
2004.0,xsection_country_treated_share_oecd_no_cost,NLD_2004,82.18756412887339,percent_of_generated_MSW,"OECD Environment Statistics, DSD_MUNW@DF_MUNW",computed
2005.0,xsection_country_treated_share_oecd_no_cost,NLD_2005,82.23973794656567,percent_of_generated_MSW,"OECD Environment Statistics, DSD_MUNW@DF_MUNW",computed
2006.0,xsection_country_treated_share_oecd_no_cost,NLD_2006,82.46081344124578,percent_of_generated_MSW,"OECD Environment Statistics, DSD_MUNW@DF_MUNW",computed
2007.0,xsection_country_treated_share_oecd_no_cost,NLD_2007,83.19895182422898,percent_of_generated_MSW,"OECD Environment Statistics, DSD_MUNW@DF_MUNW",computed
2008.0,xsection_country_treated_share_oecd_no_cost,NLD_2008,100.01013376570734,percent_of_generated_MSW,"OECD Environment Statistics, DSD_MUNW@DF_MUNW",computed
2009.0,xsection_country_treated_share_oecd_no_cost,NLD_2009,99.98973095091397,percent_of_generated_MSW,"OECD Environment Statistics, DSD_MUNW@DF_MUNW",computed
2010.0,xsection_country_treated_share_oecd_no_cost,NLD_2010,99.98945592576972,percent_of_generated_MSW,"OECD Environment Statistics, DSD_MUNW@DF_MUNW",computed
2011.0,xsection_country_treated_share_oecd_no_cost,NLD_2011,100.01054963603757,percent_of_generated_MSW,"OECD Environment Statistics, DSD_MUNW@DF_MUNW",computed
2012.0,xsection_country_treated_share_oecd_no_cost,NLD_2012,99.98913397805065,percent_of_generated_MSW,"OECD Environment Statistics, DSD_MUNW@DF_MUNW",computed
2013.0,xsection_country_treated_share_oecd_no_cost,NLD_2013,100.01131221719456,percent_of_generated_MSW,"OECD Environment Statistics, DSD_MUNW@DF_MUNW",computed
2014.0,xsection_country_treated_share_oecd_no_cost,NLD_2014,99.9887564650326,percent_of_generated_MSW,"OECD Environment Statistics, DSD_MUNW@DF_MUNW",computed
2015.0,xsection_country_treated_share_oecd_no_cost,NLD_2015,100.0,percent_of_generated_MSW,"OECD Environment Statistics, DSD_MUNW@DF_MUNW",computed
2016.0,xsection_country_treated_share_oecd_no_cost,NLD_2016,100.01128540796748,percent_of_generated_MSW,"OECD Environment Statistics, DSD_MUNW@DF_MUNW",computed
2017.0,xsection_country_treated_share_oecd_no_cost,NLD_2017,100.01137397634211,percent_of_generated_MSW,"OECD Environment Statistics, DSD_MUNW@DF_MUNW",computed
2018.0,xsection_country_treated_share_oecd_no_cost,NLD_2018,100.0,percent_of_generated_MSW,"OECD Environment Statistics, DSD_MUNW@DF_MUNW",computed
2019.0,xsection_country_treated_share_oecd_no_cost,NLD_2019,100.0,percent_of_generated_MSW,"OECD Environment Statistics, DSD_MUNW@DF_MUNW",computed
2020.0,xsection_country_treated_share_oecd_no_cost,NLD_2020,100.01075268817203,percent_of_generated_MSW,"OECD Environment Statistics, DSD_MUNW@DF_MUNW",computed
2021.0,xsection_country_treated_share_oecd_no_cost,NLD_2021,100.0,percent_of_generated_MSW,"OECD Environment Statistics, DSD_MUNW@DF_MUNW",computed
2022.0,xsection_country_treated_share_oecd_no_cost,NLD_2022,100.0,percent_of_generated_MSW,"OECD Environment Statistics, DSD_MUNW@DF_MUNW",computed
2023.0,xsection_country_treated_share_oecd_no_cost,NLD_2023,100.0,percent_of_generated_MSW,"OECD Environment Statistics, DSD_MUNW@DF_MUNW",computed
2024.0,xsection_country_treated_share_oecd_no_cost,NLD_2024,100.0,percent_of_generated_MSW,"OECD Environment Statistics, DSD_MUNW@DF_MUNW",computed
1992.0,xsection_country_treated_share_oecd_no_cost,NOR_1992,99.96400935756704,percent_of_generated_MSW,"OECD Environment Statistics, DSD_MUNW@DF_MUNW",computed
1993.0,xsection_country_treated_share_oecd_no_cost,NOR_1993,100.00902119981956,percent_of_generated_MSW,"OECD Environment Statistics, DSD_MUNW@DF_MUNW",computed
1994.0,xsection_country_treated_share_oecd_no_cost,NOR_1994,100.010989010989,percent_of_generated_MSW,"OECD Environment Statistics, DSD_MUNW@DF_MUNW",computed
1995.0,xsection_country_treated_share_oecd_no_cost,NOR_1995,99.98824480199838,percent_of_generated_MSW,"OECD Environment Statistics, DSD_MUNW@DF_MUNW",computed
1996.0,xsection_country_treated_share_oecd_no_cost,NOR_1996,99.98913515862668,percent_of_generated_MSW,"OECD Environment Statistics, DSD_MUNW@DF_MUNW",computed
1997.0,xsection_country_treated_share_oecd_no_cost,NOR_1997,99.99705958025508,percent_of_generated_MSW,"OECD Environment Statistics, DSD_MUNW@DF_MUNW",computed
1998.0,xsection_country_treated_share_oecd_no_cost,NOR_1998,99.95801553425233,percent_of_generated_MSW,"OECD Environment Statistics, DSD_MUNW@DF_MUNW",computed
1999.0,xsection_country_treated_share_oecd_no_cost,NOR_1999,100.0,percent_of_generated_MSW,"OECD Environment Statistics, DSD_MUNW@DF_MUNW",computed
2000.0,xsection_country_treated_share_oecd_no_cost,NOR_2000,100.0,percent_of_generated_MSW,"OECD Environment Statistics, DSD_MUNW@DF_MUNW",computed
2001.0,xsection_country_treated_share_oecd_no_cost,NOR_2001,99.99815837937383,percent_of_generated_MSW,"OECD Environment Statistics, DSD_MUNW@DF_MUNW",computed
2002.0,xsection_country_treated_share_oecd_no_cost,NOR_2002,99.98370786516854,percent_of_generated_MSW,"OECD Environment Statistics, DSD_MUNW@DF_MUNW",computed
2003.0,xsection_country_treated_share_oecd_no_cost,NOR_2003,100.01143790849672,percent_of_generated_MSW,"OECD Environment Statistics, DSD_MUNW@DF_MUNW",computed
2004.0,xsection_country_treated_share_oecd_no_cost,NOR_2004,99.96741986337362,percent_of_generated_MSW,"OECD Environment Statistics, DSD_MUNW@DF_MUNW",computed
2005.0,xsection_country_treated_share_oecd_no_cost,NOR_2005,100.01880081300811,percent_of_generated_MSW,"OECD Environment Statistics, DSD_MUNW@DF_MUNW",computed
2006.0,xsection_country_treated_share_oecd_no_cost,NOR_2006,99.97196261682242,percent_of_generated_MSW,"OECD Environment Statistics, DSD_MUNW@DF_MUNW",computed
2007.0,xsection_country_treated_share_oecd_no_cost,NOR_2007,99.97750865051904,percent_of_generated_MSW,"OECD Environment Statistics, DSD_MUNW@DF_MUNW",computed
2008.0,xsection_country_treated_share_oecd_no_cost,NOR_2008,99.98106712564544,percent_of_generated_MSW,"OECD Environment Statistics, DSD_MUNW@DF_MUNW",computed
2009.0,xsection_country_treated_share_oecd_no_cost,NOR_2009,99.99118554429263,percent_of_generated_MSW,"OECD Environment Statistics, DSD_MUNW@DF_MUNW",computed
2010.0,xsection_country_treated_share_oecd_no_cost,NOR_2010,100.01089324618736,percent_of_generated_MSW,"OECD Environment Statistics, DSD_MUNW@DF_MUNW",computed
2011.0,xsection_country_treated_share_oecd_no_cost,NOR_2011,100.00083229296712,percent_of_generated_MSW,"OECD Environment Statistics, DSD_MUNW@DF_MUNW",computed
2012.0,xsection_country_treated_share_oecd_no_cost,NOR_2012,100.0,percent_of_generated_MSW,"OECD Environment Statistics, DSD_MUNW@DF_MUNW",computed
2013.0,xsection_country_treated_share_oecd_no_cost,NOR_2013,100.0,percent_of_generated_MSW,"OECD Environment Statistics, DSD_MUNW@DF_MUNW",computed
2014.0,xsection_country_treated_share_oecd_no_cost,NOR_2014,100.0,percent_of_generated_MSW,"OECD Environment Statistics, DSD_MUNW@DF_MUNW",computed
2015.0,xsection_country_treated_share_oecd_no_cost,NOR_2015,99.99954279862108,percent_of_generated_MSW,"OECD Environment Statistics, DSD_MUNW@DF_MUNW",computed
2016.0,xsection_country_treated_share_oecd_no_cost,NOR_2016,100.0,percent_of_generated_MSW,"OECD Environment Statistics, DSD_MUNW@DF_MUNW",computed
2017.0,xsection_country_treated_share_oecd_no_cost,NOR_2017,100.0,percent_of_generated_MSW,"OECD Environment Statistics, DSD_MUNW@DF_MUNW",computed
2018.0,xsection_country_treated_share_oecd_no_cost,NOR_2018,99.99974534620183,percent_of_generated_MSW,"OECD Environment Statistics, DSD_MUNW@DF_MUNW",computed
2019.0,xsection_country_treated_share_oecd_no_cost,NOR_2019,99.99998902378852,percent_of_generated_MSW,"OECD Environment Statistics, DSD_MUNW@DF_MUNW",computed
2020.0,xsection_country_treated_share_oecd_no_cost,NOR_2020,99.99997439177258,percent_of_generated_MSW,"OECD Environment Statistics, DSD_MUNW@DF_MUNW",computed
2021.0,xsection_country_treated_share_oecd_no_cost,NOR_2021,100.00002314665862,percent_of_generated_MSW,"OECD Environment Statistics, DSD_MUNW@DF_MUNW",computed
2022.0,xsection_country_treated_share_oecd_no_cost,NOR_2022,99.999976130638,percent_of_generated_MSW,"OECD Environment Statistics, DSD_MUNW@DF_MUNW",computed
2023.0,xsection_country_treated_share_oecd_no_cost,NOR_2023,99.79518869807858,percent_of_generated_MSW,"OECD Environment Statistics, DSD_MUNW@DF_MUNW",computed
2024.0,xsection_country_treated_share_oecd_no_cost,NOR_2024,99.80640453089588,percent_of_generated_MSW,"OECD Environment Statistics, DSD_MUNW@DF_MUNW",computed
1995.0,xsection_country_treated_share_oecd_no_cost,POL_1995,100.0,percent_of_generated_MSW,"OECD Environment Statistics, DSD_MUNW@DF_MUNW",computed
1996.0,xsection_country_treated_share_oecd_no_cost,POL_1996,100.0,percent_of_generated_MSW,"OECD Environment Statistics, DSD_MUNW@DF_MUNW",computed
1997.0,xsection_country_treated_share_oecd_no_cost,POL_1997,100.0,percent_of_generated_MSW,"OECD Environment Statistics, DSD_MUNW@DF_MUNW",computed
1998.0,xsection_country_treated_share_oecd_no_cost,POL_1998,100.0,percent_of_generated_MSW,"OECD Environment Statistics, DSD_MUNW@DF_MUNW",computed
1999.0,xsection_country_treated_share_oecd_no_cost,POL_1999,100.0,percent_of_generated_MSW,"OECD Environment Statistics, DSD_MUNW@DF_MUNW",computed
2000.0,xsection_country_treated_share_oecd_no_cost,POL_2000,100.0,percent_of_generated_MSW,"OECD Environment Statistics, DSD_MUNW@DF_MUNW",computed
2001.0,xsection_country_treated_share_oecd_no_cost,POL_2001,99.99099828967503,percent_of_generated_MSW,"OECD Environment Statistics, DSD_MUNW@DF_MUNW",computed
2002.0,xsection_country_treated_share_oecd_no_cost,POL_2002,100.0,percent_of_generated_MSW,"OECD Environment Statistics, DSD_MUNW@DF_MUNW",computed
2003.0,xsection_country_treated_share_oecd_no_cost,POL_2003,100.0,percent_of_generated_MSW,"OECD Environment Statistics, DSD_MUNW@DF_MUNW",computed
2004.0,xsection_country_treated_share_oecd_no_cost,POL_2004,99.54913413259555,percent_of_generated_MSW,"OECD Environment Statistics, DSD_MUNW@DF_MUNW",computed
2005.0,xsection_country_treated_share_oecd_no_cost,POL_2005,76.85101487385981,percent_of_generated_MSW,"OECD Environment Statistics, DSD_MUNW@DF_MUNW",computed
2006.0,xsection_country_treated_share_oecd_no_cost,POL_2006,80.72742133224357,percent_of_generated_MSW,"OECD Environment Statistics, DSD_MUNW@DF_MUNW",computed
2007.0,xsection_country_treated_share_oecd_no_cost,POL_2007,82.20808871493803,percent_of_generated_MSW,"OECD Environment Statistics, DSD_MUNW@DF_MUNW",computed
2008.0,xsection_country_treated_share_oecd_no_cost,POL_2008,82.31097260948007,percent_of_generated_MSW,"OECD Environment Statistics, DSD_MUNW@DF_MUNW",computed
2009.0,xsection_country_treated_share_oecd_no_cost,POL_2009,83.41491744793828,percent_of_generated_MSW,"OECD Environment Statistics, DSD_MUNW@DF_MUNW",computed
2010.0,xsection_country_treated_share_oecd_no_cost,POL_2010,83.44414893617021,percent_of_generated_MSW,"OECD Environment Statistics, DSD_MUNW@DF_MUNW",computed
2011.0,xsection_country_treated_share_oecd_no_cost,POL_2011,81.02893890675242,percent_of_generated_MSW,"OECD Environment Statistics, DSD_MUNW@DF_MUNW",computed
2012.0,xsection_country_treated_share_oecd_no_cost,POL_2012,79.29493545183713,percent_of_generated_MSW,"OECD Environment Statistics, DSD_MUNW@DF_MUNW",computed
2013.0,xsection_country_treated_share_oecd_no_cost,POL_2013,83.87782204515273,percent_of_generated_MSW,"OECD Environment Statistics, DSD_MUNW@DF_MUNW",computed
2014.0,xsection_country_treated_share_oecd_no_cost,POL_2014,100.00968054211036,percent_of_generated_MSW,"OECD Environment Statistics, DSD_MUNW@DF_MUNW",computed
2015.0,xsection_country_treated_share_oecd_no_cost,POL_2015,100.00920556015834,percent_of_generated_MSW,"OECD Environment Statistics, DSD_MUNW@DF_MUNW",computed
2016.0,xsection_country_treated_share_oecd_no_cost,POL_2016,99.9999979406822,percent_of_generated_MSW,"OECD Environment Statistics, DSD_MUNW@DF_MUNW",computed
2017.0,xsection_country_treated_share_oecd_no_cost,POL_2017,99.99999841252826,percent_of_generated_MSW,"OECD Environment Statistics, DSD_MUNW@DF_MUNW",computed
2018.0,xsection_country_treated_share_oecd_no_cost,POL_2018,99.9999971967314,percent_of_generated_MSW,"OECD Environment Statistics, DSD_MUNW@DF_MUNW",computed
2019.0,xsection_country_treated_share_oecd_no_cost,POL_2019,100.00000258767145,percent_of_generated_MSW,"OECD Environment Statistics, DSD_MUNW@DF_MUNW",computed
2020.0,xsection_country_treated_share_oecd_no_cost,POL_2020,100.00000015247508,percent_of_generated_MSW,"OECD Environment Statistics, DSD_MUNW@DF_MUNW",computed
2021.0,xsection_country_treated_share_oecd_no_cost,POL_2021,99.99999904926165,percent_of_generated_MSW,"OECD Environment Statistics, DSD_MUNW@DF_MUNW",computed
2022.0,xsection_country_treated_share_oecd_no_cost,POL_2022,100.0,percent_of_generated_MSW,"OECD Environment Statistics, DSD_MUNW@DF_MUNW",computed
2023.0,xsection_country_treated_share_oecd_no_cost,POL_2023,78.46035978235425,percent_of_generated_MSW,"OECD Environment Statistics, DSD_MUNW@DF_MUNW",computed
2024.0,xsection_country_treated_share_oecd_no_cost,POL_2024,83.1402770681477,percent_of_generated_MSW,"OECD Environment Statistics, DSD_MUNW@DF_MUNW",computed
1993.0,xsection_country_treated_share_oecd_no_cost,PRT_1993,100.0,percent_of_generated_MSW,"OECD Environment Statistics, DSD_MUNW@DF_MUNW",computed
1994.0,xsection_country_treated_share_oecd_no_cost,PRT_1994,100.08131578947368,percent_of_generated_MSW,"OECD Environment Statistics, DSD_MUNW@DF_MUNW",computed
1995.0,xsection_country_treated_share_oecd_no_cost,PRT_1995,100.00028337040764,percent_of_generated_MSW,"OECD Environment Statistics, DSD_MUNW@DF_MUNW",computed
1996.0,xsection_country_treated_share_oecd_no_cost,PRT_1996,100.0,percent_of_generated_MSW,"OECD Environment Statistics, DSD_MUNW@DF_MUNW",computed
1997.0,xsection_country_treated_share_oecd_no_cost,PRT_1997,100.0,percent_of_generated_MSW,"OECD Environment Statistics, DSD_MUNW@DF_MUNW",computed
1998.0,xsection_country_treated_share_oecd_no_cost,PRT_1998,99.99976178054747,percent_of_generated_MSW,"OECD Environment Statistics, DSD_MUNW@DF_MUNW",computed
1999.0,xsection_country_treated_share_oecd_no_cost,PRT_1999,100.0,percent_of_generated_MSW,"OECD Environment Statistics, DSD_MUNW@DF_MUNW",computed
2000.0,xsection_country_treated_share_oecd_no_cost,PRT_2000,100.00021255972928,percent_of_generated_MSW,"OECD Environment Statistics, DSD_MUNW@DF_MUNW",computed
2001.0,xsection_country_treated_share_oecd_no_cost,PRT_2001,99.99978764835416,percent_of_generated_MSW,"OECD Environment Statistics, DSD_MUNW@DF_MUNW",computed
2002.0,xsection_country_treated_share_oecd_no_cost,PRT_2002,99.7014243278239,percent_of_generated_MSW,"OECD Environment Statistics, DSD_MUNW@DF_MUNW",computed
2003.0,xsection_country_treated_share_oecd_no_cost,PRT_2003,100.00021309330504,percent_of_generated_MSW,"OECD Environment Statistics, DSD_MUNW@DF_MUNW",computed
2004.0,xsection_country_treated_share_oecd_no_cost,PRT_2004,100.0,percent_of_generated_MSW,"OECD Environment Statistics, DSD_MUNW@DF_MUNW",computed
2005.0,xsection_country_treated_share_oecd_no_cost,PRT_2005,100.0002107401616,percent_of_generated_MSW,"OECD Environment Statistics, DSD_MUNW@DF_MUNW",computed
2006.0,xsection_country_treated_share_oecd_no_cost,PRT_2006,100.0,percent_of_generated_MSW,"OECD Environment Statistics, DSD_MUNW@DF_MUNW",computed
2007.0,xsection_country_treated_share_oecd_no_cost,PRT_2007,100.0,percent_of_generated_MSW,"OECD Environment Statistics, DSD_MUNW@DF_MUNW",computed
2008.0,xsection_country_treated_share_oecd_no_cost,PRT_2008,100.0,percent_of_generated_MSW,"OECD Environment Statistics, DSD_MUNW@DF_MUNW",computed
2009.0,xsection_country_treated_share_oecd_no_cost,PRT_2009,99.99981805842872,percent_of_generated_MSW,"OECD Environment Statistics, DSD_MUNW@DF_MUNW",computed
2010.0,xsection_country_treated_share_oecd_no_cost,PRT_2010,100.0,percent_of_generated_MSW,"OECD Environment Statistics, DSD_MUNW@DF_MUNW",computed
2011.0,xsection_country_treated_share_oecd_no_cost,PRT_2011,100.00019313296433,percent_of_generated_MSW,"OECD Environment Statistics, DSD_MUNW@DF_MUNW",computed
2012.0,xsection_country_treated_share_oecd_no_cost,PRT_2012,100.0,percent_of_generated_MSW,"OECD Environment Statistics, DSD_MUNW@DF_MUNW",computed
2013.0,xsection_country_treated_share_oecd_no_cost,PRT_2013,99.99978251129852,percent_of_generated_MSW,"OECD Environment Statistics, DSD_MUNW@DF_MUNW",computed
2014.0,xsection_country_treated_share_oecd_no_cost,PRT_2014,100.0,percent_of_generated_MSW,"OECD Environment Statistics, DSD_MUNW@DF_MUNW",computed
2015.0,xsection_country_treated_share_oecd_no_cost,PRT_2015,96.16164072270873,percent_of_generated_MSW,"OECD Environment Statistics, DSD_MUNW@DF_MUNW",computed
2016.0,xsection_country_treated_share_oecd_no_cost,PRT_2016,94.19603603690948,percent_of_generated_MSW,"OECD Environment Statistics, DSD_MUNW@DF_MUNW",computed
2017.0,xsection_country_treated_share_oecd_no_cost,PRT_2017,95.53406706712391,percent_of_generated_MSW,"OECD Environment Statistics, DSD_MUNW@DF_MUNW",computed
2018.0,xsection_country_treated_share_oecd_no_cost,PRT_2018,95.59993246537124,percent_of_generated_MSW,"OECD Environment Statistics, DSD_MUNW@DF_MUNW",computed
2019.0,xsection_country_treated_share_oecd_no_cost,PRT_2019,95.19054313265026,percent_of_generated_MSW,"OECD Environment Statistics, DSD_MUNW@DF_MUNW",computed
1995.0,xsection_country_treated_share_oecd_no_cost,ROU_1995,74.22015983500903,percent_of_generated_MSW,"OECD Environment Statistics, DSD_MUNW@DF_MUNW",computed
1996.0,xsection_country_treated_share_oecd_no_cost,ROU_1996,70.53559322033898,percent_of_generated_MSW,"OECD Environment Statistics, DSD_MUNW@DF_MUNW",computed
1997.0,xsection_country_treated_share_oecd_no_cost,ROU_1997,78.81257656186199,percent_of_generated_MSW,"OECD Environment Statistics, DSD_MUNW@DF_MUNW",computed
1998.0,xsection_country_treated_share_oecd_no_cost,ROU_1998,80.8517451168748,percent_of_generated_MSW,"OECD Environment Statistics, DSD_MUNW@DF_MUNW",computed
1999.0,xsection_country_treated_share_oecd_no_cost,ROU_1999,81.05009906594962,percent_of_generated_MSW,"OECD Environment Statistics, DSD_MUNW@DF_MUNW",computed
2000.0,xsection_country_treated_share_oecd_no_cost,ROU_2000,83.04233136540635,percent_of_generated_MSW,"OECD Environment Statistics, DSD_MUNW@DF_MUNW",computed
2001.0,xsection_country_treated_share_oecd_no_cost,ROU_2001,80.63403634434275,percent_of_generated_MSW,"OECD Environment Statistics, DSD_MUNW@DF_MUNW",computed
2002.0,xsection_country_treated_share_oecd_no_cost,ROU_2002,82.06814106395696,percent_of_generated_MSW,"OECD Environment Statistics, DSD_MUNW@DF_MUNW",computed
2003.0,xsection_country_treated_share_oecd_no_cost,ROU_2003,79.36489583114344,percent_of_generated_MSW,"OECD Environment Statistics, DSD_MUNW@DF_MUNW",computed
2004.0,xsection_country_treated_share_oecd_no_cost,ROU_2004,80.19349493545714,percent_of_generated_MSW,"OECD Environment Statistics, DSD_MUNW@DF_MUNW",computed
2005.0,xsection_country_treated_share_oecd_no_cost,ROU_2005,80.24326113315495,percent_of_generated_MSW,"OECD Environment Statistics, DSD_MUNW@DF_MUNW",computed
2006.0,xsection_country_treated_share_oecd_no_cost,ROU_2006,75.48197286247613,percent_of_generated_MSW,"OECD Environment Statistics, DSD_MUNW@DF_MUNW",computed
2007.0,xsection_country_treated_share_oecd_no_cost,ROU_2007,75.46446902334996,percent_of_generated_MSW,"OECD Environment Statistics, DSD_MUNW@DF_MUNW",computed
2008.0,xsection_country_treated_share_oecd_no_cost,ROU_2008,77.74746922964808,percent_of_generated_MSW,"OECD Environment Statistics, DSD_MUNW@DF_MUNW",computed
2009.0,xsection_country_treated_share_oecd_no_cost,ROU_2009,80.41108905384633,percent_of_generated_MSW,"OECD Environment Statistics, DSD_MUNW@DF_MUNW",computed
2010.0,xsection_country_treated_share_oecd_no_cost,ROU_2010,95.09139006864108,percent_of_generated_MSW,"OECD Environment Statistics, DSD_MUNW@DF_MUNW",computed
2011.0,xsection_country_treated_share_oecd_no_cost,ROU_2011,99.5073003895586,percent_of_generated_MSW,"OECD Environment Statistics, DSD_MUNW@DF_MUNW",computed
2012.0,xsection_country_treated_share_oecd_no_cost,ROU_2012,90.27858179424756,percent_of_generated_MSW,"OECD Environment Statistics, DSD_MUNW@DF_MUNW",computed
2013.0,xsection_country_treated_share_oecd_no_cost,ROU_2013,96.4187110515106,percent_of_generated_MSW,"OECD Environment Statistics, DSD_MUNW@DF_MUNW",computed
2014.0,xsection_country_treated_share_oecd_no_cost,ROU_2014,99.82788782240767,percent_of_generated_MSW,"OECD Environment Statistics, DSD_MUNW@DF_MUNW",computed
2015.0,xsection_country_treated_share_oecd_no_cost,ROU_2015,99.91006497346817,percent_of_generated_MSW,"OECD Environment Statistics, DSD_MUNW@DF_MUNW",computed
2016.0,xsection_country_treated_share_oecd_no_cost,ROU_2016,94.8033462063494,percent_of_generated_MSW,"OECD Environment Statistics, DSD_MUNW@DF_MUNW",computed
2017.0,xsection_country_treated_share_oecd_no_cost,ROU_2017,98.88059071809074,percent_of_generated_MSW,"OECD Environment Statistics, DSD_MUNW@DF_MUNW",computed
2018.0,xsection_country_treated_share_oecd_no_cost,ROU_2018,93.6505898524236,percent_of_generated_MSW,"OECD Environment Statistics, DSD_MUNW@DF_MUNW",computed
2019.0,xsection_country_treated_share_oecd_no_cost,ROU_2019,92.2102313648443,percent_of_generated_MSW,"OECD Environment Statistics, DSD_MUNW@DF_MUNW",computed
2020.0,xsection_country_treated_share_oecd_no_cost,ROU_2020,90.98774633329631,percent_of_generated_MSW,"OECD Environment Statistics, DSD_MUNW@DF_MUNW",computed
2021.0,xsection_country_treated_share_oecd_no_cost,ROU_2021,92.6849280211596,percent_of_generated_MSW,"OECD Environment Statistics, DSD_MUNW@DF_MUNW",computed
2022.0,xsection_country_treated_share_oecd_no_cost,ROU_2022,93.8828315291872,percent_of_generated_MSW,"OECD Environment Statistics, DSD_MUNW@DF_MUNW",computed
2023.0,xsection_country_treated_share_oecd_no_cost,ROU_2023,94.16130713394716,percent_of_generated_MSW,"OECD Environment Statistics, DSD_MUNW@DF_MUNW",computed
2006.0,xsection_country_treated_share_oecd_no_cost,SRB_2006,60.115606936416185,percent_of_generated_MSW,"OECD Environment Statistics, DSD_MUNW@DF_MUNW",computed
2007.0,xsection_country_treated_share_oecd_no_cost,SRB_2007,60.03870343492985,percent_of_generated_MSW,"OECD Environment Statistics, DSD_MUNW@DF_MUNW",computed
2008.0,xsection_country_treated_share_oecd_no_cost,SRB_2008,59.6078431372549,percent_of_generated_MSW,"OECD Environment Statistics, DSD_MUNW@DF_MUNW",computed
2009.0,xsection_country_treated_share_oecd_no_cost,SRB_2009,59.977238239757206,percent_of_generated_MSW,"OECD Environment Statistics, DSD_MUNW@DF_MUNW",computed
2010.0,xsection_country_treated_share_oecd_no_cost,SRB_2010,71.28301886792453,percent_of_generated_MSW,"OECD Environment Statistics, DSD_MUNW@DF_MUNW",computed
2011.0,xsection_country_treated_share_oecd_no_cost,SRB_2011,77.12177121771218,percent_of_generated_MSW,"OECD Environment Statistics, DSD_MUNW@DF_MUNW",computed
2012.0,xsection_country_treated_share_oecd_no_cost,SRB_2012,69.8473282442748,percent_of_generated_MSW,"OECD Environment Statistics, DSD_MUNW@DF_MUNW",computed
2013.0,xsection_country_treated_share_oecd_no_cost,SRB_2013,80.70539419087137,percent_of_generated_MSW,"OECD Environment Statistics, DSD_MUNW@DF_MUNW",computed
2014.0,xsection_country_treated_share_oecd_no_cost,SRB_2014,79.10798122065728,percent_of_generated_MSW,"OECD Environment Statistics, DSD_MUNW@DF_MUNW",computed
2015.0,xsection_country_treated_share_oecd_no_cost,SRB_2015,74.67391304347827,percent_of_generated_MSW,"OECD Environment Statistics, DSD_MUNW@DF_MUNW",computed
2016.0,xsection_country_treated_share_oecd_no_cost,SRB_2016,79.1005291005291,percent_of_generated_MSW,"OECD Environment Statistics, DSD_MUNW@DF_MUNW",computed
2017.0,xsection_country_treated_share_oecd_no_cost,SRB_2017,84.0,percent_of_generated_MSW,"OECD Environment Statistics, DSD_MUNW@DF_MUNW",computed
2018.0,xsection_country_treated_share_oecd_no_cost,SRB_2018,87.71300448430493,percent_of_generated_MSW,"OECD Environment Statistics, DSD_MUNW@DF_MUNW",computed
2019.0,xsection_country_treated_share_oecd_no_cost,SRB_2019,86.12765957446808,percent_of_generated_MSW,"OECD Environment Statistics, DSD_MUNW@DF_MUNW",computed
2020.0,xsection_country_treated_share_oecd_no_cost,SRB_2020,95.66182388405085,percent_of_generated_MSW,"OECD Environment Statistics, DSD_MUNW@DF_MUNW",computed
2021.0,xsection_country_treated_share_oecd_no_cost,SRB_2021,95.72583621197424,percent_of_generated_MSW,"OECD Environment Statistics, DSD_MUNW@DF_MUNW",computed
2022.0,xsection_country_treated_share_oecd_no_cost,SRB_2022,95.740967310837,percent_of_generated_MSW,"OECD Environment Statistics, DSD_MUNW@DF_MUNW",computed
2023.0,xsection_country_treated_share_oecd_no_cost,SRB_2023,95.6392008211817,percent_of_generated_MSW,"OECD Environment Statistics, DSD_MUNW@DF_MUNW",computed
1995.0,xsection_country_treated_share_oecd_no_cost,SVK_1995,99.8747223962189,percent_of_generated_MSW,"OECD Environment Statistics, DSD_MUNW@DF_MUNW",computed
1996.0,xsection_country_treated_share_oecd_no_cost,SVK_1996,102.62656045011292,percent_of_generated_MSW,"OECD Environment Statistics, DSD_MUNW@DF_MUNW",computed
1997.0,xsection_country_treated_share_oecd_no_cost,SVK_1997,98.86264394662552,percent_of_generated_MSW,"OECD Environment Statistics, DSD_MUNW@DF_MUNW",computed
1998.0,xsection_country_treated_share_oecd_no_cost,SVK_1998,98.30229226361033,percent_of_generated_MSW,"OECD Environment Statistics, DSD_MUNW@DF_MUNW",computed
1999.0,xsection_country_treated_share_oecd_no_cost,SVK_1999,98.229177025472,percent_of_generated_MSW,"OECD Environment Statistics, DSD_MUNW@DF_MUNW",computed
2000.0,xsection_country_treated_share_oecd_no_cost,SVK_2000,98.15955402611256,percent_of_generated_MSW,"OECD Environment Statistics, DSD_MUNW@DF_MUNW",computed
2001.0,xsection_country_treated_share_oecd_no_cost,SVK_2001,98.30478160454754,percent_of_generated_MSW,"OECD Environment Statistics, DSD_MUNW@DF_MUNW",computed
2002.0,xsection_country_treated_share_oecd_no_cost,SVK_2002,94.93137166950748,percent_of_generated_MSW,"OECD Environment Statistics, DSD_MUNW@DF_MUNW",computed
2003.0,xsection_country_treated_share_oecd_no_cost,SVK_2003,94.421137608851,percent_of_generated_MSW,"OECD Environment Statistics, DSD_MUNW@DF_MUNW",computed
2004.0,xsection_country_treated_share_oecd_no_cost,SVK_2004,100.0,percent_of_generated_MSW,"OECD Environment Statistics, DSD_MUNW@DF_MUNW",computed
2005.0,xsection_country_treated_share_oecd_no_cost,SVK_2005,94.07809125407933,percent_of_generated_MSW,"OECD Environment Statistics, DSD_MUNW@DF_MUNW",computed
2006.0,xsection_country_treated_share_oecd_no_cost,SVK_2006,94.53867807531546,percent_of_generated_MSW,"OECD Environment Statistics, DSD_MUNW@DF_MUNW",computed
2007.0,xsection_country_treated_share_oecd_no_cost,SVK_2007,96.31869593302343,percent_of_generated_MSW,"OECD Environment Statistics, DSD_MUNW@DF_MUNW",computed
2008.0,xsection_country_treated_share_oecd_no_cost,SVK_2008,94.55720159237748,percent_of_generated_MSW,"OECD Environment Statistics, DSD_MUNW@DF_MUNW",computed
2009.0,xsection_country_treated_share_oecd_no_cost,SVK_2009,97.54102819838609,percent_of_generated_MSW,"OECD Environment Statistics, DSD_MUNW@DF_MUNW",computed
2010.0,xsection_country_treated_share_oecd_no_cost,SVK_2010,99.45491881955311,percent_of_generated_MSW,"OECD Environment Statistics, DSD_MUNW@DF_MUNW",computed
2011.0,xsection_country_treated_share_oecd_no_cost,SVK_2011,99.99702189502776,percent_of_generated_MSW,"OECD Environment Statistics, DSD_MUNW@DF_MUNW",computed
2012.0,xsection_country_treated_share_oecd_no_cost,SVK_2012,99.99577440132322,percent_of_generated_MSW,"OECD Environment Statistics, DSD_MUNW@DF_MUNW",computed
2013.0,xsection_country_treated_share_oecd_no_cost,SVK_2013,98.40390602198656,percent_of_generated_MSW,"OECD Environment Statistics, DSD_MUNW@DF_MUNW",computed
2014.0,xsection_country_treated_share_oecd_no_cost,SVK_2014,98.24696045562872,percent_of_generated_MSW,"OECD Environment Statistics, DSD_MUNW@DF_MUNW",computed
2015.0,xsection_country_treated_share_oecd_no_cost,SVK_2015,99.54488896860182,percent_of_generated_MSW,"OECD Environment Statistics, DSD_MUNW@DF_MUNW",computed
2016.0,xsection_country_treated_share_oecd_no_cost,SVK_2016,99.21874751922437,percent_of_generated_MSW,"OECD Environment Statistics, DSD_MUNW@DF_MUNW",computed
2017.0,xsection_country_treated_share_oecd_no_cost,SVK_2017,99.98493529466076,percent_of_generated_MSW,"OECD Environment Statistics, DSD_MUNW@DF_MUNW",computed
2018.0,xsection_country_treated_share_oecd_no_cost,SVK_2018,99.96095985519656,percent_of_generated_MSW,"OECD Environment Statistics, DSD_MUNW@DF_MUNW",computed
2019.0,xsection_country_treated_share_oecd_no_cost,SVK_2019,99.76678012141195,percent_of_generated_MSW,"OECD Environment Statistics, DSD_MUNW@DF_MUNW",computed
2020.0,xsection_country_treated_share_oecd_no_cost,SVK_2020,97.63924193748612,percent_of_generated_MSW,"OECD Environment Statistics, DSD_MUNW@DF_MUNW",computed
2021.0,xsection_country_treated_share_oecd_no_cost,SVK_2021,98.32556524143251,percent_of_generated_MSW,"OECD Environment Statistics, DSD_MUNW@DF_MUNW",computed
2022.0,xsection_country_treated_share_oecd_no_cost,SVK_2022,97.43227777900928,percent_of_generated_MSW,"OECD Environment Statistics, DSD_MUNW@DF_MUNW",computed
2023.0,xsection_country_treated_share_oecd_no_cost,SVK_2023,97.8657146770436,percent_of_generated_MSW,"OECD Environment Statistics, DSD_MUNW@DF_MUNW",computed
2024.0,xsection_country_treated_share_oecd_no_cost,SVK_2024,97.47255157114856,percent_of_generated_MSW,"OECD Environment Statistics, DSD_MUNW@DF_MUNW",computed
1995.0,xsection_country_treated_share_oecd_no_cost,SVN_1995,78.73736223891798,percent_of_generated_MSW,"OECD Environment Statistics, DSD_MUNW@DF_MUNW",computed
1996.0,xsection_country_treated_share_oecd_no_cost,SVN_1996,84.00595744680851,percent_of_generated_MSW,"OECD Environment Statistics, DSD_MUNW@DF_MUNW",computed
1997.0,xsection_country_treated_share_oecd_no_cost,SVN_1997,89.3025641025641,percent_of_generated_MSW,"OECD Environment Statistics, DSD_MUNW@DF_MUNW",computed
1998.0,xsection_country_treated_share_oecd_no_cost,SVN_1998,97.2643878528465,percent_of_generated_MSW,"OECD Environment Statistics, DSD_MUNW@DF_MUNW",computed
1999.0,xsection_country_treated_share_oecd_no_cost,SVN_1999,88.91376146788991,percent_of_generated_MSW,"OECD Environment Statistics, DSD_MUNW@DF_MUNW",computed
2000.0,xsection_country_treated_share_oecd_no_cost,SVN_2000,84.40588235294118,percent_of_generated_MSW,"OECD Environment Statistics, DSD_MUNW@DF_MUNW",computed
2001.0,xsection_country_treated_share_oecd_no_cost,SVN_2001,77.46777511861275,percent_of_generated_MSW,"OECD Environment Statistics, DSD_MUNW@DF_MUNW",computed
2002.0,xsection_country_treated_share_oecd_no_cost,SVN_2002,97.41521562446124,percent_of_generated_MSW,"OECD Environment Statistics, DSD_MUNW@DF_MUNW",computed
2003.0,xsection_country_treated_share_oecd_no_cost,SVN_2003,96.36699359727584,percent_of_generated_MSW,"OECD Environment Statistics, DSD_MUNW@DF_MUNW",computed
2004.0,xsection_country_treated_share_oecd_no_cost,SVN_2004,86.45082077155621,percent_of_generated_MSW,"OECD Environment Statistics, DSD_MUNW@DF_MUNW",computed
2005.0,xsection_country_treated_share_oecd_no_cost,SVN_2005,85.33674511747392,percent_of_generated_MSW,"OECD Environment Statistics, DSD_MUNW@DF_MUNW",computed
2006.0,xsection_country_treated_share_oecd_no_cost,SVN_2006,85.502715949328,percent_of_generated_MSW,"OECD Environment Statistics, DSD_MUNW@DF_MUNW",computed
2007.0,xsection_country_treated_share_oecd_no_cost,SVN_2007,86.78225433689592,percent_of_generated_MSW,"OECD Environment Statistics, DSD_MUNW@DF_MUNW",computed
2008.0,xsection_country_treated_share_oecd_no_cost,SVN_2008,82.66378018926522,percent_of_generated_MSW,"OECD Environment Statistics, DSD_MUNW@DF_MUNW",computed
2009.0,xsection_country_treated_share_oecd_no_cost,SVN_2009,79.59040538644972,percent_of_generated_MSW,"OECD Environment Statistics, DSD_MUNW@DF_MUNW",computed
2010.0,xsection_country_treated_share_oecd_no_cost,SVN_2010,94.44466580336687,percent_of_generated_MSW,"OECD Environment Statistics, DSD_MUNW@DF_MUNW",computed
2011.0,xsection_country_treated_share_oecd_no_cost,SVN_2011,98.42745153264798,percent_of_generated_MSW,"OECD Environment Statistics, DSD_MUNW@DF_MUNW",computed
2012.0,xsection_country_treated_share_oecd_no_cost,SVN_2012,95.93419443287053,percent_of_generated_MSW,"OECD Environment Statistics, DSD_MUNW@DF_MUNW",computed
2013.0,xsection_country_treated_share_oecd_no_cost,SVN_2013,97.30017928496936,percent_of_generated_MSW,"OECD Environment Statistics, DSD_MUNW@DF_MUNW",computed
2014.0,xsection_country_treated_share_oecd_no_cost,SVN_2014,96.85772280225632,percent_of_generated_MSW,"OECD Environment Statistics, DSD_MUNW@DF_MUNW",computed
2015.0,xsection_country_treated_share_oecd_no_cost,SVN_2015,93.81385402941876,percent_of_generated_MSW,"OECD Environment Statistics, DSD_MUNW@DF_MUNW",computed
2016.0,xsection_country_treated_share_oecd_no_cost,SVN_2016,83.88167663654491,percent_of_generated_MSW,"OECD Environment Statistics, DSD_MUNW@DF_MUNW",computed
2017.0,xsection_country_treated_share_oecd_no_cost,SVN_2017,79.30807925264347,percent_of_generated_MSW,"OECD Environment Statistics, DSD_MUNW@DF_MUNW",computed
2018.0,xsection_country_treated_share_oecd_no_cost,SVN_2018,78.81074435068862,percent_of_generated_MSW,"OECD Environment Statistics, DSD_MUNW@DF_MUNW",computed
2019.0,xsection_country_treated_share_oecd_no_cost,SVN_2019,82.40141410589638,percent_of_generated_MSW,"OECD Environment Statistics, DSD_MUNW@DF_MUNW",computed
2020.0,xsection_country_treated_share_oecd_no_cost,SVN_2020,78.95410106281174,percent_of_generated_MSW,"OECD Environment Statistics, DSD_MUNW@DF_MUNW",computed
2021.0,xsection_country_treated_share_oecd_no_cost,SVN_2021,79.06777465944633,percent_of_generated_MSW,"OECD Environment Statistics, DSD_MUNW@DF_MUNW",computed
2022.0,xsection_country_treated_share_oecd_no_cost,SVN_2022,83.7847266423276,percent_of_generated_MSW,"OECD Environment Statistics, DSD_MUNW@DF_MUNW",computed
2023.0,xsection_country_treated_share_oecd_no_cost,SVN_2023,82.76410030122459,percent_of_generated_MSW,"OECD Environment Statistics, DSD_MUNW@DF_MUNW",computed
2024.0,xsection_country_treated_share_oecd_no_cost,SVN_2024,88.28097123341206,percent_of_generated_MSW,"OECD Environment Statistics, DSD_MUNW@DF_MUNW",computed
1990.0,xsection_country_treated_share_oecd_no_cost,SWE_1990,100.0,percent_of_generated_MSW,"OECD Environment Statistics, DSD_MUNW@DF_MUNW",computed
1994.0,xsection_country_treated_share_oecd_no_cost,SWE_1994,100.0,percent_of_generated_MSW,"OECD Environment Statistics, DSD_MUNW@DF_MUNW",computed
1995.0,xsection_country_treated_share_oecd_no_cost,SWE_1995,100.0,percent_of_generated_MSW,"OECD Environment Statistics, DSD_MUNW@DF_MUNW",computed
1996.0,xsection_country_treated_share_oecd_no_cost,SWE_1996,100.0,percent_of_generated_MSW,"OECD Environment Statistics, DSD_MUNW@DF_MUNW",computed
1997.0,xsection_country_treated_share_oecd_no_cost,SWE_1997,100.0,percent_of_generated_MSW,"OECD Environment Statistics, DSD_MUNW@DF_MUNW",computed
1998.0,xsection_country_treated_share_oecd_no_cost,SWE_1998,100.0,percent_of_generated_MSW,"OECD Environment Statistics, DSD_MUNW@DF_MUNW",computed
1999.0,xsection_country_treated_share_oecd_no_cost,SWE_1999,100.0,percent_of_generated_MSW,"OECD Environment Statistics, DSD_MUNW@DF_MUNW",computed
2000.0,xsection_country_treated_share_oecd_no_cost,SWE_2000,100.0,percent_of_generated_MSW,"OECD Environment Statistics, DSD_MUNW@DF_MUNW",computed
2001.0,xsection_country_treated_share_oecd_no_cost,SWE_2001,100.0,percent_of_generated_MSW,"OECD Environment Statistics, DSD_MUNW@DF_MUNW",computed
2002.0,xsection_country_treated_share_oecd_no_cost,SWE_2002,100.0,percent_of_generated_MSW,"OECD Environment Statistics, DSD_MUNW@DF_MUNW",computed
2003.0,xsection_country_treated_share_oecd_no_cost,SWE_2003,100.0,percent_of_generated_MSW,"OECD Environment Statistics, DSD_MUNW@DF_MUNW",computed
2004.0,xsection_country_treated_share_oecd_no_cost,SWE_2004,100.0,percent_of_generated_MSW,"OECD Environment Statistics, DSD_MUNW@DF_MUNW",computed
2005.0,xsection_country_treated_share_oecd_no_cost,SWE_2005,100.0,percent_of_generated_MSW,"OECD Environment Statistics, DSD_MUNW@DF_MUNW",computed
2006.0,xsection_country_treated_share_oecd_no_cost,SWE_2006,100.0,percent_of_generated_MSW,"OECD Environment Statistics, DSD_MUNW@DF_MUNW",computed
2007.0,xsection_country_treated_share_oecd_no_cost,SWE_2007,100.02242177602888,percent_of_generated_MSW,"OECD Environment Statistics, DSD_MUNW@DF_MUNW",computed
2008.0,xsection_country_treated_share_oecd_no_cost,SWE_2008,100.0,percent_of_generated_MSW,"OECD Environment Statistics, DSD_MUNW@DF_MUNW",computed
2009.0,xsection_country_treated_share_oecd_no_cost,SWE_2009,100.0,percent_of_generated_MSW,"OECD Environment Statistics, DSD_MUNW@DF_MUNW",computed
2010.0,xsection_country_treated_share_oecd_no_cost,SWE_2010,100.0,percent_of_generated_MSW,"OECD Environment Statistics, DSD_MUNW@DF_MUNW",computed
2011.0,xsection_country_treated_share_oecd_no_cost,SWE_2011,100.0,percent_of_generated_MSW,"OECD Environment Statistics, DSD_MUNW@DF_MUNW",computed
2012.0,xsection_country_treated_share_oecd_no_cost,SWE_2012,100.0,percent_of_generated_MSW,"OECD Environment Statistics, DSD_MUNW@DF_MUNW",computed
2013.0,xsection_country_treated_share_oecd_no_cost,SWE_2013,100.0,percent_of_generated_MSW,"OECD Environment Statistics, DSD_MUNW@DF_MUNW",computed
2014.0,xsection_country_treated_share_oecd_no_cost,SWE_2014,100.0,percent_of_generated_MSW,"OECD Environment Statistics, DSD_MUNW@DF_MUNW",computed
2015.0,xsection_country_treated_share_oecd_no_cost,SWE_2015,100.0,percent_of_generated_MSW,"OECD Environment Statistics, DSD_MUNW@DF_MUNW",computed
2016.0,xsection_country_treated_share_oecd_no_cost,SWE_2016,100.0,percent_of_generated_MSW,"OECD Environment Statistics, DSD_MUNW@DF_MUNW",computed
2017.0,xsection_country_treated_share_oecd_no_cost,SWE_2017,100.02197353068492,percent_of_generated_MSW,"OECD Environment Statistics, DSD_MUNW@DF_MUNW",computed
2018.0,xsection_country_treated_share_oecd_no_cost,SWE_2018,100.0,percent_of_generated_MSW,"OECD Environment Statistics, DSD_MUNW@DF_MUNW",computed
2019.0,xsection_country_treated_share_oecd_no_cost,SWE_2019,100.0,percent_of_generated_MSW,"OECD Environment Statistics, DSD_MUNW@DF_MUNW",computed
2020.0,xsection_country_treated_share_oecd_no_cost,SWE_2020,99.12868426817572,percent_of_generated_MSW,"OECD Environment Statistics, DSD_MUNW@DF_MUNW",computed
2021.0,xsection_country_treated_share_oecd_no_cost,SWE_2021,100.02389631755447,percent_of_generated_MSW,"OECD Environment Statistics, DSD_MUNW@DF_MUNW",computed
2022.0,xsection_country_treated_share_oecd_no_cost,SWE_2022,99.4677214477358,percent_of_generated_MSW,"OECD Environment Statistics, DSD_MUNW@DF_MUNW",computed
2023.0,xsection_country_treated_share_oecd_no_cost,SWE_2023,99.3319063057798,percent_of_generated_MSW,"OECD Environment Statistics, DSD_MUNW@DF_MUNW",computed
2024.0,xsection_country_treated_share_oecd_no_cost,SWE_2024,99.12301109862912,percent_of_generated_MSW,"OECD Environment Statistics, DSD_MUNW@DF_MUNW",computed
2016.0,xsection_country_treated_share_oecd_no_cost,THA_2016,77.1222755818249,percent_of_generated_MSW,"OECD Environment Statistics, DSD_MUNW@DF_MUNW",computed
2017.0,xsection_country_treated_share_oecd_no_cost,THA_2017,79.14870295944465,percent_of_generated_MSW,"OECD Environment Statistics, DSD_MUNW@DF_MUNW",computed
2018.0,xsection_country_treated_share_oecd_no_cost,THA_2018,79.52958865857588,percent_of_generated_MSW,"OECD Environment Statistics, DSD_MUNW@DF_MUNW",computed
2019.0,xsection_country_treated_share_oecd_no_cost,THA_2019,80.86862635831709,percent_of_generated_MSW,"OECD Environment Statistics, DSD_MUNW@DF_MUNW",computed
2020.0,xsection_country_treated_share_oecd_no_cost,THA_2020,81.84075679936933,percent_of_generated_MSW,"OECD Environment Statistics, DSD_MUNW@DF_MUNW",computed
2021.0,xsection_country_treated_share_oecd_no_cost,THA_2021,78.10248198558847,percent_of_generated_MSW,"OECD Environment Statistics, DSD_MUNW@DF_MUNW",computed
1994.0,xsection_country_treated_share_oecd_no_cost,TUR_1994,75.72927328556807,percent_of_generated_MSW,"OECD Environment Statistics, DSD_MUNW@DF_MUNW",computed
1995.0,xsection_country_treated_share_oecd_no_cost,TUR_1995,76.77495113668033,percent_of_generated_MSW,"OECD Environment Statistics, DSD_MUNW@DF_MUNW",computed
1996.0,xsection_country_treated_share_oecd_no_cost,TUR_1996,76.59913902081165,percent_of_generated_MSW,"OECD Environment Statistics, DSD_MUNW@DF_MUNW",computed
1997.0,xsection_country_treated_share_oecd_no_cost,TUR_1997,75.6669923431079,percent_of_generated_MSW,"OECD Environment Statistics, DSD_MUNW@DF_MUNW",computed
1998.0,xsection_country_treated_share_oecd_no_cost,TUR_1998,75.60611156619878,percent_of_generated_MSW,"OECD Environment Statistics, DSD_MUNW@DF_MUNW",computed
1999.0,xsection_country_treated_share_oecd_no_cost,TUR_1999,79.0558788422591,percent_of_generated_MSW,"OECD Environment Statistics, DSD_MUNW@DF_MUNW",computed
2000.0,xsection_country_treated_share_oecd_no_cost,TUR_2000,80.66129927817879,percent_of_generated_MSW,"OECD Environment Statistics, DSD_MUNW@DF_MUNW",computed
2001.0,xsection_country_treated_share_oecd_no_cost,TUR_2001,80.99731009797662,percent_of_generated_MSW,"OECD Environment Statistics, DSD_MUNW@DF_MUNW",computed
2002.0,xsection_country_treated_share_oecd_no_cost,TUR_2002,81.85279261504952,percent_of_generated_MSW,"OECD Environment Statistics, DSD_MUNW@DF_MUNW",computed
2003.0,xsection_country_treated_share_oecd_no_cost,TUR_2003,84.02950063012022,percent_of_generated_MSW,"OECD Environment Statistics, DSD_MUNW@DF_MUNW",computed
2004.0,xsection_country_treated_share_oecd_no_cost,TUR_2004,84.12395804573484,percent_of_generated_MSW,"OECD Environment Statistics, DSD_MUNW@DF_MUNW",computed
2005.0,xsection_country_treated_share_oecd_no_cost,TUR_2005,84.89818948598601,percent_of_generated_MSW,"OECD Environment Statistics, DSD_MUNW@DF_MUNW",computed
2006.0,xsection_country_treated_share_oecd_no_cost,TUR_2006,84.03946303780822,percent_of_generated_MSW,"OECD Environment Statistics, DSD_MUNW@DF_MUNW",computed
2007.0,xsection_country_treated_share_oecd_no_cost,TUR_2007,85.8405846881289,percent_of_generated_MSW,"OECD Environment Statistics, DSD_MUNW@DF_MUNW",computed
2008.0,xsection_country_treated_share_oecd_no_cost,TUR_2008,85.61446545301187,percent_of_generated_MSW,"OECD Environment Statistics, DSD_MUNW@DF_MUNW",computed
2009.0,xsection_country_treated_share_oecd_no_cost,TUR_2009,86.82606967810305,percent_of_generated_MSW,"OECD Environment Statistics, DSD_MUNW@DF_MUNW",computed
2010.0,xsection_country_treated_share_oecd_no_cost,TUR_2010,85.00992163589278,percent_of_generated_MSW,"OECD Environment Statistics, DSD_MUNW@DF_MUNW",computed
2011.0,xsection_country_treated_share_oecd_no_cost,TUR_2011,86.77337826453244,percent_of_generated_MSW,"OECD Environment Statistics, DSD_MUNW@DF_MUNW",computed
2012.0,xsection_country_treated_share_oecd_no_cost,TUR_2012,83.95049697914637,percent_of_generated_MSW,"OECD Environment Statistics, DSD_MUNW@DF_MUNW",computed
2013.0,xsection_country_treated_share_oecd_no_cost,TUR_2013,82.67464424320828,percent_of_generated_MSW,"OECD Environment Statistics, DSD_MUNW@DF_MUNW",computed
2014.0,xsection_country_treated_share_oecd_no_cost,TUR_2014,89.68940121677873,percent_of_generated_MSW,"OECD Environment Statistics, DSD_MUNW@DF_MUNW",computed
2015.0,xsection_country_treated_share_oecd_no_cost,TUR_2015,88.17568647508232,percent_of_generated_MSW,"OECD Environment Statistics, DSD_MUNW@DF_MUNW",computed
2016.0,xsection_country_treated_share_oecd_no_cost,TUR_2016,93.54618961585167,percent_of_generated_MSW,"OECD Environment Statistics, DSD_MUNW@DF_MUNW",computed
2017.0,xsection_country_treated_share_oecd_no_cost,TUR_2017,93.54753752962866,percent_of_generated_MSW,"OECD Environment Statistics, DSD_MUNW@DF_MUNW",computed
2018.0,xsection_country_treated_share_oecd_no_cost,TUR_2018,93.26887325167232,percent_of_generated_MSW,"OECD Environment Statistics, DSD_MUNW@DF_MUNW",computed
2019.0,xsection_country_treated_share_oecd_no_cost,TUR_2019,93.27025102032118,percent_of_generated_MSW,"OECD Environment Statistics, DSD_MUNW@DF_MUNW",computed
2020.0,xsection_country_treated_share_oecd_no_cost,TUR_2020,93.47388171009642,percent_of_generated_MSW,"OECD Environment Statistics, DSD_MUNW@DF_MUNW",computed
2021.0,xsection_country_treated_share_oecd_no_cost,TUR_2021,93.4738806331541,percent_of_generated_MSW,"OECD Environment Statistics, DSD_MUNW@DF_MUNW",computed
2011.0,xsection_country_treated_share_oecd_no_cost,UKR_2011,71.01530439820402,percent_of_generated_MSW,"OECD Environment Statistics, DSD_MUNW@DF_MUNW",computed
2012.0,xsection_country_treated_share_oecd_no_cost,UKR_2012,69.50064850843061,percent_of_generated_MSW,"OECD Environment Statistics, DSD_MUNW@DF_MUNW",computed
2013.0,xsection_country_treated_share_oecd_no_cost,UKR_2013,66.67126405075513,percent_of_generated_MSW,"OECD Environment Statistics, DSD_MUNW@DF_MUNW",computed
2014.0,xsection_country_treated_share_oecd_no_cost,UKR_2014,56.29326386304429,percent_of_generated_MSW,"OECD Environment Statistics, DSD_MUNW@DF_MUNW",computed
2015.0,xsection_country_treated_share_oecd_no_cost,UKR_2015,56.50811883255887,percent_of_generated_MSW,"OECD Environment Statistics, DSD_MUNW@DF_MUNW",computed
2016.0,xsection_country_treated_share_oecd_no_cost,UKR_2016,54.96428138999879,percent_of_generated_MSW,"OECD Environment Statistics, DSD_MUNW@DF_MUNW",computed
2017.0,xsection_country_treated_share_oecd_no_cost,UKR_2017,59.79221378380296,percent_of_generated_MSW,"OECD Environment Statistics, DSD_MUNW@DF_MUNW",computed
2018.0,xsection_country_treated_share_oecd_no_cost,UKR_2018,62.42873528320345,percent_of_generated_MSW,"OECD Environment Statistics, DSD_MUNW@DF_MUNW",computed
2019.0,xsection_country_treated_share_oecd_no_cost,UKR_2019,61.8908307681871,percent_of_generated_MSW,"OECD Environment Statistics, DSD_MUNW@DF_MUNW",computed
2020.0,xsection_country_treated_share_oecd_no_cost,UKR_2020,60.866330560590114,percent_of_generated_MSW,"OECD Environment Statistics, DSD_MUNW@DF_MUNW",computed
2021.0,xsection_country_treated_share_oecd_no_cost,UKR_2021,58.88694194728021,percent_of_generated_MSW,"OECD Environment Statistics, DSD_MUNW@DF_MUNW",computed
2022.0,xsection_country_treated_share_oecd_no_cost,UKR_2022,56.21069593696701,percent_of_generated_MSW,"OECD Environment Statistics, DSD_MUNW@DF_MUNW",computed
2023.0,xsection_country_treated_share_oecd_no_cost,UKR_2023,63.677909639808455,percent_of_generated_MSW,"OECD Environment Statistics, DSD_MUNW@DF_MUNW",computed
1980.0,xsection_country_treated_share_oecd_no_cost,USA_1980,99.96001890015629,percent_of_generated_MSW,"OECD Environment Statistics, DSD_MUNW@DF_MUNW",computed
1990.0,xsection_country_treated_share_oecd_no_cost,USA_1990,99.971419346985,percent_of_generated_MSW,"OECD Environment Statistics, DSD_MUNW@DF_MUNW",computed
1991.0,xsection_country_treated_share_oecd_no_cost,USA_1991,100.0,percent_of_generated_MSW,"OECD Environment Statistics, DSD_MUNW@DF_MUNW",computed
1992.0,xsection_country_treated_share_oecd_no_cost,USA_1992,100.00051284681264,percent_of_generated_MSW,"OECD Environment Statistics, DSD_MUNW@DF_MUNW",computed
1993.0,xsection_country_treated_share_oecd_no_cost,USA_1993,100.00050569411574,percent_of_generated_MSW,"OECD Environment Statistics, DSD_MUNW@DF_MUNW",computed
1994.0,xsection_country_treated_share_oecd_no_cost,USA_1994,100.00049815185662,percent_of_generated_MSW,"OECD Environment Statistics, DSD_MUNW@DF_MUNW",computed
1995.0,xsection_country_treated_share_oecd_no_cost,USA_1995,100.00050732321054,percent_of_generated_MSW,"OECD Environment Statistics, DSD_MUNW@DF_MUNW",computed
1996.0,xsection_country_treated_share_oecd_no_cost,USA_1996,100.00051035250048,percent_of_generated_MSW,"OECD Environment Statistics, DSD_MUNW@DF_MUNW",computed
1997.0,xsection_country_treated_share_oecd_no_cost,USA_1997,100.0,percent_of_generated_MSW,"OECD Environment Statistics, DSD_MUNW@DF_MUNW",computed
1998.0,xsection_country_treated_share_oecd_no_cost,USA_1998,99.99951465734809,percent_of_generated_MSW,"OECD Environment Statistics, DSD_MUNW@DF_MUNW",computed
1999.0,xsection_country_treated_share_oecd_no_cost,USA_1999,100.0,percent_of_generated_MSW,"OECD Environment Statistics, DSD_MUNW@DF_MUNW",computed
2000.0,xsection_country_treated_share_oecd_no_cost,USA_2000,100.0,percent_of_generated_MSW,"OECD Environment Statistics, DSD_MUNW@DF_MUNW",computed
2001.0,xsection_country_treated_share_oecd_no_cost,USA_2001,100.0,percent_of_generated_MSW,"OECD Environment Statistics, DSD_MUNW@DF_MUNW",computed
2002.0,xsection_country_treated_share_oecd_no_cost,USA_2002,100.0,percent_of_generated_MSW,"OECD Environment Statistics, DSD_MUNW@DF_MUNW",computed
2003.0,xsection_country_treated_share_oecd_no_cost,USA_2003,100.00044733122192,percent_of_generated_MSW,"OECD Environment Statistics, DSD_MUNW@DF_MUNW",computed
2004.0,xsection_country_treated_share_oecd_no_cost,USA_2004,99.99956622450485,percent_of_generated_MSW,"OECD Environment Statistics, DSD_MUNW@DF_MUNW",computed
2005.0,xsection_country_treated_share_oecd_no_cost,USA_2005,100.0,percent_of_generated_MSW,"OECD Environment Statistics, DSD_MUNW@DF_MUNW",computed
2006.0,xsection_country_treated_share_oecd_no_cost,USA_2006,100.0,percent_of_generated_MSW,"OECD Environment Statistics, DSD_MUNW@DF_MUNW",computed
2007.0,xsection_country_treated_share_oecd_no_cost,USA_2007,100.0,percent_of_generated_MSW,"OECD Environment Statistics, DSD_MUNW@DF_MUNW",computed
2008.0,xsection_country_treated_share_oecd_no_cost,USA_2008,100.00043630017451,percent_of_generated_MSW,"OECD Environment Statistics, DSD_MUNW@DF_MUNW",computed
2009.0,xsection_country_treated_share_oecd_no_cost,USA_2009,100.0,percent_of_generated_MSW,"OECD Environment Statistics, DSD_MUNW@DF_MUNW",computed
2010.0,xsection_country_treated_share_oecd_no_cost,USA_2010,100.0,percent_of_generated_MSW,"OECD Environment Statistics, DSD_MUNW@DF_MUNW",computed
2011.0,xsection_country_treated_share_oecd_no_cost,USA_2011,100.00043747785269,percent_of_generated_MSW,"OECD Environment Statistics, DSD_MUNW@DF_MUNW",computed
2012.0,xsection_country_treated_share_oecd_no_cost,USA_2012,99.99973784656684,percent_of_generated_MSW,"OECD Environment Statistics, DSD_MUNW@DF_MUNW",computed
2013.0,xsection_country_treated_share_oecd_no_cost,USA_2013,100.00017286413396,percent_of_generated_MSW,"OECD Environment Statistics, DSD_MUNW@DF_MUNW",computed
2014.0,xsection_country_treated_share_oecd_no_cost,USA_2014,99.9993601133026,percent_of_generated_MSW,"OECD Environment Statistics, DSD_MUNW@DF_MUNW",computed
2015.0,xsection_country_treated_share_oecd_no_cost,USA_2015,99.99992009494066,percent_of_generated_MSW,"OECD Environment Statistics, DSD_MUNW@DF_MUNW",computed
2016.0,xsection_country_treated_share_oecd_no_cost,USA_2016,100.0,percent_of_generated_MSW,"OECD Environment Statistics, DSD_MUNW@DF_MUNW",computed
2017.0,xsection_country_treated_share_oecd_no_cost,USA_2017,99.99987691009883,percent_of_generated_MSW,"OECD Environment Statistics, DSD_MUNW@DF_MUNW",computed
2018.0,xsection_country_treated_share_oecd_no_cost,USA_2018,99.99981148046278,percent_of_generated_MSW,"OECD Environment Statistics, DSD_MUNW@DF_MUNW",computed
2011.0,eolrr_min,Ag,30.0,percent,"UNEP IRP 2011, Recycling Rates of Metals, appendix tables",computed_from_4_transcribed_estimates
2011.0,eolrr_mid,Ag,63.5,percent,"UNEP IRP 2011, Recycling Rates of Metals, appendix tables",computed_from_4_transcribed_estimates
2011.0,eolrr_max,Ag,97.0,percent,"UNEP IRP 2011, Recycling Rates of Metals, appendix tables",computed_from_4_transcribed_estimates
2011.0,eolrr_min,Al,42.0,percent,"UNEP IRP 2011, Recycling Rates of Metals, appendix tables",computed_from_3_transcribed_estimates
2011.0,eolrr_mid,Al,56.0,percent,"UNEP IRP 2011, Recycling Rates of Metals, appendix tables",computed_from_3_transcribed_estimates
2011.0,eolrr_max,Al,70.0,percent,"UNEP IRP 2011, Recycling Rates of Metals, appendix tables",computed_from_3_transcribed_estimates
2011.0,eolrr_min,Au,15.0,percent,"UNEP IRP 2011, Recycling Rates of Metals, appendix tables",computed_from_4_transcribed_estimates
2011.0,eolrr_mid,Au,55.5,percent,"UNEP IRP 2011, Recycling Rates of Metals, appendix tables",computed_from_4_transcribed_estimates
2011.0,eolrr_max,Au,96.0,percent,"UNEP IRP 2011, Recycling Rates of Metals, appendix tables",computed_from_4_transcribed_estimates
2011.0,eolrr_min,Be,7.0,percent,"UNEP IRP 2011, Recycling Rates of Metals, appendix tables",computed_from_1_transcribed_estimates
2011.0,eolrr_mid,Be,7.0,percent,"UNEP IRP 2011, Recycling Rates of Metals, appendix tables",computed_from_1_transcribed_estimates
2011.0,eolrr_max,Be,7.0,percent,"UNEP IRP 2011, Recycling Rates of Metals, appendix tables",computed_from_1_transcribed_estimates
2011.0,eolrr_min,Cd,15.0,percent,"UNEP IRP 2011, Recycling Rates of Metals, appendix tables",computed_from_1_transcribed_estimates
2011.0,eolrr_mid,Cd,15.0,percent,"UNEP IRP 2011, Recycling Rates of Metals, appendix tables",computed_from_1_transcribed_estimates
2011.0,eolrr_max,Cd,15.0,percent,"UNEP IRP 2011, Recycling Rates of Metals, appendix tables",computed_from_1_transcribed_estimates
2011.0,eolrr_min,Co,68.0,percent,"UNEP IRP 2011, Recycling Rates of Metals, appendix tables",computed_from_1_transcribed_estimates
2011.0,eolrr_mid,Co,68.0,percent,"UNEP IRP 2011, Recycling Rates of Metals, appendix tables",computed_from_1_transcribed_estimates
2011.0,eolrr_max,Co,68.0,percent,"UNEP IRP 2011, Recycling Rates of Metals, appendix tables",computed_from_1_transcribed_estimates
2011.0,eolrr_min,Cr,87.0,percent,"UNEP IRP 2011, Recycling Rates of Metals, appendix tables",computed_from_2_transcribed_estimates
2011.0,eolrr_mid,Cr,90.0,percent,"UNEP IRP 2011, Recycling Rates of Metals, appendix tables",computed_from_2_transcribed_estimates
2011.0,eolrr_max,Cr,93.0,percent,"UNEP IRP 2011, Recycling Rates of Metals, appendix tables",computed_from_2_transcribed_estimates
2011.0,eolrr_min,Cu,43.0,percent,"UNEP IRP 2011, Recycling Rates of Metals, appendix tables",computed_from_2_transcribed_estimates
2011.0,eolrr_mid,Cu,48.0,percent,"UNEP IRP 2011, Recycling Rates of Metals, appendix tables",computed_from_2_transcribed_estimates
2011.0,eolrr_max,Cu,53.0,percent,"UNEP IRP 2011, Recycling Rates of Metals, appendix tables",computed_from_2_transcribed_estimates
2011.0,eolrr_min,Fe,52.0,percent,"UNEP IRP 2011, Recycling Rates of Metals, appendix tables",computed_from_4_transcribed_estimates
2011.0,eolrr_mid,Fe,71.0,percent,"UNEP IRP 2011, Recycling Rates of Metals, appendix tables",computed_from_4_transcribed_estimates
2011.0,eolrr_max,Fe,90.0,percent,"UNEP IRP 2011, Recycling Rates of Metals, appendix tables",computed_from_4_transcribed_estimates
2011.0,eolrr_min,Ge,76.0,percent,"UNEP IRP 2011, Recycling Rates of Metals, appendix tables",computed_from_1_transcribed_estimates
2011.0,eolrr_mid,Ge,76.0,percent,"UNEP IRP 2011, Recycling Rates of Metals, appendix tables",computed_from_1_transcribed_estimates
2011.0,eolrr_max,Ge,76.0,percent,"UNEP IRP 2011, Recycling Rates of Metals, appendix tables",computed_from_1_transcribed_estimates
2011.0,eolrr_min,Hg,1.0,percent,"UNEP IRP 2011, Recycling Rates of Metals, appendix tables",computed_from_3_transcribed_estimates
2011.0,eolrr_mid,Hg,31.5,percent,"UNEP IRP 2011, Recycling Rates of Metals, appendix tables",computed_from_3_transcribed_estimates
2011.0,eolrr_max,Hg,62.0,percent,"UNEP IRP 2011, Recycling Rates of Metals, appendix tables",computed_from_3_transcribed_estimates
2011.0,eolrr_min,Ir,20.0,percent,"UNEP IRP 2011, Recycling Rates of Metals, appendix tables",computed_from_2_transcribed_estimates
2011.0,eolrr_mid,Ir,25.0,percent,"UNEP IRP 2011, Recycling Rates of Metals, appendix tables",computed_from_2_transcribed_estimates
2011.0,eolrr_max,Ir,30.0,percent,"UNEP IRP 2011, Recycling Rates of Metals, appendix tables",computed_from_2_transcribed_estimates
2011.0,eolrr_min,Mg,39.0,percent,"UNEP IRP 2011, Recycling Rates of Metals, appendix tables",computed_from_1_transcribed_estimates
2011.0,eolrr_mid,Mg,39.0,percent,"UNEP IRP 2011, Recycling Rates of Metals, appendix tables",computed_from_1_transcribed_estimates
2011.0,eolrr_max,Mg,39.0,percent,"UNEP IRP 2011, Recycling Rates of Metals, appendix tables",computed_from_1_transcribed_estimates
2011.0,eolrr_min,Mn,53.0,percent,"UNEP IRP 2011, Recycling Rates of Metals, appendix tables",computed_from_1_transcribed_estimates
2011.0,eolrr_mid,Mn,53.0,percent,"UNEP IRP 2011, Recycling Rates of Metals, appendix tables",computed_from_1_transcribed_estimates
2011.0,eolrr_max,Mn,53.0,percent,"UNEP IRP 2011, Recycling Rates of Metals, appendix tables",computed_from_1_transcribed_estimates
2011.0,eolrr_min,Mo,30.0,percent,"UNEP IRP 2011, Recycling Rates of Metals, appendix tables",computed_from_1_transcribed_estimates
2011.0,eolrr_mid,Mo,30.0,percent,"UNEP IRP 2011, Recycling Rates of Metals, appendix tables",computed_from_1_transcribed_estimates
2011.0,eolrr_max,Mo,30.0,percent,"UNEP IRP 2011, Recycling Rates of Metals, appendix tables",computed_from_1_transcribed_estimates
2011.0,eolrr_min,Nb,50.0,percent,"UNEP IRP 2011, Recycling Rates of Metals, appendix tables",computed_from_2_transcribed_estimates
2011.0,eolrr_mid,Nb,53.0,percent,"UNEP IRP 2011, Recycling Rates of Metals, appendix tables",computed_from_2_transcribed_estimates
2011.0,eolrr_max,Nb,56.0,percent,"UNEP IRP 2011, Recycling Rates of Metals, appendix tables",computed_from_2_transcribed_estimates
2011.0,eolrr_min,Ni,57.0,percent,"UNEP IRP 2011, Recycling Rates of Metals, appendix tables",computed_from_5_transcribed_estimates
2011.0,eolrr_mid,Ni,60.0,percent,"UNEP IRP 2011, Recycling Rates of Metals, appendix tables",computed_from_5_transcribed_estimates
2011.0,eolrr_max,Ni,63.0,percent,"UNEP IRP 2011, Recycling Rates of Metals, appendix tables",computed_from_5_transcribed_estimates
2011.0,eolrr_min,Pb,52.0,percent,"UNEP IRP 2011, Recycling Rates of Metals, appendix tables",computed_from_3_transcribed_estimates
2011.0,eolrr_mid,Pb,73.5,percent,"UNEP IRP 2011, Recycling Rates of Metals, appendix tables",computed_from_3_transcribed_estimates
2011.0,eolrr_max,Pb,95.0,percent,"UNEP IRP 2011, Recycling Rates of Metals, appendix tables",computed_from_3_transcribed_estimates
2011.0,eolrr_min,Pd,60.0,percent,"UNEP IRP 2011, Recycling Rates of Metals, appendix tables",computed_from_2_transcribed_estimates
2011.0,eolrr_mid,Pd,65.0,percent,"UNEP IRP 2011, Recycling Rates of Metals, appendix tables",computed_from_2_transcribed_estimates
2011.0,eolrr_max,Pd,70.0,percent,"UNEP IRP 2011, Recycling Rates of Metals, appendix tables",computed_from_2_transcribed_estimates
2011.0,eolrr_min,Pt,60.0,percent,"UNEP IRP 2011, Recycling Rates of Metals, appendix tables",computed_from_3_transcribed_estimates
2011.0,eolrr_mid,Pt,68.0,percent,"UNEP IRP 2011, Recycling Rates of Metals, appendix tables",computed_from_3_transcribed_estimates
2011.0,eolrr_max,Pt,76.0,percent,"UNEP IRP 2011, Recycling Rates of Metals, appendix tables",computed_from_3_transcribed_estimates
2011.0,eolrr_min,Rh,50.0,percent,"UNEP IRP 2011, Recycling Rates of Metals, appendix tables",computed_from_2_transcribed_estimates
2011.0,eolrr_mid,Rh,55.0,percent,"UNEP IRP 2011, Recycling Rates of Metals, appendix tables",computed_from_2_transcribed_estimates
2011.0,eolrr_max,Rh,60.0,percent,"UNEP IRP 2011, Recycling Rates of Metals, appendix tables",computed_from_2_transcribed_estimates
2011.0,eolrr_min,Ru,5.0,percent,"UNEP IRP 2011, Recycling Rates of Metals, appendix tables",computed_from_2_transcribed_estimates
2011.0,eolrr_mid,Ru,10.0,percent,"UNEP IRP 2011, Recycling Rates of Metals, appendix tables",computed_from_2_transcribed_estimates
2011.0,eolrr_max,Ru,15.0,percent,"UNEP IRP 2011, Recycling Rates of Metals, appendix tables",computed_from_2_transcribed_estimates
2011.0,eolrr_min,Sb,89.0,percent,"UNEP IRP 2011, Recycling Rates of Metals, appendix tables",computed_from_1_transcribed_estimates
2011.0,eolrr_mid,Sb,89.0,percent,"UNEP IRP 2011, Recycling Rates of Metals, appendix tables",computed_from_1_transcribed_estimates
2011.0,eolrr_max,Sb,89.0,percent,"UNEP IRP 2011, Recycling Rates of Metals, appendix tables",computed_from_1_transcribed_estimates
2011.0,eolrr_min,Sn,75.0,percent,"UNEP IRP 2011, Recycling Rates of Metals, appendix tables",computed_from_1_transcribed_estimates
2011.0,eolrr_mid,Sn,75.0,percent,"UNEP IRP 2011, Recycling Rates of Metals, appendix tables",computed_from_1_transcribed_estimates
2011.0,eolrr_max,Sn,75.0,percent,"UNEP IRP 2011, Recycling Rates of Metals, appendix tables",computed_from_1_transcribed_estimates
2011.0,eolrr_min,Ta,35.0,percent,"UNEP IRP 2011, Recycling Rates of Metals, appendix tables",computed_from_1_transcribed_estimates
2011.0,eolrr_mid,Ta,35.0,percent,"UNEP IRP 2011, Recycling Rates of Metals, appendix tables",computed_from_1_transcribed_estimates
2011.0,eolrr_max,Ta,35.0,percent,"UNEP IRP 2011, Recycling Rates of Metals, appendix tables",computed_from_1_transcribed_estimates
2011.0,eolrr_min,Ti,91.0,percent,"UNEP IRP 2011, Recycling Rates of Metals, appendix tables",computed_from_1_transcribed_estimates
2011.0,eolrr_mid,Ti,91.0,percent,"UNEP IRP 2011, Recycling Rates of Metals, appendix tables",computed_from_1_transcribed_estimates
2011.0,eolrr_max,Ti,91.0,percent,"UNEP IRP 2011, Recycling Rates of Metals, appendix tables",computed_from_1_transcribed_estimates
2011.0,eolrr_min,Tl,0.0,percent,"UNEP IRP 2011, Recycling Rates of Metals, appendix tables",computed_from_1_transcribed_estimates
2011.0,eolrr_mid,Tl,0.0,percent,"UNEP IRP 2011, Recycling Rates of Metals, appendix tables",computed_from_1_transcribed_estimates
2011.0,eolrr_max,Tl,0.0,percent,"UNEP IRP 2011, Recycling Rates of Metals, appendix tables",computed_from_1_transcribed_estimates
2011.0,eolrr_min,W,10.0,percent,"UNEP IRP 2011, Recycling Rates of Metals, appendix tables",computed_from_3_transcribed_estimates
2011.0,eolrr_mid,W,38.0,percent,"UNEP IRP 2011, Recycling Rates of Metals, appendix tables",computed_from_3_transcribed_estimates
2011.0,eolrr_max,W,66.0,percent,"UNEP IRP 2011, Recycling Rates of Metals, appendix tables",computed_from_3_transcribed_estimates
2011.0,eolrr_min,Y,0.0,percent,"UNEP IRP 2011, Recycling Rates of Metals, appendix tables",computed_from_1_transcribed_estimates
2011.0,eolrr_mid,Y,0.0,percent,"UNEP IRP 2011, Recycling Rates of Metals, appendix tables",computed_from_1_transcribed_estimates
2011.0,eolrr_max,Y,0.0,percent,"UNEP IRP 2011, Recycling Rates of Metals, appendix tables",computed_from_1_transcribed_estimates
2011.0,eolrr_min,Zn,19.0,percent,"UNEP IRP 2011, Recycling Rates of Metals, appendix tables",computed_from_4_transcribed_estimates
2011.0,eolrr_mid,Zn,39.5,percent,"UNEP IRP 2011, Recycling Rates of Metals, appendix tables",computed_from_4_transcribed_estimates
2011.0,eolrr_max,Zn,60.0,percent,"UNEP IRP 2011, Recycling Rates of Metals, appendix tables",computed_from_4_transcribed_estimates
2024.0,world_mine_production_weight,Fe,1600000000.0,tonnes_contained_metal,USGS Mineral Commodity Summaries 2026 via data/interim/b3_usgs_mcs.csv,transcribed
2024.0,world_mine_production_share,Fe,93.43215293993204,percent,USGS Mineral Commodity Summaries 2026 via data/interim/b3_usgs_mcs.csv,computed
2024.0,world_mine_production_weight,Cr,49600000.0,tonnes_contained_metal,USGS Mineral Commodity Summaries 2026 via data/interim/b3_usgs_mcs.csv,transcribed
2024.0,world_mine_production_share,Cr,2.896396741137893,percent,USGS Mineral Commodity Summaries 2026 via data/interim/b3_usgs_mcs.csv,computed
2024.0,world_mine_production_weight,Cu,23000000.0,tonnes_contained_metal,USGS Mineral Commodity Summaries 2026 via data/interim/b3_usgs_mcs.csv,transcribed
2024.0,world_mine_production_share,Cu,1.3430871985115231,percent,USGS Mineral Commodity Summaries 2026 via data/interim/b3_usgs_mcs.csv,computed
2024.0,world_mine_production_weight,Mn,18700000.0,tonnes_contained_metal,USGS Mineral Commodity Summaries 2026 via data/interim/b3_usgs_mcs.csv,transcribed
2024.0,world_mine_production_share,Mn,1.0919882874854556,percent,USGS Mineral Commodity Summaries 2026 via data/interim/b3_usgs_mcs.csv,computed
2024.0,world_mine_production_weight,Zn,11900000.0,tonnes_contained_metal,USGS Mineral Commodity Summaries 2026 via data/interim/b3_usgs_mcs.csv,transcribed
2024.0,world_mine_production_share,Zn,0.6949016374907445,percent,USGS Mineral Commodity Summaries 2026 via data/interim/b3_usgs_mcs.csv,computed
2024.0,world_mine_production_weight,Pb,4600000.0,tonnes_contained_metal,USGS Mineral Commodity Summaries 2026 via data/interim/b3_usgs_mcs.csv,transcribed
2024.0,world_mine_production_share,Pb,0.2686174397023046,percent,USGS Mineral Commodity Summaries 2026 via data/interim/b3_usgs_mcs.csv,computed
2024.0,world_mine_production_weight,Ni,3710000.0,tonnes_contained_metal,USGS Mineral Commodity Summaries 2026 via data/interim/b3_usgs_mcs.csv,transcribed
2024.0,world_mine_production_share,Ni,0.21664580462946742,percent,USGS Mineral Commodity Summaries 2026 via data/interim/b3_usgs_mcs.csv,computed
2024.0,world_mine_production_weight,Co,302000.0,tonnes_contained_metal,USGS Mineral Commodity Summaries 2026 via data/interim/b3_usgs_mcs.csv,transcribed
2024.0,world_mine_production_share,Co,0.01763531886741217,percent,USGS Mineral Commodity Summaries 2026 via data/interim/b3_usgs_mcs.csv,computed
2024.0,world_mine_production_weight,Sn,294000.0,tonnes_contained_metal,USGS Mineral Commodity Summaries 2026 via data/interim/b3_usgs_mcs.csv,transcribed
2024.0,world_mine_production_share,Sn,0.01716815810271251,percent,USGS Mineral Commodity Summaries 2026 via data/interim/b3_usgs_mcs.csv,computed
2024.0,world_mine_production_weight,Mo,256000.0,tonnes_contained_metal,USGS Mineral Commodity Summaries 2026 via data/interim/b3_usgs_mcs.csv,transcribed
2024.0,world_mine_production_share,Mo,0.014949144470389126,percent,USGS Mineral Commodity Summaries 2026 via data/interim/b3_usgs_mcs.csv,computed
2024.0,world_mine_production_weight,W,82000.0,tonnes_contained_metal,USGS Mineral Commodity Summaries 2026 via data/interim/b3_usgs_mcs.csv,transcribed
2024.0,world_mine_production_share,W,0.004788397838171517,percent,USGS Mineral Commodity Summaries 2026 via data/interim/b3_usgs_mcs.csv,computed
2024.0,world_mine_production_weight,Ag,25300.0,tonnes_contained_metal,USGS Mineral Commodity Summaries 2026 via data/interim/b3_usgs_mcs.csv,transcribed
2024.0,world_mine_production_share,Ag,0.0014773959183626752,percent,USGS Mineral Commodity Summaries 2026 via data/interim/b3_usgs_mcs.csv,computed
2024.0,world_mine_production_weight,Au,3280.0,tonnes_contained_metal,USGS Mineral Commodity Summaries 2026 via data/interim/b3_usgs_mcs.csv,transcribed
2024.0,world_mine_production_share,Au,0.00019153591352686069,percent,USGS Mineral Commodity Summaries 2026 via data/interim/b3_usgs_mcs.csv,computed
2024.0,eolrr_massweighted_min,metals_only,52.686370137383456,percent,"UNEP IRP 2011 appendix tables, weighted by USGS Mineral Commodity Summaries 2026 world mine production 2024","computed_over_13_metals; aluminium and titanium are excluded: the USGS world-production rows for bauxite and for ilmenite-rutile are gross weight of ore, not contained metal"
2024.0,eolrr_massweighted_mid,metals_only,70.80114566856305,percent,"UNEP IRP 2011 appendix tables, weighted by USGS Mineral Commodity Summaries 2026 world mine production 2024","computed_over_13_metals; aluminium and titanium are excluded: the USGS world-production rows for bauxite and for ilmenite-rutile are gross weight of ore, not contained metal"
2024.0,eolrr_massweighted_max,metals_only,88.91592119974266,percent,"UNEP IRP 2011 appendix tables, weighted by USGS Mineral Commodity Summaries 2026 world mine production 2024","computed_over_13_metals; aluminium and titanium are excluded: the USGS world-production rows for bauxite and for ilmenite-rutile are gross weight of ore, not contained metal"
2017.0,gradient__recovered_eol_material,steel,298.0,Mt_per_year,"Cullen 2017, J. Ind. Ecol. 21(3):483-486, table 1 (accepted version, Cambridge Apollo)",transcribed
2017.0,gradient__total_material_demand,steel,1500.0,Mt_per_year,"Cullen 2017, J. Ind. Ecol. 21(3):483-486, table 1 (accepted version, Cambridge Apollo)",transcribed
2017.0,gradient__energy_to_recover_material,steel,6.7,MJ_per_kg,"Cullen 2017, J. Ind. Ecol. 21(3):483-486, table 1 (accepted version, Cambridge Apollo)",transcribed
2017.0,gradient__energy_for_primary_production,steel,21.7,MJ_per_kg,"Cullen 2017, J. Ind. Ecol. 21(3):483-486, table 1 (accepted version, Cambridge Apollo)",transcribed
2017.0,gradient__cullen_alpha_quantity_circularity,steel,0.2,ratio,"Cullen 2017, J. Ind. Ecol. 21(3):483-486, table 1 (accepted version, Cambridge Apollo)",transcribed
2017.0,gradient__cullen_beta_quality_circularity,steel,0.69,ratio,"Cullen 2017, J. Ind. Ecol. 21(3):483-486, table 1 (accepted version, Cambridge Apollo)",transcribed
2017.0,gradient__cullen_circularity_index,steel,0.14,ratio,"Cullen 2017, J. Ind. Ecol. 21(3):483-486, table 1 (accepted version, Cambridge Apollo)",transcribed
2017.0,gradient__recovered_eol_material,concrete,660.0,Mt_per_year,"Cullen 2017, J. Ind. Ecol. 21(3):483-486, table 1 (accepted version, Cambridge Apollo)",transcribed
2017.0,gradient__total_material_demand,concrete,32800.0,Mt_per_year,"Cullen 2017, J. Ind. Ecol. 21(3):483-486, table 1 (accepted version, Cambridge Apollo)",transcribed
2017.0,gradient__energy_to_recover_material,concrete,3.4,MJ_per_kg,"Cullen 2017, J. Ind. Ecol. 21(3):483-486, table 1 (accepted version, Cambridge Apollo)",transcribed
2017.0,gradient__energy_for_primary_production,concrete,3.4,MJ_per_kg,"Cullen 2017, J. Ind. Ecol. 21(3):483-486, table 1 (accepted version, Cambridge Apollo)",transcribed
2017.0,gradient__cullen_alpha_quantity_circularity,concrete,0.02,ratio,"Cullen 2017, J. Ind. Ecol. 21(3):483-486, table 1 (accepted version, Cambridge Apollo)",transcribed
2017.0,gradient__cullen_beta_quality_circularity,concrete,0.0,ratio,"Cullen 2017, J. Ind. Ecol. 21(3):483-486, table 1 (accepted version, Cambridge Apollo)",transcribed
2017.0,gradient__cullen_circularity_index,concrete,0.0,ratio,"Cullen 2017, J. Ind. Ecol. 21(3):483-486, table 1 (accepted version, Cambridge Apollo)",transcribed
2017.0,gradient__recovered_eol_material,plastic,28.0,Mt_per_year,"Cullen 2017, J. Ind. Ecol. 21(3):483-486, table 1 (accepted version, Cambridge Apollo)",transcribed
2017.0,gradient__total_material_demand,plastic,299.0,Mt_per_year,"Cullen 2017, J. Ind. Ecol. 21(3):483-486, table 1 (accepted version, Cambridge Apollo)",transcribed
2017.0,gradient__energy_to_recover_material,plastic,9.6,MJ_per_kg,"Cullen 2017, J. Ind. Ecol. 21(3):483-486, table 1 (accepted version, Cambridge Apollo)",transcribed
2017.0,gradient__energy_for_primary_production,plastic,38.4,MJ_per_kg,"Cullen 2017, J. Ind. Ecol. 21(3):483-486, table 1 (accepted version, Cambridge Apollo)",transcribed
2017.0,gradient__cullen_alpha_quantity_circularity,plastic,0.09,ratio,"Cullen 2017, J. Ind. Ecol. 21(3):483-486, table 1 (accepted version, Cambridge Apollo)",transcribed
2017.0,gradient__cullen_beta_quality_circularity,plastic,0.75,ratio,"Cullen 2017, J. Ind. Ecol. 21(3):483-486, table 1 (accepted version, Cambridge Apollo)",transcribed
2017.0,gradient__cullen_circularity_index,plastic,0.07,ratio,"Cullen 2017, J. Ind. Ecol. 21(3):483-486, table 1 (accepted version, Cambridge Apollo)",transcribed
2017.0,gradient__recovered_eol_material,paper,156.0,Mt_per_year,"Cullen 2017, J. Ind. Ecol. 21(3):483-486, table 1 (accepted version, Cambridge Apollo)",transcribed
2017.0,gradient__total_material_demand,paper,408.0,Mt_per_year,"Cullen 2017, J. Ind. Ecol. 21(3):483-486, table 1 (accepted version, Cambridge Apollo)",transcribed
2017.0,gradient__energy_to_recover_material,paper,23.4,MJ_per_kg,"Cullen 2017, J. Ind. Ecol. 21(3):483-486, table 1 (accepted version, Cambridge Apollo)",transcribed
2017.0,gradient__energy_for_primary_production,paper,26.2,MJ_per_kg,"Cullen 2017, J. Ind. Ecol. 21(3):483-486, table 1 (accepted version, Cambridge Apollo)",transcribed
2017.0,gradient__cullen_alpha_quantity_circularity,paper,0.38,ratio,"Cullen 2017, J. Ind. Ecol. 21(3):483-486, table 1 (accepted version, Cambridge Apollo)",transcribed
2017.0,gradient__cullen_beta_quality_circularity,paper,0.11,ratio,"Cullen 2017, J. Ind. Ecol. 21(3):483-486, table 1 (accepted version, Cambridge Apollo)",transcribed
2017.0,gradient__cullen_circularity_index,paper,0.04,ratio,"Cullen 2017, J. Ind. Ecol. 21(3):483-486, table 1 (accepted version, Cambridge Apollo)",transcribed
2017.0,gradient__recovered_eol_material,aluminium,11.0,Mt_per_year,"Cullen 2017, J. Ind. Ecol. 21(3):483-486, table 1 (accepted version, Cambridge Apollo)",transcribed
2017.0,gradient__total_material_demand,aluminium,54.0,Mt_per_year,"Cullen 2017, J. Ind. Ecol. 21(3):483-486, table 1 (accepted version, Cambridge Apollo)",transcribed
2017.0,gradient__energy_to_recover_material,aluminium,7.6,MJ_per_kg,"Cullen 2017, J. Ind. Ecol. 21(3):483-486, table 1 (accepted version, Cambridge Apollo)",transcribed
2017.0,gradient__energy_for_primary_production,aluminium,174.0,MJ_per_kg,"Cullen 2017, J. Ind. Ecol. 21(3):483-486, table 1 (accepted version, Cambridge Apollo)",transcribed
2017.0,gradient__cullen_alpha_quantity_circularity,aluminium,0.21,ratio,"Cullen 2017, J. Ind. Ecol. 21(3):483-486, table 1 (accepted version, Cambridge Apollo)",transcribed
2017.0,gradient__cullen_beta_quality_circularity,aluminium,0.96,ratio,"Cullen 2017, J. Ind. Ecol. 21(3):483-486, table 1 (accepted version, Cambridge Apollo)",transcribed
2017.0,gradient__cullen_circularity_index,aluminium,0.2,ratio,"Cullen 2017, J. Ind. Ecol. 21(3):483-486, table 1 (accepted version, Cambridge Apollo)",transcribed
,gradient__energy_saving_factor_recycling_vs_mine_low,metals,10.0,ratio,"Reck and Graedel 2012, Science 337:690-695, p. 691",transcribed
,gradient__energy_saving_factor_recycling_vs_mine_high,metals,20.0,ratio,"Reck and Graedel 2012, Science 337:690-695, p. 691",transcribed
,gradient__sorting_electricity_per_tonne_recycled,MSW,39.0,kWh_per_tonne,"UNEP 2024, Global Waste Management Outlook 2024, annex 3, p. 61",transcribed
,gradient__sorting_transport_per_tonne_recycled,MSW,50.0,tonne_km_per_tonne,"UNEP 2024, Global Waste Management Outlook 2024, annex 3, p. 61",transcribed
,gradient__epa_packaging_investment_low,US_residential_packaging,22000000000.0,USD,"US EPA 2024, An Assessment of the U.S. Recycling System: Financial Estimates to Improve Recycling Infrastructure, section 2.1",transcribed
,gradient__epa_packaging_investment_high,US_residential_packaging,28000000000.0,USD,"US EPA 2024, An Assessment of the U.S. Recycling System: Financial Estimates to Improve Recycling Infrastructure, section 2.1",transcribed
,gradient__epa_packaging_added_recovery_low,US_residential_packaging,38000000.0,tonnes_per_year,"US EPA 2024, An Assessment of the U.S. Recycling System: Financial Estimates to Improve Recycling Infrastructure, section 2.1",transcribed
,gradient__epa_packaging_added_recovery_high,US_residential_packaging,45000000.0,tonnes_per_year,"US EPA 2024, An Assessment of the U.S. Recycling System: Financial Estimates to Improve Recycling Infrastructure, section 2.1",transcribed
,gradient__epa_packaging_rate_from,US_residential_packaging,32.0,percent,"US EPA 2024, An Assessment of the U.S. Recycling System: Financial Estimates to Improve Recycling Infrastructure, section 2.1",transcribed
,gradient__epa_packaging_rate_to_low,US_residential_packaging,45.0,percent,"US EPA 2024, An Assessment of the U.S. Recycling System: Financial Estimates to Improve Recycling Infrastructure, section 2.1",transcribed
,gradient__epa_packaging_rate_to_high,US_residential_packaging,47.0,percent,"US EPA 2024, An Assessment of the U.S. Recycling System: Financial Estimates to Improve Recycling Infrastructure, section 2.1",transcribed
,gradient__epa_all_investment_low,US_residential_packaging_and_organics,36000000000.0,USD,"US EPA 2024, An Assessment of the U.S. Recycling System: Financial Estimates to Improve Recycling Infrastructure, executive summary, p. ES-2",transcribed
,gradient__epa_all_investment_high,US_residential_packaging_and_organics,43000000000.0,USD,"US EPA 2024, An Assessment of the U.S. Recycling System: Financial Estimates to Improve Recycling Infrastructure, executive summary, p. ES-2",transcribed
,gradient__epa_all_added_recovery_low,US_residential_packaging_and_organics,82000000.0,tonnes_per_year,"US EPA 2024, An Assessment of the U.S. Recycling System: Financial Estimates to Improve Recycling Infrastructure, executive summary, p. ES-2",transcribed
,gradient__epa_all_added_recovery_high,US_residential_packaging_and_organics,89000000.0,tonnes_per_year,"US EPA 2024, An Assessment of the U.S. Recycling System: Financial Estimates to Improve Recycling Infrastructure, executive summary, p. ES-2",transcribed
,gradient__epa_all_rate_from,US_residential_packaging_and_organics,32.0,percent,"US EPA 2024, An Assessment of the U.S. Recycling System: Financial Estimates to Improve Recycling Infrastructure, executive summary, p. ES-2",transcribed
,gradient__epa_all_rate_to,US_residential_packaging_and_organics,61.0,percent,"US EPA 2024, An Assessment of the U.S. Recycling System: Financial Estimates to Improve Recycling Infrastructure, executive summary, p. ES-2",transcribed
,gradient__us_average_landfill_tipping_fee,US_MSW,53.72,USD_per_ton,"US EPA 2024, An Assessment of the U.S. Recycling System: Financial Estimates to Improve Recycling Infrastructure, section 5",transcribed
,gradient__us_regional_landfill_tipping_fee_low,US_MSW_South_Central,39.66,USD_per_ton,"US EPA 2024, An Assessment of the U.S. Recycling System: Financial Estimates to Improve Recycling Infrastructure, section 5",transcribed
,gradient__us_regional_landfill_tipping_fee_high,US_MSW_Northeast,72.03,USD_per_ton,"US EPA 2024, An Assessment of the U.S. Recycling System: Financial Estimates to Improve Recycling Infrastructure, section 5",transcribed
,gradient__cost_initial_sorting_low,plastics_flexibles,110.08,EUR_per_tonne_output,"Van Camp et al. 2024, Waste Management 189:300-313, abstract and section 4",transcribed
,gradient__cost_initial_sorting_high,plastics_flexibles,122.53,EUR_per_tonne_output,"Van Camp et al. 2024, Waste Management 189:300-313, abstract and section 4",transcribed
,gradient__cost_additional_sorting_and_improved_recycling_low,plastics_rPE_flex,566.26,EUR_per_tonne_output,"Van Camp et al. 2024, Waste Management 189:300-313, abstract and section 4",transcribed
,gradient__cost_additional_sorting_and_improved_recycling_high,plastics_rPP_film,735.47,EUR_per_tonne_output,"Van Camp et al. 2024, Waste Management 189:300-313, abstract and section 4",transcribed
,gradient__cost_reduction_from_rationalisation_low,plastics_flexibles,15.0,percent,"Van Camp et al. 2024, Waste Management 189:300-313, abstract",transcribed
,gradient__cost_reduction_from_rationalisation_high,plastics_flexibles,26.0,percent,"Van Camp et al. 2024, Waste Management 189:300-313, abstract",transcribed
,gradient__required_recycling_rate_to_break_even_mean,imported_plastic_waste,63.0,percent,"Li, Ward, Lin and Tukker 2024, Nature Communications 15:7527, abstract and results",transcribed
,gradient__observed_domestic_recycling_rate_mean,imported_plastic_waste,23.0,percent,"Li, Ward, Lin and Tukker 2024, Nature Communications 15:7527, abstract and results",transcribed
,gradient__required_recycling_rate_to_break_even_PVC,plastic_PVC,83.0,percent,"Li, Ward, Lin and Tukker 2024, Nature Communications 15:7527, results",transcribed
,gradient__labour_cost_per_kg_germany,plastic_waste,0.26,USD_per_kg,"Li, Ward, Lin and Tukker 2024, Nature Communications 15:7527, results",transcribed
,gradient__labour_cost_per_kg_thailand,plastic_waste,0.052,USD_per_kg,"Li, Ward, Lin and Tukker 2024, Nature Communications 15:7527, results",transcribed
,gradient__times_a_unit_of_metal_is_reused_low,iron_copper_nickel,2.0,count,"Reck and Graedel 2012, Science 337:690-695, p. 692",transcribed
,gradient__times_a_unit_of_metal_is_reused_high,iron_copper_nickel,3.0,count,"Reck and Graedel 2012, Science 337:690-695, p. 692",transcribed
,gradient__eolrr_best_attainable,platinum_group_metals,60.0,percent,"Reck and Graedel 2012, Science 337:690-695, p. 691",transcribed
,gradient__eolrr_nickel_life_cycle_efficiency,nickel,52.0,percent,"Reck and Graedel 2012, Science 337:690-695, p. 692, figure 2B caption",transcribed_figure_caption
,gradient__plateau_of_aggregate_recycling_rates,,,OECD aggregate recycling rates have plateaued in recent decades,"Fullerton and Kinnaman 2024, NBER working paper 32981, abstract",qualitative
,gradient__economies_of_scale_in_sorting,,,"capital-intensive sense-and-sort methods reach a lower cost per additional tonne recycled but require a high fixed outlay, so unit cost falls with scale before it rises with the rate","Fullerton and Kinnaman 2024, NBER working paper 32981, section on heterogeneity",qualitative
,gradient__recovery_grade_trade_off,,,an MRF network-flow model in which profit rises with the recovery rate but not with grade beyond the concentration requirement; the cost-against-recovery results are shown only in figures 5 and 6 and are therefore not transcribed,"Ip, Testa, Raymond, Graves and Gutowski 2018, Resour. Conserv. Recycl. 131:192-205, section 4",qualitative
,gradient__mass_retention_raises_unit_cost,,,"lower mass retention leaves less output to bear the same incurred cost and adds a disposal fee, so the cost per tonne of product rises as yield falls","Van Camp et al. 2024, Waste Management 189:300-313, section 4.1",qualitative
,gradient__quality_ceiling_is_material_specific,,,"trace copper in scrap steel, fibre shortening in paper, silicon in aluminium and the aggregate fraction limit in concrete each cap the share of a stream that can re-enter its original use","Cullen 2017, J. Ind. Ecol. 21(3):483-486, table 1 (accepted version, Cambridge Apollo)",qualitative
2018.0,aggregate__circularity_metric_input_technical_cycling_rate,World,7.2,percent_denominator_includes_fossil_fuels_burnt_for_energy,"Circle Economy 2025, Circularity Gap Report 2025, table one, p. 23",transcribed
2018.0,aggregate__circularity_metric_input_technical_cycling_scale,World,7.1,Gt_per_year_denominator_includes_fossil_fuels_burnt_for_energy,"Circle Economy 2025, Circularity Gap Report 2025, table one, p. 23",transcribed
2021.0,aggregate__circularity_metric_input_technical_cycling_rate,World,6.9,percent_denominator_includes_fossil_fuels_burnt_for_energy,"Circle Economy 2025, Circularity Gap Report 2025, table one, p. 23",transcribed
2021.0,aggregate__circularity_metric_input_technical_cycling_scale,World,7.3,Gt_per_year_denominator_includes_fossil_fuels_burnt_for_energy,"Circle Economy 2025, Circularity Gap Report 2025, table one, p. 23",transcribed
