year,series,value,unit,source,method
1880,co2_cement_process,0.000172324,GtCO2,GCP fossil CO2 dataset 2025v15 (Andrew and Peters 2025); GCB 2025,observed
1881,co2_cement_process,0.000207825,GtCO2,GCP fossil CO2 dataset 2025v15 (Andrew and Peters 2025); GCB 2025,observed
1882,co2_cement_process,0.000270173,GtCO2,GCP fossil CO2 dataset 2025v15 (Andrew and Peters 2025); GCB 2025,observed
1883,co2_cement_process,0.000348315,GtCO2,GCP fossil CO2 dataset 2025v15 (Andrew and Peters 2025); GCB 2025,observed
1884,co2_cement_process,0.00033252,GtCO2,GCP fossil CO2 dataset 2025v15 (Andrew and Peters 2025); GCB 2025,observed
1885,co2_cement_process,0.00034499,GtCO2,GCP fossil CO2 dataset 2025v15 (Andrew and Peters 2025); GCB 2025,observed
1886,co2_cement_process,0.000374085,GtCO2,GCP fossil CO2 dataset 2025v15 (Andrew and Peters 2025); GCB 2025,observed
1887,co2_cement_process,0.000556368,GtCO2,GCP fossil CO2 dataset 2025v15 (Andrew and Peters 2025); GCB 2025,observed
1888,co2_cement_process,0.000540619,GtCO2,GCP fossil CO2 dataset 2025v15 (Andrew and Peters 2025); GCB 2025,observed
1889,co2_cement_process,0.00058191,GtCO2,GCP fossil CO2 dataset 2025v15 (Andrew and Peters 2025); GCB 2025,observed
1890,co2_cement_process,0.000665041,GtCO2,GCP fossil CO2 dataset 2025v15 (Andrew and Peters 2025); GCB 2025,observed
1891,co2_cement_process,0.000683561,GtCO2,GCP fossil CO2 dataset 2025v15 (Andrew and Peters 2025); GCB 2025,observed
1892,co2_cement_process,0.000728105,GtCO2,GCP fossil CO2 dataset 2025v15 (Andrew and Peters 2025); GCB 2025,observed
1893,co2_cement_process,0.000665246,GtCO2,GCP fossil CO2 dataset 2025v15 (Andrew and Peters 2025); GCB 2025,observed
1894,co2_cement_process,0.000695154,GtCO2,GCP fossil CO2 dataset 2025v15 (Andrew and Peters 2025); GCB 2025,observed
1895,co2_cement_process,0.000725842,GtCO2,GCP fossil CO2 dataset 2025v15 (Andrew and Peters 2025); GCB 2025,observed
1896,co2_cement_process,0.000790856,GtCO2,GCP fossil CO2 dataset 2025v15 (Andrew and Peters 2025); GCB 2025,observed
1897,co2_cement_process,0.000913555,GtCO2,GCP fossil CO2 dataset 2025v15 (Andrew and Peters 2025); GCB 2025,observed
1898,co2_cement_process,0.001006805,GtCO2,GCP fossil CO2 dataset 2025v15 (Andrew and Peters 2025); GCB 2025,observed
1899,co2_cement_process,0.001290216,GtCO2,GCP fossil CO2 dataset 2025v15 (Andrew and Peters 2025); GCB 2025,observed
1900,co2_cement_process,0.001394622,GtCO2,GCP fossil CO2 dataset 2025v15 (Andrew and Peters 2025); GCB 2025,observed
1901,co2_cement_process,0.00166622,GtCO2,GCP fossil CO2 dataset 2025v15 (Andrew and Peters 2025); GCB 2025,observed
1902,co2_cement_process,0.002158012,GtCO2,GCP fossil CO2 dataset 2025v15 (Andrew and Peters 2025); GCB 2025,observed
1903,co2_cement_process,0.002548447,GtCO2,GCP fossil CO2 dataset 2025v15 (Andrew and Peters 2025); GCB 2025,observed
1904,co2_cement_process,0.002748608,GtCO2,GCP fossil CO2 dataset 2025v15 (Andrew and Peters 2025); GCB 2025,observed
1905,co2_cement_process,0.003512206,GtCO2,GCP fossil CO2 dataset 2025v15 (Andrew and Peters 2025); GCB 2025,observed
1906,co2_cement_process,0.004497297,GtCO2,GCP fossil CO2 dataset 2025v15 (Andrew and Peters 2025); GCB 2025,observed
1907,co2_cement_process,0.004629558,GtCO2,GCP fossil CO2 dataset 2025v15 (Andrew and Peters 2025); GCB 2025,observed
1908,co2_cement_process,0.004824123,GtCO2,GCP fossil CO2 dataset 2025v15 (Andrew and Peters 2025); GCB 2025,observed
1909,co2_cement_process,0.006060403,GtCO2,GCP fossil CO2 dataset 2025v15 (Andrew and Peters 2025); GCB 2025,observed
1910,co2_cement_process,0.007082826,GtCO2,GCP fossil CO2 dataset 2025v15 (Andrew and Peters 2025); GCB 2025,observed
1911,co2_cement_process,0.007257672,GtCO2,GCP fossil CO2 dataset 2025v15 (Andrew and Peters 2025); GCB 2025,observed
1912,co2_cement_process,0.007628835,GtCO2,GCP fossil CO2 dataset 2025v15 (Andrew and Peters 2025); GCB 2025,observed
1913,co2_cement_process,0.00851614,GtCO2,GCP fossil CO2 dataset 2025v15 (Andrew and Peters 2025); GCB 2025,observed
1914,co2_cement_process,0.008110754,GtCO2,GCP fossil CO2 dataset 2025v15 (Andrew and Peters 2025); GCB 2025,observed
1915,co2_cement_process,0.00791495,GtCO2,GCP fossil CO2 dataset 2025v15 (Andrew and Peters 2025); GCB 2025,observed
1916,co2_cement_process,0.008440673,GtCO2,GCP fossil CO2 dataset 2025v15 (Andrew and Peters 2025); GCB 2025,observed
1917,co2_cement_process,0.00850897,GtCO2,GCP fossil CO2 dataset 2025v15 (Andrew and Peters 2025); GCB 2025,observed
1918,co2_cement_process,0.006518639,GtCO2,GCP fossil CO2 dataset 2025v15 (Andrew and Peters 2025); GCB 2025,observed
1919,co2_cement_process,0.007399113,GtCO2,GCP fossil CO2 dataset 2025v15 (Andrew and Peters 2025); GCB 2025,observed
1920,co2_cement_process,0.009069941,GtCO2,GCP fossil CO2 dataset 2025v15 (Andrew and Peters 2025); GCB 2025,observed
1921,co2_cement_process,0.008939908,GtCO2,GCP fossil CO2 dataset 2025v15 (Andrew and Peters 2025); GCB 2025,observed
1922,co2_cement_process,0.010447575,GtCO2,GCP fossil CO2 dataset 2025v15 (Andrew and Peters 2025); GCB 2025,observed
1923,co2_cement_process,0.012506551,GtCO2,GCP fossil CO2 dataset 2025v15 (Andrew and Peters 2025); GCB 2025,observed
1924,co2_cement_process,0.013582262,GtCO2,GCP fossil CO2 dataset 2025v15 (Andrew and Peters 2025); GCB 2025,observed
1925,co2_cement_process,0.014428664,GtCO2,GCP fossil CO2 dataset 2025v15 (Andrew and Peters 2025); GCB 2025,observed
1926,co2_cement_process,0.014740364,GtCO2,GCP fossil CO2 dataset 2025v15 (Andrew and Peters 2025); GCB 2025,observed
1927,co2_cement_process,0.015448016,GtCO2,GCP fossil CO2 dataset 2025v15 (Andrew and Peters 2025); GCB 2025,observed
1928,co2_cement_process,0.035583017,GtCO2,GCP fossil CO2 dataset 2025v15 (Andrew and Peters 2025); GCB 2025,observed
1929,co2_cement_process,0.036872743,GtCO2,GCP fossil CO2 dataset 2025v15 (Andrew and Peters 2025); GCB 2025,observed
1930,co2_cement_process,0.035561065,GtCO2,GCP fossil CO2 dataset 2025v15 (Andrew and Peters 2025); GCB 2025,observed
1931,co2_cement_process,0.030894293,GtCO2,GCP fossil CO2 dataset 2025v15 (Andrew and Peters 2025); GCB 2025,observed
1932,co2_cement_process,0.024694074,GtCO2,GCP fossil CO2 dataset 2025v15 (Andrew and Peters 2025); GCB 2025,observed
1933,co2_cement_process,0.023839037,GtCO2,GCP fossil CO2 dataset 2025v15 (Andrew and Peters 2025); GCB 2025,observed
1934,co2_cement_process,0.028514343,GtCO2,GCP fossil CO2 dataset 2025v15 (Andrew and Peters 2025); GCB 2025,observed
1935,co2_cement_process,0.032057657,GtCO2,GCP fossil CO2 dataset 2025v15 (Andrew and Peters 2025); GCB 2025,observed
1936,co2_cement_process,0.038736194,GtCO2,GCP fossil CO2 dataset 2025v15 (Andrew and Peters 2025); GCB 2025,observed
1937,co2_cement_process,0.040803909,GtCO2,GCP fossil CO2 dataset 2025v15 (Andrew and Peters 2025); GCB 2025,observed
1938,co2_cement_process,0.038521028,GtCO2,GCP fossil CO2 dataset 2025v15 (Andrew and Peters 2025); GCB 2025,observed
1939,co2_cement_process,0.03565939,GtCO2,GCP fossil CO2 dataset 2025v15 (Andrew and Peters 2025); GCB 2025,observed
1940,co2_cement_process,0.031430612,GtCO2,GCP fossil CO2 dataset 2025v15 (Andrew and Peters 2025); GCB 2025,observed
1941,co2_cement_process,0.043292988,GtCO2,GCP fossil CO2 dataset 2025v15 (Andrew and Peters 2025); GCB 2025,observed
1942,co2_cement_process,0.038376329,GtCO2,GCP fossil CO2 dataset 2025v15 (Andrew and Peters 2025); GCB 2025,observed
1943,co2_cement_process,0.034768878,GtCO2,GCP fossil CO2 dataset 2025v15 (Andrew and Peters 2025); GCB 2025,observed
1944,co2_cement_process,0.022663946,GtCO2,GCP fossil CO2 dataset 2025v15 (Andrew and Peters 2025); GCB 2025,observed
1945,co2_cement_process,0.022985655,GtCO2,GCP fossil CO2 dataset 2025v15 (Andrew and Peters 2025); GCB 2025,observed
1946,co2_cement_process,0.036306133,GtCO2,GCP fossil CO2 dataset 2025v15 (Andrew and Peters 2025); GCB 2025,observed
1947,co2_cement_process,0.043140791,GtCO2,GCP fossil CO2 dataset 2025v15 (Andrew and Peters 2025); GCB 2025,observed
1948,co2_cement_process,0.051635058,GtCO2,GCP fossil CO2 dataset 2025v15 (Andrew and Peters 2025); GCB 2025,observed
1949,co2_cement_process,0.058188834,GtCO2,GCP fossil CO2 dataset 2025v15 (Andrew and Peters 2025); GCB 2025,observed
1950,co2_cement_process,0.066899612,GtCO2,GCP fossil CO2 dataset 2025v15 (Andrew and Peters 2025); GCB 2025,observed
1951,co2_cement_process,0.075765973,GtCO2,GCP fossil CO2 dataset 2025v15 (Andrew and Peters 2025); GCB 2025,observed
1952,co2_cement_process,0.080746256,GtCO2,GCP fossil CO2 dataset 2025v15 (Andrew and Peters 2025); GCB 2025,observed
1953,co2_cement_process,0.089545662,GtCO2,GCP fossil CO2 dataset 2025v15 (Andrew and Peters 2025); GCB 2025,observed
1954,co2_cement_process,0.097133677,GtCO2,GCP fossil CO2 dataset 2025v15 (Andrew and Peters 2025); GCB 2025,observed
1955,co2_cement_process,0.10743567,GtCO2,GCP fossil CO2 dataset 2025v15 (Andrew and Peters 2025); GCB 2025,observed
1956,co2_cement_process,0.1164876,GtCO2,GCP fossil CO2 dataset 2025v15 (Andrew and Peters 2025); GCB 2025,observed
1957,co2_cement_process,0.122451564,GtCO2,GCP fossil CO2 dataset 2025v15 (Andrew and Peters 2025); GCB 2025,observed
1958,co2_cement_process,0.129694036,GtCO2,GCP fossil CO2 dataset 2025v15 (Andrew and Peters 2025); GCB 2025,observed
1959,co2_cement_process,0.145244794,GtCO2,GCP fossil CO2 dataset 2025v15 (Andrew and Peters 2025); GCB 2025,observed
1960,co2_cement_process,0.157393826,GtCO2,GCP fossil CO2 dataset 2025v15 (Andrew and Peters 2025); GCB 2025,observed
1961,co2_cement_process,0.164144094,GtCO2,GCP fossil CO2 dataset 2025v15 (Andrew and Peters 2025); GCB 2025,observed
1962,co2_cement_process,0.17636439,GtCO2,GCP fossil CO2 dataset 2025v15 (Andrew and Peters 2025); GCB 2025,observed
1963,co2_cement_process,0.185980712,GtCO2,GCP fossil CO2 dataset 2025v15 (Andrew and Peters 2025); GCB 2025,observed
1964,co2_cement_process,0.206150112,GtCO2,GCP fossil CO2 dataset 2025v15 (Andrew and Peters 2025); GCB 2025,observed
1965,co2_cement_process,0.216430625,GtCO2,GCP fossil CO2 dataset 2025v15 (Andrew and Peters 2025); GCB 2025,observed
1966,co2_cement_process,0.23300808,GtCO2,GCP fossil CO2 dataset 2025v15 (Andrew and Peters 2025); GCB 2025,observed
1967,co2_cement_process,0.239881146,GtCO2,GCP fossil CO2 dataset 2025v15 (Andrew and Peters 2025); GCB 2025,observed
1968,co2_cement_process,0.255272785,GtCO2,GCP fossil CO2 dataset 2025v15 (Andrew and Peters 2025); GCB 2025,observed
1969,co2_cement_process,0.27059926,GtCO2,GCP fossil CO2 dataset 2025v15 (Andrew and Peters 2025); GCB 2025,observed
1970,co2_cement_process,0.288231297,GtCO2,GCP fossil CO2 dataset 2025v15 (Andrew and Peters 2025); GCB 2025,observed
1971,co2_cement_process,0.303058408,GtCO2,GCP fossil CO2 dataset 2025v15 (Andrew and Peters 2025); GCB 2025,observed
1972,co2_cement_process,0.32125604,GtCO2,GCP fossil CO2 dataset 2025v15 (Andrew and Peters 2025); GCB 2025,observed
1973,co2_cement_process,0.340161147,GtCO2,GCP fossil CO2 dataset 2025v15 (Andrew and Peters 2025); GCB 2025,observed
1974,co2_cement_process,0.340610588,GtCO2,GCP fossil CO2 dataset 2025v15 (Andrew and Peters 2025); GCB 2025,observed
1975,co2_cement_process,0.3398762,GtCO2,GCP fossil CO2 dataset 2025v15 (Andrew and Peters 2025); GCB 2025,observed
1976,co2_cement_process,0.356052689,GtCO2,GCP fossil CO2 dataset 2025v15 (Andrew and Peters 2025); GCB 2025,observed
1977,co2_cement_process,0.372709879,GtCO2,GCP fossil CO2 dataset 2025v15 (Andrew and Peters 2025); GCB 2025,observed
1978,co2_cement_process,0.397889004,GtCO2,GCP fossil CO2 dataset 2025v15 (Andrew and Peters 2025); GCB 2025,observed
1979,co2_cement_process,0.403703449,GtCO2,GCP fossil CO2 dataset 2025v15 (Andrew and Peters 2025); GCB 2025,observed
1980,co2_cement_process,0.406156036,GtCO2,GCP fossil CO2 dataset 2025v15 (Andrew and Peters 2025); GCB 2025,observed
1981,co2_cement_process,0.406188883,GtCO2,GCP fossil CO2 dataset 2025v15 (Andrew and Peters 2025); GCB 2025,observed
1982,co2_cement_process,0.404046531,GtCO2,GCP fossil CO2 dataset 2025v15 (Andrew and Peters 2025); GCB 2025,observed
1983,co2_cement_process,0.413274938,GtCO2,GCP fossil CO2 dataset 2025v15 (Andrew and Peters 2025); GCB 2025,observed
1984,co2_cement_process,0.421116653,GtCO2,GCP fossil CO2 dataset 2025v15 (Andrew and Peters 2025); GCB 2025,observed
1985,co2_cement_process,0.42574065,GtCO2,GCP fossil CO2 dataset 2025v15 (Andrew and Peters 2025); GCB 2025,observed
1986,co2_cement_process,0.44178427,GtCO2,GCP fossil CO2 dataset 2025v15 (Andrew and Peters 2025); GCB 2025,observed
1987,co2_cement_process,0.458381554,GtCO2,GCP fossil CO2 dataset 2025v15 (Andrew and Peters 2025); GCB 2025,observed
1988,co2_cement_process,0.481928514,GtCO2,GCP fossil CO2 dataset 2025v15 (Andrew and Peters 2025); GCB 2025,observed
1989,co2_cement_process,0.492073164,GtCO2,GCP fossil CO2 dataset 2025v15 (Andrew and Peters 2025); GCB 2025,observed
1990,co2_cement_process,0.492521998,GtCO2,GCP fossil CO2 dataset 2025v15 (Andrew and Peters 2025); GCB 2025,observed
1991,co2_cement_process,0.504693632,GtCO2,GCP fossil CO2 dataset 2025v15 (Andrew and Peters 2025); GCB 2025,observed
1992,co2_cement_process,0.525921651,GtCO2,GCP fossil CO2 dataset 2025v15 (Andrew and Peters 2025); GCB 2025,observed
1993,co2_cement_process,0.549566797,GtCO2,GCP fossil CO2 dataset 2025v15 (Andrew and Peters 2025); GCB 2025,observed
1994,co2_cement_process,0.586743584,GtCO2,GCP fossil CO2 dataset 2025v15 (Andrew and Peters 2025); GCB 2025,observed
1995,co2_cement_process,0.620204432,GtCO2,GCP fossil CO2 dataset 2025v15 (Andrew and Peters 2025); GCB 2025,observed
1996,co2_cement_process,0.633558904,GtCO2,GCP fossil CO2 dataset 2025v15 (Andrew and Peters 2025); GCB 2025,observed
1997,co2_cement_process,0.658829065,GtCO2,GCP fossil CO2 dataset 2025v15 (Andrew and Peters 2025); GCB 2025,observed
1998,co2_cement_process,0.656596049,GtCO2,GCP fossil CO2 dataset 2025v15 (Andrew and Peters 2025); GCB 2025,observed
1999,co2_cement_process,0.688046856,GtCO2,GCP fossil CO2 dataset 2025v15 (Andrew and Peters 2025); GCB 2025,observed
2000,co2_cement_process,0.718165396,GtCO2,GCP fossil CO2 dataset 2025v15 (Andrew and Peters 2025); GCB 2025,observed
2001,co2_cement_process,0.750748011,GtCO2,GCP fossil CO2 dataset 2025v15 (Andrew and Peters 2025); GCB 2025,observed
2002,co2_cement_process,0.779004291,GtCO2,GCP fossil CO2 dataset 2025v15 (Andrew and Peters 2025); GCB 2025,observed
2003,co2_cement_process,0.857434857,GtCO2,GCP fossil CO2 dataset 2025v15 (Andrew and Peters 2025); GCB 2025,observed
2004,co2_cement_process,0.895929474,GtCO2,GCP fossil CO2 dataset 2025v15 (Andrew and Peters 2025); GCB 2025,observed
2005,co2_cement_process,0.966776325,GtCO2,GCP fossil CO2 dataset 2025v15 (Andrew and Peters 2025); GCB 2025,observed
2006,co2_cement_process,1.04729418,GtCO2,GCP fossil CO2 dataset 2025v15 (Andrew and Peters 2025); GCB 2025,observed
2007,co2_cement_process,1.12619909,GtCO2,GCP fossil CO2 dataset 2025v15 (Andrew and Peters 2025); GCB 2025,observed
2008,co2_cement_process,1.13739724,GtCO2,GCP fossil CO2 dataset 2025v15 (Andrew and Peters 2025); GCB 2025,observed
2009,co2_cement_process,1.170606,GtCO2,GCP fossil CO2 dataset 2025v15 (Andrew and Peters 2025); GCB 2025,observed
2010,co2_cement_process,1.25181348,GtCO2,GCP fossil CO2 dataset 2025v15 (Andrew and Peters 2025); GCB 2025,observed
2011,co2_cement_process,1.34474678,GtCO2,GCP fossil CO2 dataset 2025v15 (Andrew and Peters 2025); GCB 2025,observed
2012,co2_cement_process,1.37735423,GtCO2,GCP fossil CO2 dataset 2025v15 (Andrew and Peters 2025); GCB 2025,observed
2013,co2_cement_process,1.44133372,GtCO2,GCP fossil CO2 dataset 2025v15 (Andrew and Peters 2025); GCB 2025,observed
2014,co2_cement_process,1.492451,GtCO2,GCP fossil CO2 dataset 2025v15 (Andrew and Peters 2025); GCB 2025,observed
2015,co2_cement_process,1.44066547,GtCO2,GCP fossil CO2 dataset 2025v15 (Andrew and Peters 2025); GCB 2025,observed
2016,co2_cement_process,1.47614743,GtCO2,GCP fossil CO2 dataset 2025v15 (Andrew and Peters 2025); GCB 2025,observed
2017,co2_cement_process,1.49994678,GtCO2,GCP fossil CO2 dataset 2025v15 (Andrew and Peters 2025); GCB 2025,observed
2018,co2_cement_process,1.54684862,GtCO2,GCP fossil CO2 dataset 2025v15 (Andrew and Peters 2025); GCB 2025,observed
2019,co2_cement_process,1.61572657,GtCO2,GCP fossil CO2 dataset 2025v15 (Andrew and Peters 2025); GCB 2025,observed
2020,co2_cement_process,1.62405219,GtCO2,GCP fossil CO2 dataset 2025v15 (Andrew and Peters 2025); GCB 2025,observed
2021,co2_cement_process,1.66688503,GtCO2,GCP fossil CO2 dataset 2025v15 (Andrew and Peters 2025); GCB 2025,observed
2022,co2_cement_process,1.57873935,GtCO2,GCP fossil CO2 dataset 2025v15 (Andrew and Peters 2025); GCB 2025,observed
2023,co2_cement_process,1.54028621,GtCO2,GCP fossil CO2 dataset 2025v15 (Andrew and Peters 2025); GCB 2025,observed
2024,co2_cement_process,1.47281746,GtCO2,GCP fossil CO2 dataset 2025v15 (Andrew and Peters 2025); GCB 2025,observed
1950,co2_flaring,0.073624416,GtCO2,GCP fossil CO2 dataset 2025v15 (Andrew and Peters 2025); GCB 2025,observed
1951,co2_flaring,0.07987526,GtCO2,GCP fossil CO2 dataset 2025v15 (Andrew and Peters 2025); GCB 2025,observed
1952,co2_flaring,0.085363804,GtCO2,GCP fossil CO2 dataset 2025v15 (Andrew and Peters 2025); GCB 2025,observed
1953,co2_flaring,0.081348059,GtCO2,GCP fossil CO2 dataset 2025v15 (Andrew and Peters 2025); GCB 2025,observed
1954,co2_flaring,0.077615239,GtCO2,GCP fossil CO2 dataset 2025v15 (Andrew and Peters 2025); GCB 2025,observed
1955,co2_flaring,0.096835888,GtCO2,GCP fossil CO2 dataset 2025v15 (Andrew and Peters 2025); GCB 2025,observed
1956,co2_flaring,0.108173709,GtCO2,GCP fossil CO2 dataset 2025v15 (Andrew and Peters 2025); GCB 2025,observed
1957,co2_flaring,0.106383326,GtCO2,GCP fossil CO2 dataset 2025v15 (Andrew and Peters 2025); GCB 2025,observed
1958,co2_flaring,0.095114847,GtCO2,GCP fossil CO2 dataset 2025v15 (Andrew and Peters 2025); GCB 2025,observed
1959,co2_flaring,0.091693492,GtCO2,GCP fossil CO2 dataset 2025v15 (Andrew and Peters 2025); GCB 2025,observed
1960,co2_flaring,0.089140152,GtCO2,GCP fossil CO2 dataset 2025v15 (Andrew and Peters 2025); GCB 2025,observed
1961,co2_flaring,0.086219069,GtCO2,GCP fossil CO2 dataset 2025v15 (Andrew and Peters 2025); GCB 2025,observed
1962,co2_flaring,0.085930819,GtCO2,GCP fossil CO2 dataset 2025v15 (Andrew and Peters 2025); GCB 2025,observed
1963,co2_flaring,0.090506158,GtCO2,GCP fossil CO2 dataset 2025v15 (Andrew and Peters 2025); GCB 2025,observed
1964,co2_flaring,0.112791866,GtCO2,GCP fossil CO2 dataset 2025v15 (Andrew and Peters 2025); GCB 2025,observed
1965,co2_flaring,0.130442734,GtCO2,GCP fossil CO2 dataset 2025v15 (Andrew and Peters 2025); GCB 2025,observed
1966,co2_flaring,0.144566086,GtCO2,GCP fossil CO2 dataset 2025v15 (Andrew and Peters 2025); GCB 2025,observed
1967,co2_flaring,0.190782952,GtCO2,GCP fossil CO2 dataset 2025v15 (Andrew and Peters 2025); GCB 2025,observed
1968,co2_flaring,0.203800285,GtCO2,GCP fossil CO2 dataset 2025v15 (Andrew and Peters 2025); GCB 2025,observed
1969,co2_flaring,0.244034754,GtCO2,GCP fossil CO2 dataset 2025v15 (Andrew and Peters 2025); GCB 2025,observed
1970,co2_flaring,0.277746744,GtCO2,GCP fossil CO2 dataset 2025v15 (Andrew and Peters 2025); GCB 2025,observed
1971,co2_flaring,0.321473028,GtCO2,GCP fossil CO2 dataset 2025v15 (Andrew and Peters 2025); GCB 2025,observed
1972,co2_flaring,0.346914456,GtCO2,GCP fossil CO2 dataset 2025v15 (Andrew and Peters 2025); GCB 2025,observed
1973,co2_flaring,0.402186042,GtCO2,GCP fossil CO2 dataset 2025v15 (Andrew and Peters 2025); GCB 2025,observed
1974,co2_flaring,0.391389311,GtCO2,GCP fossil CO2 dataset 2025v15 (Andrew and Peters 2025); GCB 2025,observed
1975,co2_flaring,0.336727892,GtCO2,GCP fossil CO2 dataset 2025v15 (Andrew and Peters 2025); GCB 2025,observed
1976,co2_flaring,0.395431193,GtCO2,GCP fossil CO2 dataset 2025v15 (Andrew and Peters 2025); GCB 2025,observed
1977,co2_flaring,0.381487418,GtCO2,GCP fossil CO2 dataset 2025v15 (Andrew and Peters 2025); GCB 2025,observed
1978,co2_flaring,0.390189039,GtCO2,GCP fossil CO2 dataset 2025v15 (Andrew and Peters 2025); GCB 2025,observed
1979,co2_flaring,0.360159387,GtCO2,GCP fossil CO2 dataset 2025v15 (Andrew and Peters 2025); GCB 2025,observed
1980,co2_flaring,0.316456006,GtCO2,GCP fossil CO2 dataset 2025v15 (Andrew and Peters 2025); GCB 2025,observed
1981,co2_flaring,0.237177461,GtCO2,GCP fossil CO2 dataset 2025v15 (Andrew and Peters 2025); GCB 2025,observed
1982,co2_flaring,0.235582644,GtCO2,GCP fossil CO2 dataset 2025v15 (Andrew and Peters 2025); GCB 2025,observed
1983,co2_flaring,0.212848295,GtCO2,GCP fossil CO2 dataset 2025v15 (Andrew and Peters 2025); GCB 2025,observed
1984,co2_flaring,0.186752761,GtCO2,GCP fossil CO2 dataset 2025v15 (Andrew and Peters 2025); GCB 2025,observed
1985,co2_flaring,0.181448566,GtCO2,GCP fossil CO2 dataset 2025v15 (Andrew and Peters 2025); GCB 2025,observed
1986,co2_flaring,0.169669868,GtCO2,GCP fossil CO2 dataset 2025v15 (Andrew and Peters 2025); GCB 2025,observed
1987,co2_flaring,0.163009162,GtCO2,GCP fossil CO2 dataset 2025v15 (Andrew and Peters 2025); GCB 2025,observed
1988,co2_flaring,0.185629265,GtCO2,GCP fossil CO2 dataset 2025v15 (Andrew and Peters 2025); GCB 2025,observed
1989,co2_flaring,0.150972796,GtCO2,GCP fossil CO2 dataset 2025v15 (Andrew and Peters 2025); GCB 2025,observed
1990,co2_flaring,0.256787692,GtCO2,GCP fossil CO2 dataset 2025v15 (Andrew and Peters 2025); GCB 2025,observed
1991,co2_flaring,0.272160083,GtCO2,GCP fossil CO2 dataset 2025v15 (Andrew and Peters 2025); GCB 2025,observed
1992,co2_flaring,0.239793843,GtCO2,GCP fossil CO2 dataset 2025v15 (Andrew and Peters 2025); GCB 2025,observed
1993,co2_flaring,0.23244018,GtCO2,GCP fossil CO2 dataset 2025v15 (Andrew and Peters 2025); GCB 2025,observed
1994,co2_flaring,0.312926881,GtCO2,GCP fossil CO2 dataset 2025v15 (Andrew and Peters 2025); GCB 2025,observed
1995,co2_flaring,0.324364443,GtCO2,GCP fossil CO2 dataset 2025v15 (Andrew and Peters 2025); GCB 2025,observed
1996,co2_flaring,0.348548256,GtCO2,GCP fossil CO2 dataset 2025v15 (Andrew and Peters 2025); GCB 2025,observed
1997,co2_flaring,0.350779694,GtCO2,GCP fossil CO2 dataset 2025v15 (Andrew and Peters 2025); GCB 2025,observed
1998,co2_flaring,0.33498169,GtCO2,GCP fossil CO2 dataset 2025v15 (Andrew and Peters 2025); GCB 2025,observed
1999,co2_flaring,0.328418305,GtCO2,GCP fossil CO2 dataset 2025v15 (Andrew and Peters 2025); GCB 2025,observed
2000,co2_flaring,0.345576363,GtCO2,GCP fossil CO2 dataset 2025v15 (Andrew and Peters 2025); GCB 2025,observed
2001,co2_flaring,0.334075802,GtCO2,GCP fossil CO2 dataset 2025v15 (Andrew and Peters 2025); GCB 2025,observed
2002,co2_flaring,0.323111274,GtCO2,GCP fossil CO2 dataset 2025v15 (Andrew and Peters 2025); GCB 2025,observed
2003,co2_flaring,0.343438965,GtCO2,GCP fossil CO2 dataset 2025v15 (Andrew and Peters 2025); GCB 2025,observed
2004,co2_flaring,0.341454006,GtCO2,GCP fossil CO2 dataset 2025v15 (Andrew and Peters 2025); GCB 2025,observed
2005,co2_flaring,0.346551868,GtCO2,GCP fossil CO2 dataset 2025v15 (Andrew and Peters 2025); GCB 2025,observed
2006,co2_flaring,0.346573094,GtCO2,GCP fossil CO2 dataset 2025v15 (Andrew and Peters 2025); GCB 2025,observed
2007,co2_flaring,0.3422505,GtCO2,GCP fossil CO2 dataset 2025v15 (Andrew and Peters 2025); GCB 2025,observed
2008,co2_flaring,0.33368595,GtCO2,GCP fossil CO2 dataset 2025v15 (Andrew and Peters 2025); GCB 2025,observed
2009,co2_flaring,0.328635743,GtCO2,GCP fossil CO2 dataset 2025v15 (Andrew and Peters 2025); GCB 2025,observed
2010,co2_flaring,0.33974082,GtCO2,GCP fossil CO2 dataset 2025v15 (Andrew and Peters 2025); GCB 2025,observed
2011,co2_flaring,0.356250881,GtCO2,GCP fossil CO2 dataset 2025v15 (Andrew and Peters 2025); GCB 2025,observed
2012,co2_flaring,0.374058814,GtCO2,GCP fossil CO2 dataset 2025v15 (Andrew and Peters 2025); GCB 2025,observed
2013,co2_flaring,0.382017117,GtCO2,GCP fossil CO2 dataset 2025v15 (Andrew and Peters 2025); GCB 2025,observed
2014,co2_flaring,0.383772221,GtCO2,GCP fossil CO2 dataset 2025v15 (Andrew and Peters 2025); GCB 2025,observed
2015,co2_flaring,0.381193662,GtCO2,GCP fossil CO2 dataset 2025v15 (Andrew and Peters 2025); GCB 2025,observed
2016,co2_flaring,0.371508165,GtCO2,GCP fossil CO2 dataset 2025v15 (Andrew and Peters 2025); GCB 2025,observed
2017,co2_flaring,0.384212236,GtCO2,GCP fossil CO2 dataset 2025v15 (Andrew and Peters 2025); GCB 2025,observed
2018,co2_flaring,0.404040873,GtCO2,GCP fossil CO2 dataset 2025v15 (Andrew and Peters 2025); GCB 2025,observed
2019,co2_flaring,0.432391882,GtCO2,GCP fossil CO2 dataset 2025v15 (Andrew and Peters 2025); GCB 2025,observed
2020,co2_flaring,0.400001283,GtCO2,GCP fossil CO2 dataset 2025v15 (Andrew and Peters 2025); GCB 2025,observed
2021,co2_flaring,0.402216195,GtCO2,GCP fossil CO2 dataset 2025v15 (Andrew and Peters 2025); GCB 2025,observed
2022,co2_flaring,0.398871137,GtCO2,GCP fossil CO2 dataset 2025v15 (Andrew and Peters 2025); GCB 2025,observed
2023,co2_flaring,0.41134271,GtCO2,GCP fossil CO2 dataset 2025v15 (Andrew and Peters 2025); GCB 2025,observed
2024,co2_flaring,0.415707656,GtCO2,GCP fossil CO2 dataset 2025v15 (Andrew and Peters 2025); GCB 2025,observed
1750,co2_fossil_coal,0.009305937,GtCO2,GCP fossil CO2 dataset 2025v15 (Andrew and Peters 2025); GCB 2025,observed
1751,co2_fossil_coal,0.009407229,GtCO2,GCP fossil CO2 dataset 2025v15 (Andrew and Peters 2025); GCB 2025,observed
1752,co2_fossil_coal,0.009505168,GtCO2,GCP fossil CO2 dataset 2025v15 (Andrew and Peters 2025); GCB 2025,observed
1753,co2_fossil_coal,0.00961049,GtCO2,GCP fossil CO2 dataset 2025v15 (Andrew and Peters 2025); GCB 2025,observed
1754,co2_fossil_coal,0.00973358,GtCO2,GCP fossil CO2 dataset 2025v15 (Andrew and Peters 2025); GCB 2025,observed
1755,co2_fossil_coal,0.009793468,GtCO2,GCP fossil CO2 dataset 2025v15 (Andrew and Peters 2025); GCB 2025,observed
1756,co2_fossil_coal,0.009909914,GtCO2,GCP fossil CO2 dataset 2025v15 (Andrew and Peters 2025); GCB 2025,observed
1757,co2_fossil_coal,0.010093936,GtCO2,GCP fossil CO2 dataset 2025v15 (Andrew and Peters 2025); GCB 2025,observed
1758,co2_fossil_coal,0.010216358,GtCO2,GCP fossil CO2 dataset 2025v15 (Andrew and Peters 2025); GCB 2025,observed
1759,co2_fossil_coal,0.010338854,GtCO2,GCP fossil CO2 dataset 2025v15 (Andrew and Peters 2025); GCB 2025,observed
1760,co2_fossil_coal,0.010514331,GtCO2,GCP fossil CO2 dataset 2025v15 (Andrew and Peters 2025); GCB 2025,observed
1761,co2_fossil_coal,0.010747885,GtCO2,GCP fossil CO2 dataset 2025v15 (Andrew and Peters 2025); GCB 2025,observed
1762,co2_fossil_coal,0.010952198,GtCO2,GCP fossil CO2 dataset 2025v15 (Andrew and Peters 2025); GCB 2025,observed
1763,co2_fossil_coal,0.011191592,GtCO2,GCP fossil CO2 dataset 2025v15 (Andrew and Peters 2025); GCB 2025,observed
1764,co2_fossil_coal,0.011396982,GtCO2,GCP fossil CO2 dataset 2025v15 (Andrew and Peters 2025); GCB 2025,observed
1765,co2_fossil_coal,0.011643486,GtCO2,GCP fossil CO2 dataset 2025v15 (Andrew and Peters 2025); GCB 2025,observed
1766,co2_fossil_coal,0.01187608,GtCO2,GCP fossil CO2 dataset 2025v15 (Andrew and Peters 2025); GCB 2025,observed
1767,co2_fossil_coal,0.012152509,GtCO2,GCP fossil CO2 dataset 2025v15 (Andrew and Peters 2025); GCB 2025,observed
1768,co2_fossil_coal,0.012466936,GtCO2,GCP fossil CO2 dataset 2025v15 (Andrew and Peters 2025); GCB 2025,observed
1769,co2_fossil_coal,0.012780074,GtCO2,GCP fossil CO2 dataset 2025v15 (Andrew and Peters 2025); GCB 2025,observed
1770,co2_fossil_coal,0.013097216,GtCO2,GCP fossil CO2 dataset 2025v15 (Andrew and Peters 2025); GCB 2025,observed
1771,co2_fossil_coal,0.013369488,GtCO2,GCP fossil CO2 dataset 2025v15 (Andrew and Peters 2025); GCB 2025,observed
1772,co2_fossil_coal,0.013623507,GtCO2,GCP fossil CO2 dataset 2025v15 (Andrew and Peters 2025); GCB 2025,observed
1773,co2_fossil_coal,0.013808138,GtCO2,GCP fossil CO2 dataset 2025v15 (Andrew and Peters 2025); GCB 2025,observed
1774,co2_fossil_coal,0.014012415,GtCO2,GCP fossil CO2 dataset 2025v15 (Andrew and Peters 2025); GCB 2025,observed
1775,co2_fossil_coal,0.01433892,GtCO2,GCP fossil CO2 dataset 2025v15 (Andrew and Peters 2025); GCB 2025,observed
1776,co2_fossil_coal,0.014654124,GtCO2,GCP fossil CO2 dataset 2025v15 (Andrew and Peters 2025); GCB 2025,observed
1777,co2_fossil_coal,0.014959537,GtCO2,GCP fossil CO2 dataset 2025v15 (Andrew and Peters 2025); GCB 2025,observed
1778,co2_fossil_coal,0.015243483,GtCO2,GCP fossil CO2 dataset 2025v15 (Andrew and Peters 2025); GCB 2025,observed
1779,co2_fossil_coal,0.015535235,GtCO2,GCP fossil CO2 dataset 2025v15 (Andrew and Peters 2025); GCB 2025,observed
1780,co2_fossil_coal,0.015878726,GtCO2,GCP fossil CO2 dataset 2025v15 (Andrew and Peters 2025); GCB 2025,observed
1781,co2_fossil_coal,0.016234383,GtCO2,GCP fossil CO2 dataset 2025v15 (Andrew and Peters 2025); GCB 2025,observed
1782,co2_fossil_coal,0.016580954,GtCO2,GCP fossil CO2 dataset 2025v15 (Andrew and Peters 2025); GCB 2025,observed
1783,co2_fossil_coal,0.017062751,GtCO2,GCP fossil CO2 dataset 2025v15 (Andrew and Peters 2025); GCB 2025,observed
1784,co2_fossil_coal,0.017471093,GtCO2,GCP fossil CO2 dataset 2025v15 (Andrew and Peters 2025); GCB 2025,observed
1785,co2_fossil_coal,0.017965127,GtCO2,GCP fossil CO2 dataset 2025v15 (Andrew and Peters 2025); GCB 2025,observed
1786,co2_fossil_coal,0.018447497,GtCO2,GCP fossil CO2 dataset 2025v15 (Andrew and Peters 2025); GCB 2025,observed
1787,co2_fossil_coal,0.01885913,GtCO2,GCP fossil CO2 dataset 2025v15 (Andrew and Peters 2025); GCB 2025,observed
1788,co2_fossil_coal,0.019286229,GtCO2,GCP fossil CO2 dataset 2025v15 (Andrew and Peters 2025); GCB 2025,observed
1789,co2_fossil_coal,0.019863425,GtCO2,GCP fossil CO2 dataset 2025v15 (Andrew and Peters 2025); GCB 2025,observed
1790,co2_fossil_coal,0.020398094,GtCO2,GCP fossil CO2 dataset 2025v15 (Andrew and Peters 2025); GCB 2025,observed
1791,co2_fossil_coal,0.020931749,GtCO2,GCP fossil CO2 dataset 2025v15 (Andrew and Peters 2025); GCB 2025,observed
1792,co2_fossil_coal,0.021929215,GtCO2,GCP fossil CO2 dataset 2025v15 (Andrew and Peters 2025); GCB 2025,observed
1793,co2_fossil_coal,0.022297261,GtCO2,GCP fossil CO2 dataset 2025v15 (Andrew and Peters 2025); GCB 2025,observed
1794,co2_fossil_coal,0.022519656,GtCO2,GCP fossil CO2 dataset 2025v15 (Andrew and Peters 2025); GCB 2025,observed
1795,co2_fossil_coal,0.022315246,GtCO2,GCP fossil CO2 dataset 2025v15 (Andrew and Peters 2025); GCB 2025,observed
1796,co2_fossil_coal,0.022121375,GtCO2,GCP fossil CO2 dataset 2025v15 (Andrew and Peters 2025); GCB 2025,observed
1797,co2_fossil_coal,0.022090078,GtCO2,GCP fossil CO2 dataset 2025v15 (Andrew and Peters 2025); GCB 2025,observed
1798,co2_fossil_coal,0.023105929,GtCO2,GCP fossil CO2 dataset 2025v15 (Andrew and Peters 2025); GCB 2025,observed
1799,co2_fossil_coal,0.027485207,GtCO2,GCP fossil CO2 dataset 2025v15 (Andrew and Peters 2025); GCB 2025,observed
1800,co2_fossil_coal,0.032798352,GtCO2,GCP fossil CO2 dataset 2025v15 (Andrew and Peters 2025); GCB 2025,observed
1801,co2_fossil_coal,0.03198605,GtCO2,GCP fossil CO2 dataset 2025v15 (Andrew and Peters 2025); GCB 2025,observed
1802,co2_fossil_coal,0.040310473,GtCO2,GCP fossil CO2 dataset 2025v15 (Andrew and Peters 2025); GCB 2025,observed
1803,co2_fossil_coal,0.029538506,GtCO2,GCP fossil CO2 dataset 2025v15 (Andrew and Peters 2025); GCB 2025,observed
1804,co2_fossil_coal,0.031769177,GtCO2,GCP fossil CO2 dataset 2025v15 (Andrew and Peters 2025); GCB 2025,observed
1805,co2_fossil_coal,0.031251817,GtCO2,GCP fossil CO2 dataset 2025v15 (Andrew and Peters 2025); GCB 2025,observed
1806,co2_fossil_coal,0.032704622,GtCO2,GCP fossil CO2 dataset 2025v15 (Andrew and Peters 2025); GCB 2025,observed
1807,co2_fossil_coal,0.036200654,GtCO2,GCP fossil CO2 dataset 2025v15 (Andrew and Peters 2025); GCB 2025,observed
1808,co2_fossil_coal,0.035497789,GtCO2,GCP fossil CO2 dataset 2025v15 (Andrew and Peters 2025); GCB 2025,observed
1809,co2_fossil_coal,0.036333813,GtCO2,GCP fossil CO2 dataset 2025v15 (Andrew and Peters 2025); GCB 2025,observed
1810,co2_fossil_coal,0.039492312,GtCO2,GCP fossil CO2 dataset 2025v15 (Andrew and Peters 2025); GCB 2025,observed
1811,co2_fossil_coal,0.040176681,GtCO2,GCP fossil CO2 dataset 2025v15 (Andrew and Peters 2025); GCB 2025,observed
1812,co2_fossil_coal,0.040814523,GtCO2,GCP fossil CO2 dataset 2025v15 (Andrew and Peters 2025); GCB 2025,observed
1813,co2_fossil_coal,0.041206139,GtCO2,GCP fossil CO2 dataset 2025v15 (Andrew and Peters 2025); GCB 2025,observed
1814,co2_fossil_coal,0.042226646,GtCO2,GCP fossil CO2 dataset 2025v15 (Andrew and Peters 2025); GCB 2025,observed
1815,co2_fossil_coal,0.043587265,GtCO2,GCP fossil CO2 dataset 2025v15 (Andrew and Peters 2025); GCB 2025,observed
1816,co2_fossil_coal,0.045496577,GtCO2,GCP fossil CO2 dataset 2025v15 (Andrew and Peters 2025); GCB 2025,observed
1817,co2_fossil_coal,0.049275922,GtCO2,GCP fossil CO2 dataset 2025v15 (Andrew and Peters 2025); GCB 2025,observed
1818,co2_fossil_coal,0.05139201,GtCO2,GCP fossil CO2 dataset 2025v15 (Andrew and Peters 2025); GCB 2025,observed
1819,co2_fossil_coal,0.050930167,GtCO2,GCP fossil CO2 dataset 2025v15 (Andrew and Peters 2025); GCB 2025,observed
1820,co2_fossil_coal,0.050733074,GtCO2,GCP fossil CO2 dataset 2025v15 (Andrew and Peters 2025); GCB 2025,observed
1821,co2_fossil_coal,0.052059349,GtCO2,GCP fossil CO2 dataset 2025v15 (Andrew and Peters 2025); GCB 2025,observed
1822,co2_fossil_coal,0.054021712,GtCO2,GCP fossil CO2 dataset 2025v15 (Andrew and Peters 2025); GCB 2025,observed
1823,co2_fossil_coal,0.056357763,GtCO2,GCP fossil CO2 dataset 2025v15 (Andrew and Peters 2025); GCB 2025,observed
1824,co2_fossil_coal,0.057583637,GtCO2,GCP fossil CO2 dataset 2025v15 (Andrew and Peters 2025); GCB 2025,observed
1825,co2_fossil_coal,0.060730867,GtCO2,GCP fossil CO2 dataset 2025v15 (Andrew and Peters 2025); GCB 2025,observed
1826,co2_fossil_coal,0.06138213,GtCO2,GCP fossil CO2 dataset 2025v15 (Andrew and Peters 2025); GCB 2025,observed
1827,co2_fossil_coal,0.065738568,GtCO2,GCP fossil CO2 dataset 2025v15 (Andrew and Peters 2025); GCB 2025,observed
1828,co2_fossil_coal,0.06668179,GtCO2,GCP fossil CO2 dataset 2025v15 (Andrew and Peters 2025); GCB 2025,observed
1829,co2_fossil_coal,0.066307408,GtCO2,GCP fossil CO2 dataset 2025v15 (Andrew and Peters 2025); GCB 2025,observed
1830,co2_fossil_coal,0.088988498,GtCO2,GCP fossil CO2 dataset 2025v15 (Andrew and Peters 2025); GCB 2025,observed
1831,co2_fossil_coal,0.083250906,GtCO2,GCP fossil CO2 dataset 2025v15 (Andrew and Peters 2025); GCB 2025,observed
1832,co2_fossil_coal,0.082091751,GtCO2,GCP fossil CO2 dataset 2025v15 (Andrew and Peters 2025); GCB 2025,observed
1833,co2_fossil_coal,0.083248945,GtCO2,GCP fossil CO2 dataset 2025v15 (Andrew and Peters 2025); GCB 2025,observed
1834,co2_fossil_coal,0.088763111,GtCO2,GCP fossil CO2 dataset 2025v15 (Andrew and Peters 2025); GCB 2025,observed
1835,co2_fossil_coal,0.097399594,GtCO2,GCP fossil CO2 dataset 2025v15 (Andrew and Peters 2025); GCB 2025,observed
1836,co2_fossil_coal,0.106894495,GtCO2,GCP fossil CO2 dataset 2025v15 (Andrew and Peters 2025); GCB 2025,observed
1837,co2_fossil_coal,0.106199422,GtCO2,GCP fossil CO2 dataset 2025v15 (Andrew and Peters 2025); GCB 2025,observed
1838,co2_fossil_coal,0.105845261,GtCO2,GCP fossil CO2 dataset 2025v15 (Andrew and Peters 2025); GCB 2025,observed
1839,co2_fossil_coal,0.109653034,GtCO2,GCP fossil CO2 dataset 2025v15 (Andrew and Peters 2025); GCB 2025,observed
1840,co2_fossil_coal,0.118808512,GtCO2,GCP fossil CO2 dataset 2025v15 (Andrew and Peters 2025); GCB 2025,observed
1841,co2_fossil_coal,0.122165547,GtCO2,GCP fossil CO2 dataset 2025v15 (Andrew and Peters 2025); GCB 2025,observed
1842,co2_fossil_coal,0.129388789,GtCO2,GCP fossil CO2 dataset 2025v15 (Andrew and Peters 2025); GCB 2025,observed
1843,co2_fossil_coal,0.132369389,GtCO2,GCP fossil CO2 dataset 2025v15 (Andrew and Peters 2025); GCB 2025,observed
1844,co2_fossil_coal,0.141966448,GtCO2,GCP fossil CO2 dataset 2025v15 (Andrew and Peters 2025); GCB 2025,observed
1845,co2_fossil_coal,0.155073404,GtCO2,GCP fossil CO2 dataset 2025v15 (Andrew and Peters 2025); GCB 2025,observed
1846,co2_fossil_coal,0.157701789,GtCO2,GCP fossil CO2 dataset 2025v15 (Andrew and Peters 2025); GCB 2025,observed
1847,co2_fossil_coal,0.170796751,GtCO2,GCP fossil CO2 dataset 2025v15 (Andrew and Peters 2025); GCB 2025,observed
1848,co2_fossil_coal,0.17364348,GtCO2,GCP fossil CO2 dataset 2025v15 (Andrew and Peters 2025); GCB 2025,observed
1849,co2_fossil_coal,0.185048032,GtCO2,GCP fossil CO2 dataset 2025v15 (Andrew and Peters 2025); GCB 2025,observed
1850,co2_fossil_coal,0.196847595,GtCO2,GCP fossil CO2 dataset 2025v15 (Andrew and Peters 2025); GCB 2025,observed
1851,co2_fossil_coal,0.198778547,GtCO2,GCP fossil CO2 dataset 2025v15 (Andrew and Peters 2025); GCB 2025,observed
1852,co2_fossil_coal,0.207595091,GtCO2,GCP fossil CO2 dataset 2025v15 (Andrew and Peters 2025); GCB 2025,observed
1853,co2_fossil_coal,0.217236968,GtCO2,GCP fossil CO2 dataset 2025v15 (Andrew and Peters 2025); GCB 2025,observed
1854,co2_fossil_coal,0.255038557,GtCO2,GCP fossil CO2 dataset 2025v15 (Andrew and Peters 2025); GCB 2025,observed
1855,co2_fossil_coal,0.260223211,GtCO2,GCP fossil CO2 dataset 2025v15 (Andrew and Peters 2025); GCB 2025,observed
1856,co2_fossil_coal,0.278205323,GtCO2,GCP fossil CO2 dataset 2025v15 (Andrew and Peters 2025); GCB 2025,observed
1857,co2_fossil_coal,0.281129752,GtCO2,GCP fossil CO2 dataset 2025v15 (Andrew and Peters 2025); GCB 2025,observed
1858,co2_fossil_coal,0.285486095,GtCO2,GCP fossil CO2 dataset 2025v15 (Andrew and Peters 2025); GCB 2025,observed
1859,co2_fossil_coal,0.30251721,GtCO2,GCP fossil CO2 dataset 2025v15 (Andrew and Peters 2025); GCB 2025,observed
1860,co2_fossil_coal,0.332025019,GtCO2,GCP fossil CO2 dataset 2025v15 (Andrew and Peters 2025); GCB 2025,observed
1861,co2_fossil_coal,0.348249187,GtCO2,GCP fossil CO2 dataset 2025v15 (Andrew and Peters 2025); GCB 2025,observed
1862,co2_fossil_coal,0.354592447,GtCO2,GCP fossil CO2 dataset 2025v15 (Andrew and Peters 2025); GCB 2025,observed
1863,co2_fossil_coal,0.378241821,GtCO2,GCP fossil CO2 dataset 2025v15 (Andrew and Peters 2025); GCB 2025,observed
1864,co2_fossil_coal,0.408415522,GtCO2,GCP fossil CO2 dataset 2025v15 (Andrew and Peters 2025); GCB 2025,observed
1865,co2_fossil_coal,0.433531608,GtCO2,GCP fossil CO2 dataset 2025v15 (Andrew and Peters 2025); GCB 2025,observed
1866,co2_fossil_coal,0.447115242,GtCO2,GCP fossil CO2 dataset 2025v15 (Andrew and Peters 2025); GCB 2025,observed
1867,co2_fossil_coal,0.478829139,GtCO2,GCP fossil CO2 dataset 2025v15 (Andrew and Peters 2025); GCB 2025,observed
1868,co2_fossil_coal,0.49220504,GtCO2,GCP fossil CO2 dataset 2025v15 (Andrew and Peters 2025); GCB 2025,observed
1869,co2_fossil_coal,0.522117078,GtCO2,GCP fossil CO2 dataset 2025v15 (Andrew and Peters 2025); GCB 2025,observed
1870,co2_fossil_coal,0.532990507,GtCO2,GCP fossil CO2 dataset 2025v15 (Andrew and Peters 2025); GCB 2025,observed
1871,co2_fossil_coal,0.566494835,GtCO2,GCP fossil CO2 dataset 2025v15 (Andrew and Peters 2025); GCB 2025,observed
1872,co2_fossil_coal,0.627263589,GtCO2,GCP fossil CO2 dataset 2025v15 (Andrew and Peters 2025); GCB 2025,observed
1873,co2_fossil_coal,0.66479834,GtCO2,GCP fossil CO2 dataset 2025v15 (Andrew and Peters 2025); GCB 2025,observed
1874,co2_fossil_coal,0.622420105,GtCO2,GCP fossil CO2 dataset 2025v15 (Andrew and Peters 2025); GCB 2025,observed
1875,co2_fossil_coal,0.67521403,GtCO2,GCP fossil CO2 dataset 2025v15 (Andrew and Peters 2025); GCB 2025,observed
1876,co2_fossil_coal,0.68404842,GtCO2,GCP fossil CO2 dataset 2025v15 (Andrew and Peters 2025); GCB 2025,observed
1877,co2_fossil_coal,0.695211086,GtCO2,GCP fossil CO2 dataset 2025v15 (Andrew and Peters 2025); GCB 2025,observed
1878,co2_fossil_coal,0.699611829,GtCO2,GCP fossil CO2 dataset 2025v15 (Andrew and Peters 2025); GCB 2025,observed
1879,co2_fossil_coal,0.747137823,GtCO2,GCP fossil CO2 dataset 2025v15 (Andrew and Peters 2025); GCB 2025,observed
1880,co2_fossil_coal,0.84269502,GtCO2,GCP fossil CO2 dataset 2025v15 (Andrew and Peters 2025); GCB 2025,observed
1881,co2_fossil_coal,0.870726018,GtCO2,GCP fossil CO2 dataset 2025v15 (Andrew and Peters 2025); GCB 2025,observed
1882,co2_fossil_coal,0.918787436,GtCO2,GCP fossil CO2 dataset 2025v15 (Andrew and Peters 2025); GCB 2025,observed
1883,co2_fossil_coal,0.980635605,GtCO2,GCP fossil CO2 dataset 2025v15 (Andrew and Peters 2025); GCB 2025,observed
1884,co2_fossil_coal,0.989938063,GtCO2,GCP fossil CO2 dataset 2025v15 (Andrew and Peters 2025); GCB 2025,observed
1885,co2_fossil_coal,0.994472968,GtCO2,GCP fossil CO2 dataset 2025v15 (Andrew and Peters 2025); GCB 2025,observed
1886,co2_fossil_coal,1.00311653,GtCO2,GCP fossil CO2 dataset 2025v15 (Andrew and Peters 2025); GCB 2025,observed
1887,co2_fossil_coal,1.0484605,GtCO2,GCP fossil CO2 dataset 2025v15 (Andrew and Peters 2025); GCB 2025,observed
1888,co2_fossil_coal,1.1594488,GtCO2,GCP fossil CO2 dataset 2025v15 (Andrew and Peters 2025); GCB 2025,observed
1889,co2_fossil_coal,1.16088468,GtCO2,GCP fossil CO2 dataset 2025v15 (Andrew and Peters 2025); GCB 2025,observed
1890,co2_fossil_coal,1.26025435,GtCO2,GCP fossil CO2 dataset 2025v15 (Andrew and Peters 2025); GCB 2025,observed
1891,co2_fossil_coal,1.31913815,GtCO2,GCP fossil CO2 dataset 2025v15 (Andrew and Peters 2025); GCB 2025,observed
1892,co2_fossil_coal,1.33182921,GtCO2,GCP fossil CO2 dataset 2025v15 (Andrew and Peters 2025); GCB 2025,observed
1893,co2_fossil_coal,1.31268269,GtCO2,GCP fossil CO2 dataset 2025v15 (Andrew and Peters 2025); GCB 2025,observed
1894,co2_fossil_coal,1.36313706,GtCO2,GCP fossil CO2 dataset 2025v15 (Andrew and Peters 2025); GCB 2025,observed
1895,co2_fossil_coal,1.43965939,GtCO2,GCP fossil CO2 dataset 2025v15 (Andrew and Peters 2025); GCB 2025,observed
1896,co2_fossil_coal,1.48524373,GtCO2,GCP fossil CO2 dataset 2025v15 (Andrew and Peters 2025); GCB 2025,observed
1897,co2_fossil_coal,1.55467701,GtCO2,GCP fossil CO2 dataset 2025v15 (Andrew and Peters 2025); GCB 2025,observed
1898,co2_fossil_coal,1.64033103,GtCO2,GCP fossil CO2 dataset 2025v15 (Andrew and Peters 2025); GCB 2025,observed
1899,co2_fossil_coal,1.79220404,GtCO2,GCP fossil CO2 dataset 2025v15 (Andrew and Peters 2025); GCB 2025,observed
1900,co2_fossil_coal,1.88264453,GtCO2,GCP fossil CO2 dataset 2025v15 (Andrew and Peters 2025); GCB 2025,observed
1901,co2_fossil_coal,1.93635557,GtCO2,GCP fossil CO2 dataset 2025v15 (Andrew and Peters 2025); GCB 2025,observed
1902,co2_fossil_coal,1.98029871,GtCO2,GCP fossil CO2 dataset 2025v15 (Andrew and Peters 2025); GCB 2025,observed
1903,co2_fossil_coal,2.16195527,GtCO2,GCP fossil CO2 dataset 2025v15 (Andrew and Peters 2025); GCB 2025,observed
1904,co2_fossil_coal,2.17443433,GtCO2,GCP fossil CO2 dataset 2025v15 (Andrew and Peters 2025); GCB 2025,observed
1905,co2_fossil_coal,2.32089836,GtCO2,GCP fossil CO2 dataset 2025v15 (Andrew and Peters 2025); GCB 2025,observed
1906,co2_fossil_coal,2.42544892,GtCO2,GCP fossil CO2 dataset 2025v15 (Andrew and Peters 2025); GCB 2025,observed
1907,co2_fossil_coal,2.75897917,GtCO2,GCP fossil CO2 dataset 2025v15 (Andrew and Peters 2025); GCB 2025,observed
1908,co2_fossil_coal,2.63528242,GtCO2,GCP fossil CO2 dataset 2025v15 (Andrew and Peters 2025); GCB 2025,observed
1909,co2_fossil_coal,2.74082325,GtCO2,GCP fossil CO2 dataset 2025v15 (Andrew and Peters 2025); GCB 2025,observed
1910,co2_fossil_coal,2.87183423,GtCO2,GCP fossil CO2 dataset 2025v15 (Andrew and Peters 2025); GCB 2025,observed
1911,co2_fossil_coal,2.90914363,GtCO2,GCP fossil CO2 dataset 2025v15 (Andrew and Peters 2025); GCB 2025,observed
1912,co2_fossil_coal,3.05847641,GtCO2,GCP fossil CO2 dataset 2025v15 (Andrew and Peters 2025); GCB 2025,observed
1913,co2_fossil_coal,3.3023542,GtCO2,GCP fossil CO2 dataset 2025v15 (Andrew and Peters 2025); GCB 2025,observed
1914,co2_fossil_coal,2.97122554,GtCO2,GCP fossil CO2 dataset 2025v15 (Andrew and Peters 2025); GCB 2025,observed
1915,co2_fossil_coal,2.90826635,GtCO2,GCP fossil CO2 dataset 2025v15 (Andrew and Peters 2025); GCB 2025,observed
1916,co2_fossil_coal,3.13550539,GtCO2,GCP fossil CO2 dataset 2025v15 (Andrew and Peters 2025); GCB 2025,observed
1917,co2_fossil_coal,3.26562148,GtCO2,GCP fossil CO2 dataset 2025v15 (Andrew and Peters 2025); GCB 2025,observed
1918,co2_fossil_coal,3.21589716,GtCO2,GCP fossil CO2 dataset 2025v15 (Andrew and Peters 2025); GCB 2025,observed
1919,co2_fossil_coal,2.72015474,GtCO2,GCP fossil CO2 dataset 2025v15 (Andrew and Peters 2025); GCB 2025,observed
1920,co2_fossil_coal,3.13261632,GtCO2,GCP fossil CO2 dataset 2025v15 (Andrew and Peters 2025); GCB 2025,observed
1921,co2_fossil_coal,2.67210437,GtCO2,GCP fossil CO2 dataset 2025v15 (Andrew and Peters 2025); GCB 2025,observed
1922,co2_fossil_coal,2.77343417,GtCO2,GCP fossil CO2 dataset 2025v15 (Andrew and Peters 2025); GCB 2025,observed
1923,co2_fossil_coal,3.14971471,GtCO2,GCP fossil CO2 dataset 2025v15 (Andrew and Peters 2025); GCB 2025,observed
1924,co2_fossil_coal,3.15595212,GtCO2,GCP fossil CO2 dataset 2025v15 (Andrew and Peters 2025); GCB 2025,observed
1925,co2_fossil_coal,3.15367721,GtCO2,GCP fossil CO2 dataset 2025v15 (Andrew and Peters 2025); GCB 2025,observed
1926,co2_fossil_coal,3.08404399,GtCO2,GCP fossil CO2 dataset 2025v15 (Andrew and Peters 2025); GCB 2025,observed
1927,co2_fossil_coal,3.36439922,GtCO2,GCP fossil CO2 dataset 2025v15 (Andrew and Peters 2025); GCB 2025,observed
1928,co2_fossil_coal,3.30758113,GtCO2,GCP fossil CO2 dataset 2025v15 (Andrew and Peters 2025); GCB 2025,observed
1929,co2_fossil_coal,3.52388347,GtCO2,GCP fossil CO2 dataset 2025v15 (Andrew and Peters 2025); GCB 2025,observed
1930,co2_fossil_coal,3.21625077,GtCO2,GCP fossil CO2 dataset 2025v15 (Andrew and Peters 2025); GCB 2025,observed
1931,co2_fossil_coal,2.83319555,GtCO2,GCP fossil CO2 dataset 2025v15 (Andrew and Peters 2025); GCB 2025,observed
1932,co2_fossil_coal,2.52236999,GtCO2,GCP fossil CO2 dataset 2025v15 (Andrew and Peters 2025); GCB 2025,observed
1933,co2_fossil_coal,2.63880712,GtCO2,GCP fossil CO2 dataset 2025v15 (Andrew and Peters 2025); GCB 2025,observed
1934,co2_fossil_coal,2.88047012,GtCO2,GCP fossil CO2 dataset 2025v15 (Andrew and Peters 2025); GCB 2025,observed
1935,co2_fossil_coal,2.99836868,GtCO2,GCP fossil CO2 dataset 2025v15 (Andrew and Peters 2025); GCB 2025,observed
1936,co2_fossil_coal,3.28772059,GtCO2,GCP fossil CO2 dataset 2025v15 (Andrew and Peters 2025); GCB 2025,observed
1937,co2_fossil_coal,3.465992,GtCO2,GCP fossil CO2 dataset 2025v15 (Andrew and Peters 2025); GCB 2025,observed
1938,co2_fossil_coal,3.23058576,GtCO2,GCP fossil CO2 dataset 2025v15 (Andrew and Peters 2025); GCB 2025,observed
1939,co2_fossil_coal,3.43578112,GtCO2,GCP fossil CO2 dataset 2025v15 (Andrew and Peters 2025); GCB 2025,observed
1940,co2_fossil_coal,3.7955032,GtCO2,GCP fossil CO2 dataset 2025v15 (Andrew and Peters 2025); GCB 2025,observed
1941,co2_fossil_coal,3.88596292,GtCO2,GCP fossil CO2 dataset 2025v15 (Andrew and Peters 2025); GCB 2025,observed
1942,co2_fossil_coal,3.9105562,GtCO2,GCP fossil CO2 dataset 2025v15 (Andrew and Peters 2025); GCB 2025,observed
1943,co2_fossil_coal,3.92668597,GtCO2,GCP fossil CO2 dataset 2025v15 (Andrew and Peters 2025); GCB 2025,observed
1944,co2_fossil_coal,3.86910722,GtCO2,GCP fossil CO2 dataset 2025v15 (Andrew and Peters 2025); GCB 2025,observed
1945,co2_fossil_coal,2.99987593,GtCO2,GCP fossil CO2 dataset 2025v15 (Andrew and Peters 2025); GCB 2025,observed
1946,co2_fossil_coal,3.23601059,GtCO2,GCP fossil CO2 dataset 2025v15 (Andrew and Peters 2025); GCB 2025,observed
1947,co2_fossil_coal,3.62315368,GtCO2,GCP fossil CO2 dataset 2025v15 (Andrew and Peters 2025); GCB 2025,observed
1948,co2_fossil_coal,3.74072687,GtCO2,GCP fossil CO2 dataset 2025v15 (Andrew and Peters 2025); GCB 2025,observed
1949,co2_fossil_coal,3.54727403,GtCO2,GCP fossil CO2 dataset 2025v15 (Andrew and Peters 2025); GCB 2025,observed
1950,co2_fossil_coal,3.8799547,GtCO2,GCP fossil CO2 dataset 2025v15 (Andrew and Peters 2025); GCB 2025,observed
1951,co2_fossil_coal,4.08414599,GtCO2,GCP fossil CO2 dataset 2025v15 (Andrew and Peters 2025); GCB 2025,observed
1952,co2_fossil_coal,4.0300557,GtCO2,GCP fossil CO2 dataset 2025v15 (Andrew and Peters 2025); GCB 2025,observed
1953,co2_fossil_coal,4.06110083,GtCO2,GCP fossil CO2 dataset 2025v15 (Andrew and Peters 2025); GCB 2025,observed
1954,co2_fossil_coal,4.05367581,GtCO2,GCP fossil CO2 dataset 2025v15 (Andrew and Peters 2025); GCB 2025,observed
1955,co2_fossil_coal,4.38608261,GtCO2,GCP fossil CO2 dataset 2025v15 (Andrew and Peters 2025); GCB 2025,observed
1956,co2_fossil_coal,4.60829666,GtCO2,GCP fossil CO2 dataset 2025v15 (Andrew and Peters 2025); GCB 2025,observed
1957,co2_fossil_coal,4.69158259,GtCO2,GCP fossil CO2 dataset 2025v15 (Andrew and Peters 2025); GCB 2025,observed
1958,co2_fossil_coal,4.76145831,GtCO2,GCP fossil CO2 dataset 2025v15 (Andrew and Peters 2025); GCB 2025,observed
1959,co2_fossil_coal,4.95393208,GtCO2,GCP fossil CO2 dataset 2025v15 (Andrew and Peters 2025); GCB 2025,observed
1960,co2_fossil_coal,5.15832269,GtCO2,GCP fossil CO2 dataset 2025v15 (Andrew and Peters 2025); GCB 2025,observed
1961,co2_fossil_coal,4.94418626,GtCO2,GCP fossil CO2 dataset 2025v15 (Andrew and Peters 2025); GCB 2025,observed
1962,co2_fossil_coal,4.92858727,GtCO2,GCP fossil CO2 dataset 2025v15 (Andrew and Peters 2025); GCB 2025,observed
1963,co2_fossil_coal,5.1079309,GtCO2,GCP fossil CO2 dataset 2025v15 (Andrew and Peters 2025); GCB 2025,observed
1964,co2_fossil_coal,5.21321467,GtCO2,GCP fossil CO2 dataset 2025v15 (Andrew and Peters 2025); GCB 2025,observed
1965,co2_fossil_coal,5.28908847,GtCO2,GCP fossil CO2 dataset 2025v15 (Andrew and Peters 2025); GCB 2025,observed
1966,co2_fossil_coal,5.34997763,GtCO2,GCP fossil CO2 dataset 2025v15 (Andrew and Peters 2025); GCB 2025,observed
1967,co2_fossil_coal,5.26186802,GtCO2,GCP fossil CO2 dataset 2025v15 (Andrew and Peters 2025); GCB 2025,observed
1968,co2_fossil_coal,5.31965855,GtCO2,GCP fossil CO2 dataset 2025v15 (Andrew and Peters 2025); GCB 2025,observed
1969,co2_fossil_coal,5.51827339,GtCO2,GCP fossil CO2 dataset 2025v15 (Andrew and Peters 2025); GCB 2025,observed
1970,co2_fossil_coal,5.69885839,GtCO2,GCP fossil CO2 dataset 2025v15 (Andrew and Peters 2025); GCB 2025,observed
1971,co2_fossil_coal,5.70005515,GtCO2,GCP fossil CO2 dataset 2025v15 (Andrew and Peters 2025); GCB 2025,observed
1972,co2_fossil_coal,5.69128383,GtCO2,GCP fossil CO2 dataset 2025v15 (Andrew and Peters 2025); GCB 2025,observed
1973,co2_fossil_coal,5.86089836,GtCO2,GCP fossil CO2 dataset 2025v15 (Andrew and Peters 2025); GCB 2025,observed
1974,co2_fossil_coal,5.85769332,GtCO2,GCP fossil CO2 dataset 2025v15 (Andrew and Peters 2025); GCB 2025,observed
1975,co2_fossil_coal,6.01831515,GtCO2,GCP fossil CO2 dataset 2025v15 (Andrew and Peters 2025); GCB 2025,observed
1976,co2_fossil_coal,6.22633969,GtCO2,GCP fossil CO2 dataset 2025v15 (Andrew and Peters 2025); GCB 2025,observed
1977,co2_fossil_coal,6.37502353,GtCO2,GCP fossil CO2 dataset 2025v15 (Andrew and Peters 2025); GCB 2025,observed
1978,co2_fossil_coal,6.51012794,GtCO2,GCP fossil CO2 dataset 2025v15 (Andrew and Peters 2025); GCB 2025,observed
1979,co2_fossil_coal,6.79988174,GtCO2,GCP fossil CO2 dataset 2025v15 (Andrew and Peters 2025); GCB 2025,observed
1980,co2_fossil_coal,6.98498964,GtCO2,GCP fossil CO2 dataset 2025v15 (Andrew and Peters 2025); GCB 2025,observed
1981,co2_fossil_coal,6.94294159,GtCO2,GCP fossil CO2 dataset 2025v15 (Andrew and Peters 2025); GCB 2025,observed
1982,co2_fossil_coal,7.06699659,GtCO2,GCP fossil CO2 dataset 2025v15 (Andrew and Peters 2025); GCB 2025,observed
1983,co2_fossil_coal,7.26923929,GtCO2,GCP fossil CO2 dataset 2025v15 (Andrew and Peters 2025); GCB 2025,observed
1984,co2_fossil_coal,7.58611545,GtCO2,GCP fossil CO2 dataset 2025v15 (Andrew and Peters 2025); GCB 2025,observed
1985,co2_fossil_coal,8.14482407,GtCO2,GCP fossil CO2 dataset 2025v15 (Andrew and Peters 2025); GCB 2025,observed
1986,co2_fossil_coal,8.26146592,GtCO2,GCP fossil CO2 dataset 2025v15 (Andrew and Peters 2025); GCB 2025,observed
1987,co2_fossil_coal,8.54922958,GtCO2,GCP fossil CO2 dataset 2025v15 (Andrew and Peters 2025); GCB 2025,observed
1988,co2_fossil_coal,8.83642877,GtCO2,GCP fossil CO2 dataset 2025v15 (Andrew and Peters 2025); GCB 2025,observed
1989,co2_fossil_coal,8.82779737,GtCO2,GCP fossil CO2 dataset 2025v15 (Andrew and Peters 2025); GCB 2025,observed
1990,co2_fossil_coal,8.65978737,GtCO2,GCP fossil CO2 dataset 2025v15 (Andrew and Peters 2025); GCB 2025,observed
1991,co2_fossil_coal,8.57409008,GtCO2,GCP fossil CO2 dataset 2025v15 (Andrew and Peters 2025); GCB 2025,observed
1992,co2_fossil_coal,8.36117399,GtCO2,GCP fossil CO2 dataset 2025v15 (Andrew and Peters 2025); GCB 2025,observed
1993,co2_fossil_coal,8.47002854,GtCO2,GCP fossil CO2 dataset 2025v15 (Andrew and Peters 2025); GCB 2025,observed
1994,co2_fossil_coal,8.51374662,GtCO2,GCP fossil CO2 dataset 2025v15 (Andrew and Peters 2025); GCB 2025,observed
1995,co2_fossil_coal,8.75844119,GtCO2,GCP fossil CO2 dataset 2025v15 (Andrew and Peters 2025); GCB 2025,observed
1996,co2_fossil_coal,8.97696354,GtCO2,GCP fossil CO2 dataset 2025v15 (Andrew and Peters 2025); GCB 2025,observed
1997,co2_fossil_coal,8.92730026,GtCO2,GCP fossil CO2 dataset 2025v15 (Andrew and Peters 2025); GCB 2025,observed
1998,co2_fossil_coal,8.68900106,GtCO2,GCP fossil CO2 dataset 2025v15 (Andrew and Peters 2025); GCB 2025,observed
1999,co2_fossil_coal,8.80909264,GtCO2,GCP fossil CO2 dataset 2025v15 (Andrew and Peters 2025); GCB 2025,observed
2000,co2_fossil_coal,9.15663767,GtCO2,GCP fossil CO2 dataset 2025v15 (Andrew and Peters 2025); GCB 2025,observed
2001,co2_fossil_coal,9.20842868,GtCO2,GCP fossil CO2 dataset 2025v15 (Andrew and Peters 2025); GCB 2025,observed
2002,co2_fossil_coal,9.63018115,GtCO2,GCP fossil CO2 dataset 2025v15 (Andrew and Peters 2025); GCB 2025,observed
2003,co2_fossil_coal,10.4665659,GtCO2,GCP fossil CO2 dataset 2025v15 (Andrew and Peters 2025); GCB 2025,observed
2004,co2_fossil_coal,10.8133916,GtCO2,GCP fossil CO2 dataset 2025v15 (Andrew and Peters 2025); GCB 2025,observed
2005,co2_fossil_coal,11.4985002,GtCO2,GCP fossil CO2 dataset 2025v15 (Andrew and Peters 2025); GCB 2025,observed
2006,co2_fossil_coal,12.1362381,GtCO2,GCP fossil CO2 dataset 2025v15 (Andrew and Peters 2025); GCB 2025,observed
2007,co2_fossil_coal,12.7244515,GtCO2,GCP fossil CO2 dataset 2025v15 (Andrew and Peters 2025); GCB 2025,observed
2008,co2_fossil_coal,13.149669,GtCO2,GCP fossil CO2 dataset 2025v15 (Andrew and Peters 2025); GCB 2025,observed
2009,co2_fossil_coal,13.0031723,GtCO2,GCP fossil CO2 dataset 2025v15 (Andrew and Peters 2025); GCB 2025,observed
2010,co2_fossil_coal,13.9182234,GtCO2,GCP fossil CO2 dataset 2025v15 (Andrew and Peters 2025); GCB 2025,observed
2011,co2_fossil_coal,14.7042225,GtCO2,GCP fossil CO2 dataset 2025v15 (Andrew and Peters 2025); GCB 2025,observed
2012,co2_fossil_coal,14.8678019,GtCO2,GCP fossil CO2 dataset 2025v15 (Andrew and Peters 2025); GCB 2025,observed
2013,co2_fossil_coal,14.9531531,GtCO2,GCP fossil CO2 dataset 2025v15 (Andrew and Peters 2025); GCB 2025,observed
2014,co2_fossil_coal,15.0148838,GtCO2,GCP fossil CO2 dataset 2025v15 (Andrew and Peters 2025); GCB 2025,observed
2015,co2_fossil_coal,14.6550163,GtCO2,GCP fossil CO2 dataset 2025v15 (Andrew and Peters 2025); GCB 2025,observed
2016,co2_fossil_coal,14.322989,GtCO2,GCP fossil CO2 dataset 2025v15 (Andrew and Peters 2025); GCB 2025,observed
2017,co2_fossil_coal,14.4941679,GtCO2,GCP fossil CO2 dataset 2025v15 (Andrew and Peters 2025); GCB 2025,observed
2018,co2_fossil_coal,14.7626945,GtCO2,GCP fossil CO2 dataset 2025v15 (Andrew and Peters 2025); GCB 2025,observed
2019,co2_fossil_coal,14.7029575,GtCO2,GCP fossil CO2 dataset 2025v15 (Andrew and Peters 2025); GCB 2025,observed
2020,co2_fossil_coal,14.2670365,GtCO2,GCP fossil CO2 dataset 2025v15 (Andrew and Peters 2025); GCB 2025,observed
2021,co2_fossil_coal,14.9692494,GtCO2,GCP fossil CO2 dataset 2025v15 (Andrew and Peters 2025); GCB 2025,observed
2022,co2_fossil_coal,15.449177,GtCO2,GCP fossil CO2 dataset 2025v15 (Andrew and Peters 2025); GCB 2025,observed
2023,co2_fossil_coal,15.6363733,GtCO2,GCP fossil CO2 dataset 2025v15 (Andrew and Peters 2025); GCB 2025,observed
2024,co2_fossil_coal,15.8052542,GtCO2,GCP fossil CO2 dataset 2025v15 (Andrew and Peters 2025); GCB 2025,observed
1882,co2_fossil_gas,0.00016488,GtCO2,GCP fossil CO2 dataset 2025v15 (Andrew and Peters 2025); GCB 2025,observed
1883,co2_fossil_gas,0.000381051,GtCO2,GCP fossil CO2 dataset 2025v15 (Andrew and Peters 2025); GCB 2025,observed
1884,co2_fossil_gas,0.00117248,GtCO2,GCP fossil CO2 dataset 2025v15 (Andrew and Peters 2025); GCB 2025,observed
1885,co2_fossil_gas,0.003715296,GtCO2,GCP fossil CO2 dataset 2025v15 (Andrew and Peters 2025); GCB 2025,observed
1886,co2_fossil_gas,0.00767608,GtCO2,GCP fossil CO2 dataset 2025v15 (Andrew and Peters 2025); GCB 2025,observed
1887,co2_fossil_gas,0.011787088,GtCO2,GCP fossil CO2 dataset 2025v15 (Andrew and Peters 2025); GCB 2025,observed
1888,co2_fossil_gas,0.016773792,GtCO2,GCP fossil CO2 dataset 2025v15 (Andrew and Peters 2025); GCB 2025,observed
1889,co2_fossil_gas,0.012226768,GtCO2,GCP fossil CO2 dataset 2025v15 (Andrew and Peters 2025); GCB 2025,observed
1890,co2_fossil_gas,0.011688053,GtCO2,GCP fossil CO2 dataset 2025v15 (Andrew and Peters 2025); GCB 2025,observed
1891,co2_fossil_gas,0.008947488,GtCO2,GCP fossil CO2 dataset 2025v15 (Andrew and Peters 2025); GCB 2025,observed
1892,co2_fossil_gas,0.007775008,GtCO2,GCP fossil CO2 dataset 2025v15 (Andrew and Peters 2025); GCB 2025,observed
1893,co2_fossil_gas,0.007287696,GtCO2,GCP fossil CO2 dataset 2025v15 (Andrew and Peters 2025); GCB 2025,observed
1894,co2_fossil_gas,0.00669785,GtCO2,GCP fossil CO2 dataset 2025v15 (Andrew and Peters 2025); GCB 2025,observed
1895,co2_fossil_gas,0.007042154,GtCO2,GCP fossil CO2 dataset 2025v15 (Andrew and Peters 2025); GCB 2025,observed
1896,co2_fossil_gas,0.006847964,GtCO2,GCP fossil CO2 dataset 2025v15 (Andrew and Peters 2025); GCB 2025,observed
1897,co2_fossil_gas,0.007287643,GtCO2,GCP fossil CO2 dataset 2025v15 (Andrew and Peters 2025); GCB 2025,observed
1898,co2_fossil_gas,0.008460176,GtCO2,GCP fossil CO2 dataset 2025v15 (Andrew and Peters 2025); GCB 2025,observed
1899,co2_fossil_gas,0.010904064,GtCO2,GCP fossil CO2 dataset 2025v15 (Andrew and Peters 2025); GCB 2025,observed
1900,co2_fossil_gas,0.0115416,GtCO2,GCP fossil CO2 dataset 2025v15 (Andrew and Peters 2025); GCB 2025,observed
1901,co2_fossil_gas,0.01286064,GtCO2,GCP fossil CO2 dataset 2025v15 (Andrew and Peters 2025); GCB 2025,observed
1902,co2_fossil_gas,0.013696032,GtCO2,GCP fossil CO2 dataset 2025v15 (Andrew and Peters 2025); GCB 2025,observed
1903,co2_fossil_gas,0.01452776,GtCO2,GCP fossil CO2 dataset 2025v15 (Andrew and Peters 2025); GCB 2025,observed
1904,co2_fossil_gas,0.015165234,GtCO2,GCP fossil CO2 dataset 2025v15 (Andrew and Peters 2025); GCB 2025,observed
1905,co2_fossil_gas,0.017169504,GtCO2,GCP fossil CO2 dataset 2025v15 (Andrew and Peters 2025); GCB 2025,observed
1906,co2_fossil_gas,0.019027152,GtCO2,GCP fossil CO2 dataset 2025v15 (Andrew and Peters 2025); GCB 2025,observed
1907,co2_fossil_gas,0.019877139,GtCO2,GCP fossil CO2 dataset 2025v15 (Andrew and Peters 2025); GCB 2025,observed
1908,co2_fossil_gas,0.01967568,GtCO2,GCP fossil CO2 dataset 2025v15 (Andrew and Peters 2025); GCB 2025,observed
1909,co2_fossil_gas,0.023522878,GtCO2,GCP fossil CO2 dataset 2025v15 (Andrew and Peters 2025); GCB 2025,observed
1910,co2_fossil_gas,0.0249152,GtCO2,GCP fossil CO2 dataset 2025v15 (Andrew and Peters 2025); GCB 2025,observed
1911,co2_fossil_gas,0.025717653,GtCO2,GCP fossil CO2 dataset 2025v15 (Andrew and Peters 2025); GCB 2025,observed
1912,co2_fossil_gas,0.028315392,GtCO2,GCP fossil CO2 dataset 2025v15 (Andrew and Peters 2025); GCB 2025,observed
1913,co2_fossil_gas,0.029597792,GtCO2,GCP fossil CO2 dataset 2025v15 (Andrew and Peters 2025); GCB 2025,observed
1914,co2_fossil_gas,0.030136463,GtCO2,GCP fossil CO2 dataset 2025v15 (Andrew and Peters 2025); GCB 2025,observed
1915,co2_fossil_gas,0.03186575,GtCO2,GCP fossil CO2 dataset 2025v15 (Andrew and Peters 2025); GCB 2025,observed
1916,co2_fossil_gas,0.03837681,GtCO2,GCP fossil CO2 dataset 2025v15 (Andrew and Peters 2025); GCB 2025,observed
1917,co2_fossil_gas,0.040509124,GtCO2,GCP fossil CO2 dataset 2025v15 (Andrew and Peters 2025); GCB 2025,observed
1918,co2_fossil_gas,0.03651909,GtCO2,GCP fossil CO2 dataset 2025v15 (Andrew and Peters 2025); GCB 2025,observed
1919,co2_fossil_gas,0.037948035,GtCO2,GCP fossil CO2 dataset 2025v15 (Andrew and Peters 2025); GCB 2025,observed
1920,co2_fossil_gas,0.041685394,GtCO2,GCP fossil CO2 dataset 2025v15 (Andrew and Peters 2025); GCB 2025,observed
1921,co2_fossil_gas,0.034992362,GtCO2,GCP fossil CO2 dataset 2025v15 (Andrew and Peters 2025); GCB 2025,observed
1922,co2_fossil_gas,0.040107025,GtCO2,GCP fossil CO2 dataset 2025v15 (Andrew and Peters 2025); GCB 2025,observed
1923,co2_fossil_gas,0.052526129,GtCO2,GCP fossil CO2 dataset 2025v15 (Andrew and Peters 2025); GCB 2025,observed
1924,co2_fossil_gas,0.059709066,GtCO2,GCP fossil CO2 dataset 2025v15 (Andrew and Peters 2025); GCB 2025,observed
1925,co2_fossil_gas,0.063922737,GtCO2,GCP fossil CO2 dataset 2025v15 (Andrew and Peters 2025); GCB 2025,observed
1926,co2_fossil_gas,0.069144999,GtCO2,GCP fossil CO2 dataset 2025v15 (Andrew and Peters 2025); GCB 2025,observed
1927,co2_fossil_gas,0.076017499,GtCO2,GCP fossil CO2 dataset 2025v15 (Andrew and Peters 2025); GCB 2025,observed
1928,co2_fossil_gas,0.082623434,GtCO2,GCP fossil CO2 dataset 2025v15 (Andrew and Peters 2025); GCB 2025,observed
1929,co2_fossil_gas,0.10289475,GtCO2,GCP fossil CO2 dataset 2025v15 (Andrew and Peters 2025); GCB 2025,observed
1930,co2_fossil_gas,0.104224738,GtCO2,GCP fossil CO2 dataset 2025v15 (Andrew and Peters 2025); GCB 2025,observed
1931,co2_fossil_gas,0.092888512,GtCO2,GCP fossil CO2 dataset 2025v15 (Andrew and Peters 2025); GCB 2025,observed
1932,co2_fossil_gas,0.088219856,GtCO2,GCP fossil CO2 dataset 2025v15 (Andrew and Peters 2025); GCB 2025,observed
1933,co2_fossil_gas,0.090918567,GtCO2,GCP fossil CO2 dataset 2025v15 (Andrew and Peters 2025); GCB 2025,observed
1934,co2_fossil_gas,0.101951789,GtCO2,GCP fossil CO2 dataset 2025v15 (Andrew and Peters 2025); GCB 2025,observed
1935,co2_fossil_gas,0.111374393,GtCO2,GCP fossil CO2 dataset 2025v15 (Andrew and Peters 2025); GCB 2025,observed
1936,co2_fossil_gas,0.125531875,GtCO2,GCP fossil CO2 dataset 2025v15 (Andrew and Peters 2025); GCB 2025,observed
1937,co2_fossil_gas,0.140577743,GtCO2,GCP fossil CO2 dataset 2025v15 (Andrew and Peters 2025); GCB 2025,observed
1938,co2_fossil_gas,0.135496656,GtCO2,GCP fossil CO2 dataset 2025v15 (Andrew and Peters 2025); GCB 2025,observed
1939,co2_fossil_gas,0.141331385,GtCO2,GCP fossil CO2 dataset 2025v15 (Andrew and Peters 2025); GCB 2025,observed
1940,co2_fossil_gas,0.153519749,GtCO2,GCP fossil CO2 dataset 2025v15 (Andrew and Peters 2025); GCB 2025,observed
1941,co2_fossil_gas,0.153463219,GtCO2,GCP fossil CO2 dataset 2025v15 (Andrew and Peters 2025); GCB 2025,observed
1942,co2_fossil_gas,0.166048943,GtCO2,GCP fossil CO2 dataset 2025v15 (Andrew and Peters 2025); GCB 2025,observed
1943,co2_fossil_gas,0.182899895,GtCO2,GCP fossil CO2 dataset 2025v15 (Andrew and Peters 2025); GCB 2025,observed
1944,co2_fossil_gas,0.197600826,GtCO2,GCP fossil CO2 dataset 2025v15 (Andrew and Peters 2025); GCB 2025,observed
1945,co2_fossil_gas,0.216700332,GtCO2,GCP fossil CO2 dataset 2025v15 (Andrew and Peters 2025); GCB 2025,observed
1946,co2_fossil_gas,0.223837378,GtCO2,GCP fossil CO2 dataset 2025v15 (Andrew and Peters 2025); GCB 2025,observed
1947,co2_fossil_gas,0.247892578,GtCO2,GCP fossil CO2 dataset 2025v15 (Andrew and Peters 2025); GCB 2025,observed
1948,co2_fossil_gas,0.280127246,GtCO2,GCP fossil CO2 dataset 2025v15 (Andrew and Peters 2025); GCB 2025,observed
1949,co2_fossil_gas,0.300459761,GtCO2,GCP fossil CO2 dataset 2025v15 (Andrew and Peters 2025); GCB 2025,observed
1950,co2_fossil_gas,0.353156018,GtCO2,GCP fossil CO2 dataset 2025v15 (Andrew and Peters 2025); GCB 2025,observed
1951,co2_fossil_gas,0.416186358,GtCO2,GCP fossil CO2 dataset 2025v15 (Andrew and Peters 2025); GCB 2025,observed
1952,co2_fossil_gas,0.447085956,GtCO2,GCP fossil CO2 dataset 2025v15 (Andrew and Peters 2025); GCB 2025,observed
1953,co2_fossil_gas,0.474530281,GtCO2,GCP fossil CO2 dataset 2025v15 (Andrew and Peters 2025); GCB 2025,observed
1954,co2_fossil_gas,0.501356006,GtCO2,GCP fossil CO2 dataset 2025v15 (Andrew and Peters 2025); GCB 2025,observed
1955,co2_fossil_gas,0.547242116,GtCO2,GCP fossil CO2 dataset 2025v15 (Andrew and Peters 2025); GCB 2025,observed
1956,co2_fossil_gas,0.587241989,GtCO2,GCP fossil CO2 dataset 2025v15 (Andrew and Peters 2025); GCB 2025,observed
1957,co2_fossil_gas,0.646687136,GtCO2,GCP fossil CO2 dataset 2025v15 (Andrew and Peters 2025); GCB 2025,observed
1958,co2_fossil_gas,0.705853109,GtCO2,GCP fossil CO2 dataset 2025v15 (Andrew and Peters 2025); GCB 2025,observed
1959,co2_fossil_gas,0.75825998,GtCO2,GCP fossil CO2 dataset 2025v15 (Andrew and Peters 2025); GCB 2025,observed
1960,co2_fossil_gas,0.834617845,GtCO2,GCP fossil CO2 dataset 2025v15 (Andrew and Peters 2025); GCB 2025,observed
1961,co2_fossil_gas,0.882125612,GtCO2,GCP fossil CO2 dataset 2025v15 (Andrew and Peters 2025); GCB 2025,observed
1962,co2_fossil_gas,0.967819859,GtCO2,GCP fossil CO2 dataset 2025v15 (Andrew and Peters 2025); GCB 2025,observed
1963,co2_fossil_gas,1.04695002,GtCO2,GCP fossil CO2 dataset 2025v15 (Andrew and Peters 2025); GCB 2025,observed
1964,co2_fossil_gas,1.15299176,GtCO2,GCP fossil CO2 dataset 2025v15 (Andrew and Peters 2025); GCB 2025,observed
1965,co2_fossil_gas,1.2306666,GtCO2,GCP fossil CO2 dataset 2025v15 (Andrew and Peters 2025); GCB 2025,observed
1966,co2_fossil_gas,1.33997994,GtCO2,GCP fossil CO2 dataset 2025v15 (Andrew and Peters 2025); GCB 2025,observed
1967,co2_fossil_gas,1.43309873,GtCO2,GCP fossil CO2 dataset 2025v15 (Andrew and Peters 2025); GCB 2025,observed
1968,co2_fossil_gas,1.55975082,GtCO2,GCP fossil CO2 dataset 2025v15 (Andrew and Peters 2025); GCB 2025,observed
1969,co2_fossil_gas,1.70871995,GtCO2,GCP fossil CO2 dataset 2025v15 (Andrew and Peters 2025); GCB 2025,observed
1970,co2_fossil_gas,1.7909361,GtCO2,GCP fossil CO2 dataset 2025v15 (Andrew and Peters 2025); GCB 2025,observed
1971,co2_fossil_gas,1.93358822,GtCO2,GCP fossil CO2 dataset 2025v15 (Andrew and Peters 2025); GCB 2025,observed
1972,co2_fossil_gas,2.05234886,GtCO2,GCP fossil CO2 dataset 2025v15 (Andrew and Peters 2025); GCB 2025,observed
1973,co2_fossil_gas,2.20272255,GtCO2,GCP fossil CO2 dataset 2025v15 (Andrew and Peters 2025); GCB 2025,observed
1974,co2_fossil_gas,2.25654045,GtCO2,GCP fossil CO2 dataset 2025v15 (Andrew and Peters 2025); GCB 2025,observed
1975,co2_fossil_gas,2.24126641,GtCO2,GCP fossil CO2 dataset 2025v15 (Andrew and Peters 2025); GCB 2025,observed
1976,co2_fossil_gas,2.35900934,GtCO2,GCP fossil CO2 dataset 2025v15 (Andrew and Peters 2025); GCB 2025,observed
1977,co2_fossil_gas,2.4117205,GtCO2,GCP fossil CO2 dataset 2025v15 (Andrew and Peters 2025); GCB 2025,observed
1978,co2_fossil_gas,2.54173731,GtCO2,GCP fossil CO2 dataset 2025v15 (Andrew and Peters 2025); GCB 2025,observed
1979,co2_fossil_gas,2.66806489,GtCO2,GCP fossil CO2 dataset 2025v15 (Andrew and Peters 2025); GCB 2025,observed
1980,co2_fossil_gas,2.74151416,GtCO2,GCP fossil CO2 dataset 2025v15 (Andrew and Peters 2025); GCB 2025,observed
1981,co2_fossil_gas,2.763373,GtCO2,GCP fossil CO2 dataset 2025v15 (Andrew and Peters 2025); GCB 2025,observed
1982,co2_fossil_gas,2.70149842,GtCO2,GCP fossil CO2 dataset 2025v15 (Andrew and Peters 2025); GCB 2025,observed
1983,co2_fossil_gas,2.7431196,GtCO2,GCP fossil CO2 dataset 2025v15 (Andrew and Peters 2025); GCB 2025,observed
1984,co2_fossil_gas,2.97202697,GtCO2,GCP fossil CO2 dataset 2025v15 (Andrew and Peters 2025); GCB 2025,observed
1985,co2_fossil_gas,3.08970017,GtCO2,GCP fossil CO2 dataset 2025v15 (Andrew and Peters 2025); GCB 2025,observed
1986,co2_fossil_gas,3.01460637,GtCO2,GCP fossil CO2 dataset 2025v15 (Andrew and Peters 2025); GCB 2025,observed
1987,co2_fossil_gas,3.28156705,GtCO2,GCP fossil CO2 dataset 2025v15 (Andrew and Peters 2025); GCB 2025,observed
1988,co2_fossil_gas,3.43597798,GtCO2,GCP fossil CO2 dataset 2025v15 (Andrew and Peters 2025); GCB 2025,observed
1989,co2_fossil_gas,3.60495848,GtCO2,GCP fossil CO2 dataset 2025v15 (Andrew and Peters 2025); GCB 2025,observed
1990,co2_fossil_gas,3.79018185,GtCO2,GCP fossil CO2 dataset 2025v15 (Andrew and Peters 2025); GCB 2025,observed
1991,co2_fossil_gas,3.85152037,GtCO2,GCP fossil CO2 dataset 2025v15 (Andrew and Peters 2025); GCB 2025,observed
1992,co2_fossil_gas,3.90136612,GtCO2,GCP fossil CO2 dataset 2025v15 (Andrew and Peters 2025); GCB 2025,observed
1993,co2_fossil_gas,4.00780412,GtCO2,GCP fossil CO2 dataset 2025v15 (Andrew and Peters 2025); GCB 2025,observed
1994,co2_fossil_gas,4.04017392,GtCO2,GCP fossil CO2 dataset 2025v15 (Andrew and Peters 2025); GCB 2025,observed
1995,co2_fossil_gas,4.19684761,GtCO2,GCP fossil CO2 dataset 2025v15 (Andrew and Peters 2025); GCB 2025,observed
1996,co2_fossil_gas,4.38159884,GtCO2,GCP fossil CO2 dataset 2025v15 (Andrew and Peters 2025); GCB 2025,observed
1997,co2_fossil_gas,4.39505776,GtCO2,GCP fossil CO2 dataset 2025v15 (Andrew and Peters 2025); GCB 2025,observed
1998,co2_fossil_gas,4.4435046,GtCO2,GCP fossil CO2 dataset 2025v15 (Andrew and Peters 2025); GCB 2025,observed
1999,co2_fossil_gas,4.58616603,GtCO2,GCP fossil CO2 dataset 2025v15 (Andrew and Peters 2025); GCB 2025,observed
2000,co2_fossil_gas,4.72782277,GtCO2,GCP fossil CO2 dataset 2025v15 (Andrew and Peters 2025); GCB 2025,observed
2001,co2_fossil_gas,4.77171486,GtCO2,GCP fossil CO2 dataset 2025v15 (Andrew and Peters 2025); GCB 2025,observed
2002,co2_fossil_gas,4.91365179,GtCO2,GCP fossil CO2 dataset 2025v15 (Andrew and Peters 2025); GCB 2025,observed
2003,co2_fossil_gas,5.09619577,GtCO2,GCP fossil CO2 dataset 2025v15 (Andrew and Peters 2025); GCB 2025,observed
2004,co2_fossil_gas,5.25767073,GtCO2,GCP fossil CO2 dataset 2025v15 (Andrew and Peters 2025); GCB 2025,observed
2005,co2_fossil_gas,5.37628882,GtCO2,GCP fossil CO2 dataset 2025v15 (Andrew and Peters 2025); GCB 2025,observed
2006,co2_fossil_gas,5.53100584,GtCO2,GCP fossil CO2 dataset 2025v15 (Andrew and Peters 2025); GCB 2025,observed
2007,co2_fossil_gas,5.73663693,GtCO2,GCP fossil CO2 dataset 2025v15 (Andrew and Peters 2025); GCB 2025,observed
2008,co2_fossil_gas,5.90550047,GtCO2,GCP fossil CO2 dataset 2025v15 (Andrew and Peters 2025); GCB 2025,observed
2009,co2_fossil_gas,5.7656841,GtCO2,GCP fossil CO2 dataset 2025v15 (Andrew and Peters 2025); GCB 2025,observed
2010,co2_fossil_gas,6.20577972,GtCO2,GCP fossil CO2 dataset 2025v15 (Andrew and Peters 2025); GCB 2025,observed
2011,co2_fossil_gas,6.38933027,GtCO2,GCP fossil CO2 dataset 2025v15 (Andrew and Peters 2025); GCB 2025,observed
2012,co2_fossil_gas,6.52314297,GtCO2,GCP fossil CO2 dataset 2025v15 (Andrew and Peters 2025); GCB 2025,observed
2013,co2_fossil_gas,6.57311554,GtCO2,GCP fossil CO2 dataset 2025v15 (Andrew and Peters 2025); GCB 2025,observed
2014,co2_fossil_gas,6.60497544,GtCO2,GCP fossil CO2 dataset 2025v15 (Andrew and Peters 2025); GCB 2025,observed
2015,co2_fossil_gas,6.72898943,GtCO2,GCP fossil CO2 dataset 2025v15 (Andrew and Peters 2025); GCB 2025,observed
2016,co2_fossil_gas,6.91485004,GtCO2,GCP fossil CO2 dataset 2025v15 (Andrew and Peters 2025); GCB 2025,observed
2017,co2_fossil_gas,7.08461497,GtCO2,GCP fossil CO2 dataset 2025v15 (Andrew and Peters 2025); GCB 2025,observed
2018,co2_fossil_gas,7.41941291,GtCO2,GCP fossil CO2 dataset 2025v15 (Andrew and Peters 2025); GCB 2025,observed
2019,co2_fossil_gas,7.57405591,GtCO2,GCP fossil CO2 dataset 2025v15 (Andrew and Peters 2025); GCB 2025,observed
2020,co2_fossil_gas,7.52081959,GtCO2,GCP fossil CO2 dataset 2025v15 (Andrew and Peters 2025); GCB 2025,observed
2021,co2_fossil_gas,7.87869821,GtCO2,GCP fossil CO2 dataset 2025v15 (Andrew and Peters 2025); GCB 2025,observed
2022,co2_fossil_gas,7.75874544,GtCO2,GCP fossil CO2 dataset 2025v15 (Andrew and Peters 2025); GCB 2025,observed
2023,co2_fossil_gas,7.80284531,GtCO2,GCP fossil CO2 dataset 2025v15 (Andrew and Peters 2025); GCB 2025,observed
2024,co2_fossil_gas,8.00982769,GtCO2,GCP fossil CO2 dataset 2025v15 (Andrew and Peters 2025); GCB 2025,observed
1855,co2_fossil_oil,3.664e-05,GtCO2,GCP fossil CO2 dataset 2025v15 (Andrew and Peters 2025); GCB 2025,observed
1856,co2_fossil_oil,4.0304e-05,GtCO2,GCP fossil CO2 dataset 2025v15 (Andrew and Peters 2025); GCB 2025,observed
1857,co2_fossil_oil,5.1296e-05,GtCO2,GCP fossil CO2 dataset 2025v15 (Andrew and Peters 2025); GCB 2025,observed
1858,co2_fossil_oil,6.2288e-05,GtCO2,GCP fossil CO2 dataset 2025v15 (Andrew and Peters 2025); GCB 2025,observed
1859,co2_fossil_oil,5.4955e-05,GtCO2,GCP fossil CO2 dataset 2025v15 (Andrew and Peters 2025); GCB 2025,observed
1860,co2_fossil_oil,0.000273426,GtCO2,GCP fossil CO2 dataset 2025v15 (Andrew and Peters 2025); GCB 2025,observed
1861,co2_fossil_oil,0.000940979,GtCO2,GCP fossil CO2 dataset 2025v15 (Andrew and Peters 2025); GCB 2025,observed
1862,co2_fossil_oil,0.001398621,GtCO2,GCP fossil CO2 dataset 2025v15 (Andrew and Peters 2025); GCB 2025,observed
1863,co2_fossil_oil,0.001293057,GtCO2,GCP fossil CO2 dataset 2025v15 (Andrew and Peters 2025); GCB 2025,observed
1864,co2_fossil_oil,0.001109902,GtCO2,GCP fossil CO2 dataset 2025v15 (Andrew and Peters 2025); GCB 2025,observed
1865,co2_fossil_oil,0.001319712,GtCO2,GCP fossil CO2 dataset 2025v15 (Andrew and Peters 2025); GCB 2025,observed
1866,co2_fossil_oil,0.001951772,GtCO2,GCP fossil CO2 dataset 2025v15 (Andrew and Peters 2025); GCB 2025,observed
1867,co2_fossil_oil,0.00198477,GtCO2,GCP fossil CO2 dataset 2025v15 (Andrew and Peters 2025); GCB 2025,observed
1868,co2_fossil_oil,0.002288487,GtCO2,GCP fossil CO2 dataset 2025v15 (Andrew and Peters 2025); GCB 2025,observed
1869,co2_fossil_oil,0.002613984,GtCO2,GCP fossil CO2 dataset 2025v15 (Andrew and Peters 2025); GCB 2025,observed
1870,co2_fossil_oil,0.003132769,GtCO2,GCP fossil CO2 dataset 2025v15 (Andrew and Peters 2025); GCB 2025,observed
1871,co2_fossil_oil,0.003281752,GtCO2,GCP fossil CO2 dataset 2025v15 (Andrew and Peters 2025); GCB 2025,observed
1872,co2_fossil_oil,0.003697884,GtCO2,GCP fossil CO2 dataset 2025v15 (Andrew and Peters 2025); GCB 2025,observed
1873,co2_fossil_oil,0.005668873,GtCO2,GCP fossil CO2 dataset 2025v15 (Andrew and Peters 2025); GCB 2025,observed
1874,co2_fossil_oil,0.00624213,GtCO2,GCP fossil CO2 dataset 2025v15 (Andrew and Peters 2025); GCB 2025,observed
1875,co2_fossil_oil,0.005833954,GtCO2,GCP fossil CO2 dataset 2025v15 (Andrew and Peters 2025); GCB 2025,observed
1876,co2_fossil_oil,0.006534104,GtCO2,GCP fossil CO2 dataset 2025v15 (Andrew and Peters 2025); GCB 2025,observed
1877,co2_fossil_oil,0.008821777,GtCO2,GCP fossil CO2 dataset 2025v15 (Andrew and Peters 2025); GCB 2025,observed
1878,co2_fossil_oil,0.010037691,GtCO2,GCP fossil CO2 dataset 2025v15 (Andrew and Peters 2025); GCB 2025,observed
1879,co2_fossil_oil,0.01265654,GtCO2,GCP fossil CO2 dataset 2025v15 (Andrew and Peters 2025); GCB 2025,observed
1880,co2_fossil_oil,0.015360451,GtCO2,GCP fossil CO2 dataset 2025v15 (Andrew and Peters 2025); GCB 2025,observed
1881,co2_fossil_oil,0.017238714,GtCO2,GCP fossil CO2 dataset 2025v15 (Andrew and Peters 2025); GCB 2025,observed
1882,co2_fossil_oil,0.018935602,GtCO2,GCP fossil CO2 dataset 2025v15 (Andrew and Peters 2025); GCB 2025,observed
1883,co2_fossil_oil,0.016497516,GtCO2,GCP fossil CO2 dataset 2025v15 (Andrew and Peters 2025); GCB 2025,observed
1884,co2_fossil_oil,0.018318886,GtCO2,GCP fossil CO2 dataset 2025v15 (Andrew and Peters 2025); GCB 2025,observed
1885,co2_fossil_oil,0.018955903,GtCO2,GCP fossil CO2 dataset 2025v15 (Andrew and Peters 2025); GCB 2025,observed
1886,co2_fossil_oil,0.021820653,GtCO2,GCP fossil CO2 dataset 2025v15 (Andrew and Peters 2025); GCB 2025,observed
1887,co2_fossil_oil,0.023479329,GtCO2,GCP fossil CO2 dataset 2025v15 (Andrew and Peters 2025); GCB 2025,observed
1888,co2_fossil_oil,0.024578454,GtCO2,GCP fossil CO2 dataset 2025v15 (Andrew and Peters 2025); GCB 2025,observed
1889,co2_fossil_oil,0.02840415,GtCO2,GCP fossil CO2 dataset 2025v15 (Andrew and Peters 2025); GCB 2025,observed
1890,co2_fossil_oil,0.034648029,GtCO2,GCP fossil CO2 dataset 2025v15 (Andrew and Peters 2025); GCB 2025,observed
1891,co2_fossil_oil,0.040829213,GtCO2,GCP fossil CO2 dataset 2025v15 (Andrew and Peters 2025); GCB 2025,observed
1892,co2_fossil_oil,0.040203941,GtCO2,GCP fossil CO2 dataset 2025v15 (Andrew and Peters 2025); GCB 2025,observed
1893,co2_fossil_oil,0.042543889,GtCO2,GCP fossil CO2 dataset 2025v15 (Andrew and Peters 2025); GCB 2025,observed
1894,co2_fossil_oil,0.041697243,GtCO2,GCP fossil CO2 dataset 2025v15 (Andrew and Peters 2025); GCB 2025,observed
1895,co2_fossil_oil,0.04853646,GtCO2,GCP fossil CO2 dataset 2025v15 (Andrew and Peters 2025); GCB 2025,observed
1896,co2_fossil_oil,0.052568273,GtCO2,GCP fossil CO2 dataset 2025v15 (Andrew and Peters 2025); GCB 2025,observed
1897,co2_fossil_oil,0.055527107,GtCO2,GCP fossil CO2 dataset 2025v15 (Andrew and Peters 2025); GCB 2025,observed
1898,co2_fossil_oil,0.057168533,GtCO2,GCP fossil CO2 dataset 2025v15 (Andrew and Peters 2025); GCB 2025,observed
1899,co2_fossil_oil,0.060025843,GtCO2,GCP fossil CO2 dataset 2025v15 (Andrew and Peters 2025); GCB 2025,observed
1900,co2_fossil_oil,0.067303034,GtCO2,GCP fossil CO2 dataset 2025v15 (Andrew and Peters 2025); GCB 2025,observed
1901,co2_fossil_oil,0.074745746,GtCO2,GCP fossil CO2 dataset 2025v15 (Andrew and Peters 2025); GCB 2025,observed
1902,co2_fossil_oil,0.080803235,GtCO2,GCP fossil CO2 dataset 2025v15 (Andrew and Peters 2025); GCB 2025,observed
1903,co2_fossil_oil,0.085560375,GtCO2,GCP fossil CO2 dataset 2025v15 (Andrew and Peters 2025); GCB 2025,observed
1904,co2_fossil_oil,0.09607303,GtCO2,GCP fossil CO2 dataset 2025v15 (Andrew and Peters 2025); GCB 2025,observed
1905,co2_fossil_oil,0.097010011,GtCO2,GCP fossil CO2 dataset 2025v15 (Andrew and Peters 2025); GCB 2025,observed
1906,co2_fossil_oil,0.097877732,GtCO2,GCP fossil CO2 dataset 2025v15 (Andrew and Peters 2025); GCB 2025,observed
1907,co2_fossil_oil,0.11940961,GtCO2,GCP fossil CO2 dataset 2025v15 (Andrew and Peters 2025); GCB 2025,observed
1908,co2_fossil_oil,0.128779038,GtCO2,GCP fossil CO2 dataset 2025v15 (Andrew and Peters 2025); GCB 2025,observed
1909,co2_fossil_oil,0.134357923,GtCO2,GCP fossil CO2 dataset 2025v15 (Andrew and Peters 2025); GCB 2025,observed
1910,co2_fossil_oil,0.144093511,GtCO2,GCP fossil CO2 dataset 2025v15 (Andrew and Peters 2025); GCB 2025,observed
1911,co2_fossil_oil,0.152814545,GtCO2,GCP fossil CO2 dataset 2025v15 (Andrew and Peters 2025); GCB 2025,observed
1912,co2_fossil_oil,0.157160948,GtCO2,GCP fossil CO2 dataset 2025v15 (Andrew and Peters 2025); GCB 2025,observed
1913,co2_fossil_oil,0.181957235,GtCO2,GCP fossil CO2 dataset 2025v15 (Andrew and Peters 2025); GCB 2025,observed
1914,co2_fossil_oil,0.186003333,GtCO2,GCP fossil CO2 dataset 2025v15 (Andrew and Peters 2025); GCB 2025,observed
1915,co2_fossil_oil,0.197563083,GtCO2,GCP fossil CO2 dataset 2025v15 (Andrew and Peters 2025); GCB 2025,observed
1916,co2_fossil_oil,0.215195267,GtCO2,GCP fossil CO2 dataset 2025v15 (Andrew and Peters 2025); GCB 2025,observed
1917,co2_fossil_oil,0.239365026,GtCO2,GCP fossil CO2 dataset 2025v15 (Andrew and Peters 2025); GCB 2025,observed
1918,co2_fossil_oil,0.245022723,GtCO2,GCP fossil CO2 dataset 2025v15 (Andrew and Peters 2025); GCB 2025,observed
1919,co2_fossil_oil,0.273410695,GtCO2,GCP fossil CO2 dataset 2025v15 (Andrew and Peters 2025); GCB 2025,observed
1920,co2_fossil_oil,0.361038915,GtCO2,GCP fossil CO2 dataset 2025v15 (Andrew and Peters 2025); GCB 2025,observed
1921,co2_fossil_oil,0.397270195,GtCO2,GCP fossil CO2 dataset 2025v15 (Andrew and Peters 2025); GCB 2025,observed
1922,co2_fossil_oil,0.43830757,GtCO2,GCP fossil CO2 dataset 2025v15 (Andrew and Peters 2025); GCB 2025,observed
1923,co2_fossil_oil,0.485534387,GtCO2,GCP fossil CO2 dataset 2025v15 (Andrew and Peters 2025); GCB 2025,observed
1924,co2_fossil_oil,0.484185274,GtCO2,GCP fossil CO2 dataset 2025v15 (Andrew and Peters 2025); GCB 2025,observed
1925,co2_fossil_oil,0.505523593,GtCO2,GCP fossil CO2 dataset 2025v15 (Andrew and Peters 2025); GCB 2025,observed
1926,co2_fossil_oil,0.506470113,GtCO2,GCP fossil CO2 dataset 2025v15 (Andrew and Peters 2025); GCB 2025,observed
1927,co2_fossil_oil,0.554148006,GtCO2,GCP fossil CO2 dataset 2025v15 (Andrew and Peters 2025); GCB 2025,observed
1928,co2_fossil_oil,0.567588938,GtCO2,GCP fossil CO2 dataset 2025v15 (Andrew and Peters 2025); GCB 2025,observed
1929,co2_fossil_oil,0.621698489,GtCO2,GCP fossil CO2 dataset 2025v15 (Andrew and Peters 2025); GCB 2025,observed
1930,co2_fossil_oil,0.599784029,GtCO2,GCP fossil CO2 dataset 2025v15 (Andrew and Peters 2025); GCB 2025,observed
1931,co2_fossil_oil,0.580506669,GtCO2,GCP fossil CO2 dataset 2025v15 (Andrew and Peters 2025); GCB 2025,observed
1932,co2_fossil_oil,0.555985752,GtCO2,GCP fossil CO2 dataset 2025v15 (Andrew and Peters 2025); GCB 2025,observed
1933,co2_fossil_oil,0.607576992,GtCO2,GCP fossil CO2 dataset 2025v15 (Andrew and Peters 2025); GCB 2025,observed
1934,co2_fossil_oil,0.643635672,GtCO2,GCP fossil CO2 dataset 2025v15 (Andrew and Peters 2025); GCB 2025,observed
1935,co2_fossil_oil,0.691959534,GtCO2,GCP fossil CO2 dataset 2025v15 (Andrew and Peters 2025); GCB 2025,observed
1936,co2_fossil_oil,0.753446112,GtCO2,GCP fossil CO2 dataset 2025v15 (Andrew and Peters 2025); GCB 2025,observed
1937,co2_fossil_oil,0.846625701,GtCO2,GCP fossil CO2 dataset 2025v15 (Andrew and Peters 2025); GCB 2025,observed
1938,co2_fossil_oil,0.822812982,GtCO2,GCP fossil CO2 dataset 2025v15 (Andrew and Peters 2025); GCB 2025,observed
1939,co2_fossil_oil,0.85449987,GtCO2,GCP fossil CO2 dataset 2025v15 (Andrew and Peters 2025); GCB 2025,observed
1940,co2_fossil_oil,0.9009805,GtCO2,GCP fossil CO2 dataset 2025v15 (Andrew and Peters 2025); GCB 2025,observed
1941,co2_fossil_oil,0.912336939,GtCO2,GCP fossil CO2 dataset 2025v15 (Andrew and Peters 2025); GCB 2025,observed
1942,co2_fossil_oil,0.863507477,GtCO2,GCP fossil CO2 dataset 2025v15 (Andrew and Peters 2025); GCB 2025,observed
1943,co2_fossil_oil,0.926590781,GtCO2,GCP fossil CO2 dataset 2025v15 (Andrew and Peters 2025); GCB 2025,observed
1944,co2_fossil_oil,1.06878615,GtCO2,GCP fossil CO2 dataset 2025v15 (Andrew and Peters 2025); GCB 2025,observed
1945,co2_fossil_oil,1.04578873,GtCO2,GCP fossil CO2 dataset 2025v15 (Andrew and Peters 2025); GCB 2025,observed
1946,co2_fossil_oil,1.10843056,GtCO2,GCP fossil CO2 dataset 2025v15 (Andrew and Peters 2025); GCB 2025,observed
1947,co2_fossil_oil,1.24646902,GtCO2,GCP fossil CO2 dataset 2025v15 (Andrew and Peters 2025); GCB 2025,observed
1948,co2_fossil_oil,1.37055242,GtCO2,GCP fossil CO2 dataset 2025v15 (Andrew and Peters 2025); GCB 2025,observed
1949,co2_fossil_oil,1.29392933,GtCO2,GCP fossil CO2 dataset 2025v15 (Andrew and Peters 2025); GCB 2025,observed
1950,co2_fossil_oil,1.55178308,GtCO2,GCP fossil CO2 dataset 2025v15 (Andrew and Peters 2025); GCB 2025,observed
1951,co2_fossil_oil,1.7201759,GtCO2,GCP fossil CO2 dataset 2025v15 (Andrew and Peters 2025); GCB 2025,observed
1952,co2_fossil_oil,1.81909366,GtCO2,GCP fossil CO2 dataset 2025v15 (Andrew and Peters 2025); GCB 2025,observed
1953,co2_fossil_oil,1.9380593,GtCO2,GCP fossil CO2 dataset 2025v15 (Andrew and Peters 2025); GCB 2025,observed
1954,co2_fossil_oil,2.05423202,GtCO2,GCP fossil CO2 dataset 2025v15 (Andrew and Peters 2025); GCB 2025,observed
1955,co2_fossil_oil,2.29953792,GtCO2,GCP fossil CO2 dataset 2025v15 (Andrew and Peters 2025); GCB 2025,observed
1956,co2_fossil_oil,2.49903346,GtCO2,GCP fossil CO2 dataset 2025v15 (Andrew and Peters 2025); GCB 2025,observed
1957,co2_fossil_oil,2.61205015,GtCO2,GCP fossil CO2 dataset 2025v15 (Andrew and Peters 2025); GCB 2025,observed
1958,co2_fossil_oil,2.71923538,GtCO2,GCP fossil CO2 dataset 2025v15 (Andrew and Peters 2025); GCB 2025,observed
1959,co2_fossil_oil,2.89769323,GtCO2,GCP fossil CO2 dataset 2025v15 (Andrew and Peters 2025); GCB 2025,observed
1960,co2_fossil_oil,3.11996968,GtCO2,GCP fossil CO2 dataset 2025v15 (Andrew and Peters 2025); GCB 2025,observed
1961,co2_fossil_oil,3.30909691,GtCO2,GCP fossil CO2 dataset 2025v15 (Andrew and Peters 2025); GCB 2025,observed
1962,co2_fossil_oil,3.55826141,GtCO2,GCP fossil CO2 dataset 2025v15 (Andrew and Peters 2025); GCB 2025,observed
1963,co2_fossil_oil,3.80365849,GtCO2,GCP fossil CO2 dataset 2025v15 (Andrew and Peters 2025); GCB 2025,observed
1964,co2_fossil_oil,4.10434079,GtCO2,GCP fossil CO2 dataset 2025v15 (Andrew and Peters 2025); GCB 2025,observed
1965,co2_fossil_oil,4.40944248,GtCO2,GCP fossil CO2 dataset 2025v15 (Andrew and Peters 2025); GCB 2025,observed
1966,co2_fossil_oil,4.75887258,GtCO2,GCP fossil CO2 dataset 2025v15 (Andrew and Peters 2025); GCB 2025,observed
1967,co2_fossil_oil,5.07454026,GtCO2,GCP fossil CO2 dataset 2025v15 (Andrew and Peters 2025); GCB 2025,observed
1968,co2_fossil_oil,5.52819809,GtCO2,GCP fossil CO2 dataset 2025v15 (Andrew and Peters 2025); GCB 2025,observed
1969,co2_fossil_oil,5.97846222,GtCO2,GCP fossil CO2 dataset 2025v15 (Andrew and Peters 2025); GCB 2025,observed
1970,co2_fossil_oil,6.79901601,GtCO2,GCP fossil CO2 dataset 2025v15 (Andrew and Peters 2025); GCB 2025,observed
1971,co2_fossil_oil,7.20102744,GtCO2,GCP fossil CO2 dataset 2025v15 (Andrew and Peters 2025); GCB 2025,observed
1972,co2_fossil_oil,7.76470506,GtCO2,GCP fossil CO2 dataset 2025v15 (Andrew and Peters 2025); GCB 2025,observed
1973,co2_fossil_oil,8.21969086,GtCO2,GCP fossil CO2 dataset 2025v15 (Andrew and Peters 2025); GCB 2025,observed
1974,co2_fossil_oil,8.09929025,GtCO2,GCP fossil CO2 dataset 2025v15 (Andrew and Peters 2025); GCB 2025,observed
1975,co2_fossil_oil,8.00512195,GtCO2,GCP fossil CO2 dataset 2025v15 (Andrew and Peters 2025); GCB 2025,observed
1976,co2_fossil_oil,8.47564205,GtCO2,GCP fossil CO2 dataset 2025v15 (Andrew and Peters 2025); GCB 2025,observed
1977,co2_fossil_oil,8.76740551,GtCO2,GCP fossil CO2 dataset 2025v15 (Andrew and Peters 2025); GCB 2025,observed
1978,co2_fossil_oil,9.13372224,GtCO2,GCP fossil CO2 dataset 2025v15 (Andrew and Peters 2025); GCB 2025,observed
1979,co2_fossil_oil,9.22431713,GtCO2,GCP fossil CO2 dataset 2025v15 (Andrew and Peters 2025); GCB 2025,observed
1980,co2_fossil_oil,8.91247481,GtCO2,GCP fossil CO2 dataset 2025v15 (Andrew and Peters 2025); GCB 2025,observed
1981,co2_fossil_oil,8.48340388,GtCO2,GCP fossil CO2 dataset 2025v15 (Andrew and Peters 2025); GCB 2025,observed
1982,co2_fossil_oil,8.27625769,GtCO2,GCP fossil CO2 dataset 2025v15 (Andrew and Peters 2025); GCB 2025,observed
1983,co2_fossil_oil,8.21469288,GtCO2,GCP fossil CO2 dataset 2025v15 (Andrew and Peters 2025); GCB 2025,observed
1984,co2_fossil_oil,8.23870639,GtCO2,GCP fossil CO2 dataset 2025v15 (Andrew and Peters 2025); GCB 2025,observed
1985,co2_fossil_oil,8.24761297,GtCO2,GCP fossil CO2 dataset 2025v15 (Andrew and Peters 2025); GCB 2025,observed
1986,co2_fossil_oil,8.49059367,GtCO2,GCP fossil CO2 dataset 2025v15 (Andrew and Peters 2025); GCB 2025,observed
1987,co2_fossil_oil,8.57933299,GtCO2,GCP fossil CO2 dataset 2025v15 (Andrew and Peters 2025); GCB 2025,observed
1988,co2_fossil_oil,8.88933983,GtCO2,GCP fossil CO2 dataset 2025v15 (Andrew and Peters 2025); GCB 2025,observed
1989,co2_fossil_oil,9.03738623,GtCO2,GCP fossil CO2 dataset 2025v15 (Andrew and Peters 2025); GCB 2025,observed
1990,co2_fossil_oil,9.19643991,GtCO2,GCP fossil CO2 dataset 2025v15 (Andrew and Peters 2025); GCB 2025,observed
1991,co2_fossil_oil,9.65648754,GtCO2,GCP fossil CO2 dataset 2025v15 (Andrew and Peters 2025); GCB 2025,observed
1992,co2_fossil_oil,9.15465502,GtCO2,GCP fossil CO2 dataset 2025v15 (Andrew and Peters 2025); GCB 2025,observed
1993,co2_fossil_oil,9.17232108,GtCO2,GCP fossil CO2 dataset 2025v15 (Andrew and Peters 2025); GCB 2025,observed
1994,co2_fossil_oil,9.19623569,GtCO2,GCP fossil CO2 dataset 2025v15 (Andrew and Peters 2025); GCB 2025,observed
1995,co2_fossil_oil,9.28390127,GtCO2,GCP fossil CO2 dataset 2025v15 (Andrew and Peters 2025); GCB 2025,observed
1996,co2_fossil_oil,9.56213688,GtCO2,GCP fossil CO2 dataset 2025v15 (Andrew and Peters 2025); GCB 2025,observed
1997,co2_fossil_oil,9.70221093,GtCO2,GCP fossil CO2 dataset 2025v15 (Andrew and Peters 2025); GCB 2025,observed
1998,co2_fossil_oil,9.82197459,GtCO2,GCP fossil CO2 dataset 2025v15 (Andrew and Peters 2025); GCB 2025,observed
1999,co2_fossil_oil,10.064188,GtCO2,GCP fossil CO2 dataset 2025v15 (Andrew and Peters 2025); GCB 2025,observed
2000,co2_fossil_oil,10.2116241,GtCO2,GCP fossil CO2 dataset 2025v15 (Andrew and Peters 2025); GCB 2025,observed
2001,co2_fossil_oil,10.2835705,GtCO2,GCP fossil CO2 dataset 2025v15 (Andrew and Peters 2025); GCB 2025,observed
2002,co2_fossil_oil,10.2693528,GtCO2,GCP fossil CO2 dataset 2025v15 (Andrew and Peters 2025); GCB 2025,observed
2003,co2_fossil_oil,10.5408494,GtCO2,GCP fossil CO2 dataset 2025v15 (Andrew and Peters 2025); GCB 2025,observed
2004,co2_fossil_oil,10.9245743,GtCO2,GCP fossil CO2 dataset 2025v15 (Andrew and Peters 2025); GCB 2025,observed
2005,co2_fossil_oil,11.0303044,GtCO2,GCP fossil CO2 dataset 2025v15 (Andrew and Peters 2025); GCB 2025,observed
2006,co2_fossil_oil,11.1429278,GtCO2,GCP fossil CO2 dataset 2025v15 (Andrew and Peters 2025); GCB 2025,observed
2007,co2_fossil_oil,11.1843125,GtCO2,GCP fossil CO2 dataset 2025v15 (Andrew and Peters 2025); GCB 2025,observed
2008,co2_fossil_oil,11.1433398,GtCO2,GCP fossil CO2 dataset 2025v15 (Andrew and Peters 2025); GCB 2025,observed
2009,co2_fossil_oil,10.8995963,GtCO2,GCP fossil CO2 dataset 2025v15 (Andrew and Peters 2025); GCB 2025,observed
2010,co2_fossil_oil,11.2536945,GtCO2,GCP fossil CO2 dataset 2025v15 (Andrew and Peters 2025); GCB 2025,observed
2011,co2_fossil_oil,11.3101488,GtCO2,GCP fossil CO2 dataset 2025v15 (Andrew and Peters 2025); GCB 2025,observed
2012,co2_fossil_oil,11.4327167,GtCO2,GCP fossil CO2 dataset 2025v15 (Andrew and Peters 2025); GCB 2025,observed
2013,co2_fossil_oil,11.5166258,GtCO2,GCP fossil CO2 dataset 2025v15 (Andrew and Peters 2025); GCB 2025,observed
2014,co2_fossil_oil,11.5618318,GtCO2,GCP fossil CO2 dataset 2025v15 (Andrew and Peters 2025); GCB 2025,observed
2015,co2_fossil_oil,11.7700227,GtCO2,GCP fossil CO2 dataset 2025v15 (Andrew and Peters 2025); GCB 2025,observed
2016,co2_fossil_oil,11.9002636,GtCO2,GCP fossil CO2 dataset 2025v15 (Andrew and Peters 2025); GCB 2025,observed
2017,co2_fossil_oil,12.0852922,GtCO2,GCP fossil CO2 dataset 2025v15 (Andrew and Peters 2025); GCB 2025,observed
2018,co2_fossil_oil,12.1428283,GtCO2,GCP fossil CO2 dataset 2025v15 (Andrew and Peters 2025); GCB 2025,observed
2019,co2_fossil_oil,12.325908,GtCO2,GCP fossil CO2 dataset 2025v15 (Andrew and Peters 2025); GCB 2025,observed
2020,co2_fossil_oil,10.9323414,GtCO2,GCP fossil CO2 dataset 2025v15 (Andrew and Peters 2025); GCB 2025,observed
2021,co2_fossil_oil,11.5131664,GtCO2,GCP fossil CO2 dataset 2025v15 (Andrew and Peters 2025); GCB 2025,observed
2022,co2_fossil_oil,11.9149122,GtCO2,GCP fossil CO2 dataset 2025v15 (Andrew and Peters 2025); GCB 2025,observed
2023,co2_fossil_oil,12.2782414,GtCO2,GCP fossil CO2 dataset 2025v15 (Andrew and Peters 2025); GCB 2025,observed
2024,co2_fossil_oil,12.4705955,GtCO2,GCP fossil CO2 dataset 2025v15 (Andrew and Peters 2025); GCB 2025,observed
1750,co2_fossil_total,0.009305937,GtCO2,GCP fossil CO2 dataset 2025v15 (Andrew and Peters 2025); GCB 2025,observed
1751,co2_fossil_total,0.009407229,GtCO2,GCP fossil CO2 dataset 2025v15 (Andrew and Peters 2025); GCB 2025,observed
1752,co2_fossil_total,0.009505168,GtCO2,GCP fossil CO2 dataset 2025v15 (Andrew and Peters 2025); GCB 2025,observed
1753,co2_fossil_total,0.00961049,GtCO2,GCP fossil CO2 dataset 2025v15 (Andrew and Peters 2025); GCB 2025,observed
1754,co2_fossil_total,0.00973358,GtCO2,GCP fossil CO2 dataset 2025v15 (Andrew and Peters 2025); GCB 2025,observed
1755,co2_fossil_total,0.009793468,GtCO2,GCP fossil CO2 dataset 2025v15 (Andrew and Peters 2025); GCB 2025,observed
1756,co2_fossil_total,0.009909914,GtCO2,GCP fossil CO2 dataset 2025v15 (Andrew and Peters 2025); GCB 2025,observed
1757,co2_fossil_total,0.010093936,GtCO2,GCP fossil CO2 dataset 2025v15 (Andrew and Peters 2025); GCB 2025,observed
1758,co2_fossil_total,0.010216358,GtCO2,GCP fossil CO2 dataset 2025v15 (Andrew and Peters 2025); GCB 2025,observed
1759,co2_fossil_total,0.010338854,GtCO2,GCP fossil CO2 dataset 2025v15 (Andrew and Peters 2025); GCB 2025,observed
1760,co2_fossil_total,0.010514331,GtCO2,GCP fossil CO2 dataset 2025v15 (Andrew and Peters 2025); GCB 2025,observed
1761,co2_fossil_total,0.010747885,GtCO2,GCP fossil CO2 dataset 2025v15 (Andrew and Peters 2025); GCB 2025,observed
1762,co2_fossil_total,0.010952198,GtCO2,GCP fossil CO2 dataset 2025v15 (Andrew and Peters 2025); GCB 2025,observed
1763,co2_fossil_total,0.011191592,GtCO2,GCP fossil CO2 dataset 2025v15 (Andrew and Peters 2025); GCB 2025,observed
1764,co2_fossil_total,0.011396982,GtCO2,GCP fossil CO2 dataset 2025v15 (Andrew and Peters 2025); GCB 2025,observed
1765,co2_fossil_total,0.011643486,GtCO2,GCP fossil CO2 dataset 2025v15 (Andrew and Peters 2025); GCB 2025,observed
1766,co2_fossil_total,0.01187608,GtCO2,GCP fossil CO2 dataset 2025v15 (Andrew and Peters 2025); GCB 2025,observed
1767,co2_fossil_total,0.012152509,GtCO2,GCP fossil CO2 dataset 2025v15 (Andrew and Peters 2025); GCB 2025,observed
1768,co2_fossil_total,0.012466936,GtCO2,GCP fossil CO2 dataset 2025v15 (Andrew and Peters 2025); GCB 2025,observed
1769,co2_fossil_total,0.012780074,GtCO2,GCP fossil CO2 dataset 2025v15 (Andrew and Peters 2025); GCB 2025,observed
1770,co2_fossil_total,0.013097216,GtCO2,GCP fossil CO2 dataset 2025v15 (Andrew and Peters 2025); GCB 2025,observed
1771,co2_fossil_total,0.013369488,GtCO2,GCP fossil CO2 dataset 2025v15 (Andrew and Peters 2025); GCB 2025,observed
1772,co2_fossil_total,0.013623507,GtCO2,GCP fossil CO2 dataset 2025v15 (Andrew and Peters 2025); GCB 2025,observed
1773,co2_fossil_total,0.013808138,GtCO2,GCP fossil CO2 dataset 2025v15 (Andrew and Peters 2025); GCB 2025,observed
1774,co2_fossil_total,0.014012415,GtCO2,GCP fossil CO2 dataset 2025v15 (Andrew and Peters 2025); GCB 2025,observed
1775,co2_fossil_total,0.01433892,GtCO2,GCP fossil CO2 dataset 2025v15 (Andrew and Peters 2025); GCB 2025,observed
1776,co2_fossil_total,0.014654124,GtCO2,GCP fossil CO2 dataset 2025v15 (Andrew and Peters 2025); GCB 2025,observed
1777,co2_fossil_total,0.014959537,GtCO2,GCP fossil CO2 dataset 2025v15 (Andrew and Peters 2025); GCB 2025,observed
1778,co2_fossil_total,0.015243483,GtCO2,GCP fossil CO2 dataset 2025v15 (Andrew and Peters 2025); GCB 2025,observed
1779,co2_fossil_total,0.015535235,GtCO2,GCP fossil CO2 dataset 2025v15 (Andrew and Peters 2025); GCB 2025,observed
1780,co2_fossil_total,0.015878726,GtCO2,GCP fossil CO2 dataset 2025v15 (Andrew and Peters 2025); GCB 2025,observed
1781,co2_fossil_total,0.016234383,GtCO2,GCP fossil CO2 dataset 2025v15 (Andrew and Peters 2025); GCB 2025,observed
1782,co2_fossil_total,0.016580954,GtCO2,GCP fossil CO2 dataset 2025v15 (Andrew and Peters 2025); GCB 2025,observed
1783,co2_fossil_total,0.017062751,GtCO2,GCP fossil CO2 dataset 2025v15 (Andrew and Peters 2025); GCB 2025,observed
1784,co2_fossil_total,0.017471093,GtCO2,GCP fossil CO2 dataset 2025v15 (Andrew and Peters 2025); GCB 2025,observed
1785,co2_fossil_total,0.017965127,GtCO2,GCP fossil CO2 dataset 2025v15 (Andrew and Peters 2025); GCB 2025,observed
1786,co2_fossil_total,0.018447497,GtCO2,GCP fossil CO2 dataset 2025v15 (Andrew and Peters 2025); GCB 2025,observed
1787,co2_fossil_total,0.01885913,GtCO2,GCP fossil CO2 dataset 2025v15 (Andrew and Peters 2025); GCB 2025,observed
1788,co2_fossil_total,0.019286229,GtCO2,GCP fossil CO2 dataset 2025v15 (Andrew and Peters 2025); GCB 2025,observed
1789,co2_fossil_total,0.019863425,GtCO2,GCP fossil CO2 dataset 2025v15 (Andrew and Peters 2025); GCB 2025,observed
1790,co2_fossil_total,0.020398094,GtCO2,GCP fossil CO2 dataset 2025v15 (Andrew and Peters 2025); GCB 2025,observed
1791,co2_fossil_total,0.020931749,GtCO2,GCP fossil CO2 dataset 2025v15 (Andrew and Peters 2025); GCB 2025,observed
1792,co2_fossil_total,0.021929215,GtCO2,GCP fossil CO2 dataset 2025v15 (Andrew and Peters 2025); GCB 2025,observed
1793,co2_fossil_total,0.022297261,GtCO2,GCP fossil CO2 dataset 2025v15 (Andrew and Peters 2025); GCB 2025,observed
1794,co2_fossil_total,0.022519656,GtCO2,GCP fossil CO2 dataset 2025v15 (Andrew and Peters 2025); GCB 2025,observed
1795,co2_fossil_total,0.022315246,GtCO2,GCP fossil CO2 dataset 2025v15 (Andrew and Peters 2025); GCB 2025,observed
1796,co2_fossil_total,0.022121375,GtCO2,GCP fossil CO2 dataset 2025v15 (Andrew and Peters 2025); GCB 2025,observed
1797,co2_fossil_total,0.022090078,GtCO2,GCP fossil CO2 dataset 2025v15 (Andrew and Peters 2025); GCB 2025,observed
1798,co2_fossil_total,0.023105929,GtCO2,GCP fossil CO2 dataset 2025v15 (Andrew and Peters 2025); GCB 2025,observed
1799,co2_fossil_total,0.027485207,GtCO2,GCP fossil CO2 dataset 2025v15 (Andrew and Peters 2025); GCB 2025,observed
1800,co2_fossil_total,0.032798352,GtCO2,GCP fossil CO2 dataset 2025v15 (Andrew and Peters 2025); GCB 2025,observed
1801,co2_fossil_total,0.03198605,GtCO2,GCP fossil CO2 dataset 2025v15 (Andrew and Peters 2025); GCB 2025,observed
1802,co2_fossil_total,0.040310473,GtCO2,GCP fossil CO2 dataset 2025v15 (Andrew and Peters 2025); GCB 2025,observed
1803,co2_fossil_total,0.029538506,GtCO2,GCP fossil CO2 dataset 2025v15 (Andrew and Peters 2025); GCB 2025,observed
1804,co2_fossil_total,0.031769177,GtCO2,GCP fossil CO2 dataset 2025v15 (Andrew and Peters 2025); GCB 2025,observed
1805,co2_fossil_total,0.031251817,GtCO2,GCP fossil CO2 dataset 2025v15 (Andrew and Peters 2025); GCB 2025,observed
1806,co2_fossil_total,0.032704622,GtCO2,GCP fossil CO2 dataset 2025v15 (Andrew and Peters 2025); GCB 2025,observed
1807,co2_fossil_total,0.036200654,GtCO2,GCP fossil CO2 dataset 2025v15 (Andrew and Peters 2025); GCB 2025,observed
1808,co2_fossil_total,0.035497789,GtCO2,GCP fossil CO2 dataset 2025v15 (Andrew and Peters 2025); GCB 2025,observed
1809,co2_fossil_total,0.036333813,GtCO2,GCP fossil CO2 dataset 2025v15 (Andrew and Peters 2025); GCB 2025,observed
1810,co2_fossil_total,0.039492312,GtCO2,GCP fossil CO2 dataset 2025v15 (Andrew and Peters 2025); GCB 2025,observed
1811,co2_fossil_total,0.040176681,GtCO2,GCP fossil CO2 dataset 2025v15 (Andrew and Peters 2025); GCB 2025,observed
1812,co2_fossil_total,0.040814523,GtCO2,GCP fossil CO2 dataset 2025v15 (Andrew and Peters 2025); GCB 2025,observed
1813,co2_fossil_total,0.041206139,GtCO2,GCP fossil CO2 dataset 2025v15 (Andrew and Peters 2025); GCB 2025,observed
1814,co2_fossil_total,0.042226646,GtCO2,GCP fossil CO2 dataset 2025v15 (Andrew and Peters 2025); GCB 2025,observed
1815,co2_fossil_total,0.043587265,GtCO2,GCP fossil CO2 dataset 2025v15 (Andrew and Peters 2025); GCB 2025,observed
1816,co2_fossil_total,0.045496577,GtCO2,GCP fossil CO2 dataset 2025v15 (Andrew and Peters 2025); GCB 2025,observed
1817,co2_fossil_total,0.049275922,GtCO2,GCP fossil CO2 dataset 2025v15 (Andrew and Peters 2025); GCB 2025,observed
1818,co2_fossil_total,0.05139201,GtCO2,GCP fossil CO2 dataset 2025v15 (Andrew and Peters 2025); GCB 2025,observed
1819,co2_fossil_total,0.050930167,GtCO2,GCP fossil CO2 dataset 2025v15 (Andrew and Peters 2025); GCB 2025,observed
1820,co2_fossil_total,0.050733074,GtCO2,GCP fossil CO2 dataset 2025v15 (Andrew and Peters 2025); GCB 2025,observed
1821,co2_fossil_total,0.052059349,GtCO2,GCP fossil CO2 dataset 2025v15 (Andrew and Peters 2025); GCB 2025,observed
1822,co2_fossil_total,0.054021712,GtCO2,GCP fossil CO2 dataset 2025v15 (Andrew and Peters 2025); GCB 2025,observed
1823,co2_fossil_total,0.056357763,GtCO2,GCP fossil CO2 dataset 2025v15 (Andrew and Peters 2025); GCB 2025,observed
1824,co2_fossil_total,0.057583637,GtCO2,GCP fossil CO2 dataset 2025v15 (Andrew and Peters 2025); GCB 2025,observed
1825,co2_fossil_total,0.060730867,GtCO2,GCP fossil CO2 dataset 2025v15 (Andrew and Peters 2025); GCB 2025,observed
1826,co2_fossil_total,0.06138213,GtCO2,GCP fossil CO2 dataset 2025v15 (Andrew and Peters 2025); GCB 2025,observed
1827,co2_fossil_total,0.065738568,GtCO2,GCP fossil CO2 dataset 2025v15 (Andrew and Peters 2025); GCB 2025,observed
1828,co2_fossil_total,0.06668179,GtCO2,GCP fossil CO2 dataset 2025v15 (Andrew and Peters 2025); GCB 2025,observed
1829,co2_fossil_total,0.066307408,GtCO2,GCP fossil CO2 dataset 2025v15 (Andrew and Peters 2025); GCB 2025,observed
1830,co2_fossil_total,0.088988498,GtCO2,GCP fossil CO2 dataset 2025v15 (Andrew and Peters 2025); GCB 2025,observed
1831,co2_fossil_total,0.083250906,GtCO2,GCP fossil CO2 dataset 2025v15 (Andrew and Peters 2025); GCB 2025,observed
1832,co2_fossil_total,0.082091751,GtCO2,GCP fossil CO2 dataset 2025v15 (Andrew and Peters 2025); GCB 2025,observed
1833,co2_fossil_total,0.083248945,GtCO2,GCP fossil CO2 dataset 2025v15 (Andrew and Peters 2025); GCB 2025,observed
1834,co2_fossil_total,0.088763111,GtCO2,GCP fossil CO2 dataset 2025v15 (Andrew and Peters 2025); GCB 2025,observed
1835,co2_fossil_total,0.097399594,GtCO2,GCP fossil CO2 dataset 2025v15 (Andrew and Peters 2025); GCB 2025,observed
1836,co2_fossil_total,0.106894495,GtCO2,GCP fossil CO2 dataset 2025v15 (Andrew and Peters 2025); GCB 2025,observed
1837,co2_fossil_total,0.106199422,GtCO2,GCP fossil CO2 dataset 2025v15 (Andrew and Peters 2025); GCB 2025,observed
1838,co2_fossil_total,0.105845261,GtCO2,GCP fossil CO2 dataset 2025v15 (Andrew and Peters 2025); GCB 2025,observed
1839,co2_fossil_total,0.109653034,GtCO2,GCP fossil CO2 dataset 2025v15 (Andrew and Peters 2025); GCB 2025,observed
1840,co2_fossil_total,0.118808512,GtCO2,GCP fossil CO2 dataset 2025v15 (Andrew and Peters 2025); GCB 2025,observed
1841,co2_fossil_total,0.122165547,GtCO2,GCP fossil CO2 dataset 2025v15 (Andrew and Peters 2025); GCB 2025,observed
1842,co2_fossil_total,0.129388789,GtCO2,GCP fossil CO2 dataset 2025v15 (Andrew and Peters 2025); GCB 2025,observed
1843,co2_fossil_total,0.132369389,GtCO2,GCP fossil CO2 dataset 2025v15 (Andrew and Peters 2025); GCB 2025,observed
1844,co2_fossil_total,0.141966448,GtCO2,GCP fossil CO2 dataset 2025v15 (Andrew and Peters 2025); GCB 2025,observed
1845,co2_fossil_total,0.155073404,GtCO2,GCP fossil CO2 dataset 2025v15 (Andrew and Peters 2025); GCB 2025,observed
1846,co2_fossil_total,0.157701789,GtCO2,GCP fossil CO2 dataset 2025v15 (Andrew and Peters 2025); GCB 2025,observed
1847,co2_fossil_total,0.170796751,GtCO2,GCP fossil CO2 dataset 2025v15 (Andrew and Peters 2025); GCB 2025,observed
1848,co2_fossil_total,0.17364348,GtCO2,GCP fossil CO2 dataset 2025v15 (Andrew and Peters 2025); GCB 2025,observed
1849,co2_fossil_total,0.185048032,GtCO2,GCP fossil CO2 dataset 2025v15 (Andrew and Peters 2025); GCB 2025,observed
1850,co2_fossil_total,0.196847595,GtCO2,GCP fossil CO2 dataset 2025v15 (Andrew and Peters 2025); GCB 2025,observed
1851,co2_fossil_total,0.198778547,GtCO2,GCP fossil CO2 dataset 2025v15 (Andrew and Peters 2025); GCB 2025,observed
1852,co2_fossil_total,0.207595091,GtCO2,GCP fossil CO2 dataset 2025v15 (Andrew and Peters 2025); GCB 2025,observed
1853,co2_fossil_total,0.217236968,GtCO2,GCP fossil CO2 dataset 2025v15 (Andrew and Peters 2025); GCB 2025,observed
1854,co2_fossil_total,0.255038557,GtCO2,GCP fossil CO2 dataset 2025v15 (Andrew and Peters 2025); GCB 2025,observed
1855,co2_fossil_total,0.260259851,GtCO2,GCP fossil CO2 dataset 2025v15 (Andrew and Peters 2025); GCB 2025,observed
1856,co2_fossil_total,0.278245627,GtCO2,GCP fossil CO2 dataset 2025v15 (Andrew and Peters 2025); GCB 2025,observed
1857,co2_fossil_total,0.281181048,GtCO2,GCP fossil CO2 dataset 2025v15 (Andrew and Peters 2025); GCB 2025,observed
1858,co2_fossil_total,0.285548383,GtCO2,GCP fossil CO2 dataset 2025v15 (Andrew and Peters 2025); GCB 2025,observed
1859,co2_fossil_total,0.302572165,GtCO2,GCP fossil CO2 dataset 2025v15 (Andrew and Peters 2025); GCB 2025,observed
1860,co2_fossil_total,0.332298445,GtCO2,GCP fossil CO2 dataset 2025v15 (Andrew and Peters 2025); GCB 2025,observed
1861,co2_fossil_total,0.349190166,GtCO2,GCP fossil CO2 dataset 2025v15 (Andrew and Peters 2025); GCB 2025,observed
1862,co2_fossil_total,0.355991069,GtCO2,GCP fossil CO2 dataset 2025v15 (Andrew and Peters 2025); GCB 2025,observed
1863,co2_fossil_total,0.379534878,GtCO2,GCP fossil CO2 dataset 2025v15 (Andrew and Peters 2025); GCB 2025,observed
1864,co2_fossil_total,0.409525423,GtCO2,GCP fossil CO2 dataset 2025v15 (Andrew and Peters 2025); GCB 2025,observed
1865,co2_fossil_total,0.43485132,GtCO2,GCP fossil CO2 dataset 2025v15 (Andrew and Peters 2025); GCB 2025,observed
1866,co2_fossil_total,0.449067014,GtCO2,GCP fossil CO2 dataset 2025v15 (Andrew and Peters 2025); GCB 2025,observed
1867,co2_fossil_total,0.480813908,GtCO2,GCP fossil CO2 dataset 2025v15 (Andrew and Peters 2025); GCB 2025,observed
1868,co2_fossil_total,0.494493527,GtCO2,GCP fossil CO2 dataset 2025v15 (Andrew and Peters 2025); GCB 2025,observed
1869,co2_fossil_total,0.524731062,GtCO2,GCP fossil CO2 dataset 2025v15 (Andrew and Peters 2025); GCB 2025,observed
1870,co2_fossil_total,0.536123276,GtCO2,GCP fossil CO2 dataset 2025v15 (Andrew and Peters 2025); GCB 2025,observed
1871,co2_fossil_total,0.569776587,GtCO2,GCP fossil CO2 dataset 2025v15 (Andrew and Peters 2025); GCB 2025,observed
1872,co2_fossil_total,0.630961473,GtCO2,GCP fossil CO2 dataset 2025v15 (Andrew and Peters 2025); GCB 2025,observed
1873,co2_fossil_total,0.670467213,GtCO2,GCP fossil CO2 dataset 2025v15 (Andrew and Peters 2025); GCB 2025,observed
1874,co2_fossil_total,0.628662235,GtCO2,GCP fossil CO2 dataset 2025v15 (Andrew and Peters 2025); GCB 2025,observed
1875,co2_fossil_total,0.681047983,GtCO2,GCP fossil CO2 dataset 2025v15 (Andrew and Peters 2025); GCB 2025,observed
1876,co2_fossil_total,0.690582523,GtCO2,GCP fossil CO2 dataset 2025v15 (Andrew and Peters 2025); GCB 2025,observed
1877,co2_fossil_total,0.704032862,GtCO2,GCP fossil CO2 dataset 2025v15 (Andrew and Peters 2025); GCB 2025,observed
1878,co2_fossil_total,0.709649519,GtCO2,GCP fossil CO2 dataset 2025v15 (Andrew and Peters 2025); GCB 2025,observed
1879,co2_fossil_total,0.759794363,GtCO2,GCP fossil CO2 dataset 2025v15 (Andrew and Peters 2025); GCB 2025,observed
1880,co2_fossil_total,0.858227795,GtCO2,GCP fossil CO2 dataset 2025v15 (Andrew and Peters 2025); GCB 2025,observed
1881,co2_fossil_total,0.888172557,GtCO2,GCP fossil CO2 dataset 2025v15 (Andrew and Peters 2025); GCB 2025,observed
1882,co2_fossil_total,0.93815809,GtCO2,GCP fossil CO2 dataset 2025v15 (Andrew and Peters 2025); GCB 2025,observed
1883,co2_fossil_total,0.997862487,GtCO2,GCP fossil CO2 dataset 2025v15 (Andrew and Peters 2025); GCB 2025,observed
1884,co2_fossil_total,1.00976195,GtCO2,GCP fossil CO2 dataset 2025v15 (Andrew and Peters 2025); GCB 2025,observed
1885,co2_fossil_total,1.01748916,GtCO2,GCP fossil CO2 dataset 2025v15 (Andrew and Peters 2025); GCB 2025,observed
1886,co2_fossil_total,1.03298735,GtCO2,GCP fossil CO2 dataset 2025v15 (Andrew and Peters 2025); GCB 2025,observed
1887,co2_fossil_total,1.08428328,GtCO2,GCP fossil CO2 dataset 2025v15 (Andrew and Peters 2025); GCB 2025,observed
1888,co2_fossil_total,1.20134167,GtCO2,GCP fossil CO2 dataset 2025v15 (Andrew and Peters 2025); GCB 2025,observed
1889,co2_fossil_total,1.2020975,GtCO2,GCP fossil CO2 dataset 2025v15 (Andrew and Peters 2025); GCB 2025,observed
1890,co2_fossil_total,1.30725547,GtCO2,GCP fossil CO2 dataset 2025v15 (Andrew and Peters 2025); GCB 2025,observed
1891,co2_fossil_total,1.36959842,GtCO2,GCP fossil CO2 dataset 2025v15 (Andrew and Peters 2025); GCB 2025,observed
1892,co2_fossil_total,1.38053626,GtCO2,GCP fossil CO2 dataset 2025v15 (Andrew and Peters 2025); GCB 2025,observed
1893,co2_fossil_total,1.36317952,GtCO2,GCP fossil CO2 dataset 2025v15 (Andrew and Peters 2025); GCB 2025,observed
1894,co2_fossil_total,1.4122273,GtCO2,GCP fossil CO2 dataset 2025v15 (Andrew and Peters 2025); GCB 2025,observed
1895,co2_fossil_total,1.49596385,GtCO2,GCP fossil CO2 dataset 2025v15 (Andrew and Peters 2025); GCB 2025,observed
1896,co2_fossil_total,1.54545082,GtCO2,GCP fossil CO2 dataset 2025v15 (Andrew and Peters 2025); GCB 2025,observed
1897,co2_fossil_total,1.61840532,GtCO2,GCP fossil CO2 dataset 2025v15 (Andrew and Peters 2025); GCB 2025,observed
1898,co2_fossil_total,1.70696654,GtCO2,GCP fossil CO2 dataset 2025v15 (Andrew and Peters 2025); GCB 2025,observed
1899,co2_fossil_total,1.86442416,GtCO2,GCP fossil CO2 dataset 2025v15 (Andrew and Peters 2025); GCB 2025,observed
1900,co2_fossil_total,1.96288379,GtCO2,GCP fossil CO2 dataset 2025v15 (Andrew and Peters 2025); GCB 2025,observed
1901,co2_fossil_total,2.02562817,GtCO2,GCP fossil CO2 dataset 2025v15 (Andrew and Peters 2025); GCB 2025,observed
1902,co2_fossil_total,2.07695599,GtCO2,GCP fossil CO2 dataset 2025v15 (Andrew and Peters 2025); GCB 2025,observed
1903,co2_fossil_total,2.26459185,GtCO2,GCP fossil CO2 dataset 2025v15 (Andrew and Peters 2025); GCB 2025,observed
1904,co2_fossil_total,2.29025495,GtCO2,GCP fossil CO2 dataset 2025v15 (Andrew and Peters 2025); GCB 2025,observed
1905,co2_fossil_total,2.44057053,GtCO2,GCP fossil CO2 dataset 2025v15 (Andrew and Peters 2025); GCB 2025,observed
1906,co2_fossil_total,2.54897825,GtCO2,GCP fossil CO2 dataset 2025v15 (Andrew and Peters 2025); GCB 2025,observed
1907,co2_fossil_total,2.90494928,GtCO2,GCP fossil CO2 dataset 2025v15 (Andrew and Peters 2025); GCB 2025,observed
1908,co2_fossil_total,2.79039501,GtCO2,GCP fossil CO2 dataset 2025v15 (Andrew and Peters 2025); GCB 2025,observed
1909,co2_fossil_total,2.90711165,GtCO2,GCP fossil CO2 dataset 2025v15 (Andrew and Peters 2025); GCB 2025,observed
1910,co2_fossil_total,3.05027297,GtCO2,GCP fossil CO2 dataset 2025v15 (Andrew and Peters 2025); GCB 2025,observed
1911,co2_fossil_total,3.09720735,GtCO2,GCP fossil CO2 dataset 2025v15 (Andrew and Peters 2025); GCB 2025,observed
1912,co2_fossil_total,3.25392879,GtCO2,GCP fossil CO2 dataset 2025v15 (Andrew and Peters 2025); GCB 2025,observed
1913,co2_fossil_total,3.52484591,GtCO2,GCP fossil CO2 dataset 2025v15 (Andrew and Peters 2025); GCB 2025,observed
1914,co2_fossil_total,3.19774994,GtCO2,GCP fossil CO2 dataset 2025v15 (Andrew and Peters 2025); GCB 2025,observed
1915,co2_fossil_total,3.14803068,GtCO2,GCP fossil CO2 dataset 2025v15 (Andrew and Peters 2025); GCB 2025,observed
1916,co2_fossil_total,3.40023209,GtCO2,GCP fossil CO2 dataset 2025v15 (Andrew and Peters 2025); GCB 2025,observed
1917,co2_fossil_total,3.5564985,GtCO2,GCP fossil CO2 dataset 2025v15 (Andrew and Peters 2025); GCB 2025,observed
1918,co2_fossil_total,3.50608477,GtCO2,GCP fossil CO2 dataset 2025v15 (Andrew and Peters 2025); GCB 2025,observed
1919,co2_fossil_total,3.04111308,GtCO2,GCP fossil CO2 dataset 2025v15 (Andrew and Peters 2025); GCB 2025,observed
1920,co2_fossil_total,3.54675777,GtCO2,GCP fossil CO2 dataset 2025v15 (Andrew and Peters 2025); GCB 2025,observed
1921,co2_fossil_total,3.11499389,GtCO2,GCP fossil CO2 dataset 2025v15 (Andrew and Peters 2025); GCB 2025,observed
1922,co2_fossil_total,3.26471689,GtCO2,GCP fossil CO2 dataset 2025v15 (Andrew and Peters 2025); GCB 2025,observed
1923,co2_fossil_total,3.70299573,GtCO2,GCP fossil CO2 dataset 2025v15 (Andrew and Peters 2025); GCB 2025,observed
1924,co2_fossil_total,3.71614267,GtCO2,GCP fossil CO2 dataset 2025v15 (Andrew and Peters 2025); GCB 2025,observed
1925,co2_fossil_total,3.7406329,GtCO2,GCP fossil CO2 dataset 2025v15 (Andrew and Peters 2025); GCB 2025,observed
1926,co2_fossil_total,3.67740682,GtCO2,GCP fossil CO2 dataset 2025v15 (Andrew and Peters 2025); GCB 2025,observed
1927,co2_fossil_total,4.01294674,GtCO2,GCP fossil CO2 dataset 2025v15 (Andrew and Peters 2025); GCB 2025,observed
1928,co2_fossil_total,3.99631052,GtCO2,GCP fossil CO2 dataset 2025v15 (Andrew and Peters 2025); GCB 2025,observed
1929,co2_fossil_total,4.2882101,GtCO2,GCP fossil CO2 dataset 2025v15 (Andrew and Peters 2025); GCB 2025,observed
1930,co2_fossil_total,3.95809445,GtCO2,GCP fossil CO2 dataset 2025v15 (Andrew and Peters 2025); GCB 2025,observed
1931,co2_fossil_total,3.53931877,GtCO2,GCP fossil CO2 dataset 2025v15 (Andrew and Peters 2025); GCB 2025,observed
1932,co2_fossil_total,3.19258997,GtCO2,GCP fossil CO2 dataset 2025v15 (Andrew and Peters 2025); GCB 2025,observed
1933,co2_fossil_total,3.36268207,GtCO2,GCP fossil CO2 dataset 2025v15 (Andrew and Peters 2025); GCB 2025,observed
1934,co2_fossil_total,3.65618562,GtCO2,GCP fossil CO2 dataset 2025v15 (Andrew and Peters 2025); GCB 2025,observed
1935,co2_fossil_total,3.83574072,GtCO2,GCP fossil CO2 dataset 2025v15 (Andrew and Peters 2025); GCB 2025,observed
1936,co2_fossil_total,4.20792867,GtCO2,GCP fossil CO2 dataset 2025v15 (Andrew and Peters 2025); GCB 2025,observed
1937,co2_fossil_total,4.4967133,GtCO2,GCP fossil CO2 dataset 2025v15 (Andrew and Peters 2025); GCB 2025,observed
1938,co2_fossil_total,4.22961693,GtCO2,GCP fossil CO2 dataset 2025v15 (Andrew and Peters 2025); GCB 2025,observed
1939,co2_fossil_total,4.47013242,GtCO2,GCP fossil CO2 dataset 2025v15 (Andrew and Peters 2025); GCB 2025,observed
1940,co2_fossil_total,4.88466146,GtCO2,GCP fossil CO2 dataset 2025v15 (Andrew and Peters 2025); GCB 2025,observed
1941,co2_fossil_total,4.99909032,GtCO2,GCP fossil CO2 dataset 2025v15 (Andrew and Peters 2025); GCB 2025,observed
1942,co2_fossil_total,4.98252319,GtCO2,GCP fossil CO2 dataset 2025v15 (Andrew and Peters 2025); GCB 2025,observed
1943,co2_fossil_total,5.07527318,GtCO2,GCP fossil CO2 dataset 2025v15 (Andrew and Peters 2025); GCB 2025,observed
1944,co2_fossil_total,5.16248579,GtCO2,GCP fossil CO2 dataset 2025v15 (Andrew and Peters 2025); GCB 2025,observed
1945,co2_fossil_total,4.28931154,GtCO2,GCP fossil CO2 dataset 2025v15 (Andrew and Peters 2025); GCB 2025,observed
1946,co2_fossil_total,4.60854556,GtCO2,GCP fossil CO2 dataset 2025v15 (Andrew and Peters 2025); GCB 2025,observed
1947,co2_fossil_total,5.16520376,GtCO2,GCP fossil CO2 dataset 2025v15 (Andrew and Peters 2025); GCB 2025,observed
1948,co2_fossil_total,5.4478827,GtCO2,GCP fossil CO2 dataset 2025v15 (Andrew and Peters 2025); GCB 2025,observed
1949,co2_fossil_total,5.20403291,GtCO2,GCP fossil CO2 dataset 2025v15 (Andrew and Peters 2025); GCB 2025,observed
1950,co2_fossil_total,5.93040563,GtCO2,GCP fossil CO2 dataset 2025v15 (Andrew and Peters 2025); GCB 2025,observed
1951,co2_fossil_total,6.38165073,GtCO2,GCP fossil CO2 dataset 2025v15 (Andrew and Peters 2025); GCB 2025,observed
1952,co2_fossil_total,6.46769993,GtCO2,GCP fossil CO2 dataset 2025v15 (Andrew and Peters 2025); GCB 2025,observed
1953,co2_fossil_total,6.65103893,GtCO2,GCP fossil CO2 dataset 2025v15 (Andrew and Peters 2025); GCB 2025,observed
1954,co2_fossil_total,6.78973406,GtCO2,GCP fossil CO2 dataset 2025v15 (Andrew and Peters 2025); GCB 2025,observed
1955,co2_fossil_total,7.44410245,GtCO2,GCP fossil CO2 dataset 2025v15 (Andrew and Peters 2025); GCB 2025,observed
1956,co2_fossil_total,7.92627502,GtCO2,GCP fossil CO2 dataset 2025v15 (Andrew and Peters 2025); GCB 2025,observed
1957,co2_fossil_total,8.18597631,GtCO2,GCP fossil CO2 dataset 2025v15 (Andrew and Peters 2025); GCB 2025,observed
1958,co2_fossil_total,8.41751708,GtCO2,GCP fossil CO2 dataset 2025v15 (Andrew and Peters 2025); GCB 2025,observed
1959,co2_fossil_total,8.85511213,GtCO2,GCP fossil CO2 dataset 2025v15 (Andrew and Peters 2025); GCB 2025,observed
1960,co2_fossil_total,9.38695138,GtCO2,GCP fossil CO2 dataset 2025v15 (Andrew and Peters 2025); GCB 2025,observed
1961,co2_fossil_total,9.41499049,GtCO2,GCP fossil CO2 dataset 2025v15 (Andrew and Peters 2025); GCB 2025,observed
1962,co2_fossil_total,9.74724078,GtCO2,GCP fossil CO2 dataset 2025v15 (Andrew and Peters 2025); GCB 2025,observed
1963,co2_fossil_total,10.2667777,GtCO2,GCP fossil CO2 dataset 2025v15 (Andrew and Peters 2025); GCB 2025,observed
1964,co2_fossil_total,10.8244697,GtCO2,GCP fossil CO2 dataset 2025v15 (Andrew and Peters 2025); GCB 2025,observed
1965,co2_fossil_total,11.3106029,GtCO2,GCP fossil CO2 dataset 2025v15 (Andrew and Peters 2025); GCB 2025,observed
1966,co2_fossil_total,11.8626252,GtCO2,GCP fossil CO2 dataset 2025v15 (Andrew and Peters 2025); GCB 2025,observed
1967,co2_fossil_total,12.2373707,GtCO2,GCP fossil CO2 dataset 2025v15 (Andrew and Peters 2025); GCB 2025,observed
1968,co2_fossil_total,12.9052737,GtCO2,GCP fossil CO2 dataset 2025v15 (Andrew and Peters 2025); GCB 2025,observed
1969,co2_fossil_total,13.7617974,GtCO2,GCP fossil CO2 dataset 2025v15 (Andrew and Peters 2025); GCB 2025,observed
1970,co2_fossil_total,14.8991384,GtCO2,GCP fossil CO2 dataset 2025v15 (Andrew and Peters 2025); GCB 2025,observed
1971,co2_fossil_total,15.5038637,GtCO2,GCP fossil CO2 dataset 2025v15 (Andrew and Peters 2025); GCB 2025,observed
1972,co2_fossil_total,16.2245806,GtCO2,GCP fossil CO2 dataset 2025v15 (Andrew and Peters 2025); GCB 2025,observed
1973,co2_fossil_total,17.077286,GtCO2,GCP fossil CO2 dataset 2025v15 (Andrew and Peters 2025); GCB 2025,observed
1974,co2_fossil_total,16.9979116,GtCO2,GCP fossil CO2 dataset 2025v15 (Andrew and Peters 2025); GCB 2025,observed
1975,co2_fossil_total,16.9884767,GtCO2,GCP fossil CO2 dataset 2025v15 (Andrew and Peters 2025); GCB 2025,observed
1976,co2_fossil_total,17.8624917,GtCO2,GCP fossil CO2 dataset 2025v15 (Andrew and Peters 2025); GCB 2025,observed
1977,co2_fossil_total,18.3580387,GtCO2,GCP fossil CO2 dataset 2025v15 (Andrew and Peters 2025); GCB 2025,observed
1978,co2_fossil_total,19.0247413,GtCO2,GCP fossil CO2 dataset 2025v15 (Andrew and Peters 2025); GCB 2025,observed
1979,co2_fossil_total,19.5085905,GtCO2,GCP fossil CO2 dataset 2025v15 (Andrew and Peters 2025); GCB 2025,observed
1980,co2_fossil_total,19.409793,GtCO2,GCP fossil CO2 dataset 2025v15 (Andrew and Peters 2025); GCB 2025,observed
1981,co2_fossil_total,18.8797566,GtCO2,GCP fossil CO2 dataset 2025v15 (Andrew and Peters 2025); GCB 2025,observed
1982,co2_fossil_total,18.7297424,GtCO2,GCP fossil CO2 dataset 2025v15 (Andrew and Peters 2025); GCB 2025,observed
1983,co2_fossil_total,18.901775,GtCO2,GCP fossil CO2 dataset 2025v15 (Andrew and Peters 2025); GCB 2025,observed
1984,co2_fossil_total,19.4572497,GtCO2,GCP fossil CO2 dataset 2025v15 (Andrew and Peters 2025); GCB 2025,observed
1985,co2_fossil_total,20.144863,GtCO2,GCP fossil CO2 dataset 2025v15 (Andrew and Peters 2025); GCB 2025,observed
1986,co2_fossil_total,20.4380448,GtCO2,GCP fossil CO2 dataset 2025v15 (Andrew and Peters 2025); GCB 2025,observed
1987,co2_fossil_total,21.1061903,GtCO2,GCP fossil CO2 dataset 2025v15 (Andrew and Peters 2025); GCB 2025,observed
1988,co2_fossil_total,21.918756,GtCO2,GCP fossil CO2 dataset 2025v15 (Andrew and Peters 2025); GCB 2025,observed
1989,co2_fossil_total,22.2002124,GtCO2,GCP fossil CO2 dataset 2025v15 (Andrew and Peters 2025); GCB 2025,observed
1990,co2_fossil_total,22.7321437,GtCO2,GCP fossil CO2 dataset 2025v15 (Andrew and Peters 2025); GCB 2025,observed
1991,co2_fossil_total,23.205591,GtCO2,GCP fossil CO2 dataset 2025v15 (Andrew and Peters 2025); GCB 2025,observed
1992,co2_fossil_total,22.5204241,GtCO2,GCP fossil CO2 dataset 2025v15 (Andrew and Peters 2025); GCB 2025,observed
1993,co2_fossil_total,22.7498721,GtCO2,GCP fossil CO2 dataset 2025v15 (Andrew and Peters 2025); GCB 2025,observed
1994,co2_fossil_total,22.9745983,GtCO2,GCP fossil CO2 dataset 2025v15 (Andrew and Peters 2025); GCB 2025,observed
1995,co2_fossil_total,23.5166379,GtCO2,GCP fossil CO2 dataset 2025v15 (Andrew and Peters 2025); GCB 2025,observed
1996,co2_fossil_total,24.2334767,GtCO2,GCP fossil CO2 dataset 2025v15 (Andrew and Peters 2025); GCB 2025,observed
1997,co2_fossil_total,24.3803213,GtCO2,GCP fossil CO2 dataset 2025v15 (Andrew and Peters 2025); GCB 2025,observed
1998,co2_fossil_total,24.295713,GtCO2,GCP fossil CO2 dataset 2025v15 (Andrew and Peters 2025); GCB 2025,observed
1999,co2_fossil_total,24.8377707,GtCO2,GCP fossil CO2 dataset 2025v15 (Andrew and Peters 2025); GCB 2025,observed
2000,co2_fossil_total,25.5114835,GtCO2,GCP fossil CO2 dataset 2025v15 (Andrew and Peters 2025); GCB 2025,observed
2001,co2_fossil_total,25.6929936,GtCO2,GCP fossil CO2 dataset 2025v15 (Andrew and Peters 2025); GCB 2025,observed
2002,co2_fossil_total,26.2653315,GtCO2,GCP fossil CO2 dataset 2025v15 (Andrew and Peters 2025); GCB 2025,observed
2003,co2_fossil_total,27.6526905,GtCO2,GCP fossil CO2 dataset 2025v15 (Andrew and Peters 2025); GCB 2025,observed
2004,co2_fossil_total,28.610024,GtCO2,GCP fossil CO2 dataset 2025v15 (Andrew and Peters 2025); GCB 2025,observed
2005,co2_fossil_total,29.5989504,GtCO2,GCP fossil CO2 dataset 2025v15 (Andrew and Peters 2025); GCB 2025,observed
2006,co2_fossil_total,30.5941517,GtCO2,GCP fossil CO2 dataset 2025v15 (Andrew and Peters 2025); GCB 2025,observed
2007,co2_fossil_total,31.4992555,GtCO2,GCP fossil CO2 dataset 2025v15 (Andrew and Peters 2025); GCB 2025,observed
2008,co2_fossil_total,32.0496603,GtCO2,GCP fossil CO2 dataset 2025v15 (Andrew and Peters 2025); GCB 2025,observed
2009,co2_fossil_total,31.5130136,GtCO2,GCP fossil CO2 dataset 2025v15 (Andrew and Peters 2025); GCB 2025,observed
2010,co2_fossil_total,33.3176734,GtCO2,GCP fossil CO2 dataset 2025v15 (Andrew and Peters 2025); GCB 2025,observed
2011,co2_fossil_total,34.4799895,GtCO2,GCP fossil CO2 dataset 2025v15 (Andrew and Peters 2025); GCB 2025,observed
2012,co2_fossil_total,34.9547352,GtCO2,GCP fossil CO2 dataset 2025v15 (Andrew and Peters 2025); GCB 2025,observed
2013,co2_fossil_total,35.2758197,GtCO2,GCP fossil CO2 dataset 2025v15 (Andrew and Peters 2025); GCB 2025,observed
2014,co2_fossil_total,35.4656939,GtCO2,GCP fossil CO2 dataset 2025v15 (Andrew and Peters 2025); GCB 2025,observed
2015,co2_fossil_total,35.4035275,GtCO2,GCP fossil CO2 dataset 2025v15 (Andrew and Peters 2025); GCB 2025,observed
2016,co2_fossil_total,35.3928304,GtCO2,GCP fossil CO2 dataset 2025v15 (Andrew and Peters 2025); GCB 2025,observed
2017,co2_fossil_total,35.9746099,GtCO2,GCP fossil CO2 dataset 2025v15 (Andrew and Peters 2025); GCB 2025,observed
2018,co2_fossil_total,36.7340029,GtCO2,GCP fossil CO2 dataset 2025v15 (Andrew and Peters 2025); GCB 2025,observed
2019,co2_fossil_total,37.0865667,GtCO2,GCP fossil CO2 dataset 2025v15 (Andrew and Peters 2025); GCB 2025,observed
2020,co2_fossil_total,35.1582298,GtCO2,GCP fossil CO2 dataset 2025v15 (Andrew and Peters 2025); GCB 2025,observed
2021,co2_fossil_total,36.8668638,GtCO2,GCP fossil CO2 dataset 2025v15 (Andrew and Peters 2025); GCB 2025,observed
2022,co2_fossil_total,37.5277717,GtCO2,GCP fossil CO2 dataset 2025v15 (Andrew and Peters 2025); GCB 2025,observed
2023,co2_fossil_total,38.0940442,GtCO2,GCP fossil CO2 dataset 2025v15 (Andrew and Peters 2025); GCB 2025,observed
2024,co2_fossil_total,38.598578,GtCO2,GCP fossil CO2 dataset 2025v15 (Andrew and Peters 2025); GCB 2025,observed
1990,co2_other_carbonates,0.336424861,GtCO2,GCP fossil CO2 dataset 2025v15 (Andrew and Peters 2025); GCB 2025,observed
1991,co2_other_carbonates,0.346639255,GtCO2,GCP fossil CO2 dataset 2025v15 (Andrew and Peters 2025); GCB 2025,observed
1992,co2_other_carbonates,0.337513431,GtCO2,GCP fossil CO2 dataset 2025v15 (Andrew and Peters 2025); GCB 2025,observed
1993,co2_other_carbonates,0.317711364,GtCO2,GCP fossil CO2 dataset 2025v15 (Andrew and Peters 2025); GCB 2025,observed
1994,co2_other_carbonates,0.324771636,GtCO2,GCP fossil CO2 dataset 2025v15 (Andrew and Peters 2025); GCB 2025,observed
1995,co2_other_carbonates,0.33287895,GtCO2,GCP fossil CO2 dataset 2025v15 (Andrew and Peters 2025); GCB 2025,observed
1996,co2_other_carbonates,0.330670313,GtCO2,GCP fossil CO2 dataset 2025v15 (Andrew and Peters 2025); GCB 2025,observed
1997,co2_other_carbonates,0.346143618,GtCO2,GCP fossil CO2 dataset 2025v15 (Andrew and Peters 2025); GCB 2025,observed
1998,co2_other_carbonates,0.349655006,GtCO2,GCP fossil CO2 dataset 2025v15 (Andrew and Peters 2025); GCB 2025,observed
1999,co2_other_carbonates,0.36185886,GtCO2,GCP fossil CO2 dataset 2025v15 (Andrew and Peters 2025); GCB 2025,observed
2000,co2_other_carbonates,0.351657216,GtCO2,GCP fossil CO2 dataset 2025v15 (Andrew and Peters 2025); GCB 2025,observed
2001,co2_other_carbonates,0.344455705,GtCO2,GCP fossil CO2 dataset 2025v15 (Andrew and Peters 2025); GCB 2025,observed
2002,co2_other_carbonates,0.350030187,GtCO2,GCP fossil CO2 dataset 2025v15 (Andrew and Peters 2025); GCB 2025,observed
2003,co2_other_carbonates,0.348205626,GtCO2,GCP fossil CO2 dataset 2025v15 (Andrew and Peters 2025); GCB 2025,observed
2004,co2_other_carbonates,0.377003904,GtCO2,GCP fossil CO2 dataset 2025v15 (Andrew and Peters 2025); GCB 2025,observed
2005,co2_other_carbonates,0.380528817,GtCO2,GCP fossil CO2 dataset 2025v15 (Andrew and Peters 2025); GCB 2025,observed
2006,co2_other_carbonates,0.390112745,GtCO2,GCP fossil CO2 dataset 2025v15 (Andrew and Peters 2025); GCB 2025,observed
2007,co2_other_carbonates,0.385405077,GtCO2,GCP fossil CO2 dataset 2025v15 (Andrew and Peters 2025); GCB 2025,observed
2008,co2_other_carbonates,0.380067849,GtCO2,GCP fossil CO2 dataset 2025v15 (Andrew and Peters 2025); GCB 2025,observed
2009,co2_other_carbonates,0.34531913,GtCO2,GCP fossil CO2 dataset 2025v15 (Andrew and Peters 2025); GCB 2025,observed
2010,co2_other_carbonates,0.348421472,GtCO2,GCP fossil CO2 dataset 2025v15 (Andrew and Peters 2025); GCB 2025,observed
2011,co2_other_carbonates,0.375290262,GtCO2,GCP fossil CO2 dataset 2025v15 (Andrew and Peters 2025); GCB 2025,observed
2012,co2_other_carbonates,0.379660581,GtCO2,GCP fossil CO2 dataset 2025v15 (Andrew and Peters 2025); GCB 2025,observed
2013,co2_other_carbonates,0.4095744,GtCO2,GCP fossil CO2 dataset 2025v15 (Andrew and Peters 2025); GCB 2025,observed
2014,co2_other_carbonates,0.407779621,GtCO2,GCP fossil CO2 dataset 2025v15 (Andrew and Peters 2025); GCB 2025,observed
2015,co2_other_carbonates,0.427640035,GtCO2,GCP fossil CO2 dataset 2025v15 (Andrew and Peters 2025); GCB 2025,observed
2016,co2_other_carbonates,0.4070721,GtCO2,GCP fossil CO2 dataset 2025v15 (Andrew and Peters 2025); GCB 2025,observed
2017,co2_other_carbonates,0.426375817,GtCO2,GCP fossil CO2 dataset 2025v15 (Andrew and Peters 2025); GCB 2025,observed
2018,co2_other_carbonates,0.458177736,GtCO2,GCP fossil CO2 dataset 2025v15 (Andrew and Peters 2025); GCB 2025,observed
2019,co2_other_carbonates,0.435526838,GtCO2,GCP fossil CO2 dataset 2025v15 (Andrew and Peters 2025); GCB 2025,observed
2020,co2_other_carbonates,0.413978777,GtCO2,GCP fossil CO2 dataset 2025v15 (Andrew and Peters 2025); GCB 2025,observed
2021,co2_other_carbonates,0.436648577,GtCO2,GCP fossil CO2 dataset 2025v15 (Andrew and Peters 2025); GCB 2025,observed
2022,co2_other_carbonates,0.427326576,GtCO2,GCP fossil CO2 dataset 2025v15 (Andrew and Peters 2025); GCB 2025,observed
2023,co2_other_carbonates,0.424955158,GtCO2,GCP fossil CO2 dataset 2025v15 (Andrew and Peters 2025); GCB 2025,observed
2024,co2_other_carbonates,0.424375559,GtCO2,GCP fossil CO2 dataset 2025v15 (Andrew and Peters 2025); GCB 2025,observed
,cum_fossil_co2_1750_2024,1833.33333,GtCO2,"Friedlingstein et al. 2026 ESSD 18:3211-3288 (Global Carbon Budget 2025), Table 8",published
,cum_fossil_co2_1750_2024_sd,91.6666667,GtCO2,"Friedlingstein et al. 2026 ESSD 18:3211-3288 (Global Carbon Budget 2025), Table 8",published
,cum_landuse_co2_1750_2024,1026.66667,GtCO2,"Friedlingstein et al. 2026 ESSD 18:3211-3288 (Global Carbon Budget 2025), Table 8",published
,cum_landuse_co2_1750_2024_sd,238.333333,GtCO2,"Friedlingstein et al. 2026 ESSD 18:3211-3288 (Global Carbon Budget 2025), Table 8",published
,cum_total_anthropogenic_co2_1750_2024,2860,GtCO2,"Friedlingstein et al. 2026 ESSD 18:3211-3288 (Global Carbon Budget 2025), Table 8",published
,cum_total_anthropogenic_co2_1750_2024_sd,256.666667,GtCO2,"Friedlingstein et al. 2026 ESSD 18:3211-3288 (Global Carbon Budget 2025), Table 8",published
,cum_atmospheric_growth_1750_2024,1136.66667,GtCO2,"Friedlingstein et al. 2026 ESSD 18:3211-3288 (Global Carbon Budget 2025), Table 8",published
,cum_atmospheric_growth_1750_2024_sd,18.3333333,GtCO2,"Friedlingstein et al. 2026 ESSD 18:3211-3288 (Global Carbon Budget 2025), Table 8",published
,fossil_share_of_cumulative_co2_1750_2024,0.641025641,fraction,"Friedlingstein et al. 2026 ESSD 18:3211-3288 (Global Carbon Budget 2025), Table 8",published
,cumulative_airborne_fraction_1750_2024,0.397435897,fraction,"Friedlingstein et al. 2026 ESSD 18:3211-3288 (Global Carbon Budget 2025), Table 8",published
