year,series,value,unit,source,method
1750,co2_fossil_total,0.009305937,GtCO2,GCP fossil CO2 dataset 2025v15 (Andrew and Peters 2025); GCB 2025,observed
1751,co2_fossil_total,0.009407229,GtCO2,GCP fossil CO2 dataset 2025v15 (Andrew and Peters 2025); GCB 2025,observed
1752,co2_fossil_total,0.009505168,GtCO2,GCP fossil CO2 dataset 2025v15 (Andrew and Peters 2025); GCB 2025,observed
1753,co2_fossil_total,0.00961049,GtCO2,GCP fossil CO2 dataset 2025v15 (Andrew and Peters 2025); GCB 2025,observed
1754,co2_fossil_total,0.00973358,GtCO2,GCP fossil CO2 dataset 2025v15 (Andrew and Peters 2025); GCB 2025,observed
1755,co2_fossil_total,0.009793468,GtCO2,GCP fossil CO2 dataset 2025v15 (Andrew and Peters 2025); GCB 2025,observed
1756,co2_fossil_total,0.009909914,GtCO2,GCP fossil CO2 dataset 2025v15 (Andrew and Peters 2025); GCB 2025,observed
1757,co2_fossil_total,0.010093936,GtCO2,GCP fossil CO2 dataset 2025v15 (Andrew and Peters 2025); GCB 2025,observed
1758,co2_fossil_total,0.010216358,GtCO2,GCP fossil CO2 dataset 2025v15 (Andrew and Peters 2025); GCB 2025,observed
1759,co2_fossil_total,0.010338854,GtCO2,GCP fossil CO2 dataset 2025v15 (Andrew and Peters 2025); GCB 2025,observed
1760,co2_fossil_total,0.010514331,GtCO2,GCP fossil CO2 dataset 2025v15 (Andrew and Peters 2025); GCB 2025,observed
1761,co2_fossil_total,0.010747885,GtCO2,GCP fossil CO2 dataset 2025v15 (Andrew and Peters 2025); GCB 2025,observed
1762,co2_fossil_total,0.010952198,GtCO2,GCP fossil CO2 dataset 2025v15 (Andrew and Peters 2025); GCB 2025,observed
1763,co2_fossil_total,0.011191592,GtCO2,GCP fossil CO2 dataset 2025v15 (Andrew and Peters 2025); GCB 2025,observed
1764,co2_fossil_total,0.011396982,GtCO2,GCP fossil CO2 dataset 2025v15 (Andrew and Peters 2025); GCB 2025,observed
1765,co2_fossil_total,0.011643486,GtCO2,GCP fossil CO2 dataset 2025v15 (Andrew and Peters 2025); GCB 2025,observed
1766,co2_fossil_total,0.01187608,GtCO2,GCP fossil CO2 dataset 2025v15 (Andrew and Peters 2025); GCB 2025,observed
1767,co2_fossil_total,0.012152509,GtCO2,GCP fossil CO2 dataset 2025v15 (Andrew and Peters 2025); GCB 2025,observed
1768,co2_fossil_total,0.012466936,GtCO2,GCP fossil CO2 dataset 2025v15 (Andrew and Peters 2025); GCB 2025,observed
1769,co2_fossil_total,0.012780074,GtCO2,GCP fossil CO2 dataset 2025v15 (Andrew and Peters 2025); GCB 2025,observed
1770,co2_fossil_total,0.013097216,GtCO2,GCP fossil CO2 dataset 2025v15 (Andrew and Peters 2025); GCB 2025,observed
1771,co2_fossil_total,0.013369488,GtCO2,GCP fossil CO2 dataset 2025v15 (Andrew and Peters 2025); GCB 2025,observed
1772,co2_fossil_total,0.013623507,GtCO2,GCP fossil CO2 dataset 2025v15 (Andrew and Peters 2025); GCB 2025,observed
1773,co2_fossil_total,0.013808138,GtCO2,GCP fossil CO2 dataset 2025v15 (Andrew and Peters 2025); GCB 2025,observed
1774,co2_fossil_total,0.014012415,GtCO2,GCP fossil CO2 dataset 2025v15 (Andrew and Peters 2025); GCB 2025,observed
1775,co2_fossil_total,0.01433892,GtCO2,GCP fossil CO2 dataset 2025v15 (Andrew and Peters 2025); GCB 2025,observed
1776,co2_fossil_total,0.014654124,GtCO2,GCP fossil CO2 dataset 2025v15 (Andrew and Peters 2025); GCB 2025,observed
1777,co2_fossil_total,0.014959537,GtCO2,GCP fossil CO2 dataset 2025v15 (Andrew and Peters 2025); GCB 2025,observed
1778,co2_fossil_total,0.015243483,GtCO2,GCP fossil CO2 dataset 2025v15 (Andrew and Peters 2025); GCB 2025,observed
1779,co2_fossil_total,0.015535235,GtCO2,GCP fossil CO2 dataset 2025v15 (Andrew and Peters 2025); GCB 2025,observed
1780,co2_fossil_total,0.015878726,GtCO2,GCP fossil CO2 dataset 2025v15 (Andrew and Peters 2025); GCB 2025,observed
1781,co2_fossil_total,0.016234383,GtCO2,GCP fossil CO2 dataset 2025v15 (Andrew and Peters 2025); GCB 2025,observed
1782,co2_fossil_total,0.016580954,GtCO2,GCP fossil CO2 dataset 2025v15 (Andrew and Peters 2025); GCB 2025,observed
1783,co2_fossil_total,0.017062751,GtCO2,GCP fossil CO2 dataset 2025v15 (Andrew and Peters 2025); GCB 2025,observed
1784,co2_fossil_total,0.017471093,GtCO2,GCP fossil CO2 dataset 2025v15 (Andrew and Peters 2025); GCB 2025,observed
1785,co2_fossil_total,0.017965127,GtCO2,GCP fossil CO2 dataset 2025v15 (Andrew and Peters 2025); GCB 2025,observed
1786,co2_fossil_total,0.018447497,GtCO2,GCP fossil CO2 dataset 2025v15 (Andrew and Peters 2025); GCB 2025,observed
1787,co2_fossil_total,0.01885913,GtCO2,GCP fossil CO2 dataset 2025v15 (Andrew and Peters 2025); GCB 2025,observed
1788,co2_fossil_total,0.019286229,GtCO2,GCP fossil CO2 dataset 2025v15 (Andrew and Peters 2025); GCB 2025,observed
1789,co2_fossil_total,0.019863425,GtCO2,GCP fossil CO2 dataset 2025v15 (Andrew and Peters 2025); GCB 2025,observed
1790,co2_fossil_total,0.020398094,GtCO2,GCP fossil CO2 dataset 2025v15 (Andrew and Peters 2025); GCB 2025,observed
1791,co2_fossil_total,0.020931749,GtCO2,GCP fossil CO2 dataset 2025v15 (Andrew and Peters 2025); GCB 2025,observed
1792,co2_fossil_total,0.021929215,GtCO2,GCP fossil CO2 dataset 2025v15 (Andrew and Peters 2025); GCB 2025,observed
1793,co2_fossil_total,0.022297261,GtCO2,GCP fossil CO2 dataset 2025v15 (Andrew and Peters 2025); GCB 2025,observed
1794,co2_fossil_total,0.022519656,GtCO2,GCP fossil CO2 dataset 2025v15 (Andrew and Peters 2025); GCB 2025,observed
1795,co2_fossil_total,0.022315246,GtCO2,GCP fossil CO2 dataset 2025v15 (Andrew and Peters 2025); GCB 2025,observed
1796,co2_fossil_total,0.022121375,GtCO2,GCP fossil CO2 dataset 2025v15 (Andrew and Peters 2025); GCB 2025,observed
1797,co2_fossil_total,0.022090078,GtCO2,GCP fossil CO2 dataset 2025v15 (Andrew and Peters 2025); GCB 2025,observed
1798,co2_fossil_total,0.023105929,GtCO2,GCP fossil CO2 dataset 2025v15 (Andrew and Peters 2025); GCB 2025,observed
1799,co2_fossil_total,0.027485207,GtCO2,GCP fossil CO2 dataset 2025v15 (Andrew and Peters 2025); GCB 2025,observed
1800,co2_fossil_total,0.032798352,GtCO2,GCP fossil CO2 dataset 2025v15 (Andrew and Peters 2025); GCB 2025,observed
1801,co2_fossil_total,0.03198605,GtCO2,GCP fossil CO2 dataset 2025v15 (Andrew and Peters 2025); GCB 2025,observed
1802,co2_fossil_total,0.040310473,GtCO2,GCP fossil CO2 dataset 2025v15 (Andrew and Peters 2025); GCB 2025,observed
1803,co2_fossil_total,0.029538506,GtCO2,GCP fossil CO2 dataset 2025v15 (Andrew and Peters 2025); GCB 2025,observed
1804,co2_fossil_total,0.031769177,GtCO2,GCP fossil CO2 dataset 2025v15 (Andrew and Peters 2025); GCB 2025,observed
1805,co2_fossil_total,0.031251817,GtCO2,GCP fossil CO2 dataset 2025v15 (Andrew and Peters 2025); GCB 2025,observed
1806,co2_fossil_total,0.032704622,GtCO2,GCP fossil CO2 dataset 2025v15 (Andrew and Peters 2025); GCB 2025,observed
1807,co2_fossil_total,0.036200654,GtCO2,GCP fossil CO2 dataset 2025v15 (Andrew and Peters 2025); GCB 2025,observed
1808,co2_fossil_total,0.035497789,GtCO2,GCP fossil CO2 dataset 2025v15 (Andrew and Peters 2025); GCB 2025,observed
1809,co2_fossil_total,0.036333813,GtCO2,GCP fossil CO2 dataset 2025v15 (Andrew and Peters 2025); GCB 2025,observed
1810,co2_fossil_total,0.039492312,GtCO2,GCP fossil CO2 dataset 2025v15 (Andrew and Peters 2025); GCB 2025,observed
1811,co2_fossil_total,0.040176681,GtCO2,GCP fossil CO2 dataset 2025v15 (Andrew and Peters 2025); GCB 2025,observed
1812,co2_fossil_total,0.040814523,GtCO2,GCP fossil CO2 dataset 2025v15 (Andrew and Peters 2025); GCB 2025,observed
1813,co2_fossil_total,0.041206139,GtCO2,GCP fossil CO2 dataset 2025v15 (Andrew and Peters 2025); GCB 2025,observed
1814,co2_fossil_total,0.042226646,GtCO2,GCP fossil CO2 dataset 2025v15 (Andrew and Peters 2025); GCB 2025,observed
1815,co2_fossil_total,0.043587265,GtCO2,GCP fossil CO2 dataset 2025v15 (Andrew and Peters 2025); GCB 2025,observed
1816,co2_fossil_total,0.045496577,GtCO2,GCP fossil CO2 dataset 2025v15 (Andrew and Peters 2025); GCB 2025,observed
1817,co2_fossil_total,0.049275922,GtCO2,GCP fossil CO2 dataset 2025v15 (Andrew and Peters 2025); GCB 2025,observed
1818,co2_fossil_total,0.05139201,GtCO2,GCP fossil CO2 dataset 2025v15 (Andrew and Peters 2025); GCB 2025,observed
1819,co2_fossil_total,0.050930167,GtCO2,GCP fossil CO2 dataset 2025v15 (Andrew and Peters 2025); GCB 2025,observed
1820,co2_fossil_total,0.050733074,GtCO2,GCP fossil CO2 dataset 2025v15 (Andrew and Peters 2025); GCB 2025,observed
1821,co2_fossil_total,0.052059349,GtCO2,GCP fossil CO2 dataset 2025v15 (Andrew and Peters 2025); GCB 2025,observed
1822,co2_fossil_total,0.054021712,GtCO2,GCP fossil CO2 dataset 2025v15 (Andrew and Peters 2025); GCB 2025,observed
1823,co2_fossil_total,0.056357763,GtCO2,GCP fossil CO2 dataset 2025v15 (Andrew and Peters 2025); GCB 2025,observed
1824,co2_fossil_total,0.057583637,GtCO2,GCP fossil CO2 dataset 2025v15 (Andrew and Peters 2025); GCB 2025,observed
1825,co2_fossil_total,0.060730867,GtCO2,GCP fossil CO2 dataset 2025v15 (Andrew and Peters 2025); GCB 2025,observed
1826,co2_fossil_total,0.06138213,GtCO2,GCP fossil CO2 dataset 2025v15 (Andrew and Peters 2025); GCB 2025,observed
1827,co2_fossil_total,0.065738568,GtCO2,GCP fossil CO2 dataset 2025v15 (Andrew and Peters 2025); GCB 2025,observed
1828,co2_fossil_total,0.06668179,GtCO2,GCP fossil CO2 dataset 2025v15 (Andrew and Peters 2025); GCB 2025,observed
1829,co2_fossil_total,0.066307408,GtCO2,GCP fossil CO2 dataset 2025v15 (Andrew and Peters 2025); GCB 2025,observed
1830,co2_fossil_total,0.088988498,GtCO2,GCP fossil CO2 dataset 2025v15 (Andrew and Peters 2025); GCB 2025,observed
1831,co2_fossil_total,0.083250906,GtCO2,GCP fossil CO2 dataset 2025v15 (Andrew and Peters 2025); GCB 2025,observed
1832,co2_fossil_total,0.082091751,GtCO2,GCP fossil CO2 dataset 2025v15 (Andrew and Peters 2025); GCB 2025,observed
1833,co2_fossil_total,0.083248945,GtCO2,GCP fossil CO2 dataset 2025v15 (Andrew and Peters 2025); GCB 2025,observed
1834,co2_fossil_total,0.088763111,GtCO2,GCP fossil CO2 dataset 2025v15 (Andrew and Peters 2025); GCB 2025,observed
1835,co2_fossil_total,0.097399594,GtCO2,GCP fossil CO2 dataset 2025v15 (Andrew and Peters 2025); GCB 2025,observed
1836,co2_fossil_total,0.106894495,GtCO2,GCP fossil CO2 dataset 2025v15 (Andrew and Peters 2025); GCB 2025,observed
1837,co2_fossil_total,0.106199422,GtCO2,GCP fossil CO2 dataset 2025v15 (Andrew and Peters 2025); GCB 2025,observed
1838,co2_fossil_total,0.105845261,GtCO2,GCP fossil CO2 dataset 2025v15 (Andrew and Peters 2025); GCB 2025,observed
1839,co2_fossil_total,0.109653034,GtCO2,GCP fossil CO2 dataset 2025v15 (Andrew and Peters 2025); GCB 2025,observed
1840,co2_fossil_total,0.118808512,GtCO2,GCP fossil CO2 dataset 2025v15 (Andrew and Peters 2025); GCB 2025,observed
1841,co2_fossil_total,0.122165547,GtCO2,GCP fossil CO2 dataset 2025v15 (Andrew and Peters 2025); GCB 2025,observed
1842,co2_fossil_total,0.129388789,GtCO2,GCP fossil CO2 dataset 2025v15 (Andrew and Peters 2025); GCB 2025,observed
1843,co2_fossil_total,0.132369389,GtCO2,GCP fossil CO2 dataset 2025v15 (Andrew and Peters 2025); GCB 2025,observed
1844,co2_fossil_total,0.141966448,GtCO2,GCP fossil CO2 dataset 2025v15 (Andrew and Peters 2025); GCB 2025,observed
1845,co2_fossil_total,0.155073404,GtCO2,GCP fossil CO2 dataset 2025v15 (Andrew and Peters 2025); GCB 2025,observed
1846,co2_fossil_total,0.157701789,GtCO2,GCP fossil CO2 dataset 2025v15 (Andrew and Peters 2025); GCB 2025,observed
1847,co2_fossil_total,0.170796751,GtCO2,GCP fossil CO2 dataset 2025v15 (Andrew and Peters 2025); GCB 2025,observed
1848,co2_fossil_total,0.17364348,GtCO2,GCP fossil CO2 dataset 2025v15 (Andrew and Peters 2025); GCB 2025,observed
1849,co2_fossil_total,0.185048032,GtCO2,GCP fossil CO2 dataset 2025v15 (Andrew and Peters 2025); GCB 2025,observed
1850,co2_fossil_total,0.196847595,GtCO2,GCP fossil CO2 dataset 2025v15 (Andrew and Peters 2025); GCB 2025,observed
1851,co2_fossil_total,0.198778547,GtCO2,GCP fossil CO2 dataset 2025v15 (Andrew and Peters 2025); GCB 2025,observed
1852,co2_fossil_total,0.207595091,GtCO2,GCP fossil CO2 dataset 2025v15 (Andrew and Peters 2025); GCB 2025,observed
1853,co2_fossil_total,0.217236968,GtCO2,GCP fossil CO2 dataset 2025v15 (Andrew and Peters 2025); GCB 2025,observed
1854,co2_fossil_total,0.255038557,GtCO2,GCP fossil CO2 dataset 2025v15 (Andrew and Peters 2025); GCB 2025,observed
1855,co2_fossil_total,0.260259851,GtCO2,GCP fossil CO2 dataset 2025v15 (Andrew and Peters 2025); GCB 2025,observed
1856,co2_fossil_total,0.278245627,GtCO2,GCP fossil CO2 dataset 2025v15 (Andrew and Peters 2025); GCB 2025,observed
1857,co2_fossil_total,0.281181048,GtCO2,GCP fossil CO2 dataset 2025v15 (Andrew and Peters 2025); GCB 2025,observed
1858,co2_fossil_total,0.285548383,GtCO2,GCP fossil CO2 dataset 2025v15 (Andrew and Peters 2025); GCB 2025,observed
1859,co2_fossil_total,0.302572165,GtCO2,GCP fossil CO2 dataset 2025v15 (Andrew and Peters 2025); GCB 2025,observed
1860,co2_fossil_total,0.332298445,GtCO2,GCP fossil CO2 dataset 2025v15 (Andrew and Peters 2025); GCB 2025,observed
1861,co2_fossil_total,0.349190166,GtCO2,GCP fossil CO2 dataset 2025v15 (Andrew and Peters 2025); GCB 2025,observed
1862,co2_fossil_total,0.355991069,GtCO2,GCP fossil CO2 dataset 2025v15 (Andrew and Peters 2025); GCB 2025,observed
1863,co2_fossil_total,0.379534878,GtCO2,GCP fossil CO2 dataset 2025v15 (Andrew and Peters 2025); GCB 2025,observed
1864,co2_fossil_total,0.409525423,GtCO2,GCP fossil CO2 dataset 2025v15 (Andrew and Peters 2025); GCB 2025,observed
1865,co2_fossil_total,0.43485132,GtCO2,GCP fossil CO2 dataset 2025v15 (Andrew and Peters 2025); GCB 2025,observed
1866,co2_fossil_total,0.449067014,GtCO2,GCP fossil CO2 dataset 2025v15 (Andrew and Peters 2025); GCB 2025,observed
1867,co2_fossil_total,0.480813908,GtCO2,GCP fossil CO2 dataset 2025v15 (Andrew and Peters 2025); GCB 2025,observed
1868,co2_fossil_total,0.494493527,GtCO2,GCP fossil CO2 dataset 2025v15 (Andrew and Peters 2025); GCB 2025,observed
1869,co2_fossil_total,0.524731062,GtCO2,GCP fossil CO2 dataset 2025v15 (Andrew and Peters 2025); GCB 2025,observed
1870,co2_fossil_total,0.536123276,GtCO2,GCP fossil CO2 dataset 2025v15 (Andrew and Peters 2025); GCB 2025,observed
1871,co2_fossil_total,0.569776587,GtCO2,GCP fossil CO2 dataset 2025v15 (Andrew and Peters 2025); GCB 2025,observed
1872,co2_fossil_total,0.630961473,GtCO2,GCP fossil CO2 dataset 2025v15 (Andrew and Peters 2025); GCB 2025,observed
1873,co2_fossil_total,0.670467213,GtCO2,GCP fossil CO2 dataset 2025v15 (Andrew and Peters 2025); GCB 2025,observed
1874,co2_fossil_total,0.628662235,GtCO2,GCP fossil CO2 dataset 2025v15 (Andrew and Peters 2025); GCB 2025,observed
1875,co2_fossil_total,0.681047983,GtCO2,GCP fossil CO2 dataset 2025v15 (Andrew and Peters 2025); GCB 2025,observed
1876,co2_fossil_total,0.690582523,GtCO2,GCP fossil CO2 dataset 2025v15 (Andrew and Peters 2025); GCB 2025,observed
1877,co2_fossil_total,0.704032862,GtCO2,GCP fossil CO2 dataset 2025v15 (Andrew and Peters 2025); GCB 2025,observed
1878,co2_fossil_total,0.709649519,GtCO2,GCP fossil CO2 dataset 2025v15 (Andrew and Peters 2025); GCB 2025,observed
1879,co2_fossil_total,0.759794363,GtCO2,GCP fossil CO2 dataset 2025v15 (Andrew and Peters 2025); GCB 2025,observed
1880,co2_fossil_total,0.858227795,GtCO2,GCP fossil CO2 dataset 2025v15 (Andrew and Peters 2025); GCB 2025,observed
1881,co2_fossil_total,0.888172557,GtCO2,GCP fossil CO2 dataset 2025v15 (Andrew and Peters 2025); GCB 2025,observed
1882,co2_fossil_total,0.93815809,GtCO2,GCP fossil CO2 dataset 2025v15 (Andrew and Peters 2025); GCB 2025,observed
1883,co2_fossil_total,0.997862487,GtCO2,GCP fossil CO2 dataset 2025v15 (Andrew and Peters 2025); GCB 2025,observed
1884,co2_fossil_total,1.00976195,GtCO2,GCP fossil CO2 dataset 2025v15 (Andrew and Peters 2025); GCB 2025,observed
1885,co2_fossil_total,1.01748916,GtCO2,GCP fossil CO2 dataset 2025v15 (Andrew and Peters 2025); GCB 2025,observed
1886,co2_fossil_total,1.03298735,GtCO2,GCP fossil CO2 dataset 2025v15 (Andrew and Peters 2025); GCB 2025,observed
1887,co2_fossil_total,1.08428328,GtCO2,GCP fossil CO2 dataset 2025v15 (Andrew and Peters 2025); GCB 2025,observed
1888,co2_fossil_total,1.20134167,GtCO2,GCP fossil CO2 dataset 2025v15 (Andrew and Peters 2025); GCB 2025,observed
1889,co2_fossil_total,1.2020975,GtCO2,GCP fossil CO2 dataset 2025v15 (Andrew and Peters 2025); GCB 2025,observed
1890,co2_fossil_total,1.30725547,GtCO2,GCP fossil CO2 dataset 2025v15 (Andrew and Peters 2025); GCB 2025,observed
1891,co2_fossil_total,1.36959842,GtCO2,GCP fossil CO2 dataset 2025v15 (Andrew and Peters 2025); GCB 2025,observed
1892,co2_fossil_total,1.38053626,GtCO2,GCP fossil CO2 dataset 2025v15 (Andrew and Peters 2025); GCB 2025,observed
1893,co2_fossil_total,1.36317952,GtCO2,GCP fossil CO2 dataset 2025v15 (Andrew and Peters 2025); GCB 2025,observed
1894,co2_fossil_total,1.4122273,GtCO2,GCP fossil CO2 dataset 2025v15 (Andrew and Peters 2025); GCB 2025,observed
1895,co2_fossil_total,1.49596385,GtCO2,GCP fossil CO2 dataset 2025v15 (Andrew and Peters 2025); GCB 2025,observed
1896,co2_fossil_total,1.54545082,GtCO2,GCP fossil CO2 dataset 2025v15 (Andrew and Peters 2025); GCB 2025,observed
1897,co2_fossil_total,1.61840532,GtCO2,GCP fossil CO2 dataset 2025v15 (Andrew and Peters 2025); GCB 2025,observed
1898,co2_fossil_total,1.70696654,GtCO2,GCP fossil CO2 dataset 2025v15 (Andrew and Peters 2025); GCB 2025,observed
1899,co2_fossil_total,1.86442416,GtCO2,GCP fossil CO2 dataset 2025v15 (Andrew and Peters 2025); GCB 2025,observed
1900,co2_fossil_total,1.96288379,GtCO2,GCP fossil CO2 dataset 2025v15 (Andrew and Peters 2025); GCB 2025,observed
1901,co2_fossil_total,2.02562817,GtCO2,GCP fossil CO2 dataset 2025v15 (Andrew and Peters 2025); GCB 2025,observed
1902,co2_fossil_total,2.07695599,GtCO2,GCP fossil CO2 dataset 2025v15 (Andrew and Peters 2025); GCB 2025,observed
1903,co2_fossil_total,2.26459185,GtCO2,GCP fossil CO2 dataset 2025v15 (Andrew and Peters 2025); GCB 2025,observed
1904,co2_fossil_total,2.29025495,GtCO2,GCP fossil CO2 dataset 2025v15 (Andrew and Peters 2025); GCB 2025,observed
1905,co2_fossil_total,2.44057053,GtCO2,GCP fossil CO2 dataset 2025v15 (Andrew and Peters 2025); GCB 2025,observed
1906,co2_fossil_total,2.54897825,GtCO2,GCP fossil CO2 dataset 2025v15 (Andrew and Peters 2025); GCB 2025,observed
1907,co2_fossil_total,2.90494928,GtCO2,GCP fossil CO2 dataset 2025v15 (Andrew and Peters 2025); GCB 2025,observed
1908,co2_fossil_total,2.79039501,GtCO2,GCP fossil CO2 dataset 2025v15 (Andrew and Peters 2025); GCB 2025,observed
1909,co2_fossil_total,2.90711165,GtCO2,GCP fossil CO2 dataset 2025v15 (Andrew and Peters 2025); GCB 2025,observed
1910,co2_fossil_total,3.05027297,GtCO2,GCP fossil CO2 dataset 2025v15 (Andrew and Peters 2025); GCB 2025,observed
1911,co2_fossil_total,3.09720735,GtCO2,GCP fossil CO2 dataset 2025v15 (Andrew and Peters 2025); GCB 2025,observed
1912,co2_fossil_total,3.25392879,GtCO2,GCP fossil CO2 dataset 2025v15 (Andrew and Peters 2025); GCB 2025,observed
1913,co2_fossil_total,3.52484591,GtCO2,GCP fossil CO2 dataset 2025v15 (Andrew and Peters 2025); GCB 2025,observed
1914,co2_fossil_total,3.19774994,GtCO2,GCP fossil CO2 dataset 2025v15 (Andrew and Peters 2025); GCB 2025,observed
1915,co2_fossil_total,3.14803068,GtCO2,GCP fossil CO2 dataset 2025v15 (Andrew and Peters 2025); GCB 2025,observed
1916,co2_fossil_total,3.40023209,GtCO2,GCP fossil CO2 dataset 2025v15 (Andrew and Peters 2025); GCB 2025,observed
1917,co2_fossil_total,3.5564985,GtCO2,GCP fossil CO2 dataset 2025v15 (Andrew and Peters 2025); GCB 2025,observed
1918,co2_fossil_total,3.50608477,GtCO2,GCP fossil CO2 dataset 2025v15 (Andrew and Peters 2025); GCB 2025,observed
1919,co2_fossil_total,3.04111308,GtCO2,GCP fossil CO2 dataset 2025v15 (Andrew and Peters 2025); GCB 2025,observed
1920,co2_fossil_total,3.54675777,GtCO2,GCP fossil CO2 dataset 2025v15 (Andrew and Peters 2025); GCB 2025,observed
1921,co2_fossil_total,3.11499389,GtCO2,GCP fossil CO2 dataset 2025v15 (Andrew and Peters 2025); GCB 2025,observed
1922,co2_fossil_total,3.26471689,GtCO2,GCP fossil CO2 dataset 2025v15 (Andrew and Peters 2025); GCB 2025,observed
1923,co2_fossil_total,3.70299573,GtCO2,GCP fossil CO2 dataset 2025v15 (Andrew and Peters 2025); GCB 2025,observed
1924,co2_fossil_total,3.71614267,GtCO2,GCP fossil CO2 dataset 2025v15 (Andrew and Peters 2025); GCB 2025,observed
1925,co2_fossil_total,3.7406329,GtCO2,GCP fossil CO2 dataset 2025v15 (Andrew and Peters 2025); GCB 2025,observed
1926,co2_fossil_total,3.67740682,GtCO2,GCP fossil CO2 dataset 2025v15 (Andrew and Peters 2025); GCB 2025,observed
1927,co2_fossil_total,4.01294674,GtCO2,GCP fossil CO2 dataset 2025v15 (Andrew and Peters 2025); GCB 2025,observed
1928,co2_fossil_total,3.99631052,GtCO2,GCP fossil CO2 dataset 2025v15 (Andrew and Peters 2025); GCB 2025,observed
1929,co2_fossil_total,4.2882101,GtCO2,GCP fossil CO2 dataset 2025v15 (Andrew and Peters 2025); GCB 2025,observed
1930,co2_fossil_total,3.95809445,GtCO2,GCP fossil CO2 dataset 2025v15 (Andrew and Peters 2025); GCB 2025,observed
1931,co2_fossil_total,3.53931877,GtCO2,GCP fossil CO2 dataset 2025v15 (Andrew and Peters 2025); GCB 2025,observed
1932,co2_fossil_total,3.19258997,GtCO2,GCP fossil CO2 dataset 2025v15 (Andrew and Peters 2025); GCB 2025,observed
1933,co2_fossil_total,3.36268207,GtCO2,GCP fossil CO2 dataset 2025v15 (Andrew and Peters 2025); GCB 2025,observed
1934,co2_fossil_total,3.65618562,GtCO2,GCP fossil CO2 dataset 2025v15 (Andrew and Peters 2025); GCB 2025,observed
1935,co2_fossil_total,3.83574072,GtCO2,GCP fossil CO2 dataset 2025v15 (Andrew and Peters 2025); GCB 2025,observed
1936,co2_fossil_total,4.20792867,GtCO2,GCP fossil CO2 dataset 2025v15 (Andrew and Peters 2025); GCB 2025,observed
1937,co2_fossil_total,4.4967133,GtCO2,GCP fossil CO2 dataset 2025v15 (Andrew and Peters 2025); GCB 2025,observed
1938,co2_fossil_total,4.22961693,GtCO2,GCP fossil CO2 dataset 2025v15 (Andrew and Peters 2025); GCB 2025,observed
1939,co2_fossil_total,4.47013242,GtCO2,GCP fossil CO2 dataset 2025v15 (Andrew and Peters 2025); GCB 2025,observed
1940,co2_fossil_total,4.88466146,GtCO2,GCP fossil CO2 dataset 2025v15 (Andrew and Peters 2025); GCB 2025,observed
1941,co2_fossil_total,4.99909032,GtCO2,GCP fossil CO2 dataset 2025v15 (Andrew and Peters 2025); GCB 2025,observed
1942,co2_fossil_total,4.98252319,GtCO2,GCP fossil CO2 dataset 2025v15 (Andrew and Peters 2025); GCB 2025,observed
1943,co2_fossil_total,5.07527318,GtCO2,GCP fossil CO2 dataset 2025v15 (Andrew and Peters 2025); GCB 2025,observed
1944,co2_fossil_total,5.16248579,GtCO2,GCP fossil CO2 dataset 2025v15 (Andrew and Peters 2025); GCB 2025,observed
1945,co2_fossil_total,4.28931154,GtCO2,GCP fossil CO2 dataset 2025v15 (Andrew and Peters 2025); GCB 2025,observed
1946,co2_fossil_total,4.60854556,GtCO2,GCP fossil CO2 dataset 2025v15 (Andrew and Peters 2025); GCB 2025,observed
1947,co2_fossil_total,5.16520376,GtCO2,GCP fossil CO2 dataset 2025v15 (Andrew and Peters 2025); GCB 2025,observed
1948,co2_fossil_total,5.4478827,GtCO2,GCP fossil CO2 dataset 2025v15 (Andrew and Peters 2025); GCB 2025,observed
1949,co2_fossil_total,5.20403291,GtCO2,GCP fossil CO2 dataset 2025v15 (Andrew and Peters 2025); GCB 2025,observed
1950,co2_fossil_total,5.93040563,GtCO2,GCP fossil CO2 dataset 2025v15 (Andrew and Peters 2025); GCB 2025,observed
1951,co2_fossil_total,6.38165073,GtCO2,GCP fossil CO2 dataset 2025v15 (Andrew and Peters 2025); GCB 2025,observed
1952,co2_fossil_total,6.46769993,GtCO2,GCP fossil CO2 dataset 2025v15 (Andrew and Peters 2025); GCB 2025,observed
1953,co2_fossil_total,6.65103893,GtCO2,GCP fossil CO2 dataset 2025v15 (Andrew and Peters 2025); GCB 2025,observed
1954,co2_fossil_total,6.78973406,GtCO2,GCP fossil CO2 dataset 2025v15 (Andrew and Peters 2025); GCB 2025,observed
1955,co2_fossil_total,7.44410245,GtCO2,GCP fossil CO2 dataset 2025v15 (Andrew and Peters 2025); GCB 2025,observed
1956,co2_fossil_total,7.92627502,GtCO2,GCP fossil CO2 dataset 2025v15 (Andrew and Peters 2025); GCB 2025,observed
1957,co2_fossil_total,8.18597631,GtCO2,GCP fossil CO2 dataset 2025v15 (Andrew and Peters 2025); GCB 2025,observed
1958,co2_fossil_total,8.41751708,GtCO2,GCP fossil CO2 dataset 2025v15 (Andrew and Peters 2025); GCB 2025,observed
1959,co2_fossil_total,8.85511213,GtCO2,GCP fossil CO2 dataset 2025v15 (Andrew and Peters 2025); GCB 2025,observed
1960,co2_fossil_total,9.38695138,GtCO2,GCP fossil CO2 dataset 2025v15 (Andrew and Peters 2025); GCB 2025,observed
1961,co2_fossil_total,9.41499049,GtCO2,GCP fossil CO2 dataset 2025v15 (Andrew and Peters 2025); GCB 2025,observed
1962,co2_fossil_total,9.74724078,GtCO2,GCP fossil CO2 dataset 2025v15 (Andrew and Peters 2025); GCB 2025,observed
1963,co2_fossil_total,10.2667777,GtCO2,GCP fossil CO2 dataset 2025v15 (Andrew and Peters 2025); GCB 2025,observed
1964,co2_fossil_total,10.8244697,GtCO2,GCP fossil CO2 dataset 2025v15 (Andrew and Peters 2025); GCB 2025,observed
1965,co2_fossil_total,11.3106029,GtCO2,GCP fossil CO2 dataset 2025v15 (Andrew and Peters 2025); GCB 2025,observed
1966,co2_fossil_total,11.8626252,GtCO2,GCP fossil CO2 dataset 2025v15 (Andrew and Peters 2025); GCB 2025,observed
1967,co2_fossil_total,12.2373707,GtCO2,GCP fossil CO2 dataset 2025v15 (Andrew and Peters 2025); GCB 2025,observed
1968,co2_fossil_total,12.9052737,GtCO2,GCP fossil CO2 dataset 2025v15 (Andrew and Peters 2025); GCB 2025,observed
1969,co2_fossil_total,13.7617974,GtCO2,GCP fossil CO2 dataset 2025v15 (Andrew and Peters 2025); GCB 2025,observed
1970,co2_fossil_total,14.8991384,GtCO2,GCP fossil CO2 dataset 2025v15 (Andrew and Peters 2025); GCB 2025,observed
1971,co2_fossil_total,15.5038637,GtCO2,GCP fossil CO2 dataset 2025v15 (Andrew and Peters 2025); GCB 2025,observed
1972,co2_fossil_total,16.2245806,GtCO2,GCP fossil CO2 dataset 2025v15 (Andrew and Peters 2025); GCB 2025,observed
1973,co2_fossil_total,17.077286,GtCO2,GCP fossil CO2 dataset 2025v15 (Andrew and Peters 2025); GCB 2025,observed
1974,co2_fossil_total,16.9979116,GtCO2,GCP fossil CO2 dataset 2025v15 (Andrew and Peters 2025); GCB 2025,observed
1975,co2_fossil_total,16.9884767,GtCO2,GCP fossil CO2 dataset 2025v15 (Andrew and Peters 2025); GCB 2025,observed
1976,co2_fossil_total,17.8624917,GtCO2,GCP fossil CO2 dataset 2025v15 (Andrew and Peters 2025); GCB 2025,observed
1977,co2_fossil_total,18.3580387,GtCO2,GCP fossil CO2 dataset 2025v15 (Andrew and Peters 2025); GCB 2025,observed
1978,co2_fossil_total,19.0247413,GtCO2,GCP fossil CO2 dataset 2025v15 (Andrew and Peters 2025); GCB 2025,observed
1979,co2_fossil_total,19.5085905,GtCO2,GCP fossil CO2 dataset 2025v15 (Andrew and Peters 2025); GCB 2025,observed
1980,co2_fossil_total,19.409793,GtCO2,GCP fossil CO2 dataset 2025v15 (Andrew and Peters 2025); GCB 2025,observed
1981,co2_fossil_total,18.8797566,GtCO2,GCP fossil CO2 dataset 2025v15 (Andrew and Peters 2025); GCB 2025,observed
1982,co2_fossil_total,18.7297424,GtCO2,GCP fossil CO2 dataset 2025v15 (Andrew and Peters 2025); GCB 2025,observed
1983,co2_fossil_total,18.901775,GtCO2,GCP fossil CO2 dataset 2025v15 (Andrew and Peters 2025); GCB 2025,observed
1984,co2_fossil_total,19.4572497,GtCO2,GCP fossil CO2 dataset 2025v15 (Andrew and Peters 2025); GCB 2025,observed
1985,co2_fossil_total,20.144863,GtCO2,GCP fossil CO2 dataset 2025v15 (Andrew and Peters 2025); GCB 2025,observed
1986,co2_fossil_total,20.4380448,GtCO2,GCP fossil CO2 dataset 2025v15 (Andrew and Peters 2025); GCB 2025,observed
1987,co2_fossil_total,21.1061903,GtCO2,GCP fossil CO2 dataset 2025v15 (Andrew and Peters 2025); GCB 2025,observed
1988,co2_fossil_total,21.918756,GtCO2,GCP fossil CO2 dataset 2025v15 (Andrew and Peters 2025); GCB 2025,observed
1989,co2_fossil_total,22.2002124,GtCO2,GCP fossil CO2 dataset 2025v15 (Andrew and Peters 2025); GCB 2025,observed
1990,co2_fossil_total,22.7321437,GtCO2,GCP fossil CO2 dataset 2025v15 (Andrew and Peters 2025); GCB 2025,observed
1991,co2_fossil_total,23.205591,GtCO2,GCP fossil CO2 dataset 2025v15 (Andrew and Peters 2025); GCB 2025,observed
1992,co2_fossil_total,22.5204241,GtCO2,GCP fossil CO2 dataset 2025v15 (Andrew and Peters 2025); GCB 2025,observed
1993,co2_fossil_total,22.7498721,GtCO2,GCP fossil CO2 dataset 2025v15 (Andrew and Peters 2025); GCB 2025,observed
1994,co2_fossil_total,22.9745983,GtCO2,GCP fossil CO2 dataset 2025v15 (Andrew and Peters 2025); GCB 2025,observed
1995,co2_fossil_total,23.5166379,GtCO2,GCP fossil CO2 dataset 2025v15 (Andrew and Peters 2025); GCB 2025,observed
1996,co2_fossil_total,24.2334767,GtCO2,GCP fossil CO2 dataset 2025v15 (Andrew and Peters 2025); GCB 2025,observed
1997,co2_fossil_total,24.3803213,GtCO2,GCP fossil CO2 dataset 2025v15 (Andrew and Peters 2025); GCB 2025,observed
1998,co2_fossil_total,24.295713,GtCO2,GCP fossil CO2 dataset 2025v15 (Andrew and Peters 2025); GCB 2025,observed
1999,co2_fossil_total,24.8377707,GtCO2,GCP fossil CO2 dataset 2025v15 (Andrew and Peters 2025); GCB 2025,observed
2000,co2_fossil_total,25.5114835,GtCO2,GCP fossil CO2 dataset 2025v15 (Andrew and Peters 2025); GCB 2025,observed
2001,co2_fossil_total,25.6929936,GtCO2,GCP fossil CO2 dataset 2025v15 (Andrew and Peters 2025); GCB 2025,observed
2002,co2_fossil_total,26.2653315,GtCO2,GCP fossil CO2 dataset 2025v15 (Andrew and Peters 2025); GCB 2025,observed
2003,co2_fossil_total,27.6526905,GtCO2,GCP fossil CO2 dataset 2025v15 (Andrew and Peters 2025); GCB 2025,observed
2004,co2_fossil_total,28.610024,GtCO2,GCP fossil CO2 dataset 2025v15 (Andrew and Peters 2025); GCB 2025,observed
2005,co2_fossil_total,29.5989504,GtCO2,GCP fossil CO2 dataset 2025v15 (Andrew and Peters 2025); GCB 2025,observed
2006,co2_fossil_total,30.5941517,GtCO2,GCP fossil CO2 dataset 2025v15 (Andrew and Peters 2025); GCB 2025,observed
2007,co2_fossil_total,31.4992555,GtCO2,GCP fossil CO2 dataset 2025v15 (Andrew and Peters 2025); GCB 2025,observed
2008,co2_fossil_total,32.0496603,GtCO2,GCP fossil CO2 dataset 2025v15 (Andrew and Peters 2025); GCB 2025,observed
2009,co2_fossil_total,31.5130136,GtCO2,GCP fossil CO2 dataset 2025v15 (Andrew and Peters 2025); GCB 2025,observed
2010,co2_fossil_total,33.3176734,GtCO2,GCP fossil CO2 dataset 2025v15 (Andrew and Peters 2025); GCB 2025,observed
2011,co2_fossil_total,34.4799895,GtCO2,GCP fossil CO2 dataset 2025v15 (Andrew and Peters 2025); GCB 2025,observed
2012,co2_fossil_total,34.9547352,GtCO2,GCP fossil CO2 dataset 2025v15 (Andrew and Peters 2025); GCB 2025,observed
2013,co2_fossil_total,35.2758197,GtCO2,GCP fossil CO2 dataset 2025v15 (Andrew and Peters 2025); GCB 2025,observed
2014,co2_fossil_total,35.4656939,GtCO2,GCP fossil CO2 dataset 2025v15 (Andrew and Peters 2025); GCB 2025,observed
2015,co2_fossil_total,35.4035275,GtCO2,GCP fossil CO2 dataset 2025v15 (Andrew and Peters 2025); GCB 2025,observed
2016,co2_fossil_total,35.3928304,GtCO2,GCP fossil CO2 dataset 2025v15 (Andrew and Peters 2025); GCB 2025,observed
2017,co2_fossil_total,35.9746099,GtCO2,GCP fossil CO2 dataset 2025v15 (Andrew and Peters 2025); GCB 2025,observed
2018,co2_fossil_total,36.7340029,GtCO2,GCP fossil CO2 dataset 2025v15 (Andrew and Peters 2025); GCB 2025,observed
2019,co2_fossil_total,37.0865667,GtCO2,GCP fossil CO2 dataset 2025v15 (Andrew and Peters 2025); GCB 2025,observed
2020,co2_fossil_total,35.1582298,GtCO2,GCP fossil CO2 dataset 2025v15 (Andrew and Peters 2025); GCB 2025,observed
2021,co2_fossil_total,36.8668638,GtCO2,GCP fossil CO2 dataset 2025v15 (Andrew and Peters 2025); GCB 2025,observed
2022,co2_fossil_total,37.5277717,GtCO2,GCP fossil CO2 dataset 2025v15 (Andrew and Peters 2025); GCB 2025,observed
2023,co2_fossil_total,38.0940442,GtCO2,GCP fossil CO2 dataset 2025v15 (Andrew and Peters 2025); GCB 2025,observed
2024,co2_fossil_total,38.598578,GtCO2,GCP fossil CO2 dataset 2025v15 (Andrew and Peters 2025); GCB 2025,observed
1750,co2_fossil_coal,0.009305937,GtCO2,GCP fossil CO2 dataset 2025v15 (Andrew and Peters 2025); GCB 2025,observed
1751,co2_fossil_coal,0.009407229,GtCO2,GCP fossil CO2 dataset 2025v15 (Andrew and Peters 2025); GCB 2025,observed
1752,co2_fossil_coal,0.009505168,GtCO2,GCP fossil CO2 dataset 2025v15 (Andrew and Peters 2025); GCB 2025,observed
1753,co2_fossil_coal,0.00961049,GtCO2,GCP fossil CO2 dataset 2025v15 (Andrew and Peters 2025); GCB 2025,observed
1754,co2_fossil_coal,0.00973358,GtCO2,GCP fossil CO2 dataset 2025v15 (Andrew and Peters 2025); GCB 2025,observed
1755,co2_fossil_coal,0.009793468,GtCO2,GCP fossil CO2 dataset 2025v15 (Andrew and Peters 2025); GCB 2025,observed
1756,co2_fossil_coal,0.009909914,GtCO2,GCP fossil CO2 dataset 2025v15 (Andrew and Peters 2025); GCB 2025,observed
1757,co2_fossil_coal,0.010093936,GtCO2,GCP fossil CO2 dataset 2025v15 (Andrew and Peters 2025); GCB 2025,observed
1758,co2_fossil_coal,0.010216358,GtCO2,GCP fossil CO2 dataset 2025v15 (Andrew and Peters 2025); GCB 2025,observed
1759,co2_fossil_coal,0.010338854,GtCO2,GCP fossil CO2 dataset 2025v15 (Andrew and Peters 2025); GCB 2025,observed
1760,co2_fossil_coal,0.010514331,GtCO2,GCP fossil CO2 dataset 2025v15 (Andrew and Peters 2025); GCB 2025,observed
1761,co2_fossil_coal,0.010747885,GtCO2,GCP fossil CO2 dataset 2025v15 (Andrew and Peters 2025); GCB 2025,observed
1762,co2_fossil_coal,0.010952198,GtCO2,GCP fossil CO2 dataset 2025v15 (Andrew and Peters 2025); GCB 2025,observed
1763,co2_fossil_coal,0.011191592,GtCO2,GCP fossil CO2 dataset 2025v15 (Andrew and Peters 2025); GCB 2025,observed
1764,co2_fossil_coal,0.011396982,GtCO2,GCP fossil CO2 dataset 2025v15 (Andrew and Peters 2025); GCB 2025,observed
1765,co2_fossil_coal,0.011643486,GtCO2,GCP fossil CO2 dataset 2025v15 (Andrew and Peters 2025); GCB 2025,observed
1766,co2_fossil_coal,0.01187608,GtCO2,GCP fossil CO2 dataset 2025v15 (Andrew and Peters 2025); GCB 2025,observed
1767,co2_fossil_coal,0.012152509,GtCO2,GCP fossil CO2 dataset 2025v15 (Andrew and Peters 2025); GCB 2025,observed
1768,co2_fossil_coal,0.012466936,GtCO2,GCP fossil CO2 dataset 2025v15 (Andrew and Peters 2025); GCB 2025,observed
1769,co2_fossil_coal,0.012780074,GtCO2,GCP fossil CO2 dataset 2025v15 (Andrew and Peters 2025); GCB 2025,observed
1770,co2_fossil_coal,0.013097216,GtCO2,GCP fossil CO2 dataset 2025v15 (Andrew and Peters 2025); GCB 2025,observed
1771,co2_fossil_coal,0.013369488,GtCO2,GCP fossil CO2 dataset 2025v15 (Andrew and Peters 2025); GCB 2025,observed
1772,co2_fossil_coal,0.013623507,GtCO2,GCP fossil CO2 dataset 2025v15 (Andrew and Peters 2025); GCB 2025,observed
1773,co2_fossil_coal,0.013808138,GtCO2,GCP fossil CO2 dataset 2025v15 (Andrew and Peters 2025); GCB 2025,observed
1774,co2_fossil_coal,0.014012415,GtCO2,GCP fossil CO2 dataset 2025v15 (Andrew and Peters 2025); GCB 2025,observed
1775,co2_fossil_coal,0.01433892,GtCO2,GCP fossil CO2 dataset 2025v15 (Andrew and Peters 2025); GCB 2025,observed
1776,co2_fossil_coal,0.014654124,GtCO2,GCP fossil CO2 dataset 2025v15 (Andrew and Peters 2025); GCB 2025,observed
1777,co2_fossil_coal,0.014959537,GtCO2,GCP fossil CO2 dataset 2025v15 (Andrew and Peters 2025); GCB 2025,observed
1778,co2_fossil_coal,0.015243483,GtCO2,GCP fossil CO2 dataset 2025v15 (Andrew and Peters 2025); GCB 2025,observed
1779,co2_fossil_coal,0.015535235,GtCO2,GCP fossil CO2 dataset 2025v15 (Andrew and Peters 2025); GCB 2025,observed
1780,co2_fossil_coal,0.015878726,GtCO2,GCP fossil CO2 dataset 2025v15 (Andrew and Peters 2025); GCB 2025,observed
1781,co2_fossil_coal,0.016234383,GtCO2,GCP fossil CO2 dataset 2025v15 (Andrew and Peters 2025); GCB 2025,observed
1782,co2_fossil_coal,0.016580954,GtCO2,GCP fossil CO2 dataset 2025v15 (Andrew and Peters 2025); GCB 2025,observed
1783,co2_fossil_coal,0.017062751,GtCO2,GCP fossil CO2 dataset 2025v15 (Andrew and Peters 2025); GCB 2025,observed
1784,co2_fossil_coal,0.017471093,GtCO2,GCP fossil CO2 dataset 2025v15 (Andrew and Peters 2025); GCB 2025,observed
1785,co2_fossil_coal,0.017965127,GtCO2,GCP fossil CO2 dataset 2025v15 (Andrew and Peters 2025); GCB 2025,observed
1786,co2_fossil_coal,0.018447497,GtCO2,GCP fossil CO2 dataset 2025v15 (Andrew and Peters 2025); GCB 2025,observed
1787,co2_fossil_coal,0.01885913,GtCO2,GCP fossil CO2 dataset 2025v15 (Andrew and Peters 2025); GCB 2025,observed
1788,co2_fossil_coal,0.019286229,GtCO2,GCP fossil CO2 dataset 2025v15 (Andrew and Peters 2025); GCB 2025,observed
1789,co2_fossil_coal,0.019863425,GtCO2,GCP fossil CO2 dataset 2025v15 (Andrew and Peters 2025); GCB 2025,observed
1790,co2_fossil_coal,0.020398094,GtCO2,GCP fossil CO2 dataset 2025v15 (Andrew and Peters 2025); GCB 2025,observed
1791,co2_fossil_coal,0.020931749,GtCO2,GCP fossil CO2 dataset 2025v15 (Andrew and Peters 2025); GCB 2025,observed
1792,co2_fossil_coal,0.021929215,GtCO2,GCP fossil CO2 dataset 2025v15 (Andrew and Peters 2025); GCB 2025,observed
1793,co2_fossil_coal,0.022297261,GtCO2,GCP fossil CO2 dataset 2025v15 (Andrew and Peters 2025); GCB 2025,observed
1794,co2_fossil_coal,0.022519656,GtCO2,GCP fossil CO2 dataset 2025v15 (Andrew and Peters 2025); GCB 2025,observed
1795,co2_fossil_coal,0.022315246,GtCO2,GCP fossil CO2 dataset 2025v15 (Andrew and Peters 2025); GCB 2025,observed
1796,co2_fossil_coal,0.022121375,GtCO2,GCP fossil CO2 dataset 2025v15 (Andrew and Peters 2025); GCB 2025,observed
1797,co2_fossil_coal,0.022090078,GtCO2,GCP fossil CO2 dataset 2025v15 (Andrew and Peters 2025); GCB 2025,observed
1798,co2_fossil_coal,0.023105929,GtCO2,GCP fossil CO2 dataset 2025v15 (Andrew and Peters 2025); GCB 2025,observed
1799,co2_fossil_coal,0.027485207,GtCO2,GCP fossil CO2 dataset 2025v15 (Andrew and Peters 2025); GCB 2025,observed
1800,co2_fossil_coal,0.032798352,GtCO2,GCP fossil CO2 dataset 2025v15 (Andrew and Peters 2025); GCB 2025,observed
1801,co2_fossil_coal,0.03198605,GtCO2,GCP fossil CO2 dataset 2025v15 (Andrew and Peters 2025); GCB 2025,observed
1802,co2_fossil_coal,0.040310473,GtCO2,GCP fossil CO2 dataset 2025v15 (Andrew and Peters 2025); GCB 2025,observed
1803,co2_fossil_coal,0.029538506,GtCO2,GCP fossil CO2 dataset 2025v15 (Andrew and Peters 2025); GCB 2025,observed
1804,co2_fossil_coal,0.031769177,GtCO2,GCP fossil CO2 dataset 2025v15 (Andrew and Peters 2025); GCB 2025,observed
1805,co2_fossil_coal,0.031251817,GtCO2,GCP fossil CO2 dataset 2025v15 (Andrew and Peters 2025); GCB 2025,observed
1806,co2_fossil_coal,0.032704622,GtCO2,GCP fossil CO2 dataset 2025v15 (Andrew and Peters 2025); GCB 2025,observed
1807,co2_fossil_coal,0.036200654,GtCO2,GCP fossil CO2 dataset 2025v15 (Andrew and Peters 2025); GCB 2025,observed
1808,co2_fossil_coal,0.035497789,GtCO2,GCP fossil CO2 dataset 2025v15 (Andrew and Peters 2025); GCB 2025,observed
1809,co2_fossil_coal,0.036333813,GtCO2,GCP fossil CO2 dataset 2025v15 (Andrew and Peters 2025); GCB 2025,observed
1810,co2_fossil_coal,0.039492312,GtCO2,GCP fossil CO2 dataset 2025v15 (Andrew and Peters 2025); GCB 2025,observed
1811,co2_fossil_coal,0.040176681,GtCO2,GCP fossil CO2 dataset 2025v15 (Andrew and Peters 2025); GCB 2025,observed
1812,co2_fossil_coal,0.040814523,GtCO2,GCP fossil CO2 dataset 2025v15 (Andrew and Peters 2025); GCB 2025,observed
1813,co2_fossil_coal,0.041206139,GtCO2,GCP fossil CO2 dataset 2025v15 (Andrew and Peters 2025); GCB 2025,observed
1814,co2_fossil_coal,0.042226646,GtCO2,GCP fossil CO2 dataset 2025v15 (Andrew and Peters 2025); GCB 2025,observed
1815,co2_fossil_coal,0.043587265,GtCO2,GCP fossil CO2 dataset 2025v15 (Andrew and Peters 2025); GCB 2025,observed
1816,co2_fossil_coal,0.045496577,GtCO2,GCP fossil CO2 dataset 2025v15 (Andrew and Peters 2025); GCB 2025,observed
1817,co2_fossil_coal,0.049275922,GtCO2,GCP fossil CO2 dataset 2025v15 (Andrew and Peters 2025); GCB 2025,observed
1818,co2_fossil_coal,0.05139201,GtCO2,GCP fossil CO2 dataset 2025v15 (Andrew and Peters 2025); GCB 2025,observed
1819,co2_fossil_coal,0.050930167,GtCO2,GCP fossil CO2 dataset 2025v15 (Andrew and Peters 2025); GCB 2025,observed
1820,co2_fossil_coal,0.050733074,GtCO2,GCP fossil CO2 dataset 2025v15 (Andrew and Peters 2025); GCB 2025,observed
1821,co2_fossil_coal,0.052059349,GtCO2,GCP fossil CO2 dataset 2025v15 (Andrew and Peters 2025); GCB 2025,observed
1822,co2_fossil_coal,0.054021712,GtCO2,GCP fossil CO2 dataset 2025v15 (Andrew and Peters 2025); GCB 2025,observed
1823,co2_fossil_coal,0.056357763,GtCO2,GCP fossil CO2 dataset 2025v15 (Andrew and Peters 2025); GCB 2025,observed
1824,co2_fossil_coal,0.057583637,GtCO2,GCP fossil CO2 dataset 2025v15 (Andrew and Peters 2025); GCB 2025,observed
1825,co2_fossil_coal,0.060730867,GtCO2,GCP fossil CO2 dataset 2025v15 (Andrew and Peters 2025); GCB 2025,observed
1826,co2_fossil_coal,0.06138213,GtCO2,GCP fossil CO2 dataset 2025v15 (Andrew and Peters 2025); GCB 2025,observed
1827,co2_fossil_coal,0.065738568,GtCO2,GCP fossil CO2 dataset 2025v15 (Andrew and Peters 2025); GCB 2025,observed
1828,co2_fossil_coal,0.06668179,GtCO2,GCP fossil CO2 dataset 2025v15 (Andrew and Peters 2025); GCB 2025,observed
1829,co2_fossil_coal,0.066307408,GtCO2,GCP fossil CO2 dataset 2025v15 (Andrew and Peters 2025); GCB 2025,observed
1830,co2_fossil_coal,0.088988498,GtCO2,GCP fossil CO2 dataset 2025v15 (Andrew and Peters 2025); GCB 2025,observed
1831,co2_fossil_coal,0.083250906,GtCO2,GCP fossil CO2 dataset 2025v15 (Andrew and Peters 2025); GCB 2025,observed
1832,co2_fossil_coal,0.082091751,GtCO2,GCP fossil CO2 dataset 2025v15 (Andrew and Peters 2025); GCB 2025,observed
1833,co2_fossil_coal,0.083248945,GtCO2,GCP fossil CO2 dataset 2025v15 (Andrew and Peters 2025); GCB 2025,observed
1834,co2_fossil_coal,0.088763111,GtCO2,GCP fossil CO2 dataset 2025v15 (Andrew and Peters 2025); GCB 2025,observed
1835,co2_fossil_coal,0.097399594,GtCO2,GCP fossil CO2 dataset 2025v15 (Andrew and Peters 2025); GCB 2025,observed
1836,co2_fossil_coal,0.106894495,GtCO2,GCP fossil CO2 dataset 2025v15 (Andrew and Peters 2025); GCB 2025,observed
1837,co2_fossil_coal,0.106199422,GtCO2,GCP fossil CO2 dataset 2025v15 (Andrew and Peters 2025); GCB 2025,observed
1838,co2_fossil_coal,0.105845261,GtCO2,GCP fossil CO2 dataset 2025v15 (Andrew and Peters 2025); GCB 2025,observed
1839,co2_fossil_coal,0.109653034,GtCO2,GCP fossil CO2 dataset 2025v15 (Andrew and Peters 2025); GCB 2025,observed
1840,co2_fossil_coal,0.118808512,GtCO2,GCP fossil CO2 dataset 2025v15 (Andrew and Peters 2025); GCB 2025,observed
1841,co2_fossil_coal,0.122165547,GtCO2,GCP fossil CO2 dataset 2025v15 (Andrew and Peters 2025); GCB 2025,observed
1842,co2_fossil_coal,0.129388789,GtCO2,GCP fossil CO2 dataset 2025v15 (Andrew and Peters 2025); GCB 2025,observed
1843,co2_fossil_coal,0.132369389,GtCO2,GCP fossil CO2 dataset 2025v15 (Andrew and Peters 2025); GCB 2025,observed
1844,co2_fossil_coal,0.141966448,GtCO2,GCP fossil CO2 dataset 2025v15 (Andrew and Peters 2025); GCB 2025,observed
1845,co2_fossil_coal,0.155073404,GtCO2,GCP fossil CO2 dataset 2025v15 (Andrew and Peters 2025); GCB 2025,observed
1846,co2_fossil_coal,0.157701789,GtCO2,GCP fossil CO2 dataset 2025v15 (Andrew and Peters 2025); GCB 2025,observed
1847,co2_fossil_coal,0.170796751,GtCO2,GCP fossil CO2 dataset 2025v15 (Andrew and Peters 2025); GCB 2025,observed
1848,co2_fossil_coal,0.17364348,GtCO2,GCP fossil CO2 dataset 2025v15 (Andrew and Peters 2025); GCB 2025,observed
1849,co2_fossil_coal,0.185048032,GtCO2,GCP fossil CO2 dataset 2025v15 (Andrew and Peters 2025); GCB 2025,observed
1850,co2_fossil_coal,0.196847595,GtCO2,GCP fossil CO2 dataset 2025v15 (Andrew and Peters 2025); GCB 2025,observed
1851,co2_fossil_coal,0.198778547,GtCO2,GCP fossil CO2 dataset 2025v15 (Andrew and Peters 2025); GCB 2025,observed
1852,co2_fossil_coal,0.207595091,GtCO2,GCP fossil CO2 dataset 2025v15 (Andrew and Peters 2025); GCB 2025,observed
1853,co2_fossil_coal,0.217236968,GtCO2,GCP fossil CO2 dataset 2025v15 (Andrew and Peters 2025); GCB 2025,observed
1854,co2_fossil_coal,0.255038557,GtCO2,GCP fossil CO2 dataset 2025v15 (Andrew and Peters 2025); GCB 2025,observed
1855,co2_fossil_coal,0.260223211,GtCO2,GCP fossil CO2 dataset 2025v15 (Andrew and Peters 2025); GCB 2025,observed
1856,co2_fossil_coal,0.278205323,GtCO2,GCP fossil CO2 dataset 2025v15 (Andrew and Peters 2025); GCB 2025,observed
1857,co2_fossil_coal,0.281129752,GtCO2,GCP fossil CO2 dataset 2025v15 (Andrew and Peters 2025); GCB 2025,observed
1858,co2_fossil_coal,0.285486095,GtCO2,GCP fossil CO2 dataset 2025v15 (Andrew and Peters 2025); GCB 2025,observed
1859,co2_fossil_coal,0.30251721,GtCO2,GCP fossil CO2 dataset 2025v15 (Andrew and Peters 2025); GCB 2025,observed
1860,co2_fossil_coal,0.332025019,GtCO2,GCP fossil CO2 dataset 2025v15 (Andrew and Peters 2025); GCB 2025,observed
1861,co2_fossil_coal,0.348249187,GtCO2,GCP fossil CO2 dataset 2025v15 (Andrew and Peters 2025); GCB 2025,observed
1862,co2_fossil_coal,0.354592447,GtCO2,GCP fossil CO2 dataset 2025v15 (Andrew and Peters 2025); GCB 2025,observed
1863,co2_fossil_coal,0.378241821,GtCO2,GCP fossil CO2 dataset 2025v15 (Andrew and Peters 2025); GCB 2025,observed
1864,co2_fossil_coal,0.408415522,GtCO2,GCP fossil CO2 dataset 2025v15 (Andrew and Peters 2025); GCB 2025,observed
1865,co2_fossil_coal,0.433531608,GtCO2,GCP fossil CO2 dataset 2025v15 (Andrew and Peters 2025); GCB 2025,observed
1866,co2_fossil_coal,0.447115242,GtCO2,GCP fossil CO2 dataset 2025v15 (Andrew and Peters 2025); GCB 2025,observed
1867,co2_fossil_coal,0.478829139,GtCO2,GCP fossil CO2 dataset 2025v15 (Andrew and Peters 2025); GCB 2025,observed
1868,co2_fossil_coal,0.49220504,GtCO2,GCP fossil CO2 dataset 2025v15 (Andrew and Peters 2025); GCB 2025,observed
1869,co2_fossil_coal,0.522117078,GtCO2,GCP fossil CO2 dataset 2025v15 (Andrew and Peters 2025); GCB 2025,observed
1870,co2_fossil_coal,0.532990507,GtCO2,GCP fossil CO2 dataset 2025v15 (Andrew and Peters 2025); GCB 2025,observed
1871,co2_fossil_coal,0.566494835,GtCO2,GCP fossil CO2 dataset 2025v15 (Andrew and Peters 2025); GCB 2025,observed
1872,co2_fossil_coal,0.627263589,GtCO2,GCP fossil CO2 dataset 2025v15 (Andrew and Peters 2025); GCB 2025,observed
1873,co2_fossil_coal,0.66479834,GtCO2,GCP fossil CO2 dataset 2025v15 (Andrew and Peters 2025); GCB 2025,observed
1874,co2_fossil_coal,0.622420105,GtCO2,GCP fossil CO2 dataset 2025v15 (Andrew and Peters 2025); GCB 2025,observed
1875,co2_fossil_coal,0.67521403,GtCO2,GCP fossil CO2 dataset 2025v15 (Andrew and Peters 2025); GCB 2025,observed
1876,co2_fossil_coal,0.68404842,GtCO2,GCP fossil CO2 dataset 2025v15 (Andrew and Peters 2025); GCB 2025,observed
1877,co2_fossil_coal,0.695211086,GtCO2,GCP fossil CO2 dataset 2025v15 (Andrew and Peters 2025); GCB 2025,observed
1878,co2_fossil_coal,0.699611829,GtCO2,GCP fossil CO2 dataset 2025v15 (Andrew and Peters 2025); GCB 2025,observed
1879,co2_fossil_coal,0.747137823,GtCO2,GCP fossil CO2 dataset 2025v15 (Andrew and Peters 2025); GCB 2025,observed
1880,co2_fossil_coal,0.84269502,GtCO2,GCP fossil CO2 dataset 2025v15 (Andrew and Peters 2025); GCB 2025,observed
1881,co2_fossil_coal,0.870726018,GtCO2,GCP fossil CO2 dataset 2025v15 (Andrew and Peters 2025); GCB 2025,observed
1882,co2_fossil_coal,0.918787436,GtCO2,GCP fossil CO2 dataset 2025v15 (Andrew and Peters 2025); GCB 2025,observed
1883,co2_fossil_coal,0.980635605,GtCO2,GCP fossil CO2 dataset 2025v15 (Andrew and Peters 2025); GCB 2025,observed
1884,co2_fossil_coal,0.989938063,GtCO2,GCP fossil CO2 dataset 2025v15 (Andrew and Peters 2025); GCB 2025,observed
1885,co2_fossil_coal,0.994472968,GtCO2,GCP fossil CO2 dataset 2025v15 (Andrew and Peters 2025); GCB 2025,observed
1886,co2_fossil_coal,1.00311653,GtCO2,GCP fossil CO2 dataset 2025v15 (Andrew and Peters 2025); GCB 2025,observed
1887,co2_fossil_coal,1.0484605,GtCO2,GCP fossil CO2 dataset 2025v15 (Andrew and Peters 2025); GCB 2025,observed
1888,co2_fossil_coal,1.1594488,GtCO2,GCP fossil CO2 dataset 2025v15 (Andrew and Peters 2025); GCB 2025,observed
1889,co2_fossil_coal,1.16088468,GtCO2,GCP fossil CO2 dataset 2025v15 (Andrew and Peters 2025); GCB 2025,observed
1890,co2_fossil_coal,1.26025435,GtCO2,GCP fossil CO2 dataset 2025v15 (Andrew and Peters 2025); GCB 2025,observed
1891,co2_fossil_coal,1.31913815,GtCO2,GCP fossil CO2 dataset 2025v15 (Andrew and Peters 2025); GCB 2025,observed
1892,co2_fossil_coal,1.33182921,GtCO2,GCP fossil CO2 dataset 2025v15 (Andrew and Peters 2025); GCB 2025,observed
1893,co2_fossil_coal,1.31268269,GtCO2,GCP fossil CO2 dataset 2025v15 (Andrew and Peters 2025); GCB 2025,observed
1894,co2_fossil_coal,1.36313706,GtCO2,GCP fossil CO2 dataset 2025v15 (Andrew and Peters 2025); GCB 2025,observed
1895,co2_fossil_coal,1.43965939,GtCO2,GCP fossil CO2 dataset 2025v15 (Andrew and Peters 2025); GCB 2025,observed
1896,co2_fossil_coal,1.48524373,GtCO2,GCP fossil CO2 dataset 2025v15 (Andrew and Peters 2025); GCB 2025,observed
1897,co2_fossil_coal,1.55467701,GtCO2,GCP fossil CO2 dataset 2025v15 (Andrew and Peters 2025); GCB 2025,observed
1898,co2_fossil_coal,1.64033103,GtCO2,GCP fossil CO2 dataset 2025v15 (Andrew and Peters 2025); GCB 2025,observed
1899,co2_fossil_coal,1.79220404,GtCO2,GCP fossil CO2 dataset 2025v15 (Andrew and Peters 2025); GCB 2025,observed
1900,co2_fossil_coal,1.88264453,GtCO2,GCP fossil CO2 dataset 2025v15 (Andrew and Peters 2025); GCB 2025,observed
1901,co2_fossil_coal,1.93635557,GtCO2,GCP fossil CO2 dataset 2025v15 (Andrew and Peters 2025); GCB 2025,observed
1902,co2_fossil_coal,1.98029871,GtCO2,GCP fossil CO2 dataset 2025v15 (Andrew and Peters 2025); GCB 2025,observed
1903,co2_fossil_coal,2.16195527,GtCO2,GCP fossil CO2 dataset 2025v15 (Andrew and Peters 2025); GCB 2025,observed
1904,co2_fossil_coal,2.17443433,GtCO2,GCP fossil CO2 dataset 2025v15 (Andrew and Peters 2025); GCB 2025,observed
1905,co2_fossil_coal,2.32089836,GtCO2,GCP fossil CO2 dataset 2025v15 (Andrew and Peters 2025); GCB 2025,observed
1906,co2_fossil_coal,2.42544892,GtCO2,GCP fossil CO2 dataset 2025v15 (Andrew and Peters 2025); GCB 2025,observed
1907,co2_fossil_coal,2.75897917,GtCO2,GCP fossil CO2 dataset 2025v15 (Andrew and Peters 2025); GCB 2025,observed
1908,co2_fossil_coal,2.63528242,GtCO2,GCP fossil CO2 dataset 2025v15 (Andrew and Peters 2025); GCB 2025,observed
1909,co2_fossil_coal,2.74082325,GtCO2,GCP fossil CO2 dataset 2025v15 (Andrew and Peters 2025); GCB 2025,observed
1910,co2_fossil_coal,2.87183423,GtCO2,GCP fossil CO2 dataset 2025v15 (Andrew and Peters 2025); GCB 2025,observed
1911,co2_fossil_coal,2.90914363,GtCO2,GCP fossil CO2 dataset 2025v15 (Andrew and Peters 2025); GCB 2025,observed
1912,co2_fossil_coal,3.05847641,GtCO2,GCP fossil CO2 dataset 2025v15 (Andrew and Peters 2025); GCB 2025,observed
1913,co2_fossil_coal,3.3023542,GtCO2,GCP fossil CO2 dataset 2025v15 (Andrew and Peters 2025); GCB 2025,observed
1914,co2_fossil_coal,2.97122554,GtCO2,GCP fossil CO2 dataset 2025v15 (Andrew and Peters 2025); GCB 2025,observed
1915,co2_fossil_coal,2.90826635,GtCO2,GCP fossil CO2 dataset 2025v15 (Andrew and Peters 2025); GCB 2025,observed
1916,co2_fossil_coal,3.13550539,GtCO2,GCP fossil CO2 dataset 2025v15 (Andrew and Peters 2025); GCB 2025,observed
1917,co2_fossil_coal,3.26562148,GtCO2,GCP fossil CO2 dataset 2025v15 (Andrew and Peters 2025); GCB 2025,observed
1918,co2_fossil_coal,3.21589716,GtCO2,GCP fossil CO2 dataset 2025v15 (Andrew and Peters 2025); GCB 2025,observed
1919,co2_fossil_coal,2.72015474,GtCO2,GCP fossil CO2 dataset 2025v15 (Andrew and Peters 2025); GCB 2025,observed
1920,co2_fossil_coal,3.13261632,GtCO2,GCP fossil CO2 dataset 2025v15 (Andrew and Peters 2025); GCB 2025,observed
1921,co2_fossil_coal,2.67210437,GtCO2,GCP fossil CO2 dataset 2025v15 (Andrew and Peters 2025); GCB 2025,observed
1922,co2_fossil_coal,2.77343417,GtCO2,GCP fossil CO2 dataset 2025v15 (Andrew and Peters 2025); GCB 2025,observed
1923,co2_fossil_coal,3.14971471,GtCO2,GCP fossil CO2 dataset 2025v15 (Andrew and Peters 2025); GCB 2025,observed
1924,co2_fossil_coal,3.15595212,GtCO2,GCP fossil CO2 dataset 2025v15 (Andrew and Peters 2025); GCB 2025,observed
1925,co2_fossil_coal,3.15367721,GtCO2,GCP fossil CO2 dataset 2025v15 (Andrew and Peters 2025); GCB 2025,observed
1926,co2_fossil_coal,3.08404399,GtCO2,GCP fossil CO2 dataset 2025v15 (Andrew and Peters 2025); GCB 2025,observed
1927,co2_fossil_coal,3.36439922,GtCO2,GCP fossil CO2 dataset 2025v15 (Andrew and Peters 2025); GCB 2025,observed
1928,co2_fossil_coal,3.30758113,GtCO2,GCP fossil CO2 dataset 2025v15 (Andrew and Peters 2025); GCB 2025,observed
1929,co2_fossil_coal,3.52388347,GtCO2,GCP fossil CO2 dataset 2025v15 (Andrew and Peters 2025); GCB 2025,observed
1930,co2_fossil_coal,3.21625077,GtCO2,GCP fossil CO2 dataset 2025v15 (Andrew and Peters 2025); GCB 2025,observed
1931,co2_fossil_coal,2.83319555,GtCO2,GCP fossil CO2 dataset 2025v15 (Andrew and Peters 2025); GCB 2025,observed
1932,co2_fossil_coal,2.52236999,GtCO2,GCP fossil CO2 dataset 2025v15 (Andrew and Peters 2025); GCB 2025,observed
1933,co2_fossil_coal,2.63880712,GtCO2,GCP fossil CO2 dataset 2025v15 (Andrew and Peters 2025); GCB 2025,observed
1934,co2_fossil_coal,2.88047012,GtCO2,GCP fossil CO2 dataset 2025v15 (Andrew and Peters 2025); GCB 2025,observed
1935,co2_fossil_coal,2.99836868,GtCO2,GCP fossil CO2 dataset 2025v15 (Andrew and Peters 2025); GCB 2025,observed
1936,co2_fossil_coal,3.28772059,GtCO2,GCP fossil CO2 dataset 2025v15 (Andrew and Peters 2025); GCB 2025,observed
1937,co2_fossil_coal,3.465992,GtCO2,GCP fossil CO2 dataset 2025v15 (Andrew and Peters 2025); GCB 2025,observed
1938,co2_fossil_coal,3.23058576,GtCO2,GCP fossil CO2 dataset 2025v15 (Andrew and Peters 2025); GCB 2025,observed
1939,co2_fossil_coal,3.43578112,GtCO2,GCP fossil CO2 dataset 2025v15 (Andrew and Peters 2025); GCB 2025,observed
1940,co2_fossil_coal,3.7955032,GtCO2,GCP fossil CO2 dataset 2025v15 (Andrew and Peters 2025); GCB 2025,observed
1941,co2_fossil_coal,3.88596292,GtCO2,GCP fossil CO2 dataset 2025v15 (Andrew and Peters 2025); GCB 2025,observed
1942,co2_fossil_coal,3.9105562,GtCO2,GCP fossil CO2 dataset 2025v15 (Andrew and Peters 2025); GCB 2025,observed
1943,co2_fossil_coal,3.92668597,GtCO2,GCP fossil CO2 dataset 2025v15 (Andrew and Peters 2025); GCB 2025,observed
1944,co2_fossil_coal,3.86910722,GtCO2,GCP fossil CO2 dataset 2025v15 (Andrew and Peters 2025); GCB 2025,observed
1945,co2_fossil_coal,2.99987593,GtCO2,GCP fossil CO2 dataset 2025v15 (Andrew and Peters 2025); GCB 2025,observed
1946,co2_fossil_coal,3.23601059,GtCO2,GCP fossil CO2 dataset 2025v15 (Andrew and Peters 2025); GCB 2025,observed
1947,co2_fossil_coal,3.62315368,GtCO2,GCP fossil CO2 dataset 2025v15 (Andrew and Peters 2025); GCB 2025,observed
1948,co2_fossil_coal,3.74072687,GtCO2,GCP fossil CO2 dataset 2025v15 (Andrew and Peters 2025); GCB 2025,observed
1949,co2_fossil_coal,3.54727403,GtCO2,GCP fossil CO2 dataset 2025v15 (Andrew and Peters 2025); GCB 2025,observed
1950,co2_fossil_coal,3.8799547,GtCO2,GCP fossil CO2 dataset 2025v15 (Andrew and Peters 2025); GCB 2025,observed
1951,co2_fossil_coal,4.08414599,GtCO2,GCP fossil CO2 dataset 2025v15 (Andrew and Peters 2025); GCB 2025,observed
1952,co2_fossil_coal,4.0300557,GtCO2,GCP fossil CO2 dataset 2025v15 (Andrew and Peters 2025); GCB 2025,observed
1953,co2_fossil_coal,4.06110083,GtCO2,GCP fossil CO2 dataset 2025v15 (Andrew and Peters 2025); GCB 2025,observed
1954,co2_fossil_coal,4.05367581,GtCO2,GCP fossil CO2 dataset 2025v15 (Andrew and Peters 2025); GCB 2025,observed
1955,co2_fossil_coal,4.38608261,GtCO2,GCP fossil CO2 dataset 2025v15 (Andrew and Peters 2025); GCB 2025,observed
1956,co2_fossil_coal,4.60829666,GtCO2,GCP fossil CO2 dataset 2025v15 (Andrew and Peters 2025); GCB 2025,observed
1957,co2_fossil_coal,4.69158259,GtCO2,GCP fossil CO2 dataset 2025v15 (Andrew and Peters 2025); GCB 2025,observed
1958,co2_fossil_coal,4.76145831,GtCO2,GCP fossil CO2 dataset 2025v15 (Andrew and Peters 2025); GCB 2025,observed
1959,co2_fossil_coal,4.95393208,GtCO2,GCP fossil CO2 dataset 2025v15 (Andrew and Peters 2025); GCB 2025,observed
1960,co2_fossil_coal,5.15832269,GtCO2,GCP fossil CO2 dataset 2025v15 (Andrew and Peters 2025); GCB 2025,observed
1961,co2_fossil_coal,4.94418626,GtCO2,GCP fossil CO2 dataset 2025v15 (Andrew and Peters 2025); GCB 2025,observed
1962,co2_fossil_coal,4.92858727,GtCO2,GCP fossil CO2 dataset 2025v15 (Andrew and Peters 2025); GCB 2025,observed
1963,co2_fossil_coal,5.1079309,GtCO2,GCP fossil CO2 dataset 2025v15 (Andrew and Peters 2025); GCB 2025,observed
1964,co2_fossil_coal,5.21321467,GtCO2,GCP fossil CO2 dataset 2025v15 (Andrew and Peters 2025); GCB 2025,observed
1965,co2_fossil_coal,5.28908847,GtCO2,GCP fossil CO2 dataset 2025v15 (Andrew and Peters 2025); GCB 2025,observed
1966,co2_fossil_coal,5.34997763,GtCO2,GCP fossil CO2 dataset 2025v15 (Andrew and Peters 2025); GCB 2025,observed
1967,co2_fossil_coal,5.26186802,GtCO2,GCP fossil CO2 dataset 2025v15 (Andrew and Peters 2025); GCB 2025,observed
1968,co2_fossil_coal,5.31965855,GtCO2,GCP fossil CO2 dataset 2025v15 (Andrew and Peters 2025); GCB 2025,observed
1969,co2_fossil_coal,5.51827339,GtCO2,GCP fossil CO2 dataset 2025v15 (Andrew and Peters 2025); GCB 2025,observed
1970,co2_fossil_coal,5.69885839,GtCO2,GCP fossil CO2 dataset 2025v15 (Andrew and Peters 2025); GCB 2025,observed
1971,co2_fossil_coal,5.70005515,GtCO2,GCP fossil CO2 dataset 2025v15 (Andrew and Peters 2025); GCB 2025,observed
1972,co2_fossil_coal,5.69128383,GtCO2,GCP fossil CO2 dataset 2025v15 (Andrew and Peters 2025); GCB 2025,observed
1973,co2_fossil_coal,5.86089836,GtCO2,GCP fossil CO2 dataset 2025v15 (Andrew and Peters 2025); GCB 2025,observed
1974,co2_fossil_coal,5.85769332,GtCO2,GCP fossil CO2 dataset 2025v15 (Andrew and Peters 2025); GCB 2025,observed
1975,co2_fossil_coal,6.01831515,GtCO2,GCP fossil CO2 dataset 2025v15 (Andrew and Peters 2025); GCB 2025,observed
1976,co2_fossil_coal,6.22633969,GtCO2,GCP fossil CO2 dataset 2025v15 (Andrew and Peters 2025); GCB 2025,observed
1977,co2_fossil_coal,6.37502353,GtCO2,GCP fossil CO2 dataset 2025v15 (Andrew and Peters 2025); GCB 2025,observed
1978,co2_fossil_coal,6.51012794,GtCO2,GCP fossil CO2 dataset 2025v15 (Andrew and Peters 2025); GCB 2025,observed
1979,co2_fossil_coal,6.79988174,GtCO2,GCP fossil CO2 dataset 2025v15 (Andrew and Peters 2025); GCB 2025,observed
1980,co2_fossil_coal,6.98498964,GtCO2,GCP fossil CO2 dataset 2025v15 (Andrew and Peters 2025); GCB 2025,observed
1981,co2_fossil_coal,6.94294159,GtCO2,GCP fossil CO2 dataset 2025v15 (Andrew and Peters 2025); GCB 2025,observed
1982,co2_fossil_coal,7.06699659,GtCO2,GCP fossil CO2 dataset 2025v15 (Andrew and Peters 2025); GCB 2025,observed
1983,co2_fossil_coal,7.26923929,GtCO2,GCP fossil CO2 dataset 2025v15 (Andrew and Peters 2025); GCB 2025,observed
1984,co2_fossil_coal,7.58611545,GtCO2,GCP fossil CO2 dataset 2025v15 (Andrew and Peters 2025); GCB 2025,observed
1985,co2_fossil_coal,8.14482407,GtCO2,GCP fossil CO2 dataset 2025v15 (Andrew and Peters 2025); GCB 2025,observed
1986,co2_fossil_coal,8.26146592,GtCO2,GCP fossil CO2 dataset 2025v15 (Andrew and Peters 2025); GCB 2025,observed
1987,co2_fossil_coal,8.54922958,GtCO2,GCP fossil CO2 dataset 2025v15 (Andrew and Peters 2025); GCB 2025,observed
1988,co2_fossil_coal,8.83642877,GtCO2,GCP fossil CO2 dataset 2025v15 (Andrew and Peters 2025); GCB 2025,observed
1989,co2_fossil_coal,8.82779737,GtCO2,GCP fossil CO2 dataset 2025v15 (Andrew and Peters 2025); GCB 2025,observed
1990,co2_fossil_coal,8.65978737,GtCO2,GCP fossil CO2 dataset 2025v15 (Andrew and Peters 2025); GCB 2025,observed
1991,co2_fossil_coal,8.57409008,GtCO2,GCP fossil CO2 dataset 2025v15 (Andrew and Peters 2025); GCB 2025,observed
1992,co2_fossil_coal,8.36117399,GtCO2,GCP fossil CO2 dataset 2025v15 (Andrew and Peters 2025); GCB 2025,observed
1993,co2_fossil_coal,8.47002854,GtCO2,GCP fossil CO2 dataset 2025v15 (Andrew and Peters 2025); GCB 2025,observed
1994,co2_fossil_coal,8.51374662,GtCO2,GCP fossil CO2 dataset 2025v15 (Andrew and Peters 2025); GCB 2025,observed
1995,co2_fossil_coal,8.75844119,GtCO2,GCP fossil CO2 dataset 2025v15 (Andrew and Peters 2025); GCB 2025,observed
1996,co2_fossil_coal,8.97696354,GtCO2,GCP fossil CO2 dataset 2025v15 (Andrew and Peters 2025); GCB 2025,observed
1997,co2_fossil_coal,8.92730026,GtCO2,GCP fossil CO2 dataset 2025v15 (Andrew and Peters 2025); GCB 2025,observed
1998,co2_fossil_coal,8.68900106,GtCO2,GCP fossil CO2 dataset 2025v15 (Andrew and Peters 2025); GCB 2025,observed
1999,co2_fossil_coal,8.80909264,GtCO2,GCP fossil CO2 dataset 2025v15 (Andrew and Peters 2025); GCB 2025,observed
2000,co2_fossil_coal,9.15663767,GtCO2,GCP fossil CO2 dataset 2025v15 (Andrew and Peters 2025); GCB 2025,observed
2001,co2_fossil_coal,9.20842868,GtCO2,GCP fossil CO2 dataset 2025v15 (Andrew and Peters 2025); GCB 2025,observed
2002,co2_fossil_coal,9.63018115,GtCO2,GCP fossil CO2 dataset 2025v15 (Andrew and Peters 2025); GCB 2025,observed
2003,co2_fossil_coal,10.4665659,GtCO2,GCP fossil CO2 dataset 2025v15 (Andrew and Peters 2025); GCB 2025,observed
2004,co2_fossil_coal,10.8133916,GtCO2,GCP fossil CO2 dataset 2025v15 (Andrew and Peters 2025); GCB 2025,observed
2005,co2_fossil_coal,11.4985002,GtCO2,GCP fossil CO2 dataset 2025v15 (Andrew and Peters 2025); GCB 2025,observed
2006,co2_fossil_coal,12.1362381,GtCO2,GCP fossil CO2 dataset 2025v15 (Andrew and Peters 2025); GCB 2025,observed
2007,co2_fossil_coal,12.7244515,GtCO2,GCP fossil CO2 dataset 2025v15 (Andrew and Peters 2025); GCB 2025,observed
2008,co2_fossil_coal,13.149669,GtCO2,GCP fossil CO2 dataset 2025v15 (Andrew and Peters 2025); GCB 2025,observed
2009,co2_fossil_coal,13.0031723,GtCO2,GCP fossil CO2 dataset 2025v15 (Andrew and Peters 2025); GCB 2025,observed
2010,co2_fossil_coal,13.9182234,GtCO2,GCP fossil CO2 dataset 2025v15 (Andrew and Peters 2025); GCB 2025,observed
2011,co2_fossil_coal,14.7042225,GtCO2,GCP fossil CO2 dataset 2025v15 (Andrew and Peters 2025); GCB 2025,observed
2012,co2_fossil_coal,14.8678019,GtCO2,GCP fossil CO2 dataset 2025v15 (Andrew and Peters 2025); GCB 2025,observed
2013,co2_fossil_coal,14.9531531,GtCO2,GCP fossil CO2 dataset 2025v15 (Andrew and Peters 2025); GCB 2025,observed
2014,co2_fossil_coal,15.0148838,GtCO2,GCP fossil CO2 dataset 2025v15 (Andrew and Peters 2025); GCB 2025,observed
2015,co2_fossil_coal,14.6550163,GtCO2,GCP fossil CO2 dataset 2025v15 (Andrew and Peters 2025); GCB 2025,observed
2016,co2_fossil_coal,14.322989,GtCO2,GCP fossil CO2 dataset 2025v15 (Andrew and Peters 2025); GCB 2025,observed
2017,co2_fossil_coal,14.4941679,GtCO2,GCP fossil CO2 dataset 2025v15 (Andrew and Peters 2025); GCB 2025,observed
2018,co2_fossil_coal,14.7626945,GtCO2,GCP fossil CO2 dataset 2025v15 (Andrew and Peters 2025); GCB 2025,observed
2019,co2_fossil_coal,14.7029575,GtCO2,GCP fossil CO2 dataset 2025v15 (Andrew and Peters 2025); GCB 2025,observed
2020,co2_fossil_coal,14.2670365,GtCO2,GCP fossil CO2 dataset 2025v15 (Andrew and Peters 2025); GCB 2025,observed
2021,co2_fossil_coal,14.9692494,GtCO2,GCP fossil CO2 dataset 2025v15 (Andrew and Peters 2025); GCB 2025,observed
2022,co2_fossil_coal,15.449177,GtCO2,GCP fossil CO2 dataset 2025v15 (Andrew and Peters 2025); GCB 2025,observed
2023,co2_fossil_coal,15.6363733,GtCO2,GCP fossil CO2 dataset 2025v15 (Andrew and Peters 2025); GCB 2025,observed
2024,co2_fossil_coal,15.8052542,GtCO2,GCP fossil CO2 dataset 2025v15 (Andrew and Peters 2025); GCB 2025,observed
1750,co2_fossil_oil,0,GtCO2,GCP fossil CO2 dataset 2025v15 (Andrew and Peters 2025); GCB 2025,observed
1751,co2_fossil_oil,0,GtCO2,GCP fossil CO2 dataset 2025v15 (Andrew and Peters 2025); GCB 2025,observed
1752,co2_fossil_oil,0,GtCO2,GCP fossil CO2 dataset 2025v15 (Andrew and Peters 2025); GCB 2025,observed
1753,co2_fossil_oil,0,GtCO2,GCP fossil CO2 dataset 2025v15 (Andrew and Peters 2025); GCB 2025,observed
1754,co2_fossil_oil,0,GtCO2,GCP fossil CO2 dataset 2025v15 (Andrew and Peters 2025); GCB 2025,observed
1755,co2_fossil_oil,0,GtCO2,GCP fossil CO2 dataset 2025v15 (Andrew and Peters 2025); GCB 2025,observed
1756,co2_fossil_oil,0,GtCO2,GCP fossil CO2 dataset 2025v15 (Andrew and Peters 2025); GCB 2025,observed
1757,co2_fossil_oil,0,GtCO2,GCP fossil CO2 dataset 2025v15 (Andrew and Peters 2025); GCB 2025,observed
1758,co2_fossil_oil,0,GtCO2,GCP fossil CO2 dataset 2025v15 (Andrew and Peters 2025); GCB 2025,observed
1759,co2_fossil_oil,0,GtCO2,GCP fossil CO2 dataset 2025v15 (Andrew and Peters 2025); GCB 2025,observed
1760,co2_fossil_oil,0,GtCO2,GCP fossil CO2 dataset 2025v15 (Andrew and Peters 2025); GCB 2025,observed
1761,co2_fossil_oil,0,GtCO2,GCP fossil CO2 dataset 2025v15 (Andrew and Peters 2025); GCB 2025,observed
1762,co2_fossil_oil,0,GtCO2,GCP fossil CO2 dataset 2025v15 (Andrew and Peters 2025); GCB 2025,observed
1763,co2_fossil_oil,0,GtCO2,GCP fossil CO2 dataset 2025v15 (Andrew and Peters 2025); GCB 2025,observed
1764,co2_fossil_oil,0,GtCO2,GCP fossil CO2 dataset 2025v15 (Andrew and Peters 2025); GCB 2025,observed
1765,co2_fossil_oil,0,GtCO2,GCP fossil CO2 dataset 2025v15 (Andrew and Peters 2025); GCB 2025,observed
1766,co2_fossil_oil,0,GtCO2,GCP fossil CO2 dataset 2025v15 (Andrew and Peters 2025); GCB 2025,observed
1767,co2_fossil_oil,0,GtCO2,GCP fossil CO2 dataset 2025v15 (Andrew and Peters 2025); GCB 2025,observed
1768,co2_fossil_oil,0,GtCO2,GCP fossil CO2 dataset 2025v15 (Andrew and Peters 2025); GCB 2025,observed
1769,co2_fossil_oil,0,GtCO2,GCP fossil CO2 dataset 2025v15 (Andrew and Peters 2025); GCB 2025,observed
1770,co2_fossil_oil,0,GtCO2,GCP fossil CO2 dataset 2025v15 (Andrew and Peters 2025); GCB 2025,observed
1771,co2_fossil_oil,0,GtCO2,GCP fossil CO2 dataset 2025v15 (Andrew and Peters 2025); GCB 2025,observed
1772,co2_fossil_oil,0,GtCO2,GCP fossil CO2 dataset 2025v15 (Andrew and Peters 2025); GCB 2025,observed
1773,co2_fossil_oil,0,GtCO2,GCP fossil CO2 dataset 2025v15 (Andrew and Peters 2025); GCB 2025,observed
1774,co2_fossil_oil,0,GtCO2,GCP fossil CO2 dataset 2025v15 (Andrew and Peters 2025); GCB 2025,observed
1775,co2_fossil_oil,0,GtCO2,GCP fossil CO2 dataset 2025v15 (Andrew and Peters 2025); GCB 2025,observed
1776,co2_fossil_oil,0,GtCO2,GCP fossil CO2 dataset 2025v15 (Andrew and Peters 2025); GCB 2025,observed
1777,co2_fossil_oil,0,GtCO2,GCP fossil CO2 dataset 2025v15 (Andrew and Peters 2025); GCB 2025,observed
1778,co2_fossil_oil,0,GtCO2,GCP fossil CO2 dataset 2025v15 (Andrew and Peters 2025); GCB 2025,observed
1779,co2_fossil_oil,0,GtCO2,GCP fossil CO2 dataset 2025v15 (Andrew and Peters 2025); GCB 2025,observed
1780,co2_fossil_oil,0,GtCO2,GCP fossil CO2 dataset 2025v15 (Andrew and Peters 2025); GCB 2025,observed
1781,co2_fossil_oil,0,GtCO2,GCP fossil CO2 dataset 2025v15 (Andrew and Peters 2025); GCB 2025,observed
1782,co2_fossil_oil,0,GtCO2,GCP fossil CO2 dataset 2025v15 (Andrew and Peters 2025); GCB 2025,observed
1783,co2_fossil_oil,0,GtCO2,GCP fossil CO2 dataset 2025v15 (Andrew and Peters 2025); GCB 2025,observed
1784,co2_fossil_oil,0,GtCO2,GCP fossil CO2 dataset 2025v15 (Andrew and Peters 2025); GCB 2025,observed
1785,co2_fossil_oil,0,GtCO2,GCP fossil CO2 dataset 2025v15 (Andrew and Peters 2025); GCB 2025,observed
1786,co2_fossil_oil,0,GtCO2,GCP fossil CO2 dataset 2025v15 (Andrew and Peters 2025); GCB 2025,observed
1787,co2_fossil_oil,0,GtCO2,GCP fossil CO2 dataset 2025v15 (Andrew and Peters 2025); GCB 2025,observed
1788,co2_fossil_oil,0,GtCO2,GCP fossil CO2 dataset 2025v15 (Andrew and Peters 2025); GCB 2025,observed
1789,co2_fossil_oil,0,GtCO2,GCP fossil CO2 dataset 2025v15 (Andrew and Peters 2025); GCB 2025,observed
1790,co2_fossil_oil,0,GtCO2,GCP fossil CO2 dataset 2025v15 (Andrew and Peters 2025); GCB 2025,observed
1791,co2_fossil_oil,0,GtCO2,GCP fossil CO2 dataset 2025v15 (Andrew and Peters 2025); GCB 2025,observed
1792,co2_fossil_oil,0,GtCO2,GCP fossil CO2 dataset 2025v15 (Andrew and Peters 2025); GCB 2025,observed
1793,co2_fossil_oil,0,GtCO2,GCP fossil CO2 dataset 2025v15 (Andrew and Peters 2025); GCB 2025,observed
1794,co2_fossil_oil,0,GtCO2,GCP fossil CO2 dataset 2025v15 (Andrew and Peters 2025); GCB 2025,observed
1795,co2_fossil_oil,0,GtCO2,GCP fossil CO2 dataset 2025v15 (Andrew and Peters 2025); GCB 2025,observed
1796,co2_fossil_oil,0,GtCO2,GCP fossil CO2 dataset 2025v15 (Andrew and Peters 2025); GCB 2025,observed
1797,co2_fossil_oil,0,GtCO2,GCP fossil CO2 dataset 2025v15 (Andrew and Peters 2025); GCB 2025,observed
1798,co2_fossil_oil,0,GtCO2,GCP fossil CO2 dataset 2025v15 (Andrew and Peters 2025); GCB 2025,observed
1799,co2_fossil_oil,0,GtCO2,GCP fossil CO2 dataset 2025v15 (Andrew and Peters 2025); GCB 2025,observed
1800,co2_fossil_oil,0,GtCO2,GCP fossil CO2 dataset 2025v15 (Andrew and Peters 2025); GCB 2025,observed
1801,co2_fossil_oil,0,GtCO2,GCP fossil CO2 dataset 2025v15 (Andrew and Peters 2025); GCB 2025,observed
1802,co2_fossil_oil,0,GtCO2,GCP fossil CO2 dataset 2025v15 (Andrew and Peters 2025); GCB 2025,observed
1803,co2_fossil_oil,0,GtCO2,GCP fossil CO2 dataset 2025v15 (Andrew and Peters 2025); GCB 2025,observed
1804,co2_fossil_oil,0,GtCO2,GCP fossil CO2 dataset 2025v15 (Andrew and Peters 2025); GCB 2025,observed
1805,co2_fossil_oil,0,GtCO2,GCP fossil CO2 dataset 2025v15 (Andrew and Peters 2025); GCB 2025,observed
1806,co2_fossil_oil,0,GtCO2,GCP fossil CO2 dataset 2025v15 (Andrew and Peters 2025); GCB 2025,observed
1807,co2_fossil_oil,0,GtCO2,GCP fossil CO2 dataset 2025v15 (Andrew and Peters 2025); GCB 2025,observed
1808,co2_fossil_oil,0,GtCO2,GCP fossil CO2 dataset 2025v15 (Andrew and Peters 2025); GCB 2025,observed
1809,co2_fossil_oil,0,GtCO2,GCP fossil CO2 dataset 2025v15 (Andrew and Peters 2025); GCB 2025,observed
1810,co2_fossil_oil,0,GtCO2,GCP fossil CO2 dataset 2025v15 (Andrew and Peters 2025); GCB 2025,observed
1811,co2_fossil_oil,0,GtCO2,GCP fossil CO2 dataset 2025v15 (Andrew and Peters 2025); GCB 2025,observed
1812,co2_fossil_oil,0,GtCO2,GCP fossil CO2 dataset 2025v15 (Andrew and Peters 2025); GCB 2025,observed
1813,co2_fossil_oil,0,GtCO2,GCP fossil CO2 dataset 2025v15 (Andrew and Peters 2025); GCB 2025,observed
1814,co2_fossil_oil,0,GtCO2,GCP fossil CO2 dataset 2025v15 (Andrew and Peters 2025); GCB 2025,observed
1815,co2_fossil_oil,0,GtCO2,GCP fossil CO2 dataset 2025v15 (Andrew and Peters 2025); GCB 2025,observed
1816,co2_fossil_oil,0,GtCO2,GCP fossil CO2 dataset 2025v15 (Andrew and Peters 2025); GCB 2025,observed
1817,co2_fossil_oil,0,GtCO2,GCP fossil CO2 dataset 2025v15 (Andrew and Peters 2025); GCB 2025,observed
1818,co2_fossil_oil,0,GtCO2,GCP fossil CO2 dataset 2025v15 (Andrew and Peters 2025); GCB 2025,observed
1819,co2_fossil_oil,0,GtCO2,GCP fossil CO2 dataset 2025v15 (Andrew and Peters 2025); GCB 2025,observed
1820,co2_fossil_oil,0,GtCO2,GCP fossil CO2 dataset 2025v15 (Andrew and Peters 2025); GCB 2025,observed
1821,co2_fossil_oil,0,GtCO2,GCP fossil CO2 dataset 2025v15 (Andrew and Peters 2025); GCB 2025,observed
1822,co2_fossil_oil,0,GtCO2,GCP fossil CO2 dataset 2025v15 (Andrew and Peters 2025); GCB 2025,observed
1823,co2_fossil_oil,0,GtCO2,GCP fossil CO2 dataset 2025v15 (Andrew and Peters 2025); GCB 2025,observed
1824,co2_fossil_oil,0,GtCO2,GCP fossil CO2 dataset 2025v15 (Andrew and Peters 2025); GCB 2025,observed
1825,co2_fossil_oil,0,GtCO2,GCP fossil CO2 dataset 2025v15 (Andrew and Peters 2025); GCB 2025,observed
1826,co2_fossil_oil,0,GtCO2,GCP fossil CO2 dataset 2025v15 (Andrew and Peters 2025); GCB 2025,observed
1827,co2_fossil_oil,0,GtCO2,GCP fossil CO2 dataset 2025v15 (Andrew and Peters 2025); GCB 2025,observed
1828,co2_fossil_oil,0,GtCO2,GCP fossil CO2 dataset 2025v15 (Andrew and Peters 2025); GCB 2025,observed
1829,co2_fossil_oil,0,GtCO2,GCP fossil CO2 dataset 2025v15 (Andrew and Peters 2025); GCB 2025,observed
1830,co2_fossil_oil,0,GtCO2,GCP fossil CO2 dataset 2025v15 (Andrew and Peters 2025); GCB 2025,observed
1831,co2_fossil_oil,0,GtCO2,GCP fossil CO2 dataset 2025v15 (Andrew and Peters 2025); GCB 2025,observed
1832,co2_fossil_oil,0,GtCO2,GCP fossil CO2 dataset 2025v15 (Andrew and Peters 2025); GCB 2025,observed
1833,co2_fossil_oil,0,GtCO2,GCP fossil CO2 dataset 2025v15 (Andrew and Peters 2025); GCB 2025,observed
1834,co2_fossil_oil,0,GtCO2,GCP fossil CO2 dataset 2025v15 (Andrew and Peters 2025); GCB 2025,observed
1835,co2_fossil_oil,0,GtCO2,GCP fossil CO2 dataset 2025v15 (Andrew and Peters 2025); GCB 2025,observed
1836,co2_fossil_oil,0,GtCO2,GCP fossil CO2 dataset 2025v15 (Andrew and Peters 2025); GCB 2025,observed
1837,co2_fossil_oil,0,GtCO2,GCP fossil CO2 dataset 2025v15 (Andrew and Peters 2025); GCB 2025,observed
1838,co2_fossil_oil,0,GtCO2,GCP fossil CO2 dataset 2025v15 (Andrew and Peters 2025); GCB 2025,observed
1839,co2_fossil_oil,0,GtCO2,GCP fossil CO2 dataset 2025v15 (Andrew and Peters 2025); GCB 2025,observed
1840,co2_fossil_oil,0,GtCO2,GCP fossil CO2 dataset 2025v15 (Andrew and Peters 2025); GCB 2025,observed
1841,co2_fossil_oil,0,GtCO2,GCP fossil CO2 dataset 2025v15 (Andrew and Peters 2025); GCB 2025,observed
1842,co2_fossil_oil,0,GtCO2,GCP fossil CO2 dataset 2025v15 (Andrew and Peters 2025); GCB 2025,observed
1843,co2_fossil_oil,0,GtCO2,GCP fossil CO2 dataset 2025v15 (Andrew and Peters 2025); GCB 2025,observed
1844,co2_fossil_oil,0,GtCO2,GCP fossil CO2 dataset 2025v15 (Andrew and Peters 2025); GCB 2025,observed
1845,co2_fossil_oil,0,GtCO2,GCP fossil CO2 dataset 2025v15 (Andrew and Peters 2025); GCB 2025,observed
1846,co2_fossil_oil,0,GtCO2,GCP fossil CO2 dataset 2025v15 (Andrew and Peters 2025); GCB 2025,observed
1847,co2_fossil_oil,0,GtCO2,GCP fossil CO2 dataset 2025v15 (Andrew and Peters 2025); GCB 2025,observed
1848,co2_fossil_oil,0,GtCO2,GCP fossil CO2 dataset 2025v15 (Andrew and Peters 2025); GCB 2025,observed
1849,co2_fossil_oil,0,GtCO2,GCP fossil CO2 dataset 2025v15 (Andrew and Peters 2025); GCB 2025,observed
1850,co2_fossil_oil,0,GtCO2,GCP fossil CO2 dataset 2025v15 (Andrew and Peters 2025); GCB 2025,observed
1851,co2_fossil_oil,0,GtCO2,GCP fossil CO2 dataset 2025v15 (Andrew and Peters 2025); GCB 2025,observed
1852,co2_fossil_oil,0,GtCO2,GCP fossil CO2 dataset 2025v15 (Andrew and Peters 2025); GCB 2025,observed
1853,co2_fossil_oil,0,GtCO2,GCP fossil CO2 dataset 2025v15 (Andrew and Peters 2025); GCB 2025,observed
1854,co2_fossil_oil,0,GtCO2,GCP fossil CO2 dataset 2025v15 (Andrew and Peters 2025); GCB 2025,observed
1855,co2_fossil_oil,3.664e-05,GtCO2,GCP fossil CO2 dataset 2025v15 (Andrew and Peters 2025); GCB 2025,observed
1856,co2_fossil_oil,4.0304e-05,GtCO2,GCP fossil CO2 dataset 2025v15 (Andrew and Peters 2025); GCB 2025,observed
1857,co2_fossil_oil,5.1296e-05,GtCO2,GCP fossil CO2 dataset 2025v15 (Andrew and Peters 2025); GCB 2025,observed
1858,co2_fossil_oil,6.2288e-05,GtCO2,GCP fossil CO2 dataset 2025v15 (Andrew and Peters 2025); GCB 2025,observed
1859,co2_fossil_oil,5.4955e-05,GtCO2,GCP fossil CO2 dataset 2025v15 (Andrew and Peters 2025); GCB 2025,observed
1860,co2_fossil_oil,0.000273426,GtCO2,GCP fossil CO2 dataset 2025v15 (Andrew and Peters 2025); GCB 2025,observed
1861,co2_fossil_oil,0.000940979,GtCO2,GCP fossil CO2 dataset 2025v15 (Andrew and Peters 2025); GCB 2025,observed
1862,co2_fossil_oil,0.001398621,GtCO2,GCP fossil CO2 dataset 2025v15 (Andrew and Peters 2025); GCB 2025,observed
1863,co2_fossil_oil,0.001293057,GtCO2,GCP fossil CO2 dataset 2025v15 (Andrew and Peters 2025); GCB 2025,observed
1864,co2_fossil_oil,0.001109902,GtCO2,GCP fossil CO2 dataset 2025v15 (Andrew and Peters 2025); GCB 2025,observed
1865,co2_fossil_oil,0.001319712,GtCO2,GCP fossil CO2 dataset 2025v15 (Andrew and Peters 2025); GCB 2025,observed
1866,co2_fossil_oil,0.001951772,GtCO2,GCP fossil CO2 dataset 2025v15 (Andrew and Peters 2025); GCB 2025,observed
1867,co2_fossil_oil,0.00198477,GtCO2,GCP fossil CO2 dataset 2025v15 (Andrew and Peters 2025); GCB 2025,observed
1868,co2_fossil_oil,0.002288487,GtCO2,GCP fossil CO2 dataset 2025v15 (Andrew and Peters 2025); GCB 2025,observed
1869,co2_fossil_oil,0.002613984,GtCO2,GCP fossil CO2 dataset 2025v15 (Andrew and Peters 2025); GCB 2025,observed
1870,co2_fossil_oil,0.003132769,GtCO2,GCP fossil CO2 dataset 2025v15 (Andrew and Peters 2025); GCB 2025,observed
1871,co2_fossil_oil,0.003281752,GtCO2,GCP fossil CO2 dataset 2025v15 (Andrew and Peters 2025); GCB 2025,observed
1872,co2_fossil_oil,0.003697884,GtCO2,GCP fossil CO2 dataset 2025v15 (Andrew and Peters 2025); GCB 2025,observed
1873,co2_fossil_oil,0.005668873,GtCO2,GCP fossil CO2 dataset 2025v15 (Andrew and Peters 2025); GCB 2025,observed
1874,co2_fossil_oil,0.00624213,GtCO2,GCP fossil CO2 dataset 2025v15 (Andrew and Peters 2025); GCB 2025,observed
1875,co2_fossil_oil,0.005833954,GtCO2,GCP fossil CO2 dataset 2025v15 (Andrew and Peters 2025); GCB 2025,observed
1876,co2_fossil_oil,0.006534104,GtCO2,GCP fossil CO2 dataset 2025v15 (Andrew and Peters 2025); GCB 2025,observed
1877,co2_fossil_oil,0.008821777,GtCO2,GCP fossil CO2 dataset 2025v15 (Andrew and Peters 2025); GCB 2025,observed
1878,co2_fossil_oil,0.010037691,GtCO2,GCP fossil CO2 dataset 2025v15 (Andrew and Peters 2025); GCB 2025,observed
1879,co2_fossil_oil,0.01265654,GtCO2,GCP fossil CO2 dataset 2025v15 (Andrew and Peters 2025); GCB 2025,observed
1880,co2_fossil_oil,0.015360451,GtCO2,GCP fossil CO2 dataset 2025v15 (Andrew and Peters 2025); GCB 2025,observed
1881,co2_fossil_oil,0.017238714,GtCO2,GCP fossil CO2 dataset 2025v15 (Andrew and Peters 2025); GCB 2025,observed
1882,co2_fossil_oil,0.018935602,GtCO2,GCP fossil CO2 dataset 2025v15 (Andrew and Peters 2025); GCB 2025,observed
1883,co2_fossil_oil,0.016497516,GtCO2,GCP fossil CO2 dataset 2025v15 (Andrew and Peters 2025); GCB 2025,observed
1884,co2_fossil_oil,0.018318886,GtCO2,GCP fossil CO2 dataset 2025v15 (Andrew and Peters 2025); GCB 2025,observed
1885,co2_fossil_oil,0.018955903,GtCO2,GCP fossil CO2 dataset 2025v15 (Andrew and Peters 2025); GCB 2025,observed
1886,co2_fossil_oil,0.021820653,GtCO2,GCP fossil CO2 dataset 2025v15 (Andrew and Peters 2025); GCB 2025,observed
1887,co2_fossil_oil,0.023479329,GtCO2,GCP fossil CO2 dataset 2025v15 (Andrew and Peters 2025); GCB 2025,observed
1888,co2_fossil_oil,0.024578454,GtCO2,GCP fossil CO2 dataset 2025v15 (Andrew and Peters 2025); GCB 2025,observed
1889,co2_fossil_oil,0.02840415,GtCO2,GCP fossil CO2 dataset 2025v15 (Andrew and Peters 2025); GCB 2025,observed
1890,co2_fossil_oil,0.034648029,GtCO2,GCP fossil CO2 dataset 2025v15 (Andrew and Peters 2025); GCB 2025,observed
1891,co2_fossil_oil,0.040829213,GtCO2,GCP fossil CO2 dataset 2025v15 (Andrew and Peters 2025); GCB 2025,observed
1892,co2_fossil_oil,0.040203941,GtCO2,GCP fossil CO2 dataset 2025v15 (Andrew and Peters 2025); GCB 2025,observed
1893,co2_fossil_oil,0.042543889,GtCO2,GCP fossil CO2 dataset 2025v15 (Andrew and Peters 2025); GCB 2025,observed
1894,co2_fossil_oil,0.041697243,GtCO2,GCP fossil CO2 dataset 2025v15 (Andrew and Peters 2025); GCB 2025,observed
1895,co2_fossil_oil,0.04853646,GtCO2,GCP fossil CO2 dataset 2025v15 (Andrew and Peters 2025); GCB 2025,observed
1896,co2_fossil_oil,0.052568273,GtCO2,GCP fossil CO2 dataset 2025v15 (Andrew and Peters 2025); GCB 2025,observed
1897,co2_fossil_oil,0.055527107,GtCO2,GCP fossil CO2 dataset 2025v15 (Andrew and Peters 2025); GCB 2025,observed
1898,co2_fossil_oil,0.057168533,GtCO2,GCP fossil CO2 dataset 2025v15 (Andrew and Peters 2025); GCB 2025,observed
1899,co2_fossil_oil,0.060025843,GtCO2,GCP fossil CO2 dataset 2025v15 (Andrew and Peters 2025); GCB 2025,observed
1900,co2_fossil_oil,0.067303034,GtCO2,GCP fossil CO2 dataset 2025v15 (Andrew and Peters 2025); GCB 2025,observed
1901,co2_fossil_oil,0.074745746,GtCO2,GCP fossil CO2 dataset 2025v15 (Andrew and Peters 2025); GCB 2025,observed
1902,co2_fossil_oil,0.080803235,GtCO2,GCP fossil CO2 dataset 2025v15 (Andrew and Peters 2025); GCB 2025,observed
1903,co2_fossil_oil,0.085560375,GtCO2,GCP fossil CO2 dataset 2025v15 (Andrew and Peters 2025); GCB 2025,observed
1904,co2_fossil_oil,0.09607303,GtCO2,GCP fossil CO2 dataset 2025v15 (Andrew and Peters 2025); GCB 2025,observed
1905,co2_fossil_oil,0.097010011,GtCO2,GCP fossil CO2 dataset 2025v15 (Andrew and Peters 2025); GCB 2025,observed
1906,co2_fossil_oil,0.097877732,GtCO2,GCP fossil CO2 dataset 2025v15 (Andrew and Peters 2025); GCB 2025,observed
1907,co2_fossil_oil,0.11940961,GtCO2,GCP fossil CO2 dataset 2025v15 (Andrew and Peters 2025); GCB 2025,observed
1908,co2_fossil_oil,0.128779038,GtCO2,GCP fossil CO2 dataset 2025v15 (Andrew and Peters 2025); GCB 2025,observed
1909,co2_fossil_oil,0.134357923,GtCO2,GCP fossil CO2 dataset 2025v15 (Andrew and Peters 2025); GCB 2025,observed
1910,co2_fossil_oil,0.144093511,GtCO2,GCP fossil CO2 dataset 2025v15 (Andrew and Peters 2025); GCB 2025,observed
1911,co2_fossil_oil,0.152814545,GtCO2,GCP fossil CO2 dataset 2025v15 (Andrew and Peters 2025); GCB 2025,observed
1912,co2_fossil_oil,0.157160948,GtCO2,GCP fossil CO2 dataset 2025v15 (Andrew and Peters 2025); GCB 2025,observed
1913,co2_fossil_oil,0.181957235,GtCO2,GCP fossil CO2 dataset 2025v15 (Andrew and Peters 2025); GCB 2025,observed
1914,co2_fossil_oil,0.186003333,GtCO2,GCP fossil CO2 dataset 2025v15 (Andrew and Peters 2025); GCB 2025,observed
1915,co2_fossil_oil,0.197563083,GtCO2,GCP fossil CO2 dataset 2025v15 (Andrew and Peters 2025); GCB 2025,observed
1916,co2_fossil_oil,0.215195267,GtCO2,GCP fossil CO2 dataset 2025v15 (Andrew and Peters 2025); GCB 2025,observed
1917,co2_fossil_oil,0.239365026,GtCO2,GCP fossil CO2 dataset 2025v15 (Andrew and Peters 2025); GCB 2025,observed
1918,co2_fossil_oil,0.245022723,GtCO2,GCP fossil CO2 dataset 2025v15 (Andrew and Peters 2025); GCB 2025,observed
1919,co2_fossil_oil,0.273410695,GtCO2,GCP fossil CO2 dataset 2025v15 (Andrew and Peters 2025); GCB 2025,observed
1920,co2_fossil_oil,0.361038915,GtCO2,GCP fossil CO2 dataset 2025v15 (Andrew and Peters 2025); GCB 2025,observed
1921,co2_fossil_oil,0.397270195,GtCO2,GCP fossil CO2 dataset 2025v15 (Andrew and Peters 2025); GCB 2025,observed
1922,co2_fossil_oil,0.43830757,GtCO2,GCP fossil CO2 dataset 2025v15 (Andrew and Peters 2025); GCB 2025,observed
1923,co2_fossil_oil,0.485534387,GtCO2,GCP fossil CO2 dataset 2025v15 (Andrew and Peters 2025); GCB 2025,observed
1924,co2_fossil_oil,0.484185274,GtCO2,GCP fossil CO2 dataset 2025v15 (Andrew and Peters 2025); GCB 2025,observed
1925,co2_fossil_oil,0.505523593,GtCO2,GCP fossil CO2 dataset 2025v15 (Andrew and Peters 2025); GCB 2025,observed
1926,co2_fossil_oil,0.506470113,GtCO2,GCP fossil CO2 dataset 2025v15 (Andrew and Peters 2025); GCB 2025,observed
1927,co2_fossil_oil,0.554148006,GtCO2,GCP fossil CO2 dataset 2025v15 (Andrew and Peters 2025); GCB 2025,observed
1928,co2_fossil_oil,0.567588938,GtCO2,GCP fossil CO2 dataset 2025v15 (Andrew and Peters 2025); GCB 2025,observed
1929,co2_fossil_oil,0.621698489,GtCO2,GCP fossil CO2 dataset 2025v15 (Andrew and Peters 2025); GCB 2025,observed
1930,co2_fossil_oil,0.599784029,GtCO2,GCP fossil CO2 dataset 2025v15 (Andrew and Peters 2025); GCB 2025,observed
1931,co2_fossil_oil,0.580506669,GtCO2,GCP fossil CO2 dataset 2025v15 (Andrew and Peters 2025); GCB 2025,observed
1932,co2_fossil_oil,0.555985752,GtCO2,GCP fossil CO2 dataset 2025v15 (Andrew and Peters 2025); GCB 2025,observed
1933,co2_fossil_oil,0.607576992,GtCO2,GCP fossil CO2 dataset 2025v15 (Andrew and Peters 2025); GCB 2025,observed
1934,co2_fossil_oil,0.643635672,GtCO2,GCP fossil CO2 dataset 2025v15 (Andrew and Peters 2025); GCB 2025,observed
1935,co2_fossil_oil,0.691959534,GtCO2,GCP fossil CO2 dataset 2025v15 (Andrew and Peters 2025); GCB 2025,observed
1936,co2_fossil_oil,0.753446112,GtCO2,GCP fossil CO2 dataset 2025v15 (Andrew and Peters 2025); GCB 2025,observed
1937,co2_fossil_oil,0.846625701,GtCO2,GCP fossil CO2 dataset 2025v15 (Andrew and Peters 2025); GCB 2025,observed
1938,co2_fossil_oil,0.822812982,GtCO2,GCP fossil CO2 dataset 2025v15 (Andrew and Peters 2025); GCB 2025,observed
1939,co2_fossil_oil,0.85449987,GtCO2,GCP fossil CO2 dataset 2025v15 (Andrew and Peters 2025); GCB 2025,observed
1940,co2_fossil_oil,0.9009805,GtCO2,GCP fossil CO2 dataset 2025v15 (Andrew and Peters 2025); GCB 2025,observed
1941,co2_fossil_oil,0.912336939,GtCO2,GCP fossil CO2 dataset 2025v15 (Andrew and Peters 2025); GCB 2025,observed
1942,co2_fossil_oil,0.863507477,GtCO2,GCP fossil CO2 dataset 2025v15 (Andrew and Peters 2025); GCB 2025,observed
1943,co2_fossil_oil,0.926590781,GtCO2,GCP fossil CO2 dataset 2025v15 (Andrew and Peters 2025); GCB 2025,observed
1944,co2_fossil_oil,1.06878615,GtCO2,GCP fossil CO2 dataset 2025v15 (Andrew and Peters 2025); GCB 2025,observed
1945,co2_fossil_oil,1.04578873,GtCO2,GCP fossil CO2 dataset 2025v15 (Andrew and Peters 2025); GCB 2025,observed
1946,co2_fossil_oil,1.10843056,GtCO2,GCP fossil CO2 dataset 2025v15 (Andrew and Peters 2025); GCB 2025,observed
1947,co2_fossil_oil,1.24646902,GtCO2,GCP fossil CO2 dataset 2025v15 (Andrew and Peters 2025); GCB 2025,observed
1948,co2_fossil_oil,1.37055242,GtCO2,GCP fossil CO2 dataset 2025v15 (Andrew and Peters 2025); GCB 2025,observed
1949,co2_fossil_oil,1.29392933,GtCO2,GCP fossil CO2 dataset 2025v15 (Andrew and Peters 2025); GCB 2025,observed
1950,co2_fossil_oil,1.55178308,GtCO2,GCP fossil CO2 dataset 2025v15 (Andrew and Peters 2025); GCB 2025,observed
1951,co2_fossil_oil,1.7201759,GtCO2,GCP fossil CO2 dataset 2025v15 (Andrew and Peters 2025); GCB 2025,observed
1952,co2_fossil_oil,1.81909366,GtCO2,GCP fossil CO2 dataset 2025v15 (Andrew and Peters 2025); GCB 2025,observed
1953,co2_fossil_oil,1.9380593,GtCO2,GCP fossil CO2 dataset 2025v15 (Andrew and Peters 2025); GCB 2025,observed
1954,co2_fossil_oil,2.05423202,GtCO2,GCP fossil CO2 dataset 2025v15 (Andrew and Peters 2025); GCB 2025,observed
1955,co2_fossil_oil,2.29953792,GtCO2,GCP fossil CO2 dataset 2025v15 (Andrew and Peters 2025); GCB 2025,observed
1956,co2_fossil_oil,2.49903346,GtCO2,GCP fossil CO2 dataset 2025v15 (Andrew and Peters 2025); GCB 2025,observed
1957,co2_fossil_oil,2.61205015,GtCO2,GCP fossil CO2 dataset 2025v15 (Andrew and Peters 2025); GCB 2025,observed
1958,co2_fossil_oil,2.71923538,GtCO2,GCP fossil CO2 dataset 2025v15 (Andrew and Peters 2025); GCB 2025,observed
1959,co2_fossil_oil,2.89769323,GtCO2,GCP fossil CO2 dataset 2025v15 (Andrew and Peters 2025); GCB 2025,observed
1960,co2_fossil_oil,3.11996968,GtCO2,GCP fossil CO2 dataset 2025v15 (Andrew and Peters 2025); GCB 2025,observed
1961,co2_fossil_oil,3.30909691,GtCO2,GCP fossil CO2 dataset 2025v15 (Andrew and Peters 2025); GCB 2025,observed
1962,co2_fossil_oil,3.55826141,GtCO2,GCP fossil CO2 dataset 2025v15 (Andrew and Peters 2025); GCB 2025,observed
1963,co2_fossil_oil,3.80365849,GtCO2,GCP fossil CO2 dataset 2025v15 (Andrew and Peters 2025); GCB 2025,observed
1964,co2_fossil_oil,4.10434079,GtCO2,GCP fossil CO2 dataset 2025v15 (Andrew and Peters 2025); GCB 2025,observed
1965,co2_fossil_oil,4.40944248,GtCO2,GCP fossil CO2 dataset 2025v15 (Andrew and Peters 2025); GCB 2025,observed
1966,co2_fossil_oil,4.75887258,GtCO2,GCP fossil CO2 dataset 2025v15 (Andrew and Peters 2025); GCB 2025,observed
1967,co2_fossil_oil,5.07454026,GtCO2,GCP fossil CO2 dataset 2025v15 (Andrew and Peters 2025); GCB 2025,observed
1968,co2_fossil_oil,5.52819809,GtCO2,GCP fossil CO2 dataset 2025v15 (Andrew and Peters 2025); GCB 2025,observed
1969,co2_fossil_oil,5.97846222,GtCO2,GCP fossil CO2 dataset 2025v15 (Andrew and Peters 2025); GCB 2025,observed
1970,co2_fossil_oil,6.79901601,GtCO2,GCP fossil CO2 dataset 2025v15 (Andrew and Peters 2025); GCB 2025,observed
1971,co2_fossil_oil,7.20102744,GtCO2,GCP fossil CO2 dataset 2025v15 (Andrew and Peters 2025); GCB 2025,observed
1972,co2_fossil_oil,7.76470506,GtCO2,GCP fossil CO2 dataset 2025v15 (Andrew and Peters 2025); GCB 2025,observed
1973,co2_fossil_oil,8.21969086,GtCO2,GCP fossil CO2 dataset 2025v15 (Andrew and Peters 2025); GCB 2025,observed
1974,co2_fossil_oil,8.09929025,GtCO2,GCP fossil CO2 dataset 2025v15 (Andrew and Peters 2025); GCB 2025,observed
1975,co2_fossil_oil,8.00512195,GtCO2,GCP fossil CO2 dataset 2025v15 (Andrew and Peters 2025); GCB 2025,observed
1976,co2_fossil_oil,8.47564205,GtCO2,GCP fossil CO2 dataset 2025v15 (Andrew and Peters 2025); GCB 2025,observed
1977,co2_fossil_oil,8.76740551,GtCO2,GCP fossil CO2 dataset 2025v15 (Andrew and Peters 2025); GCB 2025,observed
1978,co2_fossil_oil,9.13372224,GtCO2,GCP fossil CO2 dataset 2025v15 (Andrew and Peters 2025); GCB 2025,observed
1979,co2_fossil_oil,9.22431713,GtCO2,GCP fossil CO2 dataset 2025v15 (Andrew and Peters 2025); GCB 2025,observed
1980,co2_fossil_oil,8.91247481,GtCO2,GCP fossil CO2 dataset 2025v15 (Andrew and Peters 2025); GCB 2025,observed
1981,co2_fossil_oil,8.48340388,GtCO2,GCP fossil CO2 dataset 2025v15 (Andrew and Peters 2025); GCB 2025,observed
1982,co2_fossil_oil,8.27625769,GtCO2,GCP fossil CO2 dataset 2025v15 (Andrew and Peters 2025); GCB 2025,observed
1983,co2_fossil_oil,8.21469288,GtCO2,GCP fossil CO2 dataset 2025v15 (Andrew and Peters 2025); GCB 2025,observed
1984,co2_fossil_oil,8.23870639,GtCO2,GCP fossil CO2 dataset 2025v15 (Andrew and Peters 2025); GCB 2025,observed
1985,co2_fossil_oil,8.24761297,GtCO2,GCP fossil CO2 dataset 2025v15 (Andrew and Peters 2025); GCB 2025,observed
1986,co2_fossil_oil,8.49059367,GtCO2,GCP fossil CO2 dataset 2025v15 (Andrew and Peters 2025); GCB 2025,observed
1987,co2_fossil_oil,8.57933299,GtCO2,GCP fossil CO2 dataset 2025v15 (Andrew and Peters 2025); GCB 2025,observed
1988,co2_fossil_oil,8.88933983,GtCO2,GCP fossil CO2 dataset 2025v15 (Andrew and Peters 2025); GCB 2025,observed
1989,co2_fossil_oil,9.03738623,GtCO2,GCP fossil CO2 dataset 2025v15 (Andrew and Peters 2025); GCB 2025,observed
1990,co2_fossil_oil,9.19643991,GtCO2,GCP fossil CO2 dataset 2025v15 (Andrew and Peters 2025); GCB 2025,observed
1991,co2_fossil_oil,9.65648754,GtCO2,GCP fossil CO2 dataset 2025v15 (Andrew and Peters 2025); GCB 2025,observed
1992,co2_fossil_oil,9.15465502,GtCO2,GCP fossil CO2 dataset 2025v15 (Andrew and Peters 2025); GCB 2025,observed
1993,co2_fossil_oil,9.17232108,GtCO2,GCP fossil CO2 dataset 2025v15 (Andrew and Peters 2025); GCB 2025,observed
1994,co2_fossil_oil,9.19623569,GtCO2,GCP fossil CO2 dataset 2025v15 (Andrew and Peters 2025); GCB 2025,observed
1995,co2_fossil_oil,9.28390127,GtCO2,GCP fossil CO2 dataset 2025v15 (Andrew and Peters 2025); GCB 2025,observed
1996,co2_fossil_oil,9.56213688,GtCO2,GCP fossil CO2 dataset 2025v15 (Andrew and Peters 2025); GCB 2025,observed
1997,co2_fossil_oil,9.70221093,GtCO2,GCP fossil CO2 dataset 2025v15 (Andrew and Peters 2025); GCB 2025,observed
1998,co2_fossil_oil,9.82197459,GtCO2,GCP fossil CO2 dataset 2025v15 (Andrew and Peters 2025); GCB 2025,observed
1999,co2_fossil_oil,10.064188,GtCO2,GCP fossil CO2 dataset 2025v15 (Andrew and Peters 2025); GCB 2025,observed
2000,co2_fossil_oil,10.2116241,GtCO2,GCP fossil CO2 dataset 2025v15 (Andrew and Peters 2025); GCB 2025,observed
2001,co2_fossil_oil,10.2835705,GtCO2,GCP fossil CO2 dataset 2025v15 (Andrew and Peters 2025); GCB 2025,observed
2002,co2_fossil_oil,10.2693528,GtCO2,GCP fossil CO2 dataset 2025v15 (Andrew and Peters 2025); GCB 2025,observed
2003,co2_fossil_oil,10.5408494,GtCO2,GCP fossil CO2 dataset 2025v15 (Andrew and Peters 2025); GCB 2025,observed
2004,co2_fossil_oil,10.9245743,GtCO2,GCP fossil CO2 dataset 2025v15 (Andrew and Peters 2025); GCB 2025,observed
2005,co2_fossil_oil,11.0303044,GtCO2,GCP fossil CO2 dataset 2025v15 (Andrew and Peters 2025); GCB 2025,observed
2006,co2_fossil_oil,11.1429278,GtCO2,GCP fossil CO2 dataset 2025v15 (Andrew and Peters 2025); GCB 2025,observed
2007,co2_fossil_oil,11.1843125,GtCO2,GCP fossil CO2 dataset 2025v15 (Andrew and Peters 2025); GCB 2025,observed
2008,co2_fossil_oil,11.1433398,GtCO2,GCP fossil CO2 dataset 2025v15 (Andrew and Peters 2025); GCB 2025,observed
2009,co2_fossil_oil,10.8995963,GtCO2,GCP fossil CO2 dataset 2025v15 (Andrew and Peters 2025); GCB 2025,observed
2010,co2_fossil_oil,11.2536945,GtCO2,GCP fossil CO2 dataset 2025v15 (Andrew and Peters 2025); GCB 2025,observed
2011,co2_fossil_oil,11.3101488,GtCO2,GCP fossil CO2 dataset 2025v15 (Andrew and Peters 2025); GCB 2025,observed
2012,co2_fossil_oil,11.4327167,GtCO2,GCP fossil CO2 dataset 2025v15 (Andrew and Peters 2025); GCB 2025,observed
2013,co2_fossil_oil,11.5166258,GtCO2,GCP fossil CO2 dataset 2025v15 (Andrew and Peters 2025); GCB 2025,observed
2014,co2_fossil_oil,11.5618318,GtCO2,GCP fossil CO2 dataset 2025v15 (Andrew and Peters 2025); GCB 2025,observed
2015,co2_fossil_oil,11.7700227,GtCO2,GCP fossil CO2 dataset 2025v15 (Andrew and Peters 2025); GCB 2025,observed
2016,co2_fossil_oil,11.9002636,GtCO2,GCP fossil CO2 dataset 2025v15 (Andrew and Peters 2025); GCB 2025,observed
2017,co2_fossil_oil,12.0852922,GtCO2,GCP fossil CO2 dataset 2025v15 (Andrew and Peters 2025); GCB 2025,observed
2018,co2_fossil_oil,12.1428283,GtCO2,GCP fossil CO2 dataset 2025v15 (Andrew and Peters 2025); GCB 2025,observed
2019,co2_fossil_oil,12.325908,GtCO2,GCP fossil CO2 dataset 2025v15 (Andrew and Peters 2025); GCB 2025,observed
2020,co2_fossil_oil,10.9323414,GtCO2,GCP fossil CO2 dataset 2025v15 (Andrew and Peters 2025); GCB 2025,observed
2021,co2_fossil_oil,11.5131664,GtCO2,GCP fossil CO2 dataset 2025v15 (Andrew and Peters 2025); GCB 2025,observed
2022,co2_fossil_oil,11.9149122,GtCO2,GCP fossil CO2 dataset 2025v15 (Andrew and Peters 2025); GCB 2025,observed
2023,co2_fossil_oil,12.2782414,GtCO2,GCP fossil CO2 dataset 2025v15 (Andrew and Peters 2025); GCB 2025,observed
2024,co2_fossil_oil,12.4705955,GtCO2,GCP fossil CO2 dataset 2025v15 (Andrew and Peters 2025); GCB 2025,observed
1750,co2_fossil_gas,0,GtCO2,GCP fossil CO2 dataset 2025v15 (Andrew and Peters 2025); GCB 2025,observed
1751,co2_fossil_gas,0,GtCO2,GCP fossil CO2 dataset 2025v15 (Andrew and Peters 2025); GCB 2025,observed
1752,co2_fossil_gas,0,GtCO2,GCP fossil CO2 dataset 2025v15 (Andrew and Peters 2025); GCB 2025,observed
1753,co2_fossil_gas,0,GtCO2,GCP fossil CO2 dataset 2025v15 (Andrew and Peters 2025); GCB 2025,observed
1754,co2_fossil_gas,0,GtCO2,GCP fossil CO2 dataset 2025v15 (Andrew and Peters 2025); GCB 2025,observed
1755,co2_fossil_gas,0,GtCO2,GCP fossil CO2 dataset 2025v15 (Andrew and Peters 2025); GCB 2025,observed
1756,co2_fossil_gas,0,GtCO2,GCP fossil CO2 dataset 2025v15 (Andrew and Peters 2025); GCB 2025,observed
1757,co2_fossil_gas,0,GtCO2,GCP fossil CO2 dataset 2025v15 (Andrew and Peters 2025); GCB 2025,observed
1758,co2_fossil_gas,0,GtCO2,GCP fossil CO2 dataset 2025v15 (Andrew and Peters 2025); GCB 2025,observed
1759,co2_fossil_gas,0,GtCO2,GCP fossil CO2 dataset 2025v15 (Andrew and Peters 2025); GCB 2025,observed
1760,co2_fossil_gas,0,GtCO2,GCP fossil CO2 dataset 2025v15 (Andrew and Peters 2025); GCB 2025,observed
1761,co2_fossil_gas,0,GtCO2,GCP fossil CO2 dataset 2025v15 (Andrew and Peters 2025); GCB 2025,observed
1762,co2_fossil_gas,0,GtCO2,GCP fossil CO2 dataset 2025v15 (Andrew and Peters 2025); GCB 2025,observed
1763,co2_fossil_gas,0,GtCO2,GCP fossil CO2 dataset 2025v15 (Andrew and Peters 2025); GCB 2025,observed
1764,co2_fossil_gas,0,GtCO2,GCP fossil CO2 dataset 2025v15 (Andrew and Peters 2025); GCB 2025,observed
1765,co2_fossil_gas,0,GtCO2,GCP fossil CO2 dataset 2025v15 (Andrew and Peters 2025); GCB 2025,observed
1766,co2_fossil_gas,0,GtCO2,GCP fossil CO2 dataset 2025v15 (Andrew and Peters 2025); GCB 2025,observed
1767,co2_fossil_gas,0,GtCO2,GCP fossil CO2 dataset 2025v15 (Andrew and Peters 2025); GCB 2025,observed
1768,co2_fossil_gas,0,GtCO2,GCP fossil CO2 dataset 2025v15 (Andrew and Peters 2025); GCB 2025,observed
1769,co2_fossil_gas,0,GtCO2,GCP fossil CO2 dataset 2025v15 (Andrew and Peters 2025); GCB 2025,observed
1770,co2_fossil_gas,0,GtCO2,GCP fossil CO2 dataset 2025v15 (Andrew and Peters 2025); GCB 2025,observed
1771,co2_fossil_gas,0,GtCO2,GCP fossil CO2 dataset 2025v15 (Andrew and Peters 2025); GCB 2025,observed
1772,co2_fossil_gas,0,GtCO2,GCP fossil CO2 dataset 2025v15 (Andrew and Peters 2025); GCB 2025,observed
1773,co2_fossil_gas,0,GtCO2,GCP fossil CO2 dataset 2025v15 (Andrew and Peters 2025); GCB 2025,observed
1774,co2_fossil_gas,0,GtCO2,GCP fossil CO2 dataset 2025v15 (Andrew and Peters 2025); GCB 2025,observed
1775,co2_fossil_gas,0,GtCO2,GCP fossil CO2 dataset 2025v15 (Andrew and Peters 2025); GCB 2025,observed
1776,co2_fossil_gas,0,GtCO2,GCP fossil CO2 dataset 2025v15 (Andrew and Peters 2025); GCB 2025,observed
1777,co2_fossil_gas,0,GtCO2,GCP fossil CO2 dataset 2025v15 (Andrew and Peters 2025); GCB 2025,observed
1778,co2_fossil_gas,0,GtCO2,GCP fossil CO2 dataset 2025v15 (Andrew and Peters 2025); GCB 2025,observed
1779,co2_fossil_gas,0,GtCO2,GCP fossil CO2 dataset 2025v15 (Andrew and Peters 2025); GCB 2025,observed
1780,co2_fossil_gas,0,GtCO2,GCP fossil CO2 dataset 2025v15 (Andrew and Peters 2025); GCB 2025,observed
1781,co2_fossil_gas,0,GtCO2,GCP fossil CO2 dataset 2025v15 (Andrew and Peters 2025); GCB 2025,observed
1782,co2_fossil_gas,0,GtCO2,GCP fossil CO2 dataset 2025v15 (Andrew and Peters 2025); GCB 2025,observed
1783,co2_fossil_gas,0,GtCO2,GCP fossil CO2 dataset 2025v15 (Andrew and Peters 2025); GCB 2025,observed
1784,co2_fossil_gas,0,GtCO2,GCP fossil CO2 dataset 2025v15 (Andrew and Peters 2025); GCB 2025,observed
1785,co2_fossil_gas,0,GtCO2,GCP fossil CO2 dataset 2025v15 (Andrew and Peters 2025); GCB 2025,observed
1786,co2_fossil_gas,0,GtCO2,GCP fossil CO2 dataset 2025v15 (Andrew and Peters 2025); GCB 2025,observed
1787,co2_fossil_gas,0,GtCO2,GCP fossil CO2 dataset 2025v15 (Andrew and Peters 2025); GCB 2025,observed
1788,co2_fossil_gas,0,GtCO2,GCP fossil CO2 dataset 2025v15 (Andrew and Peters 2025); GCB 2025,observed
1789,co2_fossil_gas,0,GtCO2,GCP fossil CO2 dataset 2025v15 (Andrew and Peters 2025); GCB 2025,observed
1790,co2_fossil_gas,0,GtCO2,GCP fossil CO2 dataset 2025v15 (Andrew and Peters 2025); GCB 2025,observed
1791,co2_fossil_gas,0,GtCO2,GCP fossil CO2 dataset 2025v15 (Andrew and Peters 2025); GCB 2025,observed
1792,co2_fossil_gas,0,GtCO2,GCP fossil CO2 dataset 2025v15 (Andrew and Peters 2025); GCB 2025,observed
1793,co2_fossil_gas,0,GtCO2,GCP fossil CO2 dataset 2025v15 (Andrew and Peters 2025); GCB 2025,observed
1794,co2_fossil_gas,0,GtCO2,GCP fossil CO2 dataset 2025v15 (Andrew and Peters 2025); GCB 2025,observed
1795,co2_fossil_gas,0,GtCO2,GCP fossil CO2 dataset 2025v15 (Andrew and Peters 2025); GCB 2025,observed
1796,co2_fossil_gas,0,GtCO2,GCP fossil CO2 dataset 2025v15 (Andrew and Peters 2025); GCB 2025,observed
1797,co2_fossil_gas,0,GtCO2,GCP fossil CO2 dataset 2025v15 (Andrew and Peters 2025); GCB 2025,observed
1798,co2_fossil_gas,0,GtCO2,GCP fossil CO2 dataset 2025v15 (Andrew and Peters 2025); GCB 2025,observed
1799,co2_fossil_gas,0,GtCO2,GCP fossil CO2 dataset 2025v15 (Andrew and Peters 2025); GCB 2025,observed
1800,co2_fossil_gas,0,GtCO2,GCP fossil CO2 dataset 2025v15 (Andrew and Peters 2025); GCB 2025,observed
1801,co2_fossil_gas,0,GtCO2,GCP fossil CO2 dataset 2025v15 (Andrew and Peters 2025); GCB 2025,observed
1802,co2_fossil_gas,0,GtCO2,GCP fossil CO2 dataset 2025v15 (Andrew and Peters 2025); GCB 2025,observed
1803,co2_fossil_gas,0,GtCO2,GCP fossil CO2 dataset 2025v15 (Andrew and Peters 2025); GCB 2025,observed
1804,co2_fossil_gas,0,GtCO2,GCP fossil CO2 dataset 2025v15 (Andrew and Peters 2025); GCB 2025,observed
1805,co2_fossil_gas,0,GtCO2,GCP fossil CO2 dataset 2025v15 (Andrew and Peters 2025); GCB 2025,observed
1806,co2_fossil_gas,0,GtCO2,GCP fossil CO2 dataset 2025v15 (Andrew and Peters 2025); GCB 2025,observed
1807,co2_fossil_gas,0,GtCO2,GCP fossil CO2 dataset 2025v15 (Andrew and Peters 2025); GCB 2025,observed
1808,co2_fossil_gas,0,GtCO2,GCP fossil CO2 dataset 2025v15 (Andrew and Peters 2025); GCB 2025,observed
1809,co2_fossil_gas,0,GtCO2,GCP fossil CO2 dataset 2025v15 (Andrew and Peters 2025); GCB 2025,observed
1810,co2_fossil_gas,0,GtCO2,GCP fossil CO2 dataset 2025v15 (Andrew and Peters 2025); GCB 2025,observed
1811,co2_fossil_gas,0,GtCO2,GCP fossil CO2 dataset 2025v15 (Andrew and Peters 2025); GCB 2025,observed
1812,co2_fossil_gas,0,GtCO2,GCP fossil CO2 dataset 2025v15 (Andrew and Peters 2025); GCB 2025,observed
1813,co2_fossil_gas,0,GtCO2,GCP fossil CO2 dataset 2025v15 (Andrew and Peters 2025); GCB 2025,observed
1814,co2_fossil_gas,0,GtCO2,GCP fossil CO2 dataset 2025v15 (Andrew and Peters 2025); GCB 2025,observed
1815,co2_fossil_gas,0,GtCO2,GCP fossil CO2 dataset 2025v15 (Andrew and Peters 2025); GCB 2025,observed
1816,co2_fossil_gas,0,GtCO2,GCP fossil CO2 dataset 2025v15 (Andrew and Peters 2025); GCB 2025,observed
1817,co2_fossil_gas,0,GtCO2,GCP fossil CO2 dataset 2025v15 (Andrew and Peters 2025); GCB 2025,observed
1818,co2_fossil_gas,0,GtCO2,GCP fossil CO2 dataset 2025v15 (Andrew and Peters 2025); GCB 2025,observed
1819,co2_fossil_gas,0,GtCO2,GCP fossil CO2 dataset 2025v15 (Andrew and Peters 2025); GCB 2025,observed
1820,co2_fossil_gas,0,GtCO2,GCP fossil CO2 dataset 2025v15 (Andrew and Peters 2025); GCB 2025,observed
1821,co2_fossil_gas,0,GtCO2,GCP fossil CO2 dataset 2025v15 (Andrew and Peters 2025); GCB 2025,observed
1822,co2_fossil_gas,0,GtCO2,GCP fossil CO2 dataset 2025v15 (Andrew and Peters 2025); GCB 2025,observed
1823,co2_fossil_gas,0,GtCO2,GCP fossil CO2 dataset 2025v15 (Andrew and Peters 2025); GCB 2025,observed
1824,co2_fossil_gas,0,GtCO2,GCP fossil CO2 dataset 2025v15 (Andrew and Peters 2025); GCB 2025,observed
1825,co2_fossil_gas,0,GtCO2,GCP fossil CO2 dataset 2025v15 (Andrew and Peters 2025); GCB 2025,observed
1826,co2_fossil_gas,0,GtCO2,GCP fossil CO2 dataset 2025v15 (Andrew and Peters 2025); GCB 2025,observed
1827,co2_fossil_gas,0,GtCO2,GCP fossil CO2 dataset 2025v15 (Andrew and Peters 2025); GCB 2025,observed
1828,co2_fossil_gas,0,GtCO2,GCP fossil CO2 dataset 2025v15 (Andrew and Peters 2025); GCB 2025,observed
1829,co2_fossil_gas,0,GtCO2,GCP fossil CO2 dataset 2025v15 (Andrew and Peters 2025); GCB 2025,observed
1830,co2_fossil_gas,0,GtCO2,GCP fossil CO2 dataset 2025v15 (Andrew and Peters 2025); GCB 2025,observed
1831,co2_fossil_gas,0,GtCO2,GCP fossil CO2 dataset 2025v15 (Andrew and Peters 2025); GCB 2025,observed
1832,co2_fossil_gas,0,GtCO2,GCP fossil CO2 dataset 2025v15 (Andrew and Peters 2025); GCB 2025,observed
1833,co2_fossil_gas,0,GtCO2,GCP fossil CO2 dataset 2025v15 (Andrew and Peters 2025); GCB 2025,observed
1834,co2_fossil_gas,0,GtCO2,GCP fossil CO2 dataset 2025v15 (Andrew and Peters 2025); GCB 2025,observed
1835,co2_fossil_gas,0,GtCO2,GCP fossil CO2 dataset 2025v15 (Andrew and Peters 2025); GCB 2025,observed
1836,co2_fossil_gas,0,GtCO2,GCP fossil CO2 dataset 2025v15 (Andrew and Peters 2025); GCB 2025,observed
1837,co2_fossil_gas,0,GtCO2,GCP fossil CO2 dataset 2025v15 (Andrew and Peters 2025); GCB 2025,observed
1838,co2_fossil_gas,0,GtCO2,GCP fossil CO2 dataset 2025v15 (Andrew and Peters 2025); GCB 2025,observed
1839,co2_fossil_gas,0,GtCO2,GCP fossil CO2 dataset 2025v15 (Andrew and Peters 2025); GCB 2025,observed
1840,co2_fossil_gas,0,GtCO2,GCP fossil CO2 dataset 2025v15 (Andrew and Peters 2025); GCB 2025,observed
1841,co2_fossil_gas,0,GtCO2,GCP fossil CO2 dataset 2025v15 (Andrew and Peters 2025); GCB 2025,observed
1842,co2_fossil_gas,0,GtCO2,GCP fossil CO2 dataset 2025v15 (Andrew and Peters 2025); GCB 2025,observed
1843,co2_fossil_gas,0,GtCO2,GCP fossil CO2 dataset 2025v15 (Andrew and Peters 2025); GCB 2025,observed
1844,co2_fossil_gas,0,GtCO2,GCP fossil CO2 dataset 2025v15 (Andrew and Peters 2025); GCB 2025,observed
1845,co2_fossil_gas,0,GtCO2,GCP fossil CO2 dataset 2025v15 (Andrew and Peters 2025); GCB 2025,observed
1846,co2_fossil_gas,0,GtCO2,GCP fossil CO2 dataset 2025v15 (Andrew and Peters 2025); GCB 2025,observed
1847,co2_fossil_gas,0,GtCO2,GCP fossil CO2 dataset 2025v15 (Andrew and Peters 2025); GCB 2025,observed
1848,co2_fossil_gas,0,GtCO2,GCP fossil CO2 dataset 2025v15 (Andrew and Peters 2025); GCB 2025,observed
1849,co2_fossil_gas,0,GtCO2,GCP fossil CO2 dataset 2025v15 (Andrew and Peters 2025); GCB 2025,observed
1850,co2_fossil_gas,0,GtCO2,GCP fossil CO2 dataset 2025v15 (Andrew and Peters 2025); GCB 2025,observed
1851,co2_fossil_gas,0,GtCO2,GCP fossil CO2 dataset 2025v15 (Andrew and Peters 2025); GCB 2025,observed
1852,co2_fossil_gas,0,GtCO2,GCP fossil CO2 dataset 2025v15 (Andrew and Peters 2025); GCB 2025,observed
1853,co2_fossil_gas,0,GtCO2,GCP fossil CO2 dataset 2025v15 (Andrew and Peters 2025); GCB 2025,observed
1854,co2_fossil_gas,0,GtCO2,GCP fossil CO2 dataset 2025v15 (Andrew and Peters 2025); GCB 2025,observed
1855,co2_fossil_gas,0,GtCO2,GCP fossil CO2 dataset 2025v15 (Andrew and Peters 2025); GCB 2025,observed
1856,co2_fossil_gas,0,GtCO2,GCP fossil CO2 dataset 2025v15 (Andrew and Peters 2025); GCB 2025,observed
1857,co2_fossil_gas,0,GtCO2,GCP fossil CO2 dataset 2025v15 (Andrew and Peters 2025); GCB 2025,observed
1858,co2_fossil_gas,0,GtCO2,GCP fossil CO2 dataset 2025v15 (Andrew and Peters 2025); GCB 2025,observed
1859,co2_fossil_gas,0,GtCO2,GCP fossil CO2 dataset 2025v15 (Andrew and Peters 2025); GCB 2025,observed
1860,co2_fossil_gas,0,GtCO2,GCP fossil CO2 dataset 2025v15 (Andrew and Peters 2025); GCB 2025,observed
1861,co2_fossil_gas,0,GtCO2,GCP fossil CO2 dataset 2025v15 (Andrew and Peters 2025); GCB 2025,observed
1862,co2_fossil_gas,0,GtCO2,GCP fossil CO2 dataset 2025v15 (Andrew and Peters 2025); GCB 2025,observed
1863,co2_fossil_gas,0,GtCO2,GCP fossil CO2 dataset 2025v15 (Andrew and Peters 2025); GCB 2025,observed
1864,co2_fossil_gas,0,GtCO2,GCP fossil CO2 dataset 2025v15 (Andrew and Peters 2025); GCB 2025,observed
1865,co2_fossil_gas,0,GtCO2,GCP fossil CO2 dataset 2025v15 (Andrew and Peters 2025); GCB 2025,observed
1866,co2_fossil_gas,0,GtCO2,GCP fossil CO2 dataset 2025v15 (Andrew and Peters 2025); GCB 2025,observed
1867,co2_fossil_gas,0,GtCO2,GCP fossil CO2 dataset 2025v15 (Andrew and Peters 2025); GCB 2025,observed
1868,co2_fossil_gas,0,GtCO2,GCP fossil CO2 dataset 2025v15 (Andrew and Peters 2025); GCB 2025,observed
1869,co2_fossil_gas,0,GtCO2,GCP fossil CO2 dataset 2025v15 (Andrew and Peters 2025); GCB 2025,observed
1870,co2_fossil_gas,0,GtCO2,GCP fossil CO2 dataset 2025v15 (Andrew and Peters 2025); GCB 2025,observed
1871,co2_fossil_gas,0,GtCO2,GCP fossil CO2 dataset 2025v15 (Andrew and Peters 2025); GCB 2025,observed
1872,co2_fossil_gas,0,GtCO2,GCP fossil CO2 dataset 2025v15 (Andrew and Peters 2025); GCB 2025,observed
1873,co2_fossil_gas,0,GtCO2,GCP fossil CO2 dataset 2025v15 (Andrew and Peters 2025); GCB 2025,observed
1874,co2_fossil_gas,0,GtCO2,GCP fossil CO2 dataset 2025v15 (Andrew and Peters 2025); GCB 2025,observed
1875,co2_fossil_gas,0,GtCO2,GCP fossil CO2 dataset 2025v15 (Andrew and Peters 2025); GCB 2025,observed
1876,co2_fossil_gas,0,GtCO2,GCP fossil CO2 dataset 2025v15 (Andrew and Peters 2025); GCB 2025,observed
1877,co2_fossil_gas,0,GtCO2,GCP fossil CO2 dataset 2025v15 (Andrew and Peters 2025); GCB 2025,observed
1878,co2_fossil_gas,0,GtCO2,GCP fossil CO2 dataset 2025v15 (Andrew and Peters 2025); GCB 2025,observed
1879,co2_fossil_gas,0,GtCO2,GCP fossil CO2 dataset 2025v15 (Andrew and Peters 2025); GCB 2025,observed
1880,co2_fossil_gas,0,GtCO2,GCP fossil CO2 dataset 2025v15 (Andrew and Peters 2025); GCB 2025,observed
1881,co2_fossil_gas,0,GtCO2,GCP fossil CO2 dataset 2025v15 (Andrew and Peters 2025); GCB 2025,observed
1882,co2_fossil_gas,0.00016488,GtCO2,GCP fossil CO2 dataset 2025v15 (Andrew and Peters 2025); GCB 2025,observed
1883,co2_fossil_gas,0.000381051,GtCO2,GCP fossil CO2 dataset 2025v15 (Andrew and Peters 2025); GCB 2025,observed
1884,co2_fossil_gas,0.00117248,GtCO2,GCP fossil CO2 dataset 2025v15 (Andrew and Peters 2025); GCB 2025,observed
1885,co2_fossil_gas,0.003715296,GtCO2,GCP fossil CO2 dataset 2025v15 (Andrew and Peters 2025); GCB 2025,observed
1886,co2_fossil_gas,0.00767608,GtCO2,GCP fossil CO2 dataset 2025v15 (Andrew and Peters 2025); GCB 2025,observed
1887,co2_fossil_gas,0.011787088,GtCO2,GCP fossil CO2 dataset 2025v15 (Andrew and Peters 2025); GCB 2025,observed
1888,co2_fossil_gas,0.016773792,GtCO2,GCP fossil CO2 dataset 2025v15 (Andrew and Peters 2025); GCB 2025,observed
1889,co2_fossil_gas,0.012226768,GtCO2,GCP fossil CO2 dataset 2025v15 (Andrew and Peters 2025); GCB 2025,observed
1890,co2_fossil_gas,0.011688053,GtCO2,GCP fossil CO2 dataset 2025v15 (Andrew and Peters 2025); GCB 2025,observed
1891,co2_fossil_gas,0.008947488,GtCO2,GCP fossil CO2 dataset 2025v15 (Andrew and Peters 2025); GCB 2025,observed
1892,co2_fossil_gas,0.007775008,GtCO2,GCP fossil CO2 dataset 2025v15 (Andrew and Peters 2025); GCB 2025,observed
1893,co2_fossil_gas,0.007287696,GtCO2,GCP fossil CO2 dataset 2025v15 (Andrew and Peters 2025); GCB 2025,observed
1894,co2_fossil_gas,0.00669785,GtCO2,GCP fossil CO2 dataset 2025v15 (Andrew and Peters 2025); GCB 2025,observed
1895,co2_fossil_gas,0.007042154,GtCO2,GCP fossil CO2 dataset 2025v15 (Andrew and Peters 2025); GCB 2025,observed
1896,co2_fossil_gas,0.006847964,GtCO2,GCP fossil CO2 dataset 2025v15 (Andrew and Peters 2025); GCB 2025,observed
1897,co2_fossil_gas,0.007287643,GtCO2,GCP fossil CO2 dataset 2025v15 (Andrew and Peters 2025); GCB 2025,observed
1898,co2_fossil_gas,0.008460176,GtCO2,GCP fossil CO2 dataset 2025v15 (Andrew and Peters 2025); GCB 2025,observed
1899,co2_fossil_gas,0.010904064,GtCO2,GCP fossil CO2 dataset 2025v15 (Andrew and Peters 2025); GCB 2025,observed
1900,co2_fossil_gas,0.0115416,GtCO2,GCP fossil CO2 dataset 2025v15 (Andrew and Peters 2025); GCB 2025,observed
1901,co2_fossil_gas,0.01286064,GtCO2,GCP fossil CO2 dataset 2025v15 (Andrew and Peters 2025); GCB 2025,observed
1902,co2_fossil_gas,0.013696032,GtCO2,GCP fossil CO2 dataset 2025v15 (Andrew and Peters 2025); GCB 2025,observed
1903,co2_fossil_gas,0.01452776,GtCO2,GCP fossil CO2 dataset 2025v15 (Andrew and Peters 2025); GCB 2025,observed
1904,co2_fossil_gas,0.015165234,GtCO2,GCP fossil CO2 dataset 2025v15 (Andrew and Peters 2025); GCB 2025,observed
1905,co2_fossil_gas,0.017169504,GtCO2,GCP fossil CO2 dataset 2025v15 (Andrew and Peters 2025); GCB 2025,observed
1906,co2_fossil_gas,0.019027152,GtCO2,GCP fossil CO2 dataset 2025v15 (Andrew and Peters 2025); GCB 2025,observed
1907,co2_fossil_gas,0.019877139,GtCO2,GCP fossil CO2 dataset 2025v15 (Andrew and Peters 2025); GCB 2025,observed
1908,co2_fossil_gas,0.01967568,GtCO2,GCP fossil CO2 dataset 2025v15 (Andrew and Peters 2025); GCB 2025,observed
1909,co2_fossil_gas,0.023522878,GtCO2,GCP fossil CO2 dataset 2025v15 (Andrew and Peters 2025); GCB 2025,observed
1910,co2_fossil_gas,0.0249152,GtCO2,GCP fossil CO2 dataset 2025v15 (Andrew and Peters 2025); GCB 2025,observed
1911,co2_fossil_gas,0.025717653,GtCO2,GCP fossil CO2 dataset 2025v15 (Andrew and Peters 2025); GCB 2025,observed
1912,co2_fossil_gas,0.028315392,GtCO2,GCP fossil CO2 dataset 2025v15 (Andrew and Peters 2025); GCB 2025,observed
1913,co2_fossil_gas,0.029597792,GtCO2,GCP fossil CO2 dataset 2025v15 (Andrew and Peters 2025); GCB 2025,observed
1914,co2_fossil_gas,0.030136463,GtCO2,GCP fossil CO2 dataset 2025v15 (Andrew and Peters 2025); GCB 2025,observed
1915,co2_fossil_gas,0.03186575,GtCO2,GCP fossil CO2 dataset 2025v15 (Andrew and Peters 2025); GCB 2025,observed
1916,co2_fossil_gas,0.03837681,GtCO2,GCP fossil CO2 dataset 2025v15 (Andrew and Peters 2025); GCB 2025,observed
1917,co2_fossil_gas,0.040509124,GtCO2,GCP fossil CO2 dataset 2025v15 (Andrew and Peters 2025); GCB 2025,observed
1918,co2_fossil_gas,0.03651909,GtCO2,GCP fossil CO2 dataset 2025v15 (Andrew and Peters 2025); GCB 2025,observed
1919,co2_fossil_gas,0.037948035,GtCO2,GCP fossil CO2 dataset 2025v15 (Andrew and Peters 2025); GCB 2025,observed
1920,co2_fossil_gas,0.041685394,GtCO2,GCP fossil CO2 dataset 2025v15 (Andrew and Peters 2025); GCB 2025,observed
1921,co2_fossil_gas,0.034992362,GtCO2,GCP fossil CO2 dataset 2025v15 (Andrew and Peters 2025); GCB 2025,observed
1922,co2_fossil_gas,0.040107025,GtCO2,GCP fossil CO2 dataset 2025v15 (Andrew and Peters 2025); GCB 2025,observed
1923,co2_fossil_gas,0.052526129,GtCO2,GCP fossil CO2 dataset 2025v15 (Andrew and Peters 2025); GCB 2025,observed
1924,co2_fossil_gas,0.059709066,GtCO2,GCP fossil CO2 dataset 2025v15 (Andrew and Peters 2025); GCB 2025,observed
1925,co2_fossil_gas,0.063922737,GtCO2,GCP fossil CO2 dataset 2025v15 (Andrew and Peters 2025); GCB 2025,observed
1926,co2_fossil_gas,0.069144999,GtCO2,GCP fossil CO2 dataset 2025v15 (Andrew and Peters 2025); GCB 2025,observed
1927,co2_fossil_gas,0.076017499,GtCO2,GCP fossil CO2 dataset 2025v15 (Andrew and Peters 2025); GCB 2025,observed
1928,co2_fossil_gas,0.082623434,GtCO2,GCP fossil CO2 dataset 2025v15 (Andrew and Peters 2025); GCB 2025,observed
1929,co2_fossil_gas,0.10289475,GtCO2,GCP fossil CO2 dataset 2025v15 (Andrew and Peters 2025); GCB 2025,observed
1930,co2_fossil_gas,0.104224738,GtCO2,GCP fossil CO2 dataset 2025v15 (Andrew and Peters 2025); GCB 2025,observed
1931,co2_fossil_gas,0.092888512,GtCO2,GCP fossil CO2 dataset 2025v15 (Andrew and Peters 2025); GCB 2025,observed
1932,co2_fossil_gas,0.088219856,GtCO2,GCP fossil CO2 dataset 2025v15 (Andrew and Peters 2025); GCB 2025,observed
1933,co2_fossil_gas,0.090918567,GtCO2,GCP fossil CO2 dataset 2025v15 (Andrew and Peters 2025); GCB 2025,observed
1934,co2_fossil_gas,0.101951789,GtCO2,GCP fossil CO2 dataset 2025v15 (Andrew and Peters 2025); GCB 2025,observed
1935,co2_fossil_gas,0.111374393,GtCO2,GCP fossil CO2 dataset 2025v15 (Andrew and Peters 2025); GCB 2025,observed
1936,co2_fossil_gas,0.125531875,GtCO2,GCP fossil CO2 dataset 2025v15 (Andrew and Peters 2025); GCB 2025,observed
1937,co2_fossil_gas,0.140577743,GtCO2,GCP fossil CO2 dataset 2025v15 (Andrew and Peters 2025); GCB 2025,observed
1938,co2_fossil_gas,0.135496656,GtCO2,GCP fossil CO2 dataset 2025v15 (Andrew and Peters 2025); GCB 2025,observed
1939,co2_fossil_gas,0.141331385,GtCO2,GCP fossil CO2 dataset 2025v15 (Andrew and Peters 2025); GCB 2025,observed
1940,co2_fossil_gas,0.153519749,GtCO2,GCP fossil CO2 dataset 2025v15 (Andrew and Peters 2025); GCB 2025,observed
1941,co2_fossil_gas,0.153463219,GtCO2,GCP fossil CO2 dataset 2025v15 (Andrew and Peters 2025); GCB 2025,observed
1942,co2_fossil_gas,0.166048943,GtCO2,GCP fossil CO2 dataset 2025v15 (Andrew and Peters 2025); GCB 2025,observed
1943,co2_fossil_gas,0.182899895,GtCO2,GCP fossil CO2 dataset 2025v15 (Andrew and Peters 2025); GCB 2025,observed
1944,co2_fossil_gas,0.197600826,GtCO2,GCP fossil CO2 dataset 2025v15 (Andrew and Peters 2025); GCB 2025,observed
1945,co2_fossil_gas,0.216700332,GtCO2,GCP fossil CO2 dataset 2025v15 (Andrew and Peters 2025); GCB 2025,observed
1946,co2_fossil_gas,0.223837378,GtCO2,GCP fossil CO2 dataset 2025v15 (Andrew and Peters 2025); GCB 2025,observed
1947,co2_fossil_gas,0.247892578,GtCO2,GCP fossil CO2 dataset 2025v15 (Andrew and Peters 2025); GCB 2025,observed
1948,co2_fossil_gas,0.280127246,GtCO2,GCP fossil CO2 dataset 2025v15 (Andrew and Peters 2025); GCB 2025,observed
1949,co2_fossil_gas,0.300459761,GtCO2,GCP fossil CO2 dataset 2025v15 (Andrew and Peters 2025); GCB 2025,observed
1950,co2_fossil_gas,0.353156018,GtCO2,GCP fossil CO2 dataset 2025v15 (Andrew and Peters 2025); GCB 2025,observed
1951,co2_fossil_gas,0.416186358,GtCO2,GCP fossil CO2 dataset 2025v15 (Andrew and Peters 2025); GCB 2025,observed
1952,co2_fossil_gas,0.447085956,GtCO2,GCP fossil CO2 dataset 2025v15 (Andrew and Peters 2025); GCB 2025,observed
1953,co2_fossil_gas,0.474530281,GtCO2,GCP fossil CO2 dataset 2025v15 (Andrew and Peters 2025); GCB 2025,observed
1954,co2_fossil_gas,0.501356006,GtCO2,GCP fossil CO2 dataset 2025v15 (Andrew and Peters 2025); GCB 2025,observed
1955,co2_fossil_gas,0.547242116,GtCO2,GCP fossil CO2 dataset 2025v15 (Andrew and Peters 2025); GCB 2025,observed
1956,co2_fossil_gas,0.587241989,GtCO2,GCP fossil CO2 dataset 2025v15 (Andrew and Peters 2025); GCB 2025,observed
1957,co2_fossil_gas,0.646687136,GtCO2,GCP fossil CO2 dataset 2025v15 (Andrew and Peters 2025); GCB 2025,observed
1958,co2_fossil_gas,0.705853109,GtCO2,GCP fossil CO2 dataset 2025v15 (Andrew and Peters 2025); GCB 2025,observed
1959,co2_fossil_gas,0.75825998,GtCO2,GCP fossil CO2 dataset 2025v15 (Andrew and Peters 2025); GCB 2025,observed
1960,co2_fossil_gas,0.834617845,GtCO2,GCP fossil CO2 dataset 2025v15 (Andrew and Peters 2025); GCB 2025,observed
1961,co2_fossil_gas,0.882125612,GtCO2,GCP fossil CO2 dataset 2025v15 (Andrew and Peters 2025); GCB 2025,observed
1962,co2_fossil_gas,0.967819859,GtCO2,GCP fossil CO2 dataset 2025v15 (Andrew and Peters 2025); GCB 2025,observed
1963,co2_fossil_gas,1.04695002,GtCO2,GCP fossil CO2 dataset 2025v15 (Andrew and Peters 2025); GCB 2025,observed
1964,co2_fossil_gas,1.15299176,GtCO2,GCP fossil CO2 dataset 2025v15 (Andrew and Peters 2025); GCB 2025,observed
1965,co2_fossil_gas,1.2306666,GtCO2,GCP fossil CO2 dataset 2025v15 (Andrew and Peters 2025); GCB 2025,observed
1966,co2_fossil_gas,1.33997994,GtCO2,GCP fossil CO2 dataset 2025v15 (Andrew and Peters 2025); GCB 2025,observed
1967,co2_fossil_gas,1.43309873,GtCO2,GCP fossil CO2 dataset 2025v15 (Andrew and Peters 2025); GCB 2025,observed
1968,co2_fossil_gas,1.55975082,GtCO2,GCP fossil CO2 dataset 2025v15 (Andrew and Peters 2025); GCB 2025,observed
1969,co2_fossil_gas,1.70871995,GtCO2,GCP fossil CO2 dataset 2025v15 (Andrew and Peters 2025); GCB 2025,observed
1970,co2_fossil_gas,1.7909361,GtCO2,GCP fossil CO2 dataset 2025v15 (Andrew and Peters 2025); GCB 2025,observed
1971,co2_fossil_gas,1.93358822,GtCO2,GCP fossil CO2 dataset 2025v15 (Andrew and Peters 2025); GCB 2025,observed
1972,co2_fossil_gas,2.05234886,GtCO2,GCP fossil CO2 dataset 2025v15 (Andrew and Peters 2025); GCB 2025,observed
1973,co2_fossil_gas,2.20272255,GtCO2,GCP fossil CO2 dataset 2025v15 (Andrew and Peters 2025); GCB 2025,observed
1974,co2_fossil_gas,2.25654045,GtCO2,GCP fossil CO2 dataset 2025v15 (Andrew and Peters 2025); GCB 2025,observed
1975,co2_fossil_gas,2.24126641,GtCO2,GCP fossil CO2 dataset 2025v15 (Andrew and Peters 2025); GCB 2025,observed
1976,co2_fossil_gas,2.35900934,GtCO2,GCP fossil CO2 dataset 2025v15 (Andrew and Peters 2025); GCB 2025,observed
1977,co2_fossil_gas,2.4117205,GtCO2,GCP fossil CO2 dataset 2025v15 (Andrew and Peters 2025); GCB 2025,observed
1978,co2_fossil_gas,2.54173731,GtCO2,GCP fossil CO2 dataset 2025v15 (Andrew and Peters 2025); GCB 2025,observed
1979,co2_fossil_gas,2.66806489,GtCO2,GCP fossil CO2 dataset 2025v15 (Andrew and Peters 2025); GCB 2025,observed
1980,co2_fossil_gas,2.74151416,GtCO2,GCP fossil CO2 dataset 2025v15 (Andrew and Peters 2025); GCB 2025,observed
1981,co2_fossil_gas,2.763373,GtCO2,GCP fossil CO2 dataset 2025v15 (Andrew and Peters 2025); GCB 2025,observed
1982,co2_fossil_gas,2.70149842,GtCO2,GCP fossil CO2 dataset 2025v15 (Andrew and Peters 2025); GCB 2025,observed
1983,co2_fossil_gas,2.7431196,GtCO2,GCP fossil CO2 dataset 2025v15 (Andrew and Peters 2025); GCB 2025,observed
1984,co2_fossil_gas,2.97202697,GtCO2,GCP fossil CO2 dataset 2025v15 (Andrew and Peters 2025); GCB 2025,observed
1985,co2_fossil_gas,3.08970017,GtCO2,GCP fossil CO2 dataset 2025v15 (Andrew and Peters 2025); GCB 2025,observed
1986,co2_fossil_gas,3.01460637,GtCO2,GCP fossil CO2 dataset 2025v15 (Andrew and Peters 2025); GCB 2025,observed
1987,co2_fossil_gas,3.28156705,GtCO2,GCP fossil CO2 dataset 2025v15 (Andrew and Peters 2025); GCB 2025,observed
1988,co2_fossil_gas,3.43597798,GtCO2,GCP fossil CO2 dataset 2025v15 (Andrew and Peters 2025); GCB 2025,observed
1989,co2_fossil_gas,3.60495848,GtCO2,GCP fossil CO2 dataset 2025v15 (Andrew and Peters 2025); GCB 2025,observed
1990,co2_fossil_gas,3.79018185,GtCO2,GCP fossil CO2 dataset 2025v15 (Andrew and Peters 2025); GCB 2025,observed
1991,co2_fossil_gas,3.85152037,GtCO2,GCP fossil CO2 dataset 2025v15 (Andrew and Peters 2025); GCB 2025,observed
1992,co2_fossil_gas,3.90136612,GtCO2,GCP fossil CO2 dataset 2025v15 (Andrew and Peters 2025); GCB 2025,observed
1993,co2_fossil_gas,4.00780412,GtCO2,GCP fossil CO2 dataset 2025v15 (Andrew and Peters 2025); GCB 2025,observed
1994,co2_fossil_gas,4.04017392,GtCO2,GCP fossil CO2 dataset 2025v15 (Andrew and Peters 2025); GCB 2025,observed
1995,co2_fossil_gas,4.19684761,GtCO2,GCP fossil CO2 dataset 2025v15 (Andrew and Peters 2025); GCB 2025,observed
1996,co2_fossil_gas,4.38159884,GtCO2,GCP fossil CO2 dataset 2025v15 (Andrew and Peters 2025); GCB 2025,observed
1997,co2_fossil_gas,4.39505776,GtCO2,GCP fossil CO2 dataset 2025v15 (Andrew and Peters 2025); GCB 2025,observed
1998,co2_fossil_gas,4.4435046,GtCO2,GCP fossil CO2 dataset 2025v15 (Andrew and Peters 2025); GCB 2025,observed
1999,co2_fossil_gas,4.58616603,GtCO2,GCP fossil CO2 dataset 2025v15 (Andrew and Peters 2025); GCB 2025,observed
2000,co2_fossil_gas,4.72782277,GtCO2,GCP fossil CO2 dataset 2025v15 (Andrew and Peters 2025); GCB 2025,observed
2001,co2_fossil_gas,4.77171486,GtCO2,GCP fossil CO2 dataset 2025v15 (Andrew and Peters 2025); GCB 2025,observed
2002,co2_fossil_gas,4.91365179,GtCO2,GCP fossil CO2 dataset 2025v15 (Andrew and Peters 2025); GCB 2025,observed
2003,co2_fossil_gas,5.09619577,GtCO2,GCP fossil CO2 dataset 2025v15 (Andrew and Peters 2025); GCB 2025,observed
2004,co2_fossil_gas,5.25767073,GtCO2,GCP fossil CO2 dataset 2025v15 (Andrew and Peters 2025); GCB 2025,observed
2005,co2_fossil_gas,5.37628882,GtCO2,GCP fossil CO2 dataset 2025v15 (Andrew and Peters 2025); GCB 2025,observed
2006,co2_fossil_gas,5.53100584,GtCO2,GCP fossil CO2 dataset 2025v15 (Andrew and Peters 2025); GCB 2025,observed
2007,co2_fossil_gas,5.73663693,GtCO2,GCP fossil CO2 dataset 2025v15 (Andrew and Peters 2025); GCB 2025,observed
2008,co2_fossil_gas,5.90550047,GtCO2,GCP fossil CO2 dataset 2025v15 (Andrew and Peters 2025); GCB 2025,observed
2009,co2_fossil_gas,5.7656841,GtCO2,GCP fossil CO2 dataset 2025v15 (Andrew and Peters 2025); GCB 2025,observed
2010,co2_fossil_gas,6.20577972,GtCO2,GCP fossil CO2 dataset 2025v15 (Andrew and Peters 2025); GCB 2025,observed
2011,co2_fossil_gas,6.38933027,GtCO2,GCP fossil CO2 dataset 2025v15 (Andrew and Peters 2025); GCB 2025,observed
2012,co2_fossil_gas,6.52314297,GtCO2,GCP fossil CO2 dataset 2025v15 (Andrew and Peters 2025); GCB 2025,observed
2013,co2_fossil_gas,6.57311554,GtCO2,GCP fossil CO2 dataset 2025v15 (Andrew and Peters 2025); GCB 2025,observed
2014,co2_fossil_gas,6.60497544,GtCO2,GCP fossil CO2 dataset 2025v15 (Andrew and Peters 2025); GCB 2025,observed
2015,co2_fossil_gas,6.72898943,GtCO2,GCP fossil CO2 dataset 2025v15 (Andrew and Peters 2025); GCB 2025,observed
2016,co2_fossil_gas,6.91485004,GtCO2,GCP fossil CO2 dataset 2025v15 (Andrew and Peters 2025); GCB 2025,observed
2017,co2_fossil_gas,7.08461497,GtCO2,GCP fossil CO2 dataset 2025v15 (Andrew and Peters 2025); GCB 2025,observed
2018,co2_fossil_gas,7.41941291,GtCO2,GCP fossil CO2 dataset 2025v15 (Andrew and Peters 2025); GCB 2025,observed
2019,co2_fossil_gas,7.57405591,GtCO2,GCP fossil CO2 dataset 2025v15 (Andrew and Peters 2025); GCB 2025,observed
2020,co2_fossil_gas,7.52081959,GtCO2,GCP fossil CO2 dataset 2025v15 (Andrew and Peters 2025); GCB 2025,observed
2021,co2_fossil_gas,7.87869821,GtCO2,GCP fossil CO2 dataset 2025v15 (Andrew and Peters 2025); GCB 2025,observed
2022,co2_fossil_gas,7.75874544,GtCO2,GCP fossil CO2 dataset 2025v15 (Andrew and Peters 2025); GCB 2025,observed
2023,co2_fossil_gas,7.80284531,GtCO2,GCP fossil CO2 dataset 2025v15 (Andrew and Peters 2025); GCB 2025,observed
2024,co2_fossil_gas,8.00982769,GtCO2,GCP fossil CO2 dataset 2025v15 (Andrew and Peters 2025); GCB 2025,observed
1750,co2_cement_process,0,GtCO2,GCP fossil CO2 dataset 2025v15 (Andrew and Peters 2025); GCB 2025,observed
1751,co2_cement_process,0,GtCO2,GCP fossil CO2 dataset 2025v15 (Andrew and Peters 2025); GCB 2025,observed
1752,co2_cement_process,0,GtCO2,GCP fossil CO2 dataset 2025v15 (Andrew and Peters 2025); GCB 2025,observed
1753,co2_cement_process,0,GtCO2,GCP fossil CO2 dataset 2025v15 (Andrew and Peters 2025); GCB 2025,observed
1754,co2_cement_process,0,GtCO2,GCP fossil CO2 dataset 2025v15 (Andrew and Peters 2025); GCB 2025,observed
1755,co2_cement_process,0,GtCO2,GCP fossil CO2 dataset 2025v15 (Andrew and Peters 2025); GCB 2025,observed
1756,co2_cement_process,0,GtCO2,GCP fossil CO2 dataset 2025v15 (Andrew and Peters 2025); GCB 2025,observed
1757,co2_cement_process,0,GtCO2,GCP fossil CO2 dataset 2025v15 (Andrew and Peters 2025); GCB 2025,observed
1758,co2_cement_process,0,GtCO2,GCP fossil CO2 dataset 2025v15 (Andrew and Peters 2025); GCB 2025,observed
1759,co2_cement_process,0,GtCO2,GCP fossil CO2 dataset 2025v15 (Andrew and Peters 2025); GCB 2025,observed
1760,co2_cement_process,0,GtCO2,GCP fossil CO2 dataset 2025v15 (Andrew and Peters 2025); GCB 2025,observed
1761,co2_cement_process,0,GtCO2,GCP fossil CO2 dataset 2025v15 (Andrew and Peters 2025); GCB 2025,observed
1762,co2_cement_process,0,GtCO2,GCP fossil CO2 dataset 2025v15 (Andrew and Peters 2025); GCB 2025,observed
1763,co2_cement_process,0,GtCO2,GCP fossil CO2 dataset 2025v15 (Andrew and Peters 2025); GCB 2025,observed
1764,co2_cement_process,0,GtCO2,GCP fossil CO2 dataset 2025v15 (Andrew and Peters 2025); GCB 2025,observed
1765,co2_cement_process,0,GtCO2,GCP fossil CO2 dataset 2025v15 (Andrew and Peters 2025); GCB 2025,observed
1766,co2_cement_process,0,GtCO2,GCP fossil CO2 dataset 2025v15 (Andrew and Peters 2025); GCB 2025,observed
1767,co2_cement_process,0,GtCO2,GCP fossil CO2 dataset 2025v15 (Andrew and Peters 2025); GCB 2025,observed
1768,co2_cement_process,0,GtCO2,GCP fossil CO2 dataset 2025v15 (Andrew and Peters 2025); GCB 2025,observed
1769,co2_cement_process,0,GtCO2,GCP fossil CO2 dataset 2025v15 (Andrew and Peters 2025); GCB 2025,observed
1770,co2_cement_process,0,GtCO2,GCP fossil CO2 dataset 2025v15 (Andrew and Peters 2025); GCB 2025,observed
1771,co2_cement_process,0,GtCO2,GCP fossil CO2 dataset 2025v15 (Andrew and Peters 2025); GCB 2025,observed
1772,co2_cement_process,0,GtCO2,GCP fossil CO2 dataset 2025v15 (Andrew and Peters 2025); GCB 2025,observed
1773,co2_cement_process,0,GtCO2,GCP fossil CO2 dataset 2025v15 (Andrew and Peters 2025); GCB 2025,observed
1774,co2_cement_process,0,GtCO2,GCP fossil CO2 dataset 2025v15 (Andrew and Peters 2025); GCB 2025,observed
1775,co2_cement_process,0,GtCO2,GCP fossil CO2 dataset 2025v15 (Andrew and Peters 2025); GCB 2025,observed
1776,co2_cement_process,0,GtCO2,GCP fossil CO2 dataset 2025v15 (Andrew and Peters 2025); GCB 2025,observed
1777,co2_cement_process,0,GtCO2,GCP fossil CO2 dataset 2025v15 (Andrew and Peters 2025); GCB 2025,observed
1778,co2_cement_process,0,GtCO2,GCP fossil CO2 dataset 2025v15 (Andrew and Peters 2025); GCB 2025,observed
1779,co2_cement_process,0,GtCO2,GCP fossil CO2 dataset 2025v15 (Andrew and Peters 2025); GCB 2025,observed
1780,co2_cement_process,0,GtCO2,GCP fossil CO2 dataset 2025v15 (Andrew and Peters 2025); GCB 2025,observed
1781,co2_cement_process,0,GtCO2,GCP fossil CO2 dataset 2025v15 (Andrew and Peters 2025); GCB 2025,observed
1782,co2_cement_process,0,GtCO2,GCP fossil CO2 dataset 2025v15 (Andrew and Peters 2025); GCB 2025,observed
1783,co2_cement_process,0,GtCO2,GCP fossil CO2 dataset 2025v15 (Andrew and Peters 2025); GCB 2025,observed
1784,co2_cement_process,0,GtCO2,GCP fossil CO2 dataset 2025v15 (Andrew and Peters 2025); GCB 2025,observed
1785,co2_cement_process,0,GtCO2,GCP fossil CO2 dataset 2025v15 (Andrew and Peters 2025); GCB 2025,observed
1786,co2_cement_process,0,GtCO2,GCP fossil CO2 dataset 2025v15 (Andrew and Peters 2025); GCB 2025,observed
1787,co2_cement_process,0,GtCO2,GCP fossil CO2 dataset 2025v15 (Andrew and Peters 2025); GCB 2025,observed
1788,co2_cement_process,0,GtCO2,GCP fossil CO2 dataset 2025v15 (Andrew and Peters 2025); GCB 2025,observed
1789,co2_cement_process,0,GtCO2,GCP fossil CO2 dataset 2025v15 (Andrew and Peters 2025); GCB 2025,observed
1790,co2_cement_process,0,GtCO2,GCP fossil CO2 dataset 2025v15 (Andrew and Peters 2025); GCB 2025,observed
1791,co2_cement_process,0,GtCO2,GCP fossil CO2 dataset 2025v15 (Andrew and Peters 2025); GCB 2025,observed
1792,co2_cement_process,0,GtCO2,GCP fossil CO2 dataset 2025v15 (Andrew and Peters 2025); GCB 2025,observed
1793,co2_cement_process,0,GtCO2,GCP fossil CO2 dataset 2025v15 (Andrew and Peters 2025); GCB 2025,observed
1794,co2_cement_process,0,GtCO2,GCP fossil CO2 dataset 2025v15 (Andrew and Peters 2025); GCB 2025,observed
1795,co2_cement_process,0,GtCO2,GCP fossil CO2 dataset 2025v15 (Andrew and Peters 2025); GCB 2025,observed
1796,co2_cement_process,0,GtCO2,GCP fossil CO2 dataset 2025v15 (Andrew and Peters 2025); GCB 2025,observed
1797,co2_cement_process,0,GtCO2,GCP fossil CO2 dataset 2025v15 (Andrew and Peters 2025); GCB 2025,observed
1798,co2_cement_process,0,GtCO2,GCP fossil CO2 dataset 2025v15 (Andrew and Peters 2025); GCB 2025,observed
1799,co2_cement_process,0,GtCO2,GCP fossil CO2 dataset 2025v15 (Andrew and Peters 2025); GCB 2025,observed
1800,co2_cement_process,0,GtCO2,GCP fossil CO2 dataset 2025v15 (Andrew and Peters 2025); GCB 2025,observed
1801,co2_cement_process,0,GtCO2,GCP fossil CO2 dataset 2025v15 (Andrew and Peters 2025); GCB 2025,observed
1802,co2_cement_process,0,GtCO2,GCP fossil CO2 dataset 2025v15 (Andrew and Peters 2025); GCB 2025,observed
1803,co2_cement_process,0,GtCO2,GCP fossil CO2 dataset 2025v15 (Andrew and Peters 2025); GCB 2025,observed
1804,co2_cement_process,0,GtCO2,GCP fossil CO2 dataset 2025v15 (Andrew and Peters 2025); GCB 2025,observed
1805,co2_cement_process,0,GtCO2,GCP fossil CO2 dataset 2025v15 (Andrew and Peters 2025); GCB 2025,observed
1806,co2_cement_process,0,GtCO2,GCP fossil CO2 dataset 2025v15 (Andrew and Peters 2025); GCB 2025,observed
1807,co2_cement_process,0,GtCO2,GCP fossil CO2 dataset 2025v15 (Andrew and Peters 2025); GCB 2025,observed
1808,co2_cement_process,0,GtCO2,GCP fossil CO2 dataset 2025v15 (Andrew and Peters 2025); GCB 2025,observed
1809,co2_cement_process,0,GtCO2,GCP fossil CO2 dataset 2025v15 (Andrew and Peters 2025); GCB 2025,observed
1810,co2_cement_process,0,GtCO2,GCP fossil CO2 dataset 2025v15 (Andrew and Peters 2025); GCB 2025,observed
1811,co2_cement_process,0,GtCO2,GCP fossil CO2 dataset 2025v15 (Andrew and Peters 2025); GCB 2025,observed
1812,co2_cement_process,0,GtCO2,GCP fossil CO2 dataset 2025v15 (Andrew and Peters 2025); GCB 2025,observed
1813,co2_cement_process,0,GtCO2,GCP fossil CO2 dataset 2025v15 (Andrew and Peters 2025); GCB 2025,observed
1814,co2_cement_process,0,GtCO2,GCP fossil CO2 dataset 2025v15 (Andrew and Peters 2025); GCB 2025,observed
1815,co2_cement_process,0,GtCO2,GCP fossil CO2 dataset 2025v15 (Andrew and Peters 2025); GCB 2025,observed
1816,co2_cement_process,0,GtCO2,GCP fossil CO2 dataset 2025v15 (Andrew and Peters 2025); GCB 2025,observed
1817,co2_cement_process,0,GtCO2,GCP fossil CO2 dataset 2025v15 (Andrew and Peters 2025); GCB 2025,observed
1818,co2_cement_process,0,GtCO2,GCP fossil CO2 dataset 2025v15 (Andrew and Peters 2025); GCB 2025,observed
1819,co2_cement_process,0,GtCO2,GCP fossil CO2 dataset 2025v15 (Andrew and Peters 2025); GCB 2025,observed
1820,co2_cement_process,0,GtCO2,GCP fossil CO2 dataset 2025v15 (Andrew and Peters 2025); GCB 2025,observed
1821,co2_cement_process,0,GtCO2,GCP fossil CO2 dataset 2025v15 (Andrew and Peters 2025); GCB 2025,observed
1822,co2_cement_process,0,GtCO2,GCP fossil CO2 dataset 2025v15 (Andrew and Peters 2025); GCB 2025,observed
1823,co2_cement_process,0,GtCO2,GCP fossil CO2 dataset 2025v15 (Andrew and Peters 2025); GCB 2025,observed
1824,co2_cement_process,0,GtCO2,GCP fossil CO2 dataset 2025v15 (Andrew and Peters 2025); GCB 2025,observed
1825,co2_cement_process,0,GtCO2,GCP fossil CO2 dataset 2025v15 (Andrew and Peters 2025); GCB 2025,observed
1826,co2_cement_process,0,GtCO2,GCP fossil CO2 dataset 2025v15 (Andrew and Peters 2025); GCB 2025,observed
1827,co2_cement_process,0,GtCO2,GCP fossil CO2 dataset 2025v15 (Andrew and Peters 2025); GCB 2025,observed
1828,co2_cement_process,0,GtCO2,GCP fossil CO2 dataset 2025v15 (Andrew and Peters 2025); GCB 2025,observed
1829,co2_cement_process,0,GtCO2,GCP fossil CO2 dataset 2025v15 (Andrew and Peters 2025); GCB 2025,observed
1830,co2_cement_process,0,GtCO2,GCP fossil CO2 dataset 2025v15 (Andrew and Peters 2025); GCB 2025,observed
1831,co2_cement_process,0,GtCO2,GCP fossil CO2 dataset 2025v15 (Andrew and Peters 2025); GCB 2025,observed
1832,co2_cement_process,0,GtCO2,GCP fossil CO2 dataset 2025v15 (Andrew and Peters 2025); GCB 2025,observed
1833,co2_cement_process,0,GtCO2,GCP fossil CO2 dataset 2025v15 (Andrew and Peters 2025); GCB 2025,observed
1834,co2_cement_process,0,GtCO2,GCP fossil CO2 dataset 2025v15 (Andrew and Peters 2025); GCB 2025,observed
1835,co2_cement_process,0,GtCO2,GCP fossil CO2 dataset 2025v15 (Andrew and Peters 2025); GCB 2025,observed
1836,co2_cement_process,0,GtCO2,GCP fossil CO2 dataset 2025v15 (Andrew and Peters 2025); GCB 2025,observed
1837,co2_cement_process,0,GtCO2,GCP fossil CO2 dataset 2025v15 (Andrew and Peters 2025); GCB 2025,observed
1838,co2_cement_process,0,GtCO2,GCP fossil CO2 dataset 2025v15 (Andrew and Peters 2025); GCB 2025,observed
1839,co2_cement_process,0,GtCO2,GCP fossil CO2 dataset 2025v15 (Andrew and Peters 2025); GCB 2025,observed
1840,co2_cement_process,0,GtCO2,GCP fossil CO2 dataset 2025v15 (Andrew and Peters 2025); GCB 2025,observed
1841,co2_cement_process,0,GtCO2,GCP fossil CO2 dataset 2025v15 (Andrew and Peters 2025); GCB 2025,observed
1842,co2_cement_process,0,GtCO2,GCP fossil CO2 dataset 2025v15 (Andrew and Peters 2025); GCB 2025,observed
1843,co2_cement_process,0,GtCO2,GCP fossil CO2 dataset 2025v15 (Andrew and Peters 2025); GCB 2025,observed
1844,co2_cement_process,0,GtCO2,GCP fossil CO2 dataset 2025v15 (Andrew and Peters 2025); GCB 2025,observed
1845,co2_cement_process,0,GtCO2,GCP fossil CO2 dataset 2025v15 (Andrew and Peters 2025); GCB 2025,observed
1846,co2_cement_process,0,GtCO2,GCP fossil CO2 dataset 2025v15 (Andrew and Peters 2025); GCB 2025,observed
1847,co2_cement_process,0,GtCO2,GCP fossil CO2 dataset 2025v15 (Andrew and Peters 2025); GCB 2025,observed
1848,co2_cement_process,0,GtCO2,GCP fossil CO2 dataset 2025v15 (Andrew and Peters 2025); GCB 2025,observed
1849,co2_cement_process,0,GtCO2,GCP fossil CO2 dataset 2025v15 (Andrew and Peters 2025); GCB 2025,observed
1850,co2_cement_process,0,GtCO2,GCP fossil CO2 dataset 2025v15 (Andrew and Peters 2025); GCB 2025,observed
1851,co2_cement_process,0,GtCO2,GCP fossil CO2 dataset 2025v15 (Andrew and Peters 2025); GCB 2025,observed
1852,co2_cement_process,0,GtCO2,GCP fossil CO2 dataset 2025v15 (Andrew and Peters 2025); GCB 2025,observed
1853,co2_cement_process,0,GtCO2,GCP fossil CO2 dataset 2025v15 (Andrew and Peters 2025); GCB 2025,observed
1854,co2_cement_process,0,GtCO2,GCP fossil CO2 dataset 2025v15 (Andrew and Peters 2025); GCB 2025,observed
1855,co2_cement_process,0,GtCO2,GCP fossil CO2 dataset 2025v15 (Andrew and Peters 2025); GCB 2025,observed
1856,co2_cement_process,0,GtCO2,GCP fossil CO2 dataset 2025v15 (Andrew and Peters 2025); GCB 2025,observed
1857,co2_cement_process,0,GtCO2,GCP fossil CO2 dataset 2025v15 (Andrew and Peters 2025); GCB 2025,observed
1858,co2_cement_process,0,GtCO2,GCP fossil CO2 dataset 2025v15 (Andrew and Peters 2025); GCB 2025,observed
1859,co2_cement_process,0,GtCO2,GCP fossil CO2 dataset 2025v15 (Andrew and Peters 2025); GCB 2025,observed
1860,co2_cement_process,0,GtCO2,GCP fossil CO2 dataset 2025v15 (Andrew and Peters 2025); GCB 2025,observed
1861,co2_cement_process,0,GtCO2,GCP fossil CO2 dataset 2025v15 (Andrew and Peters 2025); GCB 2025,observed
1862,co2_cement_process,0,GtCO2,GCP fossil CO2 dataset 2025v15 (Andrew and Peters 2025); GCB 2025,observed
1863,co2_cement_process,0,GtCO2,GCP fossil CO2 dataset 2025v15 (Andrew and Peters 2025); GCB 2025,observed
1864,co2_cement_process,0,GtCO2,GCP fossil CO2 dataset 2025v15 (Andrew and Peters 2025); GCB 2025,observed
1865,co2_cement_process,0,GtCO2,GCP fossil CO2 dataset 2025v15 (Andrew and Peters 2025); GCB 2025,observed
1866,co2_cement_process,0,GtCO2,GCP fossil CO2 dataset 2025v15 (Andrew and Peters 2025); GCB 2025,observed
1867,co2_cement_process,0,GtCO2,GCP fossil CO2 dataset 2025v15 (Andrew and Peters 2025); GCB 2025,observed
1868,co2_cement_process,0,GtCO2,GCP fossil CO2 dataset 2025v15 (Andrew and Peters 2025); GCB 2025,observed
1869,co2_cement_process,0,GtCO2,GCP fossil CO2 dataset 2025v15 (Andrew and Peters 2025); GCB 2025,observed
1870,co2_cement_process,0,GtCO2,GCP fossil CO2 dataset 2025v15 (Andrew and Peters 2025); GCB 2025,observed
1871,co2_cement_process,0,GtCO2,GCP fossil CO2 dataset 2025v15 (Andrew and Peters 2025); GCB 2025,observed
1872,co2_cement_process,0,GtCO2,GCP fossil CO2 dataset 2025v15 (Andrew and Peters 2025); GCB 2025,observed
1873,co2_cement_process,0,GtCO2,GCP fossil CO2 dataset 2025v15 (Andrew and Peters 2025); GCB 2025,observed
1874,co2_cement_process,0,GtCO2,GCP fossil CO2 dataset 2025v15 (Andrew and Peters 2025); GCB 2025,observed
1875,co2_cement_process,0,GtCO2,GCP fossil CO2 dataset 2025v15 (Andrew and Peters 2025); GCB 2025,observed
1876,co2_cement_process,0,GtCO2,GCP fossil CO2 dataset 2025v15 (Andrew and Peters 2025); GCB 2025,observed
1877,co2_cement_process,0,GtCO2,GCP fossil CO2 dataset 2025v15 (Andrew and Peters 2025); GCB 2025,observed
1878,co2_cement_process,0,GtCO2,GCP fossil CO2 dataset 2025v15 (Andrew and Peters 2025); GCB 2025,observed
1879,co2_cement_process,0,GtCO2,GCP fossil CO2 dataset 2025v15 (Andrew and Peters 2025); GCB 2025,observed
1880,co2_cement_process,0.000172324,GtCO2,GCP fossil CO2 dataset 2025v15 (Andrew and Peters 2025); GCB 2025,observed
1881,co2_cement_process,0.000207825,GtCO2,GCP fossil CO2 dataset 2025v15 (Andrew and Peters 2025); GCB 2025,observed
1882,co2_cement_process,0.000270173,GtCO2,GCP fossil CO2 dataset 2025v15 (Andrew and Peters 2025); GCB 2025,observed
1883,co2_cement_process,0.000348315,GtCO2,GCP fossil CO2 dataset 2025v15 (Andrew and Peters 2025); GCB 2025,observed
1884,co2_cement_process,0.00033252,GtCO2,GCP fossil CO2 dataset 2025v15 (Andrew and Peters 2025); GCB 2025,observed
1885,co2_cement_process,0.00034499,GtCO2,GCP fossil CO2 dataset 2025v15 (Andrew and Peters 2025); GCB 2025,observed
1886,co2_cement_process,0.000374085,GtCO2,GCP fossil CO2 dataset 2025v15 (Andrew and Peters 2025); GCB 2025,observed
1887,co2_cement_process,0.000556368,GtCO2,GCP fossil CO2 dataset 2025v15 (Andrew and Peters 2025); GCB 2025,observed
1888,co2_cement_process,0.000540619,GtCO2,GCP fossil CO2 dataset 2025v15 (Andrew and Peters 2025); GCB 2025,observed
1889,co2_cement_process,0.00058191,GtCO2,GCP fossil CO2 dataset 2025v15 (Andrew and Peters 2025); GCB 2025,observed
1890,co2_cement_process,0.000665041,GtCO2,GCP fossil CO2 dataset 2025v15 (Andrew and Peters 2025); GCB 2025,observed
1891,co2_cement_process,0.000683561,GtCO2,GCP fossil CO2 dataset 2025v15 (Andrew and Peters 2025); GCB 2025,observed
1892,co2_cement_process,0.000728105,GtCO2,GCP fossil CO2 dataset 2025v15 (Andrew and Peters 2025); GCB 2025,observed
1893,co2_cement_process,0.000665246,GtCO2,GCP fossil CO2 dataset 2025v15 (Andrew and Peters 2025); GCB 2025,observed
1894,co2_cement_process,0.000695154,GtCO2,GCP fossil CO2 dataset 2025v15 (Andrew and Peters 2025); GCB 2025,observed
1895,co2_cement_process,0.000725842,GtCO2,GCP fossil CO2 dataset 2025v15 (Andrew and Peters 2025); GCB 2025,observed
1896,co2_cement_process,0.000790856,GtCO2,GCP fossil CO2 dataset 2025v15 (Andrew and Peters 2025); GCB 2025,observed
1897,co2_cement_process,0.000913555,GtCO2,GCP fossil CO2 dataset 2025v15 (Andrew and Peters 2025); GCB 2025,observed
1898,co2_cement_process,0.001006805,GtCO2,GCP fossil CO2 dataset 2025v15 (Andrew and Peters 2025); GCB 2025,observed
1899,co2_cement_process,0.001290216,GtCO2,GCP fossil CO2 dataset 2025v15 (Andrew and Peters 2025); GCB 2025,observed
1900,co2_cement_process,0.001394622,GtCO2,GCP fossil CO2 dataset 2025v15 (Andrew and Peters 2025); GCB 2025,observed
1901,co2_cement_process,0.00166622,GtCO2,GCP fossil CO2 dataset 2025v15 (Andrew and Peters 2025); GCB 2025,observed
1902,co2_cement_process,0.002158012,GtCO2,GCP fossil CO2 dataset 2025v15 (Andrew and Peters 2025); GCB 2025,observed
1903,co2_cement_process,0.002548447,GtCO2,GCP fossil CO2 dataset 2025v15 (Andrew and Peters 2025); GCB 2025,observed
1904,co2_cement_process,0.002748608,GtCO2,GCP fossil CO2 dataset 2025v15 (Andrew and Peters 2025); GCB 2025,observed
1905,co2_cement_process,0.003512206,GtCO2,GCP fossil CO2 dataset 2025v15 (Andrew and Peters 2025); GCB 2025,observed
1906,co2_cement_process,0.004497297,GtCO2,GCP fossil CO2 dataset 2025v15 (Andrew and Peters 2025); GCB 2025,observed
1907,co2_cement_process,0.004629558,GtCO2,GCP fossil CO2 dataset 2025v15 (Andrew and Peters 2025); GCB 2025,observed
1908,co2_cement_process,0.004824123,GtCO2,GCP fossil CO2 dataset 2025v15 (Andrew and Peters 2025); GCB 2025,observed
1909,co2_cement_process,0.006060403,GtCO2,GCP fossil CO2 dataset 2025v15 (Andrew and Peters 2025); GCB 2025,observed
1910,co2_cement_process,0.007082826,GtCO2,GCP fossil CO2 dataset 2025v15 (Andrew and Peters 2025); GCB 2025,observed
1911,co2_cement_process,0.007257672,GtCO2,GCP fossil CO2 dataset 2025v15 (Andrew and Peters 2025); GCB 2025,observed
1912,co2_cement_process,0.007628835,GtCO2,GCP fossil CO2 dataset 2025v15 (Andrew and Peters 2025); GCB 2025,observed
1913,co2_cement_process,0.00851614,GtCO2,GCP fossil CO2 dataset 2025v15 (Andrew and Peters 2025); GCB 2025,observed
1914,co2_cement_process,0.008110754,GtCO2,GCP fossil CO2 dataset 2025v15 (Andrew and Peters 2025); GCB 2025,observed
1915,co2_cement_process,0.00791495,GtCO2,GCP fossil CO2 dataset 2025v15 (Andrew and Peters 2025); GCB 2025,observed
1916,co2_cement_process,0.008440673,GtCO2,GCP fossil CO2 dataset 2025v15 (Andrew and Peters 2025); GCB 2025,observed
1917,co2_cement_process,0.00850897,GtCO2,GCP fossil CO2 dataset 2025v15 (Andrew and Peters 2025); GCB 2025,observed
1918,co2_cement_process,0.006518639,GtCO2,GCP fossil CO2 dataset 2025v15 (Andrew and Peters 2025); GCB 2025,observed
1919,co2_cement_process,0.007399113,GtCO2,GCP fossil CO2 dataset 2025v15 (Andrew and Peters 2025); GCB 2025,observed
1920,co2_cement_process,0.009069941,GtCO2,GCP fossil CO2 dataset 2025v15 (Andrew and Peters 2025); GCB 2025,observed
1921,co2_cement_process,0.008939908,GtCO2,GCP fossil CO2 dataset 2025v15 (Andrew and Peters 2025); GCB 2025,observed
1922,co2_cement_process,0.010447575,GtCO2,GCP fossil CO2 dataset 2025v15 (Andrew and Peters 2025); GCB 2025,observed
1923,co2_cement_process,0.012506551,GtCO2,GCP fossil CO2 dataset 2025v15 (Andrew and Peters 2025); GCB 2025,observed
1924,co2_cement_process,0.013582262,GtCO2,GCP fossil CO2 dataset 2025v15 (Andrew and Peters 2025); GCB 2025,observed
1925,co2_cement_process,0.014428664,GtCO2,GCP fossil CO2 dataset 2025v15 (Andrew and Peters 2025); GCB 2025,observed
1926,co2_cement_process,0.014740364,GtCO2,GCP fossil CO2 dataset 2025v15 (Andrew and Peters 2025); GCB 2025,observed
1927,co2_cement_process,0.015448016,GtCO2,GCP fossil CO2 dataset 2025v15 (Andrew and Peters 2025); GCB 2025,observed
1928,co2_cement_process,0.035583017,GtCO2,GCP fossil CO2 dataset 2025v15 (Andrew and Peters 2025); GCB 2025,observed
1929,co2_cement_process,0.036872743,GtCO2,GCP fossil CO2 dataset 2025v15 (Andrew and Peters 2025); GCB 2025,observed
1930,co2_cement_process,0.035561065,GtCO2,GCP fossil CO2 dataset 2025v15 (Andrew and Peters 2025); GCB 2025,observed
1931,co2_cement_process,0.030894293,GtCO2,GCP fossil CO2 dataset 2025v15 (Andrew and Peters 2025); GCB 2025,observed
1932,co2_cement_process,0.024694074,GtCO2,GCP fossil CO2 dataset 2025v15 (Andrew and Peters 2025); GCB 2025,observed
1933,co2_cement_process,0.023839037,GtCO2,GCP fossil CO2 dataset 2025v15 (Andrew and Peters 2025); GCB 2025,observed
1934,co2_cement_process,0.028514343,GtCO2,GCP fossil CO2 dataset 2025v15 (Andrew and Peters 2025); GCB 2025,observed
1935,co2_cement_process,0.032057657,GtCO2,GCP fossil CO2 dataset 2025v15 (Andrew and Peters 2025); GCB 2025,observed
1936,co2_cement_process,0.038736194,GtCO2,GCP fossil CO2 dataset 2025v15 (Andrew and Peters 2025); GCB 2025,observed
1937,co2_cement_process,0.040803909,GtCO2,GCP fossil CO2 dataset 2025v15 (Andrew and Peters 2025); GCB 2025,observed
1938,co2_cement_process,0.038521028,GtCO2,GCP fossil CO2 dataset 2025v15 (Andrew and Peters 2025); GCB 2025,observed
1939,co2_cement_process,0.03565939,GtCO2,GCP fossil CO2 dataset 2025v15 (Andrew and Peters 2025); GCB 2025,observed
1940,co2_cement_process,0.031430612,GtCO2,GCP fossil CO2 dataset 2025v15 (Andrew and Peters 2025); GCB 2025,observed
1941,co2_cement_process,0.043292988,GtCO2,GCP fossil CO2 dataset 2025v15 (Andrew and Peters 2025); GCB 2025,observed
1942,co2_cement_process,0.038376329,GtCO2,GCP fossil CO2 dataset 2025v15 (Andrew and Peters 2025); GCB 2025,observed
1943,co2_cement_process,0.034768878,GtCO2,GCP fossil CO2 dataset 2025v15 (Andrew and Peters 2025); GCB 2025,observed
1944,co2_cement_process,0.022663946,GtCO2,GCP fossil CO2 dataset 2025v15 (Andrew and Peters 2025); GCB 2025,observed
1945,co2_cement_process,0.022985655,GtCO2,GCP fossil CO2 dataset 2025v15 (Andrew and Peters 2025); GCB 2025,observed
1946,co2_cement_process,0.036306133,GtCO2,GCP fossil CO2 dataset 2025v15 (Andrew and Peters 2025); GCB 2025,observed
1947,co2_cement_process,0.043140791,GtCO2,GCP fossil CO2 dataset 2025v15 (Andrew and Peters 2025); GCB 2025,observed
1948,co2_cement_process,0.051635058,GtCO2,GCP fossil CO2 dataset 2025v15 (Andrew and Peters 2025); GCB 2025,observed
1949,co2_cement_process,0.058188834,GtCO2,GCP fossil CO2 dataset 2025v15 (Andrew and Peters 2025); GCB 2025,observed
1950,co2_cement_process,0.066899612,GtCO2,GCP fossil CO2 dataset 2025v15 (Andrew and Peters 2025); GCB 2025,observed
1951,co2_cement_process,0.075765973,GtCO2,GCP fossil CO2 dataset 2025v15 (Andrew and Peters 2025); GCB 2025,observed
1952,co2_cement_process,0.080746256,GtCO2,GCP fossil CO2 dataset 2025v15 (Andrew and Peters 2025); GCB 2025,observed
1953,co2_cement_process,0.089545662,GtCO2,GCP fossil CO2 dataset 2025v15 (Andrew and Peters 2025); GCB 2025,observed
1954,co2_cement_process,0.097133677,GtCO2,GCP fossil CO2 dataset 2025v15 (Andrew and Peters 2025); GCB 2025,observed
1955,co2_cement_process,0.10743567,GtCO2,GCP fossil CO2 dataset 2025v15 (Andrew and Peters 2025); GCB 2025,observed
1956,co2_cement_process,0.1164876,GtCO2,GCP fossil CO2 dataset 2025v15 (Andrew and Peters 2025); GCB 2025,observed
1957,co2_cement_process,0.122451564,GtCO2,GCP fossil CO2 dataset 2025v15 (Andrew and Peters 2025); GCB 2025,observed
1958,co2_cement_process,0.129694036,GtCO2,GCP fossil CO2 dataset 2025v15 (Andrew and Peters 2025); GCB 2025,observed
1959,co2_cement_process,0.145244794,GtCO2,GCP fossil CO2 dataset 2025v15 (Andrew and Peters 2025); GCB 2025,observed
1960,co2_cement_process,0.157393826,GtCO2,GCP fossil CO2 dataset 2025v15 (Andrew and Peters 2025); GCB 2025,observed
1961,co2_cement_process,0.164144094,GtCO2,GCP fossil CO2 dataset 2025v15 (Andrew and Peters 2025); GCB 2025,observed
1962,co2_cement_process,0.17636439,GtCO2,GCP fossil CO2 dataset 2025v15 (Andrew and Peters 2025); GCB 2025,observed
1963,co2_cement_process,0.185980712,GtCO2,GCP fossil CO2 dataset 2025v15 (Andrew and Peters 2025); GCB 2025,observed
1964,co2_cement_process,0.206150112,GtCO2,GCP fossil CO2 dataset 2025v15 (Andrew and Peters 2025); GCB 2025,observed
1965,co2_cement_process,0.216430625,GtCO2,GCP fossil CO2 dataset 2025v15 (Andrew and Peters 2025); GCB 2025,observed
1966,co2_cement_process,0.23300808,GtCO2,GCP fossil CO2 dataset 2025v15 (Andrew and Peters 2025); GCB 2025,observed
1967,co2_cement_process,0.239881146,GtCO2,GCP fossil CO2 dataset 2025v15 (Andrew and Peters 2025); GCB 2025,observed
1968,co2_cement_process,0.255272785,GtCO2,GCP fossil CO2 dataset 2025v15 (Andrew and Peters 2025); GCB 2025,observed
1969,co2_cement_process,0.27059926,GtCO2,GCP fossil CO2 dataset 2025v15 (Andrew and Peters 2025); GCB 2025,observed
1970,co2_cement_process,0.288231297,GtCO2,GCP fossil CO2 dataset 2025v15 (Andrew and Peters 2025); GCB 2025,observed
1971,co2_cement_process,0.303058408,GtCO2,GCP fossil CO2 dataset 2025v15 (Andrew and Peters 2025); GCB 2025,observed
1972,co2_cement_process,0.32125604,GtCO2,GCP fossil CO2 dataset 2025v15 (Andrew and Peters 2025); GCB 2025,observed
1973,co2_cement_process,0.340161147,GtCO2,GCP fossil CO2 dataset 2025v15 (Andrew and Peters 2025); GCB 2025,observed
1974,co2_cement_process,0.340610588,GtCO2,GCP fossil CO2 dataset 2025v15 (Andrew and Peters 2025); GCB 2025,observed
1975,co2_cement_process,0.3398762,GtCO2,GCP fossil CO2 dataset 2025v15 (Andrew and Peters 2025); GCB 2025,observed
1976,co2_cement_process,0.356052689,GtCO2,GCP fossil CO2 dataset 2025v15 (Andrew and Peters 2025); GCB 2025,observed
1977,co2_cement_process,0.372709879,GtCO2,GCP fossil CO2 dataset 2025v15 (Andrew and Peters 2025); GCB 2025,observed
1978,co2_cement_process,0.397889004,GtCO2,GCP fossil CO2 dataset 2025v15 (Andrew and Peters 2025); GCB 2025,observed
1979,co2_cement_process,0.403703449,GtCO2,GCP fossil CO2 dataset 2025v15 (Andrew and Peters 2025); GCB 2025,observed
1980,co2_cement_process,0.406156036,GtCO2,GCP fossil CO2 dataset 2025v15 (Andrew and Peters 2025); GCB 2025,observed
1981,co2_cement_process,0.406188883,GtCO2,GCP fossil CO2 dataset 2025v15 (Andrew and Peters 2025); GCB 2025,observed
1982,co2_cement_process,0.404046531,GtCO2,GCP fossil CO2 dataset 2025v15 (Andrew and Peters 2025); GCB 2025,observed
1983,co2_cement_process,0.413274938,GtCO2,GCP fossil CO2 dataset 2025v15 (Andrew and Peters 2025); GCB 2025,observed
1984,co2_cement_process,0.421116653,GtCO2,GCP fossil CO2 dataset 2025v15 (Andrew and Peters 2025); GCB 2025,observed
1985,co2_cement_process,0.42574065,GtCO2,GCP fossil CO2 dataset 2025v15 (Andrew and Peters 2025); GCB 2025,observed
1986,co2_cement_process,0.44178427,GtCO2,GCP fossil CO2 dataset 2025v15 (Andrew and Peters 2025); GCB 2025,observed
1987,co2_cement_process,0.458381554,GtCO2,GCP fossil CO2 dataset 2025v15 (Andrew and Peters 2025); GCB 2025,observed
1988,co2_cement_process,0.481928514,GtCO2,GCP fossil CO2 dataset 2025v15 (Andrew and Peters 2025); GCB 2025,observed
1989,co2_cement_process,0.492073164,GtCO2,GCP fossil CO2 dataset 2025v15 (Andrew and Peters 2025); GCB 2025,observed
1990,co2_cement_process,0.492521998,GtCO2,GCP fossil CO2 dataset 2025v15 (Andrew and Peters 2025); GCB 2025,observed
1991,co2_cement_process,0.504693632,GtCO2,GCP fossil CO2 dataset 2025v15 (Andrew and Peters 2025); GCB 2025,observed
1992,co2_cement_process,0.525921651,GtCO2,GCP fossil CO2 dataset 2025v15 (Andrew and Peters 2025); GCB 2025,observed
1993,co2_cement_process,0.549566797,GtCO2,GCP fossil CO2 dataset 2025v15 (Andrew and Peters 2025); GCB 2025,observed
1994,co2_cement_process,0.586743584,GtCO2,GCP fossil CO2 dataset 2025v15 (Andrew and Peters 2025); GCB 2025,observed
1995,co2_cement_process,0.620204432,GtCO2,GCP fossil CO2 dataset 2025v15 (Andrew and Peters 2025); GCB 2025,observed
1996,co2_cement_process,0.633558904,GtCO2,GCP fossil CO2 dataset 2025v15 (Andrew and Peters 2025); GCB 2025,observed
1997,co2_cement_process,0.658829065,GtCO2,GCP fossil CO2 dataset 2025v15 (Andrew and Peters 2025); GCB 2025,observed
1998,co2_cement_process,0.656596049,GtCO2,GCP fossil CO2 dataset 2025v15 (Andrew and Peters 2025); GCB 2025,observed
1999,co2_cement_process,0.688046856,GtCO2,GCP fossil CO2 dataset 2025v15 (Andrew and Peters 2025); GCB 2025,observed
2000,co2_cement_process,0.718165396,GtCO2,GCP fossil CO2 dataset 2025v15 (Andrew and Peters 2025); GCB 2025,observed
2001,co2_cement_process,0.750748011,GtCO2,GCP fossil CO2 dataset 2025v15 (Andrew and Peters 2025); GCB 2025,observed
2002,co2_cement_process,0.779004291,GtCO2,GCP fossil CO2 dataset 2025v15 (Andrew and Peters 2025); GCB 2025,observed
2003,co2_cement_process,0.857434857,GtCO2,GCP fossil CO2 dataset 2025v15 (Andrew and Peters 2025); GCB 2025,observed
2004,co2_cement_process,0.895929474,GtCO2,GCP fossil CO2 dataset 2025v15 (Andrew and Peters 2025); GCB 2025,observed
2005,co2_cement_process,0.966776325,GtCO2,GCP fossil CO2 dataset 2025v15 (Andrew and Peters 2025); GCB 2025,observed
2006,co2_cement_process,1.04729418,GtCO2,GCP fossil CO2 dataset 2025v15 (Andrew and Peters 2025); GCB 2025,observed
2007,co2_cement_process,1.12619909,GtCO2,GCP fossil CO2 dataset 2025v15 (Andrew and Peters 2025); GCB 2025,observed
2008,co2_cement_process,1.13739724,GtCO2,GCP fossil CO2 dataset 2025v15 (Andrew and Peters 2025); GCB 2025,observed
2009,co2_cement_process,1.170606,GtCO2,GCP fossil CO2 dataset 2025v15 (Andrew and Peters 2025); GCB 2025,observed
2010,co2_cement_process,1.25181348,GtCO2,GCP fossil CO2 dataset 2025v15 (Andrew and Peters 2025); GCB 2025,observed
2011,co2_cement_process,1.34474678,GtCO2,GCP fossil CO2 dataset 2025v15 (Andrew and Peters 2025); GCB 2025,observed
2012,co2_cement_process,1.37735423,GtCO2,GCP fossil CO2 dataset 2025v15 (Andrew and Peters 2025); GCB 2025,observed
2013,co2_cement_process,1.44133372,GtCO2,GCP fossil CO2 dataset 2025v15 (Andrew and Peters 2025); GCB 2025,observed
2014,co2_cement_process,1.492451,GtCO2,GCP fossil CO2 dataset 2025v15 (Andrew and Peters 2025); GCB 2025,observed
2015,co2_cement_process,1.44066547,GtCO2,GCP fossil CO2 dataset 2025v15 (Andrew and Peters 2025); GCB 2025,observed
2016,co2_cement_process,1.47614743,GtCO2,GCP fossil CO2 dataset 2025v15 (Andrew and Peters 2025); GCB 2025,observed
2017,co2_cement_process,1.49994678,GtCO2,GCP fossil CO2 dataset 2025v15 (Andrew and Peters 2025); GCB 2025,observed
2018,co2_cement_process,1.54684862,GtCO2,GCP fossil CO2 dataset 2025v15 (Andrew and Peters 2025); GCB 2025,observed
2019,co2_cement_process,1.61572657,GtCO2,GCP fossil CO2 dataset 2025v15 (Andrew and Peters 2025); GCB 2025,observed
2020,co2_cement_process,1.62405219,GtCO2,GCP fossil CO2 dataset 2025v15 (Andrew and Peters 2025); GCB 2025,observed
2021,co2_cement_process,1.66688503,GtCO2,GCP fossil CO2 dataset 2025v15 (Andrew and Peters 2025); GCB 2025,observed
2022,co2_cement_process,1.57873935,GtCO2,GCP fossil CO2 dataset 2025v15 (Andrew and Peters 2025); GCB 2025,observed
2023,co2_cement_process,1.54028621,GtCO2,GCP fossil CO2 dataset 2025v15 (Andrew and Peters 2025); GCB 2025,observed
2024,co2_cement_process,1.47281746,GtCO2,GCP fossil CO2 dataset 2025v15 (Andrew and Peters 2025); GCB 2025,observed
1750,co2_flaring,0,GtCO2,GCP fossil CO2 dataset 2025v15 (Andrew and Peters 2025); GCB 2025,observed
1751,co2_flaring,0,GtCO2,GCP fossil CO2 dataset 2025v15 (Andrew and Peters 2025); GCB 2025,observed
1752,co2_flaring,0,GtCO2,GCP fossil CO2 dataset 2025v15 (Andrew and Peters 2025); GCB 2025,observed
1753,co2_flaring,0,GtCO2,GCP fossil CO2 dataset 2025v15 (Andrew and Peters 2025); GCB 2025,observed
1754,co2_flaring,0,GtCO2,GCP fossil CO2 dataset 2025v15 (Andrew and Peters 2025); GCB 2025,observed
1755,co2_flaring,0,GtCO2,GCP fossil CO2 dataset 2025v15 (Andrew and Peters 2025); GCB 2025,observed
1756,co2_flaring,0,GtCO2,GCP fossil CO2 dataset 2025v15 (Andrew and Peters 2025); GCB 2025,observed
1757,co2_flaring,0,GtCO2,GCP fossil CO2 dataset 2025v15 (Andrew and Peters 2025); GCB 2025,observed
1758,co2_flaring,0,GtCO2,GCP fossil CO2 dataset 2025v15 (Andrew and Peters 2025); GCB 2025,observed
1759,co2_flaring,0,GtCO2,GCP fossil CO2 dataset 2025v15 (Andrew and Peters 2025); GCB 2025,observed
1760,co2_flaring,0,GtCO2,GCP fossil CO2 dataset 2025v15 (Andrew and Peters 2025); GCB 2025,observed
1761,co2_flaring,0,GtCO2,GCP fossil CO2 dataset 2025v15 (Andrew and Peters 2025); GCB 2025,observed
1762,co2_flaring,0,GtCO2,GCP fossil CO2 dataset 2025v15 (Andrew and Peters 2025); GCB 2025,observed
1763,co2_flaring,0,GtCO2,GCP fossil CO2 dataset 2025v15 (Andrew and Peters 2025); GCB 2025,observed
1764,co2_flaring,0,GtCO2,GCP fossil CO2 dataset 2025v15 (Andrew and Peters 2025); GCB 2025,observed
1765,co2_flaring,0,GtCO2,GCP fossil CO2 dataset 2025v15 (Andrew and Peters 2025); GCB 2025,observed
1766,co2_flaring,0,GtCO2,GCP fossil CO2 dataset 2025v15 (Andrew and Peters 2025); GCB 2025,observed
1767,co2_flaring,0,GtCO2,GCP fossil CO2 dataset 2025v15 (Andrew and Peters 2025); GCB 2025,observed
1768,co2_flaring,0,GtCO2,GCP fossil CO2 dataset 2025v15 (Andrew and Peters 2025); GCB 2025,observed
1769,co2_flaring,0,GtCO2,GCP fossil CO2 dataset 2025v15 (Andrew and Peters 2025); GCB 2025,observed
1770,co2_flaring,0,GtCO2,GCP fossil CO2 dataset 2025v15 (Andrew and Peters 2025); GCB 2025,observed
1771,co2_flaring,0,GtCO2,GCP fossil CO2 dataset 2025v15 (Andrew and Peters 2025); GCB 2025,observed
1772,co2_flaring,0,GtCO2,GCP fossil CO2 dataset 2025v15 (Andrew and Peters 2025); GCB 2025,observed
1773,co2_flaring,0,GtCO2,GCP fossil CO2 dataset 2025v15 (Andrew and Peters 2025); GCB 2025,observed
1774,co2_flaring,0,GtCO2,GCP fossil CO2 dataset 2025v15 (Andrew and Peters 2025); GCB 2025,observed
1775,co2_flaring,0,GtCO2,GCP fossil CO2 dataset 2025v15 (Andrew and Peters 2025); GCB 2025,observed
1776,co2_flaring,0,GtCO2,GCP fossil CO2 dataset 2025v15 (Andrew and Peters 2025); GCB 2025,observed
1777,co2_flaring,0,GtCO2,GCP fossil CO2 dataset 2025v15 (Andrew and Peters 2025); GCB 2025,observed
1778,co2_flaring,0,GtCO2,GCP fossil CO2 dataset 2025v15 (Andrew and Peters 2025); GCB 2025,observed
1779,co2_flaring,0,GtCO2,GCP fossil CO2 dataset 2025v15 (Andrew and Peters 2025); GCB 2025,observed
1780,co2_flaring,0,GtCO2,GCP fossil CO2 dataset 2025v15 (Andrew and Peters 2025); GCB 2025,observed
1781,co2_flaring,0,GtCO2,GCP fossil CO2 dataset 2025v15 (Andrew and Peters 2025); GCB 2025,observed
1782,co2_flaring,0,GtCO2,GCP fossil CO2 dataset 2025v15 (Andrew and Peters 2025); GCB 2025,observed
1783,co2_flaring,0,GtCO2,GCP fossil CO2 dataset 2025v15 (Andrew and Peters 2025); GCB 2025,observed
1784,co2_flaring,0,GtCO2,GCP fossil CO2 dataset 2025v15 (Andrew and Peters 2025); GCB 2025,observed
1785,co2_flaring,0,GtCO2,GCP fossil CO2 dataset 2025v15 (Andrew and Peters 2025); GCB 2025,observed
1786,co2_flaring,0,GtCO2,GCP fossil CO2 dataset 2025v15 (Andrew and Peters 2025); GCB 2025,observed
1787,co2_flaring,0,GtCO2,GCP fossil CO2 dataset 2025v15 (Andrew and Peters 2025); GCB 2025,observed
1788,co2_flaring,0,GtCO2,GCP fossil CO2 dataset 2025v15 (Andrew and Peters 2025); GCB 2025,observed
1789,co2_flaring,0,GtCO2,GCP fossil CO2 dataset 2025v15 (Andrew and Peters 2025); GCB 2025,observed
1790,co2_flaring,0,GtCO2,GCP fossil CO2 dataset 2025v15 (Andrew and Peters 2025); GCB 2025,observed
1791,co2_flaring,0,GtCO2,GCP fossil CO2 dataset 2025v15 (Andrew and Peters 2025); GCB 2025,observed
1792,co2_flaring,0,GtCO2,GCP fossil CO2 dataset 2025v15 (Andrew and Peters 2025); GCB 2025,observed
1793,co2_flaring,0,GtCO2,GCP fossil CO2 dataset 2025v15 (Andrew and Peters 2025); GCB 2025,observed
1794,co2_flaring,0,GtCO2,GCP fossil CO2 dataset 2025v15 (Andrew and Peters 2025); GCB 2025,observed
1795,co2_flaring,0,GtCO2,GCP fossil CO2 dataset 2025v15 (Andrew and Peters 2025); GCB 2025,observed
1796,co2_flaring,0,GtCO2,GCP fossil CO2 dataset 2025v15 (Andrew and Peters 2025); GCB 2025,observed
1797,co2_flaring,0,GtCO2,GCP fossil CO2 dataset 2025v15 (Andrew and Peters 2025); GCB 2025,observed
1798,co2_flaring,0,GtCO2,GCP fossil CO2 dataset 2025v15 (Andrew and Peters 2025); GCB 2025,observed
1799,co2_flaring,0,GtCO2,GCP fossil CO2 dataset 2025v15 (Andrew and Peters 2025); GCB 2025,observed
1800,co2_flaring,0,GtCO2,GCP fossil CO2 dataset 2025v15 (Andrew and Peters 2025); GCB 2025,observed
1801,co2_flaring,0,GtCO2,GCP fossil CO2 dataset 2025v15 (Andrew and Peters 2025); GCB 2025,observed
1802,co2_flaring,0,GtCO2,GCP fossil CO2 dataset 2025v15 (Andrew and Peters 2025); GCB 2025,observed
1803,co2_flaring,0,GtCO2,GCP fossil CO2 dataset 2025v15 (Andrew and Peters 2025); GCB 2025,observed
1804,co2_flaring,0,GtCO2,GCP fossil CO2 dataset 2025v15 (Andrew and Peters 2025); GCB 2025,observed
1805,co2_flaring,0,GtCO2,GCP fossil CO2 dataset 2025v15 (Andrew and Peters 2025); GCB 2025,observed
1806,co2_flaring,0,GtCO2,GCP fossil CO2 dataset 2025v15 (Andrew and Peters 2025); GCB 2025,observed
1807,co2_flaring,0,GtCO2,GCP fossil CO2 dataset 2025v15 (Andrew and Peters 2025); GCB 2025,observed
1808,co2_flaring,0,GtCO2,GCP fossil CO2 dataset 2025v15 (Andrew and Peters 2025); GCB 2025,observed
1809,co2_flaring,0,GtCO2,GCP fossil CO2 dataset 2025v15 (Andrew and Peters 2025); GCB 2025,observed
1810,co2_flaring,0,GtCO2,GCP fossil CO2 dataset 2025v15 (Andrew and Peters 2025); GCB 2025,observed
1811,co2_flaring,0,GtCO2,GCP fossil CO2 dataset 2025v15 (Andrew and Peters 2025); GCB 2025,observed
1812,co2_flaring,0,GtCO2,GCP fossil CO2 dataset 2025v15 (Andrew and Peters 2025); GCB 2025,observed
1813,co2_flaring,0,GtCO2,GCP fossil CO2 dataset 2025v15 (Andrew and Peters 2025); GCB 2025,observed
1814,co2_flaring,0,GtCO2,GCP fossil CO2 dataset 2025v15 (Andrew and Peters 2025); GCB 2025,observed
1815,co2_flaring,0,GtCO2,GCP fossil CO2 dataset 2025v15 (Andrew and Peters 2025); GCB 2025,observed
1816,co2_flaring,0,GtCO2,GCP fossil CO2 dataset 2025v15 (Andrew and Peters 2025); GCB 2025,observed
1817,co2_flaring,0,GtCO2,GCP fossil CO2 dataset 2025v15 (Andrew and Peters 2025); GCB 2025,observed
1818,co2_flaring,0,GtCO2,GCP fossil CO2 dataset 2025v15 (Andrew and Peters 2025); GCB 2025,observed
1819,co2_flaring,0,GtCO2,GCP fossil CO2 dataset 2025v15 (Andrew and Peters 2025); GCB 2025,observed
1820,co2_flaring,0,GtCO2,GCP fossil CO2 dataset 2025v15 (Andrew and Peters 2025); GCB 2025,observed
1821,co2_flaring,0,GtCO2,GCP fossil CO2 dataset 2025v15 (Andrew and Peters 2025); GCB 2025,observed
1822,co2_flaring,0,GtCO2,GCP fossil CO2 dataset 2025v15 (Andrew and Peters 2025); GCB 2025,observed
1823,co2_flaring,0,GtCO2,GCP fossil CO2 dataset 2025v15 (Andrew and Peters 2025); GCB 2025,observed
1824,co2_flaring,0,GtCO2,GCP fossil CO2 dataset 2025v15 (Andrew and Peters 2025); GCB 2025,observed
1825,co2_flaring,0,GtCO2,GCP fossil CO2 dataset 2025v15 (Andrew and Peters 2025); GCB 2025,observed
1826,co2_flaring,0,GtCO2,GCP fossil CO2 dataset 2025v15 (Andrew and Peters 2025); GCB 2025,observed
1827,co2_flaring,0,GtCO2,GCP fossil CO2 dataset 2025v15 (Andrew and Peters 2025); GCB 2025,observed
1828,co2_flaring,0,GtCO2,GCP fossil CO2 dataset 2025v15 (Andrew and Peters 2025); GCB 2025,observed
1829,co2_flaring,0,GtCO2,GCP fossil CO2 dataset 2025v15 (Andrew and Peters 2025); GCB 2025,observed
1830,co2_flaring,0,GtCO2,GCP fossil CO2 dataset 2025v15 (Andrew and Peters 2025); GCB 2025,observed
1831,co2_flaring,0,GtCO2,GCP fossil CO2 dataset 2025v15 (Andrew and Peters 2025); GCB 2025,observed
1832,co2_flaring,0,GtCO2,GCP fossil CO2 dataset 2025v15 (Andrew and Peters 2025); GCB 2025,observed
1833,co2_flaring,0,GtCO2,GCP fossil CO2 dataset 2025v15 (Andrew and Peters 2025); GCB 2025,observed
1834,co2_flaring,0,GtCO2,GCP fossil CO2 dataset 2025v15 (Andrew and Peters 2025); GCB 2025,observed
1835,co2_flaring,0,GtCO2,GCP fossil CO2 dataset 2025v15 (Andrew and Peters 2025); GCB 2025,observed
1836,co2_flaring,0,GtCO2,GCP fossil CO2 dataset 2025v15 (Andrew and Peters 2025); GCB 2025,observed
1837,co2_flaring,0,GtCO2,GCP fossil CO2 dataset 2025v15 (Andrew and Peters 2025); GCB 2025,observed
1838,co2_flaring,0,GtCO2,GCP fossil CO2 dataset 2025v15 (Andrew and Peters 2025); GCB 2025,observed
1839,co2_flaring,0,GtCO2,GCP fossil CO2 dataset 2025v15 (Andrew and Peters 2025); GCB 2025,observed
1840,co2_flaring,0,GtCO2,GCP fossil CO2 dataset 2025v15 (Andrew and Peters 2025); GCB 2025,observed
1841,co2_flaring,0,GtCO2,GCP fossil CO2 dataset 2025v15 (Andrew and Peters 2025); GCB 2025,observed
1842,co2_flaring,0,GtCO2,GCP fossil CO2 dataset 2025v15 (Andrew and Peters 2025); GCB 2025,observed
1843,co2_flaring,0,GtCO2,GCP fossil CO2 dataset 2025v15 (Andrew and Peters 2025); GCB 2025,observed
1844,co2_flaring,0,GtCO2,GCP fossil CO2 dataset 2025v15 (Andrew and Peters 2025); GCB 2025,observed
1845,co2_flaring,0,GtCO2,GCP fossil CO2 dataset 2025v15 (Andrew and Peters 2025); GCB 2025,observed
1846,co2_flaring,0,GtCO2,GCP fossil CO2 dataset 2025v15 (Andrew and Peters 2025); GCB 2025,observed
1847,co2_flaring,0,GtCO2,GCP fossil CO2 dataset 2025v15 (Andrew and Peters 2025); GCB 2025,observed
1848,co2_flaring,0,GtCO2,GCP fossil CO2 dataset 2025v15 (Andrew and Peters 2025); GCB 2025,observed
1849,co2_flaring,0,GtCO2,GCP fossil CO2 dataset 2025v15 (Andrew and Peters 2025); GCB 2025,observed
1850,co2_flaring,0,GtCO2,GCP fossil CO2 dataset 2025v15 (Andrew and Peters 2025); GCB 2025,observed
1851,co2_flaring,0,GtCO2,GCP fossil CO2 dataset 2025v15 (Andrew and Peters 2025); GCB 2025,observed
1852,co2_flaring,0,GtCO2,GCP fossil CO2 dataset 2025v15 (Andrew and Peters 2025); GCB 2025,observed
1853,co2_flaring,0,GtCO2,GCP fossil CO2 dataset 2025v15 (Andrew and Peters 2025); GCB 2025,observed
1854,co2_flaring,0,GtCO2,GCP fossil CO2 dataset 2025v15 (Andrew and Peters 2025); GCB 2025,observed
1855,co2_flaring,0,GtCO2,GCP fossil CO2 dataset 2025v15 (Andrew and Peters 2025); GCB 2025,observed
1856,co2_flaring,0,GtCO2,GCP fossil CO2 dataset 2025v15 (Andrew and Peters 2025); GCB 2025,observed
1857,co2_flaring,0,GtCO2,GCP fossil CO2 dataset 2025v15 (Andrew and Peters 2025); GCB 2025,observed
1858,co2_flaring,0,GtCO2,GCP fossil CO2 dataset 2025v15 (Andrew and Peters 2025); GCB 2025,observed
1859,co2_flaring,0,GtCO2,GCP fossil CO2 dataset 2025v15 (Andrew and Peters 2025); GCB 2025,observed
1860,co2_flaring,0,GtCO2,GCP fossil CO2 dataset 2025v15 (Andrew and Peters 2025); GCB 2025,observed
1861,co2_flaring,0,GtCO2,GCP fossil CO2 dataset 2025v15 (Andrew and Peters 2025); GCB 2025,observed
1862,co2_flaring,0,GtCO2,GCP fossil CO2 dataset 2025v15 (Andrew and Peters 2025); GCB 2025,observed
1863,co2_flaring,0,GtCO2,GCP fossil CO2 dataset 2025v15 (Andrew and Peters 2025); GCB 2025,observed
1864,co2_flaring,0,GtCO2,GCP fossil CO2 dataset 2025v15 (Andrew and Peters 2025); GCB 2025,observed
1865,co2_flaring,0,GtCO2,GCP fossil CO2 dataset 2025v15 (Andrew and Peters 2025); GCB 2025,observed
1866,co2_flaring,0,GtCO2,GCP fossil CO2 dataset 2025v15 (Andrew and Peters 2025); GCB 2025,observed
1867,co2_flaring,0,GtCO2,GCP fossil CO2 dataset 2025v15 (Andrew and Peters 2025); GCB 2025,observed
1868,co2_flaring,0,GtCO2,GCP fossil CO2 dataset 2025v15 (Andrew and Peters 2025); GCB 2025,observed
1869,co2_flaring,0,GtCO2,GCP fossil CO2 dataset 2025v15 (Andrew and Peters 2025); GCB 2025,observed
1870,co2_flaring,0,GtCO2,GCP fossil CO2 dataset 2025v15 (Andrew and Peters 2025); GCB 2025,observed
1871,co2_flaring,0,GtCO2,GCP fossil CO2 dataset 2025v15 (Andrew and Peters 2025); GCB 2025,observed
1872,co2_flaring,0,GtCO2,GCP fossil CO2 dataset 2025v15 (Andrew and Peters 2025); GCB 2025,observed
1873,co2_flaring,0,GtCO2,GCP fossil CO2 dataset 2025v15 (Andrew and Peters 2025); GCB 2025,observed
1874,co2_flaring,0,GtCO2,GCP fossil CO2 dataset 2025v15 (Andrew and Peters 2025); GCB 2025,observed
1875,co2_flaring,0,GtCO2,GCP fossil CO2 dataset 2025v15 (Andrew and Peters 2025); GCB 2025,observed
1876,co2_flaring,0,GtCO2,GCP fossil CO2 dataset 2025v15 (Andrew and Peters 2025); GCB 2025,observed
1877,co2_flaring,0,GtCO2,GCP fossil CO2 dataset 2025v15 (Andrew and Peters 2025); GCB 2025,observed
1878,co2_flaring,0,GtCO2,GCP fossil CO2 dataset 2025v15 (Andrew and Peters 2025); GCB 2025,observed
1879,co2_flaring,0,GtCO2,GCP fossil CO2 dataset 2025v15 (Andrew and Peters 2025); GCB 2025,observed
1880,co2_flaring,0,GtCO2,GCP fossil CO2 dataset 2025v15 (Andrew and Peters 2025); GCB 2025,observed
1881,co2_flaring,0,GtCO2,GCP fossil CO2 dataset 2025v15 (Andrew and Peters 2025); GCB 2025,observed
1882,co2_flaring,0,GtCO2,GCP fossil CO2 dataset 2025v15 (Andrew and Peters 2025); GCB 2025,observed
1883,co2_flaring,0,GtCO2,GCP fossil CO2 dataset 2025v15 (Andrew and Peters 2025); GCB 2025,observed
1884,co2_flaring,0,GtCO2,GCP fossil CO2 dataset 2025v15 (Andrew and Peters 2025); GCB 2025,observed
1885,co2_flaring,0,GtCO2,GCP fossil CO2 dataset 2025v15 (Andrew and Peters 2025); GCB 2025,observed
1886,co2_flaring,0,GtCO2,GCP fossil CO2 dataset 2025v15 (Andrew and Peters 2025); GCB 2025,observed
1887,co2_flaring,0,GtCO2,GCP fossil CO2 dataset 2025v15 (Andrew and Peters 2025); GCB 2025,observed
1888,co2_flaring,0,GtCO2,GCP fossil CO2 dataset 2025v15 (Andrew and Peters 2025); GCB 2025,observed
1889,co2_flaring,0,GtCO2,GCP fossil CO2 dataset 2025v15 (Andrew and Peters 2025); GCB 2025,observed
1890,co2_flaring,0,GtCO2,GCP fossil CO2 dataset 2025v15 (Andrew and Peters 2025); GCB 2025,observed
1891,co2_flaring,0,GtCO2,GCP fossil CO2 dataset 2025v15 (Andrew and Peters 2025); GCB 2025,observed
1892,co2_flaring,0,GtCO2,GCP fossil CO2 dataset 2025v15 (Andrew and Peters 2025); GCB 2025,observed
1893,co2_flaring,0,GtCO2,GCP fossil CO2 dataset 2025v15 (Andrew and Peters 2025); GCB 2025,observed
1894,co2_flaring,0,GtCO2,GCP fossil CO2 dataset 2025v15 (Andrew and Peters 2025); GCB 2025,observed
1895,co2_flaring,0,GtCO2,GCP fossil CO2 dataset 2025v15 (Andrew and Peters 2025); GCB 2025,observed
1896,co2_flaring,0,GtCO2,GCP fossil CO2 dataset 2025v15 (Andrew and Peters 2025); GCB 2025,observed
1897,co2_flaring,0,GtCO2,GCP fossil CO2 dataset 2025v15 (Andrew and Peters 2025); GCB 2025,observed
1898,co2_flaring,0,GtCO2,GCP fossil CO2 dataset 2025v15 (Andrew and Peters 2025); GCB 2025,observed
1899,co2_flaring,0,GtCO2,GCP fossil CO2 dataset 2025v15 (Andrew and Peters 2025); GCB 2025,observed
1900,co2_flaring,0,GtCO2,GCP fossil CO2 dataset 2025v15 (Andrew and Peters 2025); GCB 2025,observed
1901,co2_flaring,0,GtCO2,GCP fossil CO2 dataset 2025v15 (Andrew and Peters 2025); GCB 2025,observed
1902,co2_flaring,0,GtCO2,GCP fossil CO2 dataset 2025v15 (Andrew and Peters 2025); GCB 2025,observed
1903,co2_flaring,0,GtCO2,GCP fossil CO2 dataset 2025v15 (Andrew and Peters 2025); GCB 2025,observed
1904,co2_flaring,0,GtCO2,GCP fossil CO2 dataset 2025v15 (Andrew and Peters 2025); GCB 2025,observed
1905,co2_flaring,0,GtCO2,GCP fossil CO2 dataset 2025v15 (Andrew and Peters 2025); GCB 2025,observed
1906,co2_flaring,0,GtCO2,GCP fossil CO2 dataset 2025v15 (Andrew and Peters 2025); GCB 2025,observed
1907,co2_flaring,0,GtCO2,GCP fossil CO2 dataset 2025v15 (Andrew and Peters 2025); GCB 2025,observed
1908,co2_flaring,0,GtCO2,GCP fossil CO2 dataset 2025v15 (Andrew and Peters 2025); GCB 2025,observed
1909,co2_flaring,0,GtCO2,GCP fossil CO2 dataset 2025v15 (Andrew and Peters 2025); GCB 2025,observed
1910,co2_flaring,0,GtCO2,GCP fossil CO2 dataset 2025v15 (Andrew and Peters 2025); GCB 2025,observed
1911,co2_flaring,0,GtCO2,GCP fossil CO2 dataset 2025v15 (Andrew and Peters 2025); GCB 2025,observed
1912,co2_flaring,0,GtCO2,GCP fossil CO2 dataset 2025v15 (Andrew and Peters 2025); GCB 2025,observed
1913,co2_flaring,0,GtCO2,GCP fossil CO2 dataset 2025v15 (Andrew and Peters 2025); GCB 2025,observed
1914,co2_flaring,0,GtCO2,GCP fossil CO2 dataset 2025v15 (Andrew and Peters 2025); GCB 2025,observed
1915,co2_flaring,0,GtCO2,GCP fossil CO2 dataset 2025v15 (Andrew and Peters 2025); GCB 2025,observed
1916,co2_flaring,0,GtCO2,GCP fossil CO2 dataset 2025v15 (Andrew and Peters 2025); GCB 2025,observed
1917,co2_flaring,0,GtCO2,GCP fossil CO2 dataset 2025v15 (Andrew and Peters 2025); GCB 2025,observed
1918,co2_flaring,0,GtCO2,GCP fossil CO2 dataset 2025v15 (Andrew and Peters 2025); GCB 2025,observed
1919,co2_flaring,0,GtCO2,GCP fossil CO2 dataset 2025v15 (Andrew and Peters 2025); GCB 2025,observed
1920,co2_flaring,0,GtCO2,GCP fossil CO2 dataset 2025v15 (Andrew and Peters 2025); GCB 2025,observed
1921,co2_flaring,0,GtCO2,GCP fossil CO2 dataset 2025v15 (Andrew and Peters 2025); GCB 2025,observed
1922,co2_flaring,0,GtCO2,GCP fossil CO2 dataset 2025v15 (Andrew and Peters 2025); GCB 2025,observed
1923,co2_flaring,0,GtCO2,GCP fossil CO2 dataset 2025v15 (Andrew and Peters 2025); GCB 2025,observed
1924,co2_flaring,0,GtCO2,GCP fossil CO2 dataset 2025v15 (Andrew and Peters 2025); GCB 2025,observed
1925,co2_flaring,0,GtCO2,GCP fossil CO2 dataset 2025v15 (Andrew and Peters 2025); GCB 2025,observed
1926,co2_flaring,0,GtCO2,GCP fossil CO2 dataset 2025v15 (Andrew and Peters 2025); GCB 2025,observed
1927,co2_flaring,0,GtCO2,GCP fossil CO2 dataset 2025v15 (Andrew and Peters 2025); GCB 2025,observed
1928,co2_flaring,0,GtCO2,GCP fossil CO2 dataset 2025v15 (Andrew and Peters 2025); GCB 2025,observed
1929,co2_flaring,0,GtCO2,GCP fossil CO2 dataset 2025v15 (Andrew and Peters 2025); GCB 2025,observed
1930,co2_flaring,0,GtCO2,GCP fossil CO2 dataset 2025v15 (Andrew and Peters 2025); GCB 2025,observed
1931,co2_flaring,0,GtCO2,GCP fossil CO2 dataset 2025v15 (Andrew and Peters 2025); GCB 2025,observed
1932,co2_flaring,0,GtCO2,GCP fossil CO2 dataset 2025v15 (Andrew and Peters 2025); GCB 2025,observed
1933,co2_flaring,0,GtCO2,GCP fossil CO2 dataset 2025v15 (Andrew and Peters 2025); GCB 2025,observed
1934,co2_flaring,0,GtCO2,GCP fossil CO2 dataset 2025v15 (Andrew and Peters 2025); GCB 2025,observed
1935,co2_flaring,0,GtCO2,GCP fossil CO2 dataset 2025v15 (Andrew and Peters 2025); GCB 2025,observed
1936,co2_flaring,0,GtCO2,GCP fossil CO2 dataset 2025v15 (Andrew and Peters 2025); GCB 2025,observed
1937,co2_flaring,0,GtCO2,GCP fossil CO2 dataset 2025v15 (Andrew and Peters 2025); GCB 2025,observed
1938,co2_flaring,0,GtCO2,GCP fossil CO2 dataset 2025v15 (Andrew and Peters 2025); GCB 2025,observed
1939,co2_flaring,0,GtCO2,GCP fossil CO2 dataset 2025v15 (Andrew and Peters 2025); GCB 2025,observed
1940,co2_flaring,0,GtCO2,GCP fossil CO2 dataset 2025v15 (Andrew and Peters 2025); GCB 2025,observed
1941,co2_flaring,0,GtCO2,GCP fossil CO2 dataset 2025v15 (Andrew and Peters 2025); GCB 2025,observed
1942,co2_flaring,0,GtCO2,GCP fossil CO2 dataset 2025v15 (Andrew and Peters 2025); GCB 2025,observed
1943,co2_flaring,0,GtCO2,GCP fossil CO2 dataset 2025v15 (Andrew and Peters 2025); GCB 2025,observed
1944,co2_flaring,0,GtCO2,GCP fossil CO2 dataset 2025v15 (Andrew and Peters 2025); GCB 2025,observed
1945,co2_flaring,0,GtCO2,GCP fossil CO2 dataset 2025v15 (Andrew and Peters 2025); GCB 2025,observed
1946,co2_flaring,0,GtCO2,GCP fossil CO2 dataset 2025v15 (Andrew and Peters 2025); GCB 2025,observed
1947,co2_flaring,0,GtCO2,GCP fossil CO2 dataset 2025v15 (Andrew and Peters 2025); GCB 2025,observed
1948,co2_flaring,0,GtCO2,GCP fossil CO2 dataset 2025v15 (Andrew and Peters 2025); GCB 2025,observed
1949,co2_flaring,0,GtCO2,GCP fossil CO2 dataset 2025v15 (Andrew and Peters 2025); GCB 2025,observed
1950,co2_flaring,0.073624416,GtCO2,GCP fossil CO2 dataset 2025v15 (Andrew and Peters 2025); GCB 2025,observed
1951,co2_flaring,0.07987526,GtCO2,GCP fossil CO2 dataset 2025v15 (Andrew and Peters 2025); GCB 2025,observed
1952,co2_flaring,0.085363804,GtCO2,GCP fossil CO2 dataset 2025v15 (Andrew and Peters 2025); GCB 2025,observed
1953,co2_flaring,0.081348059,GtCO2,GCP fossil CO2 dataset 2025v15 (Andrew and Peters 2025); GCB 2025,observed
1954,co2_flaring,0.077615239,GtCO2,GCP fossil CO2 dataset 2025v15 (Andrew and Peters 2025); GCB 2025,observed
1955,co2_flaring,0.096835888,GtCO2,GCP fossil CO2 dataset 2025v15 (Andrew and Peters 2025); GCB 2025,observed
1956,co2_flaring,0.108173709,GtCO2,GCP fossil CO2 dataset 2025v15 (Andrew and Peters 2025); GCB 2025,observed
1957,co2_flaring,0.106383326,GtCO2,GCP fossil CO2 dataset 2025v15 (Andrew and Peters 2025); GCB 2025,observed
1958,co2_flaring,0.095114847,GtCO2,GCP fossil CO2 dataset 2025v15 (Andrew and Peters 2025); GCB 2025,observed
1959,co2_flaring,0.091693492,GtCO2,GCP fossil CO2 dataset 2025v15 (Andrew and Peters 2025); GCB 2025,observed
1960,co2_flaring,0.089140152,GtCO2,GCP fossil CO2 dataset 2025v15 (Andrew and Peters 2025); GCB 2025,observed
1961,co2_flaring,0.086219069,GtCO2,GCP fossil CO2 dataset 2025v15 (Andrew and Peters 2025); GCB 2025,observed
1962,co2_flaring,0.085930819,GtCO2,GCP fossil CO2 dataset 2025v15 (Andrew and Peters 2025); GCB 2025,observed
1963,co2_flaring,0.090506158,GtCO2,GCP fossil CO2 dataset 2025v15 (Andrew and Peters 2025); GCB 2025,observed
1964,co2_flaring,0.112791866,GtCO2,GCP fossil CO2 dataset 2025v15 (Andrew and Peters 2025); GCB 2025,observed
1965,co2_flaring,0.130442734,GtCO2,GCP fossil CO2 dataset 2025v15 (Andrew and Peters 2025); GCB 2025,observed
1966,co2_flaring,0.144566086,GtCO2,GCP fossil CO2 dataset 2025v15 (Andrew and Peters 2025); GCB 2025,observed
1967,co2_flaring,0.190782952,GtCO2,GCP fossil CO2 dataset 2025v15 (Andrew and Peters 2025); GCB 2025,observed
1968,co2_flaring,0.203800285,GtCO2,GCP fossil CO2 dataset 2025v15 (Andrew and Peters 2025); GCB 2025,observed
1969,co2_flaring,0.244034754,GtCO2,GCP fossil CO2 dataset 2025v15 (Andrew and Peters 2025); GCB 2025,observed
1970,co2_flaring,0.277746744,GtCO2,GCP fossil CO2 dataset 2025v15 (Andrew and Peters 2025); GCB 2025,observed
1971,co2_flaring,0.321473028,GtCO2,GCP fossil CO2 dataset 2025v15 (Andrew and Peters 2025); GCB 2025,observed
1972,co2_flaring,0.346914456,GtCO2,GCP fossil CO2 dataset 2025v15 (Andrew and Peters 2025); GCB 2025,observed
1973,co2_flaring,0.402186042,GtCO2,GCP fossil CO2 dataset 2025v15 (Andrew and Peters 2025); GCB 2025,observed
1974,co2_flaring,0.391389311,GtCO2,GCP fossil CO2 dataset 2025v15 (Andrew and Peters 2025); GCB 2025,observed
1975,co2_flaring,0.336727892,GtCO2,GCP fossil CO2 dataset 2025v15 (Andrew and Peters 2025); GCB 2025,observed
1976,co2_flaring,0.395431193,GtCO2,GCP fossil CO2 dataset 2025v15 (Andrew and Peters 2025); GCB 2025,observed
1977,co2_flaring,0.381487418,GtCO2,GCP fossil CO2 dataset 2025v15 (Andrew and Peters 2025); GCB 2025,observed
1978,co2_flaring,0.390189039,GtCO2,GCP fossil CO2 dataset 2025v15 (Andrew and Peters 2025); GCB 2025,observed
1979,co2_flaring,0.360159387,GtCO2,GCP fossil CO2 dataset 2025v15 (Andrew and Peters 2025); GCB 2025,observed
1980,co2_flaring,0.316456006,GtCO2,GCP fossil CO2 dataset 2025v15 (Andrew and Peters 2025); GCB 2025,observed
1981,co2_flaring,0.237177461,GtCO2,GCP fossil CO2 dataset 2025v15 (Andrew and Peters 2025); GCB 2025,observed
1982,co2_flaring,0.235582644,GtCO2,GCP fossil CO2 dataset 2025v15 (Andrew and Peters 2025); GCB 2025,observed
1983,co2_flaring,0.212848295,GtCO2,GCP fossil CO2 dataset 2025v15 (Andrew and Peters 2025); GCB 2025,observed
1984,co2_flaring,0.186752761,GtCO2,GCP fossil CO2 dataset 2025v15 (Andrew and Peters 2025); GCB 2025,observed
1985,co2_flaring,0.181448566,GtCO2,GCP fossil CO2 dataset 2025v15 (Andrew and Peters 2025); GCB 2025,observed
1986,co2_flaring,0.169669868,GtCO2,GCP fossil CO2 dataset 2025v15 (Andrew and Peters 2025); GCB 2025,observed
1987,co2_flaring,0.163009162,GtCO2,GCP fossil CO2 dataset 2025v15 (Andrew and Peters 2025); GCB 2025,observed
1988,co2_flaring,0.185629265,GtCO2,GCP fossil CO2 dataset 2025v15 (Andrew and Peters 2025); GCB 2025,observed
1989,co2_flaring,0.150972796,GtCO2,GCP fossil CO2 dataset 2025v15 (Andrew and Peters 2025); GCB 2025,observed
1990,co2_flaring,0.256787692,GtCO2,GCP fossil CO2 dataset 2025v15 (Andrew and Peters 2025); GCB 2025,observed
1991,co2_flaring,0.272160083,GtCO2,GCP fossil CO2 dataset 2025v15 (Andrew and Peters 2025); GCB 2025,observed
1992,co2_flaring,0.239793843,GtCO2,GCP fossil CO2 dataset 2025v15 (Andrew and Peters 2025); GCB 2025,observed
1993,co2_flaring,0.23244018,GtCO2,GCP fossil CO2 dataset 2025v15 (Andrew and Peters 2025); GCB 2025,observed
1994,co2_flaring,0.312926881,GtCO2,GCP fossil CO2 dataset 2025v15 (Andrew and Peters 2025); GCB 2025,observed
1995,co2_flaring,0.324364443,GtCO2,GCP fossil CO2 dataset 2025v15 (Andrew and Peters 2025); GCB 2025,observed
1996,co2_flaring,0.348548256,GtCO2,GCP fossil CO2 dataset 2025v15 (Andrew and Peters 2025); GCB 2025,observed
1997,co2_flaring,0.350779694,GtCO2,GCP fossil CO2 dataset 2025v15 (Andrew and Peters 2025); GCB 2025,observed
1998,co2_flaring,0.33498169,GtCO2,GCP fossil CO2 dataset 2025v15 (Andrew and Peters 2025); GCB 2025,observed
1999,co2_flaring,0.328418305,GtCO2,GCP fossil CO2 dataset 2025v15 (Andrew and Peters 2025); GCB 2025,observed
2000,co2_flaring,0.345576363,GtCO2,GCP fossil CO2 dataset 2025v15 (Andrew and Peters 2025); GCB 2025,observed
2001,co2_flaring,0.334075802,GtCO2,GCP fossil CO2 dataset 2025v15 (Andrew and Peters 2025); GCB 2025,observed
2002,co2_flaring,0.323111274,GtCO2,GCP fossil CO2 dataset 2025v15 (Andrew and Peters 2025); GCB 2025,observed
2003,co2_flaring,0.343438965,GtCO2,GCP fossil CO2 dataset 2025v15 (Andrew and Peters 2025); GCB 2025,observed
2004,co2_flaring,0.341454006,GtCO2,GCP fossil CO2 dataset 2025v15 (Andrew and Peters 2025); GCB 2025,observed
2005,co2_flaring,0.346551868,GtCO2,GCP fossil CO2 dataset 2025v15 (Andrew and Peters 2025); GCB 2025,observed
2006,co2_flaring,0.346573094,GtCO2,GCP fossil CO2 dataset 2025v15 (Andrew and Peters 2025); GCB 2025,observed
2007,co2_flaring,0.3422505,GtCO2,GCP fossil CO2 dataset 2025v15 (Andrew and Peters 2025); GCB 2025,observed
2008,co2_flaring,0.33368595,GtCO2,GCP fossil CO2 dataset 2025v15 (Andrew and Peters 2025); GCB 2025,observed
2009,co2_flaring,0.328635743,GtCO2,GCP fossil CO2 dataset 2025v15 (Andrew and Peters 2025); GCB 2025,observed
2010,co2_flaring,0.33974082,GtCO2,GCP fossil CO2 dataset 2025v15 (Andrew and Peters 2025); GCB 2025,observed
2011,co2_flaring,0.356250881,GtCO2,GCP fossil CO2 dataset 2025v15 (Andrew and Peters 2025); GCB 2025,observed
2012,co2_flaring,0.374058814,GtCO2,GCP fossil CO2 dataset 2025v15 (Andrew and Peters 2025); GCB 2025,observed
2013,co2_flaring,0.382017117,GtCO2,GCP fossil CO2 dataset 2025v15 (Andrew and Peters 2025); GCB 2025,observed
2014,co2_flaring,0.383772221,GtCO2,GCP fossil CO2 dataset 2025v15 (Andrew and Peters 2025); GCB 2025,observed
2015,co2_flaring,0.381193662,GtCO2,GCP fossil CO2 dataset 2025v15 (Andrew and Peters 2025); GCB 2025,observed
2016,co2_flaring,0.371508165,GtCO2,GCP fossil CO2 dataset 2025v15 (Andrew and Peters 2025); GCB 2025,observed
2017,co2_flaring,0.384212236,GtCO2,GCP fossil CO2 dataset 2025v15 (Andrew and Peters 2025); GCB 2025,observed
2018,co2_flaring,0.404040873,GtCO2,GCP fossil CO2 dataset 2025v15 (Andrew and Peters 2025); GCB 2025,observed
2019,co2_flaring,0.432391882,GtCO2,GCP fossil CO2 dataset 2025v15 (Andrew and Peters 2025); GCB 2025,observed
2020,co2_flaring,0.400001283,GtCO2,GCP fossil CO2 dataset 2025v15 (Andrew and Peters 2025); GCB 2025,observed
2021,co2_flaring,0.402216195,GtCO2,GCP fossil CO2 dataset 2025v15 (Andrew and Peters 2025); GCB 2025,observed
2022,co2_flaring,0.398871137,GtCO2,GCP fossil CO2 dataset 2025v15 (Andrew and Peters 2025); GCB 2025,observed
2023,co2_flaring,0.41134271,GtCO2,GCP fossil CO2 dataset 2025v15 (Andrew and Peters 2025); GCB 2025,observed
2024,co2_flaring,0.415707656,GtCO2,GCP fossil CO2 dataset 2025v15 (Andrew and Peters 2025); GCB 2025,observed
1750,co2_other_carbonates,0,GtCO2,GCP fossil CO2 dataset 2025v15 (Andrew and Peters 2025); GCB 2025,observed
1751,co2_other_carbonates,0,GtCO2,GCP fossil CO2 dataset 2025v15 (Andrew and Peters 2025); GCB 2025,observed
1752,co2_other_carbonates,0,GtCO2,GCP fossil CO2 dataset 2025v15 (Andrew and Peters 2025); GCB 2025,observed
1753,co2_other_carbonates,0,GtCO2,GCP fossil CO2 dataset 2025v15 (Andrew and Peters 2025); GCB 2025,observed
1754,co2_other_carbonates,0,GtCO2,GCP fossil CO2 dataset 2025v15 (Andrew and Peters 2025); GCB 2025,observed
1755,co2_other_carbonates,0,GtCO2,GCP fossil CO2 dataset 2025v15 (Andrew and Peters 2025); GCB 2025,observed
1756,co2_other_carbonates,0,GtCO2,GCP fossil CO2 dataset 2025v15 (Andrew and Peters 2025); GCB 2025,observed
1757,co2_other_carbonates,0,GtCO2,GCP fossil CO2 dataset 2025v15 (Andrew and Peters 2025); GCB 2025,observed
1758,co2_other_carbonates,0,GtCO2,GCP fossil CO2 dataset 2025v15 (Andrew and Peters 2025); GCB 2025,observed
1759,co2_other_carbonates,0,GtCO2,GCP fossil CO2 dataset 2025v15 (Andrew and Peters 2025); GCB 2025,observed
1760,co2_other_carbonates,0,GtCO2,GCP fossil CO2 dataset 2025v15 (Andrew and Peters 2025); GCB 2025,observed
1761,co2_other_carbonates,0,GtCO2,GCP fossil CO2 dataset 2025v15 (Andrew and Peters 2025); GCB 2025,observed
1762,co2_other_carbonates,0,GtCO2,GCP fossil CO2 dataset 2025v15 (Andrew and Peters 2025); GCB 2025,observed
1763,co2_other_carbonates,0,GtCO2,GCP fossil CO2 dataset 2025v15 (Andrew and Peters 2025); GCB 2025,observed
1764,co2_other_carbonates,0,GtCO2,GCP fossil CO2 dataset 2025v15 (Andrew and Peters 2025); GCB 2025,observed
1765,co2_other_carbonates,0,GtCO2,GCP fossil CO2 dataset 2025v15 (Andrew and Peters 2025); GCB 2025,observed
1766,co2_other_carbonates,0,GtCO2,GCP fossil CO2 dataset 2025v15 (Andrew and Peters 2025); GCB 2025,observed
1767,co2_other_carbonates,0,GtCO2,GCP fossil CO2 dataset 2025v15 (Andrew and Peters 2025); GCB 2025,observed
1768,co2_other_carbonates,0,GtCO2,GCP fossil CO2 dataset 2025v15 (Andrew and Peters 2025); GCB 2025,observed
1769,co2_other_carbonates,0,GtCO2,GCP fossil CO2 dataset 2025v15 (Andrew and Peters 2025); GCB 2025,observed
1770,co2_other_carbonates,0,GtCO2,GCP fossil CO2 dataset 2025v15 (Andrew and Peters 2025); GCB 2025,observed
1771,co2_other_carbonates,0,GtCO2,GCP fossil CO2 dataset 2025v15 (Andrew and Peters 2025); GCB 2025,observed
1772,co2_other_carbonates,0,GtCO2,GCP fossil CO2 dataset 2025v15 (Andrew and Peters 2025); GCB 2025,observed
1773,co2_other_carbonates,0,GtCO2,GCP fossil CO2 dataset 2025v15 (Andrew and Peters 2025); GCB 2025,observed
1774,co2_other_carbonates,0,GtCO2,GCP fossil CO2 dataset 2025v15 (Andrew and Peters 2025); GCB 2025,observed
1775,co2_other_carbonates,0,GtCO2,GCP fossil CO2 dataset 2025v15 (Andrew and Peters 2025); GCB 2025,observed
1776,co2_other_carbonates,0,GtCO2,GCP fossil CO2 dataset 2025v15 (Andrew and Peters 2025); GCB 2025,observed
1777,co2_other_carbonates,0,GtCO2,GCP fossil CO2 dataset 2025v15 (Andrew and Peters 2025); GCB 2025,observed
1778,co2_other_carbonates,0,GtCO2,GCP fossil CO2 dataset 2025v15 (Andrew and Peters 2025); GCB 2025,observed
1779,co2_other_carbonates,0,GtCO2,GCP fossil CO2 dataset 2025v15 (Andrew and Peters 2025); GCB 2025,observed
1780,co2_other_carbonates,0,GtCO2,GCP fossil CO2 dataset 2025v15 (Andrew and Peters 2025); GCB 2025,observed
1781,co2_other_carbonates,0,GtCO2,GCP fossil CO2 dataset 2025v15 (Andrew and Peters 2025); GCB 2025,observed
1782,co2_other_carbonates,0,GtCO2,GCP fossil CO2 dataset 2025v15 (Andrew and Peters 2025); GCB 2025,observed
1783,co2_other_carbonates,0,GtCO2,GCP fossil CO2 dataset 2025v15 (Andrew and Peters 2025); GCB 2025,observed
1784,co2_other_carbonates,0,GtCO2,GCP fossil CO2 dataset 2025v15 (Andrew and Peters 2025); GCB 2025,observed
1785,co2_other_carbonates,0,GtCO2,GCP fossil CO2 dataset 2025v15 (Andrew and Peters 2025); GCB 2025,observed
1786,co2_other_carbonates,0,GtCO2,GCP fossil CO2 dataset 2025v15 (Andrew and Peters 2025); GCB 2025,observed
1787,co2_other_carbonates,0,GtCO2,GCP fossil CO2 dataset 2025v15 (Andrew and Peters 2025); GCB 2025,observed
1788,co2_other_carbonates,0,GtCO2,GCP fossil CO2 dataset 2025v15 (Andrew and Peters 2025); GCB 2025,observed
1789,co2_other_carbonates,0,GtCO2,GCP fossil CO2 dataset 2025v15 (Andrew and Peters 2025); GCB 2025,observed
1790,co2_other_carbonates,0,GtCO2,GCP fossil CO2 dataset 2025v15 (Andrew and Peters 2025); GCB 2025,observed
1791,co2_other_carbonates,0,GtCO2,GCP fossil CO2 dataset 2025v15 (Andrew and Peters 2025); GCB 2025,observed
1792,co2_other_carbonates,0,GtCO2,GCP fossil CO2 dataset 2025v15 (Andrew and Peters 2025); GCB 2025,observed
1793,co2_other_carbonates,0,GtCO2,GCP fossil CO2 dataset 2025v15 (Andrew and Peters 2025); GCB 2025,observed
1794,co2_other_carbonates,0,GtCO2,GCP fossil CO2 dataset 2025v15 (Andrew and Peters 2025); GCB 2025,observed
1795,co2_other_carbonates,0,GtCO2,GCP fossil CO2 dataset 2025v15 (Andrew and Peters 2025); GCB 2025,observed
1796,co2_other_carbonates,0,GtCO2,GCP fossil CO2 dataset 2025v15 (Andrew and Peters 2025); GCB 2025,observed
1797,co2_other_carbonates,0,GtCO2,GCP fossil CO2 dataset 2025v15 (Andrew and Peters 2025); GCB 2025,observed
1798,co2_other_carbonates,0,GtCO2,GCP fossil CO2 dataset 2025v15 (Andrew and Peters 2025); GCB 2025,observed
1799,co2_other_carbonates,0,GtCO2,GCP fossil CO2 dataset 2025v15 (Andrew and Peters 2025); GCB 2025,observed
1800,co2_other_carbonates,0,GtCO2,GCP fossil CO2 dataset 2025v15 (Andrew and Peters 2025); GCB 2025,observed
1801,co2_other_carbonates,0,GtCO2,GCP fossil CO2 dataset 2025v15 (Andrew and Peters 2025); GCB 2025,observed
1802,co2_other_carbonates,0,GtCO2,GCP fossil CO2 dataset 2025v15 (Andrew and Peters 2025); GCB 2025,observed
1803,co2_other_carbonates,0,GtCO2,GCP fossil CO2 dataset 2025v15 (Andrew and Peters 2025); GCB 2025,observed
1804,co2_other_carbonates,0,GtCO2,GCP fossil CO2 dataset 2025v15 (Andrew and Peters 2025); GCB 2025,observed
1805,co2_other_carbonates,0,GtCO2,GCP fossil CO2 dataset 2025v15 (Andrew and Peters 2025); GCB 2025,observed
1806,co2_other_carbonates,0,GtCO2,GCP fossil CO2 dataset 2025v15 (Andrew and Peters 2025); GCB 2025,observed
1807,co2_other_carbonates,0,GtCO2,GCP fossil CO2 dataset 2025v15 (Andrew and Peters 2025); GCB 2025,observed
1808,co2_other_carbonates,0,GtCO2,GCP fossil CO2 dataset 2025v15 (Andrew and Peters 2025); GCB 2025,observed
1809,co2_other_carbonates,0,GtCO2,GCP fossil CO2 dataset 2025v15 (Andrew and Peters 2025); GCB 2025,observed
1810,co2_other_carbonates,0,GtCO2,GCP fossil CO2 dataset 2025v15 (Andrew and Peters 2025); GCB 2025,observed
1811,co2_other_carbonates,0,GtCO2,GCP fossil CO2 dataset 2025v15 (Andrew and Peters 2025); GCB 2025,observed
1812,co2_other_carbonates,0,GtCO2,GCP fossil CO2 dataset 2025v15 (Andrew and Peters 2025); GCB 2025,observed
1813,co2_other_carbonates,0,GtCO2,GCP fossil CO2 dataset 2025v15 (Andrew and Peters 2025); GCB 2025,observed
1814,co2_other_carbonates,0,GtCO2,GCP fossil CO2 dataset 2025v15 (Andrew and Peters 2025); GCB 2025,observed
1815,co2_other_carbonates,0,GtCO2,GCP fossil CO2 dataset 2025v15 (Andrew and Peters 2025); GCB 2025,observed
1816,co2_other_carbonates,0,GtCO2,GCP fossil CO2 dataset 2025v15 (Andrew and Peters 2025); GCB 2025,observed
1817,co2_other_carbonates,0,GtCO2,GCP fossil CO2 dataset 2025v15 (Andrew and Peters 2025); GCB 2025,observed
1818,co2_other_carbonates,0,GtCO2,GCP fossil CO2 dataset 2025v15 (Andrew and Peters 2025); GCB 2025,observed
1819,co2_other_carbonates,0,GtCO2,GCP fossil CO2 dataset 2025v15 (Andrew and Peters 2025); GCB 2025,observed
1820,co2_other_carbonates,0,GtCO2,GCP fossil CO2 dataset 2025v15 (Andrew and Peters 2025); GCB 2025,observed
1821,co2_other_carbonates,0,GtCO2,GCP fossil CO2 dataset 2025v15 (Andrew and Peters 2025); GCB 2025,observed
1822,co2_other_carbonates,0,GtCO2,GCP fossil CO2 dataset 2025v15 (Andrew and Peters 2025); GCB 2025,observed
1823,co2_other_carbonates,0,GtCO2,GCP fossil CO2 dataset 2025v15 (Andrew and Peters 2025); GCB 2025,observed
1824,co2_other_carbonates,0,GtCO2,GCP fossil CO2 dataset 2025v15 (Andrew and Peters 2025); GCB 2025,observed
1825,co2_other_carbonates,0,GtCO2,GCP fossil CO2 dataset 2025v15 (Andrew and Peters 2025); GCB 2025,observed
1826,co2_other_carbonates,0,GtCO2,GCP fossil CO2 dataset 2025v15 (Andrew and Peters 2025); GCB 2025,observed
1827,co2_other_carbonates,0,GtCO2,GCP fossil CO2 dataset 2025v15 (Andrew and Peters 2025); GCB 2025,observed
1828,co2_other_carbonates,0,GtCO2,GCP fossil CO2 dataset 2025v15 (Andrew and Peters 2025); GCB 2025,observed
1829,co2_other_carbonates,0,GtCO2,GCP fossil CO2 dataset 2025v15 (Andrew and Peters 2025); GCB 2025,observed
1830,co2_other_carbonates,0,GtCO2,GCP fossil CO2 dataset 2025v15 (Andrew and Peters 2025); GCB 2025,observed
1831,co2_other_carbonates,0,GtCO2,GCP fossil CO2 dataset 2025v15 (Andrew and Peters 2025); GCB 2025,observed
1832,co2_other_carbonates,0,GtCO2,GCP fossil CO2 dataset 2025v15 (Andrew and Peters 2025); GCB 2025,observed
1833,co2_other_carbonates,0,GtCO2,GCP fossil CO2 dataset 2025v15 (Andrew and Peters 2025); GCB 2025,observed
1834,co2_other_carbonates,0,GtCO2,GCP fossil CO2 dataset 2025v15 (Andrew and Peters 2025); GCB 2025,observed
1835,co2_other_carbonates,0,GtCO2,GCP fossil CO2 dataset 2025v15 (Andrew and Peters 2025); GCB 2025,observed
1836,co2_other_carbonates,0,GtCO2,GCP fossil CO2 dataset 2025v15 (Andrew and Peters 2025); GCB 2025,observed
1837,co2_other_carbonates,0,GtCO2,GCP fossil CO2 dataset 2025v15 (Andrew and Peters 2025); GCB 2025,observed
1838,co2_other_carbonates,0,GtCO2,GCP fossil CO2 dataset 2025v15 (Andrew and Peters 2025); GCB 2025,observed
1839,co2_other_carbonates,0,GtCO2,GCP fossil CO2 dataset 2025v15 (Andrew and Peters 2025); GCB 2025,observed
1840,co2_other_carbonates,0,GtCO2,GCP fossil CO2 dataset 2025v15 (Andrew and Peters 2025); GCB 2025,observed
1841,co2_other_carbonates,0,GtCO2,GCP fossil CO2 dataset 2025v15 (Andrew and Peters 2025); GCB 2025,observed
1842,co2_other_carbonates,0,GtCO2,GCP fossil CO2 dataset 2025v15 (Andrew and Peters 2025); GCB 2025,observed
1843,co2_other_carbonates,0,GtCO2,GCP fossil CO2 dataset 2025v15 (Andrew and Peters 2025); GCB 2025,observed
1844,co2_other_carbonates,0,GtCO2,GCP fossil CO2 dataset 2025v15 (Andrew and Peters 2025); GCB 2025,observed
1845,co2_other_carbonates,0,GtCO2,GCP fossil CO2 dataset 2025v15 (Andrew and Peters 2025); GCB 2025,observed
1846,co2_other_carbonates,0,GtCO2,GCP fossil CO2 dataset 2025v15 (Andrew and Peters 2025); GCB 2025,observed
1847,co2_other_carbonates,0,GtCO2,GCP fossil CO2 dataset 2025v15 (Andrew and Peters 2025); GCB 2025,observed
1848,co2_other_carbonates,0,GtCO2,GCP fossil CO2 dataset 2025v15 (Andrew and Peters 2025); GCB 2025,observed
1849,co2_other_carbonates,0,GtCO2,GCP fossil CO2 dataset 2025v15 (Andrew and Peters 2025); GCB 2025,observed
1850,co2_other_carbonates,0,GtCO2,GCP fossil CO2 dataset 2025v15 (Andrew and Peters 2025); GCB 2025,observed
1851,co2_other_carbonates,0,GtCO2,GCP fossil CO2 dataset 2025v15 (Andrew and Peters 2025); GCB 2025,observed
1852,co2_other_carbonates,0,GtCO2,GCP fossil CO2 dataset 2025v15 (Andrew and Peters 2025); GCB 2025,observed
1853,co2_other_carbonates,0,GtCO2,GCP fossil CO2 dataset 2025v15 (Andrew and Peters 2025); GCB 2025,observed
1854,co2_other_carbonates,0,GtCO2,GCP fossil CO2 dataset 2025v15 (Andrew and Peters 2025); GCB 2025,observed
1855,co2_other_carbonates,0,GtCO2,GCP fossil CO2 dataset 2025v15 (Andrew and Peters 2025); GCB 2025,observed
1856,co2_other_carbonates,0,GtCO2,GCP fossil CO2 dataset 2025v15 (Andrew and Peters 2025); GCB 2025,observed
1857,co2_other_carbonates,0,GtCO2,GCP fossil CO2 dataset 2025v15 (Andrew and Peters 2025); GCB 2025,observed
1858,co2_other_carbonates,0,GtCO2,GCP fossil CO2 dataset 2025v15 (Andrew and Peters 2025); GCB 2025,observed
1859,co2_other_carbonates,0,GtCO2,GCP fossil CO2 dataset 2025v15 (Andrew and Peters 2025); GCB 2025,observed
1860,co2_other_carbonates,0,GtCO2,GCP fossil CO2 dataset 2025v15 (Andrew and Peters 2025); GCB 2025,observed
1861,co2_other_carbonates,0,GtCO2,GCP fossil CO2 dataset 2025v15 (Andrew and Peters 2025); GCB 2025,observed
1862,co2_other_carbonates,0,GtCO2,GCP fossil CO2 dataset 2025v15 (Andrew and Peters 2025); GCB 2025,observed
1863,co2_other_carbonates,0,GtCO2,GCP fossil CO2 dataset 2025v15 (Andrew and Peters 2025); GCB 2025,observed
1864,co2_other_carbonates,0,GtCO2,GCP fossil CO2 dataset 2025v15 (Andrew and Peters 2025); GCB 2025,observed
1865,co2_other_carbonates,0,GtCO2,GCP fossil CO2 dataset 2025v15 (Andrew and Peters 2025); GCB 2025,observed
1866,co2_other_carbonates,0,GtCO2,GCP fossil CO2 dataset 2025v15 (Andrew and Peters 2025); GCB 2025,observed
1867,co2_other_carbonates,0,GtCO2,GCP fossil CO2 dataset 2025v15 (Andrew and Peters 2025); GCB 2025,observed
1868,co2_other_carbonates,0,GtCO2,GCP fossil CO2 dataset 2025v15 (Andrew and Peters 2025); GCB 2025,observed
1869,co2_other_carbonates,0,GtCO2,GCP fossil CO2 dataset 2025v15 (Andrew and Peters 2025); GCB 2025,observed
1870,co2_other_carbonates,0,GtCO2,GCP fossil CO2 dataset 2025v15 (Andrew and Peters 2025); GCB 2025,observed
1871,co2_other_carbonates,0,GtCO2,GCP fossil CO2 dataset 2025v15 (Andrew and Peters 2025); GCB 2025,observed
1872,co2_other_carbonates,0,GtCO2,GCP fossil CO2 dataset 2025v15 (Andrew and Peters 2025); GCB 2025,observed
1873,co2_other_carbonates,0,GtCO2,GCP fossil CO2 dataset 2025v15 (Andrew and Peters 2025); GCB 2025,observed
1874,co2_other_carbonates,0,GtCO2,GCP fossil CO2 dataset 2025v15 (Andrew and Peters 2025); GCB 2025,observed
1875,co2_other_carbonates,0,GtCO2,GCP fossil CO2 dataset 2025v15 (Andrew and Peters 2025); GCB 2025,observed
1876,co2_other_carbonates,0,GtCO2,GCP fossil CO2 dataset 2025v15 (Andrew and Peters 2025); GCB 2025,observed
1877,co2_other_carbonates,0,GtCO2,GCP fossil CO2 dataset 2025v15 (Andrew and Peters 2025); GCB 2025,observed
1878,co2_other_carbonates,0,GtCO2,GCP fossil CO2 dataset 2025v15 (Andrew and Peters 2025); GCB 2025,observed
1879,co2_other_carbonates,0,GtCO2,GCP fossil CO2 dataset 2025v15 (Andrew and Peters 2025); GCB 2025,observed
1880,co2_other_carbonates,0,GtCO2,GCP fossil CO2 dataset 2025v15 (Andrew and Peters 2025); GCB 2025,observed
1881,co2_other_carbonates,0,GtCO2,GCP fossil CO2 dataset 2025v15 (Andrew and Peters 2025); GCB 2025,observed
1882,co2_other_carbonates,0,GtCO2,GCP fossil CO2 dataset 2025v15 (Andrew and Peters 2025); GCB 2025,observed
1883,co2_other_carbonates,0,GtCO2,GCP fossil CO2 dataset 2025v15 (Andrew and Peters 2025); GCB 2025,observed
1884,co2_other_carbonates,0,GtCO2,GCP fossil CO2 dataset 2025v15 (Andrew and Peters 2025); GCB 2025,observed
1885,co2_other_carbonates,0,GtCO2,GCP fossil CO2 dataset 2025v15 (Andrew and Peters 2025); GCB 2025,observed
1886,co2_other_carbonates,0,GtCO2,GCP fossil CO2 dataset 2025v15 (Andrew and Peters 2025); GCB 2025,observed
1887,co2_other_carbonates,0,GtCO2,GCP fossil CO2 dataset 2025v15 (Andrew and Peters 2025); GCB 2025,observed
1888,co2_other_carbonates,0,GtCO2,GCP fossil CO2 dataset 2025v15 (Andrew and Peters 2025); GCB 2025,observed
1889,co2_other_carbonates,0,GtCO2,GCP fossil CO2 dataset 2025v15 (Andrew and Peters 2025); GCB 2025,observed
1890,co2_other_carbonates,0,GtCO2,GCP fossil CO2 dataset 2025v15 (Andrew and Peters 2025); GCB 2025,observed
1891,co2_other_carbonates,0,GtCO2,GCP fossil CO2 dataset 2025v15 (Andrew and Peters 2025); GCB 2025,observed
1892,co2_other_carbonates,0,GtCO2,GCP fossil CO2 dataset 2025v15 (Andrew and Peters 2025); GCB 2025,observed
1893,co2_other_carbonates,0,GtCO2,GCP fossil CO2 dataset 2025v15 (Andrew and Peters 2025); GCB 2025,observed
1894,co2_other_carbonates,0,GtCO2,GCP fossil CO2 dataset 2025v15 (Andrew and Peters 2025); GCB 2025,observed
1895,co2_other_carbonates,0,GtCO2,GCP fossil CO2 dataset 2025v15 (Andrew and Peters 2025); GCB 2025,observed
1896,co2_other_carbonates,0,GtCO2,GCP fossil CO2 dataset 2025v15 (Andrew and Peters 2025); GCB 2025,observed
1897,co2_other_carbonates,0,GtCO2,GCP fossil CO2 dataset 2025v15 (Andrew and Peters 2025); GCB 2025,observed
1898,co2_other_carbonates,0,GtCO2,GCP fossil CO2 dataset 2025v15 (Andrew and Peters 2025); GCB 2025,observed
1899,co2_other_carbonates,0,GtCO2,GCP fossil CO2 dataset 2025v15 (Andrew and Peters 2025); GCB 2025,observed
1900,co2_other_carbonates,0,GtCO2,GCP fossil CO2 dataset 2025v15 (Andrew and Peters 2025); GCB 2025,observed
1901,co2_other_carbonates,0,GtCO2,GCP fossil CO2 dataset 2025v15 (Andrew and Peters 2025); GCB 2025,observed
1902,co2_other_carbonates,0,GtCO2,GCP fossil CO2 dataset 2025v15 (Andrew and Peters 2025); GCB 2025,observed
1903,co2_other_carbonates,0,GtCO2,GCP fossil CO2 dataset 2025v15 (Andrew and Peters 2025); GCB 2025,observed
1904,co2_other_carbonates,0,GtCO2,GCP fossil CO2 dataset 2025v15 (Andrew and Peters 2025); GCB 2025,observed
1905,co2_other_carbonates,0,GtCO2,GCP fossil CO2 dataset 2025v15 (Andrew and Peters 2025); GCB 2025,observed
1906,co2_other_carbonates,0,GtCO2,GCP fossil CO2 dataset 2025v15 (Andrew and Peters 2025); GCB 2025,observed
1907,co2_other_carbonates,0,GtCO2,GCP fossil CO2 dataset 2025v15 (Andrew and Peters 2025); GCB 2025,observed
1908,co2_other_carbonates,0,GtCO2,GCP fossil CO2 dataset 2025v15 (Andrew and Peters 2025); GCB 2025,observed
1909,co2_other_carbonates,0,GtCO2,GCP fossil CO2 dataset 2025v15 (Andrew and Peters 2025); GCB 2025,observed
1910,co2_other_carbonates,0,GtCO2,GCP fossil CO2 dataset 2025v15 (Andrew and Peters 2025); GCB 2025,observed
1911,co2_other_carbonates,0,GtCO2,GCP fossil CO2 dataset 2025v15 (Andrew and Peters 2025); GCB 2025,observed
1912,co2_other_carbonates,0,GtCO2,GCP fossil CO2 dataset 2025v15 (Andrew and Peters 2025); GCB 2025,observed
1913,co2_other_carbonates,0,GtCO2,GCP fossil CO2 dataset 2025v15 (Andrew and Peters 2025); GCB 2025,observed
1914,co2_other_carbonates,0,GtCO2,GCP fossil CO2 dataset 2025v15 (Andrew and Peters 2025); GCB 2025,observed
1915,co2_other_carbonates,0,GtCO2,GCP fossil CO2 dataset 2025v15 (Andrew and Peters 2025); GCB 2025,observed
1916,co2_other_carbonates,0,GtCO2,GCP fossil CO2 dataset 2025v15 (Andrew and Peters 2025); GCB 2025,observed
1917,co2_other_carbonates,0,GtCO2,GCP fossil CO2 dataset 2025v15 (Andrew and Peters 2025); GCB 2025,observed
1918,co2_other_carbonates,0,GtCO2,GCP fossil CO2 dataset 2025v15 (Andrew and Peters 2025); GCB 2025,observed
1919,co2_other_carbonates,0,GtCO2,GCP fossil CO2 dataset 2025v15 (Andrew and Peters 2025); GCB 2025,observed
1920,co2_other_carbonates,0,GtCO2,GCP fossil CO2 dataset 2025v15 (Andrew and Peters 2025); GCB 2025,observed
1921,co2_other_carbonates,0,GtCO2,GCP fossil CO2 dataset 2025v15 (Andrew and Peters 2025); GCB 2025,observed
1922,co2_other_carbonates,0,GtCO2,GCP fossil CO2 dataset 2025v15 (Andrew and Peters 2025); GCB 2025,observed
1923,co2_other_carbonates,0,GtCO2,GCP fossil CO2 dataset 2025v15 (Andrew and Peters 2025); GCB 2025,observed
1924,co2_other_carbonates,0,GtCO2,GCP fossil CO2 dataset 2025v15 (Andrew and Peters 2025); GCB 2025,observed
1925,co2_other_carbonates,0,GtCO2,GCP fossil CO2 dataset 2025v15 (Andrew and Peters 2025); GCB 2025,observed
1926,co2_other_carbonates,0,GtCO2,GCP fossil CO2 dataset 2025v15 (Andrew and Peters 2025); GCB 2025,observed
1927,co2_other_carbonates,0,GtCO2,GCP fossil CO2 dataset 2025v15 (Andrew and Peters 2025); GCB 2025,observed
1928,co2_other_carbonates,0,GtCO2,GCP fossil CO2 dataset 2025v15 (Andrew and Peters 2025); GCB 2025,observed
1929,co2_other_carbonates,0,GtCO2,GCP fossil CO2 dataset 2025v15 (Andrew and Peters 2025); GCB 2025,observed
1930,co2_other_carbonates,0,GtCO2,GCP fossil CO2 dataset 2025v15 (Andrew and Peters 2025); GCB 2025,observed
1931,co2_other_carbonates,0,GtCO2,GCP fossil CO2 dataset 2025v15 (Andrew and Peters 2025); GCB 2025,observed
1932,co2_other_carbonates,0,GtCO2,GCP fossil CO2 dataset 2025v15 (Andrew and Peters 2025); GCB 2025,observed
1933,co2_other_carbonates,0,GtCO2,GCP fossil CO2 dataset 2025v15 (Andrew and Peters 2025); GCB 2025,observed
1934,co2_other_carbonates,0,GtCO2,GCP fossil CO2 dataset 2025v15 (Andrew and Peters 2025); GCB 2025,observed
1935,co2_other_carbonates,0,GtCO2,GCP fossil CO2 dataset 2025v15 (Andrew and Peters 2025); GCB 2025,observed
1936,co2_other_carbonates,0,GtCO2,GCP fossil CO2 dataset 2025v15 (Andrew and Peters 2025); GCB 2025,observed
1937,co2_other_carbonates,0,GtCO2,GCP fossil CO2 dataset 2025v15 (Andrew and Peters 2025); GCB 2025,observed
1938,co2_other_carbonates,0,GtCO2,GCP fossil CO2 dataset 2025v15 (Andrew and Peters 2025); GCB 2025,observed
1939,co2_other_carbonates,0,GtCO2,GCP fossil CO2 dataset 2025v15 (Andrew and Peters 2025); GCB 2025,observed
1940,co2_other_carbonates,0,GtCO2,GCP fossil CO2 dataset 2025v15 (Andrew and Peters 2025); GCB 2025,observed
1941,co2_other_carbonates,0,GtCO2,GCP fossil CO2 dataset 2025v15 (Andrew and Peters 2025); GCB 2025,observed
1942,co2_other_carbonates,0,GtCO2,GCP fossil CO2 dataset 2025v15 (Andrew and Peters 2025); GCB 2025,observed
1943,co2_other_carbonates,0,GtCO2,GCP fossil CO2 dataset 2025v15 (Andrew and Peters 2025); GCB 2025,observed
1944,co2_other_carbonates,0,GtCO2,GCP fossil CO2 dataset 2025v15 (Andrew and Peters 2025); GCB 2025,observed
1945,co2_other_carbonates,0,GtCO2,GCP fossil CO2 dataset 2025v15 (Andrew and Peters 2025); GCB 2025,observed
1946,co2_other_carbonates,0,GtCO2,GCP fossil CO2 dataset 2025v15 (Andrew and Peters 2025); GCB 2025,observed
1947,co2_other_carbonates,0,GtCO2,GCP fossil CO2 dataset 2025v15 (Andrew and Peters 2025); GCB 2025,observed
1948,co2_other_carbonates,0,GtCO2,GCP fossil CO2 dataset 2025v15 (Andrew and Peters 2025); GCB 2025,observed
1949,co2_other_carbonates,0,GtCO2,GCP fossil CO2 dataset 2025v15 (Andrew and Peters 2025); GCB 2025,observed
1950,co2_other_carbonates,0,GtCO2,GCP fossil CO2 dataset 2025v15 (Andrew and Peters 2025); GCB 2025,observed
1951,co2_other_carbonates,0,GtCO2,GCP fossil CO2 dataset 2025v15 (Andrew and Peters 2025); GCB 2025,observed
1952,co2_other_carbonates,0,GtCO2,GCP fossil CO2 dataset 2025v15 (Andrew and Peters 2025); GCB 2025,observed
1953,co2_other_carbonates,0,GtCO2,GCP fossil CO2 dataset 2025v15 (Andrew and Peters 2025); GCB 2025,observed
1954,co2_other_carbonates,0,GtCO2,GCP fossil CO2 dataset 2025v15 (Andrew and Peters 2025); GCB 2025,observed
1955,co2_other_carbonates,0,GtCO2,GCP fossil CO2 dataset 2025v15 (Andrew and Peters 2025); GCB 2025,observed
1956,co2_other_carbonates,0,GtCO2,GCP fossil CO2 dataset 2025v15 (Andrew and Peters 2025); GCB 2025,observed
1957,co2_other_carbonates,0,GtCO2,GCP fossil CO2 dataset 2025v15 (Andrew and Peters 2025); GCB 2025,observed
1958,co2_other_carbonates,0,GtCO2,GCP fossil CO2 dataset 2025v15 (Andrew and Peters 2025); GCB 2025,observed
1959,co2_other_carbonates,0,GtCO2,GCP fossil CO2 dataset 2025v15 (Andrew and Peters 2025); GCB 2025,observed
1960,co2_other_carbonates,0,GtCO2,GCP fossil CO2 dataset 2025v15 (Andrew and Peters 2025); GCB 2025,observed
1961,co2_other_carbonates,0,GtCO2,GCP fossil CO2 dataset 2025v15 (Andrew and Peters 2025); GCB 2025,observed
1962,co2_other_carbonates,0,GtCO2,GCP fossil CO2 dataset 2025v15 (Andrew and Peters 2025); GCB 2025,observed
1963,co2_other_carbonates,0,GtCO2,GCP fossil CO2 dataset 2025v15 (Andrew and Peters 2025); GCB 2025,observed
1964,co2_other_carbonates,0,GtCO2,GCP fossil CO2 dataset 2025v15 (Andrew and Peters 2025); GCB 2025,observed
1965,co2_other_carbonates,0,GtCO2,GCP fossil CO2 dataset 2025v15 (Andrew and Peters 2025); GCB 2025,observed
1966,co2_other_carbonates,0,GtCO2,GCP fossil CO2 dataset 2025v15 (Andrew and Peters 2025); GCB 2025,observed
1967,co2_other_carbonates,0,GtCO2,GCP fossil CO2 dataset 2025v15 (Andrew and Peters 2025); GCB 2025,observed
1968,co2_other_carbonates,0,GtCO2,GCP fossil CO2 dataset 2025v15 (Andrew and Peters 2025); GCB 2025,observed
1969,co2_other_carbonates,0,GtCO2,GCP fossil CO2 dataset 2025v15 (Andrew and Peters 2025); GCB 2025,observed
1970,co2_other_carbonates,0,GtCO2,GCP fossil CO2 dataset 2025v15 (Andrew and Peters 2025); GCB 2025,observed
1971,co2_other_carbonates,0,GtCO2,GCP fossil CO2 dataset 2025v15 (Andrew and Peters 2025); GCB 2025,observed
1972,co2_other_carbonates,0,GtCO2,GCP fossil CO2 dataset 2025v15 (Andrew and Peters 2025); GCB 2025,observed
1973,co2_other_carbonates,0,GtCO2,GCP fossil CO2 dataset 2025v15 (Andrew and Peters 2025); GCB 2025,observed
1974,co2_other_carbonates,0,GtCO2,GCP fossil CO2 dataset 2025v15 (Andrew and Peters 2025); GCB 2025,observed
1975,co2_other_carbonates,0,GtCO2,GCP fossil CO2 dataset 2025v15 (Andrew and Peters 2025); GCB 2025,observed
1976,co2_other_carbonates,0,GtCO2,GCP fossil CO2 dataset 2025v15 (Andrew and Peters 2025); GCB 2025,observed
1977,co2_other_carbonates,0,GtCO2,GCP fossil CO2 dataset 2025v15 (Andrew and Peters 2025); GCB 2025,observed
1978,co2_other_carbonates,0,GtCO2,GCP fossil CO2 dataset 2025v15 (Andrew and Peters 2025); GCB 2025,observed
1979,co2_other_carbonates,0,GtCO2,GCP fossil CO2 dataset 2025v15 (Andrew and Peters 2025); GCB 2025,observed
1980,co2_other_carbonates,0,GtCO2,GCP fossil CO2 dataset 2025v15 (Andrew and Peters 2025); GCB 2025,observed
1981,co2_other_carbonates,0,GtCO2,GCP fossil CO2 dataset 2025v15 (Andrew and Peters 2025); GCB 2025,observed
1982,co2_other_carbonates,0,GtCO2,GCP fossil CO2 dataset 2025v15 (Andrew and Peters 2025); GCB 2025,observed
1983,co2_other_carbonates,0,GtCO2,GCP fossil CO2 dataset 2025v15 (Andrew and Peters 2025); GCB 2025,observed
1984,co2_other_carbonates,0,GtCO2,GCP fossil CO2 dataset 2025v15 (Andrew and Peters 2025); GCB 2025,observed
1985,co2_other_carbonates,0,GtCO2,GCP fossil CO2 dataset 2025v15 (Andrew and Peters 2025); GCB 2025,observed
1986,co2_other_carbonates,0,GtCO2,GCP fossil CO2 dataset 2025v15 (Andrew and Peters 2025); GCB 2025,observed
1987,co2_other_carbonates,0,GtCO2,GCP fossil CO2 dataset 2025v15 (Andrew and Peters 2025); GCB 2025,observed
1988,co2_other_carbonates,0,GtCO2,GCP fossil CO2 dataset 2025v15 (Andrew and Peters 2025); GCB 2025,observed
1989,co2_other_carbonates,0,GtCO2,GCP fossil CO2 dataset 2025v15 (Andrew and Peters 2025); GCB 2025,observed
1990,co2_other_carbonates,0.336424861,GtCO2,GCP fossil CO2 dataset 2025v15 (Andrew and Peters 2025); GCB 2025,observed
1991,co2_other_carbonates,0.346639255,GtCO2,GCP fossil CO2 dataset 2025v15 (Andrew and Peters 2025); GCB 2025,observed
1992,co2_other_carbonates,0.337513431,GtCO2,GCP fossil CO2 dataset 2025v15 (Andrew and Peters 2025); GCB 2025,observed
1993,co2_other_carbonates,0.317711364,GtCO2,GCP fossil CO2 dataset 2025v15 (Andrew and Peters 2025); GCB 2025,observed
1994,co2_other_carbonates,0.324771636,GtCO2,GCP fossil CO2 dataset 2025v15 (Andrew and Peters 2025); GCB 2025,observed
1995,co2_other_carbonates,0.33287895,GtCO2,GCP fossil CO2 dataset 2025v15 (Andrew and Peters 2025); GCB 2025,observed
1996,co2_other_carbonates,0.330670313,GtCO2,GCP fossil CO2 dataset 2025v15 (Andrew and Peters 2025); GCB 2025,observed
1997,co2_other_carbonates,0.346143618,GtCO2,GCP fossil CO2 dataset 2025v15 (Andrew and Peters 2025); GCB 2025,observed
1998,co2_other_carbonates,0.349655006,GtCO2,GCP fossil CO2 dataset 2025v15 (Andrew and Peters 2025); GCB 2025,observed
1999,co2_other_carbonates,0.36185886,GtCO2,GCP fossil CO2 dataset 2025v15 (Andrew and Peters 2025); GCB 2025,observed
2000,co2_other_carbonates,0.351657216,GtCO2,GCP fossil CO2 dataset 2025v15 (Andrew and Peters 2025); GCB 2025,observed
2001,co2_other_carbonates,0.344455705,GtCO2,GCP fossil CO2 dataset 2025v15 (Andrew and Peters 2025); GCB 2025,observed
2002,co2_other_carbonates,0.350030187,GtCO2,GCP fossil CO2 dataset 2025v15 (Andrew and Peters 2025); GCB 2025,observed
2003,co2_other_carbonates,0.348205626,GtCO2,GCP fossil CO2 dataset 2025v15 (Andrew and Peters 2025); GCB 2025,observed
2004,co2_other_carbonates,0.377003904,GtCO2,GCP fossil CO2 dataset 2025v15 (Andrew and Peters 2025); GCB 2025,observed
2005,co2_other_carbonates,0.380528817,GtCO2,GCP fossil CO2 dataset 2025v15 (Andrew and Peters 2025); GCB 2025,observed
2006,co2_other_carbonates,0.390112745,GtCO2,GCP fossil CO2 dataset 2025v15 (Andrew and Peters 2025); GCB 2025,observed
2007,co2_other_carbonates,0.385405077,GtCO2,GCP fossil CO2 dataset 2025v15 (Andrew and Peters 2025); GCB 2025,observed
2008,co2_other_carbonates,0.380067849,GtCO2,GCP fossil CO2 dataset 2025v15 (Andrew and Peters 2025); GCB 2025,observed
2009,co2_other_carbonates,0.34531913,GtCO2,GCP fossil CO2 dataset 2025v15 (Andrew and Peters 2025); GCB 2025,observed
2010,co2_other_carbonates,0.348421472,GtCO2,GCP fossil CO2 dataset 2025v15 (Andrew and Peters 2025); GCB 2025,observed
2011,co2_other_carbonates,0.375290262,GtCO2,GCP fossil CO2 dataset 2025v15 (Andrew and Peters 2025); GCB 2025,observed
2012,co2_other_carbonates,0.379660581,GtCO2,GCP fossil CO2 dataset 2025v15 (Andrew and Peters 2025); GCB 2025,observed
2013,co2_other_carbonates,0.4095744,GtCO2,GCP fossil CO2 dataset 2025v15 (Andrew and Peters 2025); GCB 2025,observed
2014,co2_other_carbonates,0.407779621,GtCO2,GCP fossil CO2 dataset 2025v15 (Andrew and Peters 2025); GCB 2025,observed
2015,co2_other_carbonates,0.427640035,GtCO2,GCP fossil CO2 dataset 2025v15 (Andrew and Peters 2025); GCB 2025,observed
2016,co2_other_carbonates,0.4070721,GtCO2,GCP fossil CO2 dataset 2025v15 (Andrew and Peters 2025); GCB 2025,observed
2017,co2_other_carbonates,0.426375817,GtCO2,GCP fossil CO2 dataset 2025v15 (Andrew and Peters 2025); GCB 2025,observed
2018,co2_other_carbonates,0.458177736,GtCO2,GCP fossil CO2 dataset 2025v15 (Andrew and Peters 2025); GCB 2025,observed
2019,co2_other_carbonates,0.435526838,GtCO2,GCP fossil CO2 dataset 2025v15 (Andrew and Peters 2025); GCB 2025,observed
2020,co2_other_carbonates,0.413978777,GtCO2,GCP fossil CO2 dataset 2025v15 (Andrew and Peters 2025); GCB 2025,observed
2021,co2_other_carbonates,0.436648577,GtCO2,GCP fossil CO2 dataset 2025v15 (Andrew and Peters 2025); GCB 2025,observed
2022,co2_other_carbonates,0.427326576,GtCO2,GCP fossil CO2 dataset 2025v15 (Andrew and Peters 2025); GCB 2025,observed
2023,co2_other_carbonates,0.424955158,GtCO2,GCP fossil CO2 dataset 2025v15 (Andrew and Peters 2025); GCB 2025,observed
2024,co2_other_carbonates,0.424375559,GtCO2,GCP fossil CO2 dataset 2025v15 (Andrew and Peters 2025); GCB 2025,observed
1750,co2_fossil_fuels_only,0.009305937,GtCO2,GCP fossil CO2 dataset 2025v15 (Andrew and Peters 2025); GCB 2025,derived
1751,co2_fossil_fuels_only,0.009407229,GtCO2,GCP fossil CO2 dataset 2025v15 (Andrew and Peters 2025); GCB 2025,derived
1752,co2_fossil_fuels_only,0.009505168,GtCO2,GCP fossil CO2 dataset 2025v15 (Andrew and Peters 2025); GCB 2025,derived
1753,co2_fossil_fuels_only,0.00961049,GtCO2,GCP fossil CO2 dataset 2025v15 (Andrew and Peters 2025); GCB 2025,derived
1754,co2_fossil_fuels_only,0.00973358,GtCO2,GCP fossil CO2 dataset 2025v15 (Andrew and Peters 2025); GCB 2025,derived
1755,co2_fossil_fuels_only,0.009793468,GtCO2,GCP fossil CO2 dataset 2025v15 (Andrew and Peters 2025); GCB 2025,derived
1756,co2_fossil_fuels_only,0.009909914,GtCO2,GCP fossil CO2 dataset 2025v15 (Andrew and Peters 2025); GCB 2025,derived
1757,co2_fossil_fuels_only,0.010093936,GtCO2,GCP fossil CO2 dataset 2025v15 (Andrew and Peters 2025); GCB 2025,derived
1758,co2_fossil_fuels_only,0.010216358,GtCO2,GCP fossil CO2 dataset 2025v15 (Andrew and Peters 2025); GCB 2025,derived
1759,co2_fossil_fuels_only,0.010338854,GtCO2,GCP fossil CO2 dataset 2025v15 (Andrew and Peters 2025); GCB 2025,derived
1760,co2_fossil_fuels_only,0.010514331,GtCO2,GCP fossil CO2 dataset 2025v15 (Andrew and Peters 2025); GCB 2025,derived
1761,co2_fossil_fuels_only,0.010747885,GtCO2,GCP fossil CO2 dataset 2025v15 (Andrew and Peters 2025); GCB 2025,derived
1762,co2_fossil_fuels_only,0.010952198,GtCO2,GCP fossil CO2 dataset 2025v15 (Andrew and Peters 2025); GCB 2025,derived
1763,co2_fossil_fuels_only,0.011191592,GtCO2,GCP fossil CO2 dataset 2025v15 (Andrew and Peters 2025); GCB 2025,derived
1764,co2_fossil_fuels_only,0.011396982,GtCO2,GCP fossil CO2 dataset 2025v15 (Andrew and Peters 2025); GCB 2025,derived
1765,co2_fossil_fuels_only,0.011643486,GtCO2,GCP fossil CO2 dataset 2025v15 (Andrew and Peters 2025); GCB 2025,derived
1766,co2_fossil_fuels_only,0.01187608,GtCO2,GCP fossil CO2 dataset 2025v15 (Andrew and Peters 2025); GCB 2025,derived
1767,co2_fossil_fuels_only,0.012152509,GtCO2,GCP fossil CO2 dataset 2025v15 (Andrew and Peters 2025); GCB 2025,derived
1768,co2_fossil_fuels_only,0.012466936,GtCO2,GCP fossil CO2 dataset 2025v15 (Andrew and Peters 2025); GCB 2025,derived
1769,co2_fossil_fuels_only,0.012780074,GtCO2,GCP fossil CO2 dataset 2025v15 (Andrew and Peters 2025); GCB 2025,derived
1770,co2_fossil_fuels_only,0.013097216,GtCO2,GCP fossil CO2 dataset 2025v15 (Andrew and Peters 2025); GCB 2025,derived
1771,co2_fossil_fuels_only,0.013369488,GtCO2,GCP fossil CO2 dataset 2025v15 (Andrew and Peters 2025); GCB 2025,derived
1772,co2_fossil_fuels_only,0.013623507,GtCO2,GCP fossil CO2 dataset 2025v15 (Andrew and Peters 2025); GCB 2025,derived
1773,co2_fossil_fuels_only,0.013808138,GtCO2,GCP fossil CO2 dataset 2025v15 (Andrew and Peters 2025); GCB 2025,derived
1774,co2_fossil_fuels_only,0.014012415,GtCO2,GCP fossil CO2 dataset 2025v15 (Andrew and Peters 2025); GCB 2025,derived
1775,co2_fossil_fuels_only,0.01433892,GtCO2,GCP fossil CO2 dataset 2025v15 (Andrew and Peters 2025); GCB 2025,derived
1776,co2_fossil_fuels_only,0.014654124,GtCO2,GCP fossil CO2 dataset 2025v15 (Andrew and Peters 2025); GCB 2025,derived
1777,co2_fossil_fuels_only,0.014959537,GtCO2,GCP fossil CO2 dataset 2025v15 (Andrew and Peters 2025); GCB 2025,derived
1778,co2_fossil_fuels_only,0.015243483,GtCO2,GCP fossil CO2 dataset 2025v15 (Andrew and Peters 2025); GCB 2025,derived
1779,co2_fossil_fuels_only,0.015535235,GtCO2,GCP fossil CO2 dataset 2025v15 (Andrew and Peters 2025); GCB 2025,derived
1780,co2_fossil_fuels_only,0.015878726,GtCO2,GCP fossil CO2 dataset 2025v15 (Andrew and Peters 2025); GCB 2025,derived
1781,co2_fossil_fuels_only,0.016234383,GtCO2,GCP fossil CO2 dataset 2025v15 (Andrew and Peters 2025); GCB 2025,derived
1782,co2_fossil_fuels_only,0.016580954,GtCO2,GCP fossil CO2 dataset 2025v15 (Andrew and Peters 2025); GCB 2025,derived
1783,co2_fossil_fuels_only,0.017062751,GtCO2,GCP fossil CO2 dataset 2025v15 (Andrew and Peters 2025); GCB 2025,derived
1784,co2_fossil_fuels_only,0.017471093,GtCO2,GCP fossil CO2 dataset 2025v15 (Andrew and Peters 2025); GCB 2025,derived
1785,co2_fossil_fuels_only,0.017965127,GtCO2,GCP fossil CO2 dataset 2025v15 (Andrew and Peters 2025); GCB 2025,derived
1786,co2_fossil_fuels_only,0.018447497,GtCO2,GCP fossil CO2 dataset 2025v15 (Andrew and Peters 2025); GCB 2025,derived
1787,co2_fossil_fuels_only,0.01885913,GtCO2,GCP fossil CO2 dataset 2025v15 (Andrew and Peters 2025); GCB 2025,derived
1788,co2_fossil_fuels_only,0.019286229,GtCO2,GCP fossil CO2 dataset 2025v15 (Andrew and Peters 2025); GCB 2025,derived
1789,co2_fossil_fuels_only,0.019863425,GtCO2,GCP fossil CO2 dataset 2025v15 (Andrew and Peters 2025); GCB 2025,derived
1790,co2_fossil_fuels_only,0.020398094,GtCO2,GCP fossil CO2 dataset 2025v15 (Andrew and Peters 2025); GCB 2025,derived
1791,co2_fossil_fuels_only,0.020931749,GtCO2,GCP fossil CO2 dataset 2025v15 (Andrew and Peters 2025); GCB 2025,derived
1792,co2_fossil_fuels_only,0.021929215,GtCO2,GCP fossil CO2 dataset 2025v15 (Andrew and Peters 2025); GCB 2025,derived
1793,co2_fossil_fuels_only,0.022297261,GtCO2,GCP fossil CO2 dataset 2025v15 (Andrew and Peters 2025); GCB 2025,derived
1794,co2_fossil_fuels_only,0.022519656,GtCO2,GCP fossil CO2 dataset 2025v15 (Andrew and Peters 2025); GCB 2025,derived
1795,co2_fossil_fuels_only,0.022315246,GtCO2,GCP fossil CO2 dataset 2025v15 (Andrew and Peters 2025); GCB 2025,derived
1796,co2_fossil_fuels_only,0.022121375,GtCO2,GCP fossil CO2 dataset 2025v15 (Andrew and Peters 2025); GCB 2025,derived
1797,co2_fossil_fuels_only,0.022090078,GtCO2,GCP fossil CO2 dataset 2025v15 (Andrew and Peters 2025); GCB 2025,derived
1798,co2_fossil_fuels_only,0.023105929,GtCO2,GCP fossil CO2 dataset 2025v15 (Andrew and Peters 2025); GCB 2025,derived
1799,co2_fossil_fuels_only,0.027485207,GtCO2,GCP fossil CO2 dataset 2025v15 (Andrew and Peters 2025); GCB 2025,derived
1800,co2_fossil_fuels_only,0.032798352,GtCO2,GCP fossil CO2 dataset 2025v15 (Andrew and Peters 2025); GCB 2025,derived
1801,co2_fossil_fuels_only,0.03198605,GtCO2,GCP fossil CO2 dataset 2025v15 (Andrew and Peters 2025); GCB 2025,derived
1802,co2_fossil_fuels_only,0.040310473,GtCO2,GCP fossil CO2 dataset 2025v15 (Andrew and Peters 2025); GCB 2025,derived
1803,co2_fossil_fuels_only,0.029538506,GtCO2,GCP fossil CO2 dataset 2025v15 (Andrew and Peters 2025); GCB 2025,derived
1804,co2_fossil_fuels_only,0.031769177,GtCO2,GCP fossil CO2 dataset 2025v15 (Andrew and Peters 2025); GCB 2025,derived
1805,co2_fossil_fuels_only,0.031251817,GtCO2,GCP fossil CO2 dataset 2025v15 (Andrew and Peters 2025); GCB 2025,derived
1806,co2_fossil_fuels_only,0.032704622,GtCO2,GCP fossil CO2 dataset 2025v15 (Andrew and Peters 2025); GCB 2025,derived
1807,co2_fossil_fuels_only,0.036200654,GtCO2,GCP fossil CO2 dataset 2025v15 (Andrew and Peters 2025); GCB 2025,derived
1808,co2_fossil_fuels_only,0.035497789,GtCO2,GCP fossil CO2 dataset 2025v15 (Andrew and Peters 2025); GCB 2025,derived
1809,co2_fossil_fuels_only,0.036333813,GtCO2,GCP fossil CO2 dataset 2025v15 (Andrew and Peters 2025); GCB 2025,derived
1810,co2_fossil_fuels_only,0.039492312,GtCO2,GCP fossil CO2 dataset 2025v15 (Andrew and Peters 2025); GCB 2025,derived
1811,co2_fossil_fuels_only,0.040176681,GtCO2,GCP fossil CO2 dataset 2025v15 (Andrew and Peters 2025); GCB 2025,derived
1812,co2_fossil_fuels_only,0.040814523,GtCO2,GCP fossil CO2 dataset 2025v15 (Andrew and Peters 2025); GCB 2025,derived
1813,co2_fossil_fuels_only,0.041206139,GtCO2,GCP fossil CO2 dataset 2025v15 (Andrew and Peters 2025); GCB 2025,derived
1814,co2_fossil_fuels_only,0.042226646,GtCO2,GCP fossil CO2 dataset 2025v15 (Andrew and Peters 2025); GCB 2025,derived
1815,co2_fossil_fuels_only,0.043587265,GtCO2,GCP fossil CO2 dataset 2025v15 (Andrew and Peters 2025); GCB 2025,derived
1816,co2_fossil_fuels_only,0.045496577,GtCO2,GCP fossil CO2 dataset 2025v15 (Andrew and Peters 2025); GCB 2025,derived
1817,co2_fossil_fuels_only,0.049275922,GtCO2,GCP fossil CO2 dataset 2025v15 (Andrew and Peters 2025); GCB 2025,derived
1818,co2_fossil_fuels_only,0.05139201,GtCO2,GCP fossil CO2 dataset 2025v15 (Andrew and Peters 2025); GCB 2025,derived
1819,co2_fossil_fuels_only,0.050930167,GtCO2,GCP fossil CO2 dataset 2025v15 (Andrew and Peters 2025); GCB 2025,derived
1820,co2_fossil_fuels_only,0.050733074,GtCO2,GCP fossil CO2 dataset 2025v15 (Andrew and Peters 2025); GCB 2025,derived
1821,co2_fossil_fuels_only,0.052059349,GtCO2,GCP fossil CO2 dataset 2025v15 (Andrew and Peters 2025); GCB 2025,derived
1822,co2_fossil_fuels_only,0.054021712,GtCO2,GCP fossil CO2 dataset 2025v15 (Andrew and Peters 2025); GCB 2025,derived
1823,co2_fossil_fuels_only,0.056357763,GtCO2,GCP fossil CO2 dataset 2025v15 (Andrew and Peters 2025); GCB 2025,derived
1824,co2_fossil_fuels_only,0.057583637,GtCO2,GCP fossil CO2 dataset 2025v15 (Andrew and Peters 2025); GCB 2025,derived
1825,co2_fossil_fuels_only,0.060730867,GtCO2,GCP fossil CO2 dataset 2025v15 (Andrew and Peters 2025); GCB 2025,derived
1826,co2_fossil_fuels_only,0.06138213,GtCO2,GCP fossil CO2 dataset 2025v15 (Andrew and Peters 2025); GCB 2025,derived
1827,co2_fossil_fuels_only,0.065738568,GtCO2,GCP fossil CO2 dataset 2025v15 (Andrew and Peters 2025); GCB 2025,derived
1828,co2_fossil_fuels_only,0.06668179,GtCO2,GCP fossil CO2 dataset 2025v15 (Andrew and Peters 2025); GCB 2025,derived
1829,co2_fossil_fuels_only,0.066307408,GtCO2,GCP fossil CO2 dataset 2025v15 (Andrew and Peters 2025); GCB 2025,derived
1830,co2_fossil_fuels_only,0.088988498,GtCO2,GCP fossil CO2 dataset 2025v15 (Andrew and Peters 2025); GCB 2025,derived
1831,co2_fossil_fuels_only,0.083250906,GtCO2,GCP fossil CO2 dataset 2025v15 (Andrew and Peters 2025); GCB 2025,derived
1832,co2_fossil_fuels_only,0.082091751,GtCO2,GCP fossil CO2 dataset 2025v15 (Andrew and Peters 2025); GCB 2025,derived
1833,co2_fossil_fuels_only,0.083248945,GtCO2,GCP fossil CO2 dataset 2025v15 (Andrew and Peters 2025); GCB 2025,derived
1834,co2_fossil_fuels_only,0.088763111,GtCO2,GCP fossil CO2 dataset 2025v15 (Andrew and Peters 2025); GCB 2025,derived
1835,co2_fossil_fuels_only,0.097399594,GtCO2,GCP fossil CO2 dataset 2025v15 (Andrew and Peters 2025); GCB 2025,derived
1836,co2_fossil_fuels_only,0.106894495,GtCO2,GCP fossil CO2 dataset 2025v15 (Andrew and Peters 2025); GCB 2025,derived
1837,co2_fossil_fuels_only,0.106199422,GtCO2,GCP fossil CO2 dataset 2025v15 (Andrew and Peters 2025); GCB 2025,derived
1838,co2_fossil_fuels_only,0.105845261,GtCO2,GCP fossil CO2 dataset 2025v15 (Andrew and Peters 2025); GCB 2025,derived
1839,co2_fossil_fuels_only,0.109653034,GtCO2,GCP fossil CO2 dataset 2025v15 (Andrew and Peters 2025); GCB 2025,derived
1840,co2_fossil_fuels_only,0.118808512,GtCO2,GCP fossil CO2 dataset 2025v15 (Andrew and Peters 2025); GCB 2025,derived
1841,co2_fossil_fuels_only,0.122165547,GtCO2,GCP fossil CO2 dataset 2025v15 (Andrew and Peters 2025); GCB 2025,derived
1842,co2_fossil_fuels_only,0.129388789,GtCO2,GCP fossil CO2 dataset 2025v15 (Andrew and Peters 2025); GCB 2025,derived
1843,co2_fossil_fuels_only,0.132369389,GtCO2,GCP fossil CO2 dataset 2025v15 (Andrew and Peters 2025); GCB 2025,derived
1844,co2_fossil_fuels_only,0.141966448,GtCO2,GCP fossil CO2 dataset 2025v15 (Andrew and Peters 2025); GCB 2025,derived
1845,co2_fossil_fuels_only,0.155073404,GtCO2,GCP fossil CO2 dataset 2025v15 (Andrew and Peters 2025); GCB 2025,derived
1846,co2_fossil_fuels_only,0.157701789,GtCO2,GCP fossil CO2 dataset 2025v15 (Andrew and Peters 2025); GCB 2025,derived
1847,co2_fossil_fuels_only,0.170796751,GtCO2,GCP fossil CO2 dataset 2025v15 (Andrew and Peters 2025); GCB 2025,derived
1848,co2_fossil_fuels_only,0.17364348,GtCO2,GCP fossil CO2 dataset 2025v15 (Andrew and Peters 2025); GCB 2025,derived
1849,co2_fossil_fuels_only,0.185048032,GtCO2,GCP fossil CO2 dataset 2025v15 (Andrew and Peters 2025); GCB 2025,derived
1850,co2_fossil_fuels_only,0.196847595,GtCO2,GCP fossil CO2 dataset 2025v15 (Andrew and Peters 2025); GCB 2025,derived
1851,co2_fossil_fuels_only,0.198778547,GtCO2,GCP fossil CO2 dataset 2025v15 (Andrew and Peters 2025); GCB 2025,derived
1852,co2_fossil_fuels_only,0.207595091,GtCO2,GCP fossil CO2 dataset 2025v15 (Andrew and Peters 2025); GCB 2025,derived
1853,co2_fossil_fuels_only,0.217236968,GtCO2,GCP fossil CO2 dataset 2025v15 (Andrew and Peters 2025); GCB 2025,derived
1854,co2_fossil_fuels_only,0.255038557,GtCO2,GCP fossil CO2 dataset 2025v15 (Andrew and Peters 2025); GCB 2025,derived
1855,co2_fossil_fuels_only,0.260259851,GtCO2,GCP fossil CO2 dataset 2025v15 (Andrew and Peters 2025); GCB 2025,derived
1856,co2_fossil_fuels_only,0.278245627,GtCO2,GCP fossil CO2 dataset 2025v15 (Andrew and Peters 2025); GCB 2025,derived
1857,co2_fossil_fuels_only,0.281181048,GtCO2,GCP fossil CO2 dataset 2025v15 (Andrew and Peters 2025); GCB 2025,derived
1858,co2_fossil_fuels_only,0.285548383,GtCO2,GCP fossil CO2 dataset 2025v15 (Andrew and Peters 2025); GCB 2025,derived
1859,co2_fossil_fuels_only,0.302572165,GtCO2,GCP fossil CO2 dataset 2025v15 (Andrew and Peters 2025); GCB 2025,derived
1860,co2_fossil_fuels_only,0.332298445,GtCO2,GCP fossil CO2 dataset 2025v15 (Andrew and Peters 2025); GCB 2025,derived
1861,co2_fossil_fuels_only,0.349190166,GtCO2,GCP fossil CO2 dataset 2025v15 (Andrew and Peters 2025); GCB 2025,derived
1862,co2_fossil_fuels_only,0.355991068,GtCO2,GCP fossil CO2 dataset 2025v15 (Andrew and Peters 2025); GCB 2025,derived
1863,co2_fossil_fuels_only,0.379534878,GtCO2,GCP fossil CO2 dataset 2025v15 (Andrew and Peters 2025); GCB 2025,derived
1864,co2_fossil_fuels_only,0.409525424,GtCO2,GCP fossil CO2 dataset 2025v15 (Andrew and Peters 2025); GCB 2025,derived
1865,co2_fossil_fuels_only,0.43485132,GtCO2,GCP fossil CO2 dataset 2025v15 (Andrew and Peters 2025); GCB 2025,derived
1866,co2_fossil_fuels_only,0.449067014,GtCO2,GCP fossil CO2 dataset 2025v15 (Andrew and Peters 2025); GCB 2025,derived
1867,co2_fossil_fuels_only,0.480813909,GtCO2,GCP fossil CO2 dataset 2025v15 (Andrew and Peters 2025); GCB 2025,derived
1868,co2_fossil_fuels_only,0.494493527,GtCO2,GCP fossil CO2 dataset 2025v15 (Andrew and Peters 2025); GCB 2025,derived
1869,co2_fossil_fuels_only,0.524731062,GtCO2,GCP fossil CO2 dataset 2025v15 (Andrew and Peters 2025); GCB 2025,derived
1870,co2_fossil_fuels_only,0.536123276,GtCO2,GCP fossil CO2 dataset 2025v15 (Andrew and Peters 2025); GCB 2025,derived
1871,co2_fossil_fuels_only,0.569776587,GtCO2,GCP fossil CO2 dataset 2025v15 (Andrew and Peters 2025); GCB 2025,derived
1872,co2_fossil_fuels_only,0.630961473,GtCO2,GCP fossil CO2 dataset 2025v15 (Andrew and Peters 2025); GCB 2025,derived
1873,co2_fossil_fuels_only,0.670467213,GtCO2,GCP fossil CO2 dataset 2025v15 (Andrew and Peters 2025); GCB 2025,derived
1874,co2_fossil_fuels_only,0.628662235,GtCO2,GCP fossil CO2 dataset 2025v15 (Andrew and Peters 2025); GCB 2025,derived
1875,co2_fossil_fuels_only,0.681047984,GtCO2,GCP fossil CO2 dataset 2025v15 (Andrew and Peters 2025); GCB 2025,derived
1876,co2_fossil_fuels_only,0.690582524,GtCO2,GCP fossil CO2 dataset 2025v15 (Andrew and Peters 2025); GCB 2025,derived
1877,co2_fossil_fuels_only,0.704032863,GtCO2,GCP fossil CO2 dataset 2025v15 (Andrew and Peters 2025); GCB 2025,derived
1878,co2_fossil_fuels_only,0.70964952,GtCO2,GCP fossil CO2 dataset 2025v15 (Andrew and Peters 2025); GCB 2025,derived
1879,co2_fossil_fuels_only,0.759794363,GtCO2,GCP fossil CO2 dataset 2025v15 (Andrew and Peters 2025); GCB 2025,derived
1880,co2_fossil_fuels_only,0.858055471,GtCO2,GCP fossil CO2 dataset 2025v15 (Andrew and Peters 2025); GCB 2025,derived
1881,co2_fossil_fuels_only,0.887964732,GtCO2,GCP fossil CO2 dataset 2025v15 (Andrew and Peters 2025); GCB 2025,derived
1882,co2_fossil_fuels_only,0.937887918,GtCO2,GCP fossil CO2 dataset 2025v15 (Andrew and Peters 2025); GCB 2025,derived
1883,co2_fossil_fuels_only,0.997514172,GtCO2,GCP fossil CO2 dataset 2025v15 (Andrew and Peters 2025); GCB 2025,derived
1884,co2_fossil_fuels_only,1.00942943,GtCO2,GCP fossil CO2 dataset 2025v15 (Andrew and Peters 2025); GCB 2025,derived
1885,co2_fossil_fuels_only,1.01714417,GtCO2,GCP fossil CO2 dataset 2025v15 (Andrew and Peters 2025); GCB 2025,derived
1886,co2_fossil_fuels_only,1.03261326,GtCO2,GCP fossil CO2 dataset 2025v15 (Andrew and Peters 2025); GCB 2025,derived
1887,co2_fossil_fuels_only,1.08372692,GtCO2,GCP fossil CO2 dataset 2025v15 (Andrew and Peters 2025); GCB 2025,derived
1888,co2_fossil_fuels_only,1.20080105,GtCO2,GCP fossil CO2 dataset 2025v15 (Andrew and Peters 2025); GCB 2025,derived
1889,co2_fossil_fuels_only,1.2015156,GtCO2,GCP fossil CO2 dataset 2025v15 (Andrew and Peters 2025); GCB 2025,derived
1890,co2_fossil_fuels_only,1.30659043,GtCO2,GCP fossil CO2 dataset 2025v15 (Andrew and Peters 2025); GCB 2025,derived
1891,co2_fossil_fuels_only,1.36891485,GtCO2,GCP fossil CO2 dataset 2025v15 (Andrew and Peters 2025); GCB 2025,derived
1892,co2_fossil_fuels_only,1.37980816,GtCO2,GCP fossil CO2 dataset 2025v15 (Andrew and Peters 2025); GCB 2025,derived
1893,co2_fossil_fuels_only,1.36251427,GtCO2,GCP fossil CO2 dataset 2025v15 (Andrew and Peters 2025); GCB 2025,derived
1894,co2_fossil_fuels_only,1.41153215,GtCO2,GCP fossil CO2 dataset 2025v15 (Andrew and Peters 2025); GCB 2025,derived
1895,co2_fossil_fuels_only,1.495238,GtCO2,GCP fossil CO2 dataset 2025v15 (Andrew and Peters 2025); GCB 2025,derived
1896,co2_fossil_fuels_only,1.54465997,GtCO2,GCP fossil CO2 dataset 2025v15 (Andrew and Peters 2025); GCB 2025,derived
1897,co2_fossil_fuels_only,1.61749176,GtCO2,GCP fossil CO2 dataset 2025v15 (Andrew and Peters 2025); GCB 2025,derived
1898,co2_fossil_fuels_only,1.70595974,GtCO2,GCP fossil CO2 dataset 2025v15 (Andrew and Peters 2025); GCB 2025,derived
1899,co2_fossil_fuels_only,1.86313395,GtCO2,GCP fossil CO2 dataset 2025v15 (Andrew and Peters 2025); GCB 2025,derived
1900,co2_fossil_fuels_only,1.96148916,GtCO2,GCP fossil CO2 dataset 2025v15 (Andrew and Peters 2025); GCB 2025,derived
1901,co2_fossil_fuels_only,2.02396196,GtCO2,GCP fossil CO2 dataset 2025v15 (Andrew and Peters 2025); GCB 2025,derived
1902,co2_fossil_fuels_only,2.07479798,GtCO2,GCP fossil CO2 dataset 2025v15 (Andrew and Peters 2025); GCB 2025,derived
1903,co2_fossil_fuels_only,2.26204341,GtCO2,GCP fossil CO2 dataset 2025v15 (Andrew and Peters 2025); GCB 2025,derived
1904,co2_fossil_fuels_only,2.28567259,GtCO2,GCP fossil CO2 dataset 2025v15 (Andrew and Peters 2025); GCB 2025,derived
1905,co2_fossil_fuels_only,2.43507788,GtCO2,GCP fossil CO2 dataset 2025v15 (Andrew and Peters 2025); GCB 2025,derived
1906,co2_fossil_fuels_only,2.5423538,GtCO2,GCP fossil CO2 dataset 2025v15 (Andrew and Peters 2025); GCB 2025,derived
1907,co2_fossil_fuels_only,2.89826592,GtCO2,GCP fossil CO2 dataset 2025v15 (Andrew and Peters 2025); GCB 2025,derived
1908,co2_fossil_fuels_only,2.78373714,GtCO2,GCP fossil CO2 dataset 2025v15 (Andrew and Peters 2025); GCB 2025,derived
1909,co2_fossil_fuels_only,2.89870405,GtCO2,GCP fossil CO2 dataset 2025v15 (Andrew and Peters 2025); GCB 2025,derived
1910,co2_fossil_fuels_only,3.04084294,GtCO2,GCP fossil CO2 dataset 2025v15 (Andrew and Peters 2025); GCB 2025,derived
1911,co2_fossil_fuels_only,3.08767583,GtCO2,GCP fossil CO2 dataset 2025v15 (Andrew and Peters 2025); GCB 2025,derived
1912,co2_fossil_fuels_only,3.24395275,GtCO2,GCP fossil CO2 dataset 2025v15 (Andrew and Peters 2025); GCB 2025,derived
1913,co2_fossil_fuels_only,3.51390923,GtCO2,GCP fossil CO2 dataset 2025v15 (Andrew and Peters 2025); GCB 2025,derived
1914,co2_fossil_fuels_only,3.18736534,GtCO2,GCP fossil CO2 dataset 2025v15 (Andrew and Peters 2025); GCB 2025,derived
1915,co2_fossil_fuels_only,3.13769518,GtCO2,GCP fossil CO2 dataset 2025v15 (Andrew and Peters 2025); GCB 2025,derived
1916,co2_fossil_fuels_only,3.38907747,GtCO2,GCP fossil CO2 dataset 2025v15 (Andrew and Peters 2025); GCB 2025,derived
1917,co2_fossil_fuels_only,3.54549563,GtCO2,GCP fossil CO2 dataset 2025v15 (Andrew and Peters 2025); GCB 2025,derived
1918,co2_fossil_fuels_only,3.49743897,GtCO2,GCP fossil CO2 dataset 2025v15 (Andrew and Peters 2025); GCB 2025,derived
1919,co2_fossil_fuels_only,3.03151347,GtCO2,GCP fossil CO2 dataset 2025v15 (Andrew and Peters 2025); GCB 2025,derived
1920,co2_fossil_fuels_only,3.53534063,GtCO2,GCP fossil CO2 dataset 2025v15 (Andrew and Peters 2025); GCB 2025,derived
1921,co2_fossil_fuels_only,3.10436693,GtCO2,GCP fossil CO2 dataset 2025v15 (Andrew and Peters 2025); GCB 2025,derived
1922,co2_fossil_fuels_only,3.25184877,GtCO2,GCP fossil CO2 dataset 2025v15 (Andrew and Peters 2025); GCB 2025,derived
1923,co2_fossil_fuels_only,3.68777523,GtCO2,GCP fossil CO2 dataset 2025v15 (Andrew and Peters 2025); GCB 2025,derived
1924,co2_fossil_fuels_only,3.69984646,GtCO2,GCP fossil CO2 dataset 2025v15 (Andrew and Peters 2025); GCB 2025,derived
1925,co2_fossil_fuels_only,3.72312354,GtCO2,GCP fossil CO2 dataset 2025v15 (Andrew and Peters 2025); GCB 2025,derived
1926,co2_fossil_fuels_only,3.6596591,GtCO2,GCP fossil CO2 dataset 2025v15 (Andrew and Peters 2025); GCB 2025,derived
1927,co2_fossil_fuels_only,3.99456473,GtCO2,GCP fossil CO2 dataset 2025v15 (Andrew and Peters 2025); GCB 2025,derived
1928,co2_fossil_fuels_only,3.9577935,GtCO2,GCP fossil CO2 dataset 2025v15 (Andrew and Peters 2025); GCB 2025,derived
1929,co2_fossil_fuels_only,4.24847671,GtCO2,GCP fossil CO2 dataset 2025v15 (Andrew and Peters 2025); GCB 2025,derived
1930,co2_fossil_fuels_only,3.92025954,GtCO2,GCP fossil CO2 dataset 2025v15 (Andrew and Peters 2025); GCB 2025,derived
1931,co2_fossil_fuels_only,3.50659073,GtCO2,GCP fossil CO2 dataset 2025v15 (Andrew and Peters 2025); GCB 2025,derived
1932,co2_fossil_fuels_only,3.1665756,GtCO2,GCP fossil CO2 dataset 2025v15 (Andrew and Peters 2025); GCB 2025,derived
1933,co2_fossil_fuels_only,3.33730268,GtCO2,GCP fossil CO2 dataset 2025v15 (Andrew and Peters 2025); GCB 2025,derived
1934,co2_fossil_fuels_only,3.62605758,GtCO2,GCP fossil CO2 dataset 2025v15 (Andrew and Peters 2025); GCB 2025,derived
1935,co2_fossil_fuels_only,3.80170261,GtCO2,GCP fossil CO2 dataset 2025v15 (Andrew and Peters 2025); GCB 2025,derived
1936,co2_fossil_fuels_only,4.16669858,GtCO2,GCP fossil CO2 dataset 2025v15 (Andrew and Peters 2025); GCB 2025,derived
1937,co2_fossil_fuels_only,4.45319544,GtCO2,GCP fossil CO2 dataset 2025v15 (Andrew and Peters 2025); GCB 2025,derived
1938,co2_fossil_fuels_only,4.1888954,GtCO2,GCP fossil CO2 dataset 2025v15 (Andrew and Peters 2025); GCB 2025,derived
1939,co2_fossil_fuels_only,4.43161238,GtCO2,GCP fossil CO2 dataset 2025v15 (Andrew and Peters 2025); GCB 2025,derived
1940,co2_fossil_fuels_only,4.85000345,GtCO2,GCP fossil CO2 dataset 2025v15 (Andrew and Peters 2025); GCB 2025,derived
1941,co2_fossil_fuels_only,4.95176308,GtCO2,GCP fossil CO2 dataset 2025v15 (Andrew and Peters 2025); GCB 2025,derived
1942,co2_fossil_fuels_only,4.94011262,GtCO2,GCP fossil CO2 dataset 2025v15 (Andrew and Peters 2025); GCB 2025,derived
1943,co2_fossil_fuels_only,5.03617665,GtCO2,GCP fossil CO2 dataset 2025v15 (Andrew and Peters 2025); GCB 2025,derived
1944,co2_fossil_fuels_only,5.1354942,GtCO2,GCP fossil CO2 dataset 2025v15 (Andrew and Peters 2025); GCB 2025,derived
1945,co2_fossil_fuels_only,4.26236499,GtCO2,GCP fossil CO2 dataset 2025v15 (Andrew and Peters 2025); GCB 2025,derived
1946,co2_fossil_fuels_only,4.56827853,GtCO2,GCP fossil CO2 dataset 2025v15 (Andrew and Peters 2025); GCB 2025,derived
1947,co2_fossil_fuels_only,5.11751528,GtCO2,GCP fossil CO2 dataset 2025v15 (Andrew and Peters 2025); GCB 2025,derived
1948,co2_fossil_fuels_only,5.39140654,GtCO2,GCP fossil CO2 dataset 2025v15 (Andrew and Peters 2025); GCB 2025,derived
1949,co2_fossil_fuels_only,5.14166312,GtCO2,GCP fossil CO2 dataset 2025v15 (Andrew and Peters 2025); GCB 2025,derived
1950,co2_fossil_fuels_only,5.85851821,GtCO2,GCP fossil CO2 dataset 2025v15 (Andrew and Peters 2025); GCB 2025,derived
1951,co2_fossil_fuels_only,6.30038351,GtCO2,GCP fossil CO2 dataset 2025v15 (Andrew and Peters 2025); GCB 2025,derived
1952,co2_fossil_fuels_only,6.38159912,GtCO2,GCP fossil CO2 dataset 2025v15 (Andrew and Peters 2025); GCB 2025,derived
1953,co2_fossil_fuels_only,6.55503847,GtCO2,GCP fossil CO2 dataset 2025v15 (Andrew and Peters 2025); GCB 2025,derived
1954,co2_fossil_fuels_only,6.68687908,GtCO2,GCP fossil CO2 dataset 2025v15 (Andrew and Peters 2025); GCB 2025,derived
1955,co2_fossil_fuels_only,7.32969853,GtCO2,GCP fossil CO2 dataset 2025v15 (Andrew and Peters 2025); GCB 2025,derived
1956,co2_fossil_fuels_only,7.80274582,GtCO2,GCP fossil CO2 dataset 2025v15 (Andrew and Peters 2025); GCB 2025,derived
1957,co2_fossil_fuels_only,8.0567032,GtCO2,GCP fossil CO2 dataset 2025v15 (Andrew and Peters 2025); GCB 2025,derived
1958,co2_fossil_fuels_only,8.28166165,GtCO2,GCP fossil CO2 dataset 2025v15 (Andrew and Peters 2025); GCB 2025,derived
1959,co2_fossil_fuels_only,8.70157878,GtCO2,GCP fossil CO2 dataset 2025v15 (Andrew and Peters 2025); GCB 2025,derived
1960,co2_fossil_fuels_only,9.20205037,GtCO2,GCP fossil CO2 dataset 2025v15 (Andrew and Peters 2025); GCB 2025,derived
1961,co2_fossil_fuels_only,9.22162785,GtCO2,GCP fossil CO2 dataset 2025v15 (Andrew and Peters 2025); GCB 2025,derived
1962,co2_fossil_fuels_only,9.54059936,GtCO2,GCP fossil CO2 dataset 2025v15 (Andrew and Peters 2025); GCB 2025,derived
1963,co2_fossil_fuels_only,10.0490456,GtCO2,GCP fossil CO2 dataset 2025v15 (Andrew and Peters 2025); GCB 2025,derived
1964,co2_fossil_fuels_only,10.5833391,GtCO2,GCP fossil CO2 dataset 2025v15 (Andrew and Peters 2025); GCB 2025,derived
1965,co2_fossil_fuels_only,11.0596403,GtCO2,GCP fossil CO2 dataset 2025v15 (Andrew and Peters 2025); GCB 2025,derived
1966,co2_fossil_fuels_only,11.5933962,GtCO2,GCP fossil CO2 dataset 2025v15 (Andrew and Peters 2025); GCB 2025,derived
1967,co2_fossil_fuels_only,11.96029,GtCO2,GCP fossil CO2 dataset 2025v15 (Andrew and Peters 2025); GCB 2025,derived
1968,co2_fossil_fuels_only,12.6114077,GtCO2,GCP fossil CO2 dataset 2025v15 (Andrew and Peters 2025); GCB 2025,derived
1969,co2_fossil_fuels_only,13.4494903,GtCO2,GCP fossil CO2 dataset 2025v15 (Andrew and Peters 2025); GCB 2025,derived
1970,co2_fossil_fuels_only,14.5665572,GtCO2,GCP fossil CO2 dataset 2025v15 (Andrew and Peters 2025); GCB 2025,derived
1971,co2_fossil_fuels_only,15.1561438,GtCO2,GCP fossil CO2 dataset 2025v15 (Andrew and Peters 2025); GCB 2025,derived
1972,co2_fossil_fuels_only,15.8552522,GtCO2,GCP fossil CO2 dataset 2025v15 (Andrew and Peters 2025); GCB 2025,derived
1973,co2_fossil_fuels_only,16.6854978,GtCO2,GCP fossil CO2 dataset 2025v15 (Andrew and Peters 2025); GCB 2025,derived
1974,co2_fossil_fuels_only,16.6049133,GtCO2,GCP fossil CO2 dataset 2025v15 (Andrew and Peters 2025); GCB 2025,derived
1975,co2_fossil_fuels_only,16.6014314,GtCO2,GCP fossil CO2 dataset 2025v15 (Andrew and Peters 2025); GCB 2025,derived
1976,co2_fossil_fuels_only,17.4564223,GtCO2,GCP fossil CO2 dataset 2025v15 (Andrew and Peters 2025); GCB 2025,derived
1977,co2_fossil_fuels_only,17.935637,GtCO2,GCP fossil CO2 dataset 2025v15 (Andrew and Peters 2025); GCB 2025,derived
1978,co2_fossil_fuels_only,18.5757765,GtCO2,GCP fossil CO2 dataset 2025v15 (Andrew and Peters 2025); GCB 2025,derived
1979,co2_fossil_fuels_only,19.0524231,GtCO2,GCP fossil CO2 dataset 2025v15 (Andrew and Peters 2025); GCB 2025,derived
1980,co2_fossil_fuels_only,18.9554346,GtCO2,GCP fossil CO2 dataset 2025v15 (Andrew and Peters 2025); GCB 2025,derived
1981,co2_fossil_fuels_only,18.4268959,GtCO2,GCP fossil CO2 dataset 2025v15 (Andrew and Peters 2025); GCB 2025,derived
1982,co2_fossil_fuels_only,18.2803353,GtCO2,GCP fossil CO2 dataset 2025v15 (Andrew and Peters 2025); GCB 2025,derived
1983,co2_fossil_fuels_only,18.4399001,GtCO2,GCP fossil CO2 dataset 2025v15 (Andrew and Peters 2025); GCB 2025,derived
1984,co2_fossil_fuels_only,18.9836016,GtCO2,GCP fossil CO2 dataset 2025v15 (Andrew and Peters 2025); GCB 2025,derived
1985,co2_fossil_fuels_only,19.6635858,GtCO2,GCP fossil CO2 dataset 2025v15 (Andrew and Peters 2025); GCB 2025,derived
1986,co2_fossil_fuels_only,19.9363358,GtCO2,GCP fossil CO2 dataset 2025v15 (Andrew and Peters 2025); GCB 2025,derived
1987,co2_fossil_fuels_only,20.5731388,GtCO2,GCP fossil CO2 dataset 2025v15 (Andrew and Peters 2025); GCB 2025,derived
1988,co2_fossil_fuels_only,21.3473758,GtCO2,GCP fossil CO2 dataset 2025v15 (Andrew and Peters 2025); GCB 2025,derived
1989,co2_fossil_fuels_only,21.6211149,GtCO2,GCP fossil CO2 dataset 2025v15 (Andrew and Peters 2025); GCB 2025,derived
1990,co2_fossil_fuels_only,21.9031968,GtCO2,GCP fossil CO2 dataset 2025v15 (Andrew and Peters 2025); GCB 2025,derived
1991,co2_fossil_fuels_only,22.3542581,GtCO2,GCP fossil CO2 dataset 2025v15 (Andrew and Peters 2025); GCB 2025,derived
1992,co2_fossil_fuels_only,21.656989,GtCO2,GCP fossil CO2 dataset 2025v15 (Andrew and Peters 2025); GCB 2025,derived
1993,co2_fossil_fuels_only,21.8825939,GtCO2,GCP fossil CO2 dataset 2025v15 (Andrew and Peters 2025); GCB 2025,derived
1994,co2_fossil_fuels_only,22.0630831,GtCO2,GCP fossil CO2 dataset 2025v15 (Andrew and Peters 2025); GCB 2025,derived
1995,co2_fossil_fuels_only,22.5635545,GtCO2,GCP fossil CO2 dataset 2025v15 (Andrew and Peters 2025); GCB 2025,derived
1996,co2_fossil_fuels_only,23.2692475,GtCO2,GCP fossil CO2 dataset 2025v15 (Andrew and Peters 2025); GCB 2025,derived
1997,co2_fossil_fuels_only,23.3753486,GtCO2,GCP fossil CO2 dataset 2025v15 (Andrew and Peters 2025); GCB 2025,derived
1998,co2_fossil_fuels_only,23.2894619,GtCO2,GCP fossil CO2 dataset 2025v15 (Andrew and Peters 2025); GCB 2025,derived
1999,co2_fossil_fuels_only,23.787865,GtCO2,GCP fossil CO2 dataset 2025v15 (Andrew and Peters 2025); GCB 2025,derived
2000,co2_fossil_fuels_only,24.4416609,GtCO2,GCP fossil CO2 dataset 2025v15 (Andrew and Peters 2025); GCB 2025,derived
2001,co2_fossil_fuels_only,24.5977898,GtCO2,GCP fossil CO2 dataset 2025v15 (Andrew and Peters 2025); GCB 2025,derived
2002,co2_fossil_fuels_only,25.136297,GtCO2,GCP fossil CO2 dataset 2025v15 (Andrew and Peters 2025); GCB 2025,derived
2003,co2_fossil_fuels_only,26.44705,GtCO2,GCP fossil CO2 dataset 2025v15 (Andrew and Peters 2025); GCB 2025,derived
2004,co2_fossil_fuels_only,27.3370906,GtCO2,GCP fossil CO2 dataset 2025v15 (Andrew and Peters 2025); GCB 2025,derived
2005,co2_fossil_fuels_only,28.2516453,GtCO2,GCP fossil CO2 dataset 2025v15 (Andrew and Peters 2025); GCB 2025,derived
2006,co2_fossil_fuels_only,29.1567448,GtCO2,GCP fossil CO2 dataset 2025v15 (Andrew and Peters 2025); GCB 2025,derived
2007,co2_fossil_fuels_only,29.9876514,GtCO2,GCP fossil CO2 dataset 2025v15 (Andrew and Peters 2025); GCB 2025,derived
2008,co2_fossil_fuels_only,30.5321952,GtCO2,GCP fossil CO2 dataset 2025v15 (Andrew and Peters 2025); GCB 2025,derived
2009,co2_fossil_fuels_only,29.9970884,GtCO2,GCP fossil CO2 dataset 2025v15 (Andrew and Peters 2025); GCB 2025,derived
2010,co2_fossil_fuels_only,31.7174384,GtCO2,GCP fossil CO2 dataset 2025v15 (Andrew and Peters 2025); GCB 2025,derived
2011,co2_fossil_fuels_only,32.7599525,GtCO2,GCP fossil CO2 dataset 2025v15 (Andrew and Peters 2025); GCB 2025,derived
2012,co2_fossil_fuels_only,33.1977204,GtCO2,GCP fossil CO2 dataset 2025v15 (Andrew and Peters 2025); GCB 2025,derived
2013,co2_fossil_fuels_only,33.4249116,GtCO2,GCP fossil CO2 dataset 2025v15 (Andrew and Peters 2025); GCB 2025,derived
2014,co2_fossil_fuels_only,33.5654633,GtCO2,GCP fossil CO2 dataset 2025v15 (Andrew and Peters 2025); GCB 2025,derived
2015,co2_fossil_fuels_only,33.5352221,GtCO2,GCP fossil CO2 dataset 2025v15 (Andrew and Peters 2025); GCB 2025,derived
2016,co2_fossil_fuels_only,33.5096108,GtCO2,GCP fossil CO2 dataset 2025v15 (Andrew and Peters 2025); GCB 2025,derived
2017,co2_fossil_fuels_only,34.0482873,GtCO2,GCP fossil CO2 dataset 2025v15 (Andrew and Peters 2025); GCB 2025,derived
2018,co2_fossil_fuels_only,34.7289766,GtCO2,GCP fossil CO2 dataset 2025v15 (Andrew and Peters 2025); GCB 2025,derived
2019,co2_fossil_fuels_only,35.0353133,GtCO2,GCP fossil CO2 dataset 2025v15 (Andrew and Peters 2025); GCB 2025,derived
2020,co2_fossil_fuels_only,33.1201988,GtCO2,GCP fossil CO2 dataset 2025v15 (Andrew and Peters 2025); GCB 2025,derived
2021,co2_fossil_fuels_only,34.7633302,GtCO2,GCP fossil CO2 dataset 2025v15 (Andrew and Peters 2025); GCB 2025,derived
2022,co2_fossil_fuels_only,35.5217058,GtCO2,GCP fossil CO2 dataset 2025v15 (Andrew and Peters 2025); GCB 2025,derived
2023,co2_fossil_fuels_only,36.1288027,GtCO2,GCP fossil CO2 dataset 2025v15 (Andrew and Peters 2025); GCB 2025,derived
2024,co2_fossil_fuels_only,36.701385,GtCO2,GCP fossil CO2 dataset 2025v15 (Andrew and Peters 2025); GCB 2025,derived
1750,cum_co2_fossil_total_from_1750,0.009305937,GtCO2,GCP fossil CO2 dataset 2025v15 (Andrew and Peters 2025); GCB 2025,derived
1751,cum_co2_fossil_total_from_1750,0.018713166,GtCO2,GCP fossil CO2 dataset 2025v15 (Andrew and Peters 2025); GCB 2025,derived
1752,cum_co2_fossil_total_from_1750,0.028218334,GtCO2,GCP fossil CO2 dataset 2025v15 (Andrew and Peters 2025); GCB 2025,derived
1753,cum_co2_fossil_total_from_1750,0.037828824,GtCO2,GCP fossil CO2 dataset 2025v15 (Andrew and Peters 2025); GCB 2025,derived
1754,cum_co2_fossil_total_from_1750,0.047562404,GtCO2,GCP fossil CO2 dataset 2025v15 (Andrew and Peters 2025); GCB 2025,derived
1755,cum_co2_fossil_total_from_1750,0.057355872,GtCO2,GCP fossil CO2 dataset 2025v15 (Andrew and Peters 2025); GCB 2025,derived
1756,cum_co2_fossil_total_from_1750,0.067265786,GtCO2,GCP fossil CO2 dataset 2025v15 (Andrew and Peters 2025); GCB 2025,derived
1757,cum_co2_fossil_total_from_1750,0.077359722,GtCO2,GCP fossil CO2 dataset 2025v15 (Andrew and Peters 2025); GCB 2025,derived
1758,cum_co2_fossil_total_from_1750,0.08757608,GtCO2,GCP fossil CO2 dataset 2025v15 (Andrew and Peters 2025); GCB 2025,derived
1759,cum_co2_fossil_total_from_1750,0.097914934,GtCO2,GCP fossil CO2 dataset 2025v15 (Andrew and Peters 2025); GCB 2025,derived
1760,cum_co2_fossil_total_from_1750,0.108429265,GtCO2,GCP fossil CO2 dataset 2025v15 (Andrew and Peters 2025); GCB 2025,derived
1761,cum_co2_fossil_total_from_1750,0.11917715,GtCO2,GCP fossil CO2 dataset 2025v15 (Andrew and Peters 2025); GCB 2025,derived
1762,cum_co2_fossil_total_from_1750,0.130129348,GtCO2,GCP fossil CO2 dataset 2025v15 (Andrew and Peters 2025); GCB 2025,derived
1763,cum_co2_fossil_total_from_1750,0.14132094,GtCO2,GCP fossil CO2 dataset 2025v15 (Andrew and Peters 2025); GCB 2025,derived
1764,cum_co2_fossil_total_from_1750,0.152717922,GtCO2,GCP fossil CO2 dataset 2025v15 (Andrew and Peters 2025); GCB 2025,derived
1765,cum_co2_fossil_total_from_1750,0.164361408,GtCO2,GCP fossil CO2 dataset 2025v15 (Andrew and Peters 2025); GCB 2025,derived
1766,cum_co2_fossil_total_from_1750,0.176237488,GtCO2,GCP fossil CO2 dataset 2025v15 (Andrew and Peters 2025); GCB 2025,derived
1767,cum_co2_fossil_total_from_1750,0.188389997,GtCO2,GCP fossil CO2 dataset 2025v15 (Andrew and Peters 2025); GCB 2025,derived
1768,cum_co2_fossil_total_from_1750,0.200856933,GtCO2,GCP fossil CO2 dataset 2025v15 (Andrew and Peters 2025); GCB 2025,derived
1769,cum_co2_fossil_total_from_1750,0.213637007,GtCO2,GCP fossil CO2 dataset 2025v15 (Andrew and Peters 2025); GCB 2025,derived
1770,cum_co2_fossil_total_from_1750,0.226734223,GtCO2,GCP fossil CO2 dataset 2025v15 (Andrew and Peters 2025); GCB 2025,derived
1771,cum_co2_fossil_total_from_1750,0.240103711,GtCO2,GCP fossil CO2 dataset 2025v15 (Andrew and Peters 2025); GCB 2025,derived
1772,cum_co2_fossil_total_from_1750,0.253727218,GtCO2,GCP fossil CO2 dataset 2025v15 (Andrew and Peters 2025); GCB 2025,derived
1773,cum_co2_fossil_total_from_1750,0.267535356,GtCO2,GCP fossil CO2 dataset 2025v15 (Andrew and Peters 2025); GCB 2025,derived
1774,cum_co2_fossil_total_from_1750,0.281547771,GtCO2,GCP fossil CO2 dataset 2025v15 (Andrew and Peters 2025); GCB 2025,derived
1775,cum_co2_fossil_total_from_1750,0.295886691,GtCO2,GCP fossil CO2 dataset 2025v15 (Andrew and Peters 2025); GCB 2025,derived
1776,cum_co2_fossil_total_from_1750,0.310540815,GtCO2,GCP fossil CO2 dataset 2025v15 (Andrew and Peters 2025); GCB 2025,derived
1777,cum_co2_fossil_total_from_1750,0.325500352,GtCO2,GCP fossil CO2 dataset 2025v15 (Andrew and Peters 2025); GCB 2025,derived
1778,cum_co2_fossil_total_from_1750,0.340743835,GtCO2,GCP fossil CO2 dataset 2025v15 (Andrew and Peters 2025); GCB 2025,derived
1779,cum_co2_fossil_total_from_1750,0.35627907,GtCO2,GCP fossil CO2 dataset 2025v15 (Andrew and Peters 2025); GCB 2025,derived
1780,cum_co2_fossil_total_from_1750,0.372157796,GtCO2,GCP fossil CO2 dataset 2025v15 (Andrew and Peters 2025); GCB 2025,derived
1781,cum_co2_fossil_total_from_1750,0.388392179,GtCO2,GCP fossil CO2 dataset 2025v15 (Andrew and Peters 2025); GCB 2025,derived
1782,cum_co2_fossil_total_from_1750,0.404973133,GtCO2,GCP fossil CO2 dataset 2025v15 (Andrew and Peters 2025); GCB 2025,derived
1783,cum_co2_fossil_total_from_1750,0.422035884,GtCO2,GCP fossil CO2 dataset 2025v15 (Andrew and Peters 2025); GCB 2025,derived
1784,cum_co2_fossil_total_from_1750,0.439506977,GtCO2,GCP fossil CO2 dataset 2025v15 (Andrew and Peters 2025); GCB 2025,derived
1785,cum_co2_fossil_total_from_1750,0.457472104,GtCO2,GCP fossil CO2 dataset 2025v15 (Andrew and Peters 2025); GCB 2025,derived
1786,cum_co2_fossil_total_from_1750,0.475919601,GtCO2,GCP fossil CO2 dataset 2025v15 (Andrew and Peters 2025); GCB 2025,derived
1787,cum_co2_fossil_total_from_1750,0.494778731,GtCO2,GCP fossil CO2 dataset 2025v15 (Andrew and Peters 2025); GCB 2025,derived
1788,cum_co2_fossil_total_from_1750,0.51406496,GtCO2,GCP fossil CO2 dataset 2025v15 (Andrew and Peters 2025); GCB 2025,derived
1789,cum_co2_fossil_total_from_1750,0.533928385,GtCO2,GCP fossil CO2 dataset 2025v15 (Andrew and Peters 2025); GCB 2025,derived
1790,cum_co2_fossil_total_from_1750,0.554326479,GtCO2,GCP fossil CO2 dataset 2025v15 (Andrew and Peters 2025); GCB 2025,derived
1791,cum_co2_fossil_total_from_1750,0.575258228,GtCO2,GCP fossil CO2 dataset 2025v15 (Andrew and Peters 2025); GCB 2025,derived
1792,cum_co2_fossil_total_from_1750,0.597187443,GtCO2,GCP fossil CO2 dataset 2025v15 (Andrew and Peters 2025); GCB 2025,derived
1793,cum_co2_fossil_total_from_1750,0.619484704,GtCO2,GCP fossil CO2 dataset 2025v15 (Andrew and Peters 2025); GCB 2025,derived
1794,cum_co2_fossil_total_from_1750,0.64200436,GtCO2,GCP fossil CO2 dataset 2025v15 (Andrew and Peters 2025); GCB 2025,derived
1795,cum_co2_fossil_total_from_1750,0.664319606,GtCO2,GCP fossil CO2 dataset 2025v15 (Andrew and Peters 2025); GCB 2025,derived
1796,cum_co2_fossil_total_from_1750,0.686440981,GtCO2,GCP fossil CO2 dataset 2025v15 (Andrew and Peters 2025); GCB 2025,derived
1797,cum_co2_fossil_total_from_1750,0.708531059,GtCO2,GCP fossil CO2 dataset 2025v15 (Andrew and Peters 2025); GCB 2025,derived
1798,cum_co2_fossil_total_from_1750,0.731636988,GtCO2,GCP fossil CO2 dataset 2025v15 (Andrew and Peters 2025); GCB 2025,derived
1799,cum_co2_fossil_total_from_1750,0.759122195,GtCO2,GCP fossil CO2 dataset 2025v15 (Andrew and Peters 2025); GCB 2025,derived
1800,cum_co2_fossil_total_from_1750,0.791920547,GtCO2,GCP fossil CO2 dataset 2025v15 (Andrew and Peters 2025); GCB 2025,derived
1801,cum_co2_fossil_total_from_1750,0.823906597,GtCO2,GCP fossil CO2 dataset 2025v15 (Andrew and Peters 2025); GCB 2025,derived
1802,cum_co2_fossil_total_from_1750,0.86421707,GtCO2,GCP fossil CO2 dataset 2025v15 (Andrew and Peters 2025); GCB 2025,derived
1803,cum_co2_fossil_total_from_1750,0.893755576,GtCO2,GCP fossil CO2 dataset 2025v15 (Andrew and Peters 2025); GCB 2025,derived
1804,cum_co2_fossil_total_from_1750,0.925524753,GtCO2,GCP fossil CO2 dataset 2025v15 (Andrew and Peters 2025); GCB 2025,derived
1805,cum_co2_fossil_total_from_1750,0.95677657,GtCO2,GCP fossil CO2 dataset 2025v15 (Andrew and Peters 2025); GCB 2025,derived
1806,cum_co2_fossil_total_from_1750,0.989481192,GtCO2,GCP fossil CO2 dataset 2025v15 (Andrew and Peters 2025); GCB 2025,derived
1807,cum_co2_fossil_total_from_1750,1.02568185,GtCO2,GCP fossil CO2 dataset 2025v15 (Andrew and Peters 2025); GCB 2025,derived
1808,cum_co2_fossil_total_from_1750,1.06117964,GtCO2,GCP fossil CO2 dataset 2025v15 (Andrew and Peters 2025); GCB 2025,derived
1809,cum_co2_fossil_total_from_1750,1.09751345,GtCO2,GCP fossil CO2 dataset 2025v15 (Andrew and Peters 2025); GCB 2025,derived
1810,cum_co2_fossil_total_from_1750,1.13700576,GtCO2,GCP fossil CO2 dataset 2025v15 (Andrew and Peters 2025); GCB 2025,derived
1811,cum_co2_fossil_total_from_1750,1.17718244,GtCO2,GCP fossil CO2 dataset 2025v15 (Andrew and Peters 2025); GCB 2025,derived
1812,cum_co2_fossil_total_from_1750,1.21799696,GtCO2,GCP fossil CO2 dataset 2025v15 (Andrew and Peters 2025); GCB 2025,derived
1813,cum_co2_fossil_total_from_1750,1.2592031,GtCO2,GCP fossil CO2 dataset 2025v15 (Andrew and Peters 2025); GCB 2025,derived
1814,cum_co2_fossil_total_from_1750,1.30142975,GtCO2,GCP fossil CO2 dataset 2025v15 (Andrew and Peters 2025); GCB 2025,derived
1815,cum_co2_fossil_total_from_1750,1.34501701,GtCO2,GCP fossil CO2 dataset 2025v15 (Andrew and Peters 2025); GCB 2025,derived
1816,cum_co2_fossil_total_from_1750,1.39051359,GtCO2,GCP fossil CO2 dataset 2025v15 (Andrew and Peters 2025); GCB 2025,derived
1817,cum_co2_fossil_total_from_1750,1.43978951,GtCO2,GCP fossil CO2 dataset 2025v15 (Andrew and Peters 2025); GCB 2025,derived
1818,cum_co2_fossil_total_from_1750,1.49118152,GtCO2,GCP fossil CO2 dataset 2025v15 (Andrew and Peters 2025); GCB 2025,derived
1819,cum_co2_fossil_total_from_1750,1.54211169,GtCO2,GCP fossil CO2 dataset 2025v15 (Andrew and Peters 2025); GCB 2025,derived
1820,cum_co2_fossil_total_from_1750,1.59284476,GtCO2,GCP fossil CO2 dataset 2025v15 (Andrew and Peters 2025); GCB 2025,derived
1821,cum_co2_fossil_total_from_1750,1.64490411,GtCO2,GCP fossil CO2 dataset 2025v15 (Andrew and Peters 2025); GCB 2025,derived
1822,cum_co2_fossil_total_from_1750,1.69892583,GtCO2,GCP fossil CO2 dataset 2025v15 (Andrew and Peters 2025); GCB 2025,derived
1823,cum_co2_fossil_total_from_1750,1.75528359,GtCO2,GCP fossil CO2 dataset 2025v15 (Andrew and Peters 2025); GCB 2025,derived
1824,cum_co2_fossil_total_from_1750,1.81286723,GtCO2,GCP fossil CO2 dataset 2025v15 (Andrew and Peters 2025); GCB 2025,derived
1825,cum_co2_fossil_total_from_1750,1.87359809,GtCO2,GCP fossil CO2 dataset 2025v15 (Andrew and Peters 2025); GCB 2025,derived
1826,cum_co2_fossil_total_from_1750,1.93498022,GtCO2,GCP fossil CO2 dataset 2025v15 (Andrew and Peters 2025); GCB 2025,derived
1827,cum_co2_fossil_total_from_1750,2.00071879,GtCO2,GCP fossil CO2 dataset 2025v15 (Andrew and Peters 2025); GCB 2025,derived
1828,cum_co2_fossil_total_from_1750,2.06740058,GtCO2,GCP fossil CO2 dataset 2025v15 (Andrew and Peters 2025); GCB 2025,derived
1829,cum_co2_fossil_total_from_1750,2.13370799,GtCO2,GCP fossil CO2 dataset 2025v15 (Andrew and Peters 2025); GCB 2025,derived
1830,cum_co2_fossil_total_from_1750,2.22269649,GtCO2,GCP fossil CO2 dataset 2025v15 (Andrew and Peters 2025); GCB 2025,derived
1831,cum_co2_fossil_total_from_1750,2.30594739,GtCO2,GCP fossil CO2 dataset 2025v15 (Andrew and Peters 2025); GCB 2025,derived
1832,cum_co2_fossil_total_from_1750,2.38803914,GtCO2,GCP fossil CO2 dataset 2025v15 (Andrew and Peters 2025); GCB 2025,derived
1833,cum_co2_fossil_total_from_1750,2.47128809,GtCO2,GCP fossil CO2 dataset 2025v15 (Andrew and Peters 2025); GCB 2025,derived
1834,cum_co2_fossil_total_from_1750,2.5600512,GtCO2,GCP fossil CO2 dataset 2025v15 (Andrew and Peters 2025); GCB 2025,derived
1835,cum_co2_fossil_total_from_1750,2.65745079,GtCO2,GCP fossil CO2 dataset 2025v15 (Andrew and Peters 2025); GCB 2025,derived
1836,cum_co2_fossil_total_from_1750,2.76434529,GtCO2,GCP fossil CO2 dataset 2025v15 (Andrew and Peters 2025); GCB 2025,derived
1837,cum_co2_fossil_total_from_1750,2.87054471,GtCO2,GCP fossil CO2 dataset 2025v15 (Andrew and Peters 2025); GCB 2025,derived
1838,cum_co2_fossil_total_from_1750,2.97638997,GtCO2,GCP fossil CO2 dataset 2025v15 (Andrew and Peters 2025); GCB 2025,derived
1839,cum_co2_fossil_total_from_1750,3.08604301,GtCO2,GCP fossil CO2 dataset 2025v15 (Andrew and Peters 2025); GCB 2025,derived
1840,cum_co2_fossil_total_from_1750,3.20485152,GtCO2,GCP fossil CO2 dataset 2025v15 (Andrew and Peters 2025); GCB 2025,derived
1841,cum_co2_fossil_total_from_1750,3.32701706,GtCO2,GCP fossil CO2 dataset 2025v15 (Andrew and Peters 2025); GCB 2025,derived
1842,cum_co2_fossil_total_from_1750,3.45640585,GtCO2,GCP fossil CO2 dataset 2025v15 (Andrew and Peters 2025); GCB 2025,derived
1843,cum_co2_fossil_total_from_1750,3.58877524,GtCO2,GCP fossil CO2 dataset 2025v15 (Andrew and Peters 2025); GCB 2025,derived
1844,cum_co2_fossil_total_from_1750,3.73074169,GtCO2,GCP fossil CO2 dataset 2025v15 (Andrew and Peters 2025); GCB 2025,derived
1845,cum_co2_fossil_total_from_1750,3.88581509,GtCO2,GCP fossil CO2 dataset 2025v15 (Andrew and Peters 2025); GCB 2025,derived
1846,cum_co2_fossil_total_from_1750,4.04351688,GtCO2,GCP fossil CO2 dataset 2025v15 (Andrew and Peters 2025); GCB 2025,derived
1847,cum_co2_fossil_total_from_1750,4.21431363,GtCO2,GCP fossil CO2 dataset 2025v15 (Andrew and Peters 2025); GCB 2025,derived
1848,cum_co2_fossil_total_from_1750,4.38795711,GtCO2,GCP fossil CO2 dataset 2025v15 (Andrew and Peters 2025); GCB 2025,derived
1849,cum_co2_fossil_total_from_1750,4.57300515,GtCO2,GCP fossil CO2 dataset 2025v15 (Andrew and Peters 2025); GCB 2025,derived
1850,cum_co2_fossil_total_from_1750,4.76985274,GtCO2,GCP fossil CO2 dataset 2025v15 (Andrew and Peters 2025); GCB 2025,derived
1851,cum_co2_fossil_total_from_1750,4.96863129,GtCO2,GCP fossil CO2 dataset 2025v15 (Andrew and Peters 2025); GCB 2025,derived
1852,cum_co2_fossil_total_from_1750,5.17622638,GtCO2,GCP fossil CO2 dataset 2025v15 (Andrew and Peters 2025); GCB 2025,derived
1853,cum_co2_fossil_total_from_1750,5.39346335,GtCO2,GCP fossil CO2 dataset 2025v15 (Andrew and Peters 2025); GCB 2025,derived
1854,cum_co2_fossil_total_from_1750,5.6485019,GtCO2,GCP fossil CO2 dataset 2025v15 (Andrew and Peters 2025); GCB 2025,derived
1855,cum_co2_fossil_total_from_1750,5.90876176,GtCO2,GCP fossil CO2 dataset 2025v15 (Andrew and Peters 2025); GCB 2025,derived
1856,cum_co2_fossil_total_from_1750,6.18700738,GtCO2,GCP fossil CO2 dataset 2025v15 (Andrew and Peters 2025); GCB 2025,derived
1857,cum_co2_fossil_total_from_1750,6.46818843,GtCO2,GCP fossil CO2 dataset 2025v15 (Andrew and Peters 2025); GCB 2025,derived
1858,cum_co2_fossil_total_from_1750,6.75373681,GtCO2,GCP fossil CO2 dataset 2025v15 (Andrew and Peters 2025); GCB 2025,derived
1859,cum_co2_fossil_total_from_1750,7.05630898,GtCO2,GCP fossil CO2 dataset 2025v15 (Andrew and Peters 2025); GCB 2025,derived
1860,cum_co2_fossil_total_from_1750,7.38860742,GtCO2,GCP fossil CO2 dataset 2025v15 (Andrew and Peters 2025); GCB 2025,derived
1861,cum_co2_fossil_total_from_1750,7.73779759,GtCO2,GCP fossil CO2 dataset 2025v15 (Andrew and Peters 2025); GCB 2025,derived
1862,cum_co2_fossil_total_from_1750,8.09378866,GtCO2,GCP fossil CO2 dataset 2025v15 (Andrew and Peters 2025); GCB 2025,derived
1863,cum_co2_fossil_total_from_1750,8.47332354,GtCO2,GCP fossil CO2 dataset 2025v15 (Andrew and Peters 2025); GCB 2025,derived
1864,cum_co2_fossil_total_from_1750,8.88284896,GtCO2,GCP fossil CO2 dataset 2025v15 (Andrew and Peters 2025); GCB 2025,derived
1865,cum_co2_fossil_total_from_1750,9.31770028,GtCO2,GCP fossil CO2 dataset 2025v15 (Andrew and Peters 2025); GCB 2025,derived
1866,cum_co2_fossil_total_from_1750,9.76676729,GtCO2,GCP fossil CO2 dataset 2025v15 (Andrew and Peters 2025); GCB 2025,derived
1867,cum_co2_fossil_total_from_1750,10.2475812,GtCO2,GCP fossil CO2 dataset 2025v15 (Andrew and Peters 2025); GCB 2025,derived
1868,cum_co2_fossil_total_from_1750,10.7420747,GtCO2,GCP fossil CO2 dataset 2025v15 (Andrew and Peters 2025); GCB 2025,derived
1869,cum_co2_fossil_total_from_1750,11.2668058,GtCO2,GCP fossil CO2 dataset 2025v15 (Andrew and Peters 2025); GCB 2025,derived
1870,cum_co2_fossil_total_from_1750,11.8029291,GtCO2,GCP fossil CO2 dataset 2025v15 (Andrew and Peters 2025); GCB 2025,derived
1871,cum_co2_fossil_total_from_1750,12.3727057,GtCO2,GCP fossil CO2 dataset 2025v15 (Andrew and Peters 2025); GCB 2025,derived
1872,cum_co2_fossil_total_from_1750,13.0036671,GtCO2,GCP fossil CO2 dataset 2025v15 (Andrew and Peters 2025); GCB 2025,derived
1873,cum_co2_fossil_total_from_1750,13.6741343,GtCO2,GCP fossil CO2 dataset 2025v15 (Andrew and Peters 2025); GCB 2025,derived
1874,cum_co2_fossil_total_from_1750,14.3027966,GtCO2,GCP fossil CO2 dataset 2025v15 (Andrew and Peters 2025); GCB 2025,derived
1875,cum_co2_fossil_total_from_1750,14.9838446,GtCO2,GCP fossil CO2 dataset 2025v15 (Andrew and Peters 2025); GCB 2025,derived
1876,cum_co2_fossil_total_from_1750,15.6744271,GtCO2,GCP fossil CO2 dataset 2025v15 (Andrew and Peters 2025); GCB 2025,derived
1877,cum_co2_fossil_total_from_1750,16.3784599,GtCO2,GCP fossil CO2 dataset 2025v15 (Andrew and Peters 2025); GCB 2025,derived
1878,cum_co2_fossil_total_from_1750,17.0881095,GtCO2,GCP fossil CO2 dataset 2025v15 (Andrew and Peters 2025); GCB 2025,derived
1879,cum_co2_fossil_total_from_1750,17.8479038,GtCO2,GCP fossil CO2 dataset 2025v15 (Andrew and Peters 2025); GCB 2025,derived
1880,cum_co2_fossil_total_from_1750,18.7061316,GtCO2,GCP fossil CO2 dataset 2025v15 (Andrew and Peters 2025); GCB 2025,derived
1881,cum_co2_fossil_total_from_1750,19.5943042,GtCO2,GCP fossil CO2 dataset 2025v15 (Andrew and Peters 2025); GCB 2025,derived
1882,cum_co2_fossil_total_from_1750,20.5324623,GtCO2,GCP fossil CO2 dataset 2025v15 (Andrew and Peters 2025); GCB 2025,derived
1883,cum_co2_fossil_total_from_1750,21.5303248,GtCO2,GCP fossil CO2 dataset 2025v15 (Andrew and Peters 2025); GCB 2025,derived
1884,cum_co2_fossil_total_from_1750,22.5400867,GtCO2,GCP fossil CO2 dataset 2025v15 (Andrew and Peters 2025); GCB 2025,derived
1885,cum_co2_fossil_total_from_1750,23.5575759,GtCO2,GCP fossil CO2 dataset 2025v15 (Andrew and Peters 2025); GCB 2025,derived
1886,cum_co2_fossil_total_from_1750,24.5905632,GtCO2,GCP fossil CO2 dataset 2025v15 (Andrew and Peters 2025); GCB 2025,derived
1887,cum_co2_fossil_total_from_1750,25.6748465,GtCO2,GCP fossil CO2 dataset 2025v15 (Andrew and Peters 2025); GCB 2025,derived
1888,cum_co2_fossil_total_from_1750,26.8761882,GtCO2,GCP fossil CO2 dataset 2025v15 (Andrew and Peters 2025); GCB 2025,derived
1889,cum_co2_fossil_total_from_1750,28.0782857,GtCO2,GCP fossil CO2 dataset 2025v15 (Andrew and Peters 2025); GCB 2025,derived
1890,cum_co2_fossil_total_from_1750,29.3855411,GtCO2,GCP fossil CO2 dataset 2025v15 (Andrew and Peters 2025); GCB 2025,derived
1891,cum_co2_fossil_total_from_1750,30.7551396,GtCO2,GCP fossil CO2 dataset 2025v15 (Andrew and Peters 2025); GCB 2025,derived
1892,cum_co2_fossil_total_from_1750,32.1356758,GtCO2,GCP fossil CO2 dataset 2025v15 (Andrew and Peters 2025); GCB 2025,derived
1893,cum_co2_fossil_total_from_1750,33.4988553,GtCO2,GCP fossil CO2 dataset 2025v15 (Andrew and Peters 2025); GCB 2025,derived
1894,cum_co2_fossil_total_from_1750,34.9110826,GtCO2,GCP fossil CO2 dataset 2025v15 (Andrew and Peters 2025); GCB 2025,derived
1895,cum_co2_fossil_total_from_1750,36.4070465,GtCO2,GCP fossil CO2 dataset 2025v15 (Andrew and Peters 2025); GCB 2025,derived
1896,cum_co2_fossil_total_from_1750,37.9524973,GtCO2,GCP fossil CO2 dataset 2025v15 (Andrew and Peters 2025); GCB 2025,derived
1897,cum_co2_fossil_total_from_1750,39.5709026,GtCO2,GCP fossil CO2 dataset 2025v15 (Andrew and Peters 2025); GCB 2025,derived
1898,cum_co2_fossil_total_from_1750,41.2778692,GtCO2,GCP fossil CO2 dataset 2025v15 (Andrew and Peters 2025); GCB 2025,derived
1899,cum_co2_fossil_total_from_1750,43.1422933,GtCO2,GCP fossil CO2 dataset 2025v15 (Andrew and Peters 2025); GCB 2025,derived
1900,cum_co2_fossil_total_from_1750,45.1051771,GtCO2,GCP fossil CO2 dataset 2025v15 (Andrew and Peters 2025); GCB 2025,derived
1901,cum_co2_fossil_total_from_1750,47.1308053,GtCO2,GCP fossil CO2 dataset 2025v15 (Andrew and Peters 2025); GCB 2025,derived
1902,cum_co2_fossil_total_from_1750,49.2077613,GtCO2,GCP fossil CO2 dataset 2025v15 (Andrew and Peters 2025); GCB 2025,derived
1903,cum_co2_fossil_total_from_1750,51.4723531,GtCO2,GCP fossil CO2 dataset 2025v15 (Andrew and Peters 2025); GCB 2025,derived
1904,cum_co2_fossil_total_from_1750,53.7626081,GtCO2,GCP fossil CO2 dataset 2025v15 (Andrew and Peters 2025); GCB 2025,derived
1905,cum_co2_fossil_total_from_1750,56.2031786,GtCO2,GCP fossil CO2 dataset 2025v15 (Andrew and Peters 2025); GCB 2025,derived
1906,cum_co2_fossil_total_from_1750,58.7521569,GtCO2,GCP fossil CO2 dataset 2025v15 (Andrew and Peters 2025); GCB 2025,derived
1907,cum_co2_fossil_total_from_1750,61.6571061,GtCO2,GCP fossil CO2 dataset 2025v15 (Andrew and Peters 2025); GCB 2025,derived
1908,cum_co2_fossil_total_from_1750,64.4475011,GtCO2,GCP fossil CO2 dataset 2025v15 (Andrew and Peters 2025); GCB 2025,derived
1909,cum_co2_fossil_total_from_1750,67.3546128,GtCO2,GCP fossil CO2 dataset 2025v15 (Andrew and Peters 2025); GCB 2025,derived
1910,cum_co2_fossil_total_from_1750,70.4048858,GtCO2,GCP fossil CO2 dataset 2025v15 (Andrew and Peters 2025); GCB 2025,derived
1911,cum_co2_fossil_total_from_1750,73.5020931,GtCO2,GCP fossil CO2 dataset 2025v15 (Andrew and Peters 2025); GCB 2025,derived
1912,cum_co2_fossil_total_from_1750,76.7560219,GtCO2,GCP fossil CO2 dataset 2025v15 (Andrew and Peters 2025); GCB 2025,derived
1913,cum_co2_fossil_total_from_1750,80.2808678,GtCO2,GCP fossil CO2 dataset 2025v15 (Andrew and Peters 2025); GCB 2025,derived
1914,cum_co2_fossil_total_from_1750,83.4786178,GtCO2,GCP fossil CO2 dataset 2025v15 (Andrew and Peters 2025); GCB 2025,derived
1915,cum_co2_fossil_total_from_1750,86.6266484,GtCO2,GCP fossil CO2 dataset 2025v15 (Andrew and Peters 2025); GCB 2025,derived
1916,cum_co2_fossil_total_from_1750,90.0268805,GtCO2,GCP fossil CO2 dataset 2025v15 (Andrew and Peters 2025); GCB 2025,derived
1917,cum_co2_fossil_total_from_1750,93.583379,GtCO2,GCP fossil CO2 dataset 2025v15 (Andrew and Peters 2025); GCB 2025,derived
1918,cum_co2_fossil_total_from_1750,97.0894638,GtCO2,GCP fossil CO2 dataset 2025v15 (Andrew and Peters 2025); GCB 2025,derived
1919,cum_co2_fossil_total_from_1750,100.130577,GtCO2,GCP fossil CO2 dataset 2025v15 (Andrew and Peters 2025); GCB 2025,derived
1920,cum_co2_fossil_total_from_1750,103.677335,GtCO2,GCP fossil CO2 dataset 2025v15 (Andrew and Peters 2025); GCB 2025,derived
1921,cum_co2_fossil_total_from_1750,106.792329,GtCO2,GCP fossil CO2 dataset 2025v15 (Andrew and Peters 2025); GCB 2025,derived
1922,cum_co2_fossil_total_from_1750,110.057045,GtCO2,GCP fossil CO2 dataset 2025v15 (Andrew and Peters 2025); GCB 2025,derived
1923,cum_co2_fossil_total_from_1750,113.760041,GtCO2,GCP fossil CO2 dataset 2025v15 (Andrew and Peters 2025); GCB 2025,derived
1924,cum_co2_fossil_total_from_1750,117.476184,GtCO2,GCP fossil CO2 dataset 2025v15 (Andrew and Peters 2025); GCB 2025,derived
1925,cum_co2_fossil_total_from_1750,121.216817,GtCO2,GCP fossil CO2 dataset 2025v15 (Andrew and Peters 2025); GCB 2025,derived
1926,cum_co2_fossil_total_from_1750,124.894224,GtCO2,GCP fossil CO2 dataset 2025v15 (Andrew and Peters 2025); GCB 2025,derived
1927,cum_co2_fossil_total_from_1750,128.90717,GtCO2,GCP fossil CO2 dataset 2025v15 (Andrew and Peters 2025); GCB 2025,derived
1928,cum_co2_fossil_total_from_1750,132.903481,GtCO2,GCP fossil CO2 dataset 2025v15 (Andrew and Peters 2025); GCB 2025,derived
1929,cum_co2_fossil_total_from_1750,137.191691,GtCO2,GCP fossil CO2 dataset 2025v15 (Andrew and Peters 2025); GCB 2025,derived
1930,cum_co2_fossil_total_from_1750,141.149785,GtCO2,GCP fossil CO2 dataset 2025v15 (Andrew and Peters 2025); GCB 2025,derived
1931,cum_co2_fossil_total_from_1750,144.689104,GtCO2,GCP fossil CO2 dataset 2025v15 (Andrew and Peters 2025); GCB 2025,derived
1932,cum_co2_fossil_total_from_1750,147.881694,GtCO2,GCP fossil CO2 dataset 2025v15 (Andrew and Peters 2025); GCB 2025,derived
1933,cum_co2_fossil_total_from_1750,151.244376,GtCO2,GCP fossil CO2 dataset 2025v15 (Andrew and Peters 2025); GCB 2025,derived
1934,cum_co2_fossil_total_from_1750,154.900562,GtCO2,GCP fossil CO2 dataset 2025v15 (Andrew and Peters 2025); GCB 2025,derived
1935,cum_co2_fossil_total_from_1750,158.736303,GtCO2,GCP fossil CO2 dataset 2025v15 (Andrew and Peters 2025); GCB 2025,derived
1936,cum_co2_fossil_total_from_1750,162.944231,GtCO2,GCP fossil CO2 dataset 2025v15 (Andrew and Peters 2025); GCB 2025,derived
1937,cum_co2_fossil_total_from_1750,167.440944,GtCO2,GCP fossil CO2 dataset 2025v15 (Andrew and Peters 2025); GCB 2025,derived
1938,cum_co2_fossil_total_from_1750,171.670561,GtCO2,GCP fossil CO2 dataset 2025v15 (Andrew and Peters 2025); GCB 2025,derived
1939,cum_co2_fossil_total_from_1750,176.140694,GtCO2,GCP fossil CO2 dataset 2025v15 (Andrew and Peters 2025); GCB 2025,derived
1940,cum_co2_fossil_total_from_1750,181.025355,GtCO2,GCP fossil CO2 dataset 2025v15 (Andrew and Peters 2025); GCB 2025,derived
1941,cum_co2_fossil_total_from_1750,186.024446,GtCO2,GCP fossil CO2 dataset 2025v15 (Andrew and Peters 2025); GCB 2025,derived
1942,cum_co2_fossil_total_from_1750,191.006969,GtCO2,GCP fossil CO2 dataset 2025v15 (Andrew and Peters 2025); GCB 2025,derived
1943,cum_co2_fossil_total_from_1750,196.082242,GtCO2,GCP fossil CO2 dataset 2025v15 (Andrew and Peters 2025); GCB 2025,derived
1944,cum_co2_fossil_total_from_1750,201.244728,GtCO2,GCP fossil CO2 dataset 2025v15 (Andrew and Peters 2025); GCB 2025,derived
1945,cum_co2_fossil_total_from_1750,205.534039,GtCO2,GCP fossil CO2 dataset 2025v15 (Andrew and Peters 2025); GCB 2025,derived
1946,cum_co2_fossil_total_from_1750,210.142585,GtCO2,GCP fossil CO2 dataset 2025v15 (Andrew and Peters 2025); GCB 2025,derived
1947,cum_co2_fossil_total_from_1750,215.307789,GtCO2,GCP fossil CO2 dataset 2025v15 (Andrew and Peters 2025); GCB 2025,derived
1948,cum_co2_fossil_total_from_1750,220.755671,GtCO2,GCP fossil CO2 dataset 2025v15 (Andrew and Peters 2025); GCB 2025,derived
1949,cum_co2_fossil_total_from_1750,225.959704,GtCO2,GCP fossil CO2 dataset 2025v15 (Andrew and Peters 2025); GCB 2025,derived
1950,cum_co2_fossil_total_from_1750,231.89011,GtCO2,GCP fossil CO2 dataset 2025v15 (Andrew and Peters 2025); GCB 2025,derived
1951,cum_co2_fossil_total_from_1750,238.271761,GtCO2,GCP fossil CO2 dataset 2025v15 (Andrew and Peters 2025); GCB 2025,derived
1952,cum_co2_fossil_total_from_1750,244.739461,GtCO2,GCP fossil CO2 dataset 2025v15 (Andrew and Peters 2025); GCB 2025,derived
1953,cum_co2_fossil_total_from_1750,251.390499,GtCO2,GCP fossil CO2 dataset 2025v15 (Andrew and Peters 2025); GCB 2025,derived
1954,cum_co2_fossil_total_from_1750,258.180234,GtCO2,GCP fossil CO2 dataset 2025v15 (Andrew and Peters 2025); GCB 2025,derived
1955,cum_co2_fossil_total_from_1750,265.624336,GtCO2,GCP fossil CO2 dataset 2025v15 (Andrew and Peters 2025); GCB 2025,derived
1956,cum_co2_fossil_total_from_1750,273.550611,GtCO2,GCP fossil CO2 dataset 2025v15 (Andrew and Peters 2025); GCB 2025,derived
1957,cum_co2_fossil_total_from_1750,281.736587,GtCO2,GCP fossil CO2 dataset 2025v15 (Andrew and Peters 2025); GCB 2025,derived
1958,cum_co2_fossil_total_from_1750,290.154104,GtCO2,GCP fossil CO2 dataset 2025v15 (Andrew and Peters 2025); GCB 2025,derived
1959,cum_co2_fossil_total_from_1750,299.009217,GtCO2,GCP fossil CO2 dataset 2025v15 (Andrew and Peters 2025); GCB 2025,derived
1960,cum_co2_fossil_total_from_1750,308.396168,GtCO2,GCP fossil CO2 dataset 2025v15 (Andrew and Peters 2025); GCB 2025,derived
1961,cum_co2_fossil_total_from_1750,317.811158,GtCO2,GCP fossil CO2 dataset 2025v15 (Andrew and Peters 2025); GCB 2025,derived
1962,cum_co2_fossil_total_from_1750,327.558399,GtCO2,GCP fossil CO2 dataset 2025v15 (Andrew and Peters 2025); GCB 2025,derived
1963,cum_co2_fossil_total_from_1750,337.825177,GtCO2,GCP fossil CO2 dataset 2025v15 (Andrew and Peters 2025); GCB 2025,derived
1964,cum_co2_fossil_total_from_1750,348.649647,GtCO2,GCP fossil CO2 dataset 2025v15 (Andrew and Peters 2025); GCB 2025,derived
1965,cum_co2_fossil_total_from_1750,359.960249,GtCO2,GCP fossil CO2 dataset 2025v15 (Andrew and Peters 2025); GCB 2025,derived
1966,cum_co2_fossil_total_from_1750,371.822875,GtCO2,GCP fossil CO2 dataset 2025v15 (Andrew and Peters 2025); GCB 2025,derived
1967,cum_co2_fossil_total_from_1750,384.060245,GtCO2,GCP fossil CO2 dataset 2025v15 (Andrew and Peters 2025); GCB 2025,derived
1968,cum_co2_fossil_total_from_1750,396.965519,GtCO2,GCP fossil CO2 dataset 2025v15 (Andrew and Peters 2025); GCB 2025,derived
1969,cum_co2_fossil_total_from_1750,410.727316,GtCO2,GCP fossil CO2 dataset 2025v15 (Andrew and Peters 2025); GCB 2025,derived
1970,cum_co2_fossil_total_from_1750,425.626455,GtCO2,GCP fossil CO2 dataset 2025v15 (Andrew and Peters 2025); GCB 2025,derived
1971,cum_co2_fossil_total_from_1750,441.130319,GtCO2,GCP fossil CO2 dataset 2025v15 (Andrew and Peters 2025); GCB 2025,derived
1972,cum_co2_fossil_total_from_1750,457.354899,GtCO2,GCP fossil CO2 dataset 2025v15 (Andrew and Peters 2025); GCB 2025,derived
1973,cum_co2_fossil_total_from_1750,474.432185,GtCO2,GCP fossil CO2 dataset 2025v15 (Andrew and Peters 2025); GCB 2025,derived
1974,cum_co2_fossil_total_from_1750,491.430097,GtCO2,GCP fossil CO2 dataset 2025v15 (Andrew and Peters 2025); GCB 2025,derived
1975,cum_co2_fossil_total_from_1750,508.418573,GtCO2,GCP fossil CO2 dataset 2025v15 (Andrew and Peters 2025); GCB 2025,derived
1976,cum_co2_fossil_total_from_1750,526.281065,GtCO2,GCP fossil CO2 dataset 2025v15 (Andrew and Peters 2025); GCB 2025,derived
1977,cum_co2_fossil_total_from_1750,544.639104,GtCO2,GCP fossil CO2 dataset 2025v15 (Andrew and Peters 2025); GCB 2025,derived
1978,cum_co2_fossil_total_from_1750,563.663845,GtCO2,GCP fossil CO2 dataset 2025v15 (Andrew and Peters 2025); GCB 2025,derived
1979,cum_co2_fossil_total_from_1750,583.172436,GtCO2,GCP fossil CO2 dataset 2025v15 (Andrew and Peters 2025); GCB 2025,derived
1980,cum_co2_fossil_total_from_1750,602.582229,GtCO2,GCP fossil CO2 dataset 2025v15 (Andrew and Peters 2025); GCB 2025,derived
1981,cum_co2_fossil_total_from_1750,621.461985,GtCO2,GCP fossil CO2 dataset 2025v15 (Andrew and Peters 2025); GCB 2025,derived
1982,cum_co2_fossil_total_from_1750,640.191728,GtCO2,GCP fossil CO2 dataset 2025v15 (Andrew and Peters 2025); GCB 2025,derived
1983,cum_co2_fossil_total_from_1750,659.093503,GtCO2,GCP fossil CO2 dataset 2025v15 (Andrew and Peters 2025); GCB 2025,derived
1984,cum_co2_fossil_total_from_1750,678.550752,GtCO2,GCP fossil CO2 dataset 2025v15 (Andrew and Peters 2025); GCB 2025,derived
1985,cum_co2_fossil_total_from_1750,698.695615,GtCO2,GCP fossil CO2 dataset 2025v15 (Andrew and Peters 2025); GCB 2025,derived
1986,cum_co2_fossil_total_from_1750,719.13366,GtCO2,GCP fossil CO2 dataset 2025v15 (Andrew and Peters 2025); GCB 2025,derived
1987,cum_co2_fossil_total_from_1750,740.23985,GtCO2,GCP fossil CO2 dataset 2025v15 (Andrew and Peters 2025); GCB 2025,derived
1988,cum_co2_fossil_total_from_1750,762.158606,GtCO2,GCP fossil CO2 dataset 2025v15 (Andrew and Peters 2025); GCB 2025,derived
1989,cum_co2_fossil_total_from_1750,784.358819,GtCO2,GCP fossil CO2 dataset 2025v15 (Andrew and Peters 2025); GCB 2025,derived
1990,cum_co2_fossil_total_from_1750,807.090963,GtCO2,GCP fossil CO2 dataset 2025v15 (Andrew and Peters 2025); GCB 2025,derived
1991,cum_co2_fossil_total_from_1750,830.296554,GtCO2,GCP fossil CO2 dataset 2025v15 (Andrew and Peters 2025); GCB 2025,derived
1992,cum_co2_fossil_total_from_1750,852.816978,GtCO2,GCP fossil CO2 dataset 2025v15 (Andrew and Peters 2025); GCB 2025,derived
1993,cum_co2_fossil_total_from_1750,875.56685,GtCO2,GCP fossil CO2 dataset 2025v15 (Andrew and Peters 2025); GCB 2025,derived
1994,cum_co2_fossil_total_from_1750,898.541448,GtCO2,GCP fossil CO2 dataset 2025v15 (Andrew and Peters 2025); GCB 2025,derived
1995,cum_co2_fossil_total_from_1750,922.058086,GtCO2,GCP fossil CO2 dataset 2025v15 (Andrew and Peters 2025); GCB 2025,derived
1996,cum_co2_fossil_total_from_1750,946.291563,GtCO2,GCP fossil CO2 dataset 2025v15 (Andrew and Peters 2025); GCB 2025,derived
1997,cum_co2_fossil_total_from_1750,970.671884,GtCO2,GCP fossil CO2 dataset 2025v15 (Andrew and Peters 2025); GCB 2025,derived
1998,cum_co2_fossil_total_from_1750,994.967597,GtCO2,GCP fossil CO2 dataset 2025v15 (Andrew and Peters 2025); GCB 2025,derived
1999,cum_co2_fossil_total_from_1750,1019.80537,GtCO2,GCP fossil CO2 dataset 2025v15 (Andrew and Peters 2025); GCB 2025,derived
2000,cum_co2_fossil_total_from_1750,1045.31685,GtCO2,GCP fossil CO2 dataset 2025v15 (Andrew and Peters 2025); GCB 2025,derived
2001,cum_co2_fossil_total_from_1750,1071.00984,GtCO2,GCP fossil CO2 dataset 2025v15 (Andrew and Peters 2025); GCB 2025,derived
2002,cum_co2_fossil_total_from_1750,1097.27518,GtCO2,GCP fossil CO2 dataset 2025v15 (Andrew and Peters 2025); GCB 2025,derived
2003,cum_co2_fossil_total_from_1750,1124.92787,GtCO2,GCP fossil CO2 dataset 2025v15 (Andrew and Peters 2025); GCB 2025,derived
2004,cum_co2_fossil_total_from_1750,1153.53789,GtCO2,GCP fossil CO2 dataset 2025v15 (Andrew and Peters 2025); GCB 2025,derived
2005,cum_co2_fossil_total_from_1750,1183.13684,GtCO2,GCP fossil CO2 dataset 2025v15 (Andrew and Peters 2025); GCB 2025,derived
2006,cum_co2_fossil_total_from_1750,1213.73099,GtCO2,GCP fossil CO2 dataset 2025v15 (Andrew and Peters 2025); GCB 2025,derived
2007,cum_co2_fossil_total_from_1750,1245.23025,GtCO2,GCP fossil CO2 dataset 2025v15 (Andrew and Peters 2025); GCB 2025,derived
2008,cum_co2_fossil_total_from_1750,1277.27991,GtCO2,GCP fossil CO2 dataset 2025v15 (Andrew and Peters 2025); GCB 2025,derived
2009,cum_co2_fossil_total_from_1750,1308.79292,GtCO2,GCP fossil CO2 dataset 2025v15 (Andrew and Peters 2025); GCB 2025,derived
2010,cum_co2_fossil_total_from_1750,1342.1106,GtCO2,GCP fossil CO2 dataset 2025v15 (Andrew and Peters 2025); GCB 2025,derived
2011,cum_co2_fossil_total_from_1750,1376.59059,GtCO2,GCP fossil CO2 dataset 2025v15 (Andrew and Peters 2025); GCB 2025,derived
2012,cum_co2_fossil_total_from_1750,1411.54532,GtCO2,GCP fossil CO2 dataset 2025v15 (Andrew and Peters 2025); GCB 2025,derived
2013,cum_co2_fossil_total_from_1750,1446.82114,GtCO2,GCP fossil CO2 dataset 2025v15 (Andrew and Peters 2025); GCB 2025,derived
2014,cum_co2_fossil_total_from_1750,1482.28683,GtCO2,GCP fossil CO2 dataset 2025v15 (Andrew and Peters 2025); GCB 2025,derived
2015,cum_co2_fossil_total_from_1750,1517.69036,GtCO2,GCP fossil CO2 dataset 2025v15 (Andrew and Peters 2025); GCB 2025,derived
2016,cum_co2_fossil_total_from_1750,1553.08319,GtCO2,GCP fossil CO2 dataset 2025v15 (Andrew and Peters 2025); GCB 2025,derived
2017,cum_co2_fossil_total_from_1750,1589.0578,GtCO2,GCP fossil CO2 dataset 2025v15 (Andrew and Peters 2025); GCB 2025,derived
2018,cum_co2_fossil_total_from_1750,1625.7918,GtCO2,GCP fossil CO2 dataset 2025v15 (Andrew and Peters 2025); GCB 2025,derived
2019,cum_co2_fossil_total_from_1750,1662.87837,GtCO2,GCP fossil CO2 dataset 2025v15 (Andrew and Peters 2025); GCB 2025,derived
2020,cum_co2_fossil_total_from_1750,1698.0366,GtCO2,GCP fossil CO2 dataset 2025v15 (Andrew and Peters 2025); GCB 2025,derived
2021,cum_co2_fossil_total_from_1750,1734.90346,GtCO2,GCP fossil CO2 dataset 2025v15 (Andrew and Peters 2025); GCB 2025,derived
2022,cum_co2_fossil_total_from_1750,1772.43124,GtCO2,GCP fossil CO2 dataset 2025v15 (Andrew and Peters 2025); GCB 2025,derived
2023,cum_co2_fossil_total_from_1750,1810.52528,GtCO2,GCP fossil CO2 dataset 2025v15 (Andrew and Peters 2025); GCB 2025,derived
2024,cum_co2_fossil_total_from_1750,1849.12386,GtCO2,GCP fossil CO2 dataset 2025v15 (Andrew and Peters 2025); GCB 2025,derived
1900,cum_co2_fossil_total_from_1900,1.96288379,GtCO2,GCP fossil CO2 dataset 2025v15 (Andrew and Peters 2025); GCB 2025,derived
1901,cum_co2_fossil_total_from_1900,3.98851196,GtCO2,GCP fossil CO2 dataset 2025v15 (Andrew and Peters 2025); GCB 2025,derived
1902,cum_co2_fossil_total_from_1900,6.06546795,GtCO2,GCP fossil CO2 dataset 2025v15 (Andrew and Peters 2025); GCB 2025,derived
1903,cum_co2_fossil_total_from_1900,8.3300598,GtCO2,GCP fossil CO2 dataset 2025v15 (Andrew and Peters 2025); GCB 2025,derived
1904,cum_co2_fossil_total_from_1900,10.6203148,GtCO2,GCP fossil CO2 dataset 2025v15 (Andrew and Peters 2025); GCB 2025,derived
1905,cum_co2_fossil_total_from_1900,13.0608853,GtCO2,GCP fossil CO2 dataset 2025v15 (Andrew and Peters 2025); GCB 2025,derived
1906,cum_co2_fossil_total_from_1900,15.6098635,GtCO2,GCP fossil CO2 dataset 2025v15 (Andrew and Peters 2025); GCB 2025,derived
1907,cum_co2_fossil_total_from_1900,18.5148128,GtCO2,GCP fossil CO2 dataset 2025v15 (Andrew and Peters 2025); GCB 2025,derived
1908,cum_co2_fossil_total_from_1900,21.3052078,GtCO2,GCP fossil CO2 dataset 2025v15 (Andrew and Peters 2025); GCB 2025,derived
1909,cum_co2_fossil_total_from_1900,24.2123195,GtCO2,GCP fossil CO2 dataset 2025v15 (Andrew and Peters 2025); GCB 2025,derived
1910,cum_co2_fossil_total_from_1900,27.2625924,GtCO2,GCP fossil CO2 dataset 2025v15 (Andrew and Peters 2025); GCB 2025,derived
1911,cum_co2_fossil_total_from_1900,30.3597998,GtCO2,GCP fossil CO2 dataset 2025v15 (Andrew and Peters 2025); GCB 2025,derived
1912,cum_co2_fossil_total_from_1900,33.6137286,GtCO2,GCP fossil CO2 dataset 2025v15 (Andrew and Peters 2025); GCB 2025,derived
1913,cum_co2_fossil_total_from_1900,37.1385745,GtCO2,GCP fossil CO2 dataset 2025v15 (Andrew and Peters 2025); GCB 2025,derived
1914,cum_co2_fossil_total_from_1900,40.3363244,GtCO2,GCP fossil CO2 dataset 2025v15 (Andrew and Peters 2025); GCB 2025,derived
1915,cum_co2_fossil_total_from_1900,43.4843551,GtCO2,GCP fossil CO2 dataset 2025v15 (Andrew and Peters 2025); GCB 2025,derived
1916,cum_co2_fossil_total_from_1900,46.8845872,GtCO2,GCP fossil CO2 dataset 2025v15 (Andrew and Peters 2025); GCB 2025,derived
1917,cum_co2_fossil_total_from_1900,50.4410857,GtCO2,GCP fossil CO2 dataset 2025v15 (Andrew and Peters 2025); GCB 2025,derived
1918,cum_co2_fossil_total_from_1900,53.9471705,GtCO2,GCP fossil CO2 dataset 2025v15 (Andrew and Peters 2025); GCB 2025,derived
1919,cum_co2_fossil_total_from_1900,56.9882836,GtCO2,GCP fossil CO2 dataset 2025v15 (Andrew and Peters 2025); GCB 2025,derived
1920,cum_co2_fossil_total_from_1900,60.5350413,GtCO2,GCP fossil CO2 dataset 2025v15 (Andrew and Peters 2025); GCB 2025,derived
1921,cum_co2_fossil_total_from_1900,63.6500352,GtCO2,GCP fossil CO2 dataset 2025v15 (Andrew and Peters 2025); GCB 2025,derived
1922,cum_co2_fossil_total_from_1900,66.9147521,GtCO2,GCP fossil CO2 dataset 2025v15 (Andrew and Peters 2025); GCB 2025,derived
1923,cum_co2_fossil_total_from_1900,70.6177478,GtCO2,GCP fossil CO2 dataset 2025v15 (Andrew and Peters 2025); GCB 2025,derived
1924,cum_co2_fossil_total_from_1900,74.3338905,GtCO2,GCP fossil CO2 dataset 2025v15 (Andrew and Peters 2025); GCB 2025,derived
1925,cum_co2_fossil_total_from_1900,78.0745234,GtCO2,GCP fossil CO2 dataset 2025v15 (Andrew and Peters 2025); GCB 2025,derived
1926,cum_co2_fossil_total_from_1900,81.7519302,GtCO2,GCP fossil CO2 dataset 2025v15 (Andrew and Peters 2025); GCB 2025,derived
1927,cum_co2_fossil_total_from_1900,85.764877,GtCO2,GCP fossil CO2 dataset 2025v15 (Andrew and Peters 2025); GCB 2025,derived
1928,cum_co2_fossil_total_from_1900,89.7611875,GtCO2,GCP fossil CO2 dataset 2025v15 (Andrew and Peters 2025); GCB 2025,derived
1929,cum_co2_fossil_total_from_1900,94.0493976,GtCO2,GCP fossil CO2 dataset 2025v15 (Andrew and Peters 2025); GCB 2025,derived
1930,cum_co2_fossil_total_from_1900,98.007492,GtCO2,GCP fossil CO2 dataset 2025v15 (Andrew and Peters 2025); GCB 2025,derived
1931,cum_co2_fossil_total_from_1900,101.546811,GtCO2,GCP fossil CO2 dataset 2025v15 (Andrew and Peters 2025); GCB 2025,derived
1932,cum_co2_fossil_total_from_1900,104.739401,GtCO2,GCP fossil CO2 dataset 2025v15 (Andrew and Peters 2025); GCB 2025,derived
1933,cum_co2_fossil_total_from_1900,108.102083,GtCO2,GCP fossil CO2 dataset 2025v15 (Andrew and Peters 2025); GCB 2025,derived
1934,cum_co2_fossil_total_from_1900,111.758268,GtCO2,GCP fossil CO2 dataset 2025v15 (Andrew and Peters 2025); GCB 2025,derived
1935,cum_co2_fossil_total_from_1900,115.594009,GtCO2,GCP fossil CO2 dataset 2025v15 (Andrew and Peters 2025); GCB 2025,derived
1936,cum_co2_fossil_total_from_1900,119.801938,GtCO2,GCP fossil CO2 dataset 2025v15 (Andrew and Peters 2025); GCB 2025,derived
1937,cum_co2_fossil_total_from_1900,124.298651,GtCO2,GCP fossil CO2 dataset 2025v15 (Andrew and Peters 2025); GCB 2025,derived
1938,cum_co2_fossil_total_from_1900,128.528268,GtCO2,GCP fossil CO2 dataset 2025v15 (Andrew and Peters 2025); GCB 2025,derived
1939,cum_co2_fossil_total_from_1900,132.998401,GtCO2,GCP fossil CO2 dataset 2025v15 (Andrew and Peters 2025); GCB 2025,derived
1940,cum_co2_fossil_total_from_1900,137.883062,GtCO2,GCP fossil CO2 dataset 2025v15 (Andrew and Peters 2025); GCB 2025,derived
1941,cum_co2_fossil_total_from_1900,142.882152,GtCO2,GCP fossil CO2 dataset 2025v15 (Andrew and Peters 2025); GCB 2025,derived
1942,cum_co2_fossil_total_from_1900,147.864675,GtCO2,GCP fossil CO2 dataset 2025v15 (Andrew and Peters 2025); GCB 2025,derived
1943,cum_co2_fossil_total_from_1900,152.939949,GtCO2,GCP fossil CO2 dataset 2025v15 (Andrew and Peters 2025); GCB 2025,derived
1944,cum_co2_fossil_total_from_1900,158.102434,GtCO2,GCP fossil CO2 dataset 2025v15 (Andrew and Peters 2025); GCB 2025,derived
1945,cum_co2_fossil_total_from_1900,162.391746,GtCO2,GCP fossil CO2 dataset 2025v15 (Andrew and Peters 2025); GCB 2025,derived
1946,cum_co2_fossil_total_from_1900,167.000292,GtCO2,GCP fossil CO2 dataset 2025v15 (Andrew and Peters 2025); GCB 2025,derived
1947,cum_co2_fossil_total_from_1900,172.165495,GtCO2,GCP fossil CO2 dataset 2025v15 (Andrew and Peters 2025); GCB 2025,derived
1948,cum_co2_fossil_total_from_1900,177.613378,GtCO2,GCP fossil CO2 dataset 2025v15 (Andrew and Peters 2025); GCB 2025,derived
1949,cum_co2_fossil_total_from_1900,182.817411,GtCO2,GCP fossil CO2 dataset 2025v15 (Andrew and Peters 2025); GCB 2025,derived
1950,cum_co2_fossil_total_from_1900,188.747817,GtCO2,GCP fossil CO2 dataset 2025v15 (Andrew and Peters 2025); GCB 2025,derived
1951,cum_co2_fossil_total_from_1900,195.129467,GtCO2,GCP fossil CO2 dataset 2025v15 (Andrew and Peters 2025); GCB 2025,derived
1952,cum_co2_fossil_total_from_1900,201.597167,GtCO2,GCP fossil CO2 dataset 2025v15 (Andrew and Peters 2025); GCB 2025,derived
1953,cum_co2_fossil_total_from_1900,208.248206,GtCO2,GCP fossil CO2 dataset 2025v15 (Andrew and Peters 2025); GCB 2025,derived
1954,cum_co2_fossil_total_from_1900,215.03794,GtCO2,GCP fossil CO2 dataset 2025v15 (Andrew and Peters 2025); GCB 2025,derived
1955,cum_co2_fossil_total_from_1900,222.482043,GtCO2,GCP fossil CO2 dataset 2025v15 (Andrew and Peters 2025); GCB 2025,derived
1956,cum_co2_fossil_total_from_1900,230.408318,GtCO2,GCP fossil CO2 dataset 2025v15 (Andrew and Peters 2025); GCB 2025,derived
1957,cum_co2_fossil_total_from_1900,238.594294,GtCO2,GCP fossil CO2 dataset 2025v15 (Andrew and Peters 2025); GCB 2025,derived
1958,cum_co2_fossil_total_from_1900,247.011811,GtCO2,GCP fossil CO2 dataset 2025v15 (Andrew and Peters 2025); GCB 2025,derived
1959,cum_co2_fossil_total_from_1900,255.866923,GtCO2,GCP fossil CO2 dataset 2025v15 (Andrew and Peters 2025); GCB 2025,derived
1960,cum_co2_fossil_total_from_1900,265.253875,GtCO2,GCP fossil CO2 dataset 2025v15 (Andrew and Peters 2025); GCB 2025,derived
1961,cum_co2_fossil_total_from_1900,274.668865,GtCO2,GCP fossil CO2 dataset 2025v15 (Andrew and Peters 2025); GCB 2025,derived
1962,cum_co2_fossil_total_from_1900,284.416106,GtCO2,GCP fossil CO2 dataset 2025v15 (Andrew and Peters 2025); GCB 2025,derived
1963,cum_co2_fossil_total_from_1900,294.682884,GtCO2,GCP fossil CO2 dataset 2025v15 (Andrew and Peters 2025); GCB 2025,derived
1964,cum_co2_fossil_total_from_1900,305.507353,GtCO2,GCP fossil CO2 dataset 2025v15 (Andrew and Peters 2025); GCB 2025,derived
1965,cum_co2_fossil_total_from_1900,316.817956,GtCO2,GCP fossil CO2 dataset 2025v15 (Andrew and Peters 2025); GCB 2025,derived
1966,cum_co2_fossil_total_from_1900,328.680581,GtCO2,GCP fossil CO2 dataset 2025v15 (Andrew and Peters 2025); GCB 2025,derived
1967,cum_co2_fossil_total_from_1900,340.917952,GtCO2,GCP fossil CO2 dataset 2025v15 (Andrew and Peters 2025); GCB 2025,derived
1968,cum_co2_fossil_total_from_1900,353.823226,GtCO2,GCP fossil CO2 dataset 2025v15 (Andrew and Peters 2025); GCB 2025,derived
1969,cum_co2_fossil_total_from_1900,367.585023,GtCO2,GCP fossil CO2 dataset 2025v15 (Andrew and Peters 2025); GCB 2025,derived
1970,cum_co2_fossil_total_from_1900,382.484162,GtCO2,GCP fossil CO2 dataset 2025v15 (Andrew and Peters 2025); GCB 2025,derived
1971,cum_co2_fossil_total_from_1900,397.988025,GtCO2,GCP fossil CO2 dataset 2025v15 (Andrew and Peters 2025); GCB 2025,derived
1972,cum_co2_fossil_total_from_1900,414.212606,GtCO2,GCP fossil CO2 dataset 2025v15 (Andrew and Peters 2025); GCB 2025,derived
1973,cum_co2_fossil_total_from_1900,431.289892,GtCO2,GCP fossil CO2 dataset 2025v15 (Andrew and Peters 2025); GCB 2025,derived
1974,cum_co2_fossil_total_from_1900,448.287803,GtCO2,GCP fossil CO2 dataset 2025v15 (Andrew and Peters 2025); GCB 2025,derived
1975,cum_co2_fossil_total_from_1900,465.27628,GtCO2,GCP fossil CO2 dataset 2025v15 (Andrew and Peters 2025); GCB 2025,derived
1976,cum_co2_fossil_total_from_1900,483.138772,GtCO2,GCP fossil CO2 dataset 2025v15 (Andrew and Peters 2025); GCB 2025,derived
1977,cum_co2_fossil_total_from_1900,501.496811,GtCO2,GCP fossil CO2 dataset 2025v15 (Andrew and Peters 2025); GCB 2025,derived
1978,cum_co2_fossil_total_from_1900,520.521552,GtCO2,GCP fossil CO2 dataset 2025v15 (Andrew and Peters 2025); GCB 2025,derived
1979,cum_co2_fossil_total_from_1900,540.030142,GtCO2,GCP fossil CO2 dataset 2025v15 (Andrew and Peters 2025); GCB 2025,derived
1980,cum_co2_fossil_total_from_1900,559.439935,GtCO2,GCP fossil CO2 dataset 2025v15 (Andrew and Peters 2025); GCB 2025,derived
1981,cum_co2_fossil_total_from_1900,578.319692,GtCO2,GCP fossil CO2 dataset 2025v15 (Andrew and Peters 2025); GCB 2025,derived
1982,cum_co2_fossil_total_from_1900,597.049434,GtCO2,GCP fossil CO2 dataset 2025v15 (Andrew and Peters 2025); GCB 2025,derived
1983,cum_co2_fossil_total_from_1900,615.951209,GtCO2,GCP fossil CO2 dataset 2025v15 (Andrew and Peters 2025); GCB 2025,derived
1984,cum_co2_fossil_total_from_1900,635.408459,GtCO2,GCP fossil CO2 dataset 2025v15 (Andrew and Peters 2025); GCB 2025,derived
1985,cum_co2_fossil_total_from_1900,655.553322,GtCO2,GCP fossil CO2 dataset 2025v15 (Andrew and Peters 2025); GCB 2025,derived
1986,cum_co2_fossil_total_from_1900,675.991367,GtCO2,GCP fossil CO2 dataset 2025v15 (Andrew and Peters 2025); GCB 2025,derived
1987,cum_co2_fossil_total_from_1900,697.097557,GtCO2,GCP fossil CO2 dataset 2025v15 (Andrew and Peters 2025); GCB 2025,derived
1988,cum_co2_fossil_total_from_1900,719.016313,GtCO2,GCP fossil CO2 dataset 2025v15 (Andrew and Peters 2025); GCB 2025,derived
1989,cum_co2_fossil_total_from_1900,741.216526,GtCO2,GCP fossil CO2 dataset 2025v15 (Andrew and Peters 2025); GCB 2025,derived
1990,cum_co2_fossil_total_from_1900,763.948669,GtCO2,GCP fossil CO2 dataset 2025v15 (Andrew and Peters 2025); GCB 2025,derived
1991,cum_co2_fossil_total_from_1900,787.15426,GtCO2,GCP fossil CO2 dataset 2025v15 (Andrew and Peters 2025); GCB 2025,derived
1992,cum_co2_fossil_total_from_1900,809.674684,GtCO2,GCP fossil CO2 dataset 2025v15 (Andrew and Peters 2025); GCB 2025,derived
1993,cum_co2_fossil_total_from_1900,832.424556,GtCO2,GCP fossil CO2 dataset 2025v15 (Andrew and Peters 2025); GCB 2025,derived
1994,cum_co2_fossil_total_from_1900,855.399155,GtCO2,GCP fossil CO2 dataset 2025v15 (Andrew and Peters 2025); GCB 2025,derived
1995,cum_co2_fossil_total_from_1900,878.915793,GtCO2,GCP fossil CO2 dataset 2025v15 (Andrew and Peters 2025); GCB 2025,derived
1996,cum_co2_fossil_total_from_1900,903.149269,GtCO2,GCP fossil CO2 dataset 2025v15 (Andrew and Peters 2025); GCB 2025,derived
1997,cum_co2_fossil_total_from_1900,927.529591,GtCO2,GCP fossil CO2 dataset 2025v15 (Andrew and Peters 2025); GCB 2025,derived
1998,cum_co2_fossil_total_from_1900,951.825304,GtCO2,GCP fossil CO2 dataset 2025v15 (Andrew and Peters 2025); GCB 2025,derived
1999,cum_co2_fossil_total_from_1900,976.663074,GtCO2,GCP fossil CO2 dataset 2025v15 (Andrew and Peters 2025); GCB 2025,derived
2000,cum_co2_fossil_total_from_1900,1002.17456,GtCO2,GCP fossil CO2 dataset 2025v15 (Andrew and Peters 2025); GCB 2025,derived
2001,cum_co2_fossil_total_from_1900,1027.86755,GtCO2,GCP fossil CO2 dataset 2025v15 (Andrew and Peters 2025); GCB 2025,derived
2002,cum_co2_fossil_total_from_1900,1054.13288,GtCO2,GCP fossil CO2 dataset 2025v15 (Andrew and Peters 2025); GCB 2025,derived
2003,cum_co2_fossil_total_from_1900,1081.78557,GtCO2,GCP fossil CO2 dataset 2025v15 (Andrew and Peters 2025); GCB 2025,derived
2004,cum_co2_fossil_total_from_1900,1110.3956,GtCO2,GCP fossil CO2 dataset 2025v15 (Andrew and Peters 2025); GCB 2025,derived
2005,cum_co2_fossil_total_from_1900,1139.99455,GtCO2,GCP fossil CO2 dataset 2025v15 (Andrew and Peters 2025); GCB 2025,derived
2006,cum_co2_fossil_total_from_1900,1170.5887,GtCO2,GCP fossil CO2 dataset 2025v15 (Andrew and Peters 2025); GCB 2025,derived
2007,cum_co2_fossil_total_from_1900,1202.08796,GtCO2,GCP fossil CO2 dataset 2025v15 (Andrew and Peters 2025); GCB 2025,derived
2008,cum_co2_fossil_total_from_1900,1234.13762,GtCO2,GCP fossil CO2 dataset 2025v15 (Andrew and Peters 2025); GCB 2025,derived
2009,cum_co2_fossil_total_from_1900,1265.65063,GtCO2,GCP fossil CO2 dataset 2025v15 (Andrew and Peters 2025); GCB 2025,derived
2010,cum_co2_fossil_total_from_1900,1298.9683,GtCO2,GCP fossil CO2 dataset 2025v15 (Andrew and Peters 2025); GCB 2025,derived
2011,cum_co2_fossil_total_from_1900,1333.44829,GtCO2,GCP fossil CO2 dataset 2025v15 (Andrew and Peters 2025); GCB 2025,derived
2012,cum_co2_fossil_total_from_1900,1368.40303,GtCO2,GCP fossil CO2 dataset 2025v15 (Andrew and Peters 2025); GCB 2025,derived
2013,cum_co2_fossil_total_from_1900,1403.67885,GtCO2,GCP fossil CO2 dataset 2025v15 (Andrew and Peters 2025); GCB 2025,derived
2014,cum_co2_fossil_total_from_1900,1439.14454,GtCO2,GCP fossil CO2 dataset 2025v15 (Andrew and Peters 2025); GCB 2025,derived
2015,cum_co2_fossil_total_from_1900,1474.54807,GtCO2,GCP fossil CO2 dataset 2025v15 (Andrew and Peters 2025); GCB 2025,derived
2016,cum_co2_fossil_total_from_1900,1509.9409,GtCO2,GCP fossil CO2 dataset 2025v15 (Andrew and Peters 2025); GCB 2025,derived
2017,cum_co2_fossil_total_from_1900,1545.91551,GtCO2,GCP fossil CO2 dataset 2025v15 (Andrew and Peters 2025); GCB 2025,derived
2018,cum_co2_fossil_total_from_1900,1582.64951,GtCO2,GCP fossil CO2 dataset 2025v15 (Andrew and Peters 2025); GCB 2025,derived
2019,cum_co2_fossil_total_from_1900,1619.73608,GtCO2,GCP fossil CO2 dataset 2025v15 (Andrew and Peters 2025); GCB 2025,derived
2020,cum_co2_fossil_total_from_1900,1654.89431,GtCO2,GCP fossil CO2 dataset 2025v15 (Andrew and Peters 2025); GCB 2025,derived
2021,cum_co2_fossil_total_from_1900,1691.76117,GtCO2,GCP fossil CO2 dataset 2025v15 (Andrew and Peters 2025); GCB 2025,derived
2022,cum_co2_fossil_total_from_1900,1729.28894,GtCO2,GCP fossil CO2 dataset 2025v15 (Andrew and Peters 2025); GCB 2025,derived
2023,cum_co2_fossil_total_from_1900,1767.38299,GtCO2,GCP fossil CO2 dataset 2025v15 (Andrew and Peters 2025); GCB 2025,derived
2024,cum_co2_fossil_total_from_1900,1805.98157,GtCO2,GCP fossil CO2 dataset 2025v15 (Andrew and Peters 2025); GCB 2025,derived
1750,cum_co2_fossil_fuels_only_from_1750,0.009305937,GtCO2,GCP fossil CO2 dataset 2025v15 (Andrew and Peters 2025); GCB 2025,derived
1751,cum_co2_fossil_fuels_only_from_1750,0.018713166,GtCO2,GCP fossil CO2 dataset 2025v15 (Andrew and Peters 2025); GCB 2025,derived
1752,cum_co2_fossil_fuels_only_from_1750,0.028218334,GtCO2,GCP fossil CO2 dataset 2025v15 (Andrew and Peters 2025); GCB 2025,derived
1753,cum_co2_fossil_fuels_only_from_1750,0.037828824,GtCO2,GCP fossil CO2 dataset 2025v15 (Andrew and Peters 2025); GCB 2025,derived
1754,cum_co2_fossil_fuels_only_from_1750,0.047562404,GtCO2,GCP fossil CO2 dataset 2025v15 (Andrew and Peters 2025); GCB 2025,derived
1755,cum_co2_fossil_fuels_only_from_1750,0.057355872,GtCO2,GCP fossil CO2 dataset 2025v15 (Andrew and Peters 2025); GCB 2025,derived
1756,cum_co2_fossil_fuels_only_from_1750,0.067265786,GtCO2,GCP fossil CO2 dataset 2025v15 (Andrew and Peters 2025); GCB 2025,derived
1757,cum_co2_fossil_fuels_only_from_1750,0.077359722,GtCO2,GCP fossil CO2 dataset 2025v15 (Andrew and Peters 2025); GCB 2025,derived
1758,cum_co2_fossil_fuels_only_from_1750,0.08757608,GtCO2,GCP fossil CO2 dataset 2025v15 (Andrew and Peters 2025); GCB 2025,derived
1759,cum_co2_fossil_fuels_only_from_1750,0.097914934,GtCO2,GCP fossil CO2 dataset 2025v15 (Andrew and Peters 2025); GCB 2025,derived
1760,cum_co2_fossil_fuels_only_from_1750,0.108429265,GtCO2,GCP fossil CO2 dataset 2025v15 (Andrew and Peters 2025); GCB 2025,derived
1761,cum_co2_fossil_fuels_only_from_1750,0.11917715,GtCO2,GCP fossil CO2 dataset 2025v15 (Andrew and Peters 2025); GCB 2025,derived
1762,cum_co2_fossil_fuels_only_from_1750,0.130129348,GtCO2,GCP fossil CO2 dataset 2025v15 (Andrew and Peters 2025); GCB 2025,derived
1763,cum_co2_fossil_fuels_only_from_1750,0.14132094,GtCO2,GCP fossil CO2 dataset 2025v15 (Andrew and Peters 2025); GCB 2025,derived
1764,cum_co2_fossil_fuels_only_from_1750,0.152717922,GtCO2,GCP fossil CO2 dataset 2025v15 (Andrew and Peters 2025); GCB 2025,derived
1765,cum_co2_fossil_fuels_only_from_1750,0.164361408,GtCO2,GCP fossil CO2 dataset 2025v15 (Andrew and Peters 2025); GCB 2025,derived
1766,cum_co2_fossil_fuels_only_from_1750,0.176237488,GtCO2,GCP fossil CO2 dataset 2025v15 (Andrew and Peters 2025); GCB 2025,derived
1767,cum_co2_fossil_fuels_only_from_1750,0.188389997,GtCO2,GCP fossil CO2 dataset 2025v15 (Andrew and Peters 2025); GCB 2025,derived
1768,cum_co2_fossil_fuels_only_from_1750,0.200856933,GtCO2,GCP fossil CO2 dataset 2025v15 (Andrew and Peters 2025); GCB 2025,derived
1769,cum_co2_fossil_fuels_only_from_1750,0.213637007,GtCO2,GCP fossil CO2 dataset 2025v15 (Andrew and Peters 2025); GCB 2025,derived
1770,cum_co2_fossil_fuels_only_from_1750,0.226734223,GtCO2,GCP fossil CO2 dataset 2025v15 (Andrew and Peters 2025); GCB 2025,derived
1771,cum_co2_fossil_fuels_only_from_1750,0.240103711,GtCO2,GCP fossil CO2 dataset 2025v15 (Andrew and Peters 2025); GCB 2025,derived
1772,cum_co2_fossil_fuels_only_from_1750,0.253727218,GtCO2,GCP fossil CO2 dataset 2025v15 (Andrew and Peters 2025); GCB 2025,derived
1773,cum_co2_fossil_fuels_only_from_1750,0.267535356,GtCO2,GCP fossil CO2 dataset 2025v15 (Andrew and Peters 2025); GCB 2025,derived
1774,cum_co2_fossil_fuels_only_from_1750,0.281547771,GtCO2,GCP fossil CO2 dataset 2025v15 (Andrew and Peters 2025); GCB 2025,derived
1775,cum_co2_fossil_fuels_only_from_1750,0.295886691,GtCO2,GCP fossil CO2 dataset 2025v15 (Andrew and Peters 2025); GCB 2025,derived
1776,cum_co2_fossil_fuels_only_from_1750,0.310540815,GtCO2,GCP fossil CO2 dataset 2025v15 (Andrew and Peters 2025); GCB 2025,derived
1777,cum_co2_fossil_fuels_only_from_1750,0.325500352,GtCO2,GCP fossil CO2 dataset 2025v15 (Andrew and Peters 2025); GCB 2025,derived
1778,cum_co2_fossil_fuels_only_from_1750,0.340743835,GtCO2,GCP fossil CO2 dataset 2025v15 (Andrew and Peters 2025); GCB 2025,derived
1779,cum_co2_fossil_fuels_only_from_1750,0.35627907,GtCO2,GCP fossil CO2 dataset 2025v15 (Andrew and Peters 2025); GCB 2025,derived
1780,cum_co2_fossil_fuels_only_from_1750,0.372157796,GtCO2,GCP fossil CO2 dataset 2025v15 (Andrew and Peters 2025); GCB 2025,derived
1781,cum_co2_fossil_fuels_only_from_1750,0.388392179,GtCO2,GCP fossil CO2 dataset 2025v15 (Andrew and Peters 2025); GCB 2025,derived
1782,cum_co2_fossil_fuels_only_from_1750,0.404973133,GtCO2,GCP fossil CO2 dataset 2025v15 (Andrew and Peters 2025); GCB 2025,derived
1783,cum_co2_fossil_fuels_only_from_1750,0.422035884,GtCO2,GCP fossil CO2 dataset 2025v15 (Andrew and Peters 2025); GCB 2025,derived
1784,cum_co2_fossil_fuels_only_from_1750,0.439506977,GtCO2,GCP fossil CO2 dataset 2025v15 (Andrew and Peters 2025); GCB 2025,derived
1785,cum_co2_fossil_fuels_only_from_1750,0.457472104,GtCO2,GCP fossil CO2 dataset 2025v15 (Andrew and Peters 2025); GCB 2025,derived
1786,cum_co2_fossil_fuels_only_from_1750,0.475919601,GtCO2,GCP fossil CO2 dataset 2025v15 (Andrew and Peters 2025); GCB 2025,derived
1787,cum_co2_fossil_fuels_only_from_1750,0.494778731,GtCO2,GCP fossil CO2 dataset 2025v15 (Andrew and Peters 2025); GCB 2025,derived
1788,cum_co2_fossil_fuels_only_from_1750,0.51406496,GtCO2,GCP fossil CO2 dataset 2025v15 (Andrew and Peters 2025); GCB 2025,derived
1789,cum_co2_fossil_fuels_only_from_1750,0.533928385,GtCO2,GCP fossil CO2 dataset 2025v15 (Andrew and Peters 2025); GCB 2025,derived
1790,cum_co2_fossil_fuels_only_from_1750,0.554326479,GtCO2,GCP fossil CO2 dataset 2025v15 (Andrew and Peters 2025); GCB 2025,derived
1791,cum_co2_fossil_fuels_only_from_1750,0.575258228,GtCO2,GCP fossil CO2 dataset 2025v15 (Andrew and Peters 2025); GCB 2025,derived
1792,cum_co2_fossil_fuels_only_from_1750,0.597187443,GtCO2,GCP fossil CO2 dataset 2025v15 (Andrew and Peters 2025); GCB 2025,derived
1793,cum_co2_fossil_fuels_only_from_1750,0.619484704,GtCO2,GCP fossil CO2 dataset 2025v15 (Andrew and Peters 2025); GCB 2025,derived
1794,cum_co2_fossil_fuels_only_from_1750,0.64200436,GtCO2,GCP fossil CO2 dataset 2025v15 (Andrew and Peters 2025); GCB 2025,derived
1795,cum_co2_fossil_fuels_only_from_1750,0.664319606,GtCO2,GCP fossil CO2 dataset 2025v15 (Andrew and Peters 2025); GCB 2025,derived
1796,cum_co2_fossil_fuels_only_from_1750,0.686440981,GtCO2,GCP fossil CO2 dataset 2025v15 (Andrew and Peters 2025); GCB 2025,derived
1797,cum_co2_fossil_fuels_only_from_1750,0.708531059,GtCO2,GCP fossil CO2 dataset 2025v15 (Andrew and Peters 2025); GCB 2025,derived
1798,cum_co2_fossil_fuels_only_from_1750,0.731636988,GtCO2,GCP fossil CO2 dataset 2025v15 (Andrew and Peters 2025); GCB 2025,derived
1799,cum_co2_fossil_fuels_only_from_1750,0.759122195,GtCO2,GCP fossil CO2 dataset 2025v15 (Andrew and Peters 2025); GCB 2025,derived
1800,cum_co2_fossil_fuels_only_from_1750,0.791920547,GtCO2,GCP fossil CO2 dataset 2025v15 (Andrew and Peters 2025); GCB 2025,derived
1801,cum_co2_fossil_fuels_only_from_1750,0.823906597,GtCO2,GCP fossil CO2 dataset 2025v15 (Andrew and Peters 2025); GCB 2025,derived
1802,cum_co2_fossil_fuels_only_from_1750,0.86421707,GtCO2,GCP fossil CO2 dataset 2025v15 (Andrew and Peters 2025); GCB 2025,derived
1803,cum_co2_fossil_fuels_only_from_1750,0.893755576,GtCO2,GCP fossil CO2 dataset 2025v15 (Andrew and Peters 2025); GCB 2025,derived
1804,cum_co2_fossil_fuels_only_from_1750,0.925524753,GtCO2,GCP fossil CO2 dataset 2025v15 (Andrew and Peters 2025); GCB 2025,derived
1805,cum_co2_fossil_fuels_only_from_1750,0.95677657,GtCO2,GCP fossil CO2 dataset 2025v15 (Andrew and Peters 2025); GCB 2025,derived
1806,cum_co2_fossil_fuels_only_from_1750,0.989481192,GtCO2,GCP fossil CO2 dataset 2025v15 (Andrew and Peters 2025); GCB 2025,derived
1807,cum_co2_fossil_fuels_only_from_1750,1.02568185,GtCO2,GCP fossil CO2 dataset 2025v15 (Andrew and Peters 2025); GCB 2025,derived
1808,cum_co2_fossil_fuels_only_from_1750,1.06117964,GtCO2,GCP fossil CO2 dataset 2025v15 (Andrew and Peters 2025); GCB 2025,derived
1809,cum_co2_fossil_fuels_only_from_1750,1.09751345,GtCO2,GCP fossil CO2 dataset 2025v15 (Andrew and Peters 2025); GCB 2025,derived
1810,cum_co2_fossil_fuels_only_from_1750,1.13700576,GtCO2,GCP fossil CO2 dataset 2025v15 (Andrew and Peters 2025); GCB 2025,derived
1811,cum_co2_fossil_fuels_only_from_1750,1.17718244,GtCO2,GCP fossil CO2 dataset 2025v15 (Andrew and Peters 2025); GCB 2025,derived
1812,cum_co2_fossil_fuels_only_from_1750,1.21799696,GtCO2,GCP fossil CO2 dataset 2025v15 (Andrew and Peters 2025); GCB 2025,derived
1813,cum_co2_fossil_fuels_only_from_1750,1.2592031,GtCO2,GCP fossil CO2 dataset 2025v15 (Andrew and Peters 2025); GCB 2025,derived
1814,cum_co2_fossil_fuels_only_from_1750,1.30142975,GtCO2,GCP fossil CO2 dataset 2025v15 (Andrew and Peters 2025); GCB 2025,derived
1815,cum_co2_fossil_fuels_only_from_1750,1.34501701,GtCO2,GCP fossil CO2 dataset 2025v15 (Andrew and Peters 2025); GCB 2025,derived
1816,cum_co2_fossil_fuels_only_from_1750,1.39051359,GtCO2,GCP fossil CO2 dataset 2025v15 (Andrew and Peters 2025); GCB 2025,derived
1817,cum_co2_fossil_fuels_only_from_1750,1.43978951,GtCO2,GCP fossil CO2 dataset 2025v15 (Andrew and Peters 2025); GCB 2025,derived
1818,cum_co2_fossil_fuels_only_from_1750,1.49118152,GtCO2,GCP fossil CO2 dataset 2025v15 (Andrew and Peters 2025); GCB 2025,derived
1819,cum_co2_fossil_fuels_only_from_1750,1.54211169,GtCO2,GCP fossil CO2 dataset 2025v15 (Andrew and Peters 2025); GCB 2025,derived
1820,cum_co2_fossil_fuels_only_from_1750,1.59284476,GtCO2,GCP fossil CO2 dataset 2025v15 (Andrew and Peters 2025); GCB 2025,derived
1821,cum_co2_fossil_fuels_only_from_1750,1.64490411,GtCO2,GCP fossil CO2 dataset 2025v15 (Andrew and Peters 2025); GCB 2025,derived
1822,cum_co2_fossil_fuels_only_from_1750,1.69892583,GtCO2,GCP fossil CO2 dataset 2025v15 (Andrew and Peters 2025); GCB 2025,derived
1823,cum_co2_fossil_fuels_only_from_1750,1.75528359,GtCO2,GCP fossil CO2 dataset 2025v15 (Andrew and Peters 2025); GCB 2025,derived
1824,cum_co2_fossil_fuels_only_from_1750,1.81286723,GtCO2,GCP fossil CO2 dataset 2025v15 (Andrew and Peters 2025); GCB 2025,derived
1825,cum_co2_fossil_fuels_only_from_1750,1.87359809,GtCO2,GCP fossil CO2 dataset 2025v15 (Andrew and Peters 2025); GCB 2025,derived
1826,cum_co2_fossil_fuels_only_from_1750,1.93498022,GtCO2,GCP fossil CO2 dataset 2025v15 (Andrew and Peters 2025); GCB 2025,derived
1827,cum_co2_fossil_fuels_only_from_1750,2.00071879,GtCO2,GCP fossil CO2 dataset 2025v15 (Andrew and Peters 2025); GCB 2025,derived
1828,cum_co2_fossil_fuels_only_from_1750,2.06740058,GtCO2,GCP fossil CO2 dataset 2025v15 (Andrew and Peters 2025); GCB 2025,derived
1829,cum_co2_fossil_fuels_only_from_1750,2.13370799,GtCO2,GCP fossil CO2 dataset 2025v15 (Andrew and Peters 2025); GCB 2025,derived
1830,cum_co2_fossil_fuels_only_from_1750,2.22269649,GtCO2,GCP fossil CO2 dataset 2025v15 (Andrew and Peters 2025); GCB 2025,derived
1831,cum_co2_fossil_fuels_only_from_1750,2.30594739,GtCO2,GCP fossil CO2 dataset 2025v15 (Andrew and Peters 2025); GCB 2025,derived
1832,cum_co2_fossil_fuels_only_from_1750,2.38803914,GtCO2,GCP fossil CO2 dataset 2025v15 (Andrew and Peters 2025); GCB 2025,derived
1833,cum_co2_fossil_fuels_only_from_1750,2.47128809,GtCO2,GCP fossil CO2 dataset 2025v15 (Andrew and Peters 2025); GCB 2025,derived
1834,cum_co2_fossil_fuels_only_from_1750,2.5600512,GtCO2,GCP fossil CO2 dataset 2025v15 (Andrew and Peters 2025); GCB 2025,derived
1835,cum_co2_fossil_fuels_only_from_1750,2.65745079,GtCO2,GCP fossil CO2 dataset 2025v15 (Andrew and Peters 2025); GCB 2025,derived
1836,cum_co2_fossil_fuels_only_from_1750,2.76434529,GtCO2,GCP fossil CO2 dataset 2025v15 (Andrew and Peters 2025); GCB 2025,derived
1837,cum_co2_fossil_fuels_only_from_1750,2.87054471,GtCO2,GCP fossil CO2 dataset 2025v15 (Andrew and Peters 2025); GCB 2025,derived
1838,cum_co2_fossil_fuels_only_from_1750,2.97638997,GtCO2,GCP fossil CO2 dataset 2025v15 (Andrew and Peters 2025); GCB 2025,derived
1839,cum_co2_fossil_fuels_only_from_1750,3.08604301,GtCO2,GCP fossil CO2 dataset 2025v15 (Andrew and Peters 2025); GCB 2025,derived
1840,cum_co2_fossil_fuels_only_from_1750,3.20485152,GtCO2,GCP fossil CO2 dataset 2025v15 (Andrew and Peters 2025); GCB 2025,derived
1841,cum_co2_fossil_fuels_only_from_1750,3.32701706,GtCO2,GCP fossil CO2 dataset 2025v15 (Andrew and Peters 2025); GCB 2025,derived
1842,cum_co2_fossil_fuels_only_from_1750,3.45640585,GtCO2,GCP fossil CO2 dataset 2025v15 (Andrew and Peters 2025); GCB 2025,derived
1843,cum_co2_fossil_fuels_only_from_1750,3.58877524,GtCO2,GCP fossil CO2 dataset 2025v15 (Andrew and Peters 2025); GCB 2025,derived
1844,cum_co2_fossil_fuels_only_from_1750,3.73074169,GtCO2,GCP fossil CO2 dataset 2025v15 (Andrew and Peters 2025); GCB 2025,derived
1845,cum_co2_fossil_fuels_only_from_1750,3.88581509,GtCO2,GCP fossil CO2 dataset 2025v15 (Andrew and Peters 2025); GCB 2025,derived
1846,cum_co2_fossil_fuels_only_from_1750,4.04351688,GtCO2,GCP fossil CO2 dataset 2025v15 (Andrew and Peters 2025); GCB 2025,derived
1847,cum_co2_fossil_fuels_only_from_1750,4.21431363,GtCO2,GCP fossil CO2 dataset 2025v15 (Andrew and Peters 2025); GCB 2025,derived
1848,cum_co2_fossil_fuels_only_from_1750,4.38795711,GtCO2,GCP fossil CO2 dataset 2025v15 (Andrew and Peters 2025); GCB 2025,derived
1849,cum_co2_fossil_fuels_only_from_1750,4.57300515,GtCO2,GCP fossil CO2 dataset 2025v15 (Andrew and Peters 2025); GCB 2025,derived
1850,cum_co2_fossil_fuels_only_from_1750,4.76985274,GtCO2,GCP fossil CO2 dataset 2025v15 (Andrew and Peters 2025); GCB 2025,derived
1851,cum_co2_fossil_fuels_only_from_1750,4.96863129,GtCO2,GCP fossil CO2 dataset 2025v15 (Andrew and Peters 2025); GCB 2025,derived
1852,cum_co2_fossil_fuels_only_from_1750,5.17622638,GtCO2,GCP fossil CO2 dataset 2025v15 (Andrew and Peters 2025); GCB 2025,derived
1853,cum_co2_fossil_fuels_only_from_1750,5.39346335,GtCO2,GCP fossil CO2 dataset 2025v15 (Andrew and Peters 2025); GCB 2025,derived
1854,cum_co2_fossil_fuels_only_from_1750,5.6485019,GtCO2,GCP fossil CO2 dataset 2025v15 (Andrew and Peters 2025); GCB 2025,derived
1855,cum_co2_fossil_fuels_only_from_1750,5.90876176,GtCO2,GCP fossil CO2 dataset 2025v15 (Andrew and Peters 2025); GCB 2025,derived
1856,cum_co2_fossil_fuels_only_from_1750,6.18700738,GtCO2,GCP fossil CO2 dataset 2025v15 (Andrew and Peters 2025); GCB 2025,derived
1857,cum_co2_fossil_fuels_only_from_1750,6.46818843,GtCO2,GCP fossil CO2 dataset 2025v15 (Andrew and Peters 2025); GCB 2025,derived
1858,cum_co2_fossil_fuels_only_from_1750,6.75373681,GtCO2,GCP fossil CO2 dataset 2025v15 (Andrew and Peters 2025); GCB 2025,derived
1859,cum_co2_fossil_fuels_only_from_1750,7.05630898,GtCO2,GCP fossil CO2 dataset 2025v15 (Andrew and Peters 2025); GCB 2025,derived
1860,cum_co2_fossil_fuels_only_from_1750,7.38860742,GtCO2,GCP fossil CO2 dataset 2025v15 (Andrew and Peters 2025); GCB 2025,derived
1861,cum_co2_fossil_fuels_only_from_1750,7.73779759,GtCO2,GCP fossil CO2 dataset 2025v15 (Andrew and Peters 2025); GCB 2025,derived
1862,cum_co2_fossil_fuels_only_from_1750,8.09378866,GtCO2,GCP fossil CO2 dataset 2025v15 (Andrew and Peters 2025); GCB 2025,derived
1863,cum_co2_fossil_fuels_only_from_1750,8.47332354,GtCO2,GCP fossil CO2 dataset 2025v15 (Andrew and Peters 2025); GCB 2025,derived
1864,cum_co2_fossil_fuels_only_from_1750,8.88284896,GtCO2,GCP fossil CO2 dataset 2025v15 (Andrew and Peters 2025); GCB 2025,derived
1865,cum_co2_fossil_fuels_only_from_1750,9.31770028,GtCO2,GCP fossil CO2 dataset 2025v15 (Andrew and Peters 2025); GCB 2025,derived
1866,cum_co2_fossil_fuels_only_from_1750,9.76676729,GtCO2,GCP fossil CO2 dataset 2025v15 (Andrew and Peters 2025); GCB 2025,derived
1867,cum_co2_fossil_fuels_only_from_1750,10.2475812,GtCO2,GCP fossil CO2 dataset 2025v15 (Andrew and Peters 2025); GCB 2025,derived
1868,cum_co2_fossil_fuels_only_from_1750,10.7420747,GtCO2,GCP fossil CO2 dataset 2025v15 (Andrew and Peters 2025); GCB 2025,derived
1869,cum_co2_fossil_fuels_only_from_1750,11.2668058,GtCO2,GCP fossil CO2 dataset 2025v15 (Andrew and Peters 2025); GCB 2025,derived
1870,cum_co2_fossil_fuels_only_from_1750,11.8029291,GtCO2,GCP fossil CO2 dataset 2025v15 (Andrew and Peters 2025); GCB 2025,derived
1871,cum_co2_fossil_fuels_only_from_1750,12.3727057,GtCO2,GCP fossil CO2 dataset 2025v15 (Andrew and Peters 2025); GCB 2025,derived
1872,cum_co2_fossil_fuels_only_from_1750,13.0036671,GtCO2,GCP fossil CO2 dataset 2025v15 (Andrew and Peters 2025); GCB 2025,derived
1873,cum_co2_fossil_fuels_only_from_1750,13.6741343,GtCO2,GCP fossil CO2 dataset 2025v15 (Andrew and Peters 2025); GCB 2025,derived
1874,cum_co2_fossil_fuels_only_from_1750,14.3027966,GtCO2,GCP fossil CO2 dataset 2025v15 (Andrew and Peters 2025); GCB 2025,derived
1875,cum_co2_fossil_fuels_only_from_1750,14.9838446,GtCO2,GCP fossil CO2 dataset 2025v15 (Andrew and Peters 2025); GCB 2025,derived
1876,cum_co2_fossil_fuels_only_from_1750,15.6744271,GtCO2,GCP fossil CO2 dataset 2025v15 (Andrew and Peters 2025); GCB 2025,derived
1877,cum_co2_fossil_fuels_only_from_1750,16.3784599,GtCO2,GCP fossil CO2 dataset 2025v15 (Andrew and Peters 2025); GCB 2025,derived
1878,cum_co2_fossil_fuels_only_from_1750,17.0881095,GtCO2,GCP fossil CO2 dataset 2025v15 (Andrew and Peters 2025); GCB 2025,derived
1879,cum_co2_fossil_fuels_only_from_1750,17.8479038,GtCO2,GCP fossil CO2 dataset 2025v15 (Andrew and Peters 2025); GCB 2025,derived
1880,cum_co2_fossil_fuels_only_from_1750,18.7059593,GtCO2,GCP fossil CO2 dataset 2025v15 (Andrew and Peters 2025); GCB 2025,derived
1881,cum_co2_fossil_fuels_only_from_1750,19.593924,GtCO2,GCP fossil CO2 dataset 2025v15 (Andrew and Peters 2025); GCB 2025,derived
1882,cum_co2_fossil_fuels_only_from_1750,20.531812,GtCO2,GCP fossil CO2 dataset 2025v15 (Andrew and Peters 2025); GCB 2025,derived
1883,cum_co2_fossil_fuels_only_from_1750,21.5293261,GtCO2,GCP fossil CO2 dataset 2025v15 (Andrew and Peters 2025); GCB 2025,derived
1884,cum_co2_fossil_fuels_only_from_1750,22.5387556,GtCO2,GCP fossil CO2 dataset 2025v15 (Andrew and Peters 2025); GCB 2025,derived
1885,cum_co2_fossil_fuels_only_from_1750,23.5558997,GtCO2,GCP fossil CO2 dataset 2025v15 (Andrew and Peters 2025); GCB 2025,derived
1886,cum_co2_fossil_fuels_only_from_1750,24.588513,GtCO2,GCP fossil CO2 dataset 2025v15 (Andrew and Peters 2025); GCB 2025,derived
1887,cum_co2_fossil_fuels_only_from_1750,25.6722399,GtCO2,GCP fossil CO2 dataset 2025v15 (Andrew and Peters 2025); GCB 2025,derived
1888,cum_co2_fossil_fuels_only_from_1750,26.8730409,GtCO2,GCP fossil CO2 dataset 2025v15 (Andrew and Peters 2025); GCB 2025,derived
1889,cum_co2_fossil_fuels_only_from_1750,28.0745565,GtCO2,GCP fossil CO2 dataset 2025v15 (Andrew and Peters 2025); GCB 2025,derived
1890,cum_co2_fossil_fuels_only_from_1750,29.381147,GtCO2,GCP fossil CO2 dataset 2025v15 (Andrew and Peters 2025); GCB 2025,derived
1891,cum_co2_fossil_fuels_only_from_1750,30.7500618,GtCO2,GCP fossil CO2 dataset 2025v15 (Andrew and Peters 2025); GCB 2025,derived
1892,cum_co2_fossil_fuels_only_from_1750,32.12987,GtCO2,GCP fossil CO2 dataset 2025v15 (Andrew and Peters 2025); GCB 2025,derived
1893,cum_co2_fossil_fuels_only_from_1750,33.4923843,GtCO2,GCP fossil CO2 dataset 2025v15 (Andrew and Peters 2025); GCB 2025,derived
1894,cum_co2_fossil_fuels_only_from_1750,34.9039164,GtCO2,GCP fossil CO2 dataset 2025v15 (Andrew and Peters 2025); GCB 2025,derived
1895,cum_co2_fossil_fuels_only_from_1750,36.3991544,GtCO2,GCP fossil CO2 dataset 2025v15 (Andrew and Peters 2025); GCB 2025,derived
1896,cum_co2_fossil_fuels_only_from_1750,37.9438144,GtCO2,GCP fossil CO2 dataset 2025v15 (Andrew and Peters 2025); GCB 2025,derived
1897,cum_co2_fossil_fuels_only_from_1750,39.5613061,GtCO2,GCP fossil CO2 dataset 2025v15 (Andrew and Peters 2025); GCB 2025,derived
1898,cum_co2_fossil_fuels_only_from_1750,41.2672659,GtCO2,GCP fossil CO2 dataset 2025v15 (Andrew and Peters 2025); GCB 2025,derived
1899,cum_co2_fossil_fuels_only_from_1750,43.1303998,GtCO2,GCP fossil CO2 dataset 2025v15 (Andrew and Peters 2025); GCB 2025,derived
1900,cum_co2_fossil_fuels_only_from_1750,45.091889,GtCO2,GCP fossil CO2 dataset 2025v15 (Andrew and Peters 2025); GCB 2025,derived
1901,cum_co2_fossil_fuels_only_from_1750,47.1158509,GtCO2,GCP fossil CO2 dataset 2025v15 (Andrew and Peters 2025); GCB 2025,derived
1902,cum_co2_fossil_fuels_only_from_1750,49.1906489,GtCO2,GCP fossil CO2 dataset 2025v15 (Andrew and Peters 2025); GCB 2025,derived
1903,cum_co2_fossil_fuels_only_from_1750,51.4526923,GtCO2,GCP fossil CO2 dataset 2025v15 (Andrew and Peters 2025); GCB 2025,derived
1904,cum_co2_fossil_fuels_only_from_1750,53.7383649,GtCO2,GCP fossil CO2 dataset 2025v15 (Andrew and Peters 2025); GCB 2025,derived
1905,cum_co2_fossil_fuels_only_from_1750,56.1734428,GtCO2,GCP fossil CO2 dataset 2025v15 (Andrew and Peters 2025); GCB 2025,derived
1906,cum_co2_fossil_fuels_only_from_1750,58.7157966,GtCO2,GCP fossil CO2 dataset 2025v15 (Andrew and Peters 2025); GCB 2025,derived
1907,cum_co2_fossil_fuels_only_from_1750,61.6140625,GtCO2,GCP fossil CO2 dataset 2025v15 (Andrew and Peters 2025); GCB 2025,derived
1908,cum_co2_fossil_fuels_only_from_1750,64.3977997,GtCO2,GCP fossil CO2 dataset 2025v15 (Andrew and Peters 2025); GCB 2025,derived
1909,cum_co2_fossil_fuels_only_from_1750,67.2965037,GtCO2,GCP fossil CO2 dataset 2025v15 (Andrew and Peters 2025); GCB 2025,derived
1910,cum_co2_fossil_fuels_only_from_1750,70.3373467,GtCO2,GCP fossil CO2 dataset 2025v15 (Andrew and Peters 2025); GCB 2025,derived
1911,cum_co2_fossil_fuels_only_from_1750,73.4250225,GtCO2,GCP fossil CO2 dataset 2025v15 (Andrew and Peters 2025); GCB 2025,derived
1912,cum_co2_fossil_fuels_only_from_1750,76.6689752,GtCO2,GCP fossil CO2 dataset 2025v15 (Andrew and Peters 2025); GCB 2025,derived
1913,cum_co2_fossil_fuels_only_from_1750,80.1828845,GtCO2,GCP fossil CO2 dataset 2025v15 (Andrew and Peters 2025); GCB 2025,derived
1914,cum_co2_fossil_fuels_only_from_1750,83.3702498,GtCO2,GCP fossil CO2 dataset 2025v15 (Andrew and Peters 2025); GCB 2025,derived
1915,cum_co2_fossil_fuels_only_from_1750,86.507945,GtCO2,GCP fossil CO2 dataset 2025v15 (Andrew and Peters 2025); GCB 2025,derived
1916,cum_co2_fossil_fuels_only_from_1750,89.8970224,GtCO2,GCP fossil CO2 dataset 2025v15 (Andrew and Peters 2025); GCB 2025,derived
1917,cum_co2_fossil_fuels_only_from_1750,93.4425181,GtCO2,GCP fossil CO2 dataset 2025v15 (Andrew and Peters 2025); GCB 2025,derived
1918,cum_co2_fossil_fuels_only_from_1750,96.939957,GtCO2,GCP fossil CO2 dataset 2025v15 (Andrew and Peters 2025); GCB 2025,derived
1919,cum_co2_fossil_fuels_only_from_1750,99.9714705,GtCO2,GCP fossil CO2 dataset 2025v15 (Andrew and Peters 2025); GCB 2025,derived
1920,cum_co2_fossil_fuels_only_from_1750,103.506811,GtCO2,GCP fossil CO2 dataset 2025v15 (Andrew and Peters 2025); GCB 2025,derived
1921,cum_co2_fossil_fuels_only_from_1750,106.611178,GtCO2,GCP fossil CO2 dataset 2025v15 (Andrew and Peters 2025); GCB 2025,derived
1922,cum_co2_fossil_fuels_only_from_1750,109.863027,GtCO2,GCP fossil CO2 dataset 2025v15 (Andrew and Peters 2025); GCB 2025,derived
1923,cum_co2_fossil_fuels_only_from_1750,113.550802,GtCO2,GCP fossil CO2 dataset 2025v15 (Andrew and Peters 2025); GCB 2025,derived
1924,cum_co2_fossil_fuels_only_from_1750,117.250649,GtCO2,GCP fossil CO2 dataset 2025v15 (Andrew and Peters 2025); GCB 2025,derived
1925,cum_co2_fossil_fuels_only_from_1750,120.973772,GtCO2,GCP fossil CO2 dataset 2025v15 (Andrew and Peters 2025); GCB 2025,derived
1926,cum_co2_fossil_fuels_only_from_1750,124.633431,GtCO2,GCP fossil CO2 dataset 2025v15 (Andrew and Peters 2025); GCB 2025,derived
1927,cum_co2_fossil_fuels_only_from_1750,128.627996,GtCO2,GCP fossil CO2 dataset 2025v15 (Andrew and Peters 2025); GCB 2025,derived
1928,cum_co2_fossil_fuels_only_from_1750,132.585789,GtCO2,GCP fossil CO2 dataset 2025v15 (Andrew and Peters 2025); GCB 2025,derived
1929,cum_co2_fossil_fuels_only_from_1750,136.834266,GtCO2,GCP fossil CO2 dataset 2025v15 (Andrew and Peters 2025); GCB 2025,derived
1930,cum_co2_fossil_fuels_only_from_1750,140.754526,GtCO2,GCP fossil CO2 dataset 2025v15 (Andrew and Peters 2025); GCB 2025,derived
1931,cum_co2_fossil_fuels_only_from_1750,144.261116,GtCO2,GCP fossil CO2 dataset 2025v15 (Andrew and Peters 2025); GCB 2025,derived
1932,cum_co2_fossil_fuels_only_from_1750,147.427692,GtCO2,GCP fossil CO2 dataset 2025v15 (Andrew and Peters 2025); GCB 2025,derived
1933,cum_co2_fossil_fuels_only_from_1750,150.764995,GtCO2,GCP fossil CO2 dataset 2025v15 (Andrew and Peters 2025); GCB 2025,derived
1934,cum_co2_fossil_fuels_only_from_1750,154.391052,GtCO2,GCP fossil CO2 dataset 2025v15 (Andrew and Peters 2025); GCB 2025,derived
1935,cum_co2_fossil_fuels_only_from_1750,158.192755,GtCO2,GCP fossil CO2 dataset 2025v15 (Andrew and Peters 2025); GCB 2025,derived
1936,cum_co2_fossil_fuels_only_from_1750,162.359453,GtCO2,GCP fossil CO2 dataset 2025v15 (Andrew and Peters 2025); GCB 2025,derived
1937,cum_co2_fossil_fuels_only_from_1750,166.812649,GtCO2,GCP fossil CO2 dataset 2025v15 (Andrew and Peters 2025); GCB 2025,derived
1938,cum_co2_fossil_fuels_only_from_1750,171.001544,GtCO2,GCP fossil CO2 dataset 2025v15 (Andrew and Peters 2025); GCB 2025,derived
1939,cum_co2_fossil_fuels_only_from_1750,175.433157,GtCO2,GCP fossil CO2 dataset 2025v15 (Andrew and Peters 2025); GCB 2025,derived
1940,cum_co2_fossil_fuels_only_from_1750,180.28316,GtCO2,GCP fossil CO2 dataset 2025v15 (Andrew and Peters 2025); GCB 2025,derived
1941,cum_co2_fossil_fuels_only_from_1750,185.234923,GtCO2,GCP fossil CO2 dataset 2025v15 (Andrew and Peters 2025); GCB 2025,derived
1942,cum_co2_fossil_fuels_only_from_1750,190.175036,GtCO2,GCP fossil CO2 dataset 2025v15 (Andrew and Peters 2025); GCB 2025,derived
1943,cum_co2_fossil_fuels_only_from_1750,195.211212,GtCO2,GCP fossil CO2 dataset 2025v15 (Andrew and Peters 2025); GCB 2025,derived
1944,cum_co2_fossil_fuels_only_from_1750,200.346707,GtCO2,GCP fossil CO2 dataset 2025v15 (Andrew and Peters 2025); GCB 2025,derived
1945,cum_co2_fossil_fuels_only_from_1750,204.609072,GtCO2,GCP fossil CO2 dataset 2025v15 (Andrew and Peters 2025); GCB 2025,derived
1946,cum_co2_fossil_fuels_only_from_1750,209.17735,GtCO2,GCP fossil CO2 dataset 2025v15 (Andrew and Peters 2025); GCB 2025,derived
1947,cum_co2_fossil_fuels_only_from_1750,214.294865,GtCO2,GCP fossil CO2 dataset 2025v15 (Andrew and Peters 2025); GCB 2025,derived
1948,cum_co2_fossil_fuels_only_from_1750,219.686272,GtCO2,GCP fossil CO2 dataset 2025v15 (Andrew and Peters 2025); GCB 2025,derived
1949,cum_co2_fossil_fuels_only_from_1750,224.827935,GtCO2,GCP fossil CO2 dataset 2025v15 (Andrew and Peters 2025); GCB 2025,derived
1950,cum_co2_fossil_fuels_only_from_1750,230.686453,GtCO2,GCP fossil CO2 dataset 2025v15 (Andrew and Peters 2025); GCB 2025,derived
1951,cum_co2_fossil_fuels_only_from_1750,236.986837,GtCO2,GCP fossil CO2 dataset 2025v15 (Andrew and Peters 2025); GCB 2025,derived
1952,cum_co2_fossil_fuels_only_from_1750,243.368436,GtCO2,GCP fossil CO2 dataset 2025v15 (Andrew and Peters 2025); GCB 2025,derived
1953,cum_co2_fossil_fuels_only_from_1750,249.923474,GtCO2,GCP fossil CO2 dataset 2025v15 (Andrew and Peters 2025); GCB 2025,derived
1954,cum_co2_fossil_fuels_only_from_1750,256.610353,GtCO2,GCP fossil CO2 dataset 2025v15 (Andrew and Peters 2025); GCB 2025,derived
1955,cum_co2_fossil_fuels_only_from_1750,263.940052,GtCO2,GCP fossil CO2 dataset 2025v15 (Andrew and Peters 2025); GCB 2025,derived
1956,cum_co2_fossil_fuels_only_from_1750,271.742798,GtCO2,GCP fossil CO2 dataset 2025v15 (Andrew and Peters 2025); GCB 2025,derived
1957,cum_co2_fossil_fuels_only_from_1750,279.799501,GtCO2,GCP fossil CO2 dataset 2025v15 (Andrew and Peters 2025); GCB 2025,derived
1958,cum_co2_fossil_fuels_only_from_1750,288.081163,GtCO2,GCP fossil CO2 dataset 2025v15 (Andrew and Peters 2025); GCB 2025,derived
1959,cum_co2_fossil_fuels_only_from_1750,296.782741,GtCO2,GCP fossil CO2 dataset 2025v15 (Andrew and Peters 2025); GCB 2025,derived
1960,cum_co2_fossil_fuels_only_from_1750,305.984792,GtCO2,GCP fossil CO2 dataset 2025v15 (Andrew and Peters 2025); GCB 2025,derived
1961,cum_co2_fossil_fuels_only_from_1750,315.20642,GtCO2,GCP fossil CO2 dataset 2025v15 (Andrew and Peters 2025); GCB 2025,derived
1962,cum_co2_fossil_fuels_only_from_1750,324.747019,GtCO2,GCP fossil CO2 dataset 2025v15 (Andrew and Peters 2025); GCB 2025,derived
1963,cum_co2_fossil_fuels_only_from_1750,334.796065,GtCO2,GCP fossil CO2 dataset 2025v15 (Andrew and Peters 2025); GCB 2025,derived
1964,cum_co2_fossil_fuels_only_from_1750,345.379404,GtCO2,GCP fossil CO2 dataset 2025v15 (Andrew and Peters 2025); GCB 2025,derived
1965,cum_co2_fossil_fuels_only_from_1750,356.439044,GtCO2,GCP fossil CO2 dataset 2025v15 (Andrew and Peters 2025); GCB 2025,derived
1966,cum_co2_fossil_fuels_only_from_1750,368.03244,GtCO2,GCP fossil CO2 dataset 2025v15 (Andrew and Peters 2025); GCB 2025,derived
1967,cum_co2_fossil_fuels_only_from_1750,379.99273,GtCO2,GCP fossil CO2 dataset 2025v15 (Andrew and Peters 2025); GCB 2025,derived
1968,cum_co2_fossil_fuels_only_from_1750,392.604138,GtCO2,GCP fossil CO2 dataset 2025v15 (Andrew and Peters 2025); GCB 2025,derived
1969,cum_co2_fossil_fuels_only_from_1750,406.053628,GtCO2,GCP fossil CO2 dataset 2025v15 (Andrew and Peters 2025); GCB 2025,derived
1970,cum_co2_fossil_fuels_only_from_1750,420.620185,GtCO2,GCP fossil CO2 dataset 2025v15 (Andrew and Peters 2025); GCB 2025,derived
1971,cum_co2_fossil_fuels_only_from_1750,435.776329,GtCO2,GCP fossil CO2 dataset 2025v15 (Andrew and Peters 2025); GCB 2025,derived
1972,cum_co2_fossil_fuels_only_from_1750,451.631582,GtCO2,GCP fossil CO2 dataset 2025v15 (Andrew and Peters 2025); GCB 2025,derived
1973,cum_co2_fossil_fuels_only_from_1750,468.317079,GtCO2,GCP fossil CO2 dataset 2025v15 (Andrew and Peters 2025); GCB 2025,derived
1974,cum_co2_fossil_fuels_only_from_1750,484.921993,GtCO2,GCP fossil CO2 dataset 2025v15 (Andrew and Peters 2025); GCB 2025,derived
1975,cum_co2_fossil_fuels_only_from_1750,501.523424,GtCO2,GCP fossil CO2 dataset 2025v15 (Andrew and Peters 2025); GCB 2025,derived
1976,cum_co2_fossil_fuels_only_from_1750,518.979846,GtCO2,GCP fossil CO2 dataset 2025v15 (Andrew and Peters 2025); GCB 2025,derived
1977,cum_co2_fossil_fuels_only_from_1750,536.915483,GtCO2,GCP fossil CO2 dataset 2025v15 (Andrew and Peters 2025); GCB 2025,derived
1978,cum_co2_fossil_fuels_only_from_1750,555.49126,GtCO2,GCP fossil CO2 dataset 2025v15 (Andrew and Peters 2025); GCB 2025,derived
1979,cum_co2_fossil_fuels_only_from_1750,574.543683,GtCO2,GCP fossil CO2 dataset 2025v15 (Andrew and Peters 2025); GCB 2025,derived
1980,cum_co2_fossil_fuels_only_from_1750,593.499118,GtCO2,GCP fossil CO2 dataset 2025v15 (Andrew and Peters 2025); GCB 2025,derived
1981,cum_co2_fossil_fuels_only_from_1750,611.926014,GtCO2,GCP fossil CO2 dataset 2025v15 (Andrew and Peters 2025); GCB 2025,derived
1982,cum_co2_fossil_fuels_only_from_1750,630.206349,GtCO2,GCP fossil CO2 dataset 2025v15 (Andrew and Peters 2025); GCB 2025,derived
1983,cum_co2_fossil_fuels_only_from_1750,648.646249,GtCO2,GCP fossil CO2 dataset 2025v15 (Andrew and Peters 2025); GCB 2025,derived
1984,cum_co2_fossil_fuels_only_from_1750,667.62985,GtCO2,GCP fossil CO2 dataset 2025v15 (Andrew and Peters 2025); GCB 2025,derived
1985,cum_co2_fossil_fuels_only_from_1750,687.293436,GtCO2,GCP fossil CO2 dataset 2025v15 (Andrew and Peters 2025); GCB 2025,derived
1986,cum_co2_fossil_fuels_only_from_1750,707.229772,GtCO2,GCP fossil CO2 dataset 2025v15 (Andrew and Peters 2025); GCB 2025,derived
1987,cum_co2_fossil_fuels_only_from_1750,727.802911,GtCO2,GCP fossil CO2 dataset 2025v15 (Andrew and Peters 2025); GCB 2025,derived
1988,cum_co2_fossil_fuels_only_from_1750,749.150287,GtCO2,GCP fossil CO2 dataset 2025v15 (Andrew and Peters 2025); GCB 2025,derived
1989,cum_co2_fossil_fuels_only_from_1750,770.771402,GtCO2,GCP fossil CO2 dataset 2025v15 (Andrew and Peters 2025); GCB 2025,derived
1990,cum_co2_fossil_fuels_only_from_1750,792.674598,GtCO2,GCP fossil CO2 dataset 2025v15 (Andrew and Peters 2025); GCB 2025,derived
1991,cum_co2_fossil_fuels_only_from_1750,815.028856,GtCO2,GCP fossil CO2 dataset 2025v15 (Andrew and Peters 2025); GCB 2025,derived
1992,cum_co2_fossil_fuels_only_from_1750,836.685845,GtCO2,GCP fossil CO2 dataset 2025v15 (Andrew and Peters 2025); GCB 2025,derived
1993,cum_co2_fossil_fuels_only_from_1750,858.568439,GtCO2,GCP fossil CO2 dataset 2025v15 (Andrew and Peters 2025); GCB 2025,derived
1994,cum_co2_fossil_fuels_only_from_1750,880.631522,GtCO2,GCP fossil CO2 dataset 2025v15 (Andrew and Peters 2025); GCB 2025,derived
1995,cum_co2_fossil_fuels_only_from_1750,903.195077,GtCO2,GCP fossil CO2 dataset 2025v15 (Andrew and Peters 2025); GCB 2025,derived
1996,cum_co2_fossil_fuels_only_from_1750,926.464325,GtCO2,GCP fossil CO2 dataset 2025v15 (Andrew and Peters 2025); GCB 2025,derived
1997,cum_co2_fossil_fuels_only_from_1750,949.839673,GtCO2,GCP fossil CO2 dataset 2025v15 (Andrew and Peters 2025); GCB 2025,derived
1998,cum_co2_fossil_fuels_only_from_1750,973.129135,GtCO2,GCP fossil CO2 dataset 2025v15 (Andrew and Peters 2025); GCB 2025,derived
1999,cum_co2_fossil_fuels_only_from_1750,996.917,GtCO2,GCP fossil CO2 dataset 2025v15 (Andrew and Peters 2025); GCB 2025,derived
2000,cum_co2_fossil_fuels_only_from_1750,1021.35866,GtCO2,GCP fossil CO2 dataset 2025v15 (Andrew and Peters 2025); GCB 2025,derived
2001,cum_co2_fossil_fuels_only_from_1750,1045.95645,GtCO2,GCP fossil CO2 dataset 2025v15 (Andrew and Peters 2025); GCB 2025,derived
2002,cum_co2_fossil_fuels_only_from_1750,1071.09275,GtCO2,GCP fossil CO2 dataset 2025v15 (Andrew and Peters 2025); GCB 2025,derived
2003,cum_co2_fossil_fuels_only_from_1750,1097.5398,GtCO2,GCP fossil CO2 dataset 2025v15 (Andrew and Peters 2025); GCB 2025,derived
2004,cum_co2_fossil_fuels_only_from_1750,1124.87689,GtCO2,GCP fossil CO2 dataset 2025v15 (Andrew and Peters 2025); GCB 2025,derived
2005,cum_co2_fossil_fuels_only_from_1750,1153.12853,GtCO2,GCP fossil CO2 dataset 2025v15 (Andrew and Peters 2025); GCB 2025,derived
2006,cum_co2_fossil_fuels_only_from_1750,1182.28528,GtCO2,GCP fossil CO2 dataset 2025v15 (Andrew and Peters 2025); GCB 2025,derived
2007,cum_co2_fossil_fuels_only_from_1750,1212.27293,GtCO2,GCP fossil CO2 dataset 2025v15 (Andrew and Peters 2025); GCB 2025,derived
2008,cum_co2_fossil_fuels_only_from_1750,1242.80513,GtCO2,GCP fossil CO2 dataset 2025v15 (Andrew and Peters 2025); GCB 2025,derived
2009,cum_co2_fossil_fuels_only_from_1750,1272.80221,GtCO2,GCP fossil CO2 dataset 2025v15 (Andrew and Peters 2025); GCB 2025,derived
2010,cum_co2_fossil_fuels_only_from_1750,1304.51965,GtCO2,GCP fossil CO2 dataset 2025v15 (Andrew and Peters 2025); GCB 2025,derived
2011,cum_co2_fossil_fuels_only_from_1750,1337.2796,GtCO2,GCP fossil CO2 dataset 2025v15 (Andrew and Peters 2025); GCB 2025,derived
2012,cum_co2_fossil_fuels_only_from_1750,1370.47732,GtCO2,GCP fossil CO2 dataset 2025v15 (Andrew and Peters 2025); GCB 2025,derived
2013,cum_co2_fossil_fuels_only_from_1750,1403.90224,GtCO2,GCP fossil CO2 dataset 2025v15 (Andrew and Peters 2025); GCB 2025,derived
2014,cum_co2_fossil_fuels_only_from_1750,1437.4677,GtCO2,GCP fossil CO2 dataset 2025v15 (Andrew and Peters 2025); GCB 2025,derived
2015,cum_co2_fossil_fuels_only_from_1750,1471.00292,GtCO2,GCP fossil CO2 dataset 2025v15 (Andrew and Peters 2025); GCB 2025,derived
2016,cum_co2_fossil_fuels_only_from_1750,1504.51253,GtCO2,GCP fossil CO2 dataset 2025v15 (Andrew and Peters 2025); GCB 2025,derived
2017,cum_co2_fossil_fuels_only_from_1750,1538.56082,GtCO2,GCP fossil CO2 dataset 2025v15 (Andrew and Peters 2025); GCB 2025,derived
2018,cum_co2_fossil_fuels_only_from_1750,1573.2898,GtCO2,GCP fossil CO2 dataset 2025v15 (Andrew and Peters 2025); GCB 2025,derived
2019,cum_co2_fossil_fuels_only_from_1750,1608.32511,GtCO2,GCP fossil CO2 dataset 2025v15 (Andrew and Peters 2025); GCB 2025,derived
2020,cum_co2_fossil_fuels_only_from_1750,1641.44531,GtCO2,GCP fossil CO2 dataset 2025v15 (Andrew and Peters 2025); GCB 2025,derived
2021,cum_co2_fossil_fuels_only_from_1750,1676.20864,GtCO2,GCP fossil CO2 dataset 2025v15 (Andrew and Peters 2025); GCB 2025,derived
2022,cum_co2_fossil_fuels_only_from_1750,1711.73034,GtCO2,GCP fossil CO2 dataset 2025v15 (Andrew and Peters 2025); GCB 2025,derived
2023,cum_co2_fossil_fuels_only_from_1750,1747.85915,GtCO2,GCP fossil CO2 dataset 2025v15 (Andrew and Peters 2025); GCB 2025,derived
2024,cum_co2_fossil_fuels_only_from_1750,1784.56053,GtCO2,GCP fossil CO2 dataset 2025v15 (Andrew and Peters 2025); GCB 2025,derived
1900,cum_co2_fossil_fuels_only_from_1900,1.96148916,GtCO2,GCP fossil CO2 dataset 2025v15 (Andrew and Peters 2025); GCB 2025,derived
1901,cum_co2_fossil_fuels_only_from_1900,3.98545112,GtCO2,GCP fossil CO2 dataset 2025v15 (Andrew and Peters 2025); GCB 2025,derived
1902,cum_co2_fossil_fuels_only_from_1900,6.0602491,GtCO2,GCP fossil CO2 dataset 2025v15 (Andrew and Peters 2025); GCB 2025,derived
1903,cum_co2_fossil_fuels_only_from_1900,8.3222925,GtCO2,GCP fossil CO2 dataset 2025v15 (Andrew and Peters 2025); GCB 2025,derived
1904,cum_co2_fossil_fuels_only_from_1900,10.6079651,GtCO2,GCP fossil CO2 dataset 2025v15 (Andrew and Peters 2025); GCB 2025,derived
1905,cum_co2_fossil_fuels_only_from_1900,13.043043,GtCO2,GCP fossil CO2 dataset 2025v15 (Andrew and Peters 2025); GCB 2025,derived
1906,cum_co2_fossil_fuels_only_from_1900,15.5853968,GtCO2,GCP fossil CO2 dataset 2025v15 (Andrew and Peters 2025); GCB 2025,derived
1907,cum_co2_fossil_fuels_only_from_1900,18.4836627,GtCO2,GCP fossil CO2 dataset 2025v15 (Andrew and Peters 2025); GCB 2025,derived
1908,cum_co2_fossil_fuels_only_from_1900,21.2673998,GtCO2,GCP fossil CO2 dataset 2025v15 (Andrew and Peters 2025); GCB 2025,derived
1909,cum_co2_fossil_fuels_only_from_1900,24.1661039,GtCO2,GCP fossil CO2 dataset 2025v15 (Andrew and Peters 2025); GCB 2025,derived
1910,cum_co2_fossil_fuels_only_from_1900,27.2069468,GtCO2,GCP fossil CO2 dataset 2025v15 (Andrew and Peters 2025); GCB 2025,derived
1911,cum_co2_fossil_fuels_only_from_1900,30.2946227,GtCO2,GCP fossil CO2 dataset 2025v15 (Andrew and Peters 2025); GCB 2025,derived
1912,cum_co2_fossil_fuels_only_from_1900,33.5385754,GtCO2,GCP fossil CO2 dataset 2025v15 (Andrew and Peters 2025); GCB 2025,derived
1913,cum_co2_fossil_fuels_only_from_1900,37.0524846,GtCO2,GCP fossil CO2 dataset 2025v15 (Andrew and Peters 2025); GCB 2025,derived
1914,cum_co2_fossil_fuels_only_from_1900,40.23985,GtCO2,GCP fossil CO2 dataset 2025v15 (Andrew and Peters 2025); GCB 2025,derived
1915,cum_co2_fossil_fuels_only_from_1900,43.3775451,GtCO2,GCP fossil CO2 dataset 2025v15 (Andrew and Peters 2025); GCB 2025,derived
1916,cum_co2_fossil_fuels_only_from_1900,46.7666226,GtCO2,GCP fossil CO2 dataset 2025v15 (Andrew and Peters 2025); GCB 2025,derived
1917,cum_co2_fossil_fuels_only_from_1900,50.3121182,GtCO2,GCP fossil CO2 dataset 2025v15 (Andrew and Peters 2025); GCB 2025,derived
1918,cum_co2_fossil_fuels_only_from_1900,53.8095572,GtCO2,GCP fossil CO2 dataset 2025v15 (Andrew and Peters 2025); GCB 2025,derived
1919,cum_co2_fossil_fuels_only_from_1900,56.8410707,GtCO2,GCP fossil CO2 dataset 2025v15 (Andrew and Peters 2025); GCB 2025,derived
1920,cum_co2_fossil_fuels_only_from_1900,60.3764113,GtCO2,GCP fossil CO2 dataset 2025v15 (Andrew and Peters 2025); GCB 2025,derived
1921,cum_co2_fossil_fuels_only_from_1900,63.4807782,GtCO2,GCP fossil CO2 dataset 2025v15 (Andrew and Peters 2025); GCB 2025,derived
1922,cum_co2_fossil_fuels_only_from_1900,66.732627,GtCO2,GCP fossil CO2 dataset 2025v15 (Andrew and Peters 2025); GCB 2025,derived
1923,cum_co2_fossil_fuels_only_from_1900,70.4204022,GtCO2,GCP fossil CO2 dataset 2025v15 (Andrew and Peters 2025); GCB 2025,derived
1924,cum_co2_fossil_fuels_only_from_1900,74.1202487,GtCO2,GCP fossil CO2 dataset 2025v15 (Andrew and Peters 2025); GCB 2025,derived
1925,cum_co2_fossil_fuels_only_from_1900,77.8433722,GtCO2,GCP fossil CO2 dataset 2025v15 (Andrew and Peters 2025); GCB 2025,derived
1926,cum_co2_fossil_fuels_only_from_1900,81.5030313,GtCO2,GCP fossil CO2 dataset 2025v15 (Andrew and Peters 2025); GCB 2025,derived
1927,cum_co2_fossil_fuels_only_from_1900,85.4975961,GtCO2,GCP fossil CO2 dataset 2025v15 (Andrew and Peters 2025); GCB 2025,derived
1928,cum_co2_fossil_fuels_only_from_1900,89.4553896,GtCO2,GCP fossil CO2 dataset 2025v15 (Andrew and Peters 2025); GCB 2025,derived
1929,cum_co2_fossil_fuels_only_from_1900,93.7038663,GtCO2,GCP fossil CO2 dataset 2025v15 (Andrew and Peters 2025); GCB 2025,derived
1930,cum_co2_fossil_fuels_only_from_1900,97.6241258,GtCO2,GCP fossil CO2 dataset 2025v15 (Andrew and Peters 2025); GCB 2025,derived
1931,cum_co2_fossil_fuels_only_from_1900,101.130717,GtCO2,GCP fossil CO2 dataset 2025v15 (Andrew and Peters 2025); GCB 2025,derived
1932,cum_co2_fossil_fuels_only_from_1900,104.297292,GtCO2,GCP fossil CO2 dataset 2025v15 (Andrew and Peters 2025); GCB 2025,derived
1933,cum_co2_fossil_fuels_only_from_1900,107.634595,GtCO2,GCP fossil CO2 dataset 2025v15 (Andrew and Peters 2025); GCB 2025,derived
1934,cum_co2_fossil_fuels_only_from_1900,111.260652,GtCO2,GCP fossil CO2 dataset 2025v15 (Andrew and Peters 2025); GCB 2025,derived
1935,cum_co2_fossil_fuels_only_from_1900,115.062355,GtCO2,GCP fossil CO2 dataset 2025v15 (Andrew and Peters 2025); GCB 2025,derived
1936,cum_co2_fossil_fuels_only_from_1900,119.229054,GtCO2,GCP fossil CO2 dataset 2025v15 (Andrew and Peters 2025); GCB 2025,derived
1937,cum_co2_fossil_fuels_only_from_1900,123.682249,GtCO2,GCP fossil CO2 dataset 2025v15 (Andrew and Peters 2025); GCB 2025,derived
1938,cum_co2_fossil_fuels_only_from_1900,127.871144,GtCO2,GCP fossil CO2 dataset 2025v15 (Andrew and Peters 2025); GCB 2025,derived
1939,cum_co2_fossil_fuels_only_from_1900,132.302757,GtCO2,GCP fossil CO2 dataset 2025v15 (Andrew and Peters 2025); GCB 2025,derived
1940,cum_co2_fossil_fuels_only_from_1900,137.15276,GtCO2,GCP fossil CO2 dataset 2025v15 (Andrew and Peters 2025); GCB 2025,derived
1941,cum_co2_fossil_fuels_only_from_1900,142.104523,GtCO2,GCP fossil CO2 dataset 2025v15 (Andrew and Peters 2025); GCB 2025,derived
1942,cum_co2_fossil_fuels_only_from_1900,147.044636,GtCO2,GCP fossil CO2 dataset 2025v15 (Andrew and Peters 2025); GCB 2025,derived
1943,cum_co2_fossil_fuels_only_from_1900,152.080813,GtCO2,GCP fossil CO2 dataset 2025v15 (Andrew and Peters 2025); GCB 2025,derived
1944,cum_co2_fossil_fuels_only_from_1900,157.216307,GtCO2,GCP fossil CO2 dataset 2025v15 (Andrew and Peters 2025); GCB 2025,derived
1945,cum_co2_fossil_fuels_only_from_1900,161.478672,GtCO2,GCP fossil CO2 dataset 2025v15 (Andrew and Peters 2025); GCB 2025,derived
1946,cum_co2_fossil_fuels_only_from_1900,166.04695,GtCO2,GCP fossil CO2 dataset 2025v15 (Andrew and Peters 2025); GCB 2025,derived
1947,cum_co2_fossil_fuels_only_from_1900,171.164466,GtCO2,GCP fossil CO2 dataset 2025v15 (Andrew and Peters 2025); GCB 2025,derived
1948,cum_co2_fossil_fuels_only_from_1900,176.555872,GtCO2,GCP fossil CO2 dataset 2025v15 (Andrew and Peters 2025); GCB 2025,derived
1949,cum_co2_fossil_fuels_only_from_1900,181.697535,GtCO2,GCP fossil CO2 dataset 2025v15 (Andrew and Peters 2025); GCB 2025,derived
1950,cum_co2_fossil_fuels_only_from_1900,187.556053,GtCO2,GCP fossil CO2 dataset 2025v15 (Andrew and Peters 2025); GCB 2025,derived
1951,cum_co2_fossil_fuels_only_from_1900,193.856437,GtCO2,GCP fossil CO2 dataset 2025v15 (Andrew and Peters 2025); GCB 2025,derived
1952,cum_co2_fossil_fuels_only_from_1900,200.238036,GtCO2,GCP fossil CO2 dataset 2025v15 (Andrew and Peters 2025); GCB 2025,derived
1953,cum_co2_fossil_fuels_only_from_1900,206.793075,GtCO2,GCP fossil CO2 dataset 2025v15 (Andrew and Peters 2025); GCB 2025,derived
1954,cum_co2_fossil_fuels_only_from_1900,213.479954,GtCO2,GCP fossil CO2 dataset 2025v15 (Andrew and Peters 2025); GCB 2025,derived
1955,cum_co2_fossil_fuels_only_from_1900,220.809652,GtCO2,GCP fossil CO2 dataset 2025v15 (Andrew and Peters 2025); GCB 2025,derived
1956,cum_co2_fossil_fuels_only_from_1900,228.612398,GtCO2,GCP fossil CO2 dataset 2025v15 (Andrew and Peters 2025); GCB 2025,derived
1957,cum_co2_fossil_fuels_only_from_1900,236.669101,GtCO2,GCP fossil CO2 dataset 2025v15 (Andrew and Peters 2025); GCB 2025,derived
1958,cum_co2_fossil_fuels_only_from_1900,244.950763,GtCO2,GCP fossil CO2 dataset 2025v15 (Andrew and Peters 2025); GCB 2025,derived
1959,cum_co2_fossil_fuels_only_from_1900,253.652342,GtCO2,GCP fossil CO2 dataset 2025v15 (Andrew and Peters 2025); GCB 2025,derived
1960,cum_co2_fossil_fuels_only_from_1900,262.854392,GtCO2,GCP fossil CO2 dataset 2025v15 (Andrew and Peters 2025); GCB 2025,derived
1961,cum_co2_fossil_fuels_only_from_1900,272.07602,GtCO2,GCP fossil CO2 dataset 2025v15 (Andrew and Peters 2025); GCB 2025,derived
1962,cum_co2_fossil_fuels_only_from_1900,281.616619,GtCO2,GCP fossil CO2 dataset 2025v15 (Andrew and Peters 2025); GCB 2025,derived
1963,cum_co2_fossil_fuels_only_from_1900,291.665665,GtCO2,GCP fossil CO2 dataset 2025v15 (Andrew and Peters 2025); GCB 2025,derived
1964,cum_co2_fossil_fuels_only_from_1900,302.249004,GtCO2,GCP fossil CO2 dataset 2025v15 (Andrew and Peters 2025); GCB 2025,derived
1965,cum_co2_fossil_fuels_only_from_1900,313.308644,GtCO2,GCP fossil CO2 dataset 2025v15 (Andrew and Peters 2025); GCB 2025,derived
1966,cum_co2_fossil_fuels_only_from_1900,324.90204,GtCO2,GCP fossil CO2 dataset 2025v15 (Andrew and Peters 2025); GCB 2025,derived
1967,cum_co2_fossil_fuels_only_from_1900,336.86233,GtCO2,GCP fossil CO2 dataset 2025v15 (Andrew and Peters 2025); GCB 2025,derived
1968,cum_co2_fossil_fuels_only_from_1900,349.473738,GtCO2,GCP fossil CO2 dataset 2025v15 (Andrew and Peters 2025); GCB 2025,derived
1969,cum_co2_fossil_fuels_only_from_1900,362.923228,GtCO2,GCP fossil CO2 dataset 2025v15 (Andrew and Peters 2025); GCB 2025,derived
1970,cum_co2_fossil_fuels_only_from_1900,377.489786,GtCO2,GCP fossil CO2 dataset 2025v15 (Andrew and Peters 2025); GCB 2025,derived
1971,cum_co2_fossil_fuels_only_from_1900,392.645929,GtCO2,GCP fossil CO2 dataset 2025v15 (Andrew and Peters 2025); GCB 2025,derived
1972,cum_co2_fossil_fuels_only_from_1900,408.501182,GtCO2,GCP fossil CO2 dataset 2025v15 (Andrew and Peters 2025); GCB 2025,derived
1973,cum_co2_fossil_fuels_only_from_1900,425.186679,GtCO2,GCP fossil CO2 dataset 2025v15 (Andrew and Peters 2025); GCB 2025,derived
1974,cum_co2_fossil_fuels_only_from_1900,441.791593,GtCO2,GCP fossil CO2 dataset 2025v15 (Andrew and Peters 2025); GCB 2025,derived
1975,cum_co2_fossil_fuels_only_from_1900,458.393024,GtCO2,GCP fossil CO2 dataset 2025v15 (Andrew and Peters 2025); GCB 2025,derived
1976,cum_co2_fossil_fuels_only_from_1900,475.849446,GtCO2,GCP fossil CO2 dataset 2025v15 (Andrew and Peters 2025); GCB 2025,derived
1977,cum_co2_fossil_fuels_only_from_1900,493.785083,GtCO2,GCP fossil CO2 dataset 2025v15 (Andrew and Peters 2025); GCB 2025,derived
1978,cum_co2_fossil_fuels_only_from_1900,512.36086,GtCO2,GCP fossil CO2 dataset 2025v15 (Andrew and Peters 2025); GCB 2025,derived
1979,cum_co2_fossil_fuels_only_from_1900,531.413283,GtCO2,GCP fossil CO2 dataset 2025v15 (Andrew and Peters 2025); GCB 2025,derived
1980,cum_co2_fossil_fuels_only_from_1900,550.368718,GtCO2,GCP fossil CO2 dataset 2025v15 (Andrew and Peters 2025); GCB 2025,derived
1981,cum_co2_fossil_fuels_only_from_1900,568.795614,GtCO2,GCP fossil CO2 dataset 2025v15 (Andrew and Peters 2025); GCB 2025,derived
1982,cum_co2_fossil_fuels_only_from_1900,587.075949,GtCO2,GCP fossil CO2 dataset 2025v15 (Andrew and Peters 2025); GCB 2025,derived
1983,cum_co2_fossil_fuels_only_from_1900,605.515849,GtCO2,GCP fossil CO2 dataset 2025v15 (Andrew and Peters 2025); GCB 2025,derived
1984,cum_co2_fossil_fuels_only_from_1900,624.499451,GtCO2,GCP fossil CO2 dataset 2025v15 (Andrew and Peters 2025); GCB 2025,derived
1985,cum_co2_fossil_fuels_only_from_1900,644.163036,GtCO2,GCP fossil CO2 dataset 2025v15 (Andrew and Peters 2025); GCB 2025,derived
1986,cum_co2_fossil_fuels_only_from_1900,664.099372,GtCO2,GCP fossil CO2 dataset 2025v15 (Andrew and Peters 2025); GCB 2025,derived
1987,cum_co2_fossil_fuels_only_from_1900,684.672511,GtCO2,GCP fossil CO2 dataset 2025v15 (Andrew and Peters 2025); GCB 2025,derived
1988,cum_co2_fossil_fuels_only_from_1900,706.019887,GtCO2,GCP fossil CO2 dataset 2025v15 (Andrew and Peters 2025); GCB 2025,derived
1989,cum_co2_fossil_fuels_only_from_1900,727.641002,GtCO2,GCP fossil CO2 dataset 2025v15 (Andrew and Peters 2025); GCB 2025,derived
1990,cum_co2_fossil_fuels_only_from_1900,749.544199,GtCO2,GCP fossil CO2 dataset 2025v15 (Andrew and Peters 2025); GCB 2025,derived
1991,cum_co2_fossil_fuels_only_from_1900,771.898457,GtCO2,GCP fossil CO2 dataset 2025v15 (Andrew and Peters 2025); GCB 2025,derived
1992,cum_co2_fossil_fuels_only_from_1900,793.555446,GtCO2,GCP fossil CO2 dataset 2025v15 (Andrew and Peters 2025); GCB 2025,derived
1993,cum_co2_fossil_fuels_only_from_1900,815.43804,GtCO2,GCP fossil CO2 dataset 2025v15 (Andrew and Peters 2025); GCB 2025,derived
1994,cum_co2_fossil_fuels_only_from_1900,837.501123,GtCO2,GCP fossil CO2 dataset 2025v15 (Andrew and Peters 2025); GCB 2025,derived
1995,cum_co2_fossil_fuels_only_from_1900,860.064677,GtCO2,GCP fossil CO2 dataset 2025v15 (Andrew and Peters 2025); GCB 2025,derived
1996,cum_co2_fossil_fuels_only_from_1900,883.333925,GtCO2,GCP fossil CO2 dataset 2025v15 (Andrew and Peters 2025); GCB 2025,derived
1997,cum_co2_fossil_fuels_only_from_1900,906.709273,GtCO2,GCP fossil CO2 dataset 2025v15 (Andrew and Peters 2025); GCB 2025,derived
1998,cum_co2_fossil_fuels_only_from_1900,929.998735,GtCO2,GCP fossil CO2 dataset 2025v15 (Andrew and Peters 2025); GCB 2025,derived
1999,cum_co2_fossil_fuels_only_from_1900,953.7866,GtCO2,GCP fossil CO2 dataset 2025v15 (Andrew and Peters 2025); GCB 2025,derived
2000,cum_co2_fossil_fuels_only_from_1900,978.228261,GtCO2,GCP fossil CO2 dataset 2025v15 (Andrew and Peters 2025); GCB 2025,derived
2001,cum_co2_fossil_fuels_only_from_1900,1002.82605,GtCO2,GCP fossil CO2 dataset 2025v15 (Andrew and Peters 2025); GCB 2025,derived
2002,cum_co2_fossil_fuels_only_from_1900,1027.96235,GtCO2,GCP fossil CO2 dataset 2025v15 (Andrew and Peters 2025); GCB 2025,derived
2003,cum_co2_fossil_fuels_only_from_1900,1054.4094,GtCO2,GCP fossil CO2 dataset 2025v15 (Andrew and Peters 2025); GCB 2025,derived
2004,cum_co2_fossil_fuels_only_from_1900,1081.74649,GtCO2,GCP fossil CO2 dataset 2025v15 (Andrew and Peters 2025); GCB 2025,derived
2005,cum_co2_fossil_fuels_only_from_1900,1109.99813,GtCO2,GCP fossil CO2 dataset 2025v15 (Andrew and Peters 2025); GCB 2025,derived
2006,cum_co2_fossil_fuels_only_from_1900,1139.15488,GtCO2,GCP fossil CO2 dataset 2025v15 (Andrew and Peters 2025); GCB 2025,derived
2007,cum_co2_fossil_fuels_only_from_1900,1169.14253,GtCO2,GCP fossil CO2 dataset 2025v15 (Andrew and Peters 2025); GCB 2025,derived
2008,cum_co2_fossil_fuels_only_from_1900,1199.67473,GtCO2,GCP fossil CO2 dataset 2025v15 (Andrew and Peters 2025); GCB 2025,derived
2009,cum_co2_fossil_fuels_only_from_1900,1229.67181,GtCO2,GCP fossil CO2 dataset 2025v15 (Andrew and Peters 2025); GCB 2025,derived
2010,cum_co2_fossil_fuels_only_from_1900,1261.38925,GtCO2,GCP fossil CO2 dataset 2025v15 (Andrew and Peters 2025); GCB 2025,derived
2011,cum_co2_fossil_fuels_only_from_1900,1294.1492,GtCO2,GCP fossil CO2 dataset 2025v15 (Andrew and Peters 2025); GCB 2025,derived
2012,cum_co2_fossil_fuels_only_from_1900,1327.34693,GtCO2,GCP fossil CO2 dataset 2025v15 (Andrew and Peters 2025); GCB 2025,derived
2013,cum_co2_fossil_fuels_only_from_1900,1360.77184,GtCO2,GCP fossil CO2 dataset 2025v15 (Andrew and Peters 2025); GCB 2025,derived
2014,cum_co2_fossil_fuels_only_from_1900,1394.3373,GtCO2,GCP fossil CO2 dataset 2025v15 (Andrew and Peters 2025); GCB 2025,derived
2015,cum_co2_fossil_fuels_only_from_1900,1427.87252,GtCO2,GCP fossil CO2 dataset 2025v15 (Andrew and Peters 2025); GCB 2025,derived
2016,cum_co2_fossil_fuels_only_from_1900,1461.38213,GtCO2,GCP fossil CO2 dataset 2025v15 (Andrew and Peters 2025); GCB 2025,derived
2017,cum_co2_fossil_fuels_only_from_1900,1495.43042,GtCO2,GCP fossil CO2 dataset 2025v15 (Andrew and Peters 2025); GCB 2025,derived
2018,cum_co2_fossil_fuels_only_from_1900,1530.1594,GtCO2,GCP fossil CO2 dataset 2025v15 (Andrew and Peters 2025); GCB 2025,derived
2019,cum_co2_fossil_fuels_only_from_1900,1565.19471,GtCO2,GCP fossil CO2 dataset 2025v15 (Andrew and Peters 2025); GCB 2025,derived
2020,cum_co2_fossil_fuels_only_from_1900,1598.31491,GtCO2,GCP fossil CO2 dataset 2025v15 (Andrew and Peters 2025); GCB 2025,derived
2021,cum_co2_fossil_fuels_only_from_1900,1633.07824,GtCO2,GCP fossil CO2 dataset 2025v15 (Andrew and Peters 2025); GCB 2025,derived
2022,cum_co2_fossil_fuels_only_from_1900,1668.59994,GtCO2,GCP fossil CO2 dataset 2025v15 (Andrew and Peters 2025); GCB 2025,derived
2023,cum_co2_fossil_fuels_only_from_1900,1704.72875,GtCO2,GCP fossil CO2 dataset 2025v15 (Andrew and Peters 2025); GCB 2025,derived
2024,cum_co2_fossil_fuels_only_from_1900,1741.43013,GtCO2,GCP fossil CO2 dataset 2025v15 (Andrew and Peters 2025); GCB 2025,derived
1750,atm_excess_co2_fossil_irf,0,GtCO2,"Joos et al. 2013 ACP 13:2793-2825, Table 5, row IRF_CO2",derived
1751,atm_excess_co2_fossil_irf,0.00869663211,GtCO2,"Joos et al. 2013 ACP 13:2793-2825, Table 5, row IRF_CO2",derived
1752,atm_excess_co2_fossil_irf,0.0169910688,GtCO2,"Joos et al. 2013 ACP 13:2793-2825, Table 5, row IRF_CO2",derived
1753,atm_excess_co2_fossil_irf,0.0249642525,GtCO2,"Joos et al. 2013 ACP 13:2793-2825, Table 5, row IRF_CO2",derived
1754,atm_excess_co2_fossil_irf,0.0326900984,GtCO2,"Joos et al. 2013 ACP 13:2793-2825, Table 5, row IRF_CO2",derived
1755,atm_excess_co2_fossil_irf,0.0402381294,GtCO2,"Joos et al. 2013 ACP 13:2793-2825, Table 5, row IRF_CO2",derived
1756,atm_excess_co2_fossil_irf,0.0475904549,GtCO2,"Joos et al. 2013 ACP 13:2793-2825, Table 5, row IRF_CO2",derived
1757,atm_excess_co2_fossil_irf,0.0548360856,GtCO2,"Joos et al. 2013 ACP 13:2793-2825, Table 5, row IRF_CO2",derived
1758,atm_excess_co2_fossil_irf,0.0620640447,GtCO2,"Joos et al. 2013 ACP 13:2793-2825, Table 5, row IRF_CO2",derived
1759,atm_excess_co2_fossil_irf,0.0692338087,GtCO2,"Joos et al. 2013 ACP 13:2793-2825, Table 5, row IRF_CO2",derived
1760,atm_excess_co2_fossil_irf,0.0763622863,GtCO2,"Joos et al. 2013 ACP 13:2793-2825, Table 5, row IRF_CO2",derived
1761,atm_excess_co2_fossil_irf,0.0835124631,GtCO2,"Joos et al. 2013 ACP 13:2793-2825, Table 5, row IRF_CO2",derived
1762,atm_excess_co2_fossil_irf,0.0907465895,GtCO2,"Joos et al. 2013 ACP 13:2793-2825, Table 5, row IRF_CO2",derived
1763,atm_excess_co2_fossil_irf,0.0980406054,GtCO2,"Joos et al. 2013 ACP 13:2793-2825, Table 5, row IRF_CO2",derived
1764,atm_excess_co2_fossil_irf,0.105431403,GtCO2,"Joos et al. 2013 ACP 13:2793-2825, Table 5, row IRF_CO2",derived
1765,atm_excess_co2_fossil_irf,0.112888591,GtCO2,"Joos et al. 2013 ACP 13:2793-2825, Table 5, row IRF_CO2",derived
1766,atm_excess_co2_fossil_irf,0.120453454,GtCO2,"Joos et al. 2013 ACP 13:2793-2825, Table 5, row IRF_CO2",derived
1767,atm_excess_co2_fossil_irf,0.128113067,GtCO2,"Joos et al. 2013 ACP 13:2793-2825, Table 5, row IRF_CO2",derived
1768,atm_excess_co2_fossil_irf,0.135909137,GtCO2,"Joos et al. 2013 ACP 13:2793-2825, Table 5, row IRF_CO2",derived
1769,atm_excess_co2_fossil_irf,0.143875382,GtCO2,"Joos et al. 2013 ACP 13:2793-2825, Table 5, row IRF_CO2",derived
1770,atm_excess_co2_fossil_irf,0.152007047,GtCO2,"Joos et al. 2013 ACP 13:2793-2825, Table 5, row IRF_CO2",derived
1771,atm_excess_co2_fossil_irf,0.160304972,GtCO2,"Joos et al. 2013 ACP 13:2793-2825, Table 5, row IRF_CO2",derived
1772,atm_excess_co2_fossil_irf,0.16872456,GtCO2,"Joos et al. 2013 ACP 13:2793-2825, Table 5, row IRF_CO2",derived
1773,atm_excess_co2_fossil_irf,0.177248886,GtCO2,"Joos et al. 2013 ACP 13:2793-2825, Table 5, row IRF_CO2",derived
1774,atm_excess_co2_fossil_irf,0.185814099,GtCO2,"Joos et al. 2013 ACP 13:2793-2825, Table 5, row IRF_CO2",derived
1775,atm_excess_co2_fossil_irf,0.194442996,GtCO2,"Joos et al. 2013 ACP 13:2793-2825, Table 5, row IRF_CO2",derived
1776,atm_excess_co2_fossil_irf,0.203252314,GtCO2,"Joos et al. 2013 ACP 13:2793-2825, Table 5, row IRF_CO2",derived
1777,atm_excess_co2_fossil_irf,0.212226977,GtCO2,"Joos et al. 2013 ACP 13:2793-2825, Table 5, row IRF_CO2",derived
1778,atm_excess_co2_fossil_irf,0.221354692,GtCO2,"Joos et al. 2013 ACP 13:2793-2825, Table 5, row IRF_CO2",derived
1779,atm_excess_co2_fossil_irf,0.230613288,GtCO2,"Joos et al. 2013 ACP 13:2793-2825, Table 5, row IRF_CO2",derived
1780,atm_excess_co2_fossil_irf,0.240009408,GtCO2,"Joos et al. 2013 ACP 13:2793-2825, Table 5, row IRF_CO2",derived
1781,atm_excess_co2_fossil_irf,0.249590377,GtCO2,"Joos et al. 2013 ACP 13:2793-2825, Table 5, row IRF_CO2",derived
1782,atm_excess_co2_fossil_irf,0.259363888,GtCO2,"Joos et al. 2013 ACP 13:2793-2825, Table 5, row IRF_CO2",derived
1783,atm_excess_co2_fossil_irf,0.26931771,GtCO2,"Joos et al. 2013 ACP 13:2793-2825, Table 5, row IRF_CO2",derived
1784,atm_excess_co2_fossil_irf,0.279575549,GtCO2,"Joos et al. 2013 ACP 13:2793-2825, Table 5, row IRF_CO2",derived
1785,atm_excess_co2_fossil_irf,0.290059253,GtCO2,"Joos et al. 2013 ACP 13:2793-2825, Table 5, row IRF_CO2",derived
1786,atm_excess_co2_fossil_irf,0.300844928,GtCO2,"Joos et al. 2013 ACP 13:2793-2825, Table 5, row IRF_CO2",derived
1787,atm_excess_co2_fossil_irf,0.311913696,GtCO2,"Joos et al. 2013 ACP 13:2793-2825, Table 5, row IRF_CO2",derived
1788,atm_excess_co2_fossil_irf,0.323193385,GtCO2,"Joos et al. 2013 ACP 13:2793-2825, Table 5, row IRF_CO2",derived
1789,atm_excess_co2_fossil_irf,0.334697074,GtCO2,"Joos et al. 2013 ACP 13:2793-2825, Table 5, row IRF_CO2",derived
1790,atm_excess_co2_fossil_irf,0.346562885,GtCO2,"Joos et al. 2013 ACP 13:2793-2825, Table 5, row IRF_CO2",derived
1791,atm_excess_co2_fossil_irf,0.358741114,GtCO2,"Joos et al. 2013 ACP 13:2793-2825, Table 5, row IRF_CO2",derived
1792,atm_excess_co2_fossil_irf,0.371224722,GtCO2,"Joos et al. 2013 ACP 13:2793-2825, Table 5, row IRF_CO2",derived
1793,atm_excess_co2_fossil_irf,0.384441994,GtCO2,"Joos et al. 2013 ACP 13:2793-2825, Table 5, row IRF_CO2",derived
1794,atm_excess_co2_fossil_irf,0.397775489,GtCO2,"Joos et al. 2013 ACP 13:2793-2825, Table 5, row IRF_CO2",derived
1795,atm_excess_co2_fossil_irf,0.411098485,GtCO2,"Joos et al. 2013 ACP 13:2793-2825, Table 5, row IRF_CO2",derived
1796,atm_excess_co2_fossil_irf,0.424027238,GtCO2,"Joos et al. 2013 ACP 13:2793-2825, Table 5, row IRF_CO2",derived
1797,atm_excess_co2_fossil_irf,0.436606482,GtCO2,"Joos et al. 2013 ACP 13:2793-2825, Table 5, row IRF_CO2",derived
1798,atm_excess_co2_fossil_irf,0.449015961,GtCO2,"Joos et al. 2013 ACP 13:2793-2825, Table 5, row IRF_CO2",derived
1799,atm_excess_co2_fossil_irf,0.462248323,GtCO2,"Joos et al. 2013 ACP 13:2793-2825, Table 5, row IRF_CO2",derived
1800,atm_excess_co2_fossil_irf,0.479402454,GtCO2,"Joos et al. 2013 ACP 13:2793-2825, Table 5, row IRF_CO2",derived
1801,atm_excess_co2_fossil_irf,0.50113527,GtCO2,"Joos et al. 2013 ACP 13:2793-2825, Table 5, row IRF_CO2",derived
1802,atm_excess_co2_fossil_irf,0.521495507,GtCO2,"Joos et al. 2013 ACP 13:2793-2825, Table 5, row IRF_CO2",derived
1803,atm_excess_co2_fossil_irf,0.549161702,GtCO2,"Joos et al. 2013 ACP 13:2793-2825, Table 5, row IRF_CO2",derived
1804,atm_excess_co2_fossil_irf,0.565912899,GtCO2,"Joos et al. 2013 ACP 13:2793-2825, Table 5, row IRF_CO2",derived
1805,atm_excess_co2_fossil_irf,0.584611383,GtCO2,"Joos et al. 2013 ACP 13:2793-2825, Table 5, row IRF_CO2",derived
1806,atm_excess_co2_fossil_irf,0.602575037,GtCO2,"Joos et al. 2013 ACP 13:2793-2825, Table 5, row IRF_CO2",derived
1807,atm_excess_co2_fossil_irf,0.62169869,GtCO2,"Joos et al. 2013 ACP 13:2793-2825, Table 5, row IRF_CO2",derived
1808,atm_excess_co2_fossil_irf,0.643830503,GtCO2,"Joos et al. 2013 ACP 13:2793-2825, Table 5, row IRF_CO2",derived
1809,atm_excess_co2_fossil_irf,0.664887306,GtCO2,"Joos et al. 2013 ACP 13:2793-2825, Table 5, row IRF_CO2",derived
1810,atm_excess_co2_fossil_irf,0.686400763,GtCO2,"Joos et al. 2013 ACP 13:2793-2825, Table 5, row IRF_CO2",derived
1811,atm_excess_co2_fossil_irf,0.710535018,GtCO2,"Joos et al. 2013 ACP 13:2793-2825, Table 5, row IRF_CO2",derived
1812,atm_excess_co2_fossil_irf,0.73484844,GtCO2,"Joos et al. 2013 ACP 13:2793-2825, Table 5, row IRF_CO2",derived
1813,atm_excess_co2_fossil_irf,0.759323105,GtCO2,"Joos et al. 2013 ACP 13:2793-2825, Table 5, row IRF_CO2",derived
1814,atm_excess_co2_fossil_irf,0.783751454,GtCO2,"Joos et al. 2013 ACP 13:2793-2825, Table 5, row IRF_CO2",derived
1815,atm_excess_co2_fossil_irf,0.808752089,GtCO2,"Joos et al. 2013 ACP 13:2793-2825, Table 5, row IRF_CO2",derived
1816,atm_excess_co2_fossil_irf,0.834633996,GtCO2,"Joos et al. 2013 ACP 13:2793-2825, Table 5, row IRF_CO2",derived
1817,atm_excess_co2_fossil_irf,0.861884069,GtCO2,"Joos et al. 2013 ACP 13:2793-2825, Table 5, row IRF_CO2",derived
1818,atm_excess_co2_fossil_irf,0.892198932,GtCO2,"Joos et al. 2013 ACP 13:2793-2825, Table 5, row IRF_CO2",derived
1819,atm_excess_co2_fossil_irf,0.923882047,GtCO2,"Joos et al. 2013 ACP 13:2793-2825, Table 5, row IRF_CO2",derived
1820,atm_excess_co2_fossil_irf,0.954495762,GtCO2,"Joos et al. 2013 ACP 13:2793-2825, Table 5, row IRF_CO2",derived
1821,atm_excess_co2_fossil_irf,0.984400458,GtCO2,"Joos et al. 2013 ACP 13:2793-2825, Table 5, row IRF_CO2",derived
1822,atm_excess_co2_fossil_irf,1.01509689,GtCO2,"Joos et al. 2013 ACP 13:2793-2825, Table 5, row IRF_CO2",derived
1823,atm_excess_co2_fossil_irf,1.04716059,GtCO2,"Joos et al. 2013 ACP 13:2793-2825, Table 5, row IRF_CO2",derived
1824,atm_excess_co2_fossil_irf,1.08089089,GtCO2,"Joos et al. 2013 ACP 13:2793-2825, Table 5, row IRF_CO2",derived
1825,atm_excess_co2_fossil_irf,1.11518891,GtCO2,"Joos et al. 2013 ACP 13:2793-2825, Table 5, row IRF_CO2",derived
1826,atm_excess_co2_fossil_irf,1.1518585,GtCO2,"Joos et al. 2013 ACP 13:2793-2825, Table 5, row IRF_CO2",derived
1827,atm_excess_co2_fossil_irf,1.18847039,GtCO2,"Joos et al. 2013 ACP 13:2793-2825, Table 5, row IRF_CO2",derived
1828,atm_excess_co2_fossil_irf,1.2285403,GtCO2,"Joos et al. 2013 ACP 13:2793-2825, Table 5, row IRF_CO2",derived
1829,atm_excess_co2_fossil_irf,1.26872305,GtCO2,"Joos et al. 2013 ACP 13:2793-2825, Table 5, row IRF_CO2",derived
1830,atm_excess_co2_fossil_irf,1.30784116,GtCO2,"Joos et al. 2013 ACP 13:2793-2825, Table 5, row IRF_CO2",derived
1831,atm_excess_co2_fossil_irf,1.36755355,GtCO2,"Joos et al. 2013 ACP 13:2793-2825, Table 5, row IRF_CO2",derived
1832,atm_excess_co2_fossil_irf,1.42016271,GtCO2,"Joos et al. 2013 ACP 13:2793-2825, Table 5, row IRF_CO2",derived
1833,atm_excess_co2_fossil_irf,1.47052962,GtCO2,"Joos et al. 2013 ACP 13:2793-2825, Table 5, row IRF_CO2",derived
1834,atm_excess_co2_fossil_irf,1.52104652,GtCO2,"Joos et al. 2013 ACP 13:2793-2825, Table 5, row IRF_CO2",derived
1835,atm_excess_co2_fossil_irf,1.57584528,GtCO2,"Joos et al. 2013 ACP 13:2793-2825, Table 5, row IRF_CO2",derived
1836,atm_excess_co2_fossil_irf,1.63765888,GtCO2,"Joos et al. 2013 ACP 13:2793-2825, Table 5, row IRF_CO2",derived
1837,atm_excess_co2_fossil_irf,1.70696995,GtCO2,"Joos et al. 2013 ACP 13:2793-2825, Table 5, row IRF_CO2",derived
1838,atm_excess_co2_fossil_irf,1.77394584,GtCO2,"Joos et al. 2013 ACP 13:2793-2825, Table 5, row IRF_CO2",derived
1839,atm_excess_co2_fossil_irf,1.8391919,GtCO2,"Joos et al. 2013 ACP 13:2793-2825, Table 5, row IRF_CO2",derived
1840,atm_excess_co2_fossil_irf,1.90681008,GtCO2,"Joos et al. 2013 ACP 13:2793-2825, Table 5, row IRF_CO2",derived
1841,atm_excess_co2_fossil_irf,1.98174703,GtCO2,"Joos et al. 2013 ACP 13:2793-2825, Table 5, row IRF_CO2",derived
1842,atm_excess_co2_fossil_irf,2.0582548,GtCO2,"Joos et al. 2013 ACP 13:2793-2825, Table 5, row IRF_CO2",derived
1843,atm_excess_co2_fossil_irf,2.13998413,GtCO2,"Joos et al. 2013 ACP 13:2793-2825, Table 5, row IRF_CO2",derived
1844,atm_excess_co2_fossil_irf,2.22279133,GtCO2,"Joos et al. 2013 ACP 13:2793-2825, Table 5, row IRF_CO2",derived
1845,atm_excess_co2_fossil_irf,2.31293656,GtCO2,"Joos et al. 2013 ACP 13:2793-2825, Table 5, row IRF_CO2",derived
1846,atm_excess_co2_fossil_irf,2.41340611,GtCO2,"Joos et al. 2013 ACP 13:2793-2825, Table 5, row IRF_CO2",derived
1847,atm_excess_co2_fossil_irf,2.51397613,GtCO2,"Joos et al. 2013 ACP 13:2793-2825, Table 5, row IRF_CO2",derived
1848,atm_excess_co2_fossil_irf,2.62462955,GtCO2,"Joos et al. 2013 ACP 13:2793-2825, Table 5, row IRF_CO2",derived
1849,atm_excess_co2_fossil_irf,2.73538986,GtCO2,"Joos et al. 2013 ACP 13:2793-2825, Table 5, row IRF_CO2",derived
1850,atm_excess_co2_fossil_irf,2.85446973,GtCO2,"Joos et al. 2013 ACP 13:2793-2825, Table 5, row IRF_CO2",derived
1851,atm_excess_co2_fossil_irf,2.98195176,GtCO2,"Joos et al. 2013 ACP 13:2793-2825, Table 5, row IRF_CO2",derived
1852,atm_excess_co2_fossil_irf,3.10835258,GtCO2,"Joos et al. 2013 ACP 13:2793-2825, Table 5, row IRF_CO2",derived
1853,atm_excess_co2_fossil_irf,3.24041413,GtCO2,"Joos et al. 2013 ACP 13:2793-2825, Table 5, row IRF_CO2",derived
1854,atm_excess_co2_fossil_irf,3.37878529,GtCO2,"Joos et al. 2013 ACP 13:2793-2825, Table 5, row IRF_CO2",derived
1855,atm_excess_co2_fossil_irf,3.54963262,GtCO2,"Joos et al. 2013 ACP 13:2793-2825, Table 5, row IRF_CO2",derived
1856,atm_excess_co2_fossil_irf,3.72087779,GtCO2,"Joos et al. 2013 ACP 13:2793-2825, Table 5, row IRF_CO2",derived
1857,atm_excess_co2_fossil_irf,3.90484596,GtCO2,"Joos et al. 2013 ACP 13:2793-2825, Table 5, row IRF_CO2",derived
1858,atm_excess_co2_fossil_irf,4.08710353,GtCO2,"Joos et al. 2013 ACP 13:2793-2825, Table 5, row IRF_CO2",derived
1859,atm_excess_co2_fossil_irf,4.26948002,GtCO2,"Joos et al. 2013 ACP 13:2793-2825, Table 5, row IRF_CO2",derived
1860,atm_excess_co2_fossil_irf,4.46411865,GtCO2,"Joos et al. 2013 ACP 13:2793-2825, Table 5, row IRF_CO2",derived
1861,atm_excess_co2_fossil_irf,4.68246481,GtCO2,"Joos et al. 2013 ACP 13:2793-2825, Table 5, row IRF_CO2",derived
1862,atm_excess_co2_fossil_irf,4.91149069,GtCO2,"Joos et al. 2013 ACP 13:2793-2825, Table 5, row IRF_CO2",derived
1863,atm_excess_co2_fossil_irf,5.14159597,GtCO2,"Joos et al. 2013 ACP 13:2793-2825, Table 5, row IRF_CO2",derived
1864,atm_excess_co2_fossil_irf,5.38881454,GtCO2,"Joos et al. 2013 ACP 13:2793-2825, Table 5, row IRF_CO2",derived
1865,atm_excess_co2_fossil_irf,5.6585825,GtCO2,"Joos et al. 2013 ACP 13:2793-2825, Table 5, row IRF_CO2",derived
1866,atm_excess_co2_fossil_irf,5.94570403,GtCO2,"Joos et al. 2013 ACP 13:2793-2825, Table 5, row IRF_CO2",derived
1867,atm_excess_co2_fossil_irf,6.2393477,GtCO2,"Joos et al. 2013 ACP 13:2793-2825, Table 5, row IRF_CO2",derived
1868,atm_excess_co2_fossil_irf,6.55610742,GtCO2,"Joos et al. 2013 ACP 13:2793-2825, Table 5, row IRF_CO2",derived
1869,atm_excess_co2_fossil_irf,6.87831959,GtCO2,"Joos et al. 2013 ACP 13:2793-2825, Table 5, row IRF_CO2",derived
1870,atm_excess_co2_fossil_irf,7.22176954,GtCO2,"Joos et al. 2013 ACP 13:2793-2825, Table 5, row IRF_CO2",derived
1871,atm_excess_co2_fossil_irf,7.56820046,GtCO2,"Joos et al. 2013 ACP 13:2793-2825, Table 5, row IRF_CO2",derived
1872,atm_excess_co2_fossil_irf,7.93887834,GtCO2,"Joos et al. 2013 ACP 13:2793-2825, Table 5, row IRF_CO2",derived
1873,atm_excess_co2_fossil_irf,8.35870619,GtCO2,"Joos et al. 2013 ACP 13:2793-2825, Table 5, row IRF_CO2",derived
1874,atm_excess_co2_fossil_irf,8.80526337,GtCO2,"Joos et al. 2013 ACP 13:2793-2825, Table 5, row IRF_CO2",derived
1875,atm_excess_co2_fossil_irf,9.20193218,GtCO2,"Joos et al. 2013 ACP 13:2793-2825, Table 5, row IRF_CO2",derived
1876,atm_excess_co2_fossil_irf,9.64053546,GtCO2,"Joos et al. 2013 ACP 13:2793-2825, Table 5, row IRF_CO2",derived
1877,atm_excess_co2_fossil_irf,10.0790875,GtCO2,"Joos et al. 2013 ACP 13:2793-2825, Table 5, row IRF_CO2",derived
1878,atm_excess_co2_fossil_irf,10.521936,GtCO2,"Joos et al. 2013 ACP 13:2793-2825, Table 5, row IRF_CO2",derived
1879,atm_excess_co2_fossil_irf,10.9620987,GtCO2,"Joos et al. 2013 ACP 13:2793-2825, Table 5, row IRF_CO2",derived
1880,atm_excess_co2_fossil_irf,11.4418716,GtCO2,"Joos et al. 2013 ACP 13:2793-2825, Table 5, row IRF_CO2",derived
1881,atm_excess_co2_fossil_irf,12.0045533,GtCO2,"Joos et al. 2013 ACP 13:2793-2825, Table 5, row IRF_CO2",derived
1882,atm_excess_co2_fossil_irf,12.5820551,GtCO2,"Joos et al. 2013 ACP 13:2793-2825, Table 5, row IRF_CO2",derived
1883,atm_excess_co2_fossil_irf,13.1933986,GtCO2,"Joos et al. 2013 ACP 13:2793-2825, Table 5, row IRF_CO2",derived
1884,atm_excess_co2_fossil_irf,13.8468055,GtCO2,"Joos et al. 2013 ACP 13:2793-2825, Table 5, row IRF_CO2",derived
1885,atm_excess_co2_fossil_irf,14.4963479,GtCO2,"Joos et al. 2013 ACP 13:2793-2825, Table 5, row IRF_CO2",derived
1886,atm_excess_co2_fossil_irf,15.139621,GtCO2,"Joos et al. 2013 ACP 13:2793-2825, Table 5, row IRF_CO2",derived
1887,atm_excess_co2_fossil_irf,15.7853007,GtCO2,"Joos et al. 2013 ACP 13:2793-2825, Table 5, row IRF_CO2",derived
1888,atm_excess_co2_fossil_irf,16.4675589,GtCO2,"Joos et al. 2013 ACP 13:2793-2825, Table 5, row IRF_CO2",derived
1889,atm_excess_co2_fossil_irf,17.2465108,GtCO2,"Joos et al. 2013 ACP 13:2793-2825, Table 5, row IRF_CO2",derived
1890,atm_excess_co2_fossil_irf,18.0088425,GtCO2,"Joos et al. 2013 ACP 13:2793-2825, Table 5, row IRF_CO2",derived
1891,atm_excess_co2_fossil_irf,18.8545174,GtCO2,"Joos et al. 2013 ACP 13:2793-2825, Table 5, row IRF_CO2",derived
1892,atm_excess_co2_fossil_irf,19.7398762,GtCO2,"Joos et al. 2013 ACP 13:2793-2825, Table 5, row IRF_CO2",derived
1893,atm_excess_co2_fossil_irf,20.6161488,GtCO2,"Joos et al. 2013 ACP 13:2793-2825, Table 5, row IRF_CO2",derived
1894,atm_excess_co2_fossil_irf,21.458998,GtCO2,"Joos et al. 2013 ACP 13:2793-2825, Table 5, row IRF_CO2",derived
1895,atm_excess_co2_fossil_irf,22.3336757,GtCO2,"Joos et al. 2013 ACP 13:2793-2825, Table 5, row IRF_CO2",derived
1896,atm_excess_co2_fossil_irf,23.2716432,GtCO2,"Joos et al. 2013 ACP 13:2793-2825, Table 5, row IRF_CO2",derived
1897,atm_excess_co2_fossil_irf,24.238242,GtCO2,"Joos et al. 2013 ACP 13:2793-2825, Table 5, row IRF_CO2",derived
1898,atm_excess_co2_fossil_irf,25.2550392,GtCO2,"Joos et al. 2013 ACP 13:2793-2825, Table 5, row IRF_CO2",derived
1899,atm_excess_co2_fossil_irf,26.3350392,GtCO2,"Joos et al. 2013 ACP 13:2793-2825, Table 5, row IRF_CO2",derived
1900,atm_excess_co2_fossil_irf,27.5404697,GtCO2,"Joos et al. 2013 ACP 13:2793-2825, Table 5, row IRF_CO2",derived
1901,atm_excess_co2_fossil_irf,28.8107135,GtCO2,"Joos et al. 2013 ACP 13:2793-2825, Table 5, row IRF_CO2",derived
1902,atm_excess_co2_fossil_irf,30.1110075,GtCO2,"Joos et al. 2013 ACP 13:2793-2825, Table 5, row IRF_CO2",derived
1903,atm_excess_co2_fossil_irf,31.4313902,GtCO2,"Joos et al. 2013 ACP 13:2793-2825, Table 5, row IRF_CO2",derived
1904,atm_excess_co2_fossil_irf,32.9003694,GtCO2,"Joos et al. 2013 ACP 13:2793-2825, Table 5, row IRF_CO2",derived
1905,atm_excess_co2_fossil_irf,34.3601627,GtCO2,"Joos et al. 2013 ACP 13:2793-2825, Table 5, row IRF_CO2",derived
1906,atm_excess_co2_fossil_irf,35.9305984,GtCO2,"Joos et al. 2013 ACP 13:2793-2825, Table 5, row IRF_CO2",derived
1907,atm_excess_co2_fossil_irf,37.5685177,GtCO2,"Joos et al. 2013 ACP 13:2793-2825, Table 5, row IRF_CO2",derived
1908,atm_excess_co2_fossil_irf,39.5041793,GtCO2,"Joos et al. 2013 ACP 13:2793-2825, Table 5, row IRF_CO2",derived
1909,atm_excess_co2_fossil_irf,41.2836779,GtCO2,"Joos et al. 2013 ACP 13:2793-2825, Table 5, row IRF_CO2",derived
1910,atm_excess_co2_fossil_irf,43.1365588,GtCO2,"Joos et al. 2013 ACP 13:2793-2825, Table 5, row IRF_CO2",derived
1911,atm_excess_co2_fossil_irf,45.0860592,GtCO2,"Joos et al. 2013 ACP 13:2793-2825, Table 5, row IRF_CO2",derived
1912,atm_excess_co2_fossil_irf,47.0395647,GtCO2,"Joos et al. 2013 ACP 13:2793-2825, Table 5, row IRF_CO2",derived
1913,atm_excess_co2_fossil_irf,49.1025396,GtCO2,"Joos et al. 2013 ACP 13:2793-2825, Table 5, row IRF_CO2",derived
1914,atm_excess_co2_fossil_irf,51.3781141,GtCO2,"Joos et al. 2013 ACP 13:2793-2825, Table 5, row IRF_CO2",derived
1915,atm_excess_co2_fossil_irf,53.2983302,GtCO2,"Joos et al. 2013 ACP 13:2793-2825, Table 5, row IRF_CO2",derived
1916,atm_excess_co2_fossil_irf,55.1467986,GtCO2,"Joos et al. 2013 ACP 13:2793-2825, Table 5, row IRF_CO2",derived
1917,atm_excess_co2_fossil_irf,57.2107569,GtCO2,"Joos et al. 2013 ACP 13:2793-2825, Table 5, row IRF_CO2",derived
1918,atm_excess_co2_fossil_irf,59.3886018,GtCO2,"Joos et al. 2013 ACP 13:2793-2825, Table 5, row IRF_CO2",derived
1919,atm_excess_co2_fossil_irf,61.4825327,GtCO2,"Joos et al. 2013 ACP 13:2793-2825, Table 5, row IRF_CO2",derived
1920,atm_excess_co2_fossil_irf,63.1123256,GtCO2,"Joos et al. 2013 ACP 13:2793-2825, Table 5, row IRF_CO2",derived
1921,atm_excess_co2_fossil_irf,65.2130281,GtCO2,"Joos et al. 2013 ACP 13:2793-2825, Table 5, row IRF_CO2",derived
1922,atm_excess_co2_fossil_irf,66.8797137,GtCO2,"Joos et al. 2013 ACP 13:2793-2825, Table 5, row IRF_CO2",derived
1923,atm_excess_co2_fossil_irf,68.6822591,GtCO2,"Joos et al. 2013 ACP 13:2793-2825, Table 5, row IRF_CO2",derived
1924,atm_excess_co2_fossil_irf,70.8809541,GtCO2,"Joos et al. 2013 ACP 13:2793-2825, Table 5, row IRF_CO2",derived
1925,atm_excess_co2_fossil_irf,73.0555005,GtCO2,"Joos et al. 2013 ACP 13:2793-2825, Table 5, row IRF_CO2",derived
1926,atm_excess_co2_fossil_irf,75.2203828,GtCO2,"Joos et al. 2013 ACP 13:2793-2825, Table 5, row IRF_CO2",derived
1927,atm_excess_co2_fossil_irf,77.2961526,GtCO2,"Joos et al. 2013 ACP 13:2793-2825, Table 5, row IRF_CO2",derived
1928,atm_excess_co2_fossil_irf,79.6621845,GtCO2,"Joos et al. 2013 ACP 13:2793-2825, Table 5, row IRF_CO2",derived
1929,atm_excess_co2_fossil_irf,81.9735553,GtCO2,"Joos et al. 2013 ACP 13:2793-2825, Table 5, row IRF_CO2",derived
1930,atm_excess_co2_fossil_irf,84.52445,GtCO2,"Joos et al. 2013 ACP 13:2793-2825, Table 5, row IRF_CO2",derived
1931,atm_excess_co2_fossil_irf,86.7218428,GtCO2,"Joos et al. 2013 ACP 13:2793-2825, Table 5, row IRF_CO2",derived
1932,atm_excess_co2_fossil_irf,88.5064329,GtCO2,"Joos et al. 2013 ACP 13:2793-2825, Table 5, row IRF_CO2",derived
1933,atm_excess_co2_fossil_irf,89.9695147,GtCO2,"Joos et al. 2013 ACP 13:2793-2825, Table 5, row IRF_CO2",derived
1934,atm_excess_co2_fossil_irf,91.609895,GtCO2,"Joos et al. 2013 ACP 13:2793-2825, Table 5, row IRF_CO2",derived
1935,atm_excess_co2_fossil_irf,93.5284086,GtCO2,"Joos et al. 2013 ACP 13:2793-2825, Table 5, row IRF_CO2",derived
1936,atm_excess_co2_fossil_irf,95.6002758,GtCO2,"Joos et al. 2013 ACP 13:2793-2825, Table 5, row IRF_CO2",derived
1937,atm_excess_co2_fossil_irf,97.9967153,GtCO2,"Joos et al. 2013 ACP 13:2793-2825, Table 5, row IRF_CO2",derived
1938,atm_excess_co2_fossil_irf,100.622312,GtCO2,"Joos et al. 2013 ACP 13:2793-2825, Table 5, row IRF_CO2",derived
1939,atm_excess_co2_fossil_irf,102.9477,GtCO2,"Joos et al. 2013 ACP 13:2793-2825, Table 5, row IRF_CO2",derived
1940,atm_excess_co2_fossil_irf,105.468747,GtCO2,"Joos et al. 2013 ACP 13:2793-2825, Table 5, row IRF_CO2",derived
1941,atm_excess_co2_fossil_irf,108.338474,GtCO2,"Joos et al. 2013 ACP 13:2793-2825, Table 5, row IRF_CO2",derived
1942,atm_excess_co2_fossil_irf,111.259243,GtCO2,"Joos et al. 2013 ACP 13:2793-2825, Table 5, row IRF_CO2",derived
1943,atm_excess_co2_fossil_irf,114.110506,GtCO2,"Joos et al. 2013 ACP 13:2793-2825, Table 5, row IRF_CO2",derived
1944,atm_excess_co2_fossil_irf,117.002815,GtCO2,"Joos et al. 2013 ACP 13:2793-2825, Table 5, row IRF_CO2",derived
1945,atm_excess_co2_fossil_irf,119.931925,GtCO2,"Joos et al. 2013 ACP 13:2793-2825, Table 5, row IRF_CO2",derived
1946,atm_excess_co2_fossil_irf,122.001308,GtCO2,"Joos et al. 2013 ACP 13:2793-2825, Table 5, row IRF_CO2",derived
1947,atm_excess_co2_fossil_irf,124.377313,GtCO2,"Joos et al. 2013 ACP 13:2793-2825, Table 5, row IRF_CO2",derived
1948,atm_excess_co2_fossil_irf,127.260737,GtCO2,"Joos et al. 2013 ACP 13:2793-2825, Table 5, row IRF_CO2",derived
1949,atm_excess_co2_fossil_irf,130.365741,GtCO2,"Joos et al. 2013 ACP 13:2793-2825, Table 5, row IRF_CO2",derived
1950,atm_excess_co2_fossil_irf,133.19053,GtCO2,"Joos et al. 2013 ACP 13:2793-2825, Table 5, row IRF_CO2",derived
1951,atm_excess_co2_fossil_irf,136.661863,GtCO2,"Joos et al. 2013 ACP 13:2793-2825, Table 5, row IRF_CO2",derived
1952,atm_excess_co2_fossil_irf,140.48717,GtCO2,"Joos et al. 2013 ACP 13:2793-2825, Table 5, row IRF_CO2",derived
1953,atm_excess_co2_fossil_irf,144.310772,GtCO2,"Joos et al. 2013 ACP 13:2793-2825, Table 5, row IRF_CO2",derived
1954,atm_excess_co2_fossil_irf,148.231124,GtCO2,"Joos et al. 2013 ACP 13:2793-2825, Table 5, row IRF_CO2",derived
1955,atm_excess_co2_fossil_irf,152.207273,GtCO2,"Joos et al. 2013 ACP 13:2793-2825, Table 5, row IRF_CO2",derived
1956,atm_excess_co2_fossil_irf,156.72397,GtCO2,"Joos et al. 2013 ACP 13:2793-2825, Table 5, row IRF_CO2",derived
1957,atm_excess_co2_fossil_irf,161.594934,GtCO2,"Joos et al. 2013 ACP 13:2793-2825, Table 5, row IRF_CO2",derived
1958,atm_excess_co2_fossil_irf,166.600517,GtCO2,"Joos et al. 2013 ACP 13:2793-2825, Table 5, row IRF_CO2",derived
1959,atm_excess_co2_fossil_irf,171.716417,GtCO2,"Joos et al. 2013 ACP 13:2793-2825, Table 5, row IRF_CO2",derived
1960,atm_excess_co2_fossil_irf,177.138074,GtCO2,"Joos et al. 2013 ACP 13:2793-2825, Table 5, row IRF_CO2",derived
1961,atm_excess_co2_fossil_irf,182.944665,GtCO2,"Joos et al. 2013 ACP 13:2793-2825, Table 5, row IRF_CO2",derived
1962,atm_excess_co2_fossil_irf,188.652821,GtCO2,"Joos et al. 2013 ACP 13:2793-2825, Table 5, row IRF_CO2",derived
1963,atm_excess_co2_fossil_irf,194.563184,GtCO2,"Joos et al. 2013 ACP 13:2793-2825, Table 5, row IRF_CO2",derived
1964,atm_excess_co2_fossil_irf,200.847648,GtCO2,"Joos et al. 2013 ACP 13:2793-2825, Table 5, row IRF_CO2",derived
1965,atm_excess_co2_fossil_irf,207.529091,GtCO2,"Joos et al. 2013 ACP 13:2793-2825, Table 5, row IRF_CO2",derived
1966,atm_excess_co2_fossil_irf,214.527914,GtCO2,"Joos et al. 2013 ACP 13:2793-2825, Table 5, row IRF_CO2",derived
1967,atm_excess_co2_fossil_irf,221.898822,GtCO2,"Joos et al. 2013 ACP 13:2793-2825, Table 5, row IRF_CO2",derived
1968,atm_excess_co2_fossil_irf,229.466696,GtCO2,"Joos et al. 2013 ACP 13:2793-2825, Table 5, row IRF_CO2",derived
1969,atm_excess_co2_fossil_irf,237.506909,GtCO2,"Joos et al. 2013 ACP 13:2793-2825, Table 5, row IRF_CO2",derived
1970,atm_excess_co2_fossil_irf,246.180899,GtCO2,"Joos et al. 2013 ACP 13:2793-2825, Table 5, row IRF_CO2",derived
1971,atm_excess_co2_fossil_irf,255.728553,GtCO2,"Joos et al. 2013 ACP 13:2793-2825, Table 5, row IRF_CO2",derived
1972,atm_excess_co2_fossil_irf,265.618294,GtCO2,"Joos et al. 2013 ACP 13:2793-2825, Table 5, row IRF_CO2",derived
1973,atm_excess_co2_fossil_irf,275.95878,GtCO2,"Joos et al. 2013 ACP 13:2793-2825, Table 5, row IRF_CO2",derived
1974,atm_excess_co2_fossil_irf,286.866822,GtCO2,"Joos et al. 2013 ACP 13:2793-2825, Table 5, row IRF_CO2",derived
1975,atm_excess_co2_fossil_irf,297.458436,GtCO2,"Joos et al. 2013 ACP 13:2793-2825, Table 5, row IRF_CO2",derived
1976,atm_excess_co2_fossil_irf,307.837618,GtCO2,"Joos et al. 2013 ACP 13:2793-2825, Table 5, row IRF_CO2",derived
1977,atm_excess_co2_fossil_irf,318.857362,GtCO2,"Joos et al. 2013 ACP 13:2793-2825, Table 5, row IRF_CO2",derived
1978,atm_excess_co2_fossil_irf,330.138906,GtCO2,"Joos et al. 2013 ACP 13:2793-2825, Table 5, row IRF_CO2",derived
1979,atm_excess_co2_fossil_irf,341.841616,GtCO2,"Joos et al. 2013 ACP 13:2793-2825, Table 5, row IRF_CO2",derived
1980,atm_excess_co2_fossil_irf,353.784672,GtCO2,"Joos et al. 2013 ACP 13:2793-2825, Table 5, row IRF_CO2",derived
1981,atm_excess_co2_fossil_irf,365.424881,GtCO2,"Joos et al. 2013 ACP 13:2793-2825, Table 5, row IRF_CO2",derived
1982,atm_excess_co2_fossil_irf,376.391081,GtCO2,"Joos et al. 2013 ACP 13:2793-2825, Table 5, row IRF_CO2",derived
1983,atm_excess_co2_fossil_irf,387.087228,GtCO2,"Joos et al. 2013 ACP 13:2793-2825, Table 5, row IRF_CO2",derived
1984,atm_excess_co2_fossil_irf,397.833856,GtCO2,"Joos et al. 2013 ACP 13:2793-2825, Table 5, row IRF_CO2",derived
1985,atm_excess_co2_fossil_irf,408.988205,GtCO2,"Joos et al. 2013 ACP 13:2793-2825, Table 5, row IRF_CO2",derived
1986,atm_excess_co2_fossil_irf,420.652517,GtCO2,"Joos et al. 2013 ACP 13:2793-2825, Table 5, row IRF_CO2",derived
1987,atm_excess_co2_fossil_irf,432.433835,GtCO2,"Joos et al. 2013 ACP 13:2793-2825, Table 5, row IRF_CO2",derived
1988,atm_excess_co2_fossil_irf,444.683684,GtCO2,"Joos et al. 2013 ACP 13:2793-2825, Table 5, row IRF_CO2",derived
1989,atm_excess_co2_fossil_irf,457.517837,GtCO2,"Joos et al. 2013 ACP 13:2793-2825, Table 5, row IRF_CO2",derived
1990,atm_excess_co2_fossil_irf,470.416442,GtCO2,"Joos et al. 2013 ACP 13:2793-2825, Table 5, row IRF_CO2",derived
1991,atm_excess_co2_fossil_irf,483.622492,GtCO2,"Joos et al. 2013 ACP 13:2793-2825, Table 5, row IRF_CO2",derived
1992,atm_excess_co2_fossil_irf,497.075032,GtCO2,"Joos et al. 2013 ACP 13:2793-2825, Table 5, row IRF_CO2",derived
1993,atm_excess_co2_fossil_irf,509.689065,GtCO2,"Joos et al. 2013 ACP 13:2793-2825, Table 5, row IRF_CO2",derived
1994,atm_excess_co2_fossil_irf,522.379135,GtCO2,"Joos et al. 2013 ACP 13:2793-2825, Table 5, row IRF_CO2",derived
1995,atm_excess_co2_fossil_irf,535.140826,GtCO2,"Joos et al. 2013 ACP 13:2793-2825, Table 5, row IRF_CO2",derived
1996,atm_excess_co2_fossil_irf,548.270975,GtCO2,"Joos et al. 2013 ACP 13:2793-2825, Table 5, row IRF_CO2",derived
1997,atm_excess_co2_fossil_irf,561.916293,GtCO2,"Joos et al. 2013 ACP 13:2793-2825, Table 5, row IRF_CO2",derived
1998,atm_excess_co2_fossil_irf,575.52117,GtCO2,"Joos et al. 2013 ACP 13:2793-2825, Table 5, row IRF_CO2",derived
1999,atm_excess_co2_fossil_irf,588.880913,GtCO2,"Joos et al. 2013 ACP 13:2793-2825, Table 5, row IRF_CO2",derived
2000,atm_excess_co2_fossil_irf,602.602904,GtCO2,"Joos et al. 2013 ACP 13:2793-2825, Table 5, row IRF_CO2",derived
2001,atm_excess_co2_fossil_irf,616.794484,GtCO2,"Joos et al. 2013 ACP 13:2793-2825, Table 5, row IRF_CO2",derived
2002,atm_excess_co2_fossil_irf,630.975807,GtCO2,"Joos et al. 2013 ACP 13:2793-2825, Table 5, row IRF_CO2",derived
2003,atm_excess_co2_fossil_irf,645.522058,GtCO2,"Joos et al. 2013 ACP 13:2793-2825, Table 5, row IRF_CO2",derived
2004,atm_excess_co2_fossil_irf,661.182061,GtCO2,"Joos et al. 2013 ACP 13:2793-2825, Table 5, row IRF_CO2",derived
2005,atm_excess_co2_fossil_irf,677.49983,GtCO2,"Joos et al. 2013 ACP 13:2793-2825, Table 5, row IRF_CO2",derived
2006,atm_excess_co2_fossil_irf,694.483355,GtCO2,"Joos et al. 2013 ACP 13:2793-2825, Table 5, row IRF_CO2",derived
2007,atm_excess_co2_fossil_irf,712.118809,GtCO2,"Joos et al. 2013 ACP 13:2793-2825, Table 5, row IRF_CO2",derived
2008,atm_excess_co2_fossil_irf,730.305089,GtCO2,"Joos et al. 2013 ACP 13:2793-2825, Table 5, row IRF_CO2",derived
2009,atm_excess_co2_fossil_irf,748.701188,GtCO2,"Joos et al. 2013 ACP 13:2793-2825, Table 5, row IRF_CO2",derived
2010,atm_excess_co2_fossil_irf,766.301819,GtCO2,"Joos et al. 2013 ACP 13:2793-2825, Table 5, row IRF_CO2",derived
2011,atm_excess_co2_fossil_irf,785.361171,GtCO2,"Joos et al. 2013 ACP 13:2793-2825, Table 5, row IRF_CO2",derived
2012,atm_excess_co2_fossil_irf,805.207739,GtCO2,"Joos et al. 2013 ACP 13:2793-2825, Table 5, row IRF_CO2",derived
2013,atm_excess_co2_fossil_irf,825.174707,GtCO2,"Joos et al. 2013 ACP 13:2793-2825, Table 5, row IRF_CO2",derived
2014,atm_excess_co2_fossil_irf,845.134829,GtCO2,"Joos et al. 2013 ACP 13:2793-2825, Table 5, row IRF_CO2",derived
2015,atm_excess_co2_fossil_irf,864.986557,GtCO2,"Joos et al. 2013 ACP 13:2793-2825, Table 5, row IRF_CO2",derived
2016,atm_excess_co2_fossil_irf,884.518192,GtCO2,"Joos et al. 2013 ACP 13:2793-2825, Table 5, row IRF_CO2",derived
2017,atm_excess_co2_fossil_irf,903.810502,GtCO2,"Joos et al. 2013 ACP 13:2793-2825, Table 5, row IRF_CO2",derived
2018,atm_excess_co2_fossil_irf,923.440992,GtCO2,"Joos et al. 2013 ACP 13:2793-2825, Table 5, row IRF_CO2",derived
2019,atm_excess_co2_fossil_irf,943.563476,GtCO2,"Joos et al. 2013 ACP 13:2793-2825, Table 5, row IRF_CO2",derived
2020,atm_excess_co2_fossil_irf,963.778337,GtCO2,"Joos et al. 2013 ACP 13:2793-2825, Table 5, row IRF_CO2",derived
2021,atm_excess_co2_fossil_irf,981.959791,GtCO2,"Joos et al. 2013 ACP 13:2793-2825, Table 5, row IRF_CO2",derived
2022,atm_excess_co2_fossil_irf,1001.63309,GtCO2,"Joos et al. 2013 ACP 13:2793-2825, Table 5, row IRF_CO2",derived
2023,atm_excess_co2_fossil_irf,1021.72852,GtCO2,"Joos et al. 2013 ACP 13:2793-2825, Table 5, row IRF_CO2",derived
2024,atm_excess_co2_fossil_irf,1042.13973,GtCO2,"Joos et al. 2013 ACP 13:2793-2825, Table 5, row IRF_CO2",derived
,P0_1900_cumulative_since_1750,43.1422933,GtCO2,GCP fossil CO2 dataset 2025v15 (Andrew and Peters 2025); GCB 2025,derived
,P0_1900_cumulative_fuels_only,43.1303998,GtCO2,GCP fossil CO2 dataset 2025v15 (Andrew and Peters 2025); GCB 2025,derived
,P0_1900_irf_excess_stock,27.5404697,GtCO2,"Joos et al. 2013 ACP 13:2793-2825, Table 5, row IRF_CO2",derived
,P_ref_cumulative_fossil_co2_to_latest,1849.12386,GtCO2,GCP fossil CO2 dataset 2025v15 (Andrew and Peters 2025); GCB 2025,derived
,theta0,0.4730002,per year,"Joos et al. 2013 ACP 13:2793-2825, Table 5, row IRF_CO2; fitted by data/build/b5_pollution_block.py",fitted
,theta_min,0.00652345404,per year,"Joos et al. 2013 ACP 13:2793-2825, Table 5, row IRF_CO2; fitted by data/build/b5_pollution_block.py",fitted
,thetaP,0.091040134,per GtCO2,"Joos et al. 2013 ACP 13:2793-2825, Table 5, row IRF_CO2; fitted by data/build/b5_pollution_block.py",fitted
,theta_fit_rmse,0.153438778,retained share,"Joos et al. 2013 ACP 13:2793-2825, Table 5, row IRF_CO2; fitted by data/build/b5_pollution_block.py",fitted
,theta_fit_max_abs_error,0.281070449,retained share,"Joos et al. 2013 ACP 13:2793-2825, Table 5, row IRF_CO2; fitted by data/build/b5_pollution_block.py",fitted
,theta_fit_horizon,300,years,"Joos et al. 2013 ACP 13:2793-2825, Table 5, row IRF_CO2; fitted by data/build/b5_pollution_block.py",fitted
,theta_fit_retained_share_at_100yr,0.519710956,retained share,"Joos et al. 2013 ACP 13:2793-2825, Table 5, row IRF_CO2; fitted by data/build/b5_pollution_block.py",fitted
,theta_fit_retained_share_at_300yr,0.140373658,retained share,"Joos et al. 2013 ACP 13:2793-2825, Table 5, row IRF_CO2; fitted by data/build/b5_pollution_block.py",fitted
,irf_retained_share_at_100yr,0.409427672,retained share,"Joos et al. 2013 ACP 13:2793-2825, Table 5, row IRF_CO2",evaluated
,irf_retained_share_at_300yr,0.322066082,retained share,"Joos et al. 2013 ACP 13:2793-2825, Table 5, row IRF_CO2",evaluated
,theta_constant_benchmark,0.00652346508,per year,"Joos et al. 2013 ACP 13:2793-2825, Table 5, row IRF_CO2; fitted by data/build/b5_pollution_block.py",fitted
,theta_constant_rmse,0.153438778,retained share,"Joos et al. 2013 ACP 13:2793-2825, Table 5, row IRF_CO2; fitted by data/build/b5_pollution_block.py",fitted
,theta_constant_max_abs_error,0.281070254,retained share,"Joos et al. 2013 ACP 13:2793-2825, Table 5, row IRF_CO2; fitted by data/build/b5_pollution_block.py",fitted
,theta_fit_rmse_gain_over_constant,-2.62928568e-13,retained share,"Joos et al. 2013 ACP 13:2793-2825, Table 5, row IRF_CO2; fitted by data/build/b5_pollution_block.py",derived
,theta0_identified_by_this_fit,0,indicator,"Joos et al. 2013 ACP 13:2793-2825, Table 5, row IRF_CO2; fitted by data/build/b5_pollution_block.py",derived
,notipping_margin_at_rho_0.015,-0.15008375,per year,"Joos et al. 2013 ACP 13:2793-2825, Table 5, row IRF_CO2; fitted by data/build/b5_pollution_block.py",derived
,notipping_holds_at_rho_0.015,0,indicator,"Joos et al. 2013 ACP 13:2793-2825, Table 5, row IRF_CO2; fitted by data/build/b5_pollution_block.py",derived
,theta0_max_under_notipping_at_rho_0.015,0.065030268,per year,"Joos et al. 2013 ACP 13:2793-2825, Table 5, row IRF_CO2; fitted by data/build/b5_pollution_block.py",derived
,P_latest_model_with_fitted_theta,1483.16179,GtCO2,"Joos et al. 2013 ACP 13:2793-2825, Table 5, row IRF_CO2; fitted by data/build/b5_pollution_block.py",derived
,P_latest_irf_excess_stock,1080.73831,GtCO2,"Joos et al. 2013 ACP 13:2793-2825, Table 5, row IRF_CO2",derived
,theta_constant_driven_to_irf_stock,0.0181633121,per year,"Joos et al. 2013 ACP 13:2793-2825, Table 5, row IRF_CO2; fitted by data/build/b5_pollution_block.py",fitted_driven
,P_latest_model_driven_theta,1080.73831,GtCO2,"Joos et al. 2013 ACP 13:2793-2825, Table 5, row IRF_CO2; fitted by data/build/b5_pollution_block.py",derived
,P0_1900_model_driven_theta,30.6981414,GtCO2,"Joos et al. 2013 ACP 13:2793-2825, Table 5, row IRF_CO2; fitted by data/build/b5_pollution_block.py",derived
,damage_pi2,0.00344444444,fraction of gross output per degC^2,"Barrage and Nordhaus 2024 PNAS 121(13) e2312030121, Section 3.3",derived
,damage_tcre_best,0.00045,degC per GtCO2,"IPCC AR6 WGI Chapter 5, Section 5.5.1.4 (likely-range best estimate)",published
,damage_tcre_low,0.00027,degC per GtCO2,"IPCC AR6 WGI Chapter 5, Section 5.5.1.4 (likely-range best estimate)",published
,damage_tcre_high,0.00063,degC per GtCO2,"IPCC AR6 WGI Chapter 5, Section 5.5.1.4 (likely-range best estimate)",published
,fossil_share_of_cumulative_co2,0.641025641,fraction,"Friedlingstein et al. 2026 ESSD 18:3211-3288 (Global Carbon Budget 2025), Table 8 and Section 3.9.1",published
,implied_temperature_at_latest_fossil_cumulative_tcre_best,0.832105736,degC,"IPCC AR6 WGI Chapter 5, Section 5.5.1.4 (likely-range best estimate)",derived
,kappa_reference_stock_at_latest_cumulative_fossil_co2,1849.12386,GtCO2,"Barrage and Nordhaus 2024 PNAS 121(13) e2312030121, Section 3.3 with IPCC AR6 WGI Chapter 5, Section 5.5.1.4 (likely-range best estimate); arithmetic in this script",proposal_phaseC
,kappa_level_at_latest_cumulative_fossil_co2_tcre_best,1.29130434e-06,per GtCO2,"Barrage and Nordhaus 2024 PNAS 121(13) e2312030121, Section 3.3 with IPCC AR6 WGI Chapter 5, Section 5.5.1.4 (likely-range best estimate); arithmetic in this script",proposal_phaseC
,kappa_marginal_at_latest_cumulative_fossil_co2_tcre_best,2.58569449e-06,per GtCO2,"Barrage and Nordhaus 2024 PNAS 121(13) e2312030121, Section 3.3 with IPCC AR6 WGI Chapter 5, Section 5.5.1.4 (likely-range best estimate); arithmetic in this script",proposal_phaseC
,damage_output_loss_at_latest_cumulative_fossil_co2_tcre_best,0.00238493318,fraction of gross output,"Barrage and Nordhaus 2024 PNAS 121(13) e2312030121, Section 3.3 with IPCC AR6 WGI Chapter 5, Section 5.5.1.4 (likely-range best estimate); arithmetic in this script",derived
,kappa_level_at_latest_cumulative_fossil_co2_tcre_low,4.64514439e-07,per GtCO2,"Barrage and Nordhaus 2024 PNAS 121(13) e2312030121, Section 3.3 with IPCC AR6 WGI Chapter 5, Section 5.5.1.4 (likely-range best estimate); arithmetic in this script",proposal_phaseC
,kappa_marginal_at_latest_cumulative_fossil_co2_tcre_low,9.29427985e-07,per GtCO2,"Barrage and Nordhaus 2024 PNAS 121(13) e2312030121, Section 3.3 with IPCC AR6 WGI Chapter 5, Section 5.5.1.4 (likely-range best estimate); arithmetic in this script",proposal_phaseC
,damage_output_loss_at_latest_cumulative_fossil_co2_tcre_low,0.000858575945,fraction of gross output,"Barrage and Nordhaus 2024 PNAS 121(13) e2312030121, Section 3.3 with IPCC AR6 WGI Chapter 5, Section 5.5.1.4 (likely-range best estimate); arithmetic in this script",derived
,kappa_level_at_latest_cumulative_fossil_co2_tcre_high,2.53386408e-06,per GtCO2,"Barrage and Nordhaus 2024 PNAS 121(13) e2312030121, Section 3.3 with IPCC AR6 WGI Chapter 5, Section 5.5.1.4 (likely-range best estimate); arithmetic in this script",proposal_phaseC
,kappa_marginal_at_latest_cumulative_fossil_co2_tcre_high,5.07961897e-06,per GtCO2,"Barrage and Nordhaus 2024 PNAS 121(13) e2312030121, Section 3.3 with IPCC AR6 WGI Chapter 5, Section 5.5.1.4 (likely-range best estimate); arithmetic in this script",proposal_phaseC
,damage_output_loss_at_latest_cumulative_fossil_co2_tcre_high,0.00467446903,fraction of gross output,"Barrage and Nordhaus 2024 PNAS 121(13) e2312030121, Section 3.3 with IPCC AR6 WGI Chapter 5, Section 5.5.1.4 (likely-range best estimate); arithmetic in this script",derived
,kappa_reference_stock_at_3degC_under_best_tcre,6666.66667,GtCO2,"Barrage and Nordhaus 2024 PNAS 121(13) e2312030121, Section 3.3 with IPCC AR6 WGI Chapter 5, Section 5.5.1.4 (likely-range best estimate); arithmetic in this script",proposal_phaseC
,kappa_level_at_3degC_under_best_tcre_tcre_best,4.72360006e-06,per GtCO2,"Barrage and Nordhaus 2024 PNAS 121(13) e2312030121, Section 3.3 with IPCC AR6 WGI Chapter 5, Section 5.5.1.4 (likely-range best estimate); arithmetic in this script",proposal_phaseC
,kappa_marginal_at_3degC_under_best_tcre_tcre_best,9.59752321e-06,per GtCO2,"Barrage and Nordhaus 2024 PNAS 121(13) e2312030121, Section 3.3 with IPCC AR6 WGI Chapter 5, Section 5.5.1.4 (likely-range best estimate); arithmetic in this script",proposal_phaseC
,damage_output_loss_at_3degC_under_best_tcre_tcre_best,0.031,fraction of gross output,"Barrage and Nordhaus 2024 PNAS 121(13) e2312030121, Section 3.3 with IPCC AR6 WGI Chapter 5, Section 5.5.1.4 (likely-range best estimate); arithmetic in this script",derived
,kappa_level_at_3degC_under_best_tcre_tcre_low,1.683411e-06,per GtCO2,"Barrage and Nordhaus 2024 PNAS 121(13) e2312030121, Section 3.3 with IPCC AR6 WGI Chapter 5, Section 5.5.1.4 (likely-range best estimate); arithmetic in this script",proposal_phaseC
,kappa_marginal_at_3degC_under_best_tcre_tcre_low,3.38578536e-06,per GtCO2,"Barrage and Nordhaus 2024 PNAS 121(13) e2312030121, Section 3.3 with IPCC AR6 WGI Chapter 5, Section 5.5.1.4 (likely-range best estimate); arithmetic in this script",proposal_phaseC
,damage_output_loss_at_3degC_under_best_tcre_tcre_low,0.01116,fraction of gross output,"Barrage and Nordhaus 2024 PNAS 121(13) e2312030121, Section 3.3 with IPCC AR6 WGI Chapter 5, Section 5.5.1.4 (likely-range best estimate); arithmetic in this script",derived
,kappa_level_at_3degC_under_best_tcre_tcre_high,9.40263619e-06,per GtCO2,"Barrage and Nordhaus 2024 PNAS 121(13) e2312030121, Section 3.3 with IPCC AR6 WGI Chapter 5, Section 5.5.1.4 (likely-range best estimate); arithmetic in this script",proposal_phaseC
,kappa_marginal_at_3degC_under_best_tcre_tcre_high,1.94071802e-05,per GtCO2,"Barrage and Nordhaus 2024 PNAS 121(13) e2312030121, Section 3.3 with IPCC AR6 WGI Chapter 5, Section 5.5.1.4 (likely-range best estimate); arithmetic in this script",proposal_phaseC
,damage_output_loss_at_3degC_under_best_tcre_tcre_high,0.0607599999,fraction of gross output,"Barrage and Nordhaus 2024 PNAS 121(13) e2312030121, Section 3.3 with IPCC AR6 WGI Chapter 5, Section 5.5.1.4 (likely-range best estimate); arithmetic in this script",derived
,psi_v,0,utility per GtCO2^(1+varphi),"Barrage and Nordhaus 2024 PNAS 121(13) e2312030121, Section 3.3",set_by_source
,varphi,,exponent,"Barrage and Nordhaus 2024 PNAS 121(13) e2312030121, Section 3.3",undefined_when_psi_zero
